synapse_id,pre_segment_id,post_segment_id,cleft_score,size_vx
26843,501999,500475,203,341
23712,501691,500838,136,275
4922,501326,501145,98,617
10435,501808,500192,142,425
29685,501596,500045,30,85
11091,501492,501781,113,832
14200,501060,500687,109,150
15828,500724,501572,55,172
12635,501862,500808,102,395
24071,500481,500564,100,468
24546,500817,501643,152,310
25062,500788,501204,159,486
21726,500969,501099,139,653
15858,500737,501997,158,282
3150,501513,500356,160,565
15537,501189,500746,146,151
11177,501176,500714,142,383
1701,501075,501400,153,291
24710,500217,500119,196,977
11962,500998,500646,191,407
7928,501418,501970,117,536
18398,501033,500449,75,60
20150,500338,501271,125,309
10386,501010,501464,117,372
5053,501689,500006,126,448
9137,500959,501491,12,181
14923,500912,500420,41,131
26401,501653,501997,41,117
8624,500284,501965,175,225
18306,501989,501093,84,808
16579,500878,501170,93,465
8417,500396,500646,63,33
29252,501036,500655,166,187
21179,501363,500065,166,299
26867,501465,500912,123,161
13808,501406,500561,104,76
19559,500248,500218,122,110
5391,501178,501631,169,286
2736,501803,501320,9,65
7522,501217,500987,29,141
13171,500847,500565,108,234
26852,501016,500593,200,819
16168,500304,501520,121,569
11803,500473,501034,99,181
29869,500308,500846,120,487
402,501519,500586,135,567
18753,501464,501868,142,446
17593,500049,501756,153,280
4463,500980,501533,184,430
8449,501041,501713,135,295
23141,501120,500006,95,438
9539,904059,500226,40,124
26182,500765,501639,6,198
20548,501268,500007,29,250
21818,500900,500312,144,539
8340,500701,501645,119,903
2654,500724,501183,45,149
7660,501025,501141,138,248
1028,500215,500008,102,214
13098,501737,500522,157,465
8811,500613,501160,68,280
557,501068,500457,98,687
22267,500575,500461,25,93
21742,501590,501731,50,112
24686,500718,501710,56,121
2812,501759,501965,181,971
19493,500986,501684,90,340
7597,500261,500783,53,86
28805,501705,500273,70,105
18255,501731,501041,162,164
20792,501072,501973,169,1065
20291,501600,501404,203,179
4874,500128,500203,44,120
7041,500847,501515,182,379
17357,500981,500255,42,373
5431,501808,501662,108,519
26301,501573,500410,115,308
25875,501892,500127,106,564
22115,501572,501564,148,331
3852,501134,501636,193,411
11265,501852,501695,50,186
521,500025,500021,139,546
11098,500028,500926,114,169
2417,501107,500950,147,737
1676,501567,501169,148,521
784,501236,500611,138,975
6666,500021,501743,44,88
10236,500468,501607,174,497
5429,501112,500419,50,476
2452,501333,500169,32,163
10714,500356,501133,193,439
27809,500622,500996,148,297
3601,500842,500063,125,366
18013,501179,501251,169,630
20854,500192,500071,58,113
28545,501859,501853,155,446
339,500675,500556,134,492
18623,501341,500628,203,412
12109,501759,500747,117,326
15538,501572,500330,98,754
12931,501894,501948,6,104
26083,500446,500189,112,398
19147,500324,501063,11,69
13554,500079,501497,168,300
21859,500473,500013,152,793
9241,500385,501412,148,354
7012,900270,500882,175,628
24687,500572,501321,24,62
23677,501991,500363,174,499
13990,500607,501630,121,341
16749,500395,501563,134,517
2865,501731,501996,111,379
14315,500571,501520,81,499
28186,501752,501582,167,387
7856,501007,500621,143,720
26365,500777,501545,121,348
3159,500394,501737,33,106
13654,501307,500658,100,344
12441,500462,500710,74,109
2381,501583,500533,149,379
25856,500718,500624,169,374
14465,500958,501208,52,115
17807,501217,500056,152,392
27167,500530,501736,151,255
18189,501696,500735,182,365
12408,500252,500790,117,548
15446,902313,500510,142,212
19575,500659,501194,141,222
12258,500991,501309,27,82
26835,500302,501684,147,380
14114,501381,500471,107,602
4694,501314,500473,135,441
13609,500077,501509,126,399
12249,501134,500343,129,357
10450,501355,501382,155,322
11737,500008,500608,158,412
17577,500533,501232,134,356
22694,500093,501271,154,550
10019,500759,500712,146,361
20986,500374,501431,19,259
9203,501007,501272,107,552
3577,500752,500137,38,97
9367,501780,501072,130,687
22916,501818,501473,91,275
10033,500968,500399,165,262
21208,500512,500786,130,393
23470,500669,501251,118,308
6414,500736,501165,27,130
21514,500026,500287,149,383
4562,501916,500570,102,670
16115,501695,501870,197,832
12174,501045,500392,130,260
11346,500781,500075,17,135
25652,501394,501189,145,526
7031,501120,500978,143,504
9787,500070,501511,137,491
11544,501551,500957,137,341
12569,500987,501787,164,198
7997,501272,501768,170,287
25349,500678,501103,123,341
11444,500215,500706,155,486
23638,501998,501676,135,634
3142,501445,500143,147,335
21389,501741,500090,87,478
10359,501625,500784,99,455
2580,501083,500955,27,74
24795,501629,501825,33,124
7513,500904,500034,107,289
29569,500241,500081,126,124
28084,501299,501094,143,443
13953,500365,500857,37,123
20704,501082,500965,73,241
25454,501756,500638,185,347
16699,501522,500068,138,351
18437,500782,501943,141,305
3777,500178,500021,140,289
6934,501867,500421,78,64
18421,501662,500795,105,342
1867,501584,501499,104,484
19809,500653,500086,136,287
949,501615,501263,165,567
28178,501017,501734,159,272
2163,500460,500295,143,353
22398,501526,501616,43,72
27299,500104,500415,147,602
9192,501580,500854,5,146
8686,500128,501694,83,440
11468,500657,500239,144,262
24597,501406,500045,132,391
1876,500935,500447,185,627
6244,500681,500049,174,876
15954,500718,501274,44,260
16995,500716,501268,131,456
29166,500260,500405,38,168
3670,500734,500624,139,566
12666,501868,500676,180,609
11264,501240,501571,9,389
18574,500998,501406,31,178
24282,501859,501890,138,350
23988,500669,501007,180,226
24308,500884,500115,182,358
1376,500300,501304,162,344
7357,500556,500524,176,981
28911,500902,501788,39,172
24231,501999,501326,126,551
26229,501068,500651,176,178
8585,501367,501981,173,546
17227,500473,500754,98,186
26702,904495,500833,124,632
25723,500880,501099,163,581
3019,500672,500685,140,354
19035,500159,501176,67,596
256,500489,501350,180,536
652,501300,500528,53,708
12986,500642,500441,105,662
26234,500294,501631,158,651
8596,501884,501616,184,230
15836,501190,500720,33,79
4499,500006,500730,149,172
13017,501351,501355,46,173
27786,501152,501324,123,358
17329,501944,501495,158,577
1489,500657,500166,158,206
15267,501204,501431,30,187
25792,500586,500264,182,250
17442,500726,501063,118,255
23378,500944,500202,133,245
29084,501713,500657,43,83
3658,500101,501238,155,497
20528,501869,500567,118,610
18689,500583,501606,199,1076
5996,501206,501598,152,315
19724,500612,501781,2,125
12917,501155,501018,52,101
18536,501143,500681,114,569
24349,500172,501697,31,223
13188,501625,500520,83,399
25332,501704,501314,186,350
25608,501036,501173,144,722
10917,501389,501673,54,177
13328,501016,501016,125,931
11793,501817,501880,185,283
6997,501992,500919,172,713
7185,500197,501261,126,354
12496,501960,500405,171,603
28851,500057,501446,28,91
19531,500368,501639,95,907
21047,500518,501349,144,224
23359,501207,500201,169,469
13965,501980,500723,141,254
15726,501461,501452,157,767
4915,501764,500248,113,356
8372,500622,501704,80,256
14674,501744,500910,159,191
12800,501287,501228,172,365
22010,501170,500481,118,304
12216,501834,501859,114,191
26704,500878,501331,149,756
11794,501663,500705,70,408
27075,501492,501189,190,231
7232,501535,500991,116,781
17142,501815,500696,71,294
16069,501412,500622,151,1009
25380,500711,500050,119,696
26894,501050,501926,135,569
17505,501998,500776,198,271
25273,501087,501195,57,594
9146,500468,501772,131,148
21999,500189,500453,8,88
13028,501131,501432,138,196
17166,500908,501505,90,229
715,500484,500667,134,634
1415,501919,500191,121,461
17205,501736,500200,131,232
25847,501740,500064,128,661
12674,501862,501916,151,532
8839,501012,500726,127,528
1889,501905,500690,145,394
12945,501499,501765,156,532
19053,501682,501918,40,97
10283,501772,501050,169,269
6403,500176,501525,152,463
13351,501995,500008,145,291
9062,501828,500026,74,433
5868,501916,500131,130,261
13811,500681,500441,102,961
26790,501236,500501,213,230
18846,501546,500707,26,57
2572,501467,501022,82,423
2807,501489,500386,149,285
10627,500669,501176,100,247
1938,501456,500954,168,356
1721,500680,501751,70,243
12420,500965,500087,145,412
16651,501880,500261,168,208
15181,501831,500936,177,513
1655,500902,501227,137,391
18303,501872,500870,146,933
13059,500675,501676,190,638
22552,500608,500267,97,249
7821,500493,501951,118,521
9744,500799,500312,32,172
14953,501942,501412,177,476
20468,500207,501144,107,474
29835,501553,500444,123,255
21796,501561,501617,141,314
23844,501181,500439,59,226
17078,500479,500777,143,314
8852,501333,501171,169,553
17950,500971,500401,150,371
6133,501657,500657,87,468
6310,500587,500987,183,834
11452,500597,501598,121,451
13724,501233,501861,150,280
17121,500232,501382,173,465
18665,500876,500675,144,245
28423,500451,501470,100,181
12780,501006,501495,78,746
24148,501741,500697,196,247
9112,501814,501367,125,414
4413,500702,500386,145,257
14260,501228,500821,160,702
16571,500825,501286,52,216
1141,500035,500106,52,165
7634,500331,501785,189,489
25198,501883,500021,95,1150
9189,500488,500641,18,195
12231,500994,500091,173,910
1332,501302,500370,170,294
22720,500979,500897,91,469
4060,500361,501580,138,397
14526,500489,500101,201,302
3860,501711,500546,208,392
9337,500373,500057,166,391
17470,500735,501749,146,465
2868,501705,501623,66,175
19969,501135,500782,194,277
16686,500698,501693,126,207
12475,501611,500087,27,95
13587,501208,501781,138,500
2056,501275,501413,92,473
28655,500500,500870,46,206
11613,500316,500262,134,251
9542,501941,500884,151,196
4459,500633,501784,85,724
19013,501036,500344,175,617
23565,500645,501115,141,149
12670,500972,501357,215,651
20388,501583,500655,125,459
5902,500697,501955,138,325
15558,501414,501407,106,529
2540,501505,501155,41,107
25650,500639,500446,95,488
25097,501079,501013,57,37
5835,500116,501890,185,389
18470,500547,501040,126,584
28757,501652,501826,135,232
10562,500432,500712,34,119
14702,500633,501217,191,258
6992,501999,501389,31,69
19371,500743,501217,153,119
4643,501169,501479,126,140
8122,501057,500449,29,72
14892,501572,501166,135,322
25095,501743,500415,181,281
10442,500991,501703,99,222
726,501668,501107,126,545
26745,501966,500115,170,356
3804,500063,500593,97,1068
13165,501395,500423,34,100
3698,500091,501376,162,181
16423,500802,501909,1,56
29170,500704,500279,159,519
21869,501605,501039,150,223
12357,501996,501491,152,490
17001,501526,500508,17,148
29939,501045,501713,88,490
17913,500885,500687,141,827
13810,500919,501224,110,162
17480,501456,500830,140,546
18945,501899,500114,154,781
22935,500679,500088,159,184
6878,501203,500045,119,281
11939,501996,500636,123,356
1526,501605,500422,95,307
11366,501072,501532,148,288
3482,501073,501889,174,352
9531,501122,500915,137,496
4281,501456,501438,140,880
28612,501443,500077,139,565
3,501764,501865,163,493
13795,501335,500065,137,1088
24035,501868,501376,125,1016
18077,501212,500782,190,269
18438,500597,501564,157,204
2977,500561,501638,114,599
19167,500767,501960,191,206
12879,501438,500864,30,69
25244,501656,500506,103,420
21240,500158,501716,144,229
89,501888,501063,139,295
28631,500476,500491,85,404
18498,500285,501365,48,173
27687,500383,501878,129,659
5888,501145,500680,108,218
19548,500338,500045,149,207
14291,500675,501700,142,709
21740,500782,500669,38,97
2902,501207,501103,138,675
4501,501620,500345,73,240
27510,500018,500464,153,516
25879,501213,500069,28,53
5838,500685,500433,153,982
18120,500321,500449,150,419
19352,500465,500207,193,391
23514,500333,501463,98,816
2408,500776,501861,151,252
23961,500193,500749,226,355
1664,501942,500639,126,666
25685,500587,500824,156,491
9303,501721,500447,94,269
23258,501996,501655,87,424
11184,501054,501204,175,532
25665,501251,500258,112,291
22980,501015,501432,145,593
11679,500807,501562,52,57
18870,500907,501291,183,359
22539,500092,500883,36,317
13304,501796,500254,25,183
24272,501214,501686,200,1259
17207,500640,500345,30,57
19913,501138,501996,36,169
1156,501379,500144,112,208
657,500217,501497,51,148
27896,500683,500041,196,346
19822,501251,501753,115,412
5461,500427,500926,161,514
7662,500361,500063,132,367
8492,501816,501079,52,272
2083,501551,500714,125,313
28120,500619,501184,197,326
12662,501479,501588,177,550
3419,501171,500344,212,393
29614,501133,500578,111,146
20339,501941,500346,73,175
7876,501058,501844,92,530
26832,500501,501142,34,56
29975,500611,500453,191,571
1215,500339,501891,42,116
18261,501031,500070,154,568
990,501251,500567,171,661
22365,501314,500395,119,210
27760,501228,501234,42,72
375,500272,500870,135,222
28783,500436,501505,169,714
8248,501537,501332,150,590
7104,500785,500547,153,325
4320,500460,500890,126,637
11599,500657,501403,127,597
12912,501931,501228,182,163
8363,500468,500308,154,2210
7458,500832,501924,196,441
16117,500167,501034,105,382
966,501367,500049,131,494
15378,501257,500662,35,69
13397,501837,500691,75,163
16235,500159,500239,166,265
10823,500308,501266,164,694
10608,501052,500258,92,896
14122,500296,500705,135,284
24190,500950,501436,119,348
26227,501170,500177,21,88
9216,500622,501707,137,306
19683,501345,501780,152,201
17801,500670,501704,147,526
23505,500578,501148,129,256
22308,500156,501493,57,105
26973,500830,500791,31,127
13347,501237,501768,84,669
13454,500183,501091,130,274
18542,500513,501571,140,165
16472,501203,500094,37,69
17694,500184,500567,158,483
13528,500889,500096,69,105
12888,500879,501629,23,97
1830,500685,501219,103,131
28836,501992,500180,123,285
27227,500572,500190,194,125
4661,500520,500498,159,347
11591,501482,500176,91,519
20596,501711,500114,142,221
18592,501178,500322,178,326
9699,501713,501320,111,918
20445,500583,501723,160,707
27206,500314,501259,87,586
2502,501438,501418,172,688
1386,500779,501338,155,124
24347,501315,501272,126,365
13453,501282,500403,88,292
29792,501899,500923,137,485
7927,500782,501744,118,435
16038,501675,501970,202,437
3088,501011,501282,197,265
9510,500711,501410,206,197
19898,501890,501025,39,153
2126,500687,501340,101,135
11604,500819,501345,117,647
21182,501382,500670,136,303
12720,501992,500954,199,128
5943,501069,501034,142,499
17778,500687,500580,191,430
5698,501866,501212,109,429
15910,500134,500517,139,353
3318,501375,501814,144,411
28242,501587,500813,157,230
14237,501275,500068,153,432
28957,500925,501810,178,548
23336,501198,501195,102,799
28021,500779,501729,161,291
14918,501131,501345,187,706
15937,500241,501573,155,640
11360,901199,500919,45,100
6907,501945,500188,181,538
25330,500004,500911,31,112
27087,501684,501581,154,861
23440,501020,501325,99,298
12297,500697,500116,180,353
6115,500382,501356,158,522
7601,501372,500145,175,473
10262,501547,501753,146,465
23257,501964,500529,153,711
2498,501499,500001,146,305
14607,501860,500779,155,291
25173,500981,501839,140,352
5708,501282,501970,98,150
23519,501630,501222,103,477
3657,501025,500651,94,519
2585,501302,501465,129,266
14365,500986,500610,169,885
6856,501601,500706,83,990
12848,500464,500502,173,269
28425,500867,501240,155,346
12590,500792,501704,138,210
27439,501103,500848,162,176
16485,500970,500970,0,101
26719,500185,500797,131,307
22652,500314,500657,165,290
25573,501843,501159,109,229
23347,501584,501414,172,629
2781,500459,501681,139,491
14268,501830,501668,138,758
8250,500026,501504,185,596
1434,500765,500076,105,300
587,501180,501687,144,509
17297,501413,500149,120,376
22221,500087,500739,171,521
19458,500101,501092,144,434
9197,500637,500096,29,56
14035,501967,500028,115,257
1228,501574,500498,133,108
21254,501729,501197,161,287
6622,501261,501706,168,388
16553,500435,500104,61,365
4977,501406,501751,116,325
17998,501917,500971,169,523
10859,500631,501721,34,112
350,500847,500381,211,533
22640,501222,500770,147,1257
20878,500149,500193,128,329
24437,500079,501969,120,279
28004,500843,501670,40,143
29651,501677,501917,162,442
26755,500210,500746,138,310
7563,500217,500253,146,448
4431,500717,501028,58,138
18721,500192,501168,58,539
19118,501235,501628,146,184
23274,500711,500193,215,536
19795,500965,501362,151,868
9943,501125,502000,180,784
29010,501180,500257,127,320
177,500884,500729,5,233
13456,500726,500938,172,675
2884,501287,501144,139,476
4967,500606,500877,160,623
837,500785,501113,106,587
25611,500258,501951,129,188
25197,500003,501523,135,692
21174,500370,500376,119,376
10472,501756,500774,128,333
16748,500119,501288,134,490
13735,500143,500505,72,662
21016,500661,501951,184,570
7929,500819,501403,142,464
25909,501193,500896,187,1158
11857,500497,501965,124,274
10488,501006,501233,111,392
25974,501780,501694,139,253
27383,500133,501327,11,83
24900,500812,501640,150,1037
7506,500555,501675,1,159
23129,500241,501919,169,158
18027,501814,500962,125,1237
186,501308,501473,35,96
5261,501161,501533,197,461
20729,500621,500339,109,299
2081,501208,501059,45,195
22084,500523,501847,14,167
12561,501998,500298,193,288
10798,501336,500930,154,595
25910,900339,501652,135,314
825,501341,500528,138,525
823,501370,500988,59,399
5054,501598,500759,138,366
18365,501290,501213,153,596
26983,501473,500792,165,187
12285,501931,501384,78,852
18047,500774,501190,113,354
2537,500762,501039,121,385
16954,501837,501980,113,834
8880,500658,501889,117,482
15399,500087,501533,36,267
17262,500522,501700,164,530
22901,500061,501011,69,457
19390,501358,500275,8,124
27698,501627,500934,87,356
4221,501089,501666,38,131
13918,500533,501846,57,164
24992,501093,500064,147,391
7251,501750,501237,169,314
29851,500978,500506,141,327
28719,501645,501425,100,373
13370,500462,500472,98,269
5886,501045,500502,95,533
18433,500133,500570,37,113
4550,500749,500473,181,587
14688,501600,501398,109,533
577,501946,501700,121,364
24582,501843,501103,104,216
22384,501028,500696,161,326
27465,501448,500795,163,113
9730,501080,500722,90,168
11053,501320,501076,124,558
7609,500249,501430,216,544
14203,500639,500953,110,652
2574,500181,500734,96,613
329,501157,500654,121,691
23962,500721,501825,187,280
9837,500304,500491,165,507
20881,501044,501043,35,105
12025,500149,501743,103,526
14107,501271,501764,142,669
17253,500732,501816,98,384
11573,501436,501893,11,51
19827,501517,501074,37,125
28050,501869,501761,183,155
12589,500295,501285,104,306
18614,500915,500149,160,356
399,501907,500721,123,422
7787,500300,500678,94,384
16528,501704,501550,169,236
23307,501925,501106,169,369
11527,500607,501511,125,174
23690,500484,500605,132,180
27301,501611,501418,114,297
7224,500913,500885,22,88
3461,501507,500117,110,343
23092,501159,501725,142,428
2020,501440,501020,149,794
6664,500540,501263,115,166
27431,501993,501259,117,478
9402,501888,500655,173,670
5320,500185,501489,170,492
20485,501890,500333,187,283
23759,500977,501835,34,89
20914,500426,500230,0,267
655,500435,500814,113,288
6667,500930,500970,150,853
2665,501745,500952,154,671
26264,501668,501390,140,732
8722,501905,500207,129,203
4985,500503,501830,132,542
7035,501944,500593,173,667
26670,501912,500910,99,460
15659,501998,500845,163,289
21164,500502,500201,196,463
3369,501781,501925,104,262
11866,501468,500848,137,693
22907,500572,500650,106,203
29049,500228,500804,157,521
3115,501536,500927,121,247
3975,501046,501777,120,808
10138,500857,501587,92,432
23773,500322,500241,167,531
18272,501206,500471,102,232
8520,501109,500371,188,592
17926,501658,501223,6,75
22345,501132,501705,29,58
21177,501692,501285,31,143
12454,501474,501473,97,70
8346,500206,500019,167,309
16801,500029,501201,122,254
22925,500558,501964,20,126
16021,501324,500324,150,596
5451,501441,500479,114,430
4523,501645,501266,181,482
11122,500854,500204,118,346
23739,501127,501171,143,362
19240,501158,501170,130,623
29099,500627,501924,141,303
21435,500265,500584,104,461
8280,501221,500259,129,371
2110,501554,501928,49,76
21273,501764,501739,115,304
21067,500387,501775,73,110
6604,500018,501526,129,474
13005,500123,500464,137,301
16446,501892,500750,0,153
4276,501568,500159,68,464
24967,500293,500804,116,478
11734,501214,500758,187,699
3940,500697,501575,33,58
19628,903020,500210,133,333
16983,500139,501723,40,95
23197,501410,500931,117,459
8083,500303,501082,59,59
6793,500716,501806,120,242
5161,501304,500943,181,631
26235,501034,500496,176,1646
23183,501667,500119,151,900
6417,500804,501082,107,556
21295,500355,501458,25,197
20857,500930,501868,230,666
27765,501028,500487,161,368
8067,501282,500968,118,975
25073,501376,501376,102,244
20631,501162,501127,134,440
1277,501096,501678,173,384
21264,501725,500427,82,188
1925,500008,500433,131,123
16344,500312,500176,120,369
309,500931,500892,43,103
19343,500942,500005,165,623
16685,500553,501397,114,399
25542,501946,501765,183,639
3686,501382,501051,154,796
29147,500056,500036,117,501
19299,501443,500132,41,143
3529,500484,500653,138,963
29878,500399,500063,193,373
6271,501981,501215,170,280
19050,501934,501400,138,397
25711,500797,501668,127,424
19265,501814,501767,199,337
17199,501191,500842,102,303
21441,501308,500100,253,599
3627,501032,501946,144,306
25304,500238,501859,175,334
27472,500211,501398,160,312
2422,501135,500883,14,55
13606,500898,501051,133,593
26140,500342,501215,136,94
2539,500619,500043,54,352
19119,501303,500705,121,746
7321,501063,500233,73,186
10470,501582,501723,116,596
10166,501075,500478,102,142
11912,501168,501338,87,882
27147,501285,501645,148,341
5730,500370,501631,128,305
15136,500990,500232,223,397
19699,501691,501691,29,127
23313,501237,500022,170,307
21593,500127,501798,146,307
6087,501403,501466,114,332
13321,501553,500610,130,125
27654,500236,501885,40,96
12522,500094,500914,80,517
1287,501325,501125,152,685
10822,500892,500943,24,74
3392,500343,500487,147,202
22739,501517,500960,166,198
16213,500739,500105,131,361
26737,500051,501158,84,1210
17805,500978,501652,221,486
6586,501509,501202,135,648
14156,500647,501134,136,603
27453,900690,501142,139,92
13705,500885,500087,198,407
27850,500181,500908,120,135
10272,500189,501384,92,520
15653,500608,500601,118,869
22220,501505,500494,54,112
2867,500978,501750,102,283
605,501399,501428,94,384
17928,500720,500813,125,427
29112,500800,500442,158,657
23144,501147,501155,36,508
27169,500806,501526,103,565
18922,500318,501290,14,110
17152,500581,500314,32,192
29716,500190,501093,110,546
8716,500109,500503,175,389
2415,500720,501436,216,558
29162,501440,501006,195,219
27952,501592,501622,122,173
6428,501198,501683,115,68
11963,501884,501375,116,253
9068,500986,501847,110,423
8202,500180,501417,6,108
25498,501707,501819,65,114
16978,500346,500138,91,700
22966,501815,501486,152,430
5443,500212,500487,97,666
29563,501792,501892,198,614
26477,903664,500512,44,92
2011,500559,500995,85,487
29081,500417,501158,39,74
7149,500687,500710,135,402
19353,500119,500516,132,263
23441,500627,500895,110,657
29922,500280,500816,122,431
2285,501287,500405,220,639
27939,501122,501563,119,403
12909,501952,500685,172,359
4516,500747,501625,190,484
25316,501736,500009,136,377
19317,501127,500816,128,154
25731,501606,500629,161,280
19363,501727,500387,129,355
19976,501938,500625,156,471
23438,501825,500068,115,817
902,501507,501152,166,316
10892,501768,501645,170,322
20492,501577,501144,198,311
3607,501364,501233,166,475
26782,500979,500943,131,387
8108,500022,501587,132,280
8130,501768,501443,135,354
4652,500989,500987,172,324
18906,500023,501755,113,637
1878,902688,500138,128,699
8412,501568,501948,115,449
17394,501986,500201,100,299
11363,501529,500647,9,159
28180,501173,501426,109,659
23086,501139,501712,150,309
28484,501968,500294,186,475
5500,500495,500844,115,545
2149,501462,500040,40,263
18336,500879,500495,52,124
2835,500472,500897,180,293
9554,500797,500986,121,427
924,501925,500911,159,356
25131,501839,500022,192,389
16104,501414,501084,121,258
7437,501393,501041,179,483
14965,500266,500922,172,335
16643,500739,501534,119,557
15497,500336,500172,153,506
478,500029,501024,83,394
11450,501113,500531,131,300
19425,500886,500910,104,341
18495,500712,501888,98,478
27046,500119,500489,0,101
20397,501866,501179,95,519
7987,501578,501094,28,102
600,501170,501159,144,566
20233,500714,501663,141,546
2839,500282,501325,163,367
13847,501618,500702,142,744
2853,501400,500248,162,402
19252,500001,500004,183,494
18993,500330,501993,123,278
4354,500081,500651,153,985
24648,501511,501993,203,1014
21337,501869,501094,138,468
1649,501815,501238,129,282
5012,500871,501636,129,318
6704,501105,500813,145,601
21938,500733,500518,152,193
11940,501662,501925,103,636
26195,501952,501679,126,209
14840,501819,501011,204,957
9092,500816,501174,162,467
29054,501929,500468,163,900
21425,500214,501308,54,399
5622,500004,500786,32,103
6530,500079,501130,191,173
10226,501119,501573,89,202
15802,501890,501577,108,657
11233,501703,500178,158,328
19828,500703,500127,12,72
14955,500198,500190,74,341
16586,902369,501607,165,332
2790,501915,501272,36,138
11014,501598,500492,120,519
23805,501080,501796,70,363
1442,501785,501857,96,248
11627,500844,501433,113,763
18537,500678,500197,75,262
3256,500776,501660,135,413
28918,501266,500400,126,251
6154,501080,501998,140,224
9714,501788,500966,154,615
21638,501149,501377,60,166
25836,500261,501618,140,349
12866,500464,500453,102,269
19805,500846,501144,192,328
3487,501300,501762,110,162
16854,501514,500540,58,217
20252,500670,500267,167,449
16059,501864,500173,157,823
22665,500451,501424,178,189
29562,501754,501340,156,291
12760,500071,501127,115,424
16516,500945,501014,17,202
19730,501749,500159,134,322
21892,501817,501870,162,508
1478,500886,501255,255,124
10441,501474,501910,22,100
24052,501214,501713,145,491
8152,500645,500769,164,814
2706,500158,501031,181,602
7509,501180,500386,124,675
21682,501916,500291,115,250
84,500958,500999,49,131
7564,501868,501499,144,273
16886,500904,501128,4,124
28827,501166,501518,133,241
2815,501166,501587,235,431
2463,501354,501496,28,154
12536,500477,501490,35,101
2007,500342,501398,80,279
15200,501606,500139,135,279
23625,501087,500658,154,364
25819,500867,501956,183,178
5991,501173,501743,145,440
26156,500466,501313,131,322
2491,500021,501368,132,373
14888,500272,500022,86,403
12810,501878,501143,180,391
11603,500110,500561,159,284
6529,501311,500179,122,249
9484,500342,500084,161,412
6453,500813,501834,139,145
6504,501800,501011,24,331
26741,501992,500969,119,767
8111,500392,500451,84,316
1331,501112,501919,125,582
18244,501919,500991,128,591
14138,501308,500767,130,763
10611,500557,501416,28,149
9281,501927,501422,31,196
18121,501612,501657,121,416
6134,900369,501513,140,463
29060,500856,500064,26,83
12248,501831,501404,178,608
21631,500529,501773,127,388
11075,500776,501162,131,412
14019,500138,501633,121,259
22094,500041,501592,162,395
7893,501078,500248,89,680
17872,501850,500203,130,753
28134,500002,500159,106,237
28717,500971,501327,186,174
11389,501430,501668,85,594
3587,500764,501894,93,243
19506,501862,500628,134,252
1458,501270,500319,174,545
7199,501162,501943,153,256
10496,500476,501636,95,264
12168,501917,501789,27,94
11345,500180,501227,155,546
15823,501930,500052,47,278
6642,501358,501133,84,635
29831,501014,500797,81,134
14380,500936,501220,139,848
1549,500584,501137,56,95
14658,500907,501817,159,318
17708,501993,500455,137,364
6975,501034,501083,57,144
17340,500968,501525,9,167
17223,501149,501545,148,248
23240,501486,500299,26,215
27545,500922,501103,89,182
9034,500410,500021,89,805
18597,501106,501231,142,678
22486,500847,500764,163,580
16024,500445,500221,69,94
7390,501338,501130,139,364
26954,501901,501777,106,1368
22077,500915,501574,186,393
16661,500745,500099,123,322
330,501760,500373,127,112
3181,901782,501215,118,386
788,500750,500162,167,428
20750,500237,501933,62,161
586,500400,500442,186,251
15245,501998,501466,150,432
8443,501533,501308,170,419
25350,500427,500619,64,284
6610,501964,500491,80,411
24493,500499,500297,0,238
11245,501719,500309,14,89
1546,500734,501819,162,666
18997,501040,501646,128,386
16869,501400,500567,131,706
7726,501179,501177,142,447
8174,500757,501520,155,247
21954,501595,501127,147,593
12935,501814,501691,172,718
19943,500899,501178,97,299
19888,501421,500442,136,336
9359,501492,501626,40,106
8167,500320,501975,30,109
9234,501204,500613,162,826
16139,501430,501270,165,416
20830,501869,501233,70,605
27600,500044,500207,59,109
18765,500696,500934,135,584
23591,501695,501695,174,298
28792,500236,500382,75,487
15627,501592,501615,177,426
13754,500468,501747,177,394
2584,501333,501010,138,224
14940,501506,500909,162,306
9509,500503,501212,164,576
12975,501888,500970,120,263
17317,501293,501351,31,264
11909,501670,500159,167,355
20420,500203,500117,143,260
336,500274,501161,127,178
25306,501905,501275,126,388
60,500281,501677,158,410
16964,501031,501527,208,212
23002,501830,501469,142,585
7411,501976,500277,42,34
18022,501687,501391,86,304
23272,501410,500020,144,266
13996,500966,500870,120,425
16103,501452,501429,124,437
787,501707,500066,137,1190
27957,501929,501627,129,196
5325,500280,500805,140,595
5649,500282,500082,197,661
4755,500731,501873,163,194
524,501810,500091,102,427
3918,501361,500281,199,1945
26278,500628,501968,125,282
13904,500680,501929,158,744
17768,500602,501595,80,50
8866,500280,500733,112,219
4339,500729,500376,125,596
22303,501469,501316,156,323
6829,500742,501610,38,77
21787,500862,501618,102,753
18529,500272,501293,60,98
16425,500506,500076,129,595
29159,501849,501291,3,92
17716,500144,501346,165,1603
23906,500042,501970,144,394
7615,501670,500980,11,193
12148,500923,500200,143,835
19030,501690,501875,61,223
22747,501868,500242,29,101
14440,501173,500095,117,503
15540,501587,501748,142,319
8148,500414,500691,83,240
1285,501757,500447,135,932
29280,500420,500487,121,282
29945,501851,501173,26,140
20993,500222,500342,109,679
5460,500294,500972,94,1317
17175,501550,501267,182,463
77,501249,501486,80,562
27923,500067,501640,95,252
5048,500954,501991,182,369
14098,501197,500696,139,216
8652,500042,500947,128,64
12407,500133,501752,173,1298
25956,501820,501523,184,304
13011,500554,501431,94,474
3507,501748,501470,144,892
2891,500427,501169,42,123
18563,501607,500520,188,355
28133,501293,501162,61,157
19598,500296,500893,109,340
23490,501002,501494,116,502
17774,500228,501507,130,355
27553,500681,501464,174,478
1006,500029,501118,117,569
2607,500479,501302,197,429
17468,500904,500363,112,495
2222,500399,501079,149,204
20687,500210,501571,55,112
25769,501384,500454,168,622
29313,501888,501750,146,256
19400,500376,500463,118,235
14472,501452,501848,159,616
6671,500013,500675,28,109
8659,500470,500544,181,267
7731,500997,500014,12,107
25254,500127,501668,205,449
6135,500099,500629,160,405
26386,501573,501880,115,493
29083,501718,501273,200,427
10848,501293,501640,137,326
1305,500756,501531,118,157
20416,500752,501760,142,230
18347,501695,500512,142,211
3654,500382,500900,156,243
27105,500816,500249,152,200
18309,501177,500639,200,186
28308,500934,501931,124,446
24611,500361,500361,41,93
11538,500105,501426,115,234
27056,500714,501895,150,547
15086,500721,500857,69,533
24262,500581,500519,154,1229
13082,500063,500233,116,524
11247,501950,500479,4,137
8626,500787,501269,155,483
29815,501630,500769,134,654
21705,501550,501960,151,1505
23087,500570,501761,159,424
10629,501090,500776,128,131
14586,501762,500178,159,359
6232,500359,500583,172,456
8371,500609,501553,155,924
23492,500468,501121,30,67
20175,500309,500088,140,491
9875,500737,501945,97,415
563,500018,501891,48,195
28243,501596,500924,142,525
27993,501207,500818,103,497
14632,500190,500088,156,277
24722,500526,501197,119,277
6988,501701,500178,180,424
21677,500274,500576,117,262
28415,500311,500938,173,370
25512,501247,500981,112,369
21396,500039,500636,78,902
21370,500899,500365,124,574
20724,501081,501588,117,346
27769,501675,500470,136,967
23000,500199,500812,127,223
19246,501881,501956,121,741
14524,501212,501212,135,757
3057,500385,500943,135,514
28224,501051,500844,133,546
6130,501536,500354,119,119
14930,501740,501081,183,419
22006,500007,500433,173,245
16431,501421,501694,121,472
6218,500453,501062,153,260
5412,500916,501505,222,300
4873,501563,500333,146,324
27631,500767,500381,53,378
24887,500649,501011,43,94
21918,500100,501387,126,152
18275,500176,501179,71,888
2509,500777,501494,43,387
27459,500108,500559,52,48
17944,501355,501319,155,1193
11819,501336,500124,116,338
22621,501656,501221,146,948
11536,500786,501273,142,544
11805,501105,500900,37,130
17499,500912,501293,136,1472
5470,500846,501681,112,262
4223,500120,501184,14,72
1553,501031,500927,161,364
14119,500196,501215,162,334
3220,500735,500586,158,489
2972,500258,500258,124,266
13564,501334,501895,140,525
11166,500556,501079,151,296
8059,904845,501353,171,604
18771,500210,500057,121,325
13219,501758,501857,148,762
10640,501020,500380,31,195
24198,904588,500824,51,100
21405,500534,501978,19,108
21261,500739,500599,158,451
9953,500903,501082,63,197
26409,500177,501174,112,237
26559,500522,500613,145,495
28807,500939,501577,110,375
16326,500492,501600,165,911
14079,501466,500785,221,677
6631,501274,501291,107,335
16906,500169,501072,46,40
7110,501679,500996,120,1306
18283,501678,500467,126,624
6307,501509,501372,151,226
6656,501687,500319,110,714
17573,501570,501685,159,155
11077,501567,500735,53,533
7491,500696,500013,180,460
11104,500076,500457,64,663
11167,500225,501098,137,683
24855,500942,500370,172,422
25387,501505,501426,188,244
7154,500002,501249,186,671
21490,501291,501868,93,501
29585,501909,500998,135,477
5402,501090,500287,120,246
25497,500282,500605,150,360
22616,501115,501356,165,362
14502,500316,500489,36,88
15038,501957,500832,39,99
29123,501299,500842,157,513
24222,500051,500498,141,331
937,500614,501664,12,206
9413,501128,500764,117,347
16868,501541,501660,175,812
1850,501249,501266,109,533
28691,501000,501690,98,268
4783,501636,500678,171,638
29985,500619,500326,126,317
15403,500460,501120,151,609
9848,500149,501784,116,77
17322,501582,501109,51,82
16504,501658,500960,147,434
28384,501816,501995,178,540
4202,500999,501582,145,747
5519,500702,501106,141,248
29689,501525,500184,150,619
13643,500320,500799,75,234
18158,501547,501967,109,260
9162,500050,501055,122,212
9751,501222,501864,169,332
16676,501090,501658,197,1458
2045,500950,500753,24,185
18179,500572,500954,181,404
11417,500524,501788,124,285
5195,501204,500346,43,154
2971,500877,500565,157,573
6411,500111,500432,159,566
18464,501577,500131,113,175
4343,500478,501162,178,580
26945,501184,501577,170,137
7971,500526,501306,149,326
12757,500374,500095,147,416
18844,500300,501333,170,432
1645,500318,501376,96,1014
28764,500092,501093,42,71
11352,501222,501495,103,218
2453,501932,500222,152,282
27684,500969,500202,113,686
5789,500267,501995,158,272
21864,501109,501666,168,572
11465,500583,500180,149,376
17564,500524,501335,218,531
19395,500687,501700,119,583
10895,500086,501866,132,921
4920,500368,501331,209,362
9704,500556,500378,39,81
11763,500721,500213,82,475
11357,501199,500200,156,578
13022,501928,501232,104,500
7022,501953,501327,135,346
22696,500099,500979,166,537
9053,501817,501158,162,709
15474,901915,500749,136,166
2327,500779,500412,32,54
17904,500017,501340,58,251
4133,501615,500646,112,587
1921,501507,501255,177,564
16392,501537,500912,193,315
26816,500257,500283,11,262
26443,501681,500667,0,138
12422,501814,500392,220,506
8993,501870,500185,193,256
23392,500678,500334,184,240
17449,501847,501052,142,841
14377,500909,501887,129,157
15632,500004,501374,169,722
4345,501899,500273,31,45
575,500818,501541,37,64
2665,501745,500952,154,671
14691,500041,500203,45,240
28345,501408,500444,59,192
12777,501298,501675,18,126
10248,500387,500705,160,368
12485,500547,501532,92,256
27060,500326,501507,30,51
12095,501285,500764,173,225
21641,500797,500346,142,283
21242,500188,501616,103,230
23212,500371,501639,181,412
16396,501634,501789,37,117
24766,500320,500988,130,449
19406,501602,501913,23,67
24998,501948,501976,184,360
417,500495,501592,144,1073
18676,501860,500722,25,84
13119,501719,500912,87,590
22107,500204,501346,97,861
17680,501586,501132,11,83
29373,500274,500156,96,563
11135,500392,501646,216,1332
6014,500552,500770,40,225
24821,501020,500372,12,36
13468,501969,500267,92,839
13213,501764,501056,164,259
27464,500264,500121,99,727
19479,501504,501651,143,438
23541,501398,500517,128,455
17942,501943,500241,181,241
11275,500199,501021,30,166
5430,500916,500219,141,151
7835,500826,501391,52,165
602,500212,500747,166,527
27085,501932,501726,117,356
27783,501081,500253,33,129
8507,501646,500119,172,334
540,500293,500007,116,297
23521,500813,501394,25,122
23721,501529,500728,101,873
17916,501342,500768,28,79
8805,501524,500647,84,209
8674,501363,500924,143,369
14481,501478,500636,110,581
7059,500173,500105,150,463
7220,500476,501168,24,95
29551,500738,500527,127,617
24068,501576,501494,163,638
19572,501037,501825,125,220
16333,501681,501924,154,618
10098,501254,500170,38,151
10838,500023,501161,182,359
6375,501330,500715,17,155
27119,500289,501194,146,350
8132,500647,501234,133,423
3591,500361,500284,99,452
5270,500846,500248,112,735
24082,500442,500503,112,361
8881,501233,501808,164,369
19797,501736,501068,110,230
19228,501952,500299,115,150
12901,500061,501271,98,423
21032,500333,500676,148,347
29180,500745,500333,165,531
20718,500304,501817,115,241
7826,500532,500574,153,301
15689,500902,501217,109,416
13450,501439,500267,183,676
12949,500745,501078,181,228
8387,500857,501533,140,405
5922,501581,501241,31,249
13700,501113,501320,87,637
19320,500074,501653,159,359
18777,501604,500129,43,145
18812,500149,501309,162,347
471,501567,501267,158,512
13420,501195,501932,19,184
26258,501762,501941,148,634
3471,501383,500346,87,486
17064,501224,501096,247,396
22534,501322,501636,199,510
20860,500178,501247,172,805
18257,501576,500158,175,490
9255,501114,501810,189,203
27691,500206,501817,82,197
27900,500739,501828,139,293
20858,501526,501781,202,304
11797,501307,501471,81,383
29500,501861,501373,75,737
1081,501407,501628,80,284
15976,501287,500555,34,164
4321,501274,500019,115,244
19810,500837,500723,120,277
4170,501453,500239,160,257
13079,500599,501562,171,858
10828,501941,500239,183,855
23649,500893,500531,139,369
18916,500931,500155,4,331
11916,501981,500764,160,402
16450,500633,500166,144,358
8300,500566,500959,34,87
814,501609,500691,84,309
16648,501228,500991,139,385
6032,500321,501439,191,193
1534,501122,500610,123,421
3619,501470,501643,95,329
20178,501901,501888,152,1013
23804,501220,500790,132,314
24590,501696,500003,106,176
20538,501370,501627,204,265
24484,500153,500824,50,97
23009,501917,501724,136,289
8369,500785,500244,47,187
2619,501487,501831,135,616
13916,500232,500662,178,677
25704,500403,501246,126,475
22063,500944,501743,33,120
20789,501703,501615,126,220
7503,500021,500441,112,425
16620,501249,500898,159,313
13173,500991,500654,106,477
27650,501335,501563,184,356
13926,501132,500726,48,614
24470,500326,500433,129,726
16538,500970,500128,51,77
17661,500672,500281,162,479
27930,500373,501820,150,474
16828,500523,501773,130,1081
19126,500943,500139,182,659
21176,500586,501848,126,313
10918,500080,501792,152,483
23448,500759,501808,36,277
12010,501084,500837,113,772
1227,500323,500837,122,276
3833,500111,500481,96,360
4876,501112,501344,115,473
2404,903994,500333,149,768
11100,501513,501098,126,741
2337,500081,500485,142,125
14077,500319,501941,163,594
20423,500038,500994,54,105
24621,501307,500689,114,275
24043,501494,500862,100,410
24368,501553,501620,144,197
8228,501448,500496,142,339
3923,500583,501327,132,573
7734,501215,501763,149,174
3470,501382,501700,127,450
7215,501400,500910,68,412
739,500475,501793,86,383
7329,501466,500427,145,372
10561,500785,500360,139,207
20199,501272,500432,126,318
16863,500723,501058,180,335
17517,501655,500819,161,449
3064,501293,500786,206,359
25748,500769,501398,117,820
18260,500953,500354,111,193
22445,500461,500750,128,1157
19113,500382,501228,69,1393
11355,500545,500757,133,373
1035,500380,500854,85,283
3032,501249,501327,177,189
5898,501941,501302,183,600
8398,501581,500086,131,467
3534,501249,501413,150,320
26069,500670,500868,146,240
21246,501577,501410,175,604
539,500625,501966,184,672
21808,501231,501280,210,286
28087,501499,501553,153,475
16332,500857,500979,154,524
9172,500067,501731,152,350
7942,500937,501926,161,780
15488,501441,500638,100,513
795,500293,500026,87,641
26743,501226,500667,211,1113
354,501099,500366,87,394
8842,501951,501133,177,436
6655,501730,501280,187,381
2796,501173,501217,124,640
5736,501368,500566,94,522
5105,500191,500897,217,581
9213,500126,501303,29,195
25052,500704,501970,126,410
112,500166,500825,214,212
23208,501418,500739,102,995
26577,501288,500495,164,999
4246,501499,500681,182,496
4766,501022,501724,100,538
21978,500155,500435,132,409
25788,501887,501644,128,649
3849,500638,500512,213,484
13636,501188,500603,32,86
22945,501483,501587,144,296
13598,500606,501616,140,336
19660,501147,500264,124,434
28772,500066,501424,124,660
7889,501735,500824,142,841
3701,501965,500036,97,853
24738,501792,501135,157,485
3189,501577,501438,47,103
11214,501125,501125,0,151
24152,500813,501945,129,355
7179,500966,500986,116,147
11549,501119,500667,131,334
4081,904512,500162,37,193
11288,500213,500338,120,499
24604,500824,500367,28,146
8351,500028,501534,124,217
1694,500993,500315,47,65
9937,500463,500457,176,1036
23527,501433,500298,27,163
27338,501266,500155,164,208
24435,501967,501768,130,578
544,500523,500400,23,144
3929,501611,501473,173,340
6732,501710,501752,39,60
20406,500471,501063,130,290
3973,501127,501712,147,816
714,501220,500995,123,391
24351,500046,501990,133,552
24742,501625,500252,170,682
1554,501363,500192,119,434
10920,500678,501536,158,783
12169,501778,501651,145,304
8691,500138,500495,175,415
881,500110,500236,153,133
26075,500432,500922,116,564
8632,501213,500361,134,1074
4680,501457,501469,159,572
29650,500046,501490,123,386
2568,500059,500463,136,538
24105,500090,501612,195,410
21124,500673,500986,188,279
26531,501440,500080,155,194
2325,500565,500104,119,274
1420,501889,500544,138,417
7996,500495,501798,177,293
4524,501929,500423,224,433
10381,501723,500005,38,182
13903,501185,500436,172,300
14925,501427,500873,73,136
8529,501907,501525,138,248
9598,501057,501485,118,292
16564,501142,500991,206,414
7401,501853,500710,105,279
8681,501606,500670,126,239
21832,500143,501868,31,68
5997,501748,501521,158,535
29637,500162,501662,127,310
19298,501328,500632,32,183
5381,501250,501876,30,144
21457,501457,500180,118,728
17744,500542,500749,151,232
708,500650,501469,116,561
16169,501376,500792,45,191
8893,501399,500466,90,729
12620,501777,501700,24,157
19130,500520,501460,211,256
14751,500878,500208,120,193
5057,500493,500493,132,599
21220,500821,501835,16,153
7555,500158,501716,148,656
29343,501798,501907,117,258
14398,501079,501319,128,614
13901,501519,500788,89,553
27328,501336,500661,124,161
26536,500028,501573,59,877
2268,500904,500241,45,145
10726,501423,501414,78,513
11615,501363,501745,168,334
16930,500065,501646,131,1131
24905,501901,500427,117,618
5749,500251,500032,146,143
17430,501215,501226,97,209
5577,500812,501244,179,164
12684,501839,501630,106,676
22168,501821,501765,31,34
4532,500530,501323,131,587
1290,501331,500472,124,479
21300,500605,501518,141,416
28212,501933,500371,25,116
27323,500544,501271,223,278
9336,500008,501118,173,387
12783,501423,501078,211,591
2787,500188,501663,122,534
21257,500987,501866,123,529
3434,500556,501968,154,1096
7094,501000,501158,99,508
3928,900630,501584,83,277
16460,501736,501406,114,331
17417,501686,501043,139,784
453,501723,501255,155,236
10519,500070,500847,100,343
16897,501525,501084,196,310
14344,500278,501325,87,305
10745,500873,500344,107,844
26077,500760,500300,154,584
24480,500712,500391,149,308
29508,501114,500394,48,26
11880,500939,500070,117,354
12606,501400,500472,117,742
4584,500361,501848,87,414
19823,500139,500400,130,674
12558,501299,500070,115,388
7080,500521,500516,92,220
8289,500566,501221,151,275
27051,501497,501852,156,335
12459,500622,501704,69,266
12526,500149,501148,117,304
28183,901170,500206,91,276
22039,501147,501744,139,382
17870,501369,500951,68,68
24356,500924,500453,137,281
7610,501784,500068,121,1541
23233,501645,501563,153,397
22984,500145,500200,158,529
22526,500767,501744,26,201
4207,500371,501332,22,70
346,501304,500112,127,561
1669,500160,501531,119,230
9475,500109,501894,152,516
11725,500318,500152,20,149
20987,500116,500990,153,284
23536,501773,501528,93,555
4049,501245,500629,73,200
27155,500676,501436,143,321
23294,501302,500293,163,231
17667,500617,500292,53,78
6839,501153,501986,136,428
2636,501904,500071,111,437
7562,500438,501615,165,295
4748,501504,501023,133,346
7115,501293,501707,181,414
12858,500972,501869,70,623
3648,500980,500877,140,127
17643,500341,500641,55,302
4948,500244,501616,164,392
870,500418,501773,33,295
26464,500959,500279,190,263
1199,501521,501899,207,714
10178,500745,500861,74,725
28618,501399,500466,166,354
24467,501608,501158,179,202
18909,501311,500066,194,467
4230,501923,501918,144,384
2025,500941,501568,188,514
10290,501364,501741,147,302
10434,500900,501857,170,672
617,501859,501115,148,479
4146,501904,501745,153,410
4110,501875,501432,178,303
25859,500714,500523,136,702
1794,501533,500356,87,291
2536,501691,500817,163,552
13043,500281,500308,162,279
1131,500034,500619,118,441
28978,500312,501421,142,518
12747,501093,500671,28,160
5773,500658,501277,72,393
27382,501856,501463,41,209
7804,500891,501620,120,780
18380,501541,500467,146,1196
3456,501173,500738,94,279
12193,500721,501058,180,414
5446,500630,501643,0,101
17400,501397,500762,120,488
1668,501133,501088,173,455
438,501668,500718,147,444
27964,500311,501017,144,355
17238,501332,501745,124,162
6661,501176,501595,172,294
17113,501838,500031,61,201
29755,501232,501287,150,326
21413,501186,501498,35,225
28623,500513,500972,154,809
19519,501568,500846,158,164
20643,501073,500898,153,539
23422,501387,501884,158,228
16543,501349,501959,22,124
16605,500297,501029,137,947
19235,901591,501519,144,217
26738,500128,500447,158,579
28066,500090,501219,110,496
29109,500081,500274,117,487
20518,500608,500064,165,970
29923,501712,500269,159,311
17671,500905,501274,205,154
14066,501843,500153,114,276
14022,500884,500564,196,402
7187,501839,500726,178,407
4638,500025,501503,151,375
2048,501360,501725,62,247
10485,500138,501371,48,256
18117,500479,501486,148,608
8065,500401,501135,188,259
13315,501160,500979,174,848
22304,501169,500414,150,603
11375,501439,500256,126,182
26709,500556,500439,47,62
8979,501684,500768,20,83
7760,500222,500293,155,631
20954,501857,500680,27,125
4219,501980,500518,113,579
25601,500554,501700,171,480
18052,903374,500100,221,224
19749,500697,500304,151,735
2933,501657,501760,156,484
16110,501781,501726,136,325
1913,500177,501875,106,378
20827,500360,500037,152,384
5383,500102,500428,44,81
10778,501663,501093,157,150
29587,501873,501770,63,160
15779,501999,500915,160,747
24451,501942,501611,228,130
2869,500127,501920,45,70
11982,501776,501509,34,96
14272,500415,500033,152,271
22822,501691,501697,21,180
2728,500856,500322,192,388
10015,501693,501016,194,311
29460,501102,500496,98,470
9992,501333,501499,149,205
21949,501017,501060,150,302
7905,500088,501428,114,272
28059,500523,501532,103,249
273,500249,501036,139,584
8474,501458,501268,137,233
15067,500512,500160,67,980
26682,500543,500345,112,331
28711,500640,500812,153,665
17647,501324,501162,120,212
3518,500167,501552,125,556
21293,501991,500747,35,468
26620,500026,500431,23,125
28788,501577,501176,176,420
12090,501521,501521,245,418
22525,500569,500882,29,173
25569,500823,500211,0,107
13744,501728,500640,153,460
18451,501112,500099,114,257
5146,500222,500786,118,332
14240,500845,500629,126,842
17310,501833,501302,120,455
7570,500817,501038,158,565
27832,501729,501305,144,421
29771,501880,501364,124,307
18564,500486,501058,12,166
8121,501350,500208,174,543
29358,501675,501079,171,618
5583,500663,500066,153,823
15876,500554,501944,119,212
20111,500518,500526,205,675
2364,500978,500870,154,269
25120,500878,501211,216,648
5689,902508,501302,108,598
29745,501411,501221,18,184
25801,501488,501330,58,189
22034,501117,500120,113,513
24638,500683,501458,167,618
22973,500121,500071,36,328
10252,501716,500464,164,962
9929,500354,500239,206,260
29409,500581,500402,160,283
17951,501624,500214,41,62
25084,501370,501568,153,272
23221,500367,501588,161,474
25261,500249,500123,151,187
23528,500672,500095,140,325
10057,501068,500584,102,228
4203,500225,501707,164,423
16097,500749,500115,163,508
977,501403,500711,80,554
10612,501584,501381,130,195
25624,500738,501814,116,839
21296,500191,500960,172,247
20482,500067,501483,179,528
25767,501353,500261,167,273
20211,501475,501295,52,137
14949,500066,500241,111,108
13352,501745,500489,127,334
29535,500415,500077,128,1303
8517,500702,500981,152,888
12726,501521,501453,124,309
24161,501796,501598,107,183
7618,500526,500531,158,388
18578,500882,501197,26,111
1003,501402,501360,19,77
14102,501177,500902,131,599
1967,501815,500093,135,378
29422,500579,501355,111,292
11879,501273,501489,106,617
20369,500147,501155,18,100
3962,500730,500729,95,685
18527,500502,500959,185,411
11395,500952,501118,168,645
26863,500021,500084,137,1337
5374,501076,501806,104,338
842,500299,501432,78,239
16048,500915,500438,175,592
2591,501844,500065,125,390
22266,501495,501390,113,477
29626,501748,501992,138,501
27237,501621,500210,58,93
6487,501319,500155,143,451
16045,500334,501426,115,727
20925,500112,501222,112,372
18006,500059,500081,163,463
26943,500257,501238,34,220
4658,501905,501202,225,277
20818,501423,501515,151,635
20179,500151,501966,152,221
24635,501778,500399,149,226
19838,500896,501520,98,268
3062,500621,501829,144,590
8468,501946,500054,138,765
7788,501784,501056,155,414
2203,501640,501578,103,303
14350,500252,500018,127,153
2565,501511,500857,125,151
11897,500028,500953,175,1418
22327,500390,501605,120,684
14247,501239,501438,120,344
16086,501024,500289,129,706
19291,501695,500479,91,204
25008,501441,501277,132,229
18750,501656,501141,164,237
18239,500144,500061,174,897
27365,500781,501583,145,178
18425,500034,500754,172,793
4253,500332,501925,141,415
22772,501872,501553,153,927
7777,500071,500935,45,74
27088,500257,500609,148,218
16130,500530,500672,139,330
12973,500202,500280,124,453
29853,501909,500184,121,401
23668,500440,501456,18,200
25657,500937,501631,190,349
14370,500818,500927,142,346
15626,500239,500318,147,330
26000,501224,500739,187,260
1839,500311,501364,144,537
13766,501878,501713,162,360
17612,501413,501365,10,113
3403,500116,500999,177,325
7435,501686,500413,122,287
20340,500521,501678,131,755
23183,501667,500119,151,900
18035,501886,500261,131,232
20590,501904,500611,170,763
11054,500402,500581,119,447
20512,501568,501713,145,943
25756,501857,500608,25,34
23946,500819,501185,186,502
2147,500363,501526,162,442
25880,901091,501887,31,72
26344,501868,500519,147,550
15676,501309,501383,101,283
24420,501120,501639,161,449
26076,500905,500978,133,544
3505,501038,500442,118,183
5775,500769,500005,64,547
11296,500835,500799,161,318
5343,501295,501361,140,421
19637,500566,501613,33,137
12753,500965,500114,112,644
23453,501911,500138,127,798
23750,501087,501036,132,144
19433,501487,500837,151,343
12570,500199,501904,209,356
6265,500458,501111,49,194
3391,500627,501755,146,356
27956,501188,501535,39,141
5509,500179,501730,114,310
6849,500509,501939,55,109
23232,500162,500489,169,354
8505,501944,500294,143,322
22895,500908,500126,45,155
28641,500874,501519,104,262
11610,500653,501638,160,393
19102,500211,501821,48,115
20356,501564,500927,137,566
22845,500593,501747,73,439
17395,500922,500037,64,292
11006,500455,501633,175,450
13865,501443,500293,78,275
4389,501798,500986,156,399
11906,500064,500538,206,359
10691,500897,501368,173,476
13097,500705,500314,162,181
3250,500874,500156,142,474
25845,500181,501124,25,186
6122,501379,500932,205,456
11070,501159,501731,122,530
13399,500228,501684,192,296
5513,500438,500965,136,390
12861,500433,501758,159,234
22405,501051,501384,125,197
2241,501781,501332,81,393
4795,500099,501552,30,61
16889,500679,501080,9,188
3222,501956,500074,147,207
7814,501601,500148,141,205
24165,501379,501328,22,122
22510,500574,500371,216,639
1080,500410,501461,145,778
243,501090,501716,140,795
7302,501547,501689,123,591
2947,501956,501777,168,225
21445,500198,501758,35,99
23171,500361,501660,150,728
19024,500714,500658,29,45
25942,501564,501990,177,439
22817,500222,501533,134,685
23435,500298,500824,118,247
29609,501436,501562,156,651
11673,500743,501450,163,175
4998,501638,500476,175,164
11058,501525,500572,184,608
1671,500009,501751,140,153
14144,501194,500991,61,319
5319,501016,500491,186,171
11676,501697,500637,106,758
20796,500342,501271,163,234
13773,501659,500218,18,78
21952,501102,500080,105,250
5189,500498,500832,179,426
10264,500233,500327,53,781
24784,501853,501202,143,404
11500,501263,501909,132,190
930,501173,500947,164,394
495,500725,501259,162,306
20651,500296,501782,35,111
22630,501110,501693,187,437
29781,501689,500687,134,570
17185,500631,500959,152,552
18633,500518,501189,59,294
23590,501353,501601,5,73
15357,501495,500795,93,310
8342,501364,501777,178,462
29027,500776,501729,121,313
25980,501268,501627,87,905
9394,501592,501820,155,320
27682,501057,500360,122,501
14513,500334,500938,170,576
21560,500001,500322,109,923
12176,501300,501750,171,639
29876,500785,500716,111,696
27778,500578,500091,62,479
13024,500639,500547,112,491
9921,500056,501470,120,801
13889,501698,501668,52,110
13942,501450,500376,43,143
21509,500785,501616,155,310
20883,500752,500544,130,361
24563,501904,501119,164,231
8741,501622,501494,142,610
27713,500435,501443,177,177
29186,500385,501712,167,503
10960,501467,500177,144,328
10934,500111,501553,179,327
24666,500616,501341,20,137
4510,500710,500923,115,582
4732,501507,501591,161,461
2103,501820,501468,137,681
23401,501695,500251,94,571
761,500199,501372,154,427
29738,500825,500155,119,238
7417,500029,501870,121,342
22608,501109,500218,158,152
27696,500636,500566,68,178
11848,501070,501519,158,477
11386,500076,501473,25,275
7722,501608,501533,236,291
18450,501819,501051,99,556
12053,500927,500217,105,146
11810,500219,500081,128,892
21052,500012,501917,52,124
21210,500402,500433,150,359
26955,501570,501145,154,361
17038,501106,500567,57,171
5565,500356,500225,147,48
28726,501798,500067,115,214
19075,500812,501466,176,563
24124,501295,501171,105,237
3465,500198,500121,38,178
23864,501353,500974,165,795
21401,500363,500046,124,401
13406,501712,500782,142,144
19923,501820,500688,51,122
10609,501275,500193,94,392
22601,500279,500788,115,555
7203,501749,501749,104,422
19581,501532,500738,145,808
19887,501368,500899,108,249
11195,501881,501194,136,810
6332,500774,501136,142,208
4175,903922,501327,119,258
1152,500792,501228,133,238
20668,501369,501830,24,160
5379,500515,500460,52,75
11324,501952,500214,162,405
1384,501580,501393,161,335
14944,500723,501114,188,429
25774,501404,500919,177,328
6722,501821,500337,19,177
1920,501971,500886,135,430
16413,501883,501098,131,351
17635,501668,500192,158,298
7591,500046,501413,133,265
28123,500915,500330,62,667
3536,500868,501922,185,603
21886,501201,500706,187,343
6897,501669,500525,17,143
8308,500210,501355,84,325
12266,500527,501201,178,762
9130,501314,501219,129,380
20105,501146,501208,137,573
5344,501146,500139,190,288
10863,501429,500817,75,222
7565,501323,501465,66,96
28796,501581,501088,138,777
5512,501721,500529,120,1057
12907,501157,500506,178,279
1340,500770,501171,174,103
11689,500702,501513,141,222
2340,501982,501023,148,517
15252,501952,501349,166,909
17313,500461,501850,42,92
18491,500022,501687,111,407
25064,501082,500930,61,225
12664,501747,501105,130,331
23551,500774,501121,94,366
4745,501413,500282,105,471
8508,500323,501098,182,388
28025,500302,501628,189,514
26354,501635,500586,123,654
237,501353,500344,149,254
18086,501834,501682,131,243
1207,500915,501079,25,106
8438,500659,501926,155,447
24425,500580,500172,147,546
15387,500360,500034,147,233
10371,500702,500227,69,64
33,501130,501963,147,1125
8865,501299,501734,119,502
23902,501323,501525,171,523
20213,500812,500979,194,806
28192,501024,501657,153,511
6717,501829,501264,74,309
25277,500734,501107,180,514
21683,500737,500095,104,135
5533,500455,500282,142,292
7575,500831,501728,166,335
29323,500416,500045,127,436
12078,500289,500857,142,662
6796,501501,500772,50,166
16747,500654,500722,161,309
6184,501360,501862,167,244
25642,501469,500566,131,609
28038,501096,500013,184,659
12479,501625,500086,146,329
5397,501012,500527,182,348
2732,500759,500679,159,186
28784,501543,501264,50,67
8935,501806,500627,143,491
25535,500112,501468,227,191
12252,500673,500132,10,180
4370,501489,501804,129,1047
7827,500854,500833,122,286
29299,501270,500970,114,376
6729,501060,500233,120,519
5785,500111,500655,84,172
10052,501942,500069,49,191
4980,501869,500453,99,395
8951,501793,500632,180,339
12501,500858,500167,58,290
16363,500256,501006,144,429
28825,501275,501302,140,731
7376,501526,501228,126,277
15883,500124,500034,225,422
1826,500931,500877,141,503
19952,501288,500858,161,248
1560,500481,500289,172,363
13906,500752,500383,158,521
20726,501973,501295,43,241
24195,501526,500323,163,292
21025,501414,500250,195,711
11872,500045,500816,30,845
1448,501737,501232,181,295
3741,500139,501685,182,809
25027,500707,500457,60,133
8718,501714,501163,59,66
19919,501170,500382,116,836
17676,501201,501847,42,75
26122,501448,501739,172,473
2686,500953,500790,152,364
7207,501515,501326,111,125
23483,500845,501233,119,576
5378,501217,501037,113,212
1495,500021,501716,177,253
28977,501587,500384,113,360
8270,501177,501043,208,610
15766,501206,500628,105,154
2455,501678,501916,123,861
4087,501270,501701,108,636
16541,500947,500910,150,283
24573,500475,501063,133,287
11187,501290,500737,157,210
27005,500554,500363,184,323
6517,501966,500645,137,300
11374,501119,501091,106,223
1569,500029,501889,37,122
12350,500657,500657,124,244
28581,501237,500607,191,184
8660,501361,501829,127,350
21901,500132,501694,254,220
5144,501798,501971,110,309
19364,500749,500094,115,681
26255,500969,500576,170,644
8230,501030,501294,44,164
8973,501433,500909,151,1022
3558,500520,501007,123,244
26673,501109,501227,170,543
26152,501654,500438,162,359
17847,500538,500997,130,749
10119,904889,500935,107,263
2178,501570,500750,185,506
24085,500441,500114,134,198
18679,500771,501221,120,793
6338,500515,500173,80,360
26601,500661,501255,157,573
28966,500228,501907,140,798
16114,501917,501031,91,292
1162,501520,501762,114,604
1492,500729,501463,177,766
24113,500259,500896,178,292
23111,501465,501926,188,724
24456,501002,500251,27,97
13074,501981,500380,55,393
6336,501982,501767,38,123
17271,500895,500652,16,103
3706,500997,500471,127,415
1578,501756,501638,90,480
19647,500468,501431,116,831
28175,501527,500371,131,704
13997,501006,500054,148,602
3660,500632,501860,179,1320
26405,500366,501905,100,332
5131,500401,500737,167,359
6781,501202,500920,122,1000
14375,501570,500451,131,509
23838,500133,500282,153,551
18488,500231,501330,37,194
10430,501857,500909,62,72
15945,500581,501316,79,482
25436,500602,500855,62,144
2531,501467,501393,179,403
15211,500382,500908,176,324
29195,501448,501184,78,514
26160,501001,501402,43,174
29405,500143,500521,94,805
805,501291,501299,157,484
7699,501041,500126,61,92
17213,500712,500950,146,509
3395,501238,501316,61,54
20471,500158,500198,105,561
29735,500022,500516,117,327
16679,501859,500897,152,245
29992,500162,500751,149,1226
20618,500075,500258,106,663
14772,501237,501730,120,548
4037,501632,500084,27,156
6597,501563,501251,60,1011
25639,501837,500400,117,675
3399,500181,500403,145,766
20245,501485,501336,140,559
24517,902762,500312,132,377
20942,500729,500336,118,569
1076,501055,500467,149,853
26125,501390,501758,134,435
8540,500132,500522,90,763
683,500269,501597,44,95
5947,500844,500294,29,95
24428,500716,501786,18,177
21287,500914,501145,126,322
19213,501115,500566,187,526
18010,903077,500469,39,75
25766,500542,500727,37,113
2386,501528,500250,156,495
16568,500113,501390,37,182
2569,500844,501404,169,572
28865,500160,501545,189,856
16395,501662,500735,166,308
11875,501644,501264,112,306
21736,500767,500999,45,122
13893,501636,500287,31,131
508,501052,500066,144,593
26308,500459,500838,77,335
10230,500697,500660,30,137
2683,500335,500464,204,364
10718,501206,501852,180,282
5333,501191,501929,220,150
18994,501536,501980,204,333
4544,500809,500477,33,164
9165,501062,500265,58,130
17646,501330,501053,192,230
6449,903208,500553,129,674
8547,501060,501214,151,355
21217,501178,501290,156,426
12320,501886,501802,11,66
23419,500735,501114,120,616
17799,500764,501619,206,413
26591,501505,500454,152,602
1138,500218,500580,182,129
7667,500808,501726,170,224
1396,500041,500735,135,370
3175,501861,501663,122,596
22790,501529,501890,150,574
22645,500004,501762,38,152
6090,501652,500075,137,770
11913,500861,501545,127,265
1336,501099,501259,151,153
20477,500910,501864,209,607
18871,500369,500945,58,286
8566,501025,500320,105,338
1124,501964,501239,123,375
17616,500305,501451,60,49
17587,500308,500952,138,147
14909,501471,501753,28,128
12721,500712,501206,163,223
12539,500072,500716,2,94
14274,500222,500753,150,300
19132,500603,501654,42,173
487,501304,501032,173,516
925,501210,500184,207,219
11733,500539,501646,49,347
23702,501394,501943,175,497
7517,501736,500922,22,136
28450,500547,501744,157,393
25278,500712,501173,23,59
25969,500943,500142,0,102
20404,500243,500792,53,112
13874,500784,500099,205,745
22154,500705,501409,113,234
22764,501482,500496,159,302
10069,500837,500837,157,477
24377,501618,501159,165,519
27720,501520,501491,47,162
3055,500708,500870,47,99
7421,500954,500897,198,443
13231,500898,501147,198,619
28686,501495,500923,202,234
7071,500475,501443,18,158
23741,500180,501971,178,379
6466,500599,500682,80,582
16742,500045,500987,180,373
21592,501189,500238,100,1285
11148,501428,501704,42,236
11329,500431,501041,154,383
4873,501563,500333,146,324
22046,501751,500197,151,489
14605,501682,500661,175,217
1985,500227,500330,53,186
25606,501572,501802,118,382
27041,501289,500904,34,166
18731,500840,500825,201,567
378,501527,500714,146,1508
13994,500926,501707,183,673
2541,501353,501495,123,408
26539,500668,501330,6,83
23890,501918,500845,156,228
10686,500908,500034,153,443
27524,901122,501849,35,211
6659,500282,500319,97,369
6911,500803,500212,55,306
16062,500051,500395,147,479
25772,501425,500415,124,485
11432,501456,501198,121,443
24868,500088,501616,130,487
9029,501781,501942,146,490
11971,500346,501620,88,490
26919,501520,500256,182,369
13715,500293,501395,148,550
22238,903021,501627,190,529
29105,500198,501976,144,606
6602,500356,500026,147,1119
28063,501246,501820,121,199
20028,500359,501792,171,736
4448,500334,500287,160,592
5484,501397,501458,59,46
8846,501701,500177,226,750
27277,501381,500949,120,466
28930,501535,500153,102,385
13998,500792,500576,134,401
7914,501023,500478,155,693
24610,501505,500447,118,530
27819,500943,501713,168,421
29136,501483,501082,96,565
14864,500572,500991,193,553
23867,500712,500255,135,186
14177,500260,501227,46,73
14449,501769,501084,35,89
5008,501654,500960,66,419
17260,500117,501033,181,265
23285,501263,501798,215,271
24120,501289,500504,40,49
20752,501489,501227,138,536
21897,500579,501912,44,199
25939,500384,501751,220,142
27846,500361,501189,182,975
17662,501357,501877,46,179
16432,501739,501335,140,287
23861,500119,501246,174,193
17074,501926,500049,127,403
24930,500076,501094,149,526
23058,501737,500238,28,340
7874,501208,500462,164,363
14693,500438,501815,187,300
26132,500665,500592,15,79
2466,501246,501805,156,281
10569,500893,501967,123,289
14295,501139,501157,176,280
18391,500846,500948,37,133
7981,500747,501817,136,413
13224,501844,500070,154,272
27612,500613,500384,146,266
7221,500743,500400,19,196
26969,500753,500580,31,145
19438,500392,501406,130,399
25440,500333,500314,241,588
18795,501695,500386,133,284
5795,501795,500685,94,402
25936,500888,500907,120,420
21037,501407,500127,175,537
27714,501819,500379,34,189
25752,501096,501944,149,477
10677,501336,500239,138,262
24454,500687,501418,106,309
19746,500720,501360,121,573
14717,501391,500487,189,530
27954,500207,501179,212,484
29533,500293,500374,106,811
29103,501751,500621,140,283
18466,500621,500314,133,400
9219,501237,500832,76,779
28888,500527,501307,192,315
26691,501279,500496,37,153
25083,500410,500698,216,448
22157,501145,501199,132,397
9748,501634,500029,37,67
26233,501902,500907,43,92
486,500941,501322,119,896
7076,500944,500444,168,1398
17548,501193,501421,115,560
2745,501592,500328,68,248
15173,501052,500211,73,788
17461,501017,500979,168,789
21654,500415,501358,132,599
12703,501122,500720,162,225
8539,501185,501131,52,197
28223,500544,500912,139,387
21618,501325,501886,146,275
29948,500756,500696,140,429
1805,501143,501655,104,910
16240,501266,501740,192,503
22963,500356,501814,182,299
27331,501850,501716,162,411
12915,501465,500172,175,208
21364,500203,500599,135,365
17075,501996,500935,191,361
14309,501470,501470,41,61
4489,500116,501251,139,474
13394,903388,501716,133,355
6512,500327,501730,183,389
25042,501591,501805,107,287
20867,501336,500520,168,347
2267,500128,500454,113,233
21004,501616,501420,56,74
989,501431,500427,126,378
15821,500559,500657,86,351
12236,500923,500333,123,770
11124,501848,501580,147,354
8715,500093,501924,128,550
21696,500599,500586,111,280
26325,501249,500440,128,392
9059,500091,501176,7,146
12953,500181,500867,179,409
14134,501170,501888,161,301
21687,500587,500338,142,309
1953,501806,500566,114,330
10708,500088,501748,196,334
9273,500960,501668,75,718
14753,500405,500251,102,532
14273,500935,500149,183,153
6040,500598,501961,30,136
9022,900127,500799,203,190
29808,501878,501932,178,490
15293,501521,501088,178,298
28635,500272,501716,112,347
12015,501379,501373,108,532
21598,501657,501932,155,207
22882,500204,501567,197,487
1444,501169,501285,143,176
24579,500455,500874,136,652
29207,500321,501430,124,221
9737,501499,500998,89,688
6526,501873,501108,122,286
29705,501575,501833,144,186
22837,501087,500662,111,376
2652,500022,501825,126,464
3197,500101,500457,97,346
15295,500132,500149,7,75
8916,501158,501163,95,483
22058,501744,501762,153,819
19558,501159,501370,150,371
5281,500926,501132,106,472
8058,501498,501467,13,221
13887,501607,500088,144,446
10079,500891,501787,118,628
26067,500196,501190,124,399
25546,500006,500751,136,503
8423,500329,501899,5,46
6730,500124,501268,37,155
855,501970,500116,179,203
22097,500540,500442,169,352
14355,500123,501764,150,414
28426,501864,500737,111,581
22341,501002,500546,151,194
725,500142,501344,109,671
16959,500980,500101,118,273
15437,501695,500505,184,447
8400,501034,501782,73,191
12834,500876,500689,187,270
17010,501108,501157,133,212
14269,500952,500838,59,73
17846,500751,500090,86,326
22188,500070,501787,152,496
17655,904709,501627,131,1229
1545,501986,500722,170,714
10882,501002,501982,186,860
18525,500575,500190,45,109
11579,501570,500225,77,630
12896,501161,501016,32,181
26215,500037,501545,119,272
27356,501235,500065,208,380
17800,501795,501082,177,313
14029,500022,501941,139,217
18235,500440,500222,23,175
6563,500513,501773,119,375
11592,500282,501365,27,151
23678,501526,501645,112,1397
15992,500666,501735,54,68
17915,501203,500063,66,446
20020,500473,500387,95,307
8299,501433,500721,117,221
5880,501666,500123,140,144
23334,500387,500873,26,96
3013,501445,500932,30,288
26196,501532,500915,46,113
9646,501606,501617,141,323
28057,501631,500623,39,162
14160,500420,500897,144,261
144,500334,501267,138,396
848,500859,501158,0,104
21498,500700,500947,46,187
1407,501362,501519,120,219
8996,501078,500244,141,564
7963,501772,500518,126,290
13000,500633,500037,89,455
27413,501390,500347,40,55
21256,501173,501409,121,419
9045,500971,500239,69,335
23760,501881,501177,170,335
24519,501102,500682,128,185
29634,501407,501749,104,366
7292,500380,500678,143,177
21218,500121,500013,175,334
28233,500720,501734,117,1124
845,501099,501932,117,385
28324,500564,500661,135,293
24140,501157,501574,143,446
26779,501148,500765,131,316
26992,501071,501967,98,516
18046,500381,501346,137,328
10308,500253,500002,149,765
13975,500112,501203,154,334
6179,501033,501776,131,293
20327,501618,500673,84,645
2622,500416,500297,132,1459
27841,501946,501721,184,686
20716,501298,500645,172,245
21571,501687,500891,30,110
5238,501677,500625,166,705
29640,501587,501831,122,285
18371,501328,501274,29,236
9139,500172,501271,183,317
27310,500208,500410,152,201
11917,501617,500302,170,435
26300,500681,501663,151,490
17740,501644,501078,31,121
10498,501043,501168,176,742
25213,501613,501311,29,86
1464,500438,500946,12,136
16079,501645,501492,164,882
20380,501249,500670,188,593
16953,501450,500354,110,490
10571,501817,501161,228,312
1891,501595,501457,97,642
24559,500934,501736,174,516
5050,501704,500435,204,541
16525,500701,501469,164,329
17477,501694,500239,208,1098
20147,501291,501031,175,361
28520,501282,501541,131,586
26896,500472,500327,180,261
24393,500047,500570,59,105
5655,501457,501848,54,243
17308,500266,501426,126,803
26938,500739,501039,31,283
13960,501394,501686,57,762
18863,500739,501460,175,371
11197,501098,500734,157,465
25718,501755,501622,144,942
13376,500653,500071,43,93
24055,501471,501467,190,932
6346,500785,501091,47,298
11470,501246,501382,84,397
16776,501734,500472,129,190
28099,501545,501523,126,438
23311,501736,501767,110,420
11034,500126,500460,150,230
13569,501110,501037,174,518
22275,500632,501089,35,40
14051,501523,501546,20,113
14625,501236,501723,122,307
15880,501917,500691,176,347
16000,501093,500173,133,754
1101,501926,501892,92,516
27276,501136,501781,26,96
24025,500574,500792,171,368
3522,501682,500354,11,73
20592,501367,501862,130,193
5298,500405,501406,137,748
22987,500691,501666,144,171
28701,500335,501054,130,773
561,500172,501332,210,201
7464,500503,501155,111,519
5575,501358,501330,127,207
21893,500814,501105,171,288
1745,501367,501056,122,340
19713,500619,501745,98,429
21459,500847,501829,116,308
13414,501581,501171,149,392
18,500081,500233,156,989
27452,501302,500667,149,517
11518,500908,500432,123,189
5389,501750,501630,152,506
24675,501932,501063,98,529
19893,500382,502000,131,330
5734,501099,501421,197,237
6501,501366,500175,11,103
17640,501430,501847,28,37
12658,500416,501527,108,627
12353,501201,500776,139,228
21055,501357,501307,118,251
9289,500974,500127,24,92
1843,501810,500471,171,396
25745,501589,500848,58,37
11726,500384,500366,138,108
11041,501120,501135,128,341
8565,501561,500512,201,501
13006,500805,500463,85,948
3021,500599,501724,184,432
1258,501981,501910,41,251
15160,501208,500336,125,654
11504,500502,501467,157,415
4601,501513,501016,84,726
14767,501657,500080,132,766
4085,500158,501922,156,1058
19507,501607,501847,149,470
5190,501375,500414,118,467
6935,500291,501565,12,197
19100,501571,500414,198,581
11333,501177,500886,166,217
26521,500628,500697,131,433
1498,500296,501765,115,244
22622,500094,501922,139,239
18427,501507,501490,85,319
14229,500993,501322,140,242
20813,500574,501161,32,95
9524,500862,501092,159,765
1527,500891,500214,167,216
853,501825,500737,165,489
20635,500006,500518,105,465
16109,501247,500279,175,493
22372,500239,501715,133,213
1268,500380,501407,110,525
6463,501684,501990,198,369
28135,500054,501740,38,60
7906,500066,500519,97,313
29770,501512,501911,139,157
4058,500143,500316,79,263
23213,501687,501577,205,216
10595,501264,501094,36,55
14587,501099,501985,119,146
15746,500896,500131,115,198
22035,501561,500949,35,362
26382,500915,500368,122,208
16004,500898,501439,204,458
120,500391,500505,130,365
28584,501868,500129,23,161
29216,501364,501752,108,347
14421,500320,500128,176,258
17702,501021,500411,33,118
13205,501439,501362,158,215
17531,501326,501271,121,349
13849,500004,501438,31,134
27360,500637,501986,163,322
9760,500570,501227,113,251
29813,500058,501383,56,184
11412,500197,501674,112,429
24269,501852,501335,114,147
23367,500823,500308,35,68
23358,500191,500111,119,1748
3269,501552,501079,92,293
20823,501655,500528,13,62
18625,501689,500331,153,209
9798,501723,501229,26,120
5899,500376,501846,145,390
4480,501772,500330,120,460
11136,500402,501640,169,477
2475,500547,500026,190,462
16603,500902,501455,42,110
23376,501011,501723,121,335
22134,501084,501141,37,215
23227,501819,500601,10,80
19894,501421,500199,168,285
16409,501028,500196,66,345
4138,500554,500561,125,402
2482,500715,500455,30,155
18324,501251,500608,120,673
20138,501654,501725,121,399
10839,501926,500857,127,388
9389,501199,500119,161,837
13540,501736,501860,178,531
28557,501747,501409,126,378
10092,501571,500297,145,275
22773,500519,501470,128,789
26021,501060,501880,163,388
1529,501143,501880,169,327
20104,501917,501335,173,561
3086,500487,501464,140,880
21013,500153,500436,169,277
18003,501102,501059,113,137
5889,500894,500638,14,116
15361,501482,500783,152,241
25307,500806,501918,150,322
22830,501324,500931,201,415
13236,501512,501010,29,81
25353,500989,501544,73,95
14299,501999,500061,147,916
26613,501826,501666,128,434
9446,501725,500554,24,199
16491,500480,501387,101,684
11718,501507,500882,123,412
19407,501113,500402,127,1510
29134,501370,501753,106,1108
22340,501716,500185,132,673
21439,501818,501907,164,318
15275,500159,500084,112,349
7878,500059,501992,107,428
11414,501268,501875,132,365
15738,501344,500898,141,505
20556,500593,500578,163,351
26941,501099,501170,105,645
25103,500750,500832,150,186
25412,500720,501570,169,274
20478,500464,500814,134,1168
17829,501361,500553,119,862
3035,500295,500464,106,510
11043,501550,501159,59,246
10407,501062,500911,149,169
28607,501378,501916,47,76
383,501764,500531,190,151
9726,500562,500546,56,69
4296,501125,501071,178,1188
13141,501833,501328,188,555
29659,501621,500837,23,84
7254,501553,501598,106,577
20097,501866,501715,76,403
26340,500259,500380,100,179
29135,501636,500609,94,513
25566,501657,500124,183,318
21578,500544,500376,165,721
24521,500703,500505,51,52
12265,500919,500446,83,248
7049,501452,501315,165,796
8873,500953,501640,144,187
22483,500545,500498,110,268
10347,501550,501690,39,69
9230,500876,501512,177,243
18237,501532,500979,117,281
18911,500056,501145,100,279
10931,500072,500733,54,233
14645,501189,500916,108,236
14277,500131,501052,100,411
1484,501151,500359,41,174
22562,500319,501521,132,493
14347,501533,501601,132,942
6784,500480,501723,157,181
15344,501981,500574,162,271
1025,501019,501535,114,636
26995,500734,501741,195,500
7301,500067,501120,164,777
15079,500900,500432,84,457
24550,501852,501765,83,406
23641,501625,501764,22,50
8171,500424,501387,179,335
20615,500460,500720,170,273
22295,501426,500153,183,362
15916,500759,500900,140,547
26846,500466,501478,103,346
25326,500535,501093,16,148
8507,501646,500119,172,334
10260,500633,500746,113,550
24101,501161,501747,149,746
25771,500663,501413,101,797
10399,500363,501969,22,72
17798,501662,500962,9,140
18860,501232,501275,21,132
19979,500768,501390,19,50
122,500445,500410,35,94
9458,500385,500173,171,323
13980,500767,500143,120,366
13660,500718,500501,141,401
1832,500895,500076,142,318
14090,501034,501332,122,283
13312,501895,500061,180,376
16843,501956,500053,39,118
20944,501293,501459,30,104
23143,501706,501453,119,1055
7802,500371,501728,170,286
9800,500380,500923,176,327
9905,500273,501196,32,106
18290,501903,501002,32,110
8768,500897,500819,112,525
6303,500520,501989,63,332
3488,501093,501084,159,389
7659,501421,500315,39,221
25627,501847,501443,142,561
349,500586,501677,115,362
21610,500782,501426,74,262
19218,501864,501015,143,197
24340,500974,500140,99,255
25215,501631,500360,85,300
25530,500661,500628,20,182
27312,500574,501889,119,691
15725,501451,501919,52,114
2505,500094,500095,123,471
11715,500561,500005,95,835
4466,500042,500554,178,482
26099,501696,501300,109,485
23253,501662,500526,143,253
26538,500360,500987,136,200
2308,501828,501700,106,280
22071,500406,500734,27,182
6572,501853,501131,118,454
17722,501487,500991,108,191
20705,500706,500197,100,844
28969,500789,500303,39,67
13851,500824,500824,26,67
20344,501960,501883,118,269
21843,501961,500189,32,238
20074,501778,501588,100,255
19373,500720,500475,111,251
28289,500812,501929,96,188
18168,501272,500045,128,522
28380,501654,500316,95,343
21833,500658,500659,192,205
22974,500884,500022,164,587
9987,501293,500640,61,345
14575,500465,500343,96,141
12336,501996,501412,157,455
26068,501625,501073,118,853
23279,501753,501487,163,462
22343,501996,500966,113,282
3332,500019,500493,128,629
7135,501824,501663,19,292
9558,501883,500294,137,573
20372,501775,501298,154,355
11246,500319,500718,159,370
3039,500729,501584,172,830
26450,501990,501054,125,297
20732,500478,500223,34,288
21180,501730,501712,161,435
23052,500359,501326,151,357
15870,501857,501104,36,135
6603,501609,501943,207,259
28239,501106,500184,130,641
14514,500305,501780,134,413
19753,500675,500570,134,683
15289,500100,501693,52,115
18273,500457,501713,115,631
16185,500628,500112,193,285
15465,500561,501016,165,275
15195,500681,500565,145,309
1439,500095,500498,148,224
26785,501145,500081,123,331
9573,501135,501463,52,128
5084,501096,501806,161,346
28012,501154,500449,66,133
22041,500593,500874,149,395
19503,500079,501310,233,491
22218,501982,501053,192,575
21834,500210,500935,183,235
13624,500570,500201,187,694
11263,501507,500162,178,438
9850,500191,500911,128,194
21707,501677,501085,147,328
14327,501081,500780,122,253
27576,501191,500633,190,439
2493,500704,500676,160,231
194,501163,501553,129,570
18782,501011,500405,147,320
5028,501341,500481,132,409
28255,501374,500466,144,1015
20052,500174,501488,119,152
16454,501981,501155,161,377
18559,500333,500166,166,757
25740,500731,500772,27,75
29477,500644,500607,34,251
12857,501466,501795,168,619
22228,500050,501730,101,607
19208,500318,501844,60,613
21104,500831,500989,85,428
8828,501459,501173,43,137
20766,501141,500882,113,1068
11738,500435,500733,100,237
28306,501088,501527,188,999
25661,500496,501831,158,380
10634,500530,501754,181,470
21187,501816,501750,102,1330
1204,500392,501837,205,424
5427,500752,500757,126,891
1036,500098,501948,160,393
12820,500020,501881,177,619
15667,500010,500324,37,66
1854,500974,501950,29,172
8598,501005,501684,74,139
1730,501884,500455,122,153
9422,500233,501020,119,195
7326,501588,501058,160,563
21234,500754,501251,89,103
12778,500405,501202,13,51
25713,500774,500479,215,301
12403,501982,500117,133,398
9088,501736,501318,18,95
26290,501078,500437,62,150
6337,501713,500790,114,288
15468,500402,501395,169,523
10937,501376,501875,120,434
21274,501963,501667,99,718
21899,501736,501971,51,160
18666,501741,501394,147,243
26008,501712,501907,99,244
1366,501314,500532,124,420
26309,500886,500177,171,181
23903,500311,501584,48,122
17272,501056,501866,148,436
25037,500659,500250,140,304
21265,500534,501008,34,98
15729,501139,501307,185,528
27822,501406,501414,137,283
15984,500381,501525,152,287
11382,500668,500309,118,437
8116,500284,500665,59,205
10365,500512,501082,166,116
23081,500647,501184,184,385
26395,501054,501812,27,93
2036,500498,501928,126,212
26844,500565,501325,158,207
16099,500392,501735,160,501
5527,501426,501362,174,405
1486,501107,501571,125,376
10341,500770,501857,134,935
22740,500815,500363,15,182
305,501916,501715,140,161
1341,501193,501490,157,321
6764,500433,501274,195,180
22706,501478,500788,125,291
20806,501299,500503,112,433
1273,500972,500971,174,528
4302,500207,500725,143,349
12048,500009,501890,166,564
7305,902988,500638,59,425
23326,501325,500543,153,333
13127,501413,500902,43,151
16080,500135,501184,198,301
3203,501080,501108,105,460
22698,501572,500781,124,321
1126,501837,501964,38,69
7544,500455,501091,128,281
22569,501591,501058,124,509
7613,500198,500451,124,584
6025,500233,501024,92,958
18717,500116,501765,119,202
20067,501780,500402,106,581
27801,501912,500897,30,97
26256,501983,500412,36,133
7520,501032,501798,170,588
3194,501117,500410,121,261
7121,501234,500391,134,518
21994,501768,500811,168,397
13959,501208,501055,117,698
8857,501383,500580,198,228
23600,500197,502000,48,289
13957,903898,501222,138,343
25884,500876,500183,102,432
5646,501682,500675,122,286
7535,501728,501545,143,277
8809,500697,501815,187,110
22955,501128,500117,128,237
10003,500361,500051,171,627
16128,500792,500615,175,171
8473,501850,500565,68,87
6513,501273,501128,122,222
8081,500781,500570,140,169
8548,500844,501228,163,778
23942,501605,501916,113,308
17243,501425,500949,50,113
1264,501028,500376,136,158
11340,501567,500193,126,653
15873,500645,500645,150,319
18076,501550,500816,53,121
26345,501170,500376,150,495
18169,500197,501668,68,303
13574,501917,501792,83,211
23192,501713,501764,108,1609
29423,501224,501458,88,532
11925,501108,500247,26,211
4181,501070,501368,35,173
10008,501330,500241,77,454
15801,500356,500334,159,590
1822,501438,500284,176,230
4356,501293,501303,133,418
16966,501029,501504,139,234
14671,500825,500180,225,496
21971,501422,501354,50,75
5921,501751,500728,188,369
29401,501166,501113,120,420
6953,501808,500816,139,1006
22202,501993,500771,164,155
2035,500009,501883,145,499
21520,900384,501207,169,273
7654,500386,500714,93,334
6855,501720,501466,43,174
16904,501995,500218,179,221
29381,501531,501386,169,392
4832,501767,501281,42,103
4729,500999,501943,82,767
27025,501795,501509,23,50
17925,501440,501173,101,197
15493,500800,501002,178,664
15009,500126,500601,92,436
22215,501675,501078,117,314
21812,500731,501355,128,148
463,501960,501607,75,692
10419,500413,500199,155,435
701,500496,501002,155,355
17279,500505,500395,128,410
2690,501261,500013,116,650
21075,500848,500847,93,344
12122,500075,501015,27,66
25988,501815,500368,188,415
24376,500100,501208,115,461
26535,501573,501772,101,563
4583,501233,501238,116,787
10639,500151,501374,131,595
4798,500320,500297,98,442
10557,500687,501686,121,312
11328,500628,501868,110,186
29605,501325,501085,122,1971
22868,501000,501825,152,368
21417,500267,501784,157,276
6912,501858,500557,46,88
11134,500718,500546,115,224
25087,500990,500402,148,625
17629,501090,501028,156,110
7345,501363,501919,192,757
16300,501781,500981,169,263
18050,501926,500519,106,348
7750,501992,500605,147,242
3873,500480,500672,119,757
11867,501280,500253,131,681
14055,501355,500475,134,496
22851,500545,501697,184,543
7333,500257,500518,83,335
28109,501176,501488,118,285
9270,500064,500245,56,46
4507,501543,501649,17,69
8955,501755,500830,102,445
17157,501671,500864,15,52
13506,501249,501019,205,489
1184,501324,501547,186,311
15683,500485,500650,150,432
8718,501714,501163,59,66
14219,501545,501494,60,552
8402,501066,501376,169,423
17208,501883,501307,151,547
5751,501854,500775,36,132
18934,500660,501293,32,79
23030,500792,501306,149,412
27340,501336,501819,112,276
4332,500837,500503,139,303
1120,500291,500049,164,807
29436,500346,500255,175,253
13318,500178,500925,60,124
7695,501740,501225,45,134
10783,501019,501237,167,607
14651,500440,500900,169,228
29863,500908,500848,208,366
26990,500356,501499,114,329
18333,501236,500746,171,558
24830,500090,501214,74,292
14621,500650,501662,159,393
11210,501488,501135,215,294
9490,500105,500105,131,415
25230,500297,501376,153,645
13278,500728,500792,75,291
19886,500172,501232,156,549
28528,500645,501112,157,177
11911,501280,501464,26,249
26726,500915,500367,124,403
8988,501547,501119,147,207
12835,501970,501537,174,173
5817,500377,500182,17,196
27220,500414,501625,175,245
21612,500007,501747,145,272
787,501707,500066,137,1190
3141,500800,501135,181,719
4560,501338,500391,70,558
27471,501407,501162,161,512
27093,500623,501099,22,99
15905,500360,501691,49,323
19969,501135,500782,194,277
9129,501960,500442,107,1234
19987,500257,500721,138,698
4312,501515,501305,203,299
11682,501471,500633,189,728
18757,501870,501743,91,661
19263,501611,500203,148,1506
766,500502,501807,36,61
7607,500029,500905,119,915
23557,500832,500068,177,104
3325,500723,501194,207,189
24206,501901,500786,142,500
18284,500359,500723,147,537
22380,500185,501712,30,78
26022,501357,500438,170,200
24103,500754,500266,21,113
7729,500556,500631,117,213
22965,500208,501333,82,382
20638,500870,500711,151,401
27592,501470,501353,129,795
20678,500250,501943,20,119
24501,500320,501775,93,956
21540,500598,500145,0,118
27827,500472,501679,155,104
6699,500248,500923,179,498
14743,501985,500688,3,50
12756,501029,500119,151,286
27830,501293,500662,142,367
29521,500174,500510,148,239
2432,501043,501568,117,370
27856,500529,501052,92,523
3510,500256,501206,105,399
28610,500606,500925,141,178
5616,500005,501707,179,258
1479,501997,500616,192,317
48,500102,500219,19,190
4076,501383,501014,201,356
26906,500143,501828,187,158
14883,501884,500734,187,1521
785,501275,500484,95,698
12657,500835,500119,110,321
27076,501207,501644,108,196
28708,501115,500413,158,208
23609,500475,500927,113,436
21020,500123,500401,132,706
28620,501499,501513,176,171
3513,500726,500531,136,527
29672,501676,500160,137,405
23499,501162,500019,131,317
23131,500189,500909,153,390
18441,501938,501676,214,379
26767,501436,500562,137,533
26275,501020,501417,49,230
21657,501986,500647,144,207
25190,501406,500747,122,101
13362,501825,501103,77,375
26994,501433,500476,162,618
27590,500166,500566,176,568
19816,500326,500345,145,482
16070,500248,500511,29,58
15589,500959,501529,165,232
372,501736,501929,137,352
3048,501619,501973,148,665
14406,500510,500900,173,781
19041,500528,500076,100,533
15486,500839,501476,25,79
23107,501136,501027,109,585
991,500518,501889,165,321
8401,500840,501694,92,969
25208,500237,500876,35,101
24284,501970,500915,177,367
477,501144,501759,129,535
16791,501741,501050,153,325
9507,501113,501859,26,90
1417,500544,500519,53,217
10862,500835,500395,148,723
27887,501383,501969,157,954
17,501592,500980,132,695
17414,501390,501261,146,599
28523,501108,500731,207,634
14043,500520,500481,152,230
15027,501088,500650,17,136
4853,501570,500668,175,304
23513,500312,501509,148,251
9349,500561,500991,124,441
17515,501987,500067,38,125
10274,501630,501971,180,300
21355,500996,501323,207,457
20520,500066,500514,91,652
14251,501062,501024,115,284
10319,501275,501808,33,348
13490,501751,501075,147,539
22127,500925,500391,105,610
22207,501239,500403,138,1055
9925,501676,501060,163,163
11406,500547,500050,238,382
24440,500884,500819,120,518
2352,501518,500636,177,100
28824,501684,500648,35,85
6718,500386,500986,140,229
14749,500950,501305,199,708
23219,501413,500530,155,324
17383,500222,501990,180,567
18736,500253,500980,170,371
25754,500687,500420,141,249
15183,501275,500314,73,330
9343,501606,501638,153,361
11198,500344,500522,156,354
27394,501356,500423,39,41
4546,500949,500763,57,102
10664,501879,500529,26,169
27479,500076,500782,154,325
10091,500228,500583,160,936
11365,500447,501208,144,329
12232,501238,501053,151,1328
2893,501980,500695,54,105
25687,500777,500912,122,718
19160,501179,500935,99,378
20884,500222,501054,206,522
12609,501267,501153,120,403
6916,500148,500531,142,215
16497,501220,501715,137,846
21991,501379,501719,106,864
11954,501027,501923,142,514
939,500950,500422,108,449
5687,500930,501144,140,1132
13999,501901,500148,110,429
982,500395,500544,129,269
24102,500764,501105,125,345
24226,501014,500497,156,307
12240,501281,501584,89,105
13012,501651,500268,187,256
1609,500433,500232,33,133
19771,500528,500228,87,457
19763,501558,500688,44,195
8918,500969,501787,189,516
16258,501534,501611,46,83
15504,500278,501270,123,379
11956,500633,500672,199,664
16287,501704,500255,111,362
12208,500891,501051,101,275
25571,501285,501333,130,283
16239,501019,500580,125,304
8298,500891,500756,123,871
435,500566,501275,104,1617
27154,500297,501115,53,143
6837,500725,501966,157,358
18535,500547,501730,76,356
19330,500272,501575,121,362
1465,500609,500658,151,339
23138,500202,500777,98,700
27640,500489,501127,77,199
3322,500218,501975,147,525
3207,500642,501850,142,145
3178,500491,501338,184,468
29263,501751,501764,156,715
17857,501584,500056,167,246
10255,500597,501690,251,197
29315,501837,501059,190,581
17407,901865,501668,173,257
11415,500424,501025,36,176
7019,501990,501808,144,664
15462,501185,501567,147,202
25861,500308,500356,96,273
28518,501494,501717,153,550
7462,500710,501403,107,846
17234,501689,500093,193,320
15055,501528,500691,132,392
16416,501687,501168,128,232
29739,500268,501682,99,300
1875,501073,501489,149,971
6047,501869,501174,146,244
27231,501965,500145,92,362
15438,501333,501228,169,380
14903,501489,500322,219,487
14369,501353,500942,191,541
9453,501346,501170,84,97
19552,500764,500696,152,297
12908,501452,501452,157,239
8999,500636,500177,122,603
26928,500478,500842,167,341
8662,500974,500758,10,94
8457,501595,500057,159,575
20809,501519,501571,146,275
2778,500911,501436,23,366
12808,501326,501383,90,163
24362,500978,501219,137,702
29377,501679,501045,133,276
21714,500616,501695,160,202
27852,501434,501841,20,199
29774,500402,501601,160,238
24983,500611,500943,96,850
9495,500296,500782,158,419
1722,500251,501713,163,547
18080,500868,501487,126,310
21712,500546,501020,114,353
22290,501756,501575,108,287
28628,501221,500953,148,352
11444,500215,500706,155,486
23620,501495,501174,129,204
23150,501166,501233,107,215
15413,500159,501085,108,398
28803,500217,501531,92,634
11871,903261,501239,117,614
18040,501022,501889,155,509
12593,501457,501507,137,303
13134,500211,500248,74,256
1603,501652,500813,218,212
16758,501122,500837,109,476
19295,501079,501085,161,1026
5087,500880,500874,147,626
17418,501295,500343,133,396
27097,500104,500037,120,331
11922,501551,500045,160,583
26904,501291,500599,127,403
27053,500022,500054,157,1142
29251,500712,501841,49,66
22578,500911,500675,39,566
20521,501027,501843,153,487
29596,501636,501654,165,928
24820,501367,500771,142,582
24680,500420,500088,91,322
20442,501666,501078,128,560
23834,501483,501784,160,316
15488,501441,500638,100,513
19258,500937,501615,135,405
5692,501859,501728,112,709
28595,500645,501701,73,511
7060,501087,501577,138,260
23511,500642,500013,160,242
27081,500400,501652,170,374
15046,501050,500011,33,70
15787,500890,501206,198,291
22018,500932,501519,95,768
24791,501801,501772,41,140
9175,500455,500943,130,165
10460,501686,500371,132,389
26588,501332,500757,119,1469
2061,500758,500062,39,141
21784,501148,501925,157,420
21596,500236,500979,162,331
17019,501917,500638,119,958
8267,500282,501027,62,187
17211,501273,500066,163,423
2996,500128,500300,136,221
618,500519,500478,97,293
17023,501506,500759,51,94
7818,501494,501227,123,551
6533,500718,500610,105,389
9980,500006,500219,151,553
3454,501155,501581,133,420
21082,500980,501681,62,350
24030,501681,500293,113,293
21489,500825,501113,124,769
12736,500765,501640,122,635
29667,501948,500075,160,205
17965,500405,501247,133,969
23552,500213,501429,143,351
17079,501617,500487,111,232
6902,500593,500990,166,573
6570,500400,501616,197,512
21408,500278,501323,153,505
4823,501177,501131,147,631
24926,501285,501167,71,54
8407,500747,501731,17,88
14991,500629,501552,45,243
9226,501804,501448,100,361
21411,500256,500653,112,846
19197,500343,500215,145,723
22078,501319,501163,155,538
2409,500070,500091,164,677
20276,500760,501499,128,380
5076,501106,500970,111,144
11607,501206,500910,72,256
4259,500741,500070,51,56
13505,500641,501309,14,144
7982,500304,501499,213,276
25603,501999,500895,120,329
15923,501657,501869,154,139
2339,500880,501159,33,179
21112,501654,500464,158,390
28302,500051,500884,145,209
11462,501019,501305,206,225
10638,501149,500685,170,762
23348,501432,501352,47,264
29444,500651,500264,164,408
23894,500050,501406,86,344
15225,501724,500203,147,671
29565,501234,501043,107,197
17094,501553,500676,84,771
2782,501916,500756,138,508
12142,500680,501551,51,95
8200,501723,500990,185,333
16310,500930,501127,125,266
25758,501750,501578,151,662
12418,500988,500489,204,438
15581,500861,500669,150,380
7692,501110,500401,145,402
2923,500761,501384,0,99
5154,501302,501651,123,232
18600,500628,500878,106,143
19653,500295,501414,115,282
27106,501661,501201,163,296
2767,500501,501199,123,330
25631,501473,501826,214,403
826,501184,501963,166,438
10093,500105,501117,141,655
12964,501190,500026,183,600
3647,500502,500739,205,324
5532,500132,501345,150,339
9235,501028,501430,44,131
24499,501491,501045,49,110
28117,501570,500110,166,262
9753,501568,500830,78,363
8968,500804,500632,129,304
15495,500885,500710,231,684
29244,500512,500098,82,447
22655,500374,500203,150,404
6185,500341,500984,38,147
7369,501080,501367,107,218
15104,501726,500454,114,228
5909,501918,500332,101,245
24891,501091,501869,152,344
4535,501652,500231,68,98
2958,501767,501834,182,407
681,500615,501310,48,303
15174,500338,501550,167,229
13023,501149,500734,140,516
10720,500949,500237,143,435
16529,500446,500692,33,83
28277,501703,501485,111,100
296,500549,500777,62,133
16294,501511,501226,147,143
7913,500587,501820,36,349
1657,500845,501761,130,550
12386,501520,501428,187,234
6198,500269,500554,52,232
1863,500057,500676,66,673
11950,501219,500202,163,646
14491,500720,500888,172,362
3793,500978,500110,158,797
26153,501997,500295,143,89
7286,501274,500632,60,366
9615,501174,501578,75,350
7051,501981,500455,149,549
482,500821,500274,107,318
12457,501307,500207,62,93
13633,501762,500334,131,519
15419,903919,501573,138,330
16789,501740,501596,87,429
27114,500616,500870,49,42
2405,500279,500416,199,755
19052,500441,500156,126,390
29237,500814,501465,144,287
27180,501066,500819,47,179
20663,501578,500431,66,122
17903,500020,501479,170,257
4996,500757,500737,169,339
24863,501066,501353,148,644
26129,500814,501581,29,147
19832,501964,500124,42,292
367,501250,500997,56,93
22348,500731,501237,120,384
21463,501211,500057,152,1084
5834,500293,501338,151,438
26697,501456,501748,29,208
5424,500127,500391,173,351
9505,903135,501651,132,150
16486,500209,500581,47,82
17772,501622,501780,152,451
16341,500919,501570,125,201
529,501609,501611,184,812
26289,501694,500581,172,835
19453,500239,501982,107,280
22329,500806,500468,163,309
14677,500382,501016,26,80
17293,500902,501171,128,522
11045,500551,501016,105,428
19831,500597,500256,118,643
28684,500174,501562,158,277
24676,500607,500230,48,133
24048,500033,501581,144,175
665,501057,500839,225,588
20247,501261,500198,132,490
25383,501240,500340,28,179
22893,501524,500028,76,89
2598,501323,501014,137,399
5839,500505,501873,161,487
6012,500447,500754,162,598
20790,501157,501971,104,456
19340,501616,501920,153,484
22310,501749,500640,154,248
15785,501695,500120,112,342
14758,501755,500213,112,490
9082,500896,501608,79,430
27341,500374,501609,150,515
2808,500824,501630,134,109
27936,500112,501272,177,474
2601,500005,500451,118,432
13183,501326,500463,120,649
7557,501943,500105,80,183
1307,501057,501114,150,612
1545,501986,500722,170,714
4946,501798,500442,135,456
2436,500155,500844,133,727
20610,500842,501349,117,220
27430,501376,500873,128,465
5989,500201,500480,101,264
4749,500311,500496,147,398
24600,500184,501588,108,1002
7069,501486,500669,79,338
16824,500269,500371,182,222
800,500181,500320,96,434
4608,501852,500640,33,90
7246,500896,501971,127,245
26376,500681,500738,138,170
5169,501648,501052,64,167
14578,500778,501843,32,276
8257,500726,501346,148,461
29586,500591,500510,20,71
6660,501254,500687,0,206
19423,500919,501407,135,458
14349,501308,501102,136,331
5938,501973,501319,176,585
526,501499,501817,121,661
6291,501847,500893,206,312
8854,500217,500960,116,273
1369,501430,500262,95,438
25645,501424,501054,104,299
28104,501527,501048,147,370
14236,500164,500237,121,719
13387,500257,501323,143,348
12998,500076,500076,160,589
2555,501550,501139,143,244
17713,501520,501393,122,397
18051,501051,500239,149,1114
23482,501633,500550,150,610
6074,501886,500460,152,488
19604,500051,500361,155,185
24741,500957,501716,181,1183
23927,500126,501423,171,702
3148,501849,501953,16,86
28838,500749,500190,166,451
17494,500416,501700,126,343
3007,501013,501415,26,85
19451,501363,500109,122,304
8536,501924,501239,160,615
14889,501314,500004,131,378
18231,501524,500188,163,366
4151,501739,501676,119,265
24395,501048,501889,152,226
29208,501661,501715,194,465
25125,501037,501852,169,412
14244,501837,501073,146,216
20700,501819,501033,137,255
14457,501577,500181,38,186
19007,500942,501112,114,371
6904,501592,501398,146,776
26449,500438,500236,164,421
6061,500077,501883,113,422
6745,501023,501802,154,162
16293,501238,500637,130,601
23925,500807,500116,54,136
4272,500496,501291,74,115
23393,501529,501956,158,421
20681,501408,501988,17,99
4278,501531,500816,147,449
10690,500905,500333,140,182
29529,501326,501752,129,437
6068,500014,500936,26,174
26163,500192,501335,137,350
22209,501483,500637,157,557
1973,500683,501777,132,616
28590,501998,501413,211,573
7537,501793,501872,128,238
22312,501853,501072,168,705
27592,501470,501353,129,795
25540,500185,500211,137,274
24054,501578,501384,143,408
13537,500698,500572,193,339
10353,501681,500672,126,742
17806,500950,501424,130,480
7884,501865,500911,26,105
21050,500871,500667,205,262
26459,500382,500548,186,447
29417,500188,500797,150,400
7792,501865,501651,41,152
5479,500804,501923,26,173
17909,501203,501025,181,390
8357,501482,500785,128,502
21017,500995,500312,107,292
20711,501439,501782,111,563
11081,500629,500906,35,112
17387,900443,501880,171,984
14451,501242,501576,22,147
7858,500909,500712,106,341
24862,500436,500662,160,797
130,501703,501300,99,1021
15688,501689,500371,150,391
7219,500133,501160,129,577
252,500003,501922,134,436
13896,501605,501478,89,606
17225,500712,501161,210,434
9049,500939,500228,70,125
25791,501217,500064,143,288
21915,501578,501311,120,219
8320,500524,500023,107,471
2550,500328,501450,121,387
19460,501072,501549,45,130
21394,500777,500824,147,550
20243,500709,500570,151,1566
10314,501834,501135,41,180
21880,501357,501595,103,291
21625,501322,501341,144,265
7887,501646,500232,132,230
11404,501897,501822,39,108
16917,500930,500960,120,446
15099,501956,500759,113,305
20133,500900,501315,142,561
26968,500783,501460,141,204
4330,501429,501551,126,358
12643,500120,500370,45,81
10501,501072,501727,201,288
2471,501677,500936,140,849
2306,500625,500610,74,366
24322,500395,500173,97,624
22879,500365,501339,12,193
20051,500470,501364,171,245
7377,501818,500079,129,414
20611,501426,500833,109,379
22478,500860,500060,47,106
22143,501070,500029,128,95
18675,501106,500457,79,364
4941,501786,500959,63,70
17456,500304,500968,129,225
25284,501712,501445,86,619
28053,501889,501953,139,206
26178,500026,501485,136,247
9647,500987,501792,165,634
29996,501261,501818,133,412
23226,500663,500320,128,511
22288,500788,500784,107,155
12982,501645,501046,75,679
20499,501082,501085,154,486
3665,501259,500497,120,269
13378,500183,501943,124,1442
13095,501905,501730,168,510
20023,501519,501176,120,270
17952,500489,500281,39,142
6662,500207,501045,128,750
6769,501545,501806,149,392
5462,500371,500002,146,280
6913,501617,500116,195,586
8812,500258,501203,144,1044
29573,500383,500882,175,658
3618,902279,500562,70,150
20410,501149,501495,125,359
3288,501643,501357,113,221
3234,500905,501521,138,313
29064,501394,501532,127,294
20757,500126,500401,74,341
9676,501612,501353,169,309
12887,501725,500103,0,171
6214,501146,500642,122,681
9014,500633,501589,22,115
25934,500046,500320,125,201
7935,501355,501741,130,284
6936,500765,501828,92,421
13565,500788,500926,184,665
21196,500872,500831,11,113
11056,501931,501826,148,267
5629,501463,501255,145,210
1472,500321,501244,144,448
20125,500640,501165,58,383
16171,500785,500238,141,1118
22751,501485,501251,157,167
19387,500391,501711,93,583
12262,501495,500615,147,563
22840,501747,501335,58,269
15813,501310,501804,181,466
5506,501816,500613,187,316
22116,501219,501324,24,162
27262,500819,500925,111,377
18410,501269,500732,164,341
10658,501280,501353,131,646
6255,501385,500442,29,276
24987,501397,501768,137,367
8554,500530,500647,183,394
18798,500559,501311,133,288
5853,500870,501266,78,343
23298,500733,500935,87,851
29674,500335,501180,134,298
7348,500095,500374,127,1118
6691,501109,501662,212,760
4367,501862,500366,187,520
19152,501697,500498,119,311
25101,500006,500237,74,252
14770,500059,501869,179,356
19163,500659,500173,140,275
20296,501344,500041,109,309
24381,500574,500786,54,192
29352,501757,501857,189,1326
21345,501289,501718,69,161
8562,501861,501431,235,1257
20251,501344,501066,146,610
6402,500142,501394,167,405
7445,501199,501015,127,272
13658,500213,500060,155,209
2671,500192,500121,153,188
26769,501499,500997,172,359
20598,500830,500739,228,198
7432,500497,500267,174,144
17595,500256,500051,128,238
25408,500599,500624,7,66
18954,501393,500902,167,655
25160,501609,500172,114,398
29583,500061,501973,168,75
3274,501348,500649,47,110
24041,501494,500433,152,795
19264,500807,500357,15,89
23459,501928,500663,89,588
23520,500535,501253,57,174
5754,500300,501362,59,35
1980,500858,501971,90,632
11097,501316,501675,122,103
29708,500927,500270,47,80
19787,500528,500399,154,606
4224,501059,500203,101,597
5285,500472,500712,175,775
24596,501375,500343,22,45
28474,501929,500912,184,399
12453,501143,500986,90,455
4270,501409,501041,83,383
12905,500074,501640,168,233
358,501368,501600,178,707
8406,501326,501788,152,641
23738,500962,501480,44,80
423,500255,500325,37,187
27658,500822,500900,24,254
18461,500885,500206,181,531
21955,501670,501848,180,749
2120,500762,501718,55,847
2037,500184,500864,23,88
2714,500363,501833,169,584
971,500207,501034,118,460
15035,501888,501808,148,429
17397,501806,501583,131,169
11314,500312,501093,128,435
22678,500944,501782,187,356
12687,500041,501813,56,186
17446,501108,500506,98,244
28144,500587,500289,160,205
16746,501143,501636,135,217
12545,500622,500192,175,599
25437,500126,501465,169,271
22172,501686,500944,203,225
14992,500882,500576,109,469
15724,501955,500856,149,311
8303,500401,501751,140,372
4014,501255,500615,173,304
29121,500931,501883,123,240
4786,501760,501143,142,260
7038,500319,501928,57,191
16807,500556,501099,135,483
10910,500160,501726,142,533
16905,501330,501330,157,735
12120,501325,500890,110,573
15220,500055,500493,40,94
21617,501046,501295,104,362
11410,501612,501717,126,424
17513,501406,501053,179,670
6775,501920,500764,40,250
6905,501489,500535,110,434
5217,500824,501528,196,728
8994,500346,501829,64,109
27021,501628,500286,39,75
13536,500540,501342,39,63
23740,501628,500712,86,891
5703,501084,500615,141,295
26879,500920,500917,17,64
25405,501739,501537,173,286
16853,501259,500261,95,459
16046,500475,501721,150,323
643,500486,500026,45,339
12518,901592,501426,84,447
21183,500256,500253,170,381
10734,501880,500814,129,397
18952,500738,500696,154,526
4519,500751,501113,203,255
26174,500359,501591,172,560
4111,501991,500391,129,1088
258,500816,500400,142,512
16923,501718,500414,145,198
3464,500767,501045,108,566
19586,501037,500441,123,354
28922,501990,500947,88,246
11844,500737,501483,74,542
15501,500293,501473,125,676
23688,500101,500145,200,236
10794,501964,500559,128,656
20426,501529,500318,168,680
3023,500366,501871,33,194
157,500821,500712,191,478
12786,501107,501786,60,419
15744,501068,500056,178,193
14040,501953,500075,155,572
29309,500232,501982,122,658
3121,500079,500067,163,409
16159,501868,501837,160,422
5254,500669,501833,147,402
18460,501464,501536,170,345
8532,501199,501019,14,87
24407,500257,500566,166,303
16210,501132,501028,22,278
3264,501768,501541,144,1011
6305,501542,500366,177,324
15679,501577,501055,139,330
11121,501492,501553,99,617
5750,501303,501239,140,323
27759,501144,501904,139,702
21151,500858,500750,140,366
17871,500702,501922,211,362
16931,501096,500749,89,291
17149,500616,500702,91,507
4942,500345,501084,176,842
13551,501759,501505,182,227
9898,500196,500064,120,666
11049,501928,501081,95,424
28910,500915,501928,156,160
13963,500039,501527,137,236
17937,501825,500029,183,422
1795,501048,501749,115,280
13099,500884,500712,126,211
15451,500291,501096,108,540
13833,500862,500272,115,274
8551,500111,500080,105,484
23682,500289,500461,136,846
20837,501233,500420,123,159
27454,500562,501658,160,408
17525,501894,500989,114,427
26107,500413,501859,126,659
2314,500652,500302,2,75
7431,501608,501311,159,591
15545,501511,500533,119,525
636,500066,500857,142,253
29484,501718,501917,22,151
17771,500655,501212,195,382
27965,501524,500750,99,467
8571,501691,501375,108,495
22099,500315,501772,64,83
2240,500302,501654,164,462
4648,500896,501527,71,160
5497,500506,501291,161,455
5957,500440,500438,164,423
24985,500970,500076,144,279
11586,500771,500726,165,543
994,501346,500476,182,341
6838,500729,500640,149,435
5812,501584,500613,158,457
18836,500090,500278,126,657
18312,500454,501384,89,1062
27486,501860,501158,65,564
6612,501862,501486,169,249
10781,500041,500890,130,239
18379,501846,500464,117,333
6984,500997,500593,121,206
2317,500910,501081,163,321
3105,500893,500359,157,547
14891,500342,500101,154,368
8778,500399,501231,95,855
18439,501607,501825,127,617
21206,501717,501798,149,165
4785,501098,500523,190,573
10117,501652,501889,120,437
29884,501036,501378,48,83
11493,500845,501964,62,136
17377,501326,501318,45,187
29645,500495,501152,31,202
19327,500935,500822,52,107
27976,500070,501107,111,252
27432,500978,501432,29,148
10395,500712,500475,133,297
15633,501247,501536,169,219
21363,501735,500004,126,167
8830,500392,500138,89,398
21865,500070,500195,59,129
11688,500217,500996,147,500
25928,500094,501112,152,382
5134,500832,500691,118,298
18902,501697,500919,175,779
10474,501131,501147,168,557
2777,501067,501899,39,143
1769,500368,501075,128,472
19988,500616,501985,110,839
21336,501970,501998,142,525
11111,501700,500502,220,870
1428,500813,501219,177,337
6127,500947,501704,110,696
2805,501715,500722,116,425
712,500268,500173,89,573
16556,500042,501763,128,203
24934,500133,501195,107,232
13832,500459,501043,180,705
13532,500222,500419,160,383
18886,501573,501681,198,590
22593,501247,500075,198,331
15103,501342,500833,9,87
3182,500687,501785,35,163
5701,500704,500950,23,383
2632,501241,501825,60,112
9448,500944,501916,138,332
27935,500739,501518,124,435
3114,500927,501919,164,262
6429,500056,501846,175,147
24015,501975,501390,117,670
26374,500491,500434,43,70
9437,501046,501345,63,759
26240,501943,501741,107,464
23839,500914,500356,185,307
1385,500237,501063,129,1000
12762,500622,501646,163,530
4518,501313,500419,51,70
20167,501492,501631,122,414
7811,501983,500761,71,65
5408,500616,500090,109,356
8377,501928,501349,125,315
9843,500350,501286,3,88
6682,501517,501023,176,1113
22894,501173,500716,142,956
28250,500198,500337,32,97
1590,500528,501729,140,196
19852,500684,500620,88,86
13080,501601,500645,118,252
19932,500049,500743,152,794
4884,501255,500143,131,363
522,500797,500019,154,292
24201,501996,501185,101,804
8656,500280,501682,159,210
28600,500004,500914,112,399
12289,500722,500627,165,374
18069,501202,501425,93,294
17026,500966,501197,137,618
20384,500441,500026,165,542
5937,501788,500572,124,191
28547,500324,501135,141,760
24072,500022,500696,135,451
28762,501170,501767,142,367
13064,500553,501291,207,275
27599,500550,500512,88,689
17105,501506,501290,0,127
1326,500008,501615,161,593
16214,501928,501012,87,732
20170,500310,501683,31,131
16873,501916,500941,141,500
29231,501082,500326,202,520
696,501570,500611,184,149
28998,500805,501204,166,355
5735,500615,500256,124,213
20441,501655,501785,118,286
5236,500392,501306,173,373
27010,500356,500239,185,272
11539,501666,501193,36,310
8822,500461,501644,95,565
17361,500197,501734,103,201
29598,500373,501875,195,203
5600,500298,500050,36,172
22750,501666,501282,149,205
856,501701,500867,123,445
24567,501795,500632,97,234
25618,500706,501530,149,710
27374,501971,500923,142,928
22708,500278,501838,45,85
6418,500841,500920,125,535
29188,501846,500909,91,317
28098,501162,501340,117,518
12487,500942,500725,114,361
2658,500607,501341,160,856
9086,500321,500489,255,796
5605,501534,501996,188,178
2610,501635,500795,141,236
13988,501730,500101,177,323
18348,500767,501861,160,285
25493,500492,501076,205,732
21523,501274,500424,143,1236
8010,501082,500593,111,641
12344,500565,500916,142,398
9840,501772,500444,154,356
3891,501677,501967,194,842
15375,500938,500931,159,1052
22332,501439,501238,89,501
6378,501467,500119,207,405
20311,501110,500720,173,629
23660,500496,500065,173,453
17261,500252,500335,129,150
10570,501440,500438,144,502
148,501980,500662,182,575
13460,501822,501816,22,115
6576,501878,501873,123,444
24542,501633,501531,89,265
29612,500266,500581,115,240
11284,501319,501159,179,443
11545,501488,500710,118,241
3151,501592,501275,115,279
13954,501149,501107,152,644
27446,501875,501327,147,332
7680,500634,501055,6,245
26654,501982,500655,17,75
21458,500943,500709,191,217
27519,500608,500970,80,237
25555,500636,500751,106,373
23385,500321,500367,65,89
27764,500645,501778,144,298
14147,501583,500355,38,166
11661,501234,501513,172,435
23323,500010,501356,142,855
1637,500213,500023,77,511
25643,501912,500924,140,261
4495,501285,501633,190,198
17285,501193,501918,121,417
9064,500213,500969,77,347
2348,501054,501109,118,187
25379,501986,500363,184,233
8944,501796,500862,216,323
8939,500868,501406,86,343
17911,500632,500870,70,278
25881,501530,500267,127,427
18770,501577,501986,158,664
6326,500615,500769,4,114
13616,500312,500912,140,480
7266,500489,500733,119,644
24192,501946,500702,196,244
10776,500635,500908,33,58
7767,500155,501033,100,214
27642,500001,501224,114,407
11095,500506,501651,44,278
13418,501259,500077,98,725
10666,501199,501860,112,533
12824,501741,501428,179,454
11551,501541,500749,36,515
11700,500451,500608,106,471
767,501948,501611,131,263
1303,500829,500441,20,90
2519,501213,501221,84,201
9268,501448,501511,142,143
29243,500162,500527,123,413
27872,501219,500528,134,163
22101,500510,501146,177,325
14140,501946,500115,105,650
10298,500945,500313,25,155
6270,500237,501729,154,212
8654,501053,500041,189,341
20744,500248,500207,153,528
8012,500636,501478,63,115
7294,500034,500200,133,282
7531,500573,501186,46,178
6264,501378,500279,51,185
11707,501763,501473,143,414
28975,500850,501280,21,74
8345,500570,500415,167,328
14151,500371,501996,111,151
29987,501584,500520,204,373
28352,501660,501285,154,516
885,500862,501384,33,52
153,500248,500180,147,350
204,501298,501976,91,459
16892,900632,500399,151,388
25150,500930,501677,90,572
14136,502000,501226,95,226
11398,500093,500342,151,383
6983,500524,501319,172,484
7847,501491,501193,42,529
2013,501440,501980,170,448
2590,500363,501390,206,678
11255,501519,501119,101,301
12679,501146,501093,158,612
20367,500819,501330,135,474
23237,501976,500022,22,252
9815,501269,500683,117,617
1117,501635,501204,125,727
26998,501921,500409,49,170
18940,501460,500144,124,498
10126,501598,501147,140,254
28751,500716,500716,149,247
21704,501407,501505,162,148
17533,501747,501255,110,387
12220,500162,501139,109,541
20529,500706,500939,134,1051
29828,501430,500764,159,354
19351,500033,500925,190,313
6802,501749,501926,53,692
14722,501304,501631,194,158
19890,501946,501686,116,529
10707,500523,501310,62,98
7278,501948,501375,15,399
8436,501815,500330,111,341
19428,501580,500908,135,341
28388,500268,500687,36,64
4974,500336,500902,210,131
28115,500909,500799,97,418
4604,501592,501303,42,43
658,501391,501945,138,163
19443,501773,501723,147,484
6834,500495,501027,148,215
24371,500705,501171,160,189
18224,501533,500259,184,284
23783,500890,500312,152,343
717,500657,501179,143,829
18845,500902,501656,129,288
619,501122,501215,132,451
6293,501768,501777,201,890
2489,500739,500739,175,375
15678,501473,500856,186,204
5020,500302,501131,99,413
22962,501110,500236,125,525
5648,501346,500846,183,406
3389,500020,501443,119,365
5193,500841,500212,151,369
21662,501467,500815,39,337
24918,500546,500028,165,347
17457,500546,500566,63,248
13741,501788,501616,219,302
2295,500680,500821,11,124
24786,500783,501644,166,1362
20038,501453,501247,144,239
5037,501786,500783,124,641
26441,500885,500115,115,1001
4132,501662,501452,132,342
22768,500314,501069,159,652
28687,501404,501037,181,493
26803,501499,500922,142,326
6110,501563,500145,172,280
22754,500578,501158,101,299
10764,500876,501147,117,488
5948,501582,501998,214,534
27960,501678,501909,18,118
1887,501251,500877,165,151
25220,500519,500281,96,274
10663,501533,501461,146,562
19540,500250,500481,120,994
15337,501002,500882,137,495
6149,501598,501704,142,249
9998,501668,501576,137,291
20061,501310,500771,85,213
16374,500461,500268,98,937
21092,501054,500781,139,370
8161,501719,500111,136,626
29387,500564,501461,109,173
24578,501391,500754,29,142
2762,501568,500662,119,351
14115,501017,500514,104,345
27256,501238,500464,84,619
2635,500077,500077,170,340
25345,500306,501232,33,158
22561,500026,501958,26,160
20303,500526,501858,145,491
24520,501663,500804,167,312
6360,500174,500077,119,314
19998,500675,500028,189,564
17276,500902,500611,143,393
8080,501000,500359,141,439
21799,501967,501695,159,206
5096,501580,500166,172,417
19850,501677,500455,101,314
28634,500223,500080,32,100
7044,501704,501817,151,663
21108,501916,500671,33,199
706,501990,501461,147,838
28346,903984,500926,113,636
14506,500151,501814,170,677
25340,500751,500197,168,205
2484,500380,501130,92,1002
19342,501115,501678,121,380
27949,500075,500533,40,501
24524,501970,500846,147,308
9501,500723,501967,133,296
18486,500293,500730,29,120
9220,500995,501130,106,580
10165,500312,500039,117,202
29629,500145,500861,73,147
5610,500774,500950,21,254
2789,501973,500002,170,223
5086,500258,501425,121,219
24681,501307,500376,149,628
23771,501881,501443,167,253
17287,500182,500730,15,184
25770,500139,500972,109,299
13576,501643,500722,123,438
29301,500517,500808,106,365
29873,501568,501109,35,141
21073,501133,500550,160,478
27848,500424,501955,141,494
5369,500363,500728,149,623
23096,501122,501865,122,639
12815,501601,501107,39,249
22700,500050,500237,130,424
21840,500516,500647,189,281
9178,501616,501270,88,910
19829,500678,500032,135,417
11154,500813,501145,142,198
7129,501386,501848,114,470
24139,501011,500897,154,709
9285,501495,500166,174,290
28412,500702,500556,99,416
12340,500142,501399,128,444
24678,501562,501817,163,597
12716,501349,500606,121,386
901,501571,500299,174,321
16475,501287,500031,176,244
1009,500968,500505,172,500
1373,501971,501931,63,772
29504,500682,501786,174,1021
17880,501582,501826,159,460
25833,501541,500672,145,557
15323,501092,501382,147,718
11069,501273,500115,168,393
7704,501912,501356,95,580
27150,500599,501015,145,1118
21719,501620,501706,149,482
7718,501423,501868,72,66
14363,500056,501027,117,482
2593,500884,500633,193,792
26135,500316,501022,110,708
23203,500127,500381,160,492
21788,500357,500960,32,79
2965,501093,501330,75,392
3637,501346,500786,185,511
6959,501108,500628,167,818
24063,500527,500332,172,407
22887,501464,500204,174,168
6165,500953,500081,157,257
4160,501461,501730,180,828
15677,500380,500489,152,721
22528,500237,501195,112,477
24908,500022,500885,175,263
26263,500873,501198,92,626
25426,501310,501642,30,113
9885,501890,500174,167,291
9508,501966,500657,50,392
1186,500126,500611,9,83
16453,500415,500816,134,746
26842,501022,500732,186,149
22793,501536,500371,124,228
27083,501929,501976,102,453
18596,500965,500522,140,374
16492,500586,500821,159,474
13440,501965,500878,162,160
13915,501651,501090,177,319
21325,501025,500123,121,244
24175,501336,500149,172,202
22761,500325,500100,13,133
7901,501053,500054,230,290
14548,501618,501201,155,195
11409,501578,501763,202,347
8181,501324,500675,124,1575
7350,501404,500197,158,440
2564,501062,501135,182,507
26614,501600,500876,109,191
4782,501327,500490,22,83
15217,500669,500923,167,302
15022,500739,500513,184,948
22568,501463,500258,191,191
14092,500800,501975,110,219
8959,500770,500485,157,761
765,501078,501645,153,320
9876,501025,500858,134,286
1542,500200,501483,98,418
19141,500968,500930,87,172
17204,501956,500524,138,211
20122,501537,501753,135,251
25438,501652,500422,208,251
3011,501625,501884,190,678
26799,500949,500735,151,531
23829,501537,500733,162,356
16642,501135,501966,139,670
26460,500314,500401,124,805
421,501220,501889,188,468
9982,500013,501133,153,718
27568,500139,500816,147,345
23497,501094,501661,139,725
27484,500316,500109,137,197
4575,500922,501556,2,52
106,500193,501513,138,477
25072,501383,500874,146,403
21729,500601,500505,144,445
9557,500857,500126,177,294
4726,500912,500657,98,607
16781,500743,501739,97,241
15696,500296,500997,134,782
8575,501828,501207,121,477
21773,501045,501482,179,420
22566,501949,501433,30,171
21577,501096,501737,176,617
5915,501132,501725,140,184
7682,501606,501314,136,696
27660,501228,501723,141,141
19879,500515,500683,169,280
28010,501460,500385,124,380
10002,501718,501618,103,327
29965,500332,500074,167,498
25922,500168,500341,40,156
17324,500642,500091,130,322
27146,500077,501803,10,204
6654,500299,501792,108,437
9433,501139,501795,131,216
6400,501406,501088,108,220
24800,501226,500322,166,336
16043,500472,500566,234,174
3786,501028,500197,147,321
8835,501964,501523,108,491
15062,501807,501292,35,100
26361,500275,500389,34,236
23187,501529,500207,122,409
24056,500856,500550,121,321
14175,500572,501868,42,144
7944,501267,500249,173,235
18171,501966,500781,33,304
420,500099,501179,117,191
21195,501302,501787,100,1412
11289,501722,501079,44,292
2391,500261,500616,129,330
1573,501730,501406,148,482
6272,501324,501781,22,105
29782,500149,500909,142,242
22214,501696,500884,110,481
4673,500476,501643,104,411
8493,500886,500140,146,331
16345,501912,500420,139,305
27745,501271,501721,141,307
1462,501157,501693,119,569
5425,500191,500505,147,335
8759,500127,500942,107,197
20398,501818,501996,193,683
4118,500279,501406,171,787
6626,501615,501878,148,293
14522,501848,501942,157,1080
7752,500067,501239,170,341
6223,500550,500605,29,214
20540,501520,501758,117,371
9043,500422,500500,27,172
13179,500874,501169,149,458
28421,501652,501055,115,377
22131,500158,501313,137,321
2392,501545,501264,110,143
1310,501302,501058,164,249
3568,501869,501944,141,418
24218,501804,501479,130,817
26833,500067,501695,173,130
26634,501398,500690,153,93
19386,500199,500045,150,355
2879,501128,500051,180,131
15837,500924,501336,156,275
7269,500848,501088,162,313
2604,501860,500176,148,639
24704,501431,501389,96,48
13857,501527,501303,145,588
20831,501370,501163,127,202
14972,900694,501344,59,349
8617,501346,501816,130,707
24772,501756,500522,6,171
11109,501585,501225,154,524
18043,500833,500638,82,262
27399,501128,500138,152,317
13013,501886,501596,115,278
14408,500068,501772,104,355
2433,500414,500561,72,243
15799,501397,501069,171,435
981,500112,501486,174,212
1500,500737,500786,115,229
16689,501640,501923,116,400
6387,501143,500971,92,574
26009,501200,500508,7,164
29026,500909,500153,185,595
26628,500308,501870,90,283
20812,501533,500904,182,345
20064,501587,501587,133,784
5095,501288,500360,164,750
29510,500293,501981,116,314
4462,501697,500067,170,217
9323,501981,500538,129,452
28379,500762,501693,172,173
6894,501740,500777,174,450
25701,501785,500166,75,482
29751,501928,500753,156,230
13929,500191,501580,160,207
6869,500422,501017,221,1020
19424,501132,501991,114,776
7234,500926,500876,130,256
9520,501615,501844,124,695
20208,500223,500038,33,146
10389,501305,500183,184,194
24142,501800,501916,20,253
2102,500201,500028,114,188
8176,500786,501639,121,489
13807,500943,500765,97,391
2534,500254,501330,11,117
28973,500080,500269,145,518
2973,501079,501157,124,643
15349,501367,500365,105,270
2989,500387,500151,165,481
7973,501515,501382,157,251
13740,501918,500981,47,113
1561,500512,501570,145,348
11486,501515,500038,6,60
1214,500825,500782,146,255
23526,500409,501287,32,54
21732,501946,501303,32,163
13867,501788,500462,66,530
21746,500894,500404,19,106
23729,500023,500926,56,178
12741,500334,501295,127,387
28163,500683,501748,98,552
29760,501215,501870,140,403
2615,500811,500959,52,266
25982,501997,500998,128,344
3905,501298,500464,150,1239
29584,500957,501332,158,218
25338,500942,500387,73,601
3031,500902,501583,164,216
1881,500413,501780,135,480
5273,500991,500776,165,250
22159,501466,501909,39,196
1029,501358,501384,218,257
26389,500225,500871,98,552
4839,501924,500728,136,598
12034,500036,501304,19,114
11448,501395,501402,32,109
29791,501090,501361,115,1193
19843,501022,500912,186,401
12922,501784,501524,153,367
3337,500326,501945,243,278
17431,501572,501139,220,294
11305,500334,500762,147,153
22141,501928,500309,162,204
16645,501304,500383,144,465
2393,501375,500608,108,246
1113,501280,501387,137,679
18329,501448,501965,136,226
3759,501110,501882,20,109
17832,500256,501009,52,169
5266,501772,501677,178,329
25626,500081,501616,114,590
5171,500460,500321,155,589
23327,501727,501911,109,334
8688,501353,500779,134,309
24378,501025,501596,188,373
2263,500158,500182,44,210
9385,501293,500672,167,672
5044,500174,501331,150,1034
3147,501518,500471,146,241
28737,501492,501745,175,1002
22786,501007,501903,3,64
9926,501109,501757,113,651
29962,501249,501130,173,358
10817,500942,500838,160,459
12960,500589,501389,28,147
19925,500459,500051,43,858
5569,500123,500800,109,454
29203,500830,501772,194,310
13552,501703,500336,21,232
15281,501976,501338,144,462
29020,500380,501928,190,1234
22216,500970,500298,71,249
29662,500180,501633,138,629
11577,500114,501073,138,498
14624,501161,501143,87,292
19416,501440,500046,101,394
16926,501185,501728,101,266
15338,501619,501929,164,500
23653,500007,500148,102,1027
5882,501231,501447,76,66
6909,501350,501487,121,471
27332,501122,501706,141,219
7148,501483,501495,231,442
21633,500531,500294,240,537
16841,501737,501078,142,398
13070,500840,500459,157,617
18695,501786,501397,152,252
24654,501353,501999,45,118
3176,500475,501938,35,315
817,501830,501227,196,392
28968,501817,501718,37,174
26380,500265,501735,169,943
27634,501955,500213,72,330
7300,500214,501364,128,498
26699,500028,500737,44,281
29807,501493,501785,13,108
3687,501395,500779,199,252
27901,501684,501214,203,317
16026,501113,501180,137,377
16994,501170,500633,161,299
8281,500109,500104,39,152
25940,500548,501696,36,117
22956,500139,501656,82,312
4738,500188,500192,163,256
11808,501226,501522,117,628
12072,500647,501121,146,558
12351,500523,500527,159,595
13363,501761,500208,73,454
3129,500203,501553,135,455
29245,501037,500391,114,696
15764,501883,500135,178,342
7237,500622,501406,179,259
26146,501106,501207,136,304
23181,500854,501002,128,1066
17797,500930,500410,119,1054
13465,500289,501772,131,579
28419,501300,500580,138,825
15363,500952,501942,194,605
11534,500009,500934,158,545
10322,500728,500144,81,391
10878,500687,501420,34,205
14846,501271,501055,162,294
15684,500922,500581,177,512
15013,500786,501271,172,357
6816,500559,501961,35,119
8211,501696,501241,28,74
16404,501740,500265,145,659
6298,501754,500217,151,439
686,500105,501874,29,89
29806,500832,500144,149,343
413,500318,500237,146,273
13117,501386,501413,90,104
132,501592,501106,230,1305
9240,501053,500553,147,300
28698,500749,501864,135,510
18330,500164,500927,121,260
14588,501429,501045,129,485
16740,500785,500941,171,274
28219,901526,500513,99,263
6532,501985,500010,66,230
5513,500438,500965,136,390
16068,501685,501707,157,252
19618,500019,500544,148,564
5191,500505,501116,30,203
7010,501571,500811,154,409
8771,501617,501997,118,491
10930,501999,500770,122,496
12164,500836,501647,0,40
10241,500373,501179,123,404
29420,500818,500480,127,272
27800,501687,500304,142,670
4514,501881,501524,145,221
11694,501736,501400,179,257
25814,501298,501989,88,789
29104,500890,500296,96,483
12281,500051,501942,108,361
15097,500980,500386,130,652
8042,501777,501752,197,669
10969,500067,501703,155,561
527,500361,500740,62,252
13736,500112,500177,154,357
14298,501909,500086,87,1404
26359,501131,501929,103,1102
20561,501550,501815,124,555
1136,501802,501214,50,294
16145,500127,500550,35,59
9021,501687,501054,140,636
13163,501220,500730,119,367
3296,501945,501068,0,172
15719,501862,500207,162,243
16055,500672,501717,253,585
13415,501271,500947,92,229
9294,501350,501768,150,283
15751,501390,501315,202,600
22871,500962,500138,167,345
19675,501109,501727,170,276
866,500432,500730,61,89
24756,501847,501831,125,160
22459,501324,500510,172,516
21268,500479,500574,112,516
27309,500395,501029,176,615
9725,501374,501627,181,458
28761,500222,500127,91,173
18031,501792,501828,143,229
15428,501505,500153,136,511
29616,501673,500135,43,173
404,501844,501507,184,564
8163,501773,500328,178,429
7742,501696,500203,31,109
21291,500980,500938,191,677
6079,501247,500900,97,483
7476,500910,501019,119,607
25805,500100,501275,125,547
11463,501794,500708,61,134
3720,500344,501142,27,155
26273,501251,500841,121,221
446,500324,501898,43,44
24874,501757,501858,151,382
27807,501918,500553,104,319
3192,500701,501948,187,182
14785,501489,501646,207,874
3186,501445,500762,118,853
19283,501103,500554,51,58
5058,501053,501362,182,652
27879,500645,501832,32,78
16804,500873,501361,119,635
568,500473,500284,235,214
18041,501051,500937,122,667
6380,500426,501803,37,241
24375,501299,500010,151,570
26756,500470,500410,137,731
10412,501323,501618,168,744
25967,500126,501921,20,118
22057,501410,501282,198,321
16274,501790,501754,40,101
2628,500920,501901,109,1271
28343,501522,501229,45,137
10380,501144,501372,170,297
16087,500893,500410,109,680
5114,500911,500960,226,226
1335,500640,500880,183,571
24804,500029,500673,214,409
7297,501481,500390,11,141
5568,500969,500973,25,125
13413,501662,500095,190,356
19556,500363,500787,115,438
29450,501912,500480,121,863
1061,501571,501685,149,566
28489,501506,501193,172,282
16614,501628,501718,58,148
5160,500821,500376,148,340
10600,501552,500484,144,791
16444,501724,500132,79,476
28900,501786,501410,169,1470
12272,500920,501189,168,315
29260,501619,500493,112,292
3474,500399,500562,139,181
5837,500844,500608,102,802
14508,501531,501491,115,336
19584,500376,501058,206,423
2172,500698,501956,109,695
10713,500190,501951,136,268
12799,501848,500971,50,152
29656,500716,500844,128,203
10964,501439,501375,93,709
5892,500219,501136,131,579
8209,501280,501282,145,259
13441,501968,500492,149,576
13077,500631,501866,83,508
5706,500062,501386,44,91
9214,500201,501479,179,265
22427,900176,501133,113,377
5634,500078,500057,30,66
2064,501963,500669,56,201
1950,500112,501171,117,751
15404,500201,501726,112,1097
19259,500840,500391,179,988
10636,501808,501651,32,52
26314,501991,500476,177,187
9414,500647,500037,32,153
3802,500140,500646,173,464
3407,500750,501895,167,648
9643,501775,501425,92,246
24867,500258,500430,19,185
11231,500268,501246,135,365
29439,501694,500626,21,191
5407,500250,500131,93,242
23266,501947,500474,25,56
21569,501300,500675,166,408
14652,501141,500298,132,235
21661,500266,501255,149,304
22206,500627,501467,191,277
6118,500237,500023,146,407
3330,500871,500191,35,153
12406,501916,500037,104,398
3919,501821,501018,30,78
10405,501395,501785,148,196
13177,500158,500756,144,303
21324,501191,500567,48,453
28354,500714,500617,40,93
5549,501381,501376,112,456
8366,500960,500702,116,220
3892,501403,501873,21,78
26981,500316,501512,190,574
27011,500034,500190,135,218
19867,501170,500183,148,487
22832,500680,500567,131,376
28636,500269,501975,248,448
2864,501117,501990,117,129
28454,501721,501070,97,559
12066,501104,500517,55,113
21418,500764,501788,128,727
21012,500304,501012,173,214
24849,500107,500697,0,161
27836,500370,501575,115,595
240,501323,500697,159,291
11306,501608,500524,17,135
4193,500403,501495,151,413
7673,501970,501750,123,405
15814,501430,500126,140,286
664,500403,501478,98,344
3561,501358,501792,117,407
26683,500176,500672,127,434
4817,500156,500769,149,425
10551,500632,500311,123,307
5547,501134,501865,135,376
5066,500825,501916,46,844
20193,501524,501744,142,351
11225,500056,501866,146,287
12381,500262,501901,29,211
24526,501130,500020,124,369
20489,501909,501041,114,1108
13838,501413,501571,137,554
28601,500738,500998,96,124
3597,501291,500356,126,334
2341,500909,500646,150,197
17632,501231,500460,194,512
25050,500079,500786,142,259
13987,500927,500749,116,517
18045,500751,500662,48,88
28661,500825,501564,56,233
15704,501433,501404,126,567
1741,500936,500251,133,642
15342,500318,501541,113,327
17787,500658,501993,151,421
24494,500172,501653,35,166
24920,500934,501523,148,921
27228,501982,501779,29,151
21259,500004,501486,126,984
13497,501415,500293,24,96
13108,500621,500042,173,328
387,500990,501288,50,411
28537,501909,500463,93,425
28920,500026,500463,145,714
23211,500512,500760,180,287
4350,500938,500241,104,366
14496,500459,501400,33,208
15135,500844,501478,179,583
25668,500237,501925,62,155
17642,500497,500101,3,189
7391,500858,500496,138,486
434,501879,500271,3,101
22337,501363,500133,172,215
27502,500489,501735,162,295
16971,501024,501320,166,600
11625,501278,500497,27,134
17979,501975,501997,142,578
16257,500039,501639,128,224
16711,500578,501191,117,251
22457,500403,501372,127,225
14679,501663,501144,118,526
18328,500650,500671,126,689
1587,500841,500251,148,107
8721,500737,501306,123,303
21095,501992,500395,77,334
8524,500720,501367,121,183
18469,500953,501612,155,344
22118,500776,500781,169,470
2920,501604,500890,42,58
26582,500068,501858,75,302
26243,500540,501340,121,713
3308,501239,501693,128,362
8513,501684,501704,161,497
22328,501039,501919,142,299
6333,501965,500870,200,306
24208,500068,501804,109,388
24707,501299,500001,46,104
3596,500108,500655,15,117
18230,500778,500806,19,131
2447,500420,501770,61,123
10680,500834,500630,4,152
7735,500001,501804,162,403
28077,501735,501418,162,765
27148,500787,501768,150,508
3406,500690,500876,200,138
2105,500878,500298,147,317
24960,501275,500387,159,311
28299,501399,500465,132,374
27226,501576,501355,170,571
6910,501375,500512,141,174
15609,500422,500910,130,694
13168,500184,501189,145,268
21530,501244,500780,19,155
9641,500384,500449,163,1344
29310,501452,500784,83,149
1635,500629,501951,140,485
5117,501998,501982,165,642
543,500999,500018,149,388
16254,501261,500201,155,228
19374,501931,500759,93,357
18419,500720,500179,90,484
26133,501446,500846,32,130
27945,501598,501429,167,427
27875,501171,501275,136,345
126,501038,501483,151,667
7525,500663,501956,177,471
26448,500746,500238,126,667
18584,501925,501973,126,383
10137,501347,500838,12,209
24291,501438,500239,62,164
1661,500655,500007,178,657
16894,501938,500433,136,1184
1859,501039,500334,203,690
24062,501567,500239,146,797
20720,500492,501428,191,236
12599,501793,500163,44,109
22415,500243,501390,62,72
22431,500444,501542,149,482
29225,501171,500289,142,360
20292,500562,501732,53,94
28197,501093,500366,133,463
8558,500271,501435,49,100
15191,501749,501760,150,78
4126,501106,501357,148,692
3506,500742,500551,43,180
4685,500233,501726,193,142
13136,500512,500036,96,368
143,501155,501016,135,478
12474,501382,500762,31,46
10650,500636,501473,28,85
6191,501109,500138,147,530
5661,500711,501486,147,259
18506,501926,500798,19,191
23533,501287,500059,106,325
27996,501180,500326,111,462
8929,500455,501992,35,100
20765,501561,501169,124,473
19253,500905,500566,155,348
29190,501122,501458,118,362
22381,500199,500968,212,282
21555,500799,500733,123,302
14381,500567,501313,29,147
13655,500334,501685,27,188
17683,500481,500098,197,367
16663,500666,501948,31,139
26910,500820,501665,33,40
5927,500065,500972,126,379
20891,500298,500388,36,121
4581,501934,501465,156,258
28941,501652,500566,9,105
738,500682,501899,169,321
6651,500662,501693,129,148
21350,501319,501391,131,699
9821,501532,502000,145,725
723,500077,500345,82,360
13542,501808,500186,5,192
3947,500922,501570,203,363
3101,501631,501379,79,584
16581,500657,500496,118,384
17305,501787,501584,252,259
14494,501380,501149,16,43
22468,500507,501262,40,69
7306,500399,501440,169,298
19739,500848,500920,146,235
12981,500850,501836,55,162
9580,501485,501346,137,109
19824,500800,500444,48,122
2874,501390,500593,131,430
25480,501860,501236,113,327
18607,500478,501601,85,383
9497,500915,501711,155,577
5338,501153,501426,146,533
16775,501053,501891,63,139
18111,501796,501724,57,540
12415,501661,500576,151,1038
26558,501678,500289,137,459
23945,500949,501471,173,254
27543,501133,500641,76,133
27873,500031,500063,120,286
23280,501911,500710,156,536
11651,501083,500890,8,276
22036,501693,501890,142,327
12059,500909,500236,106,190
7879,501571,500428,30,137
10947,501084,501804,143,364
29024,501535,500066,144,380
26569,500896,501884,129,552
23003,500995,500538,82,367
5804,501360,500891,124,403
667,501627,501618,88,314
10914,501457,500756,90,330
3299,500356,500414,189,456
25359,500767,501574,42,90
12811,501232,501117,42,211
16772,501234,500650,124,565
6060,501139,500670,212,795
16649,501489,501393,174,630
12881,500025,501728,228,400
16630,501892,500932,208,868
6450,500133,500871,190,373
18099,500330,501907,105,135
3071,500046,500739,169,471
17697,501348,501484,29,39
2514,501110,500491,138,184
20421,501922,500481,39,64
176,500111,500842,128,515
4816,500360,500140,146,1416
5187,500200,501113,151,289
14862,501453,500654,190,434
1982,500210,501025,118,769
17633,500609,501547,175,613
29798,501670,501298,142,594
13880,501941,500847,123,329
6931,500070,500521,161,421
6327,501636,501314,50,142
21583,501139,500160,94,1961
29617,500328,500874,98,174
5216,501131,501054,134,258
14443,500632,500543,214,246
10438,500387,501929,30,261
17031,500382,500606,159,587
7941,500266,501517,121,525
18764,500391,500866,34,107
379,501363,501694,109,679
4225,500258,500738,110,470
16972,500907,501758,114,657
21715,500520,501331,181,476
5334,501745,501465,105,262
1695,501395,500676,39,82
25641,500991,501130,187,179
1153,500160,500907,186,436
11749,500109,500672,122,520
27796,501929,501963,153,371
23764,500885,501479,203,265
3674,500400,501113,135,348
20660,501031,501729,96,175
2594,500503,501679,130,145
18059,501826,500636,86,457
15116,500167,501385,12,76
968,501024,501780,135,411
28849,500476,500134,127,421
8435,500403,500403,166,1972
29223,501190,501600,39,201
7014,500314,501381,24,80
19040,500007,501785,84,202
11933,500176,501684,30,122
4787,501925,501725,139,357
2333,500094,500738,159,523
21985,501445,501445,156,532
8844,500561,501452,111,230
24835,500293,501762,162,521
345,501576,501259,167,483
1682,500185,501944,165,378
17914,501194,501119,92,268
18258,501729,501460,146,455
21150,501413,500356,85,803
23489,500517,500401,65,122
15170,501341,501570,115,196
23254,500553,500882,145,364
8196,501999,500050,130,465
2494,500241,501876,33,54
2235,500685,500559,43,110
28770,501328,500122,32,151
4038,501259,501844,110,277
8018,500066,501810,20,84
28965,500673,501483,132,406
17464,501570,501615,170,427
26930,500842,501941,142,523
20425,501744,500902,133,284
14817,500405,500139,100,471
18894,501494,500625,94,297
4401,500556,501387,126,493
29512,501203,500339,150,534
7840,500282,501684,99,578
7196,500513,500562,129,576
26565,501853,501635,140,687
24894,501982,501010,196,489
20324,501763,501529,165,330
7139,500193,501173,43,116
25425,500334,500013,241,231
27516,500441,500734,132,437
8745,501079,501743,161,314
2309,501678,501438,173,470
17754,500654,500368,108,727
24060,500838,500899,100,387
6102,500818,500199,146,873
23908,500366,500034,171,208
1897,500562,501894,135,1008
10089,501967,501066,172,289
10346,500821,501779,39,179
5394,501014,501304,136,348
1033,501853,501601,118,230
16644,501704,501575,132,349
7583,500387,501768,156,669
17151,500345,501678,179,158
9427,501857,501268,188,877
7911,501234,501719,127,312
25363,500374,501282,145,243
15647,500111,501270,160,256
27219,501724,501358,116,449
27735,501368,501815,151,965
28396,500344,501376,127,814
9225,500873,500367,118,687
24950,501706,500808,60,86
29201,500959,500519,199,953
22146,500701,501034,117,143
4437,501740,500493,91,330
5265,501426,500833,160,549
1605,501701,500345,145,807
14159,501300,500969,28,59
3728,500622,500331,121,563
1293,501577,500750,173,227
23986,500041,500265,128,281
10651,500416,501091,161,687
5222,500515,500784,164,255
22357,500039,501334,199,244
1947,500280,501686,186,777
3333,501005,500873,25,173
27868,501995,500962,164,187
3227,500607,500333,56,37
6398,500722,500924,92,1189
13779,501541,501483,185,359
2750,500642,501563,191,586
4101,500472,500112,179,247
13799,501237,501674,181,308
26295,501128,501854,22,144
29022,501282,501171,0,358
20383,500399,500908,168,221
415,500937,501880,159,486
9600,501637,501213,21,92
14429,500621,501911,53,129
1457,501869,501075,125,248
8011,501924,500184,112,399
28381,500716,500222,137,563
19078,501686,500001,181,725
15092,501552,500996,172,207
28238,500186,501740,60,117
20617,501873,500733,149,1513
7375,501622,501313,127,239
4564,501456,501238,112,300
2486,500212,501683,207,409
3285,500402,500206,113,478
129,500410,501269,180,357
27135,501938,501600,172,1385
4212,501293,500685,193,348
14704,500414,500920,187,245
26259,500252,501860,125,179
6358,501923,500502,199,246
28151,501391,501068,104,610
25155,500633,500701,141,573
7460,501197,501689,115,464
4239,500858,501727,151,364
17614,500071,501307,181,377
7222,501706,500637,127,250
22490,500440,500238,187,308
12014,500262,501204,182,156
14056,501170,500882,143,159
27931,501307,501872,191,986
26905,501177,500639,146,439
20833,500733,501651,170,316
23842,500953,501620,135,818
13804,501329,501322,62,122
1237,501724,500844,181,274
26900,501016,500028,96,296
23194,500174,500178,117,773
26822,500396,501177,31,58
11976,500722,500101,41,330
22047,500214,500739,156,405
1178,500447,501043,61,80
23296,501307,501968,142,299
24360,501567,500268,132,208
27493,500261,501274,74,597
20623,500401,500946,0,144
1426,500739,501440,217,312
26908,500497,501433,121,482
10721,500008,501765,117,413
4566,500914,501694,150,662
220,501131,501721,139,480
3098,500559,501828,116,283
3760,501424,500296,148,400
29057,501290,501747,101,510
29047,500487,500280,150,758
20424,501237,500331,171,652
24779,501494,500995,88,408
18605,501519,500197,153,385
10485,500138,501371,48,256
8791,903883,500840,143,316
28817,501584,500457,140,1242
17455,500768,501202,67,364
15473,501603,501021,21,109
23028,500656,500154,4,76
15543,501163,500673,76,153
18154,500792,500987,157,301
23065,501536,501753,37,111
12851,501892,500031,106,431
27595,501432,501099,166,414
16418,501465,501132,152,559
5398,500368,500764,185,333
22361,500954,500873,224,179
13084,501670,500576,111,1852
3139,501677,500228,132,239
25075,500400,500424,130,1014
9591,500911,500174,100,629
429,501522,501310,180,156
24333,500502,500133,112,403
18087,501418,500639,105,248
29463,500811,501193,137,355
2118,500996,501236,126,208
9566,500196,501466,126,506
1890,501382,500731,122,156
17873,501618,501880,127,359
5559,500120,501017,80,238
1706,500601,500147,40,110
17043,500932,501805,156,128
1272,501413,501078,1,157
19652,500202,501313,96,1471
24931,501932,500645,113,299
23462,500034,501861,169,457
7600,501695,500094,99,260
4033,501234,501920,152,596
17454,500060,501363,143,719
27050,501135,501509,83,634
11364,500142,501750,156,279
17823,500203,501970,163,555
22958,501820,500650,201,179
9218,500510,500995,171,852
14197,500314,501537,114,216
23948,500126,500876,104,578
19339,501934,500818,182,707
14367,500997,501094,154,366
15142,501734,500907,173,813
15037,501105,501384,189,454
21392,500657,501739,132,559
15549,500662,501887,183,207
100,500738,501697,111,247
23500,501239,500164,112,360
9283,501032,500259,185,589
6062,501825,500732,144,444
9271,500462,500492,149,329
1565,501919,500322,169,394
10085,500515,501945,110,850
8523,501482,500779,141,337
3768,501473,500145,158,434
5811,501213,501608,144,249
22003,500485,501373,146,610
553,500556,500533,163,286
16152,501048,501117,126,144
19703,500678,500811,125,363
20785,500301,501108,57,108
13708,500361,500547,129,594
4116,501204,500480,80,265
19564,501273,500752,74,635
18150,501609,501517,140,206
12419,501855,501983,66,42
749,500874,501125,142,395
5895,500908,501989,107,318
23246,501158,501778,154,375
18352,501368,501725,182,737
4820,500441,501494,93,1589
11353,500520,501174,171,709
10335,501280,500261,14,120
26666,500075,500912,133,384
3382,500705,501130,116,731
1648,500302,501764,143,343
3600,500501,501693,146,410
15989,500005,500806,126,433
19361,500579,500496,139,195
1883,501106,501022,234,228
2318,500324,500335,139,246
29058,500324,500880,41,192
7689,500128,500810,53,118
20414,501866,501473,170,182
17212,500449,501745,43,282
8041,500466,500124,111,385
13692,501973,501744,162,248
22574,501685,500095,104,490
7687,501674,501131,35,73
20019,500180,500952,86,429
19143,501703,500381,118,473
13327,500489,501658,154,182
3906,500193,501792,127,699
1557,501109,500669,139,262
2280,500622,501469,168,498
12985,500513,501966,54,617
20014,501643,500438,186,522
7359,500402,501575,159,76
19577,500156,501464,119,264
28660,501764,501721,126,500
10508,500605,501784,60,336
8631,500966,500521,79,539
17419,501255,501228,199,370
23484,500607,501591,104,319
25644,500965,501951,144,304
26355,501491,500386,182,224
1352,500679,500781,129,507
238,501747,500450,41,115
3328,501865,501272,108,556
12954,500818,501504,67,207
27739,500898,501082,181,262
23754,501106,501819,69,151
10240,500746,501056,134,493
11845,500908,500279,29,91
12493,500033,501679,162,443
16010,500624,500702,152,277
3241,500346,501662,82,619
13408,500813,500510,85,558
16250,500112,500758,116,461
25888,501880,500528,147,629
28049,501073,501772,179,434
7259,500574,500905,126,392
10392,500932,500319,58,65
11965,500462,500714,89,350
19700,500750,500550,18,115
3775,501668,501122,102,669
29303,500805,501488,101,223
19574,500256,500624,158,856
25302,501210,500431,142,668
21561,500033,500020,165,204
18359,501919,500543,121,557
27450,500830,501873,151,199
16321,500399,501463,113,535
21629,500423,500718,62,513
6938,501819,500804,146,425
29382,501781,500222,158,295
13582,500173,500278,186,251
27895,501249,500704,91,463
19039,501203,501995,150,294
11443,500420,500124,35,43
26041,500309,501607,78,376
24018,903880,500531,191,217
4699,501453,501512,161,1135
23173,500620,500623,47,84
5306,501980,500071,103,227
10497,500750,501323,151,448
16,500709,501420,43,52
8115,500811,501815,131,358
6556,500916,501145,120,323
28627,501932,501932,150,435
6101,500255,500770,195,241
21270,501643,501295,158,243
23261,501195,500402,66,563
9099,501518,501778,80,362
20983,500529,500100,138,339
26546,500257,501307,188,238
497,501816,500957,98,501
23981,500743,501926,157,278
8815,501530,500952,40,90
3602,501022,500707,12,125
25261,500249,500123,151,187
24094,501636,501148,114,506
8364,501953,500134,134,441
14039,500572,500718,58,543
10177,500105,500135,151,430
10256,500922,500686,20,97
12900,500807,501442,40,82
11568,500528,500026,137,260
27507,501630,500572,26,420
24624,500121,500888,24,148
23633,500503,501247,185,540
26751,500898,500633,124,313
395,500966,501293,119,490
9535,501519,501741,142,806
19965,500322,500328,85,268
11130,500533,501066,108,399
25924,501302,500098,143,595
26918,501818,501550,165,272
3683,500868,500704,180,371
10682,500931,501547,14,82
20557,500689,500711,116,297
14148,501363,501368,169,362
3167,500696,501729,112,518
20283,501576,500757,134,326
17311,500893,501423,157,219
21553,501911,500297,175,716
1041,500251,500888,160,510
18995,501142,501689,193,443
17756,501866,501627,137,520
13025,500149,500204,150,203
20522,501356,500496,44,554
3900,501341,500837,102,661
6383,500578,500733,102,304
17626,501953,501023,105,1356
2558,501799,501271,58,88
26911,500895,501170,92,356
24392,501866,500786,155,585
29408,501134,501693,164,416
29469,501226,500650,167,317
4971,501157,500180,124,305
10939,500710,501785,109,214
24304,501152,500578,103,589
17071,500100,501531,152,299
29282,501268,501892,151,632
4931,500510,501620,106,443
19179,501600,500045,117,441
2304,501650,500534,53,167
3183,500637,500478,8,188
16694,501121,500034,119,1078
25012,500241,500289,134,475
164,500105,500868,122,437
22455,501350,500771,79,313
3445,501919,500753,150,278
19790,500318,500914,140,414
14724,501084,501772,97,672
3357,500668,501144,188,187
17905,500944,500790,119,934
27269,500297,500008,183,244
13019,501238,501575,135,320
4586,500049,500871,116,548
10087,501056,501490,123,172
28992,500857,500374,126,726
4861,501951,501078,123,159
11117,501128,501982,117,276
15622,500969,501246,165,748
14825,500295,500374,119,666
22211,500676,501274,105,640
12254,501636,500368,159,348
18222,501466,501068,131,638
6334,501015,500138,129,440
3835,500835,501929,156,362
4837,500616,501570,177,270
2495,500479,501905,112,368
15509,501465,500783,128,933
22944,501199,501609,149,577
8247,500475,500414,218,699
21525,500198,500356,29,67
19210,500519,500550,126,333
7400,501559,500565,78,74
14936,501039,500513,164,271
19612,500981,502000,208,369
18212,500679,500833,101,1073
14191,501204,501562,162,524
15583,500624,501425,138,1081
22535,500081,500676,171,1239
19198,501158,500842,190,195
25957,501706,501612,34,95
23225,500752,500781,192,459
10302,501039,500954,136,469
21881,500838,501622,186,679
11350,501591,500517,163,353
25071,500587,500824,132,383
21537,500858,500003,71,147
797,501825,500576,169,403
13710,501726,500605,186,666
21367,501503,501131,108,327
6204,500764,500063,126,541
3413,500778,501585,60,105
13086,500087,500179,132,151
17625,500116,501912,146,488
8258,501469,501193,117,238
15611,501943,500125,7,171
784,501236,500611,138,975
23242,500272,501736,94,442
25825,500197,500739,158,1040
5769,501562,500054,188,291
17777,501383,501106,178,414
20513,501062,500615,173,330
18455,500461,501057,183,488
23269,501782,501806,131,379
12644,500845,500384,157,384
21442,501944,501033,124,470
17229,501552,500008,143,366
9403,500319,500996,146,576
4664,501127,501307,127,969
18497,500657,501168,116,445
28665,500820,500299,40,202
2554,500436,500070,183,343
11361,500413,501235,28,58
22377,500189,500339,120,418
11130,500533,501066,108,399
17072,500787,500771,145,428
2016,501615,501745,104,395
17775,501118,501014,105,503
5485,500100,501326,134,565
5516,501433,501888,201,444
17666,501707,501407,106,675
1466,500420,501889,192,241
259,500492,501046,148,397
29426,501322,501293,163,317
18483,500387,501489,111,462
29172,500994,500597,159,208
28846,500305,500654,110,248
20454,500156,500341,55,202
678,500465,500528,147,417
12230,500387,501081,5,292
756,501600,501887,85,377
1714,500671,500056,133,824
24799,501541,500804,168,305
4307,902742,500874,90,312
21049,500535,501133,141,173
28159,500219,501468,131,439
4938,501729,501364,153,479
18851,501960,501982,71,290
26337,500442,501323,130,540
2856,500980,501398,134,279
25477,501724,501580,26,114
21452,501785,500578,202,237
20842,501006,501458,153,965
10384,500679,501071,179,469
145,501236,500968,43,187
28596,500182,500856,45,149
331,501431,500856,117,606
15515,501671,501221,65,121
23167,500531,500399,191,514
11027,500338,501335,138,302
3381,500042,501503,108,410
29432,501299,501136,179,184
29711,501044,501215,21,107
2069,501525,500311,144,407
18583,500420,501194,143,141
27420,501611,501211,199,392
21146,500409,500187,16,277
14855,500441,500400,152,386
12302,500117,500328,141,274
1263,500703,500089,93,43
10616,900379,501783,45,58
7125,500783,501115,141,264
26854,501007,500678,132,166
10223,500073,501093,50,121
10676,501667,500104,102,465
13026,501755,501076,89,466
26024,500766,500513,38,120
304,501582,501210,62,192
6978,501544,501381,8,137
28876,501583,500896,174,237
26353,501525,501387,104,231
11446,501187,500003,14,39
9581,500814,500969,158,441
8348,500449,501448,169,253
28763,500788,500698,139,511
10311,501691,501857,171,164
29789,501273,500770,20,214
8705,501684,500625,109,468
23694,500203,501266,63,613
23831,500003,500009,171,307
20284,501536,501846,208,421
3113,500756,501354,45,89
21105,500362,501599,24,90
8932,500262,500733,106,317
16989,501753,501489,11,201
10007,501349,500056,95,825
7612,500191,500818,60,88
17810,501968,500531,58,70
29928,501868,500698,123,422
18490,501721,500472,99,319
17485,501299,500160,139,399
1683,500193,501605,116,468
10683,500900,500577,196,667
21855,501280,500697,191,689
28204,500711,500140,8,197
8439,500203,500583,71,385
17100,501106,500222,126,251
239,501208,501384,174,551
22755,500578,501697,19,104
28320,501729,500454,203,119
18332,500764,500361,91,184
21966,500336,501042,0,172
9428,500300,501486,135,890
17125,500751,501703,26,140
14783,500281,501512,66,570
6726,501128,500912,27,64
17953,501311,501084,164,444
9976,501057,500237,48,146
18701,501487,501745,148,149
21587,500489,501703,164,669
6086,500808,501335,160,734
390,501287,501445,117,453
72,500991,500895,208,258
15496,501116,501242,47,151
25495,501204,500717,65,74
16673,501966,501911,113,671
8813,500835,500806,121,842
13229,500919,501395,141,164
23354,500546,501861,158,399
9593,501343,500157,1,199
23206,500112,501231,131,1287
12732,500762,501313,34,262
15248,500041,500423,104,315
18619,501905,501443,131,309
29737,501469,500705,160,661
26484,500885,501457,27,202
230,500540,501393,131,1536
24683,500655,500758,36,84
20810,500060,501942,120,476
20376,500808,501802,151,309
23817,501118,500282,183,526
13914,501044,500617,52,56
7226,501300,501740,186,446
14386,500586,501177,133,310
18049,501300,501180,175,371
11207,501777,501062,123,289
3869,500365,500131,52,732
24506,500919,501223,57,98
1638,500930,501864,117,684
21007,501946,500140,167,421
4698,501239,500832,157,503
8974,500010,500546,153,221
22126,501247,501780,17,314
10376,501887,501120,63,577
13083,501700,501850,120,569
2909,500150,500385,66,56
29067,500323,500785,23,185
9073,500754,500236,140,418
5271,500233,500079,22,219
29261,500174,500705,153,360
4863,500750,500013,119,529
10896,500941,500132,159,334
14542,500958,501334,34,64
26706,500942,501981,126,323
19656,501117,500331,131,837
12499,501911,501522,127,427
27776,501531,501547,135,488
28046,500642,500450,0,84
13482,500371,501423,60,876
11000,500621,501438,152,452
22456,500821,500704,143,193
16688,501034,501239,83,930
12511,500583,500968,148,856
20219,500064,500533,58,148
28032,500911,501512,23,189
3425,500627,501439,117,611
22429,500743,501537,161,321
22931,500297,500613,98,406
20786,501121,501247,164,246
13579,500792,500293,132,268
10467,500215,500470,125,265
27300,500045,500008,118,574
25503,500339,501506,137,216
4218,501687,501288,146,1201
26387,501304,501895,121,333
15315,500179,501850,134,363
6022,501328,501707,163,709
18310,500491,500523,101,509
10924,501228,501314,185,167
21961,500877,501222,189,479
1338,500021,500101,180,937
29762,500042,500548,86,500
6446,500423,501434,18,72
26299,501806,501299,130,341
23667,501574,501275,126,219
12082,501436,501275,129,492
7653,501863,500283,30,165
1212,500323,500737,138,284
2307,500947,500646,206,267
17733,500833,501657,122,129
22828,500489,500079,148,206
27234,501122,501980,126,390
25293,500764,500799,137,545
27481,500629,500295,53,205
18567,500054,501110,20,98
3533,501450,500438,190,265
8512,500192,501012,112,517
4241,501690,501584,133,466
174,500121,501532,173,351
12584,501739,501373,102,603
20368,500197,501654,143,360
25858,501911,500734,151,331
2533,500036,500462,105,447
12213,501163,501363,116,211
23160,500256,501607,148,253
28340,501311,500969,111,565
1651,500916,500282,112,541
19455,500433,501219,160,415
27618,501892,501234,136,699
2031,501668,500548,154,561
5632,500032,501488,47,202
8049,501105,500953,130,505
20197,501513,501601,108,503
15020,501249,500986,67,372
29914,500522,500891,165,433
23647,500987,501723,115,279
23955,501777,500965,40,135
24465,500653,500672,153,497
23457,501431,500114,106,692
14364,501964,501916,136,534
28820,500139,500176,158,448
29063,501147,500202,67,381
22807,501548,500392,74,109
22881,501273,500800,142,456
14006,500868,501222,169,226
24174,500994,501857,134,490
18580,500675,500978,99,424
4549,500838,500086,127,590
15903,500202,500222,78,269
4397,501886,500613,135,323
16992,501287,500213,141,349
15164,500423,500324,162,198
3267,500029,501745,204,599
28895,501715,501159,124,284
27069,500691,501758,143,517
10114,501616,501085,157,505
29904,501767,500861,61,105
337,500682,500441,157,454
16158,501542,501099,125,295
5218,500098,501920,47,172
5674,500312,500795,146,637
1917,900309,500177,140,326
28247,501174,500529,122,317
29334,500314,500764,143,373
14373,501752,500294,36,294
26007,500554,501848,155,314
25271,501922,500400,108,201
10613,500255,500166,33,161
10476,500071,501534,174,234
4618,500513,501587,135,281
20149,500900,501786,132,121
19682,500968,501022,163,393
12877,501079,501374,106,698
29304,501685,501168,115,844
27601,500174,500784,40,246
10413,500922,500574,92,233
3228,500064,501113,105,449
27128,501320,500140,150,298
28167,501965,500658,166,667
26933,501045,500158,12,99
11658,500198,501611,165,476
165,501214,501361,43,198
20012,500943,500521,149,745
9983,500942,500899,45,78
28592,501901,500856,97,852
29870,500663,500572,156,355
26788,500939,500668,144,295
19450,500949,501285,180,399
21126,500915,501209,33,123
4921,500812,501370,125,521
12280,501859,501192,51,365
27943,500915,501217,149,326
22376,500844,501264,129,474
27533,500492,500051,148,683
23424,500529,501381,130,390
19560,501547,500986,134,234
2481,500804,501051,187,322
4075,500390,500419,96,528
10100,500496,501941,146,557
27799,501370,501693,103,900
20203,500751,500080,72,249
12346,500751,501892,165,249
19915,501918,501846,157,546
1473,501468,501798,94,443
21346,500627,500925,154,1123
29494,500898,500076,115,1263
27138,903010,501545,134,119
570,501690,501969,95,217
18929,902590,500177,169,311
12481,501829,500669,150,637
12401,501567,501761,99,687
23442,501857,501433,104,1079
1912,501976,501684,120,564
12293,500327,500935,128,609
23930,501990,500207,146,311
17785,500578,500332,94,448
2127,501917,500277,38,91
5157,500148,500203,176,619
876,501024,501939,64,176
22546,500308,500738,101,811
21850,501701,501763,13,113
8501,501572,500870,189,129
13798,501582,500462,111,319
21060,501306,500854,143,613
12427,500525,501125,12,265
28974,501715,500658,23,101
17975,500797,500304,153,639
16963,500427,501076,99,605
5221,501483,500145,126,357
17946,500517,500250,175,514
14913,501086,501667,36,83
3751,501062,500564,162,504
1382,500295,501231,129,251
10379,500526,501132,155,414
29222,500502,501110,171,319
22542,501336,500266,161,314
19116,500725,500074,144,294
27653,501662,500749,89,977
18976,500676,501667,142,591
21679,500267,501107,172,424
24204,500080,500916,111,706
24067,501136,500064,17,145
14517,500953,500804,104,403
5784,500435,501423,128,508
21649,500713,500117,8,79
24250,500658,500530,123,291
11085,500915,500441,181,665
23067,500457,501948,178,346
19861,501194,500466,180,532
21323,500143,500232,170,1182
18384,501251,501598,112,710
9671,501507,501829,179,435
13823,500167,501383,171,435
9100,501201,501676,112,491
29929,501141,501379,134,679
12669,500454,500373,133,186
7413,501919,500479,178,317
14730,500931,501386,172,237
12591,501270,500335,141,901
2211,500261,501335,101,193
3398,501526,501399,154,465
5082,501778,501367,127,877
28602,500079,501619,98,393
16780,501686,500676,138,326
27258,501160,501315,155,433
20936,500733,500238,158,427
11798,500655,500846,102,246
18308,500924,501398,102,744
1210,500628,501483,236,596
25946,501719,500636,173,514
25916,500759,501285,33,161
21199,500625,501739,150,166
18518,500969,500307,78,75
16751,501678,501703,149,445
19062,501591,501696,42,73
3625,500659,500905,144,625
10623,501202,500465,158,514
5145,500908,501076,161,1563
26144,902498,501076,1,134
12540,904956,500613,146,279
10131,500584,501756,115,402
14255,501028,500120,202,414
13459,501934,500654,144,236
13235,501524,500885,150,174
18931,501862,500676,157,340
9866,501596,500413,155,169
12073,501027,501438,16,50
27117,500475,500765,84,535
16234,501839,500792,208,462
22497,501429,501011,163,460
13416,500950,501938,157,917
21856,500249,500861,147,325
720,500099,500193,153,305
7527,501146,501916,106,224
12442,500056,500988,115,244
3009,501787,500781,126,404
19869,902432,500702,138,266
15003,500363,500328,111,571
1796,500149,501889,156,692
17183,501584,501384,140,419
20692,500222,501041,142,1230
15215,500835,500496,142,383
13927,501561,501792,165,1237
15900,500001,501806,105,318
2162,500330,501901,165,669
14854,500543,500101,165,203
4657,500498,501489,33,240
314,501016,501247,157,210
7922,500923,500031,108,273
26572,500663,500538,145,522
12618,500909,501441,173,169
4992,500960,501144,162,623
18598,501751,501911,153,258
11941,501667,500561,162,406
12076,500069,500802,34,88
9249,500371,500178,167,187
3479,500816,501725,171,884
9949,501776,501032,60,167
15197,500455,501749,133,335
28132,501219,501303,133,330
7483,500305,500990,111,237
17867,500262,500572,153,495
9108,500158,501992,131,521
9002,500663,501090,80,332
22912,500733,500336,112,582
14797,500556,501485,100,374
23691,501505,500544,184,364
23594,501663,501630,149,471
7036,501701,500808,229,248
4567,500642,500264,117,303
929,501306,500923,127,222
5186,501704,500783,177,283
20902,501717,500319,149,275
7098,500777,501267,128,196
9016,500704,501356,183,263
14906,500650,500667,120,505
25285,500830,501032,110,421
7346,501259,500464,183,482
4450,501656,501143,134,275
23970,500885,501678,97,456
5589,500967,501690,30,150
2670,501581,500147,0,159
29636,500326,500995,154,202
25567,500333,501747,124,624
25698,500588,501895,23,56
4335,501090,501426,220,368
8638,501344,501969,3,220
16674,500208,501676,40,82
1825,501951,500832,159,511
25189,500074,500583,137,817
11025,501542,500033,134,1274
15987,500267,500949,51,56
5890,500158,501099,137,450
27357,501204,500291,75,214
13090,500309,500947,113,436
16077,500739,501592,0,105
22888,501081,500962,167,198
6734,500971,500192,109,357
6580,501848,500969,124,341
17316,501029,500459,136,249
18644,501277,501992,179,366
23636,500554,501410,82,803
21390,501353,500562,211,342
7560,501995,501753,61,88
28856,500910,501214,163,388
3764,500293,500937,105,415
23571,500915,501219,163,203
7404,501975,500081,1,83
21708,500887,501121,27,127
12044,500115,500345,127,940
23165,500041,500485,67,80
18116,501109,500087,150,154
23828,500817,500774,163,393
21727,501658,501523,122,335
15477,500367,501697,163,336
3347,500164,500026,189,383
18246,500637,500207,100,254
8761,900620,501160,102,542
2920,501604,500890,42,58
5945,501060,501527,182,107
23562,500833,500621,140,351
9517,501082,500386,160,571
29359,501904,501633,123,175
15109,500663,500274,36,51
17912,501424,501073,184,245
16347,501072,501505,154,400
1304,500877,501889,180,417
16357,501786,500114,131,328
5978,501198,500342,122,584
29506,500705,501861,191,262
4251,501322,500114,119,584
4833,500435,501122,163,451
1760,501160,501884,181,632
24044,501878,501307,123,181
9173,501706,500476,146,326
20652,501087,500174,133,709
9808,500029,501372,162,493
28047,501694,501643,120,398
11467,501236,500909,93,523
19748,501150,500755,21,204
21936,500628,500593,174,730
300,500249,500709,188,326
21137,500599,500416,138,428
6634,500506,500274,122,262
15054,500126,500709,151,528
28253,500475,500584,158,351
8240,501202,500120,20,232
29717,500515,500248,139,268
755,501054,500968,167,322
21132,500466,501293,1,207
21556,500806,500529,139,374
17486,501832,500591,43,152
25821,501045,501211,169,1033
26452,500707,500148,53,79
13247,500862,501147,178,1234
19445,501598,500991,120,886
18723,501108,500931,138,323
24199,501228,500710,119,425
12994,501458,501700,108,815
28480,500830,500423,166,420
334,501439,501386,179,435
18180,501734,500028,141,254
27977,501616,501844,117,480
940,501899,501426,213,212
4927,500193,500622,143,283
25163,501513,501069,161,747
4105,501971,501079,95,404
16988,500642,501479,129,463
28994,501656,500871,115,457
10364,500143,500431,31,92
11397,500690,500098,42,107
14320,501252,501738,35,125
28559,500386,500099,156,385
1071,501524,501523,150,447
11071,501445,501860,35,170
28826,500732,500732,47,83
23624,501136,500222,134,650
26155,501274,501072,167,428
4814,501293,501762,117,435
22386,501225,500529,30,210
1516,501139,501563,168,887
16814,501976,501918,224,246
8834,500513,501017,206,408
24879,500203,501364,93,414
27334,501677,501155,170,172
22943,500545,500546,44,134
16806,500693,501125,24,113
11449,501575,500371,196,137
4677,501917,501526,129,497
4171,500123,500841,126,288
22733,501588,501395,171,404
10886,501996,500764,175,1340
18152,501269,501663,150,696
11189,500416,501249,201,156
25755,501045,500257,89,424
7658,500354,500100,95,576
5627,501229,501744,30,116
12697,500309,501072,208,500
14628,501778,500583,157,453
14012,500846,500345,84,496
1195,501929,500669,23,175
10704,501037,500784,185,576
15651,501299,501193,121,304
1196,501288,501581,136,533
19570,500056,501636,109,270
18742,500324,500619,95,153
29610,501664,500554,48,124
18141,501700,501899,99,861
28142,501201,501259,129,488
12380,500521,501224,227,221
1666,500446,500054,154,355
4862,903845,501757,142,562
23040,501226,500333,142,252
18496,500295,501052,189,378
26959,500605,501309,117,251
12309,501946,500574,150,608
23704,500444,501638,102,1133
10724,500766,500830,61,184
10593,500531,500173,86,544
13669,501901,501356,86,310
14713,500280,501886,121,1102
25802,500250,501527,136,735
7192,501361,500164,139,370
9758,500727,501540,45,176
12341,501166,500272,32,267
11506,500047,501012,4,109
22417,501042,501796,67,182
21093,501494,500459,152,472
16284,500374,501745,180,209
25148,500734,500444,72,222
3061,501053,501177,143,222
11654,501124,501402,11,117
12632,500304,501039,30,119
8039,500969,500156,130,203
28947,501729,501657,111,492
15612,500588,500153,35,50
26537,500572,501316,120,612
108,501055,500296,125,265
7180,500783,501989,114,191
10997,500905,500116,106,517
2627,500128,501781,153,111
11587,501967,500018,152,627
3323,500079,501441,136,459
25318,501581,501848,113,244
22506,500718,500504,51,157
7330,500193,500228,155,460
12678,500042,501551,169,447
26064,500836,501364,36,108
2792,501482,500126,120,654
7549,500882,501752,128,652
27577,500811,501866,195,233
27127,500817,500510,134,170
12143,500183,501332,205,621
25210,500218,500994,173,503
15011,501721,501773,170,668
28331,500922,500751,140,349
21078,501189,501904,127,356
18643,501518,500304,44,156
7212,500267,501019,133,394
25393,500104,500655,147,861
16658,501598,500415,187,175
14900,501326,501331,98,1101
11485,500685,501735,110,529
12976,501244,500131,139,985
18370,500940,500758,31,96
7820,500046,500344,134,311
29988,501743,500942,110,556
13294,501622,501527,125,2653
9658,501473,501120,101,392
5124,501173,500135,224,302
18174,500456,501190,38,48
4961,501492,500210,216,263
20374,501716,500133,119,619
18656,501048,500595,8,111
754,501012,501767,72,471
95,500898,500197,143,935
21759,501999,500145,104,520
6197,500959,500645,146,789
1952,501062,500979,147,397
19696,500709,501653,151,152
8533,500804,501583,139,405
20601,500542,501264,113,199
9236,501203,501686,181,917
19781,501869,500402,118,300
24729,500877,501361,150,629
28,501081,500183,136,241
2252,501130,500467,30,123
2908,501537,501868,124,749
11859,501455,500836,35,47
2465,501793,501160,221,584
24607,500672,500779,17,69
8019,500587,500632,164,656
24319,501406,500305,87,469
1148,500403,501611,191,160
28540,500124,501367,148,272
20305,500576,501531,213,546
846,501410,501443,95,501
25435,500750,500759,135,488
9390,500868,500628,17,362
15026,501220,501456,215,412
19093,501036,501112,196,322
17701,500978,500189,32,202
29981,501715,500578,108,433
26829,501842,501362,36,98
17390,501318,501370,19,97
1771,501761,500813,182,308
15102,501385,500400,35,107
6379,501869,500627,187,286
16302,501734,501069,111,268
16368,501168,500767,136,885
2376,500987,501319,133,534
8151,501909,500196,178,531
14439,901890,501469,100,462
29688,501060,500156,147,401
19770,501776,501246,95,417
19996,501272,500788,145,221
14773,500848,501695,121,257
22660,500510,500790,121,566
514,500944,501425,167,830
19496,500461,500886,159,361
6957,501618,500905,152,176
22342,501804,501010,88,199
25447,500202,500144,63,447
1860,500779,500738,181,180
15383,500944,500210,40,319
13651,500120,501153,116,609
15411,501411,500910,13,179
2038,501098,500123,161,431
18772,500556,501127,165,386
4134,500300,501630,154,538
24270,501986,501282,115,433
6561,500172,501078,120,624
5336,500080,500647,102,190
16228,500333,500481,185,193
29750,500383,500646,135,216
23155,500453,500701,161,713
9339,500911,500732,165,263
4167,500068,501041,155,893
13615,500155,500333,142,214
10632,500696,501376,40,90
5052,501689,501210,128,1074
1168,500037,501346,169,148
25947,500016,500775,15,118
12151,903867,500953,160,829
24593,501002,501869,149,551
19176,500116,500696,47,118
7387,500529,500867,166,539
12926,501096,501012,81,269
3457,501201,501010,205,358
10773,500126,501862,152,387
24893,501426,500383,147,216
24434,500914,500453,119,558
7904,501125,501576,116,873
2098,501889,501194,209,418
19866,500690,501615,156,667
8265,500018,501103,35,255
7309,500132,501726,93,488
15270,500785,500696,133,333
17506,501608,501464,111,499
2141,501926,501305,119,729
23724,501336,501828,166,971
10480,500515,500559,149,412
27837,500068,500201,88,607
27492,500468,501134,153,523
12084,500655,501892,147,603
29825,500658,501592,30,72
6710,500622,500174,144,244
2148,500784,501796,213,285
7240,501657,501108,131,279
9039,501568,500950,149,228
10738,500896,500115,11,120
3365,500387,501899,34,118
22917,501731,500972,82,435
22679,501118,501848,113,602
3813,501431,500966,97,336
7074,500729,500954,161,310
24504,500424,500922,147,457
3986,500907,500378,37,125
10339,500586,501758,174,240
21429,501504,501307,138,191
29655,501611,500419,142,337
3130,500142,500790,128,545
16382,500280,500091,145,297
27108,501890,500704,213,970
5654,500311,500253,67,453
17605,501328,501213,216,544
9009,500591,501942,42,40
11280,500438,501304,134,614
21087,500710,500459,146,137
4596,500386,500790,148,112
18781,500177,500071,37,71
17628,501237,501890,135,197
17102,501122,501228,144,550
25587,501465,500898,151,600
29043,500639,501015,122,440
8858,501103,501460,132,385
16574,500366,500114,82,358
14665,500366,500757,135,519
18827,501429,500896,18,266
3001,500006,500783,148,373
19525,501394,500328,145,359
14559,501646,501704,132,655
29357,501171,500468,124,504
27330,501973,500750,122,665
16370,501537,500595,45,153
14546,501331,500481,146,287
13824,500049,501810,106,434
10084,500632,500902,223,577
9538,500898,500395,18,92
13348,500601,501796,162,413
2370,501547,501744,155,349
19576,501967,501353,142,372
9148,501866,500689,50,85
19331,500690,501588,17,64
25153,500193,500066,125,327
18604,501341,500870,127,801
1678,501952,501758,160,373
22854,501251,500754,131,256
26862,501400,501925,168,881
28780,500627,501066,185,278
18999,501843,501839,89,83
1262,500077,500760,122,160
22226,501578,500003,132,684
6488,501280,500123,117,192
29607,501935,500184,53,44
5614,500504,500389,9,35
26230,501816,500586,31,147
29746,501534,500979,111,217
14551,501528,500033,118,241
24975,501051,500571,177,1506
29264,500033,500965,200,336
4709,500897,500981,179,597
10452,501842,500162,46,132
25118,501534,501693,131,460
6228,500544,500197,29,95
22409,500802,501124,30,134
29580,500894,501641,44,83
20822,500734,500304,156,440
28793,500416,500598,35,70
25093,501967,500706,170,257
15332,501122,501923,230,353
6467,500010,500257,98,319
1288,501344,501399,91,604
27321,500798,501475,8,408
14827,501917,501145,130,461
14307,501674,500383,129,622
6892,501532,500619,51,618
19930,500475,501088,48,241
15585,501394,500586,147,280
7039,500042,501701,127,80
8840,500261,501344,131,807
11543,500454,501263,224,402
26740,501945,500777,139,238
1596,500792,501133,86,172
3736,500223,500613,35,139
13221,501948,501633,138,540
23485,501598,500050,122,274
15692,500425,501430,4,163
15153,501158,500095,194,247
21622,500896,500871,29,254
11016,500157,500371,17,220
15593,501334,501564,176,681
27971,500685,500911,167,239
29902,501135,501717,151,339
28376,501194,500646,153,322
11531,501452,500988,197,303
15400,501433,500239,81,155
11800,501942,500473,152,462
11709,501049,501469,36,111
17230,500897,501532,184,647
10172,500942,501884,152,914
29847,501439,500345,104,356
17622,501014,501985,172,809
6081,501133,501759,131,520
2907,500392,501969,193,572
21533,500361,500831,106,338
19194,500993,501157,144,566
13611,500597,500065,74,353
27006,501763,501025,182,322
17131,500551,501465,132,137
22481,500061,501374,99,561
16585,501458,500176,78,400
18423,501576,500383,129,270
17970,500518,501862,129,614
400,500408,500637,58,122
20947,501567,500896,226,861
16927,501034,501592,141,720
12091,501270,501070,183,285
5721,501263,501373,131,322
9209,502000,500670,70,147
17669,500020,500728,184,195
219,500316,500668,149,511
20769,500746,500730,164,641
4236,500593,500680,143,340
3156,500839,500935,127,780
25777,501394,500609,112,689
12751,501691,500895,186,410
19002,500238,501808,184,992
17802,501869,500104,80,489
14303,501754,501999,143,625
5286,501051,501246,167,570
3692,500893,501870,169,397
19928,500520,501264,180,781
20431,501970,500292,20,221
24914,500646,501922,116,518
14934,500752,500196,113,447
3008,500363,500177,135,226
5287,500564,500305,125,488
25369,501527,500897,134,791
4901,501817,500870,47,121
22042,500587,500172,76,690
15752,500218,500051,106,328
20310,500241,501656,34,116
3298,500919,500710,173,236
25243,501585,500907,159,366
5116,500225,500238,131,339
16932,500953,500272,109,295
27708,500624,500698,135,197
26626,501338,501344,159,148
16819,500025,500244,179,249
27641,500519,501438,153,219
1190,500497,500218,147,669
7341,501051,500132,121,154
912,500094,501247,137,480
23815,501982,501980,163,546
20689,500395,501834,191,336
28639,500530,501043,138,279
23850,501661,500783,152,425
15935,501247,501820,150,380
27444,500805,500199,153,175
1459,501920,500495,159,174
10894,501119,501495,187,748
8676,501792,500729,9,202
6445,501578,501468,154,341
3779,500673,501338,206,302
12519,501758,500994,126,394
9742,500188,500675,172,759
23032,500738,501707,116,315
3605,500007,501712,123,399
828,500334,500326,108,351
22145,500856,501635,176,288
5174,501278,500612,48,125
15166,501683,501693,101,1684
14450,501640,501615,126,252
3221,500571,501611,185,875
2530,501885,501187,59,86
7778,501870,501612,138,236
65,501062,501277,92,748
10740,902452,500754,145,691
23420,501349,501461,143,783
15410,500115,501922,183,552
5383,500102,500428,44,81
16850,500084,501060,62,138
22763,500413,501017,202,428
26057,501600,501159,153,686
23217,501034,500980,148,372
6370,500538,500103,71,182
3375,501713,500934,158,493
10692,500305,501487,136,506
14828,500722,501917,123,131
22853,501110,500993,131,212
29875,501119,501059,127,303
2236,501963,500878,108,425
22631,501966,501598,227,194
9863,501121,500207,232,275
4341,500037,500274,128,651
22846,501224,500156,99,325
18153,500186,501383,26,131
5268,500645,501524,161,374
26660,501320,501912,195,582
1723,501118,500735,138,404
3799,500914,501497,84,239
12369,501424,500683,119,99
3132,501199,500760,166,504
545,500051,501177,130,365
23011,900265,501298,37,177
23872,501934,501958,23,87
21873,500734,500997,137,460
13909,501260,500606,4,97
12205,501473,500528,177,446
19698,500783,501646,169,419
333,500358,501646,52,359
7677,501293,500835,84,1331
17675,501055,501563,128,394
25481,500608,501943,150,499
14474,501640,501687,180,777
27712,501170,500730,110,345
1154,501305,500189,200,308
21317,500215,500036,21,172
26201,500136,500355,33,99
14400,501674,500496,173,422
4022,500982,500204,96,550
29818,501529,501308,141,295
8976,500993,501314,86,163
10814,500155,501162,118,365
26180,500151,500847,128,249
2595,501528,500888,116,225
25249,501938,501872,106,154
12026,501780,500538,127,342
28020,501951,501207,147,272
29161,500599,500691,147,275
16929,501382,501643,102,426
29833,500140,500886,148,361
25065,500519,500902,82,460
11748,500381,501363,98,655
24215,501274,501305,123,541
4620,501073,500578,121,463
22862,501350,500672,150,259
16336,500039,500646,54,268
1510,500683,501055,55,126
1085,501087,500077,139,391
22152,501277,500646,198,501
5972,501849,501168,31,116
3393,500516,500054,136,455
15015,500158,501190,131,1710
24924,500905,500702,133,297
25328,500621,500757,164,503
22959,501528,501227,176,370
14241,501625,500413,108,462
7993,500939,500424,141,315
289,500297,501300,33,94
12128,501306,500645,113,227
25703,500115,500996,142,631
14689,500468,501511,59,135
16577,501016,501764,126,187
10456,500324,501660,191,235
10309,500287,501869,152,358
27029,500782,500174,173,963
6410,501194,501524,115,688
9483,500440,500636,131,316
2980,501029,500574,136,462
4338,501689,501121,107,330
23114,500712,501412,173,259
1842,501685,501744,119,629
16074,501768,500142,149,368
29621,500181,500793,7,97
25549,501815,500659,121,365
26458,501990,501577,39,406
27833,500184,500184,90,446
25680,501008,500149,47,74
22609,501727,501750,66,440
3353,501029,500135,158,432
1877,500636,500077,176,364
20629,500982,501561,100,242
11300,500193,500654,107,264
18830,500172,501866,215,185
17549,500074,500203,162,408
27408,501385,500587,28,168
1394,500559,500269,43,100
29879,500537,500731,36,62
18680,501482,500795,134,557
7489,500950,501068,157,522
1989,501081,501335,177,558
25041,501112,501772,134,543
24091,501220,501971,165,408
8623,501364,500077,200,176
2446,500763,501802,18,145
12681,501093,500006,193,196
7272,501211,500424,170,269
23669,500364,501870,53,40
18463,500654,501685,108,273
11562,501562,500345,136,345
20054,500346,501749,143,502
14318,500164,500331,126,341
13919,500651,501152,153,506
22307,501571,501040,111,482
17885,500149,500856,141,713
27221,500120,501761,124,272
6683,500710,501084,135,259
19383,501112,501217,87,446
3881,500583,501892,128,950
6206,500900,501043,156,1436
3933,500739,501655,84,145
26527,500852,501941,9,166
22243,501360,501403,163,310
17154,501120,501848,48,297
12624,500338,501143,123,285
15028,500064,501326,203,385
28621,500032,501161,90,576
1862,501608,500687,159,371
13180,500960,500261,106,450
12932,501320,501499,127,383
16229,500907,501198,116,495
28858,500308,501724,152,997
26173,904892,500907,41,160
15353,501665,501154,0,85
28690,500936,501244,218,498
23619,500074,500578,145,322
7624,500214,500214,171,264
26902,501468,501764,132,460
1869,501942,501093,136,383
27137,501357,501125,147,319
29709,501945,501452,181,524
223,500886,501121,115,321
1971,501682,501963,73,458
2261,501533,501085,42,865
14432,501658,501697,165,159
12268,501494,501581,160,126
6468,500111,500335,143,499
28902,501728,501767,47,162
25200,500172,500833,105,475
9021,501687,501054,140,636
24138,501718,500513,164,131
8356,501092,500344,116,401
8658,501122,500003,151,715
29274,500924,500513,173,295
26482,500300,501136,138,293
11540,501534,500774,116,444
3063,501684,501765,138,366
9006,501362,501740,97,441
8458,500034,501591,139,436
19129,500960,500013,172,395
3545,501721,500767,164,324
7048,501638,501166,130,938
909,501170,501185,37,206
23841,500384,500750,69,150
27095,501198,501729,99,508
11326,500934,501380,53,181
18387,500104,500464,219,334
8579,501314,500774,115,324
20248,501069,501467,188,376
13053,500806,501960,123,242
18134,501580,501865,204,147
22393,500025,501507,149,693
15502,500857,501969,113,572
2551,501721,501331,144,421
9118,500131,501764,168,534
20238,500252,501404,124,759
6963,500513,500972,72,379
20172,501358,500261,175,441
25478,500326,501372,185,107
14732,500586,500994,114,333
24339,500142,501993,139,252
13981,501852,500295,165,492
9101,501213,500545,139,438
12206,500256,500371,150,472
27643,501619,501784,26,57
6365,501889,501478,163,1383
10502,500098,501053,14,166
8459,501326,501019,163,336
22232,501747,501237,139,855
16383,500969,500608,118,1319
25224,501679,500923,170,684
22800,500311,500338,224,793
26272,500592,500535,34,86
7763,501054,501036,46,98
14300,500527,501727,136,215
3002,501512,501088,138,875
24809,500380,500061,207,269
10742,500361,501221,149,713
9325,501551,500513,112,418
16918,501848,500878,166,571
2606,501088,501860,15,57
8164,501687,500605,113,381
28349,501551,500410,126,477
28339,500099,501155,149,600
12431,500630,501128,0,187
21438,501981,501093,158,533
27948,501700,501683,139,513
23770,500004,501755,136,643
28651,500893,500638,176,283
29919,500121,500848,5,36
9935,501073,500391,93,506
29296,501280,501654,168,99
810,501589,500695,20,119
14592,500764,501217,134,307
4333,500131,500522,109,237
12854,501988,500006,16,271
7241,501537,501681,112,489
6601,500772,500023,32,171
25829,501399,501640,148,759
23467,500461,500423,109,238
7681,501686,500419,45,189
29943,501057,501865,97,579
6304,501684,501857,102,604
17086,501878,500845,140,497
13900,501640,501588,160,187
16030,501571,501094,28,92
11113,501520,501762,141,666
11643,501190,501414,150,470
6753,501232,500782,38,129
28048,500287,501468,195,670
1517,500440,500206,141,365
2017,500236,500470,180,284
10251,501526,501506,82,237
43,501456,501869,174,543
10481,501133,501497,85,484
5423,501280,501273,76,1044
1034,501011,501744,132,313
15630,501942,501795,183,397
1946,501967,500222,151,465
3493,500447,500088,69,244
20964,500760,500830,134,490
25236,500704,500244,190,476
21505,500679,500289,113,198
23785,501215,501923,123,521
15440,501534,500066,6,208
28082,501045,501149,159,449
18687,500833,500023,106,563
21409,500359,500303,23,120
7702,501495,500212,213,183
3495,500762,500639,154,360
29800,500501,501115,165,349
11030,500177,501457,190,834
16160,500562,500250,130,313
2091,500971,501080,38,118
25378,500669,500192,126,329
1254,501108,500496,26,70
17173,500730,500792,107,365
26916,500990,501107,163,530
12183,501899,500365,203,645
25937,500365,500799,163,343
15716,501677,500858,170,373
11254,501792,501040,114,139
10027,501754,500467,207,286
7424,501327,501499,160,469
5737,501432,501514,16,212
2880,500783,500549,33,176
1259,501158,501858,235,346
13313,501830,500297,143,404
15570,501754,501219,182,456
22399,500291,500972,140,172
4196,500683,500438,145,782
10012,500632,501328,165,827
27734,500440,500962,129,215
2451,500861,501901,157,849
17565,500402,500267,96,325
26817,500190,500133,148,545
13508,500300,500212,157,771
3788,501725,500799,164,608
12299,501870,500183,31,66
7275,501863,500939,4,116
25021,500427,501952,134,176
18719,501028,500037,140,841
25161,501325,501123,13,80
7122,501524,501976,148,408
10655,500704,501970,119,306
12748,501280,500202,126,308
5639,500721,500636,37,171
3990,501524,500121,38,164
5633,501920,500378,41,163
21970,500145,501163,198,641
14455,500210,500338,147,439
5099,500982,501820,161,727
24827,501372,501231,104,359
11330,501696,501394,125,777
15121,501090,500657,158,322
28777,500005,500441,122,245
29062,500507,501209,73,197
2377,500523,501506,132,872
7461,501231,501304,125,505
29007,500584,500517,117,472
635,500615,501865,176,497
2512,500684,500458,9,85
376,501925,501239,60,91
3827,501655,500027,19,177
19596,500342,501460,111,568
7554,500026,501102,189,766
4777,500334,500363,105,466
440,501681,500381,175,1628
14026,501341,500202,143,372
11472,500515,501552,167,475
18126,500750,500916,126,461
21811,501640,501793,133,352
22513,500115,500165,27,171
17189,500932,501762,102,223
29718,501777,501157,50,133
10250,500770,500818,138,284
4720,500640,501991,117,341
18624,500605,501238,117,159
29023,500391,500391,126,269
11042,500167,500538,169,522
12132,902232,500593,90,456
28141,501272,501818,21,101
28121,500064,500492,11,102
24980,501727,500156,180,385
20363,501987,500673,32,114
18773,500704,501370,172,277
6260,501398,501282,161,542
2066,501557,501505,32,209
24817,500431,500981,158,304
4928,501725,501995,211,485
24242,500877,501271,105,252
26396,500721,501578,111,874
22205,501009,501457,38,117
24229,500475,500989,122,503
26241,500812,501016,178,510
29187,500578,500857,123,353
8958,500642,500580,134,832
2644,500479,501724,177,329
23465,501868,500606,142,347
7174,501519,500495,158,250
2756,501809,500224,21,131
23257,501964,500529,153,711
26766,500134,501379,159,492
1558,501168,501744,36,82
11780,501027,501355,171,1250
28512,500193,500309,138,134
22775,500462,501207,138,410
12641,500721,500720,234,603
20070,501595,500265,143,182
4642,501486,500593,140,278
7518,500709,500004,217,304
28990,501850,501860,139,388
295,501921,501624,31,136
5786,501645,501817,143,474
13202,500076,500153,198,429
17648,501701,501875,120,227
1765,500922,500181,215,505
19038,501625,501504,191,555
16025,501762,501145,158,1063
6273,501133,501113,82,274
12049,501918,501453,122,396
25294,500835,500039,199,352
20181,500567,500540,146,845
7249,501495,501996,106,496
29069,500360,500460,107,240
6711,500256,501382,30,73
3275,500164,500491,141,468
13561,501652,501273,121,283
10423,501105,500114,119,225
29240,501980,501048,132,434
5210,500466,500988,112,434
13676,501344,500658,203,456
8232,500779,501031,107,241
12433,500177,501082,148,488
21802,501096,500599,49,382
16464,500042,500041,120,281
13010,501584,500547,111,384
29511,500236,501292,0,118
20068,501273,501092,105,373
25006,501023,500747,96,818
29752,501564,501376,79,661
12273,500104,500442,51,423
23920,501467,501363,146,214
1958,500675,500028,19,159
908,500427,502000,87,1160
7528,501884,500886,134,569
4050,501580,500217,182,290
10144,500291,500034,157,376
8909,501585,500449,135,329
22948,500835,501944,163,574
15888,500239,501141,130,204
12279,500183,501224,166,417
29803,501511,501810,139,295
8295,500454,500616,179,406
3041,500338,501729,161,343
13424,501081,501418,188,487
21359,501122,501306,137,284
16380,500912,501747,202,407
19569,501094,500870,139,279
29474,500455,500183,101,305
9825,501117,500065,114,628
17315,501887,501754,135,346
13830,501617,501884,83,305
9605,501053,501308,104,1502
9655,500251,501666,150,1038
16691,501387,500093,159,313
7024,501633,501930,40,189
11057,501224,500880,212,189
17891,500510,500071,152,130
5138,500316,500816,46,135
28479,500681,500981,98,234
9335,500467,501350,43,120
23353,500665,500331,49,53
26111,500922,500870,155,168
12178,500202,500202,117,450
19679,501091,500578,106,531
7004,501414,501375,191,906
3898,501234,501982,14,73
26596,501113,500952,109,1178
20804,501778,500759,189,703
13941,501995,500279,102,196
26016,501436,501780,141,316
19315,500760,501825,158,212
28325,500999,501773,181,279
318,501031,500608,96,445
14316,500655,500572,111,412
6282,500383,500986,160,668
21358,501259,500183,182,141
28472,501925,501470,112,711
7606,501430,500485,91,199
18579,500840,500672,126,415
4773,500104,500754,95,332
17319,500671,501552,84,281
707,500937,500893,81,717
13031,501211,500413,166,599
29894,500332,500998,135,384
20009,501393,500655,158,625
14093,501918,501198,143,390
25360,501521,500806,154,536
2544,500232,501147,63,384
29613,500139,500876,97,331
105,500831,501108,145,392
7701,501658,500749,158,550
14203,500639,500953,110,652
17553,500251,501412,53,89
9642,500079,500518,18,85
21919,500513,501837,111,200
29525,500728,501045,202,726
15973,501949,500842,34,251
17790,501228,500927,116,400
21424,500167,500115,157,669
750,500440,500104,114,1177
20161,500780,501520,169,493
17228,501652,501932,53,515
26635,501970,501512,48,154
12754,500969,500116,40,68
16573,501666,500602,40,154
15139,501946,500129,41,119
10980,500104,501019,152,462
3443,500039,500605,100,199
27908,501852,501721,111,296
4517,500628,501798,183,1160
16263,500658,501372,145,485
8207,500395,500570,192,209
21258,501341,500745,128,748
25954,501430,501195,149,253
26119,500343,501726,166,420
16716,501499,501033,95,220
25925,500328,501344,96,441
28542,501578,501362,190,253
14781,500795,501453,145,252
12974,500722,501628,115,216
16015,501757,500184,130,402
14459,500871,500925,116,307
3531,501375,501441,163,557
22921,500506,500919,122,390
14087,500203,501429,150,751
18937,500126,500446,74,143
18130,500256,500691,152,578
28129,501304,501383,149,948
9261,500905,500515,155,652
17981,500206,501728,136,320
13563,500059,501802,164,223
23071,501853,501251,180,555
4264,501583,501082,141,415
6995,500781,500323,136,497
20308,500611,501754,172,640
25142,500559,500395,74,427
6680,501498,501907,51,109
11584,501536,500583,185,440
8165,501578,500177,51,107
2679,501605,500153,109,347
8219,501814,500356,152,620
21022,500201,501902,40,97
9715,501110,501103,167,452
15918,500086,500621,163,328
14835,501274,500080,156,417
936,501334,500416,131,890
20838,501486,501612,120,383
7201,500631,501220,26,149
2928,500095,500938,170,492
4250,500911,500184,163,445
7396,500410,500005,151,281
7791,501474,501542,55,102
28822,500376,500339,50,500
6219,501298,500442,143,593
5992,500841,500433,122,146
24763,501606,501658,137,362
10432,501166,501993,193,412
25398,500049,500543,42,133
1509,501547,501204,151,373
26073,500762,501277,51,115
4810,501088,500433,189,327
16891,500514,500148,136,310
4879,501430,500101,56,223
3065,500951,501835,58,94
16445,501889,501443,121,898
14894,501883,501887,163,558
13319,500909,500838,80,335
19452,501635,501227,150,422
8940,501099,501652,100,989
7676,500609,500133,38,99
20381,501715,501653,198,472
19156,501922,501320,237,438
1226,500385,500769,144,450
2630,500376,501247,40,39
19547,500718,500891,51,110
22179,501675,500997,128,506
11705,500329,500205,16,55
11292,501058,501616,199,388
10659,501091,501160,95,524
13852,500197,500177,203,337
12139,501787,500858,157,1619
16113,500023,501315,163,532
14895,501314,501412,111,268
29236,501076,500988,119,266
14800,501048,501945,138,464
11975,500322,500617,15,159
569,500726,501096,157,315
15376,501611,501924,165,645
5455,500485,500578,127,1085
21019,500754,501668,80,256
2803,501136,501941,181,347
10808,501778,500121,137,423
26868,501263,501570,103,197
11802,500886,501125,153,254
3446,501058,501533,133,321
28054,902626,500041,147,678
28469,500219,501398,157,530
18007,501375,501023,187,183
22142,501743,501367,116,540
13504,501515,500075,133,261
19649,501776,501762,120,306
25381,500140,500140,176,333
19760,500380,501055,189,507
3822,500447,501527,148,224
12768,500701,500436,167,67
5923,500484,500756,138,493
8036,500149,500900,119,425
1276,500503,501715,107,353
13938,500191,501880,123,364
19793,501276,501258,42,256
27869,500469,501553,30,187
8082,501478,501052,62,1073
15807,501817,501533,163,617
28758,501016,500361,115,305
22135,501487,500344,67,138
23795,500547,501316,203,549
5986,501031,500578,175,533
14579,500438,501576,139,232
6815,501640,501160,86,178
368,500491,500871,174,943
16478,501036,500316,134,414
18970,500706,501662,38,178
3154,501107,500264,46,265
18593,500876,500298,99,530
25309,500094,501384,159,295
13820,501053,500238,165,558
28471,501107,500236,91,729
15319,501619,500987,90,750
19522,500346,501121,197,562
11751,500291,501012,131,358
13647,501802,501125,122,375
28853,501290,501430,128,749
27379,501837,501071,131,417
9724,500782,500631,142,282
21403,500897,501212,100,424
6901,500173,500009,216,349
29997,501694,500952,133,448
3463,500174,501272,90,543
15286,500367,500799,130,254
8008,501212,501439,101,506
3397,500309,500564,146,360
9247,501141,501087,101,547
25508,501303,501050,95,588
12578,500019,501749,95,491
15149,501588,500654,167,284
19122,500544,500718,29,100
20546,500314,501923,180,365
11419,500465,501087,162,167
22465,500258,501479,167,291
9074,501568,501926,114,649
24854,501614,500371,61,96
4955,500898,501403,148,231
2490,902255,500730,163,364
9087,500911,500255,26,107
13244,500909,500518,143,867
26321,501467,500572,120,199
29954,500587,501858,45,183
7410,501114,500825,103,556
10031,500444,500395,164,221
5658,501164,501026,64,82
28738,500206,501581,148,638
15582,501545,500816,110,367
2169,500294,501071,98,344
24009,501017,500086,118,844
27222,500882,501663,106,654
21065,501847,501628,152,270
3301,500867,501299,117,450
2158,501014,500551,58,273
564,501345,501132,123,464
22977,501695,501755,179,246
28659,500925,501655,177,426
11698,500212,501327,190,140
4329,500112,501745,110,369
104,501078,501491,189,675
10529,500922,500350,14,71
3916,501989,500097,29,174
20916,501433,501335,91,568
4913,501121,500944,119,540
6011,501817,501960,99,651
26522,500861,501016,134,261
13638,501600,500999,238,493
26488,500367,500040,26,77
22710,500753,501236,41,116
9487,501744,500967,51,87
10974,500324,500232,172,658
19248,500184,501557,46,210
8892,500034,500066,102,301
6633,501886,501075,165,252
28967,500420,500614,8,162
6367,501818,500765,128,260
30,500864,500461,16,269
21731,500840,501490,197,222
24959,500291,500143,178,973
18667,501040,501918,50,103
4410,500718,501099,151,549
16428,501050,500932,171,580
22373,500816,501620,135,1001
17493,500154,501340,206,474
26763,501668,501300,127,285
17443,501981,501277,131,506
4683,500847,501727,109,288
16398,500730,500473,130,208
6146,501700,500745,224,328
9882,501572,501069,117,430
15049,501619,501336,147,405
17751,501299,500621,69,114
17112,501085,501684,96,143
15586,500876,500542,156,479
12434,501249,500697,186,203
3825,500061,501168,29,96
19862,500726,500463,205,521
24699,500647,500442,42,128
16405,501400,501745,159,292
25598,500476,500714,114,662
25562,500153,500714,112,188
8980,500463,500453,171,408
8560,500743,501307,47,122
20975,500808,501132,189,834
1675,501046,500391,126,305
21580,500373,501494,91,298
20637,501145,500797,134,343
15912,500343,500051,78,176
11178,501577,500454,144,517
25439,500382,500607,102,724
6289,501271,500298,144,535
18646,501552,500840,131,702
23220,500751,500619,118,347
29108,500980,500995,88,754
20120,500739,500004,151,353
2862,501217,500314,129,551
9061,501146,500907,59,124
19411,501964,500625,153,161
17049,500776,501058,122,495
14750,500508,500530,19,90
21433,500265,501311,105,268
5444,501648,500082,47,123
27870,501246,500990,117,381
14759,500995,501530,137,914
12012,501341,500774,132,466
6940,500384,501206,201,347
19502,501433,500908,30,60
28707,501984,501079,37,73
12278,500345,501582,20,213
13945,500882,501691,132,390
26456,501142,500244,255,519
6389,500019,500009,147,193
22889,500051,501198,94,419
14898,501399,500342,158,485
28452,501526,500637,21,169
21290,501628,501087,108,428
21524,500440,501465,34,188
23161,500091,500676,113,494
3420,501369,501703,0,66
11019,500305,500206,175,409
1631,501237,501608,149,193
3504,501740,501268,237,749
21722,500580,500116,150,624
9368,500484,500682,154,542
23875,500825,500366,199,195
15141,500256,501889,192,314
25674,500394,501433,46,147
29779,501060,500972,106,749
8820,500979,500972,69,201
5745,501093,500647,114,137
7751,500480,500423,163,293
4407,500228,501200,31,105
12211,501591,500639,94,415
9314,501723,500856,118,678
26327,501644,501505,148,350
6382,501122,500119,164,349
21186,500111,501315,131,383
17325,500873,501093,226,338
4704,501846,500517,200,514
18096,500264,500022,142,673
3781,501367,501701,196,490
11554,501685,500899,23,212
24,501267,500814,128,420
1284,500197,501359,30,113
11162,501013,501828,30,87
8119,500440,500776,206,253
19418,501398,501173,110,150
17386,501468,500543,124,425
21709,501346,501907,207,473
13392,500071,500110,151,141
6560,500806,501219,95,383
15565,501441,501853,106,218
27441,501707,500009,45,233
22487,501773,500599,14,157
5296,500140,500339,41,76
4858,500707,501690,64,126
12486,501307,501883,209,216
29976,500513,501518,183,510
13333,500456,500670,23,149
15214,500410,500258,119,358
18067,501328,501285,163,927
13848,501398,501620,128,597
25798,500352,501297,23,255
12987,500179,501735,185,455
13908,501105,500992,13,142
22730,501280,501246,162,218
23404,501036,501122,137,298
20624,501552,500410,154,320
13403,500858,501828,97,488
29289,501025,501490,21,168
1824,500543,500206,102,387
17808,500608,501730,144,136
5711,500008,501504,108,399
16823,500155,501886,130,271
12219,500412,501424,52,106
13936,501467,501160,20,110
26907,900637,501056,109,283
24141,500272,500781,169,187
14935,501441,500572,124,609
20116,500222,501965,126,261
13257,500368,501025,143,787
28147,501075,500339,127,534
14789,500093,501873,143,251
20049,500155,500296,155,278
24712,501096,500877,148,754
25034,501094,500745,178,387
18335,501397,501016,147,624
24064,501290,501023,142,1724
2784,500166,501168,204,656
12112,500028,500272,0,145
5650,501001,501428,0,145
21226,500282,500221,25,256
23862,501618,500651,151,662
5299,500110,500193,123,280
3078,500446,501495,194,404
22123,500758,501053,143,188
21397,500783,500519,163,347
9849,501128,501178,102,240
5145,500908,501076,161,1563
5999,501239,500542,183,312
23328,500876,500295,122,188
12149,501764,500395,13,118
5292,903607,501531,120,468
4909,501828,501550,125,500
13365,500241,501560,27,118
2849,500659,501210,141,348
380,500835,501303,126,468
2503,500304,500728,146,465
21516,501259,501298,96,455
27496,501141,500335,112,477
7867,500239,501025,109,166
8655,500021,500523,47,166
24640,501814,500746,141,162
29712,500671,500199,156,286
630,501509,500978,143,1542
26542,502000,500455,161,469
11776,501905,500143,121,370
26366,501794,500415,14,198
6345,500067,501875,188,277
24719,501592,501928,174,236
18546,903048,500811,191,408
21948,501646,501157,178,493
29747,501011,500061,183,754
4187,500880,500183,184,455
14533,500250,500530,126,493
9784,500820,501356,39,158
7561,501828,500749,147,613
3394,501793,501765,124,435
27943,500915,501217,149,326
6635,500668,501285,98,496
2563,500458,500983,48,118
28485,501364,500651,134,775
3681,500673,500893,142,552
21189,501498,501512,18,153
20490,500124,500877,128,518
4346,500274,500444,143,676
11116,500663,500892,23,74
29780,500001,500998,116,698
17055,501148,500299,140,300
4918,501443,500799,115,362
29871,501032,500140,162,517
28207,500818,500051,131,330
28672,500572,500871,142,572
1823,501362,500268,100,247
16012,500018,500284,38,179
29128,500380,500116,160,275
472,501351,501958,83,269
19602,501014,501157,178,256
6826,500026,501618,196,258
20951,500200,500750,154,515
6677,501184,501055,149,182
26292,500610,500101,173,657
15695,500359,501808,169,349
8609,500424,501184,149,567
23915,501999,500427,150,509
24565,500881,501570,52,167
18079,500156,501403,174,871
20325,500239,500554,175,303
5060,501975,500360,192,276
15455,500202,501741,138,214
29643,500045,501777,120,355
8635,500302,500300,182,587
3560,501686,500100,121,560
5691,501923,500523,141,503
9575,500571,500501,186,225
24588,501645,501767,151,353
19184,500390,501080,143,326
13255,501468,500059,41,451
5007,501787,501373,140,663
19192,500959,501989,83,292
9465,501272,500898,173,428
10075,500021,500999,151,209
4440,500098,500098,184,520
18823,500777,501400,161,515
24039,500947,500330,31,106
26679,501006,501989,174,468
17537,501268,501334,154,555
28740,501575,500628,193,278
18530,501400,501520,101,546
5638,500819,500926,94,323
24599,501372,501090,111,339
1543,500712,500606,135,337
25217,501808,501332,120,233
14207,501770,500312,45,41
18682,500124,500478,110,175
23695,501377,501452,47,166
16589,500269,500269,101,209
16120,500607,500386,81,304
28056,500802,500058,61,76
1705,501941,500725,131,460
2287,501314,500730,219,290
27782,500172,501479,83,427
22367,500515,500424,121,743
20464,500212,500751,16,76
6098,500349,500747,72,122
22651,500506,500599,125,314
370,500529,501782,168,856
25063,500654,501854,30,186
13148,500617,500432,41,113
17638,500004,501816,187,444
21501,501099,501121,166,698
11623,500507,500831,26,45
26989,501058,500959,100,228
22347,500526,500884,151,972
25331,500427,501752,107,392
18175,500166,501110,150,285
6747,501048,500065,0,204
11882,500581,500965,144,193
8856,501161,500037,149,216
16439,500086,501563,120,389
2093,501758,501469,150,433
21314,500153,500722,168,434
16938,500491,500785,49,176
17985,500874,500840,72,465
11464,501066,500491,99,482
18641,500384,501409,247,458
6630,500258,500821,163,827
13041,500349,501270,61,74
14729,501917,500827,55,114
17969,501696,501045,192,466
13409,501307,500669,167,323
4023,501787,500497,139,779
26167,500291,501780,100,681
16880,501833,501474,29,127
8602,500491,500145,103,220
15588,501957,500562,50,126
9295,501894,500107,13,172
10610,501654,501888,87,241
16182,501833,500862,208,252
25414,501324,500498,143,383
9223,501145,501073,125,222
15167,500472,501220,96,187
18503,501363,500795,73,779
22930,500577,501088,168,921
20647,500839,500564,39,140
17547,500467,501616,171,649
6540,501787,501638,150,282
5119,501668,500661,198,588
25552,501122,501660,89,319
2421,500259,500241,40,121
18965,500856,501592,215,313
2195,501198,501374,25,107
3879,501495,501639,163,532
24210,500616,501174,158,471
17391,501638,500636,94,407
12946,501585,501525,149,253
7361,501120,501904,122,307
13894,501282,501282,99,457
28071,500670,500673,141,252
8588,501633,501441,136,219
20261,500244,500410,205,351
4856,500226,501604,55,212
25582,500193,501145,92,453
12585,500655,500203,142,468
21775,501753,500472,134,585
19481,500070,501036,117,465
8375,501644,501007,146,115
27384,500067,500199,105,280
8763,501802,501264,206,332
5526,500925,500402,155,1278
2175,501926,501447,43,160
2921,501713,500993,53,143
9444,501542,500944,151,1451
9244,501033,501071,102,242
5030,500436,500079,179,177
24487,501816,501932,172,899
20029,500687,501727,96,1337
278,501928,500524,93,375
14120,501121,500956,32,101
27758,501706,500441,147,173
18389,500269,500814,187,541
28062,500554,500893,171,128
4189,500251,500862,87,656
29505,500416,500326,164,293
21956,500334,501429,39,267
15555,501356,500402,88,198
11868,501363,501848,149,353
11194,501657,501135,176,510
22544,501463,501600,198,478
11060,501256,501947,62,84
24966,501860,501264,142,394
10464,500289,500725,124,433
6189,500994,501943,151,236
28157,500576,500571,126,319
10342,501805,501398,33,333
24794,501381,500238,114,366
8627,500608,501152,196,430
22501,501971,501237,97,543
18307,500433,500232,142,479
26200,500094,500238,41,137
21320,500520,501667,123,367
6779,500320,501394,65,550
26742,500680,500145,62,395
11773,500774,500523,139,705
14782,501924,501060,144,355
8237,501148,500986,110,999
8236,501651,501159,92,839
10351,500323,500731,41,168
18704,500795,500380,98,398
813,500767,500765,125,268
1350,500100,500720,117,992
12065,500925,501971,150,661
6498,500712,501684,152,281
11785,500739,500339,136,270
4096,500240,501858,23,113
2854,500263,500428,30,35
13785,500319,500431,142,721
17497,501330,501537,190,385
29090,501919,501917,215,401
14383,500840,500935,60,308
28377,501751,500519,210,310
18887,501911,500845,118,642
13775,501024,501391,108,327
3309,902377,500870,172,250
4453,501332,501208,44,74
24065,501236,500120,128,305
9258,500442,500279,98,463
20793,501107,500034,112,313
13593,500958,500316,20,194
12086,501486,501920,128,548
3356,500655,501519,152,355
1703,500302,501537,165,306
1298,500816,501055,141,145
20982,500123,501206,172,456
26169,500400,501923,87,533
12438,501819,500908,96,1017
11477,501233,501445,137,330
5669,501744,500662,138,154
10032,501866,500268,103,539
5201,500924,501313,159,319
12402,500444,501689,153,446
28919,501505,501865,98,1383
11421,500330,500241,100,208
5034,500153,500808,255,221
11853,500067,500346,138,463
12102,500795,501221,113,173
26025,501997,500401,104,497
17685,501581,500723,128,860
12194,500312,501263,121,505
29175,500811,501965,159,528
21774,500436,501667,128,286
10013,500746,500710,106,545
12963,501426,501763,98,532
3794,500100,500424,108,117
2058,500698,501660,109,190
6890,500332,501718,223,278
12371,501452,501048,83,368
1155,501269,501006,136,212
24672,501450,501367,126,364
27885,500198,500581,147,334
19716,500285,500662,36,222
9352,501580,501703,185,447
5212,500487,501149,221,212
9790,501960,500764,28,126
7861,500487,501519,126,702
27362,500173,500321,123,265
26609,501536,500491,130,499
21827,500061,500419,134,787
9582,501651,500760,76,511
25238,500009,501926,168,569
8416,501460,501314,149,310
5753,903683,501486,52,71
50,500487,500250,77,291
2986,500645,501993,105,665
27172,500090,501305,135,247
14089,501664,501893,49,184
1062,501944,501060,75,451
25121,501283,501069,76,120
25017,501264,501272,121,563
28572,500095,501822,33,141
13619,501414,501386,133,509
29256,501463,501756,122,1055
25921,500456,501005,27,76
3662,500098,501801,56,222
11873,501145,501107,133,940
2134,500559,501479,16,99
13241,501806,500384,128,277
29157,500816,501194,176,775
2995,501489,500255,135,452
16247,501481,500062,25,106
23444,500949,500009,120,564
24279,500687,501787,68,243
23869,500896,501917,107,529
18274,500624,501945,104,280
11946,500253,500631,30,259
9927,500988,501724,132,422
17723,500060,501323,166,352
11388,500082,501212,154,228
4124,501209,501392,23,102
23156,501973,500619,141,580
1779,501322,501335,119,489
28504,500003,500605,88,613
18942,500659,500376,114,255
13003,500722,501057,164,204
25977,501976,500937,168,500
2953,500754,501924,136,1300
12637,501622,500383,180,578
29857,501363,501782,149,308
29926,500328,500383,155,575
25773,500737,500211,181,265
18581,501868,501598,159,583
10503,501681,500938,120,763
13381,500391,500754,132,357
19863,500458,500500,57,59
16969,500995,501889,88,672
1275,500994,501604,21,223
21079,500544,500237,157,325
21039,500982,501938,184,380
18874,500104,500154,66,180
6647,501069,500334,198,254
29209,500833,500960,91,308
16867,501088,501999,171,421
18353,500109,501916,128,1446
10204,500104,501925,134,316
4902,500280,500663,166,561
26031,500236,500830,148,247
23574,501784,501716,137,376
11834,501425,501741,145,595
14387,500049,501843,121,271
23822,500237,500676,198,186
24016,500365,500319,42,392
26892,500210,500253,79,566
23201,501040,500627,146,334
460,501272,500716,100,354
366,501173,501037,134,508
29960,500898,501162,103,399
15322,500189,501941,171,472
1060,501160,501999,108,331
9525,501463,501899,176,310
13056,500934,501506,100,610
28566,500420,500825,106,305
9083,501775,501716,81,174
17692,500261,501179,150,198
3472,500025,500836,43,132
5422,500758,500914,67,405
24446,500179,500805,226,289
13730,500871,501055,156,161
4376,500977,500569,67,118
10883,500777,500057,87,317
9738,500935,500937,128,526
14975,501525,500490,36,90
14464,500605,500402,135,403
26564,501518,500339,30,60
16849,501995,501960,136,361
16729,501478,500990,145,369
2165,500683,500480,71,598
18566,500277,501865,14,81
10132,500369,500298,42,146
17834,501829,501716,37,206
4527,500446,500523,99,911
883,500567,500925,206,583
8414,500012,500130,39,392
29660,501963,500432,106,167
12629,501240,500718,126,185
15619,500090,501922,130,157
14220,500900,500923,107,608
22722,501782,500824,185,347
9263,501578,501911,187,193
8960,500833,501592,191,387
2553,501322,500346,91,125
4819,501563,500550,139,605
2041,500298,500046,226,252
17447,500785,501054,198,222
18191,500185,501453,35,112
23816,500201,500819,136,476
3735,501859,500577,117,186
15324,500134,500462,120,185
25594,501471,501201,135,374
2969,501731,501772,60,379
11103,500924,501700,160,398
17318,501839,500749,183,185
24870,500982,500282,120,316
26343,500200,500176,99,341
19535,500109,500819,153,718
26465,501023,500559,100,362
3238,500320,501268,33,390
13786,501706,500571,153,609
7590,500395,501674,180,391
24919,500326,500005,170,571
4180,500683,500763,49,83
23360,500392,500751,121,407
5590,501409,500650,137,676
7945,500565,500063,142,322
18780,501868,501631,183,364
25518,500861,500571,192,234
6528,500871,500814,140,477
8302,500460,500765,121,210
21851,500689,500554,39,56
20876,501453,500080,133,234
3223,500817,500395,116,332
22874,501406,501394,125,802
3745,501353,501596,113,545
17752,501361,500233,151,486
10559,500023,500685,133,703
3037,501479,501945,81,899
27445,500060,500858,85,239
13499,500236,500690,133,110
25803,501073,501901,105,526
1623,500249,500783,192,1057
28347,501208,500479,119,712
51,501372,501628,125,464
6742,500056,501211,122,422
27982,501195,500873,157,382
13401,501567,500554,193,147
8559,500542,501981,175,252
5491,500095,500733,227,331
5317,501201,500981,37,121
12413,501207,500978,63,80
6952,500413,500806,177,1121
7092,500470,501227,62,60
26935,501622,501390,75,405
22162,501923,501085,118,234
17294,501247,501040,144,259
19638,501684,500190,176,411
25682,501439,500068,145,399
24179,500211,500334,168,336
18586,501552,500522,201,572
10727,501217,501640,102,210
19028,500491,501034,168,512
2941,501627,500702,47,311
17698,500937,500904,86,124
7716,501263,500299,141,283
9634,501222,501900,53,80
363,501775,500233,161,164
12913,501083,501659,34,329
11072,501764,501881,120,182
28432,501470,500916,106,1132
20774,501691,501786,96,287
26976,500581,500636,110,165
28045,501716,500902,80,174
24266,501587,501889,47,133
15514,500166,501308,145,636
20997,500124,501541,85,574
11162,501013,501828,30,87
28465,500476,501085,133,580
10672,501561,501553,117,376
14996,500585,501826,49,131
10261,900270,500668,151,502
1325,500813,501025,167,148
10414,500255,501884,148,492
16458,500718,501075,105,853
5897,500519,500682,125,336
21700,500543,500465,187,524
27675,501080,500206,86,268
29652,500821,501131,166,234
12680,501911,501748,62,99
6281,500856,500222,158,332
15053,501524,500383,152,417
15481,500222,500554,172,580
16634,500777,500840,151,929
22524,500535,501396,30,65
24335,500373,500722,174,473
18093,500977,501199,49,171
9124,500438,501952,128,137
1401,500139,501741,140,600
19684,501425,501293,40,54
17890,501553,501687,161,583
19109,501570,500996,95,449
27307,501382,501960,136,474
24984,501300,501381,121,617
24313,500314,500074,154,700
3628,500584,501608,107,457
13062,500104,500746,136,216
19241,500760,501350,97,233
14095,500385,501393,70,320
24698,500249,501238,140,266
22579,500416,500206,101,434
28513,501997,500201,146,217
15983,501090,501079,83,600
2131,501579,501273,21,193
26116,500332,500611,196,668
19195,500064,501725,124,199
8216,501591,500624,153,677
10777,501860,500503,154,289
11841,500005,501980,192,460
13299,500131,501743,129,832
16219,501468,500601,134,379
7510,501683,500969,110,150
7796,500544,501363,181,238
25009,500296,500151,197,539
26048,501091,500862,120,843
9050,501216,500138,14,97
7419,902160,501043,170,498
27915,500821,500949,189,196
20036,500311,501662,119,166
14948,500902,501768,113,1127
26177,500838,500679,152,200
24125,501643,501918,107,1062
29523,500105,501193,157,207
11756,501894,501677,136,410
21366,500610,500584,136,560
3033,500061,500845,162,421
25298,501198,501512,82,496
16233,501285,501619,162,680
8079,500735,500176,163,364
7314,500680,501772,169,290
15496,501116,501242,47,151
3046,501563,500199,195,248
14761,500041,500164,139,517
20576,500282,500190,40,155
29642,500485,501202,122,656
14370,500818,500927,142,346
8490,501697,500278,166,682
19018,500757,500756,104,616
6316,501267,501431,128,965
20465,500480,500327,35,160
22692,501423,501998,46,1106
1914,501948,500919,109,332
25311,501041,501041,84,223
11458,501798,501398,201,362
10500,501922,500021,93,448
19158,500206,500521,58,430
23924,501350,501028,169,394
4366,501141,500997,142,402
8335,500415,501060,141,613
7743,500708,500663,73,108
10796,501990,501153,144,541
20948,501581,500515,145,592
19872,500536,500399,49,154
4888,500005,500054,158,220
11038,501300,500673,40,92
10810,500533,501002,107,433
28873,501928,501361,157,237
18758,500343,500279,112,180
13944,501193,500746,230,1283
29275,500062,501641,43,42
21600,500312,500489,155,341
4606,501875,501577,37,333
5553,501576,500685,120,571
6328,500890,500941,198,320
3564,500160,501998,101,444
6772,501041,500020,174,166
28058,500526,501450,132,289
2937,501404,501450,121,404
12347,500548,500042,81,499
25333,500374,501491,49,234
16659,501063,501728,144,547
26216,501010,500530,123,680
6713,501707,501763,142,279
11325,501787,501464,170,160
27418,500754,500181,144,657
1801,501169,500605,109,438
23374,501118,501170,135,408
20035,501267,501829,116,589
12512,500086,501030,60,142
6723,501481,500770,62,86
2560,500269,500180,146,391
24754,500039,501428,178,645
28160,500104,501210,215,447
363,501775,500233,161,164
6499,500142,500891,163,493
1316,500915,501617,146,410
12466,501406,500383,144,503
28699,500114,501953,146,389
9910,500981,501960,155,206
12003,500185,501471,146,520
19646,501843,500020,177,319
2026,501519,501777,155,217
22545,500262,501536,155,272
24388,500825,500252,161,384
21468,500020,500723,166,489
15251,501861,501693,44,64
28816,501384,501326,150,141
28848,500206,501268,145,144
19714,500209,500143,48,103
13819,501868,500117,195,265
20352,500831,501785,120,886
2316,500533,500391,97,260
12251,501098,500759,147,436
3444,500041,501443,135,203
11488,501308,500054,102,219
11690,500999,501612,142,742
24028,500861,500081,191,370
22746,501672,501280,33,171
29475,501488,501826,83,439
14515,501859,501323,113,258
8225,500407,500431,42,135
3361,500018,501963,104,457
24564,500897,501643,77,346
18287,501466,500953,133,397
4340,500338,500211,152,166
23297,500135,501457,150,577
3624,500257,501964,153,398
2611,500249,500239,78,307
3653,501096,500180,204,406
28536,500001,501159,111,570
29348,501364,501989,163,334
1283,500365,501997,138,171
26231,501267,500191,118,677
21231,500681,501690,118,516
10297,500522,500846,157,486
9833,501912,500633,99,263
17254,500966,501762,179,150
28297,500725,500309,129,204
15341,501716,501148,160,266
25183,501206,500912,144,176
25472,500088,501119,158,950
9445,501862,501900,1,338
23403,501667,500996,129,467
13549,501526,501210,87,560
20888,500860,501097,15,52
28400,500681,500830,158,559
24673,500680,501025,135,457
6002,500842,500669,41,53
13790,500556,500280,136,455
25416,500745,500114,169,490
16429,500862,500876,114,230
20040,500264,501547,156,457
6339,500462,500074,31,123
10387,501850,500003,154,323
8128,500215,501596,114,302
28643,500993,500550,76,704
16726,501666,500341,30,41
19347,500384,501052,188,310
11022,500417,501915,25,70
23681,500895,500811,147,387
831,501717,500769,194,517
11514,500812,500584,115,95
10762,500280,500032,102,373
20770,501261,501210,140,453
7043,500687,501426,30,83
13354,500703,501831,36,98
18547,500662,500484,214,898
6707,500554,500151,192,1209
3508,501990,501423,114,586
3606,500320,500723,142,840
7614,501395,501851,10,88
25239,501168,501595,154,136
21068,501937,501447,21,117
25488,500587,501364,118,449
3552,500788,501887,98,571
21046,501756,500181,118,745
2903,500359,500842,74,214
12647,500571,500782,162,732
25596,501461,500251,127,290
15111,501217,500299,149,296
5904,501454,501613,21,198
13329,500646,500104,19,129
29690,500485,500766,56,59
22189,501605,500525,49,77
24413,501681,501344,116,177
18057,501483,500267,74,306
12813,501069,500982,14,166
17082,501103,500442,148,438
357,501572,501420,32,163
1924,500172,500008,108,264
4828,500943,501668,168,284
24641,500158,501631,6,266
5830,500188,501433,177,507
8173,500191,500293,196,744
175,501830,501792,85,461
4460,501801,500692,61,44
22007,501784,501407,171,345
12170,501819,500070,83,468
11557,500476,500063,82,400
4950,501014,500923,182,352
16243,500212,501830,152,483
17359,500880,501291,159,630
8785,500257,500526,37,92
10942,500538,501777,132,415
18838,501736,501080,53,148
4930,500410,501725,130,304
22577,501174,501331,170,400
12758,500381,500758,35,335
15010,501271,501701,89,263
22605,501674,501272,174,141
10044,500327,500726,157,304
23656,501407,501578,159,236
19854,500287,500185,152,335
2806,500586,501227,181,352
19448,501400,501528,150,267
11481,500548,501307,50,198
8942,501439,500086,100,523
15345,500527,501190,130,236
28193,500297,501340,125,460
8446,500198,500212,79,311
10805,500816,500422,176,265
7482,501711,501561,105,526
16095,500538,501162,203,337
28106,501400,500457,98,468
4701,501936,501669,25,130
4580,500472,501737,0,184
2305,500153,501605,152,295
24173,500758,500164,96,601
11825,500063,500212,128,440
361,501403,501600,169,227
1172,500531,500804,29,125
4386,500781,501919,86,84
10661,501148,500424,153,1216
11560,501620,500947,98,208
13570,501147,500255,158,491
15645,500439,501278,45,107
11010,501283,501740,22,196
8767,500818,500647,79,639
28731,500811,500529,157,314
9644,500646,500410,130,236
9880,500776,500334,63,251
3235,501327,500572,26,140
1995,501282,500284,160,333
19589,500105,500335,198,453
25001,501511,500670,143,487
24717,501191,500862,132,225
28506,501681,501025,85,672
15132,500266,501249,140,436
13752,501964,500527,157,597
6042,500622,501858,152,172
10444,501322,501431,161,420
26172,500805,501217,124,270
449,500020,500096,68,85
10074,500632,500770,131,388
25225,501240,500875,21,152
1167,501367,500091,125,877
18606,501407,501595,207,359
28921,500208,500207,105,473
26056,501332,501591,115,293
8549,500267,500997,122,714
22774,500609,500383,118,499
28679,500493,501050,97,451
6187,500219,501858,56,99
8885,500104,500104,194,567
20909,500607,501571,113,231
1116,500704,501433,195,330
17820,500960,501007,127,794
10269,500503,501645,144,343
13518,501310,500390,146,282
1413,501270,501805,173,438
21111,501236,500571,144,448
10512,501929,501999,177,480
5599,501531,501233,109,368
12379,501017,501358,204,458
25445,501162,501780,137,284
27677,501313,501741,132,221
28397,501355,501755,176,332
15861,500035,501314,62,134
13210,500566,501587,175,276
16479,501678,500729,41,37
11190,501336,501894,171,229
25638,500131,501110,183,338
21312,500921,501497,23,156
2742,501920,501168,129,367
13234,500041,501545,145,572
9759,500287,501288,86,458
25760,501938,500982,118,387
5936,501036,501079,86,294
14101,501676,500625,120,459
9058,500475,501918,109,417
18491,500022,501687,111,407
7152,500120,500050,89,496
29597,500365,500470,114,297
17147,500522,501679,152,302
8029,501967,501947,64,125
3260,500502,500082,114,339
18024,501760,501125,61,148
25067,500631,501768,167,640
2286,501583,500811,179,773
15075,500405,501846,149,939
27327,500667,500971,36,62
22319,501629,500162,64,60
6551,500112,501468,145,362
7412,500750,500811,49,54
24911,501217,501684,173,560
14719,501919,501463,64,606
20165,501099,501631,176,731
24933,500669,501038,97,282
24646,501584,500969,3,413
2945,501395,501748,97,940
10037,500711,500877,43,295
11125,901065,501351,15,101
23326,501325,500543,153,333
19431,500632,500308,88,454
1125,500228,500061,131,411
17132,501029,501014,123,670
14500,501483,500572,149,105
26298,500134,501075,112,539
25310,501709,500295,9,44
16421,501943,500861,177,593
9170,501922,500291,107,268
28956,501799,500235,42,153
17536,501379,500309,190,816
20205,501857,500714,251,428
11437,500735,501372,71,702
28869,501911,501184,164,428
27057,500252,500010,124,257
3889,501971,500546,176,151
13433,501090,501225,137,250
489,500934,500941,163,242
28648,500438,501717,185,585
15283,500818,501924,111,519
3169,500565,500895,128,200
10000,500207,500661,103,403
3226,500334,501528,137,874
3859,500565,500110,183,404
21594,500459,501224,20,157
3020,500654,501041,116,627
25898,501963,501153,119,580
3297,500942,501660,97,261
26960,501441,501975,138,434
16993,500529,501815,90,440
17639,500565,501356,182,218
22560,500457,501587,11,282
10216,500524,501633,136,190
14857,501185,500722,111,272
28316,501345,501066,185,374
22915,500905,500219,36,187
8024,500770,500902,16,84
16334,501537,500094,108,185
9700,501314,501580,151,946
17693,501379,501931,153,410
27755,501615,500345,130,784
24595,501578,500074,175,971
24239,500811,501636,160,666
16367,501280,500104,0,372
27030,501282,501880,144,385
8911,501679,500467,110,339
25450,500936,500682,118,381
276,500203,500781,127,383
9032,501999,500037,94,404
21770,501551,501561,113,732
8883,501068,500506,129,511
7013,500550,500451,130,186
9912,501836,500101,45,114
3120,501963,500774,72,199
1987,500662,500506,138,349
7819,501335,500979,165,553
2326,500756,500936,117,156
3243,500345,501941,143,522
23599,501728,501134,167,454
1663,500123,500818,141,281
8969,500857,501195,91,578
27447,501069,501615,31,142
25086,500294,500454,181,422
23944,500153,500668,85,246
18662,500238,501276,34,117
5889,500894,500638,14,116
20412,501248,500162,64,217
2936,500457,501232,156,304
12180,500345,500241,149,995
20893,501530,501617,200,350
28449,501595,500112,165,422
28166,500735,501814,124,366
3649,500005,500559,131,1046
16251,500512,500854,140,248
1819,501121,501323,39,109
5068,500128,500648,56,184
13947,501778,501778,208,370
16591,501158,501951,177,560
5023,501519,500529,153,460
1938,501456,500954,168,356
14808,501208,500735,165,260
27215,501273,501993,62,1059
25147,501363,501023,165,735
29314,501905,500926,111,347
7783,500854,500101,128,191
1962,501584,500801,35,342
12673,501528,501320,153,459
6166,501496,501627,8,78
17008,501761,501149,136,799
22001,501901,501264,170,448
3458,500668,501806,115,481
13423,500988,500134,142,308
23854,500870,501354,20,104
7422,501978,501823,16,106
7671,501761,500472,209,954
7471,501596,500538,162,441
20168,501716,500792,139,1647
15441,501993,501883,180,472
25470,501331,500440,67,598
17473,500423,501468,152,432
6039,501327,501002,54,115
13326,500735,500198,77,256
20223,500373,501327,104,289
12719,501373,500361,143,552
29601,500581,500606,11,103
22493,501765,500858,147,279
12812,501651,500706,84,269
15748,501204,500068,159,472
12192,500514,501567,138,373
26444,501980,501085,147,892
16369,500299,500373,87,375
17681,501159,501413,69,435
7271,500402,501829,172,249
27031,500105,500854,114,617
5033,501616,500671,133,446
17304,500221,501348,50,134
1660,501012,500191,121,494
10925,501798,501806,122,729
10192,500820,501121,0,229
18020,500018,501159,32,60
10036,501654,501099,135,245
24445,501232,501108,169,822
13258,501592,500545,149,92
28195,500033,501307,120,790
4432,501998,501029,137,173
5778,501310,501878,77,271
19015,501756,500785,101,615
20535,501486,501528,130,793
12533,500531,501675,182,456
19731,500679,500954,209,882
25329,500475,500465,170,217
11476,501280,501450,187,456
24297,501147,501805,104,177
11830,500332,501506,158,842
10854,501409,500166,176,334
1012,501844,501834,171,832
393,500467,501106,129,896
4405,500410,501093,86,1130
29179,501951,500771,134,1189
13995,501074,500237,21,136
12617,500001,501694,152,348
25613,500805,501316,126,475
20565,501333,500446,151,236
357,501572,501420,32,163
24801,500506,500126,146,191
10845,500287,500021,156,507
1507,501795,500611,68,114
17160,500371,501748,102,193
2082,501505,501305,145,1273
24751,501133,501946,143,322
13962,500786,501976,152,801
15997,500997,501737,115,356
24150,501786,501880,197,308
13246,500532,501295,151,410
28107,500159,501173,115,286
25058,501112,501721,121,405
29388,500139,500164,187,272
18941,500819,500326,137,337
10530,500460,501677,195,441
28567,501328,500650,186,468
5156,500487,500001,178,724
6220,500522,501533,186,262
10284,501202,500214,137,312
18256,501735,500775,18,102
13922,500088,501786,169,649
28232,501654,501778,145,302
4298,500609,501015,173,420
17968,501143,501941,57,367
21927,501227,500366,194,376
29841,500673,500459,110,542
11966,500481,500400,136,547
22736,501131,501445,214,426
2444,501127,500578,107,348
9951,500126,500616,156,1055
3863,500431,501947,19,142
6430,501210,501282,78,735
7336,501398,500688,18,110
2270,500520,500721,10,105
26872,500383,501144,148,462
12849,501533,500278,104,892
19243,500344,501834,137,1329
2499,501131,501627,143,438
3902,501828,501221,189,415
6793,500716,501806,120,242
21586,500560,500313,55,150
25192,501911,500322,167,778
3535,500214,501942,99,689
16551,903946,500333,167,701
9789,501080,500597,123,112
11343,500531,500944,109,404
6672,500219,501683,12,201
27084,501652,501363,103,257
20461,500587,500250,9,180
26061,501997,500065,55,40
11552,501447,501536,45,189
267,500515,500678,191,474
9682,500280,501195,125,305
22886,500462,501039,40,72
1356,500455,500442,92,318
1483,500934,500438,135,553
10912,501017,500080,152,641
20753,501703,501011,161,268
25437,500126,501465,169,271
12098,501333,501713,127,335
1535,500040,500640,41,464
7358,501679,501670,121,273
26543,501157,500051,150,402
12145,500792,501267,121,607
11035,500737,501029,83,303
9727,501248,500752,25,192
23584,501443,501376,54,126
28809,500532,501499,153,207
15190,501559,500044,36,80
25584,500678,501261,62,784
25452,501483,500236,129,430
2552,500813,500513,130,411
19789,500124,500051,158,641
11119,501319,500020,139,279
13871,500084,501615,179,1557
2743,501146,500577,143,371
29602,500034,500874,182,253
16430,501942,501461,137,375
26338,500970,500241,135,788
24223,501618,500844,162,462
21968,500489,500252,27,191
24196,903093,500720,161,542
3957,501293,500898,122,431
16349,500591,500439,59,272
20254,501214,501305,93,856
1965,501336,500971,180,299
20597,501375,501545,123,413
12163,501940,501068,49,141
1943,501681,501045,142,146
15458,501453,500613,146,418
3589,500026,500444,115,345
28868,500569,500019,32,143
16268,501706,501598,114,304
13571,500138,501945,132,457
10099,500063,500673,169,322
18447,501865,500004,110,1408
11407,500783,501107,127,244
28932,500676,501404,38,103
21965,500475,500914,156,316
9279,500814,501163,215,514
4231,501884,501399,184,767
8185,501497,501394,104,363
8005,501345,500322,134,1025
25289,501201,501145,33,140
18196,501622,500455,43,83
28767,500885,501608,26,116
25630,501536,500376,166,812
8608,500704,501895,80,512
9005,501585,500642,15,96
7347,500489,501605,112,467
1134,500316,501889,90,565
19434,501716,501693,161,401
27706,501079,500470,164,321
7442,500304,501414,161,323
19723,500910,501233,142,685
14283,501902,500464,35,142
6103,501507,501901,91,890
28125,500987,501465,158,651
25406,500685,500572,169,880
18693,500446,501517,93,308
2827,501596,500795,118,669
25743,501674,501184,181,179
19066,500401,500401,31,81
12171,501788,500994,53,325
10024,501938,500999,116,407
28642,501426,500007,158,530
29143,500383,500886,153,176
23103,500615,500842,121,276
26397,500280,500529,184,401
22503,500930,500647,126,786
25636,501870,501615,100,305
23304,500410,501054,160,318
5147,501175,501709,41,159
18866,500215,501577,164,275
8793,501744,501947,8,162
26141,501643,500661,188,1074
28727,501796,500333,25,171
28446,501201,500361,175,459
17097,500712,500765,176,516
8178,501368,500510,130,697
20212,500548,500299,133,190
2985,500005,501311,44,140
27229,500393,500397,39,65
24398,501734,500295,34,96
6564,501133,501513,157,681
11938,500145,500272,168,513
10534,500512,501724,116,412
29951,501416,501459,25,192
27578,500498,500752,107,540
13105,500722,500989,180,341
22738,501185,500854,125,455
3610,500750,501968,136,618
11427,501139,501601,101,516
20527,501383,501131,140,536
17194,500861,501916,121,541
25253,501743,500920,161,400
20316,500610,500084,153,373
27839,500280,501880,128,268
15498,501099,501269,167,637
27473,501641,500784,28,68
2199,501233,501653,118,322
2019,501730,500500,38,112
10908,501760,501780,157,264
3225,501576,500339,73,1114
23256,501027,500274,126,369
11612,500122,500414,49,79
263,501512,500989,150,639
24899,501441,501655,97,577
24842,500488,501100,30,178
3593,500711,500090,97,216
4670,500854,500174,148,804
23073,501311,501992,118,286
28604,500790,501300,194,294
1493,500298,500202,130,620
640,500283,501725,50,350
7308,501991,501857,158,299
5396,500077,500774,154,376
28955,501413,500199,118,451
12490,501904,500188,162,524
23070,500454,500797,135,519
16724,501191,501662,182,386
14580,501513,500466,197,468
6306,500269,500747,116,391
14832,500960,501572,184,410
3372,501537,500756,122,250
12934,501533,500218,155,416
18065,500521,501724,166,470
23918,500114,501861,124,339
21670,500943,500025,175,238
16606,901971,500596,35,230
25607,500416,501772,189,977
20119,501967,500173,132,371
10754,501814,501159,156,671
5437,500811,501854,61,213
18331,500670,501266,153,154
28061,500800,501843,33,193
9063,500200,501615,121,301
26681,500939,501438,145,422
26426,500884,501288,160,131
27042,501530,501843,87,329
20439,500861,500608,172,649
17489,500382,501907,218,450
2155,500314,501426,93,487
23475,500274,501269,118,447
301,500914,500726,101,163
11456,501538,500016,51,166
12161,501046,500931,141,332
5652,500876,501777,92,482
22979,501860,501527,120,266
16195,501666,500066,120,384
17992,500319,501275,51,151
15899,501320,500533,164,139
4406,501901,501334,136,400
2763,500631,501070,154,315
1458,501270,500319,174,545
29210,501964,500267,124,460
9881,501173,500339,142,1248
8610,500192,501825,61,74
7635,501078,500333,87,365
23041,500087,501899,170,543
16997,500949,501464,171,395
24401,500949,501010,162,563
29234,501460,500553,36,88
16913,500704,501656,89,356
5032,500167,501430,154,345
27534,500898,501031,144,471
18492,500986,500515,115,304
17840,501022,501505,144,279
22368,501020,501393,110,956
12306,500797,500147,32,76
4919,500019,500732,68,596
17507,501215,501707,145,655
1762,501865,500905,190,477
26074,500466,500683,48,52
23516,500484,501975,154,574
9001,501782,500673,128,568
17850,500729,500661,189,157
6259,500650,501159,85,390
3897,500224,500569,50,71
4841,500661,500908,117,772
7137,501131,500821,123,300
2338,501652,500516,148,520
17268,501942,501087,183,692
12701,501199,500561,170,602
4443,501616,500720,94,532
17906,501176,500068,157,622
19946,500339,500584,194,320
28225,501076,501468,86,364
18340,500465,500045,119,435
27333,500299,500971,96,160
1785,500403,501119,108,646
15731,501406,500753,168,722
27779,500989,500176,175,321
13072,500455,501039,174,321
1899,500420,501503,141,292
25258,501371,500726,73,140
21149,500905,500698,144,505
17176,500319,501715,198,263
9072,501826,501436,113,348
7258,501535,500067,145,295
12389,500865,501732,39,92
27201,501511,500515,176,371
20177,501452,500990,49,165
6939,500718,501686,127,433
6093,500363,500436,151,450
13644,500888,501760,136,298
2324,501753,501234,136,339
26515,500091,501488,141,242
6124,500965,501363,193,370
2819,500183,500331,151,891
12998,500076,500438,160,589
8141,501145,500399,170,635
18783,500886,500952,117,333
23209,500854,501653,124,500
1418,500608,500577,94,523
20046,501302,500489,118,310
2448,500757,501862,143,355
14747,501507,500924,98,845
585,501865,500119,169,411
16205,501490,501875,79,568
22370,501387,500067,147,327
19117,501114,501535,127,286
16121,501376,500207,156,558
9786,501213,500120,52,167
9355,501864,501291,230,278
14243,501694,500884,145,131
17463,500512,500344,164,335
5615,500395,500728,100,286
24118,501923,500112,137,493
19545,500831,500884,184,298
4882,501695,500309,154,241
19255,500414,501225,110,498
4400,500545,501786,55,487
24671,501137,500572,36,241
18895,501704,501015,129,805
18910,500730,500939,110,315
23397,500381,500922,74,373
6825,500498,501214,186,266
4793,501131,501752,167,420
23077,501825,500180,42,91
16498,500607,501955,132,614
24357,500931,501425,118,882
25531,500502,500065,125,483
28800,500565,501684,170,929
7454,500336,500019,140,340
18299,500669,501728,110,165
17156,501167,500316,32,54
5315,500314,500762,167,367
6464,501509,501060,74,834
9504,501870,500679,122,334
29051,500651,501466,81,543
5719,500343,501776,117,637
20886,500910,501272,15,78
14356,500410,501134,162,236
13160,500565,500963,25,47
1072,500638,501458,184,217
20503,501969,500420,168,856
10990,501361,500363,146,419
13699,501729,500599,147,560
16910,500492,501075,30,86
26249,500262,501743,100,474
27489,500361,501366,35,47
14874,500466,501094,172,450
3551,500095,501778,143,982
15231,500177,500637,175,163
22717,501152,501622,145,746
14870,501029,501461,125,643
28348,500642,501789,35,127
10589,501213,501934,79,74
2814,501704,501277,35,51
4989,501718,501290,110,720
8391,501946,501094,203,286
27211,500280,500432,146,665
3385,500473,500835,159,479
17226,500743,500633,124,378
6183,501368,501450,180,758
27466,500920,501686,154,964
15168,500232,500006,74,431
17623,500144,500771,128,569
16505,500189,501581,109,360
6374,501724,500132,189,578
28389,500702,501564,208,596
17672,500900,501754,113,552
15439,500668,501938,76,268
19808,501132,501554,52,144
14121,500725,501492,145,277
29740,500637,500538,208,424
23559,500647,500885,135,725
11128,501051,501674,144,414
27893,501085,500093,108,440
20157,501453,500714,123,397
27123,500707,501647,28,86
27156,500652,500215,38,120
15749,501625,501231,192,264
17514,900225,500682,114,247
19623,501430,501802,203,247
19565,501833,501968,155,397
29811,500831,501110,97,411
17396,501036,501638,35,38
12779,501584,501760,165,922
26764,500518,500861,107,199
15783,500416,501072,159,363
16023,500305,500132,77,213
16798,501506,500145,154,334
12524,501019,501298,162,439
1836,500701,501228,158,247
244,500058,500175,43,39
10880,501541,500495,171,913
20333,501976,500628,104,374
18599,501058,501036,161,831
16805,500601,500184,88,539
25952,500762,501270,98,209
5294,500473,500658,120,292
15698,501429,500360,149,156
10198,500415,501372,181,615
13767,500298,500110,166,220
17582,501206,500844,102,297
13898,501016,501162,107,729
12250,500384,500996,175,416
11535,501414,501627,132,944
11402,500886,500601,116,685
29013,501511,500365,130,140
14733,500019,500302,113,636
18197,500368,500636,93,624
14687,501608,500702,112,536
6581,501919,501300,132,357
25020,500466,500578,190,312
29044,500804,500459,139,275
10018,501677,501494,78,889
28009,500981,501177,160,265
10987,501635,500920,142,849
12263,501394,501085,144,308
17017,500202,501178,31,149
1994,501639,500214,103,336
10846,500998,500751,130,699
11919,501065,501562,30,58
17044,501409,501161,119,167
22040,500278,501458,135,480
21493,501535,500046,92,307
13746,500971,501457,182,779
10115,500505,501470,138,490
14169,501955,501407,132,746
17734,500909,501839,157,480
10201,501207,500003,106,278
23450,501522,500193,138,257
3723,501504,501518,189,979
26509,500725,501277,117,136
10134,501762,501264,200,340
9981,501646,500871,122,650
12968,500911,500559,143,498
28288,501207,500419,168,332
25930,501410,501320,60,84
11168,501224,501601,137,433
21250,501360,501219,101,208
21286,500605,501387,194,348
23566,501944,500344,116,234
20099,501584,500571,203,173
20834,501263,501072,46,172
11376,500924,501189,105,331
8296,501006,501828,110,993
28619,501384,501346,148,599
25115,500489,501828,24,31
4185,500295,501199,139,342
21675,501399,501485,170,371
1633,501147,500493,118,1247
25486,501511,501199,126,742
2639,501582,501963,184,673
28971,500449,500914,145,238
4552,501710,501217,40,94
5120,500730,501636,125,777
4898,500927,500628,161,513
23035,500387,501926,159,615
6996,500797,501494,110,426
10785,500203,501573,167,458
18266,501102,501178,89,307
23177,500110,501473,176,523
1123,500647,501414,191,567
1229,500919,500050,108,480
11174,501683,500268,158,292
27746,501236,500160,152,472
11556,500163,501890,79,63
15636,500175,500639,15,43
2932,501103,501638,13,281
14606,501272,501166,162,591
11249,501533,501973,114,333
26149,500370,500609,138,598
5611,500583,501777,138,314
13230,501636,500599,29,185
14076,500709,500071,198,320
20514,500543,501801,46,94
6805,500931,501338,163,264
12077,501971,501311,143,617
16631,500325,500205,39,181
24249,500131,500473,184,443
20462,501325,501398,134,256
12319,500280,501704,127,525
25998,501308,500464,130,291
24720,501993,500530,128,967
8186,501793,500250,150,373
310,501024,501990,147,763
2473,500196,501760,81,774
15336,500025,500128,128,317
28722,500633,500576,112,350
25165,500075,500287,87,743
28588,500145,500127,154,338
3547,500492,500339,152,340
18338,501056,500702,146,781
23080,501859,501929,115,666
1133,501716,500837,24,98
464,500298,500611,193,198
27423,501907,501058,133,617
8720,501215,500257,133,231
25229,501166,501238,163,212
24887,500649,501011,43,94
9410,501082,500884,4,88
19942,501826,501519,107,377
27639,501818,500210,135,611
10022,500601,501574,134,1119
168,500115,501128,164,351
7020,501035,500532,47,41
6547,501739,501288,164,367
17388,501157,501998,128,665
4243,501239,501309,151,255
14249,501661,501541,218,654
3386,500839,501745,180,573
7714,501782,501191,136,449
13567,501764,501124,76,239
27780,500160,501952,152,365
21909,500205,500860,40,58
12693,500324,500608,145,204
3886,500259,501413,98,434
16708,500804,500003,165,1087
18556,500675,500876,133,313
18611,501662,500293,82,285
12146,501424,500908,91,389
11150,500183,500947,173,522
23971,501585,500468,131,758
25796,501760,501703,72,376
16940,501014,500029,179,435
16874,501956,500074,141,568
8076,501499,500758,99,873
26254,500304,501806,17,181
28319,500200,500451,183,164
3937,500830,501313,121,370
2942,500727,501049,49,117
11750,501663,501646,39,60
3915,501240,501784,143,259
24949,501367,501017,106,251
27448,501923,501561,125,333
20899,500082,500856,145,375
27514,501591,501524,104,222
11226,500305,500154,223,525
7497,501141,500025,193,253
4877,501394,501433,186,276
19597,500338,501655,143,289
13510,500364,501571,45,97
9964,500783,501002,93,280
18314,500489,501489,124,366
2858,501103,500120,157,457
16876,500749,500477,24,138
22918,500388,500809,56,54
16682,500495,501019,131,724
462,501122,501016,151,224
12005,500373,501588,126,496
6142,500192,501735,101,250
27359,500645,500584,110,939
17090,501883,501618,158,139
1306,501619,501758,164,390
8890,500867,501213,142,587
7156,501235,500287,78,281
9613,500300,500980,147,493
7339,501869,501620,52,104
11636,501655,500908,152,132
10076,501482,500959,154,329
19962,500730,500185,108,254
16948,500308,501174,149,347
7426,500468,501846,150,154
20360,501928,500282,96,715
10604,500243,500661,34,143
8279,501012,500419,118,636
25108,501864,500583,164,189
215,501550,501285,80,460
6250,500153,501190,132,365
19636,501792,500328,44,52
26953,500177,501486,195,212
12437,500858,501918,90,396
11159,501524,501395,215,505
20078,500615,501900,50,90
5070,500957,500327,149,896
10598,501996,500131,153,570
14497,501247,501107,140,863
2075,501007,500023,181,646
3170,501361,501373,145,268
1007,500926,500732,160,338
22448,500179,501839,169,164
3213,500905,501627,141,816
25312,500124,500116,139,529
23077,501825,500180,42,91
13678,500441,500075,83,554
18539,500632,501161,165,279
10625,500424,500697,128,275
10045,501931,501728,156,377
3769,500442,500544,151,209
10890,500671,500257,140,312
18905,501261,501858,28,90
20357,500746,501677,140,392
6225,501043,500068,87,637
27700,501461,500258,126,452
17412,501057,501197,138,324
8262,500232,500338,137,294
7494,500065,501503,156,707
7817,501485,500671,123,553
12000,501273,500650,100,857
22572,501213,501043,69,291
9048,500780,500045,134,677
23801,500442,500408,33,246
7650,501059,500655,149,711
17027,500890,500891,88,345
10867,500727,500502,43,150
10995,501456,501573,134,360
13349,501945,501734,102,678
7605,501660,500366,98,412
29412,501076,501333,145,198
17181,501006,501561,149,402
24940,500133,500712,201,394
26420,500076,500009,148,474
6921,501730,501734,165,239
1355,500581,501421,170,674
8899,500489,500760,116,230
29868,501704,501000,116,293
24547,501376,500395,190,335
25983,500127,501424,95,183
19896,500844,500104,71,224
25558,500994,500010,47,148
24759,501509,500902,200,158
4710,500723,501448,176,615
8903,500993,500545,180,339
29441,501358,501331,152,682
13395,500105,500020,79,942
13665,500354,501185,170,544
29930,501954,501644,28,186
12707,501859,501727,130,328
15385,500792,501853,90,130
26311,501383,501387,82,318
26137,501527,500523,114,311
27733,501025,500515,134,352
27670,501275,501645,181,270
6982,500472,501772,184,409
4655,500316,501689,13,116
7638,501102,500544,118,576
13583,501440,500309,144,184
23713,501450,500503,169,524
12404,500581,501727,85,900
25473,501141,500042,153,313
14582,500191,500709,76,396
28425,500867,501240,155,346
29354,501781,500218,191,411
27657,501526,500318,89,357
6377,500902,501864,107,453
7784,500731,500309,149,547
23570,500204,501627,117,324
13106,500480,501636,167,327
3821,500072,501394,25,211
4924,500720,500331,177,719
1698,500962,500637,117,435
23868,500565,501112,4,160
6362,500336,501768,130,220
4721,500086,501027,136,242
9366,500139,500036,131,285
22885,500026,500076,195,222
10048,500698,501866,173,318
28404,501122,500460,116,272
4569,501975,500414,156,389
18113,501700,500060,160,846
26106,500880,500746,156,962
29729,501227,501964,99,499
5486,501963,500812,142,405
21609,501909,501884,188,413
6768,501222,501757,111,335
4144,501364,500583,108,400
12323,500488,500944,49,120
29658,500980,501443,190,534
28943,501406,500365,95,381
2857,501917,501207,164,464
18192,501313,501991,209,478
9097,500533,501393,115,285
14194,500760,501840,21,158
2225,501744,500893,59,173
20096,500586,500142,12,238
6471,500601,500190,38,286
21453,501464,501830,130,587
8078,500661,500299,132,434
20701,901464,501106,128,390
11758,501325,500632,165,349
15434,501093,500623,42,132
21209,500986,500065,123,251
14340,501815,501199,152,124
3967,500882,500987,136,190
4148,501570,500087,128,399
8877,501694,500882,131,349
28560,501862,501365,55,212
12793,501341,500540,145,259
19345,500533,501048,137,453
5741,500521,500667,161,325
28103,500405,501227,45,155
13341,501171,500318,109,252
9947,500064,500747,176,567
2044,500057,501440,167,764
23187,501529,500207,122,409
13461,500533,501364,8,163
26485,501830,500003,124,201
21451,500132,501615,183,1120
10071,501878,501191,147,714
3173,500416,500743,160,392
24029,501060,500465,69,337
12468,500251,501504,119,614
12955,500400,501885,50,218
13516,501068,501760,138,303
10554,501426,501892,139,263
11851,501082,500236,151,242
24414,501787,501892,123,542
5590,501409,500650,137,676
14214,501953,501452,165,969
29481,500471,500837,123,305
13489,501458,501747,111,695
24162,501162,501640,159,306
21461,501173,501758,159,109
28370,903855,501864,225,312
23557,500832,500068,177,104
16337,500179,501287,184,484
21689,500070,500997,37,100
9952,501513,501425,196,320
22782,501554,501193,34,77
1406,501448,501973,169,319
23015,501788,501785,114,1259
23746,501533,501476,30,97
23976,500116,501276,28,106
21172,500085,501365,64,104
3991,501944,501745,185,402
4706,501136,500384,111,274
5967,500184,500266,199,489
13935,500993,500757,160,196
2771,500115,501379,166,621
5434,501840,501194,23,220
21835,501883,500760,174,584
26772,500018,500739,118,895
23601,501051,501679,178,756
2094,501728,500709,246,307
29638,501845,501267,41,220
26584,501941,500222,184,282
13142,500669,500064,72,66
19014,501778,500327,130,346
20558,501209,500906,29,200
15523,500582,501164,33,267
5406,500395,500318,137,426
25844,901914,500633,118,472
4276,501568,500159,68,464
2667,501780,500296,140,1037
28768,500074,501010,87,383
27878,501657,501348,28,160
7705,501953,500844,42,360
20937,500326,501114,151,283
20563,500323,500731,29,41
5770,500433,501685,163,743
20300,500522,500628,117,254
9201,500371,501717,192,172
29885,501986,500518,150,257
18939,501639,500564,145,812
19527,500821,501844,195,831
18193,501963,501628,167,365
6455,500244,500446,146,159
26519,500164,501599,27,71
29933,500281,500202,182,370
5035,500969,501063,124,608
18791,501364,500702,101,417
18984,500253,501291,140,243
7457,501274,500670,158,724
22514,501685,501507,118,730
7368,500934,501391,145,555
2164,501550,501568,154,151
3893,501524,500138,158,502
21456,500548,500548,143,292
6632,501141,500449,110,431
18514,501564,501574,106,300
25292,501039,500561,175,1153
17495,500501,500441,101,283
24342,501727,501157,98,526
18809,501754,501895,50,176
29641,501419,501987,52,166
25112,500904,501796,150,550
23780,500874,500330,141,589
15805,501152,501695,114,392
8545,500164,500529,175,126
10393,500314,500433,45,202
18477,501207,501792,147,269
12724,501807,500683,23,94
18591,500470,500968,207,608
7202,500745,501490,123,380
13384,501268,501282,166,233
16515,500179,500345,165,365
25434,501622,501519,136,346
26963,501904,500959,113,337
19366,501287,501942,146,473
7006,902370,500219,135,405
2233,500845,501735,128,335
2828,501135,501450,63,153
25810,500970,501819,148,462
10064,501616,501929,119,400
22657,501907,500160,150,151
20714,501068,501139,152,549
19702,500744,500285,38,121
23344,500553,500577,129,476
23772,500479,500466,158,491
13357,500704,501330,125,249
11087,500518,500291,129,171
26047,501199,501580,189,892
5184,501349,501739,109,214
21160,501718,501751,76,308
6041,500759,501952,147,649
24432,501587,500037,136,289
17510,501393,501722,0,123
1724,500322,501346,98,507
13713,500839,501495,156,130
12489,500923,501553,124,620
4570,501598,500521,136,243
28782,500451,500552,47,108
1849,500944,501964,120,406
17980,501715,500982,193,1132
9224,501576,500248,49,146
6876,501261,501264,13,71
779,500452,501415,39,64
18358,501999,500943,175,274
12559,501033,501224,136,233
14427,501038,500746,141,715
28451,500183,500385,120,884
3012,501542,501925,174,244
10059,500172,501249,107,396
24209,500941,500974,121,591
16448,500605,501489,191,631
11996,501798,501814,156,184
5106,501375,501926,150,214
21551,501125,500203,171,188
13298,501739,501403,138,353
16821,500253,500254,35,120
21911,501632,500439,56,141
4029,501992,500771,114,254
15946,500687,500516,151,368
4633,501212,501740,159,1128
28456,500126,501298,227,754
4334,501612,501528,125,518
8915,500841,501033,82,333
14812,500932,500524,148,325
13604,500609,500134,134,235
16063,500080,501203,159,515
13586,501670,500681,155,379
27144,500064,501237,31,126
7021,500312,500580,30,138
24034,501766,501572,58,144
23122,500918,500494,35,118
8325,500566,501162,167,485
15122,500910,500401,162,737
210,500114,500648,23,76
1704,500193,500729,66,160
7507,500542,501466,143,502
13512,500446,500158,14,156
1949,501244,501679,67,525
26934,500262,501752,113,312
24373,501818,501113,148,399
17286,501884,501644,124,438
6758,500560,500933,70,64
14563,501955,500470,132,453
18408,501668,501662,169,211
20965,501547,501228,112,1417
18346,501873,501681,155,783
17719,500133,501524,104,328
4994,501773,501634,49,141
22111,500339,501507,18,127
27738,501341,501122,189,284
3010,500460,500338,118,155
28735,501880,501983,32,104
16449,501868,501551,89,551
1718,501929,500006,99,422
27113,500227,500530,6,80
1130,500677,500717,20,34
15907,500576,501163,126,282
21806,501828,500916,184,388
3858,500609,501280,41,114
20767,501995,501711,131,334
5665,501495,500485,224,326
15205,501335,501956,137,294
19490,501109,501460,107,231
20583,500704,501345,90,761
18786,501682,501622,13,110
17796,500954,501529,76,573
2950,501357,501127,18,144
18188,501768,501290,150,438
21214,501567,501268,96,727
24991,500610,501048,185,550
17362,500581,500462,197,420
20737,501394,500034,153,369
13524,500633,501630,92,361
19678,500339,500460,68,474
7157,501918,500440,113,650
29846,501777,501299,135,757
4262,501315,500280,145,565
19524,500466,500579,59,72
25266,500115,500987,121,680
7322,501702,501357,43,122
11762,500734,501667,189,169
5418,500227,500726,29,239
13162,501662,501712,133,328
24024,501273,501356,57,160
12491,501143,501923,110,142
29759,501729,500435,201,715
18714,501757,501213,42,220
24281,501588,501782,154,381
29300,500013,500805,123,457
7158,500294,501052,193,466
27364,501326,500487,146,469
118,500932,501646,89,710
6594,501023,501109,83,304
22341,501002,500546,151,194
13436,500457,500922,117,278
18131,500140,500503,171,217
26336,500255,500091,143,310
28879,500447,500259,102,335
11537,501505,500280,95,799
25519,500255,500678,58,48
18649,501029,501721,174,744
13069,501162,500950,154,376
24014,501057,500414,189,687
3079,500064,501121,131,691
28171,500067,500256,108,304
15958,500432,501441,147,441
26033,501081,501745,117,310
28089,500680,500183,108,1310
20135,901181,501860,32,107
3630,501039,501414,134,421
484,501858,501051,39,109
2459,501901,501249,110,331
25605,500304,500248,13,113
4821,500190,501970,127,661
13260,501600,500155,110,380
12874,500527,501002,166,432
18018,501328,500460,139,448
28880,501221,501982,147,365
25212,501148,500848,143,879
25308,500912,501713,99,583
18039,501996,500966,37,82
19758,501990,501353,139,710
3334,500646,501754,100,261
17844,500583,500738,107,691
9860,501889,500681,46,113
16864,501731,500174,95,877
24047,501319,500133,107,619
28550,501361,500449,137,767
15942,500532,501989,122,522
2720,501997,501615,126,318
15886,500779,501740,167,229
9767,500506,501213,154,229
2299,500140,500026,150,382
24716,500021,500924,170,338
14974,500519,500931,125,183
2468,500538,500774,153,308
20574,501135,501993,108,348
29425,501324,501655,78,367
29140,500993,500880,101,513
20032,501311,500701,129,959
23596,500842,500530,166,358
2400,500160,501886,100,692
6684,501651,500942,152,179
19538,501528,501298,28,80
25054,501478,500799,196,314
1523,500032,500760,163,176
15606,500124,500402,167,365
840,501837,501943,151,661
793,500200,500466,125,172
23612,500052,500453,26,132
4623,500712,500679,136,294
24857,904458,501756,190,489
10950,501545,501584,165,275
20560,501518,500962,111,397
19368,500447,501099,0,71
21375,500502,501490,171,448
21546,501713,500293,26,165
8244,501384,501643,135,305
1281,501134,501478,145,150
17192,500470,500249,137,1180
28075,501223,500988,19,461
114,500261,501938,176,1282
8790,501887,500974,149,741
13488,500943,501430,175,434
15550,500994,501106,170,433
28013,500670,501084,134,504
16735,501839,500238,133,584
20742,501762,500228,158,275
9400,501007,500214,129,425
23112,501652,500497,167,533
8324,500065,500009,12,91
14305,500408,501218,18,161
1983,501829,500144,196,452
19088,501999,500109,60,118
14480,500144,501028,187,896
6278,500542,501074,41,108
22191,501220,500786,129,869
28530,500848,501178,151,540
13534,500912,501130,111,308
16391,500109,501820,231,477
889,500583,500173,170,1175
3742,500616,501335,72,399
4574,500651,500199,208,169
13560,501045,500599,200,255
23909,500518,500891,130,137
9285,501495,500166,174,290
12414,501587,501024,94,279
12061,501159,501211,158,398
9568,501090,500371,178,504
7974,501909,500596,24,172
14998,500739,500606,147,1228
19150,901605,501132,104,550
10556,501605,500679,187,622
9530,500723,501749,151,556
11436,501925,501815,134,379
7754,501923,501160,100,846
1118,501784,501730,132,326
1975,500199,500046,129,312
7764,501786,500841,138,552
28949,500789,500154,23,319
12566,500199,500211,194,558
18233,501971,500149,163,225
16155,500896,501447,11,165
19931,501536,500802,44,61
5276,500206,500219,179,842
25672,501094,500891,141,721
14284,500019,500543,162,312
14475,501620,500395,122,415
1053,500416,500074,122,471
7423,501654,501505,130,449
18166,500211,500544,128,279
8783,500506,500907,31,196
17837,501236,501706,109,423
22891,500132,501843,166,584
18304,500381,500318,124,216
12660,501189,500941,186,340
548,500239,500138,172,293
9377,501264,500502,147,221
15366,501793,500232,120,280
5039,500064,501162,160,130
15091,500752,500581,111,291
1069,500580,501072,134,569
10876,500239,501440,213,764
18394,500222,501055,147,157
11626,500593,500117,131,388
18979,500699,501909,50,141
26413,501424,501887,190,521
8149,501149,501964,132,448
9104,500037,500063,146,323
14361,500979,500316,181,374
22961,501504,500697,25,65
28754,500008,500466,136,328
1773,501117,501463,162,208
15871,501672,501446,70,105
17636,501700,500804,89,661
22369,501658,501830,146,502
26503,500005,500932,191,496
22920,501107,501485,176,323
12889,500680,501707,157,348
18814,501853,500300,151,486
10522,500487,500064,83,308
11158,500135,501424,130,396
15938,500871,501542,113,395
23545,500505,501694,191,290
6230,501156,501174,39,95
28294,500896,501595,57,1391
9181,501534,501656,159,296
7693,500989,500640,157,438
19973,500022,501255,114,937
29920,501221,501578,136,519
11764,501692,501726,48,68
20572,500522,500886,66,152
5659,500478,501028,137,283
942,501537,501963,30,165
27912,500493,500502,101,487
22268,500365,501108,129,385
28839,501237,500354,155,303
8197,501620,501240,173,302
14142,500516,500287,223,261
19995,500645,501202,122,331
21194,501058,501357,166,361
28360,501410,500346,170,401
18768,501964,501743,188,212
17334,501408,500431,46,160
8502,501690,500020,125,344
4804,500721,500886,104,505
10972,501905,501735,138,615
14554,500006,501580,233,357
5159,501272,501578,101,686
1700,501006,501757,100,795
14360,501136,500462,36,65
1329,500050,500022,157,308
11559,501251,500720,135,248
57,500332,500750,147,274
14388,501711,500203,185,313
29675,500170,501783,34,43
29909,501706,501828,110,469
14758,501755,500213,112,490
17668,500466,501119,166,136
21503,500982,501587,214,256
2059,501839,500487,169,667
13032,500415,501943,97,546
25813,501091,500298,95,583
2347,500233,501663,155,478
4770,500767,500279,148,532
22676,501535,501333,150,1102
5368,500752,501213,99,654
7953,501486,501495,150,858
19137,501174,501094,119,465
12718,500115,500520,122,352
16249,500806,500687,145,353
26851,500304,500005,122,976
8077,501269,500066,102,413
13427,500346,501387,103,348
21481,501880,501545,113,864
13967,500664,501560,10,89
25728,501171,500528,146,214
5247,500088,500667,123,385
8045,501712,500018,112,317
29213,501039,501055,133,665
14235,500824,500320,198,437
17206,500857,501323,149,507
3922,501547,500706,86,207
23973,501865,500025,54,161
5440,500466,501023,151,347
4591,501102,500947,196,339
15531,501084,500990,180,404
23672,500251,500020,87,452
7694,501904,500190,127,224
17982,500476,501967,139,414
1312,500965,501975,107,291
19367,501717,501349,122,320
1585,501494,501483,112,928
20911,500346,501011,102,1030
7616,500639,501213,191,301
3034,501488,500399,127,850
17382,500166,500950,181,347
9070,500993,500896,108,769
16671,501191,501550,91,283
28926,501341,501964,128,324
27126,500415,501336,84,349
4139,500365,501011,117,216
28468,500666,500974,56,102
4475,500751,501547,143,457
5802,501636,500420,120,282
15377,501704,500370,151,328
6534,501588,500675,157,439
12958,501248,500529,42,223
22899,500691,500026,89,351
14990,501083,501396,36,56
29182,500308,501991,121,257
23004,500683,500241,148,525
10833,500723,500989,102,323
10211,500405,501707,65,93
24117,500359,501658,142,478
6700,500164,500678,177,280
6451,500679,501244,123,696
14168,501752,501998,116,500
1211,501176,501789,57,147
12997,501432,500995,161,376
16811,501866,500746,75,253
28860,500343,500444,95,491
6024,500190,501929,159,477
22516,500204,501746,42,166
28624,500493,500770,128,580
15158,500726,500653,155,207
6205,500597,501575,129,547
10246,500689,501036,45,82
3798,500178,501494,182,828
15420,500274,500650,98,324
6649,500858,501782,150,225
576,501184,501811,44,95
9942,500184,501272,110,429
28413,500415,500500,32,209
9157,500013,500965,116,508
137,500006,501541,157,627
12301,501440,500601,75,321
2054,501646,501028,12,77
21334,501355,500431,123,349
1460,501077,500034,28,113
10832,501423,501102,229,639
10769,501356,500287,22,157
858,501563,500139,223,380
614,501604,500706,18,143
28887,501107,500833,170,342
16762,500466,501785,155,248
17169,501598,500180,153,230
8817,500658,501515,25,197
386,501073,501482,91,726
25862,500344,501971,104,230
11036,500352,500117,8,122
3352,501208,500578,85,306
22273,501668,500811,96,409
2633,500405,500489,50,64
23823,501547,501450,176,676
5472,500822,501495,65,146
15707,500841,500181,192,355
7745,500435,501244,113,214
22663,500936,501093,112,214
15988,501542,501020,125,417
11426,501881,500325,52,50
17475,500478,501948,117,854
19474,500086,501131,19,201
14202,500941,500289,31,224
25162,904325,501423,116,453
5137,500110,501062,189,344
17472,501612,500244,178,339
19417,501524,500302,89,449
2701,500833,501019,136,628
27107,501028,501894,137,558
2600,500966,501007,255,325
12831,500081,500464,55,154
8460,501857,500676,132,468
5797,501072,501149,145,301
11704,501700,501816,169,647
20699,501304,500782,181,721
5670,501775,501777,107,318
25059,501567,500343,102,336
4380,500821,500875,18,205
10316,501111,500499,6,210
20505,500947,500222,112,260
22993,501805,500718,205,512
14023,501847,501808,188,749
22030,501299,501409,226,287
22898,500201,500567,81,562
19289,500925,500139,123,478
541,500506,500134,132,1006
9637,501920,501302,165,628
18855,501024,500564,87,282
8649,500012,501494,25,118
7599,501552,500328,143,170
14684,500120,501666,144,318
7216,500753,500149,154,476
4053,501640,500968,141,258
22203,500690,501731,106,924
10580,501997,500198,177,458
7008,501335,500908,156,163
8954,501131,501423,141,257
25216,500704,500435,54,272
5956,500365,500783,112,447
10662,500037,500424,165,376
8032,501663,500661,123,711
5092,500470,500501,164,1152
1602,500116,501431,119,1226
537,500919,500155,70,280
8630,501323,500036,121,567
22192,501088,501684,112,426
26038,500851,500971,43,86
12663,500907,500965,150,323
19517,501456,500050,140,231
11370,500535,500010,150,276
9215,501259,501907,152,283
809,501611,500899,141,1166
6688,500980,500435,131,504
5908,500842,500538,249,278
29169,501552,501299,170,1644
17148,500298,501750,157,401
15897,501488,500280,139,357
5367,501706,501316,147,365
28304,501085,500481,141,494
20930,501469,500531,180,469
10073,500176,501967,91,138
4697,501254,500507,40,132
7265,501690,500204,109,1138
7957,501644,500733,70,364
25548,500530,500153,65,441
17599,501046,501592,72,520
13055,501263,501997,97,99
1650,500009,501262,31,126
22158,501674,500381,107,258
23354,500546,501861,158,399
12794,501455,500824,78,221
5917,501367,500359,155,426
16583,500331,500200,143,282
22769,500314,501837,145,110
28944,501409,501547,115,667
21647,500930,500962,186,1388
5679,500064,501793,135,1191
18982,500262,501741,114,145
7707,501632,500460,54,128
18366,501302,500524,145,454
4610,501881,500619,166,288
3027,501504,501133,204,340
12155,500544,501817,137,477
29972,500756,500783,198,584
20722,500550,501309,77,249
27552,501161,501207,105,174
1780,500220,501788,20,59
18465,500998,500193,154,474
28069,501226,501932,176,414
4143,501261,501492,161,751
6629,500616,500281,121,316
2201,501069,501739,179,613
16535,501406,501423,135,425
29292,500744,501397,48,169
24314,500132,501843,139,552
11161,501441,500149,130,161
21803,501479,501381,109,579
15547,500846,500008,138,690
20044,500346,501518,152,558
20588,500659,500642,161,201
5308,501733,501444,31,182
29765,500334,501383,37,267
16522,501233,501507,106,341
29338,500963,501605,0,62
11393,500305,501190,163,887
25132,501922,501830,157,888
21084,501701,500817,133,519
5371,501945,500669,153,501
20958,501956,501607,152,886
29283,500080,500987,178,537
713,500647,501658,147,688
19094,500629,500029,131,143
23524,501602,501791,47,85
15159,501652,501545,129,349
5240,500268,500547,42,54
9844,501237,501576,197,309
217,501570,500792,155,175
9599,500965,500830,249,566
21771,501580,501429,193,843
28702,501429,501127,44,163
29570,500249,501507,97,499
4125,500333,501147,154,979
13886,500678,500140,113,966
12899,501376,500392,67,246
3747,501765,501433,190,1091
29118,500250,501998,37,72
6539,501981,501808,198,898
24548,501442,500644,27,186
3417,500296,500846,104,308
2426,500949,500218,161,372
4713,500214,501349,25,74
41,501011,501232,186,365
19408,501574,501046,125,483
19080,501350,501345,25,93
1189,501575,500061,211,1190
28090,500949,500739,150,291
3550,500479,501667,147,909
670,500678,501576,118,911
16563,500611,500094,133,570
2443,501404,500657,89,314
22076,500232,501326,100,620
5560,500949,500446,111,486
25869,902247,501045,80,312
28598,501340,501765,89,196
23820,501275,500966,195,333
18187,500304,501032,28,121
17773,500701,500371,152,378
8712,500816,501992,136,457
17630,501928,500528,116,513
8601,501397,500069,30,115
25335,501355,500249,125,235
21289,500386,501473,109,325
16016,500318,501661,132,289
21496,501195,500687,177,544
388,501796,500574,208,199
24317,500115,500737,115,495
20286,500981,500382,118,316
28303,500812,501370,107,216
10070,501423,500691,139,98
27467,500089,500293,30,193
14932,501461,501107,171,390
4953,501598,500466,131,1420
1216,500517,501625,135,165
24424,500403,500138,159,254
7397,500788,501326,116,735
23164,500794,501653,13,95
11929,501157,501657,174,391
21528,500351,500118,19,231
10959,501762,501228,144,302
16136,500398,501343,52,98
7930,500330,501457,138,394
29990,501970,501062,140,435
25784,501177,501752,180,214
4654,501227,501575,140,299
13118,500013,500960,109,227
2338,501652,500516,148,520
17080,501765,501272,134,128
16200,500487,501938,190,245
28538,500010,501162,37,291
16218,501384,500960,160,584
26110,501472,501072,0,354
23455,500244,501965,155,183
9454,501925,500041,140,256
142,501163,500663,129,439
28759,500726,501912,123,494
10229,501355,501741,28,108
10577,500329,500030,51,67
25172,501413,501059,135,248
10788,500314,501515,138,257
15909,500382,500962,181,431
17251,500520,501650,15,142
9946,500359,501136,164,1640
26394,500371,501448,33,113
28286,501924,501271,110,508
8150,500145,500081,19,75
27632,500274,501431,172,353
22834,501436,501844,115,547
21163,501122,501690,171,413
16830,500374,500770,130,307
16453,500415,500816,134,746
14031,501425,501744,160,479
1022,500484,501121,125,321
10792,500767,500949,130,470
11310,501791,501070,52,209
27922,500480,501280,165,528
15165,500920,500447,180,547
28589,500954,501859,109,1017
7925,501828,501084,143,158
21083,500854,500979,61,288
582,500025,500858,209,465
22452,500972,501233,118,540
26306,501193,501453,184,509
5806,500651,500488,47,233
1547,500937,500816,177,398
604,501938,500464,158,695
20307,501492,501895,104,342
14001,500524,500579,170,373
3085,501400,501236,176,517
28937,500127,500380,154,252
21836,500008,500854,186,249
20495,500433,501982,187,626
22147,501630,501917,160,399
687,500065,501051,205,278
16835,500051,500019,122,407
14084,501532,500252,131,204
8028,501919,501734,168,541
20094,501999,500783,163,320
12685,500180,501497,136,193
15421,501581,501483,123,236
10058,501704,500804,22,108
9755,501452,500550,176,266
1421,501029,500204,81,324
2640,500138,501875,70,110
11490,501588,501145,132,448
28575,501967,501965,127,373
1496,501945,501135,101,266
25122,500505,501349,189,314
4573,501370,501518,125,294
22705,501752,500806,115,687
111,500212,500159,64,327
12210,501052,500211,70,117
688,501528,500093,113,616
1857,500601,500971,102,970
15476,501793,500088,89,365
19178,501090,501917,119,420
17574,500586,501280,114,374
8368,501845,501648,56,106
24288,501582,501509,129,616
7991,500441,500037,148,521
27284,501355,501805,50,96
5732,501796,500465,69,204
2101,501740,500264,206,667
14187,500636,500962,10,137
11593,500639,501736,187,283
179,501118,501733,3,53
22791,500024,500303,37,248
21135,501834,501251,138,530
29670,500661,500593,175,321
14265,500642,500295,164,940
16588,500746,501965,148,277
26592,500005,501055,123,147
15993,500267,500559,105,491
21720,500126,501686,202,670
4789,500109,501490,68,118
24436,500920,501251,103,359
21762,500710,500734,163,450
13575,501041,501000,33,66
11508,501201,501875,96,363
29516,501325,501149,101,550
14285,501740,500802,64,87
8118,501174,500178,28,104
17869,501204,500423,142,464
3108,501749,501215,187,420
28292,500094,501105,128,332
19523,501764,501174,114,684
4740,500460,500885,144,481
3251,500540,501608,105,670
8485,500334,500799,171,508
17172,500173,500206,103,443
20604,500065,501993,50,525
19544,501085,500302,133,280
21280,500244,500023,189,342
12321,501288,500808,93,530
19921,500953,500781,171,198
29953,501740,501016,156,482
3554,500470,500980,157,858
669,500482,501416,36,112
12787,500599,500173,192,239
2350,501012,501323,159,574
8245,501016,500401,142,366
13956,500300,501709,31,288
10038,501846,501202,120,522
9179,501056,501368,92,471
2171,501217,500756,128,563
27111,500969,500496,136,338
12042,501147,500105,79,326
4195,501921,501444,54,126
4966,501010,501144,148,415
27043,501924,501152,127,238
23137,501141,500723,88,288
22300,500249,500366,143,173
11440,501127,501489,11,154
6746,500536,500733,34,137
10991,501996,501331,102,191
461,501646,501559,2,160
25047,500198,501693,117,352
6966,501512,501093,148,415
12407,500133,501752,173,1298
25397,501683,500808,83,270
15835,501985,501404,75,409
16035,501441,501293,88,493
10338,500264,500457,181,577
1175,501585,500779,152,459
28315,501645,500570,129,415
29395,501155,500332,136,920
10996,501191,500564,41,37
5832,500535,501724,115,573
26483,501022,500886,104,290
17036,500056,500657,120,162
15875,501146,501572,103,361
9370,500376,501741,54,120
23720,501962,501813,52,224
3349,501600,500539,46,91
28638,500088,501511,42,322
3056,500873,500517,93,293
650,501691,500927,158,210
1362,500380,500462,134,538
29488,501598,500366,167,474
26603,500194,500071,5,105
20673,501152,501968,146,424
7740,500900,500572,177,397
11951,500745,500057,66,179
29233,501737,500382,111,182
27789,500356,501820,96,380
10993,500294,501304,149,534
25099,500088,501423,160,587
26222,500082,501728,173,198
24865,500291,500384,123,311
26323,501320,500046,167,817
2960,501433,500812,63,273
11541,500204,501439,122,444
8612,500432,501596,116,198
22237,500793,501865,62,214
19461,500735,500493,152,1253
18601,500385,501944,122,307
17003,500179,501564,143,803
21603,500546,501320,128,348
13879,501490,501600,105,301
5656,500804,500163,34,122
26525,500818,500839,145,705
23241,501372,501726,123,242
26811,501039,500530,154,611
25111,501203,501360,120,1037
7166,500449,501918,105,359
11509,500436,500356,138,301
8947,500101,501389,9,168
7857,500376,500814,120,376
4679,501524,500937,176,208
3426,501518,501574,118,312
23305,501646,501792,110,466
7268,500156,500100,146,402
1537,500512,501045,82,414
28525,501482,500765,86,596
9774,500127,501537,100,369
29241,501314,501532,143,721
19405,501441,500153,119,397
27690,500528,501106,89,453
28905,500823,501489,33,180
11986,500116,500336,115,585
9515,501618,501115,113,286
10391,501010,500291,109,959
13096,501526,501132,49,70
8166,500076,501056,162,550
12995,500676,501166,163,331
24433,501452,500672,151,445
23308,500201,501056,128,339
22383,500208,501577,159,325
19269,500701,500818,133,605
8138,501726,500156,41,174
28258,501220,501246,113,453
19889,501576,501542,163,290
17163,501100,501673,48,87
3087,500199,500237,165,479
13269,500365,501173,152,453
12377,501041,501461,146,168
10528,500870,500897,188,1029
26161,501134,500233,152,465
20779,501273,501816,9,105
22570,501887,500471,146,571
22617,501746,500531,35,260
17845,500268,500762,97,493
24498,500745,501492,211,559
4235,500115,501494,7,90
8004,501220,501596,159,283
20151,500890,500886,90,315
4260,501605,500653,184,466
3229,501861,501120,130,322
12886,501925,501334,116,908
26105,501933,501367,45,213
7433,500620,501399,35,181
5983,501748,500095,167,442
13681,501429,500515,135,438
1191,501963,501952,159,530
2250,501335,500359,148,226
21562,500792,500735,133,374
6070,501808,500495,137,172
21100,501412,500725,160,226
1089,500401,500204,149,776
19830,501552,500007,40,81
5438,501201,501941,176,376
20459,500919,500927,70,886
12627,500067,501057,149,290
28676,501612,500581,138,302
7228,501033,500100,162,847
23684,500847,500098,118,306
29448,500548,501747,164,951
15406,501573,500732,166,592
23176,501505,500640,153,1018
27689,500133,500739,189,392
8794,500179,501662,193,1329
20239,501810,501009,79,159
22011,500159,501639,192,394
8706,501561,501010,55,178
3761,501031,500969,58,540
567,501645,500013,143,384
26035,501511,500971,167,106
29327,501103,501038,175,418
28041,500995,501948,137,481
17323,500982,500044,48,108
27744,501598,500115,151,685
19045,501591,500744,49,67
14105,500971,501941,159,181
342,501081,501736,61,75
25280,501081,501198,157,413
16650,501513,500467,119,525
4088,501505,500433,144,1176
18136,500535,501169,122,189
10127,500845,501037,92,382
12920,501654,500376,123,710
16999,500993,501211,159,430
12947,501468,501873,149,336
9375,501364,501964,33,157
1334,501226,501059,49,56
20695,501965,500512,172,380
20506,500543,501306,210,874
17180,501780,501249,169,246
27216,500995,501142,85,429
13509,501370,500051,101,238
15148,501880,501520,143,714
24697,501778,500733,220,477
28755,501712,501907,154,264
19844,501334,500899,163,226
2401,500655,501119,160,604
7883,500382,501118,112,624
90,500225,500990,100,275
15774,501504,500309,142,456
4204,500297,500757,126,482
25074,501162,500673,175,360
11024,501970,501214,138,342
3242,501884,501282,159,188
5330,500519,500616,96,303
24185,501033,501096,99,640
8764,501598,501122,53,233
8107,500769,500093,152,1050
1452,501864,500966,175,369
27017,501384,501822,66,121
10180,501999,501053,159,266
4136,501196,501289,33,221
15564,501683,501951,97,575
14456,501981,501483,109,1279
11877,501660,500709,138,569
20047,501952,500642,102,1320
8906,500714,501712,115,535
12795,500327,501668,144,310
14519,501099,501180,123,638
28140,500533,500139,126,147
10965,501857,501929,94,797
24527,500297,500392,142,864
4868,501711,501453,181,357
25822,501220,501568,176,566
9438,501751,501810,116,188
14727,500422,501062,179,655
9923,501226,501686,139,851
382,501490,500041,134,454
20616,500795,501341,72,178
24979,500070,500518,145,382
2457,500490,501722,17,147
10221,501802,500287,187,436
2200,501571,500191,171,624
28623,500513,500972,154,809
6143,500819,501353,207,214
224,501792,500322,120,453
4388,501833,501971,135,623
23766,500636,500200,78,311
14366,500264,501307,125,873
22230,900925,500324,162,323
7732,501955,501761,155,183
14186,500978,501002,161,333
22615,500484,500237,106,504
12652,500382,500071,141,455
17029,501578,501096,214,772
384,501688,501409,40,128
3970,501464,500743,139,332
15853,501330,500559,165,1096
6167,500613,500332,12,131
26316,500516,500630,42,119
20377,500864,501326,22,61
25242,501158,500516,221,298
12603,501611,500759,118,301
18305,500867,501251,114,582
3776,500691,501098,131,319
4712,501168,501573,68,723
19273,501085,500142,119,546
24114,501703,500662,17,86
26089,501750,501078,47,89
21745,501704,501184,151,758
4731,500725,500026,94,428
9140,501098,501184,165,335
22120,500943,500471,141,772
7663,500510,501403,144,324
15591,501467,500856,181,198
7441,500284,501177,128,260
21698,500094,500256,34,154
21767,500760,500311,98,716
7786,500364,500116,25,47
14824,501370,500962,158,390
10749,501777,500222,173,201
29164,501570,501843,171,578
11015,500661,500114,69,362
16381,501639,501638,134,407
2842,501060,500661,189,289
11711,501177,501034,123,217
25955,500192,501528,160,214
27666,501552,501082,25,228
15016,501765,500624,138,324
29961,501840,501017,19,139
28296,500436,500330,216,990
9011,501995,500207,128,184
9828,500172,500236,180,488
8477,500900,501503,169,662
28492,500765,500295,110,364
7529,501246,500460,109,298
24093,501520,500308,79,423
8177,501235,501431,187,255
5316,501360,501568,50,122
22823,500311,501016,186,399
14325,500531,500399,109,674
21414,500360,501640,191,129
4417,501207,500210,126,548
27506,501939,500887,23,144
19900,501866,501904,138,145
15760,500745,500031,152,889
5714,500989,501238,57,71
23598,501063,500309,27,92
25966,501189,500410,147,277
15340,500895,501964,145,282
12006,500567,501075,135,774
21040,501440,500022,97,493
262,501707,500645,122,750
1351,500133,501170,188,335
3455,501976,500830,99,395
7812,501045,500631,158,358
28079,500495,500339,158,259
8292,501976,500474,20,337
10218,501383,500831,141,104
1140,501932,501657,205,825
22719,500282,501614,9,89
5245,500624,501063,165,846
11849,500232,501403,53,225
24131,501920,500088,199,287
6340,500003,500149,111,507
27511,500228,500367,93,135
21606,501504,501340,77,310
26219,500327,501956,134,192
24409,500424,501038,179,639
10426,501133,501795,146,213
15187,500816,500013,105,365
17816,501633,501712,99,266
12241,500625,501833,129,422
12052,500628,501195,203,858
12791,501310,500513,116,360
16176,500730,500990,158,251
22714,500633,501536,147,239
6058,500957,500817,131,506
14312,501861,501134,192,250
25646,500832,500647,180,421
3015,500460,500140,205,441
9902,500497,501866,136,311
17240,500795,500645,33,64
7727,501601,500354,134,108
3074,500636,501951,11,112
23085,500200,500971,150,425
6872,501926,500816,112,191
1222,501655,501564,77,262
20274,500467,501753,192,196
5481,501110,501263,173,801
1901,500460,501149,168,374
29700,501093,500817,153,958
26188,500323,501967,175,409
22549,500366,501381,155,554
10111,501872,501532,197,317
22261,501168,500311,158,542
14242,501087,501926,163,317
27176,501288,501560,15,93
20539,501464,501238,131,474
27784,501686,500554,30,114
8957,501780,500319,168,402
23836,501115,501985,112,488
5595,501798,501032,124,530
19149,501820,501541,130,165
14402,500391,500576,143,443
19711,501246,501639,153,194
27503,500366,500128,162,177
23012,501886,500081,148,492
6299,501790,500061,14,147
17269,500010,500310,48,93
12621,500528,500803,26,63
26364,500941,500907,130,473
6879,501430,501215,137,211
17191,501483,501233,156,562
803,500148,500471,126,424
9867,501178,501695,81,255
13511,501550,501219,186,758
20033,500580,500880,134,116
25030,500222,500413,147,424
22668,501274,501942,93,318
12738,501919,501846,159,211
17122,501132,501829,134,394
25907,500214,500075,70,151
13910,501869,500800,93,247
13801,501217,500882,142,294
25629,501034,501145,26,343
20164,500400,501082,200,661
20868,500248,501899,191,304
6628,500915,501466,150,527
13789,501577,500011,71,111
13061,501631,500376,146,132
29440,500376,501875,117,142
6822,501700,501350,117,379
12363,501066,500155,75,257
4747,500031,501802,126,325
19687,500848,501504,120,528
6201,500428,501747,34,131
1984,501204,500262,120,479
25080,501758,501160,91,516
25370,501568,501955,106,229
2467,500126,500561,33,134
4327,500121,500382,167,512
2809,500004,501776,147,705
28043,501072,501274,126,413
24957,501638,501952,23,94
20523,501889,501249,171,63
19909,501917,500497,120,615
4277,501059,500177,147,475
15398,500090,500262,80,243
13085,500858,501890,158,496
22414,500638,500898,118,339
4379,501973,501763,125,232
15723,500054,501169,173,355
25144,500065,501199,124,401
22597,500535,500821,51,272
13860,500378,500086,60,102
21066,500580,500870,135,269
11680,500256,501486,202,301
23775,501173,501194,104,484
11520,501450,501495,122,407
16727,500958,501180,45,162
3569,501166,501776,76,405
27024,500938,500667,26,104
2895,500140,500160,191,688
6972,501158,501925,147,952
18880,501170,501275,183,419
25396,500079,501467,122,651
13190,501537,501697,183,242
806,501537,500127,145,594
6478,501368,500639,115,865
22151,501037,501616,129,408
10703,500436,500677,32,170
28408,501469,501887,68,447
3190,501560,500179,41,143
4015,501032,500608,114,754
22983,501085,500222,159,279
26801,500503,500470,148,246
5688,501255,500160,173,863
27722,501932,500729,114,171
12993,500673,501340,126,631
14919,501609,500885,213,557
16217,500979,500597,154,767
20712,501581,501331,184,629
27250,501959,501759,39,96
158,501596,501038,186,1089
15051,500800,501490,186,300
19676,500553,501777,121,1028
28172,501536,500244,149,202
16600,501163,500151,185,234
24400,501204,500006,104,376
1279,500673,501744,115,206
2522,500206,500988,183,141
13073,502000,500550,103,273
8405,501207,501230,32,161
27171,500898,500368,116,236
25091,501601,500949,130,210
24739,501618,501050,118,677
17045,501173,500571,204,545
28304,501085,500481,141,494
13840,500752,501306,90,566
20287,500117,500867,107,317
13620,500003,500178,177,131
15154,500064,501232,187,1057
1838,500673,501736,129,364
22313,501919,500068,202,450
10940,501038,500345,102,312
12988,501892,501332,42,97
16153,500792,500496,161,648
26786,501038,501934,58,120
29356,500338,500101,110,424
28739,501017,501489,131,303
5069,500523,500862,90,610
3773,501511,501705,14,129
1759,501802,501375,175,218
26312,500462,500691,94,686
10861,500133,500420,132,401
16973,501487,501891,60,182
23539,501666,501883,202,621
13339,500027,500191,64,218
29805,500117,500266,138,359
7664,501925,501333,70,202
2984,501568,501461,148,400
21378,500809,501963,35,139
2323,500636,501102,22,106
9193,500278,500868,131,663
2776,501272,501578,158,634
3416,501726,500533,99,517
23502,500938,501537,136,291
14858,500810,500312,46,82
3496,500248,500084,159,660
20924,500467,500308,193,221
19008,500893,500611,113,455
22004,500300,500403,120,203
12573,500296,501239,109,1059
27061,501221,501059,128,496
12523,500627,501567,126,462
23302,501808,501894,150,827
8366,500960,500702,116,220
5298,500405,501406,137,748
16681,501173,501904,113,386
6520,500698,501943,161,501
24193,501873,501784,133,268
18501,500691,500462,190,423
1093,500046,501407,109,269
1077,500104,501545,210,288
11790,500166,501399,183,278
23987,501753,500321,147,188
20650,501517,500921,16,117
22186,500259,501884,190,561
17242,500318,500088,42,156
27033,501401,501979,1,62
24529,500210,500189,161,207
27811,500151,501526,164,571
10324,500585,501149,66,100
18778,500895,501685,142,446
26590,500752,500711,191,637
2542,501886,500219,96,248
9805,501155,500952,107,433
14003,501398,500180,158,704
6777,500009,500431,183,501
7962,501658,501786,65,427
21029,501238,500705,157,424
25505,500601,500071,151,422
27477,501307,500278,88,483
7331,501971,501368,88,676
4847,500562,501536,38,34
29470,500981,500114,99,619
9826,500253,501060,123,240
26081,500199,501793,108,627
11086,500330,500645,135,277
26815,500606,500638,178,333
28709,501695,500785,66,74
6842,501711,501292,30,183
14999,501293,500926,161,658
23789,500232,500321,164,356
5953,501180,501564,76,226
5112,500584,500581,180,568
2894,501296,500238,50,193
16187,500261,501172,27,227
893,500624,500691,158,287
12269,501312,500034,73,254
3734,501802,501522,41,79
14556,500994,501804,138,336
1073,500551,500532,144,418
13555,500435,500087,60,94
4897,500567,500937,239,257
2774,500238,500947,174,263
5467,501831,501194,122,240
12910,500091,501672,26,44
19491,501875,501213,192,406
3907,501636,500112,154,468
25673,501888,500712,160,139
17041,500683,501682,121,456
17448,500265,501268,168,700
19444,500781,500311,94,1506
21341,501878,501291,136,293
6595,501036,501745,189,688
6017,501454,500133,40,90
20228,500064,500223,47,63
17748,500753,501720,46,78
13078,501233,501948,146,259
26342,501932,501518,203,305
20027,501701,501238,29,152
353,500762,501291,154,454
9776,501805,500338,171,542
24477,500164,500244,111,637
6009,501255,500309,105,469
29532,500534,500526,5,90
25240,501939,500838,16,112
29322,501015,500196,164,154
12610,500550,500993,131,622
15309,500876,501277,174,564
3855,500145,501825,31,61
29098,500873,501529,36,93
980,500675,500386,172,468
27985,501945,501043,150,273
15125,501157,501266,29,53
27771,501344,501127,161,350
2184,500540,500013,33,121
14379,501737,501568,103,360
29742,500345,501425,119,920
7921,501069,501173,147,400
13590,501843,500480,12,147
2265,500659,501729,154,962
8127,501346,500134,177,832
12185,501995,500625,170,350
15945,500581,501316,79,482
26078,500989,501657,64,136
12335,501765,501681,123,288
25376,501234,501268,219,477
13642,500251,500521,196,391
16088,500712,501295,89,350
27273,500121,500302,165,300
26294,500264,501646,50,147
23423,500506,500440,117,459
19396,501461,500025,134,201
11890,500990,500776,148,333
10535,501076,501370,133,524
24363,501945,501084,94,546
2090,500258,500300,181,297
15879,501971,500934,38,70
11884,500422,500063,112,437
24180,501418,501298,143,240
5495,500479,501335,146,387
22270,501912,500261,118,203
8333,500220,501498,54,166
26695,500653,500207,114,801
2886,501054,501955,112,402
18167,501948,501094,149,368
9278,501563,500943,99,402
27252,501028,500565,183,700
24531,500291,500959,94,640
21841,500189,501804,142,1048
16946,501237,501986,152,183
7168,501640,501736,65,582
25529,501263,501394,142,358
14224,501574,501899,143,647
11523,500518,501911,100,570
14225,500556,501652,149,466
13481,500968,501059,126,462
24708,501022,501413,154,362
27665,500910,500111,4,103
12316,500387,501858,119,281
11293,500376,500882,116,498
18354,500021,500953,17,160
4007,501269,501763,63,675
23411,501043,501222,101,560
27435,500515,500669,114,330
6161,500841,501058,111,737
212,500420,500031,116,635
29817,500875,500737,13,87
15218,500725,500082,166,371
1687,500058,500604,60,130
24661,501823,500839,0,164
14014,501733,500432,40,97
28275,500988,501092,146,250
14865,501146,501880,53,126
4965,501305,500794,51,97
14532,501577,501373,170,357
29148,500179,500210,131,290
8020,500625,501157,100,898
5607,500716,500948,22,137
10998,500584,501293,177,406
25993,500002,501398,16,241
14357,501367,501620,178,633
29707,500151,500459,145,263
11234,501159,500256,107,179
10693,501922,500752,71,330
14301,500813,501193,112,616
14157,501850,501441,105,318
23790,501029,501868,121,356
17354,500998,501332,37,105
22294,500871,501140,19,55
12409,901658,500545,137,386
6917,500243,501400,53,131
21624,501060,501944,155,1362
8938,500149,501280,127,997
17766,500045,500601,186,451
24954,500651,501007,153,300
8129,500659,501044,57,108
2057,501580,500752,160,279
19146,501747,500725,0,116
10120,501536,500633,126,737
3864,500896,500255,156,520
923,501127,501448,174,414
21939,500885,500174,126,776
12661,500472,500303,19,79
4613,501804,501456,60,72
1027,501463,500131,110,220
356,501511,501374,144,456
29363,500203,500354,188,821
29702,500710,500395,104,292
9985,501174,500093,17,208
1772,501917,500625,155,347
9945,500528,500621,137,254
679,500155,501266,52,105
6158,500158,501032,134,528
28674,501726,500840,176,444
21716,500356,501424,128,354
6555,500712,500989,146,462
23546,501020,500756,167,599
19868,501076,501986,125,147
1806,500939,501905,142,962
13869,500133,500138,119,297
17545,500550,500031,122,339
21127,501225,501513,130,675
5498,500022,500998,225,377
10922,500262,501504,203,527
8752,501805,501355,106,166
28907,500514,501645,169,377
29078,501513,501906,0,92
8392,500178,500297,169,1390
14567,501002,500203,153,670
4521,500652,501120,31,175
28775,501796,501572,83,232
27318,501301,500547,74,204
22933,500947,500023,125,362
17235,501048,500769,175,295
24532,501304,500652,22,43
10889,500045,500132,87,724
20268,903609,500611,129,315
14521,500762,501381,120,917
26585,501816,501323,38,89
10809,501511,501470,41,144
28137,501668,500391,166,669
20787,501058,500769,196,407
13920,500063,501010,100,312
7067,501535,501805,138,356
6249,500396,501551,38,352
26632,500190,501288,133,991
29413,501776,501255,103,415
9762,501219,501206,207,565
14847,500491,500464,142,375
2027,501830,500991,121,218
16267,501668,501763,30,157
5521,501975,501522,192,414
18063,501460,501622,144,236
17408,501982,500676,102,178
11622,501122,500262,167,178
14618,500805,500833,73,304
11416,501344,501928,117,844
15076,500330,501654,174,296
23518,900589,501073,203,312
9113,500274,500513,62,234
3920,501880,500036,100,267
24346,500870,501718,82,1046
8112,500139,501858,134,303
8156,500701,501143,155,185
29269,500529,500314,148,365
2949,501761,500671,92,283
9430,500116,501495,116,620
7584,501350,501880,104,417
22745,500373,500323,111,643
26474,501032,501993,143,644
28014,500669,501269,148,829
7481,501615,500586,165,182
21750,902333,500436,146,390
20100,501142,500571,247,83
17900,500237,501696,99,127
20256,500440,500625,100,260
1475,501953,501227,187,223
15884,500757,501023,138,617
14572,500403,501805,57,126
13267,501909,501452,128,547
22390,501130,500093,72,606
9301,500278,501414,116,584
4561,501309,500415,141,720
22265,500597,501222,167,169
11475,501846,500405,148,657
25855,501334,500218,110,305
11876,500004,501952,118,203
5642,500540,501762,183,1140
790,500461,501219,159,372
24693,500228,501700,120,296
1322,500042,500174,141,1024
28285,500429,500375,38,96
18707,500160,500658,139,519
292,501952,500314,34,97
29288,500298,501509,156,546
20832,500265,501862,168,654
11238,500847,500672,121,894
22507,500835,501166,35,128
29449,500491,500687,171,624
3497,500249,501203,129,212
9120,501631,501152,126,232
16799,500503,501197,177,149
29455,500334,501362,33,125
20728,500471,501147,172,154
19624,500737,501302,115,445
8689,500832,501901,190,620
18725,500192,500922,102,624
20980,501990,501277,135,255
29074,500655,500760,178,306
8669,500153,500252,116,944
5875,500845,500328,127,167
4279,501846,501792,182,271
6765,501467,501737,157,413
8693,501576,500278,105,701
24569,501938,500524,115,771
10617,500530,500063,43,500
24890,501951,501657,129,650
23891,500366,500604,16,58
20328,500780,501657,150,360
11079,501385,500918,14,121
29361,501904,501235,79,295
7405,500805,500422,143,458
2062,500567,501466,142,509
19287,501730,501765,217,234
10313,501383,500718,161,235
16206,500100,500744,40,106
22972,500115,501905,107,581
12395,500354,501166,137,1004
22395,501941,500300,121,747
22309,500909,501584,128,345
21552,501863,500050,44,120
11937,501081,500120,138,269
15957,500600,500843,39,81
10030,501655,501726,180,439
15072,500354,500487,151,351
23722,501203,501834,9,307
22682,501678,500438,161,105
2469,501353,501886,150,450
23812,500079,500712,167,402
9572,500825,501663,157,227
5121,500779,500023,146,314
25491,501431,500156,134,201
22909,501622,501002,136,671
2998,500978,500572,160,773
1197,501142,501070,180,450
16092,501197,500098,139,458
17732,500625,500296,180,368
2259,501271,501831,16,80
27680,500877,500632,135,496
27772,500561,501199,127,331
19,500599,501998,102,313
11175,500936,501715,159,275
21448,500314,501120,175,395
4090,500854,501345,68,202
18056,500436,501617,156,484
26010,500993,500149,179,650
6484,501645,501465,48,213
21198,501803,501143,49,60
11888,500492,500668,108,617
16174,500972,500940,26,110
2049,500959,501423,126,237
2793,501595,501038,58,91
7715,900259,501908,17,316
7844,500068,500266,193,340
18138,500532,501322,98,233
10006,501887,501718,146,493
22598,500783,500730,104,410
20875,500797,501160,143,239
1485,501183,500034,26,332
2704,500269,500510,139,653
18110,500813,500098,99,395
11542,501393,501076,195,346
5968,500518,500613,88,439
9873,501179,501412,198,349
17065,500250,500513,167,330
25446,501970,501553,27,95
21158,501198,501410,44,465
24016,500365,500319,42,392
13036,500789,500598,0,124
15892,500433,500381,136,244
3943,500433,501749,138,578
14392,500730,500562,113,277
506,500584,501226,110,168
24296,501523,501458,131,335
26562,500467,500938,185,345
8365,500990,501489,172,345
24993,500513,501638,68,587
13791,500062,501313,60,71
13217,500943,501382,135,231
28529,501704,500442,76,773
9194,501432,500177,92,244
5916,501295,500237,58,191
19174,500718,501213,92,470
9550,500981,500115,218,347
6301,501844,500608,58,143
10927,500095,500682,47,126
4012,500529,500924,99,1025
23352,501995,501776,155,475
4585,500578,500413,25,61
23832,501618,501749,215,395
11910,500099,500284,185,515
2797,501640,501717,75,391
22825,500192,500527,26,204
18755,500256,501076,115,367
10735,501685,500723,34,63
27849,500903,501481,19,84
17246,501612,501828,147,299
14973,501591,501467,57,116
16245,501573,500327,193,603
19667,500478,500065,125,240
18872,501413,500274,148,476
19091,501758,500880,113,407
1344,501759,500966,180,208
26236,500882,500352,7,259
15917,501627,501651,169,221
11821,500240,500614,15,134
10025,501850,501393,193,768
11665,500970,501721,77,246
8583,501620,501907,201,187
25085,500831,500281,140,656
10495,501062,501923,107,659
18907,500360,500944,106,353
14675,501370,500485,101,566
26607,501653,501027,114,263
22618,500844,501202,84,773
25554,501079,500583,125,558
19370,500031,500599,130,506
17187,500159,500824,176,453
3895,500936,501016,156,367
11017,501081,500099,130,1385
6350,501520,501135,132,1090
5182,501578,501211,178,314
13193,500572,501438,166,113
24232,501818,500050,119,331
23168,501448,501999,153,227
11260,501227,501758,141,511
2319,501596,500311,144,805
14804,500654,500366,87,326
4295,500647,501715,187,310
7630,500233,501563,202,492
23432,501007,500764,99,409
6109,501452,500006,138,257
28502,500391,501338,136,456
428,500939,501082,158,973
15881,501973,501280,153,137
29163,501523,500960,118,213
2710,501704,501644,166,567
7285,501160,500473,135,346
28164,500991,501468,239,724
26114,500304,501273,136,428
5941,500343,500265,123,386
2118,500996,501236,126,208
26118,500842,500228,139,443
26271,501189,501859,135,617
17689,501899,500184,180,514
3126,501652,501964,177,222
3982,500495,501562,58,324
3119,500650,500135,125,401
22585,500565,501606,82,447
2449,500816,500134,140,485
17332,501925,501869,126,543
3808,500205,500498,64,92
25951,501459,501054,21,133
29952,500135,500149,133,867
15952,501127,500572,90,157
5754,500300,501362,59,35
27104,500722,500701,179,308
1744,501249,500082,197,417
10051,500942,500451,146,393
19773,501869,500447,121,105
23076,501833,500938,152,366
10505,501700,500051,78,487
16119,501457,501322,31,261
18635,500767,501721,118,352
6568,500179,500264,100,382
15318,501545,500225,169,469
573,500357,500114,61,192
16007,901476,501197,113,304
562,500022,501152,173,227
21107,500202,500997,155,185
19985,501011,501816,107,577
8153,501681,501436,122,180
161,500433,500142,170,462
22896,501547,501410,100,324
11667,501432,501457,155,252
20510,500910,501169,92,877
11789,500189,500158,154,405
12483,500631,501667,2,120
7354,500281,500074,129,126
24674,500302,500296,185,433
23412,501517,500714,208,638
23271,500262,501886,33,124
28734,500981,500738,152,240
28259,501184,500086,121,1160
1972,501452,500776,111,659
27040,501190,501483,187,872
24721,501572,501331,135,385
13184,903938,500733,212,383
21237,501326,501929,170,322
22910,501619,501959,46,139
29407,500970,501734,214,655
26130,500208,500308,155,439
5267,500673,500199,115,282
21755,501231,500908,146,718
1634,500784,500530,121,302
10340,500593,500506,174,363
12348,500374,501414,74,371
2967,500228,501780,126,434
22997,500322,501115,146,412
24338,500543,500021,160,334
28622,500405,501157,117,741
19858,500250,500424,157,494
13709,501425,500188,149,972
927,500991,501373,219,311
18446,500090,501655,173,496
17369,501252,501374,31,103
15381,500774,501105,117,151
5080,501657,500622,0,208
19181,500390,501630,128,303
22849,500553,500659,134,420
26490,500706,500978,175,643
17117,501805,501217,141,606
20081,501226,501760,126,374
12355,500131,501546,39,166
16106,500938,501785,116,544
16567,501620,501853,104,278
18375,501750,500440,41,151
18456,500390,501506,109,430
18972,500966,500200,169,383
22816,501288,501591,180,606
3974,501763,500607,183,599
27843,500065,500580,120,441
24315,501114,500926,118,304
6438,500845,500857,99,260
15129,501815,501899,181,326
3049,501748,500535,181,567
18858,501581,500638,142,1031
5766,500479,500454,175,423
4588,500610,501923,132,332
14074,501838,501838,56,160
28999,500994,501068,151,821
24017,501787,501567,92,214
24771,500328,501796,32,165
16712,501576,500650,163,405
11740,501866,501636,124,439
22148,500349,500774,40,106
9668,501311,501765,139,345
25995,500320,501316,145,1223
4978,500650,500601,100,416
211,501310,500645,170,166
23320,501269,500824,140,287
26023,500124,501834,169,454
28173,500767,500444,223,388
9409,500822,501637,42,83
18561,501379,501666,149,404
1752,501955,501507,96,82
24274,501878,501919,142,708
4781,500185,500788,145,442
8941,500489,501448,172,330
21980,501707,500522,134,335
27883,500484,501515,140,792
15320,500298,500305,105,761
23477,500784,501339,33,87
28457,501180,500847,140,928
11743,501555,500650,39,98
12723,501174,501999,100,474
7719,500041,501199,47,292
9974,501214,500606,221,203
8621,902464,501161,164,413
1021,500209,500968,22,89
852,501654,500837,146,317
27692,501224,500319,126,116
17860,501031,501916,149,273
14281,501584,501220,149,80
24324,501426,501725,112,331
11787,500121,500321,108,232
6947,500966,500180,108,641
28997,501194,501545,102,577
28715,500750,501713,127,223
26899,500544,501614,45,91
17898,501700,500189,177,234
18123,500783,501358,121,1216
10449,501203,501460,152,444
2605,500800,501031,93,248
16949,501360,500738,127,702
8663,500140,500805,207,410
9624,501560,500161,25,158
19738,501132,501291,138,326
27633,500063,501383,151,170
18930,501627,501847,165,532
8895,501999,500520,140,387
3717,501773,501133,120,557
21512,500321,501918,114,703
24168,500868,501201,83,1137
26956,500061,500902,177,449
7546,501728,501866,145,292
3838,901810,500361,180,143
1923,501521,500526,90,281
8696,500359,501391,166,267
15962,501308,500264,143,628
27747,501787,500155,16,153
20641,501819,500669,143,390
10009,501992,501092,96,284
6138,500754,500757,124,342
7908,500607,500065,160,349
21494,500931,500515,139,509
16517,500764,500949,118,608
23757,500651,501757,121,178
26950,501620,500547,153,321
19427,500845,501482,163,671
245,500731,501662,119,282
14162,500303,501812,62,78
9614,500824,500954,126,486
27044,501115,500153,209,526
25399,501333,500817,156,270
6860,500181,501693,147,313
20908,501306,500846,46,127
9629,500155,501617,88,354
2117,501583,501850,128,394
18511,501518,501819,160,285
4003,500811,500144,104,469
19207,500759,501050,142,408
29932,500503,500447,187,628
7304,500473,500556,137,283
19112,500728,500298,164,254
21723,501982,501482,168,606
20092,500846,500060,110,316
16576,500033,500109,161,370
5829,501882,500477,12,48
14626,501969,501432,99,236
775,501534,501360,153,532
11279,501473,501041,73,194
2230,500814,500912,96,241
11774,501749,501215,85,273
20549,501595,501974,23,111
5359,500526,500076,125,403
28526,501234,501464,35,63
17215,501038,500036,232,1707
18118,501858,500971,173,433
8526,500101,500708,57,185
12891,500250,501236,198,403
22180,500308,500208,138,477
20158,501302,501273,92,284
25485,500542,501750,153,570
22023,501769,500950,24,70
15206,500916,500413,155,404
5971,501400,500818,115,460
18399,501851,500647,58,84
11369,501990,500368,119,418
16518,500289,500138,155,566
8452,501924,500922,151,176
9561,500162,500333,160,498
10952,501387,500559,126,619
24459,501727,501683,113,750
17897,500406,501392,16,108
18315,501780,501844,62,631
17255,501168,501447,43,89
24643,500032,501922,114,522
20159,500583,501376,164,445
5637,500821,501017,183,351
10124,501701,500105,143,1318
12555,500490,500002,32,105
13220,500050,501922,119,395
29221,500451,500361,168,377
29458,500491,500485,83,513
7363,500006,501696,195,523
25823,500683,500937,165,374
19034,500178,501135,190,294
27963,500922,500556,31,123
6359,500392,500487,99,186
28158,501663,500042,23,40
9425,501775,501747,151,502
9940,501541,501060,151,502
4452,500006,500435,116,973
16212,500290,501648,51,100
18876,500706,501542,121,545
21621,500726,501370,39,118
9420,500431,500309,91,1350
23855,500841,500467,152,406
2315,904035,501330,31,183
14195,501865,500616,121,182
7665,500268,500754,206,405
2438,500395,501269,35,88
16238,500126,500498,181,419
28226,500750,501511,154,342
17641,500944,500862,164,219
15826,500609,500993,60,116
5384,501534,500122,48,159
21975,501689,501654,138,536
4592,501426,500427,103,696
13572,500318,501057,141,329
20282,500966,500215,124,346
3853,500790,500526,162,224
17445,500970,501690,32,76
12513,500732,500858,135,993
19504,500442,500296,103,771
21602,501224,501619,101,614
19306,501993,501890,150,240
99,501221,500210,173,172
12226,501324,500572,158,238
231,501802,501814,92,387
11528,500177,500556,161,891
27077,500968,501367,56,879
13939,500003,500538,108,564
6082,500196,501704,73,577
19947,501044,501457,49,381
14810,500167,500454,125,210
22580,500712,501277,159,875
7284,501346,500003,117,844
25595,500969,501883,135,451
15412,500251,500709,71,567
27134,500202,500842,178,254
19081,500844,500068,137,160
26100,501487,501282,128,814
4696,501080,500653,158,259
2661,500947,500762,102,550
24605,500091,500328,140,343
17413,500419,501307,212,199
22460,501721,501721,173,419
14543,501070,500551,110,305
2032,501226,500564,145,162
10417,500696,500971,144,205
17851,500072,501109,49,192
25102,501336,501580,139,389
21558,501360,501212,219,250
25324,501129,501752,32,195
23259,501191,502000,66,354
23319,501073,501458,142,235
25356,500908,500447,128,447
27647,501338,501864,150,310
213,501606,501695,220,302
6067,501740,500368,4,74
4152,501346,501163,42,178
6415,501399,501063,108,467
29056,500184,501612,87,469
19462,501650,500899,39,144
23331,500740,500542,81,138
29491,500031,500769,115,317
26750,500709,501145,196,1055
19513,500601,501148,125,266
21559,501595,501918,122,331
18659,500207,501936,48,168
16719,501334,501277,155,301
8518,501795,501934,164,943
27218,501068,501403,162,346
12919,500710,501570,148,1021
26548,500363,501350,125,694
14046,500173,501858,130,576
11900,501701,500527,159,537
25061,501105,502000,156,421
15656,501862,500543,207,757
431,500880,500877,164,276
7984,501029,500101,146,375
22843,500969,501715,126,290
14152,501083,501798,17,224
25228,501430,500476,180,419
6617,501922,501505,172,349
29230,501147,501734,156,923
21159,501734,500608,111,204
18670,501153,500400,117,363
20494,501708,500807,62,170
6241,501834,501723,134,236
29374,501817,500926,49,185
29719,501066,501635,166,530
17404,500144,500982,27,60
552,501199,500121,108,585
28875,501340,500564,160,326
24634,500479,500954,138,366
18671,500631,500968,129,470
16384,500905,501316,101,769
24910,500943,500913,22,92
28585,901700,500746,108,303
27582,500474,501653,34,177
17179,903167,500476,105,319
947,500685,501609,149,360
11915,500324,501783,9,177
6820,500979,501426,166,900
2351,500830,501142,89,492
7099,500897,501058,145,350
20126,501130,500779,174,227
15483,500531,500962,107,674
13491,501224,500747,41,165
24299,501324,501363,158,283
13051,501157,500392,112,505
13102,500295,501397,170,381
22434,500380,500749,134,437
21386,501014,500808,56,268
13071,501847,501727,155,428
17792,500912,501381,80,670
16902,500294,501076,103,1046
11373,500521,500060,134,264
12962,500468,500924,140,561
25733,500730,501017,171,396
25389,501271,501271,143,486
22363,501503,501456,23,198
10599,501853,500183,126,275
15146,501269,500999,148,519
9623,501092,501695,67,528
26462,501753,501609,166,428
9514,500987,500884,136,431
2896,501430,500662,127,372
12201,500523,501740,152,580
29778,500556,500752,152,383
622,501564,500912,73,183
19579,500232,500037,168,192
25135,501412,500739,138,498
5403,901970,500283,32,47
4815,501620,500178,151,224
14600,501059,500856,218,525
9527,501545,500868,118,488
28337,500418,500754,59,129
12860,500687,501238,109,276
29394,500204,500920,138,297
23498,501666,501465,34,102
20127,500935,500845,135,926
18711,501198,501426,153,962
3489,901317,501997,150,210
13556,500739,500392,158,281
18260,500953,500354,111,193
20005,500547,501818,190,179
13863,500899,500039,108,767
20107,500529,501683,112,187
24802,501852,500492,128,514
13479,501015,500663,77,423
20004,500795,501660,181,600
13601,501098,500757,171,597
24612,501679,500278,93,300
9365,501925,501208,79,790
26408,500805,501905,175,745
29345,500606,501239,48,217
13147,501844,501037,31,133
28011,501904,501761,130,443
7193,500564,501736,89,136
17849,500365,501751,149,567
6276,500022,500852,17,72
19189,500026,500185,81,449
24551,500050,501620,147,492
25276,501875,501330,36,35
26171,500432,501466,18,136
17415,501717,501912,124,410
15208,500522,501466,170,337
20385,501507,500731,147,1031
28228,501622,501592,169,360
10831,501171,500339,157,702
11391,500282,501456,78,196
27598,501675,501349,120,409
3896,500424,501148,24,93
501,501729,501740,155,337
1161,501759,500752,158,267
15207,500759,500800,108,392
6650,500861,501755,133,256
27002,500526,500936,56,186
15108,501567,501010,43,54
13126,500814,501141,96,628
20977,500010,501272,162,303
20544,501895,501612,163,787
27353,501609,501691,124,477
18705,500282,500095,156,221
13405,500305,501358,141,284
17812,501412,500953,133,389
15662,501029,501551,204,142
26594,500994,501837,108,219
24727,501513,500704,115,345
24303,501157,500592,29,37
7239,500757,500625,108,301
8756,501233,501825,127,447
2721,501639,501197,135,614
12385,501336,500105,66,105
21748,500158,501410,187,306
4635,501640,501716,161,366
19665,500965,500762,199,263
10865,500988,500522,212,304
11869,501015,501038,94,446
21202,500178,501929,148,263
11176,501788,501239,104,325
3743,501486,500159,138,1330
25234,501387,500733,178,436
9692,501376,500777,161,587
29568,501859,501895,25,98
900,501563,500882,147,453
26736,501971,501375,49,95
24180,501418,501298,143,240
16690,500493,500609,158,300
15452,501326,501830,68,359
13734,501006,500846,56,178
12498,500663,500470,94,341
19910,500036,501982,126,562
23333,501029,501429,79,233
22105,500522,500811,145,117
8021,500774,501581,148,572
27882,501638,501302,0,128
28387,500854,500120,236,1217
15339,500731,500065,151,447
1505,501875,501423,109,142
23666,500312,500655,140,538
7571,500080,501856,59,157
9419,500628,501825,87,213
7298,500837,501563,162,509
12124,500166,501749,106,275
29025,501050,500833,100,304
1250,501981,501735,149,362
24267,500607,500440,154,344
18181,501743,501275,179,259
7136,501690,500111,190,385
10153,500607,501564,110,1104
6290,500332,500780,82,230
26716,500177,500119,172,499
1249,500990,501815,130,165
26662,501791,501361,27,59
9333,500091,500522,147,815
15597,501704,501907,113,589
19733,501517,501551,134,179
16282,501272,501860,32,115
27571,501597,501809,52,93
17522,501178,500422,83,648
13883,500930,501752,60,218
29646,501740,501090,129,434
8002,501269,500616,213,764
3103,500729,500804,153,387
15243,500459,500657,128,302
22466,501495,501489,161,347
6806,500926,500561,66,80
2021,500610,501492,161,287
23914,501928,501413,210,239
5704,500702,501069,29,57
24387,501326,501011,204,300
26487,501750,501090,102,412
29156,500522,500697,116,115
17062,500110,500909,173,268
26379,501094,501372,136,212
21697,500400,501372,129,313
10174,500101,501228,147,339
27788,501942,501137,0,40
22346,500270,500423,28,99
12788,501697,500032,118,582
29548,501309,500449,173,1461
987,501334,500891,118,329
6308,501601,500079,181,151
12923,501372,501148,146,598
17375,501850,501552,125,421
13288,500551,500904,147,287
19140,500738,501066,91,438
4703,500738,500056,23,109
13806,500134,501580,122,337
9908,500916,501125,183,550
12846,501960,501343,72,43
14700,500438,501600,202,252
17948,501735,500645,97,372
13923,500953,500033,120,724
11209,500328,500087,157,249
14516,500299,500943,138,903
3800,501690,501217,191,198
19986,500190,501818,34,77
2990,501884,501755,160,941
5183,501638,501868,157,275
3104,501884,501134,141,726
17333,501532,501522,111,280
27522,501736,501461,139,341
24469,500013,501178,104,1015
15254,500042,500261,124,221
12292,501821,501750,32,75
816,501274,501778,125,340
25841,500311,500624,129,432
28569,500376,500320,167,610
28958,501285,501640,45,97
21910,500109,501804,153,284
8243,501275,501864,13,54
20418,902599,500708,28,116
27672,500767,500752,106,737
6095,500110,500004,28,129
17174,500335,500232,95,319
11889,501066,501866,136,457
23364,501580,501210,112,200
21115,501694,501694,130,828
6760,500190,500609,75,290
9114,500228,500503,148,251
18944,500086,501756,135,713
9694,500424,501627,212,1191
24788,501132,501374,204,615
22139,501247,500172,64,660
18822,500029,500749,106,198
1224,501097,501739,23,303
10775,501852,500368,152,434
14124,500225,501727,110,883
17116,501928,501433,130,202
1944,501747,500550,163,475
2139,500738,501267,210,916
12765,500264,500128,23,250
5608,501550,501925,139,565
19671,501801,501199,28,98
4708,500460,500210,113,173
7023,501434,501463,38,140
28374,501007,500654,117,402
17167,501922,501468,148,405
15423,500632,500668,142,780
27989,501015,501233,126,213
1049,501425,501034,123,256
23504,500721,501285,122,674
13757,500833,501375,43,180
14484,500138,500279,45,274
22225,500816,501982,130,523
11496,501573,500435,103,652
23395,501894,500819,181,266
3409,501130,500919,127,257
22711,500466,501588,157,1272
10755,500289,501700,135,576
3124,500607,500464,132,365
27185,500046,501062,126,207
17126,500873,500611,153,314
2237,501028,500299,111,704
29336,500920,500721,222,246
16137,500151,500484,176,174
18730,501082,501421,182,702
17556,501905,500208,167,379
14638,501625,500381,121,85
9076,501418,500314,185,193
29854,500980,501171,111,392
10095,501418,501375,142,381
13671,501221,501413,147,579
17352,501663,501431,139,415
1395,501739,501403,162,309
2143,501227,501853,162,460
14389,501519,500282,91,357
13249,500442,500374,170,294
14119,500196,501215,162,334
2631,500167,501509,76,262
8622,501686,500662,151,376
6209,500164,501887,154,847
10506,501942,500116,28,84
8171,500424,501387,179,335
23806,500090,501211,201,471
26552,500414,501862,129,178
10510,500934,500873,227,530
17127,501642,500021,44,102
9543,500257,501850,146,558
5206,501310,501778,152,524
15809,500720,500101,143,113
172,500213,500644,57,93
28150,500567,501372,39,295
3453,500241,500266,146,690
8886,500982,500749,127,498
11653,500046,500109,170,984
6719,501673,500153,29,46
18226,500293,501426,107,303
26131,500653,500104,142,637
25367,501394,500969,105,508
3714,500902,501107,125,277
170,501665,501877,42,97
21905,500561,501217,51,89
17491,501341,501152,164,733
10086,501757,500580,20,148
23633,500503,501247,185,540
15510,501816,500387,131,129
22957,501635,501693,170,695
24538,500437,500336,42,147
7123,500681,500997,184,395
21964,501404,500370,168,471
29775,501397,500987,134,493
3059,501132,500264,141,794
8187,501656,500256,166,649
16812,500995,500319,105,418
26532,501637,500155,23,147
19318,501784,500698,87,247
7131,501000,500304,54,690
2976,501662,500234,33,88
7978,500498,500519,191,315
12763,501980,501700,148,462
17409,501763,500274,115,328
17222,500462,500468,197,363
22422,500507,501337,29,180
4363,501685,500049,127,411
1743,500084,500974,164,692
16049,500218,500878,23,144
10259,500632,500420,95,181
22820,501092,501839,97,572
9824,901996,500658,155,421
3678,500190,501681,138,373
11483,500128,501463,168,491
3927,501547,501573,180,186
1188,500770,500492,106,253
4674,500681,500020,111,370
19154,501684,501990,78,498
15074,501144,501775,173,579
13698,500294,501406,114,619
5356,501663,500399,106,775
28732,500402,500716,38,60
2298,500179,500837,196,448
5685,501627,500706,138,392
25476,501901,500532,144,486
777,501406,501341,16,132
10803,500546,501861,129,381
3663,500529,500519,166,198
6335,500574,501202,124,609
16331,500886,500447,39,104
20694,501271,500530,127,256
1935,501859,500616,130,388
11786,500259,501890,159,405
2167,500029,500959,155,225
24639,500788,500274,146,288
10909,501199,501859,161,315
11784,501157,500258,68,260
23449,501431,500473,140,1125
15392,500847,501532,175,272
15223,501207,501526,175,478
9679,501750,500128,12,61
47,500009,500365,76,183
21393,500616,501166,146,1276
13794,501217,500478,137,551
23751,501523,501131,103,563
14970,500813,501488,147,754
22375,500281,501024,120,770
5511,501468,501864,213,493
183,501944,500935,160,1114
19134,500711,501644,95,259
1896,500718,500720,208,345
6625,500812,501045,42,402
1764,500371,501053,119,426
20985,501617,500936,171,233
20230,500932,501598,148,435
14260,501228,500821,160,702
10181,500185,501815,126,624
23618,501982,501599,27,257
28831,500371,501208,147,647
27614,500527,500298,112,835
25816,501526,500173,160,149
22024,501063,500387,35,122
8639,501319,501973,165,404
17037,501701,500776,60,110
10575,500259,500578,94,104
6473,501433,501922,212,599
11652,500910,501128,103,500
16900,500008,501716,172,462
3963,501682,500553,48,79
28052,500972,501288,133,220
12152,500431,501419,69,147
7227,501523,500427,187,330
23394,501622,500252,151,477
13358,501697,501219,143,206
23263,501239,501362,187,439
11580,500812,500300,116,1298
18573,500621,500927,148,399
8943,501044,500571,28,212
16123,500723,500765,140,472
14527,501729,501201,154,309
29799,500899,501246,86,526
11359,500745,500009,157,537
13486,500927,501108,183,380
10466,501605,500731,135,831
27981,501728,500850,35,66
9159,500002,500326,107,853
26638,500971,501215,152,706
28230,501254,500613,21,121
20702,501202,501361,152,944
21035,500232,501793,201,389
29588,500084,500149,179,354
13194,501384,500943,37,163
6866,501537,501708,23,314
23267,501029,500413,160,251
25500,501839,500936,194,390
9521,501978,501975,35,62
22110,501453,500327,126,424
14990,501083,501396,36,56
27637,500967,501211,32,88
2581,500041,500489,191,375
19329,501053,501340,96,304
14011,500987,501335,189,560
4166,500605,501661,132,202
11424,500605,501625,145,379
14033,500969,500522,88,823
3969,501022,500804,156,462
22333,501139,501344,172,301
10367,500534,500571,12,71
21368,500199,500501,174,444
1789,500936,501532,105,355
15021,501102,500884,190,625
1902,501015,500339,113,317
10698,500774,501612,144,346
17496,501541,501744,141,817
6621,500725,500728,220,253
20362,501724,500927,107,570
12873,501809,501046,14,147
15188,500008,500912,138,728
18475,500255,500390,76,1089
29843,501166,501055,113,267
13226,501254,501704,16,47
22411,501820,501990,178,1057
13355,501212,501864,150,364
18816,501881,500564,114,372
934,500606,501423,127,311
4017,501924,501661,203,653
1416,501212,500593,37,434
4421,500088,500813,111,1020
18873,501491,500835,85,620
5958,500314,501815,151,236
62,501892,501409,159,812
3172,500706,500787,91,589
24466,501475,500080,57,93
12079,501620,501267,137,484
17518,501400,501582,215,468
6475,501587,500899,98,236
19835,501470,501050,135,314
21511,501609,500390,145,569
4156,500786,501743,186,1692
3908,501657,500087,80,1508
7543,500453,501703,99,365
24403,501000,501636,137,463
18078,500824,501375,176,708
12583,501189,500295,21,81
27794,501858,501666,132,413
29938,500871,500218,111,682
21200,500729,500090,119,506
25237,501864,500632,154,294
19472,500837,500578,190,447
7628,500009,501295,203,335
2239,501674,500403,38,120
11487,501662,500236,212,179
15790,501890,500342,153,538
5102,500908,501122,195,450
2209,501526,500714,127,221
13544,501778,501750,94,452
22315,501108,500345,4,167
28718,501073,500571,94,518
12246,501723,501798,129,291
26481,500547,501593,34,39
22397,500095,500982,106,385
14726,501260,501787,43,93
18021,501524,500272,179,518
2802,500975,500551,32,274
2472,500676,501482,145,402
23870,501162,501146,97,603
22866,500023,500709,132,590
26652,501547,501804,152,442
6648,500932,500215,129,790
74,501751,500959,135,432
14630,500996,501819,128,256
1107,500109,501611,124,344
17356,500561,500896,161,654
16925,500461,501674,154,200
16764,501406,500546,138,436
21071,501300,501302,116,197
8144,500800,501213,127,629
26220,500813,501828,39,91
1397,500546,501563,162,478
20480,500751,500128,47,103
3621,500296,501764,158,689
7538,500051,500995,175,390
29,501764,501060,30,104
13800,500932,500140,105,283
21679,500267,501107,172,424
15602,501687,500578,146,286
16666,500627,501696,116,468
2128,500900,501273,133,400
8782,500680,501117,31,181
13124,500140,500426,22,113
8421,500228,500919,160,395
29238,501405,501271,40,191
28828,501040,501870,166,537
6352,501382,501828,95,401
16096,501110,500907,113,828
11914,501628,501919,31,166
8125,500835,501174,183,316
9408,501678,500210,89,399
25194,501606,500222,120,690
16981,501828,501041,139,312
16662,501219,501346,165,317
466,500070,501277,126,399
20582,501983,501576,38,147
892,501523,500181,148,308
6891,500743,500576,210,258
4975,500985,500813,21,171
6469,500088,500284,117,380
17170,500036,500902,174,470
20318,501847,501829,142,385
27036,501333,501264,175,879
20593,500374,500965,142,273
13340,500158,500680,157,352
23474,501668,500835,193,403
22723,500502,500908,158,731
8816,501302,501465,84,604
6503,501904,500817,148,381
6246,501203,501264,117,458
20795,500668,500747,148,211
12916,501748,500973,55,85
12097,500238,500019,158,159
21576,501039,500527,66,553
8644,500432,501356,140,335
20866,501922,501220,141,400
17307,501963,500935,101,455
25544,501819,500304,145,129
10966,501303,500738,114,263
7245,501155,501860,141,292
15887,501345,501345,128,169
3467,500521,501012,47,57
22994,501691,500402,151,308
21828,500095,501346,68,434
10733,500173,501571,80,375
19086,501880,501886,121,289
17974,500459,501224,142,614
4142,501924,500997,130,243
2220,500033,501817,213,272
26011,501220,501355,54,502
21276,501255,500878,140,395
9958,500874,501552,69,648
11796,501889,500986,180,192
5188,500446,500524,105,595
14966,501275,500322,74,459
3028,501460,501997,148,429
29694,501102,501119,181,662
9678,500669,501681,176,584
18522,501266,501350,139,374
2681,500661,500832,113,143
27866,501749,501390,207,1118
11546,501931,500799,82,433
12244,500672,501141,202,649
9477,500651,501017,88,319
8769,501828,501306,96,237
28986,500854,500857,102,375
2729,500676,500444,70,358
28608,501761,500696,103,461
5234,501978,501427,50,142
23340,500788,500927,130,336
13237,501094,500551,118,192
10856,500207,501236,40,526
10375,500304,501085,159,236
21651,501736,500318,177,202
8089,500189,500950,191,644
4500,500151,500142,133,188
12504,500374,500324,188,381
29947,501693,501869,24,238
18025,501679,500882,49,770
14837,501527,500326,136,1210
16075,501121,500551,107,264
25707,500510,501404,214,305
16223,500272,500101,129,219
11517,500925,501628,143,430
6798,501024,501627,109,1041
9827,501307,500817,131,397
20547,500981,501425,131,890
10681,500638,501400,130,814
22707,501755,501492,167,262
20991,500179,501776,127,751
5694,500547,500512,133,645
17726,501846,501191,126,485
5761,500729,501363,104,590
16723,501679,500669,159,154
26672,501919,500262,194,439
26370,500131,500814,95,505
21055,501357,501307,118,251
12801,501445,500645,82,668
29053,500436,500784,141,334
18127,500968,500610,117,248
29270,501409,500036,156,260
8052,500669,501243,0,65
2838,501022,500176,213,312
20354,500124,501839,31,51
359,500484,500413,126,320
29042,500139,501617,117,291
25157,500022,501399,159,254
16199,501194,500460,36,163
20645,500817,501131,68,288
4840,501430,500076,135,190
23053,500503,500841,162,676
15518,500633,501883,124,167
28234,500530,500880,206,658
22029,501121,500188,151,486
11898,501036,501805,8,95
2488,501657,500476,157,517
7523,501825,501625,166,474
1647,500284,501045,93,492
23117,500274,500336,153,109
20585,501881,501622,155,1027
9461,500232,501884,170,560
6274,501674,500525,62,99
4130,501553,501808,99,529
12393,500126,501986,158,756
29142,501462,501866,8,68
15238,500385,501593,74,118
22976,501625,501132,177,402
27753,501215,501295,172,547
6811,501478,501466,148,395
28963,500939,501228,146,463
13592,501504,500764,173,185
18991,501515,501099,191,1053
24292,501576,501636,142,488
13727,501120,501785,155,868
27802,500562,500925,107,152
5796,500214,500618,32,102
3044,501557,501590,23,53
11590,500476,501394,201,675
15505,500046,501119,142,227
21010,500217,501014,52,72
26065,501628,501856,29,141
6959,501108,500628,167,818
14018,501206,500308,70,532
17786,501531,500627,101,214
999,500750,501662,98,176
15234,500919,500571,134,262
3233,500648,500980,45,102
25303,901336,501622,148,373
8671,501388,500295,11,146
25750,500971,500857,76,516
16313,501986,501226,136,350
21783,500281,501561,160,259
7169,500334,500253,108,1717
25978,501114,501261,145,546
14259,500570,501968,105,267
28076,501485,501631,146,421
1903,501737,500309,200,528
1390,501768,501452,114,903
7467,500783,501731,156,375
180,500095,500211,44,297
609,500164,501439,38,335
11863,500258,500720,28,340
5225,501491,500321,126,321
17910,501323,501697,118,286
13311,501423,501479,99,344
4316,501410,500757,123,664
12235,501655,500134,162,1068
29485,501661,500177,176,365
14683,500328,500655,76,884
824,500747,500902,28,110
7502,500128,500478,162,234
684,501470,500460,122,427
26530,500274,501719,181,396
5794,501338,500314,165,305
20634,500332,500682,122,785
5832,500535,501724,115,573
22418,501948,501021,33,297
13123,500356,501109,111,279
3771,500938,500987,123,213
2968,501995,501892,208,232
324,501969,501837,154,231
23581,501358,501693,89,465
2717,500729,501432,146,589
28706,501141,500390,145,701
13696,500567,500159,130,336
15045,501393,501861,119,292
18157,501679,500189,162,415
1746,501280,501954,34,47
21362,501109,501431,127,781
12819,501070,500380,25,107
13487,500725,500651,185,226
7915,500009,500018,129,233
7899,501483,500529,148,371
10679,500336,500049,186,385
24889,501886,501193,109,360
2528,500542,501532,136,307
18793,500876,500704,104,252
11254,501792,501040,114,139
26377,500156,500298,133,353
17129,500375,500949,23,90
1731,501227,500138,173,396
9895,500203,500513,142,249
3304,501922,500306,2,117
15615,500430,500460,8,379
19580,500785,501967,111,761
6317,501214,501524,186,598
20976,501923,500124,131,414
26644,500841,500111,137,374
5311,500422,501776,153,337
23288,501362,501208,127,326
29483,500867,500783,136,370
1348,500795,500753,217,370
5024,501525,501080,91,673
19333,500922,500728,103,220
22122,501024,501607,172,570
12927,500740,500477,70,121
5399,500996,501344,59,339
13449,501051,500067,122,493
5013,501529,500667,134,540
1198,501302,500416,206,425
5763,500672,500880,195,1812
13100,500542,501530,118,454
5089,500316,500011,20,122
5194,501899,500095,163,507
17047,501145,501544,46,188
20024,501584,500832,65,244
23409,500543,501131,165,542
17076,500142,501737,83,579
3466,501145,501056,119,257
7952,501139,500327,157,526
16956,501825,501680,46,81
9709,501155,500907,137,515
18797,501394,501553,121,122
4761,501925,501404,101,477
5718,500667,501765,192,602
10227,500354,500991,142,539
21353,500139,501889,172,612
13803,501460,501901,154,614
15924,500446,500331,120,563
19070,500142,500777,177,192
18270,500272,501146,106,1395
24663,500808,501970,149,328
14536,501743,500869,21,71
21398,501191,501087,124,369
24840,500071,501513,143,456
5129,501322,501969,143,944
4141,501212,500148,94,492
3583,500770,501130,129,233
23879,500736,501720,59,89
24530,501993,500814,163,313
27039,500100,500667,163,755
1365,500934,501785,42,649
1739,500447,500241,135,676
26948,501662,500166,4,98
23349,501211,500517,114,332
25753,501949,500269,0,100
12761,501108,501327,153,342
28279,500199,501099,4,77
27443,501309,501324,146,241
11004,501880,500995,107,339
1213,500029,500927,128,485
10253,500776,501901,148,817
13950,500076,501427,45,90
6491,500503,501817,195,386
641,500562,500135,205,179
27225,501234,501448,169,524
11907,501394,501696,156,775
3030,501445,501907,100,257
24213,501887,500367,36,84
19027,902182,500248,108,940
20487,500018,501945,147,394
16400,500880,501066,151,459
25576,501428,500160,174,135
9959,501106,500870,143,860
6804,501225,500675,125,261
4763,501806,500111,152,288
7195,500454,501686,130,251
25035,501023,501663,100,482
6873,500618,501921,0,185
13266,501331,500651,122,392
18209,500005,501159,155,1477
15328,500997,500971,135,203
26986,500466,500019,133,294
4131,501056,501973,148,287
18356,500601,501142,154,506
29019,501227,501060,88,519
15017,500629,500045,107,182
20903,500725,500784,131,640
4838,501495,500344,110,390
19250,903432,501792,69,293
28221,500835,501068,159,404
1063,501503,500355,53,168
14463,501210,501704,156,180
26689,501117,500498,183,757
3645,501222,500212,168,382
25734,500037,501757,158,213
18762,501573,501259,134,1024
19216,501103,501396,14,137
21665,501382,500806,117,430
10581,501390,500898,202,661
15172,501135,500760,25,272
27124,500284,500346,115,609
22156,500080,501505,182,465
22684,501651,500133,11,87
24121,501185,500613,126,291
24765,501412,501467,156,503
24004,500111,501504,146,457
5483,500935,501270,153,303
10357,500912,500033,157,230
17158,500375,500444,59,107
29383,500125,500687,33,172
12991,500262,501165,46,306
14264,500070,501587,161,679
29070,500783,500716,229,302
28042,501831,501221,86,1359
5309,501733,501797,33,129
1713,501424,500371,119,524
13131,501024,501802,156,369
21499,501998,501706,91,384
25545,500382,501492,195,316
12075,500758,501324,119,146
21404,501298,501814,159,193
2889,500988,501534,84,346
16728,500580,501032,94,392
2682,501102,500155,18,107
838,501847,500503,155,764
14382,501130,501615,79,445
8796,500723,501639,164,567
28068,500401,501736,100,482
6309,501372,500747,150,443
14616,500159,500818,135,235
20021,500562,500232,109,959
22175,500692,501960,27,253
29860,500583,501690,160,268
19073,500804,501471,97,499
18243,501945,500997,170,310
1477,500750,501277,51,151
15084,501519,501613,14,170
28497,500723,500023,167,509
11298,501203,500543,140,630
9156,500642,500722,117,494
26926,501778,501853,147,294
27091,501531,500111,130,849
27540,501122,501356,52,68
10711,500546,500899,135,448
22541,500673,501986,109,299
6928,500593,500013,109,182
29704,500121,501753,165,645
29620,500780,501267,108,418
11348,500427,501820,88,174
2213,500300,501114,124,322
27109,500944,500039,135,336
14880,501527,501115,121,195
25577,501603,500371,25,79
20182,500993,500050,28,218
17429,500419,501409,39,106
19747,500449,501862,124,1172
21395,500386,501394,100,552
24829,500949,500639,130,606
13208,501438,501506,174,346
12743,501735,500225,187,416
11144,501461,500215,141,291
6942,501744,501169,30,152
27615,500056,500722,128,794
22600,500293,500302,173,340
19500,501225,501399,155,354
20314,501966,501166,183,259
1147,501451,501359,39,143
8581,501412,500571,190,391
29749,500116,501567,76,664
25778,501639,501532,108,314
19391,500079,500681,157,311
4671,501489,500510,192,918
4960,500611,500970,135,884
22802,501118,500566,181,379
28282,500721,500006,147,504
25999,501820,500628,111,1039
10818,500651,500833,99,610
22787,501754,501340,19,115
15956,500570,501093,55,177
1013,501327,500880,140,233
13089,500697,500294,58,294
10491,501224,501685,247,199
15850,500872,500870,50,98
3996,501973,501313,86,661
26714,500480,501270,167,216
9551,500844,501081,184,425
14815,501088,500656,54,143
27186,500657,501073,178,335
25747,501919,500936,152,324
14059,501401,500874,7,271
13634,500531,501923,147,248
695,501228,501644,149,164
7741,501637,500002,1,122
21266,501757,501058,137,313
26421,501445,500639,107,166
15634,904187,500771,143,274
18749,500431,500433,142,434
24455,501934,500806,124,305
27316,500010,501991,157,685
18337,501718,501127,106,324
627,500556,500683,97,482
11646,500801,501663,23,173
4916,501417,500644,18,239
16142,500897,500527,48,338
865,501929,500004,184,373
25490,904070,501504,84,357
9541,501062,501817,110,498
26804,501953,500144,135,318
17349,501370,500081,112,276
23964,501558,500086,36,154
10167,500342,500111,149,256
8666,500158,501857,161,340
11772,500041,501432,167,280
29295,500080,500281,186,1068
22150,500902,501331,102,319
22356,501407,501804,159,404
23858,501356,500898,154,956
23468,500383,500444,160,517
16703,501639,501505,186,600
28267,501907,501309,143,750
2669,501504,500026,142,382
9287,500090,500698,204,386
25927,501662,500790,153,469
28532,904643,501120,120,156
11220,501261,501375,44,196
26478,501263,500207,134,595
15960,500723,500267,176,329
15274,501768,500200,73,177
28891,501240,500562,102,892
7803,500747,500116,172,574
28110,500797,501776,137,179
27151,500261,500601,157,324
6690,501991,500249,162,162
15365,501441,500079,137,772
1261,501453,500316,122,469
11012,501513,500804,208,353
20085,500599,501120,164,200
18802,500111,501652,110,418
16738,501846,500007,12,130
15975,501706,501995,141,297
26573,501625,500356,155,324
24749,500779,501247,131,388
10303,500422,500287,81,240
8863,500049,501703,140,463
3346,501231,500402,123,336
19587,500636,501269,171,321
22646,500586,500876,49,503
4133,501615,500646,112,587
23429,501056,500615,90,164
5684,500478,501639,131,808
11040,500088,501246,20,283
18178,500871,500366,149,227
28095,501726,501888,153,478
15255,500215,500192,174,716
4954,500388,501753,24,183
22213,501744,500237,102,120
6003,501922,500100,114,256
27842,500239,500272,143,274
28675,501045,500054,94,304
3354,501322,500786,132,259
5364,501207,501025,121,284
26587,500115,500530,138,1037
15443,500282,501530,6,76
27007,500421,501783,42,68
19542,500153,501488,138,505
8050,501128,501079,206,408
11847,500876,500415,123,317
15735,500668,500021,207,257
27803,501077,501550,7,150
27596,500524,500503,202,214
3215,500605,500725,89,469
21819,500284,500520,128,1255
15575,500248,501350,154,879
10768,501426,501611,23,70
6349,501122,500884,112,450
22093,500502,500867,128,269
16387,500638,500268,200,445
26367,501194,500831,171,377
12227,501646,501285,175,557
28366,500479,501192,17,111
13971,501463,500533,133,224
1194,500402,500789,58,383
907,500321,501382,92,674
28986,500854,500857,102,375
25599,501114,501741,175,362
12317,500005,500978,130,356
25524,500572,501375,100,724
3875,501478,500054,87,137
17663,501374,501735,167,758
20043,500691,500359,63,165
16725,501320,501748,151,172
26713,501461,500987,117,445
11051,501715,500440,1,83
12325,501340,501476,55,184
9017,500145,501756,131,1132
2096,501976,500770,111,272
26310,500673,500475,146,343
27426,501152,500309,158,383
18951,500732,500156,172,495
13107,501198,501890,183,288
12165,501907,501036,177,254
7774,501584,500854,159,292
23329,501564,501351,44,108
5893,500972,501512,114,962
13702,501563,501106,167,562
11818,501146,500413,124,252
4676,501741,501628,129,322
29795,500746,501204,163,121
2567,500743,501852,219,199
459,500914,500438,126,280
20608,500608,501765,118,553
2513,501536,500376,122,257
10853,501646,500265,153,573
12105,501748,500256,140,378
22334,501082,500455,170,347
25738,501901,501627,180,312
18883,501909,501463,124,1509
10856,500207,501236,40,526
26176,500031,500730,182,404
14670,500004,501704,48,491
29814,500211,500912,110,289
2253,501608,500197,170,383
5395,500110,500531,151,166
878,500069,501185,26,151
5645,501426,500839,129,306
18850,501108,500861,178,367
27294,500321,500495,166,234
18407,500250,502000,124,1249
7186,500627,500253,197,262
26595,501552,501554,47,72
25669,501916,501227,34,89
23506,501059,500200,88,491
15736,500957,501625,144,779
4536,501450,501003,20,60
2663,501012,500154,168,821
15479,501360,501231,61,164
25395,501168,500438,213,378
22075,500876,501575,127,266
18066,500739,501996,203,430
26469,500421,500224,1,132
23645,500151,501644,165,211
23567,501982,500493,14,155
11771,501682,500448,1,108
5452,501650,501914,9,128
13781,500868,501012,65,288
16493,500800,500436,179,364
12428,501674,500064,201,327
15272,501171,501643,98,708
13317,501459,500955,24,422
23050,501088,501338,140,610
25984,501331,501735,169,771
16520,501518,500331,22,144
29574,500086,500817,130,490
7082,500402,501755,145,209
13033,501374,501780,195,776
21219,501979,500979,7,74
8445,501302,501948,119,202
25710,500723,500733,194,1114
1170,500673,501643,164,647
11856,501922,500463,110,788
3944,501504,501517,32,170
25662,500454,500359,73,427
19836,501269,501567,181,300
27824,501082,501036,147,357
918,500322,501394,75,930
4900,500381,501989,153,271
24594,500880,501057,214,233
27264,501515,500281,112,152
9685,500218,500858,157,379
24095,500365,501620,190,507
13443,500481,501987,41,190
584,500007,501796,31,48
2129,500986,501017,42,70
5088,501487,500370,112,320
4687,500255,501966,93,443
25465,500832,500795,203,327
14509,501082,501959,23,84
3817,500654,501804,122,438
208,500998,501470,21,91
27378,501428,501529,216,264
15641,900934,501247,141,204
9779,501359,500335,49,92
17758,500803,500353,26,51
1515,500249,501311,149,495
12106,501280,500874,113,516
17827,500160,501883,124,229
7696,501350,501102,71,842
14190,500858,500605,16,55
23362,500610,501925,150,252
4197,501545,500981,155,503
11991,500203,500259,129,725
23912,500100,500769,187,205
7342,501880,501390,135,407
20622,501464,500289,118,751
19494,501733,500167,35,154
24570,501437,500299,0,201
14013,500022,501031,138,279
7843,501495,501865,115,217
24731,500466,501169,169,676
21354,500974,501793,179,482
3874,901059,500032,170,267
10904,500752,500441,158,136
13868,501895,501465,83,274
17144,500698,500712,202,107
16846,501184,501275,160,227
6999,501611,501504,105,209
29349,501521,500516,134,128
10851,501658,500193,213,408
2383,501503,500045,85,325
28533,500766,500896,26,109
18533,500374,500464,0,48
3755,500385,501919,103,456
18164,500260,501622,42,124
1023,501529,501340,132,286
22543,501754,500299,164,408
2836,501573,501600,94,421
5377,500830,500262,170,209
23977,500385,500495,139,498
28981,500272,501968,161,230
5872,500280,501616,70,236
16191,501641,501892,39,461
22937,500177,500510,131,218
20142,904557,501012,40,143
4045,501625,501667,183,219
22355,501112,501023,132,304
24286,501956,501670,233,395
6945,501718,500653,139,572
29964,500206,500100,173,623
2881,500944,501250,61,131
13223,501347,501244,20,108
13797,500060,500551,134,651
7897,500999,501224,159,314
23371,501683,500832,172,129
15430,500849,500789,20,95
26957,500104,500004,156,416
26102,500307,501423,32,45
392,500251,501037,164,440
23648,501523,501327,155,574
15996,501782,501324,149,674
3184,501522,501113,102,326
26097,500368,500750,180,329
8198,501362,500028,132,562
17695,501980,501424,156,593
10752,501550,500615,142,337
3219,500383,501646,167,1020
4020,500197,500638,83,596
13434,501563,501909,122,706
20864,501042,500089,31,115
12206,500256,500371,150,472
23543,500966,500213,159,453
29680,501388,500527,51,61
26761,501413,501574,118,347
8334,501295,501176,153,1320
18094,500280,501878,127,1021
24238,500110,500805,219,471
26727,501640,501773,105,375
7295,501892,500395,231,337
26348,501536,500651,152,765
3737,500121,501298,150,306
27425,501588,501505,138,964
20246,500979,500979,124,192
4048,500522,501319,146,1012
21420,500183,500633,205,257
3519,501306,501094,78,225
18269,501440,500423,94,727
2618,500909,500818,102,379
546,501051,500331,47,100
16013,501098,501034,79,352
19209,500764,500497,165,681
8205,500249,500714,160,310
11302,501796,501834,138,469
13337,501367,500251,142,310
1360,501830,500544,19,111
7780,501052,500485,121,482
26017,501524,501302,125,521
1945,500360,501969,57,191
1380,500077,501119,26,208
20348,501880,501779,0,46
7649,501506,500654,161,498
20932,500714,501379,100,584
28181,500861,500384,114,295
20444,501263,501889,172,501
28728,501938,500607,99,956
27038,500033,500477,47,101
4617,501112,501390,198,366
26427,500939,500716,161,628
6725,500081,501676,138,735
13159,501760,501350,170,757
4553,500126,500426,18,170
17652,501601,501757,207,408
29246,500261,500577,154,320
14153,500438,500071,20,136
3626,500568,501640,47,172
14489,501272,501792,175,1483
11639,500616,500817,87,479
16278,500583,501121,164,986
17894,500024,500732,17,90
1040,500622,500484,187,860
5755,501038,500278,144,567
19722,500749,501542,151,417
12739,500015,500282,0,294
23613,500454,500931,185,404
14619,500774,500618,37,131
29654,501328,501333,202,763
16090,500332,501202,138,547
5884,500239,501584,230,410
19905,500516,501369,51,162
18888,900314,500710,111,555
2898,500492,501839,149,367
26190,500068,501174,125,629
17237,500196,500608,146,596
11474,501122,500701,158,279
2423,501041,501870,149,270
24084,500051,500607,126,402
25179,501428,500986,197,493
26168,500633,501418,142,260
18818,500750,501834,150,208
27787,501384,501993,121,858
19061,500520,501492,172,594
12956,500950,501076,146,406
14306,500217,501550,176,261
13952,500274,500922,180,543
17101,501561,501204,120,244
17743,500139,500579,200,148
6413,500994,501737,161,666
26774,500227,500891,42,196
16916,501926,501115,137,523
24833,500402,501736,126,600
13431,500495,501098,163,372
17402,500081,500112,78,322
23270,500054,501134,115,1104
741,501524,500172,146,139
4186,501528,501006,218,301
24132,501486,500892,52,137
2344,500714,501397,160,335
14198,501227,501311,146,403
14086,501168,501017,148,509
28406,501072,500751,137,722
21988,500750,501973,98,446
17067,501383,500086,201,761
15450,501899,500939,135,374
19860,501290,500349,37,38
4174,501848,501063,23,27
12717,500031,501358,158,333
22527,500986,501032,139,673
19710,500447,500858,84,1030
1280,501081,501208,27,116
2744,501059,500758,61,134
3765,500734,500030,55,232
24936,501391,500323,111,468
19993,501161,500261,143,485
21692,500916,501578,118,518
3909,904079,500487,129,595
14917,500997,501051,115,711
6262,501107,501017,110,288
12135,501731,500867,155,446
7037,500513,501082,169,469
18362,500214,500360,188,602
16885,500886,500466,75,120
4525,501850,501445,166,325
2060,500110,501796,157,420
29486,500841,500036,113,325
26479,500110,500454,188,253
7188,502000,500675,136,372
10459,500032,500265,136,633
22174,501344,500931,92,186
7636,501951,501712,128,361
16769,501969,501051,190,881
4005,501010,500751,138,627
4614,501801,500040,24,88
8792,501956,500673,126,335
9296,500438,501639,129,253
26701,501729,500972,153,252
16261,501938,501795,93,522
13316,500870,501533,183,1895
5235,501375,501285,126,518
10330,501132,500084,120,366
29826,501268,500143,159,615
27361,501024,501837,102,313
28662,500520,501819,226,813
4997,500059,500884,141,245
10212,501052,500267,121,1140
17381,500770,500506,14,82
19389,500327,501139,144,342
24236,501024,500036,135,569
12426,501516,501586,17,60
24410,501784,500842,131,426
1474,501999,500017,36,141
23034,501522,501608,121,870
19249,500461,500885,155,391
3540,500926,501423,237,358
29793,501403,501844,111,276
29874,500691,500081,69,227
21383,500779,500874,117,733
11120,501057,501362,187,376
3469,501668,501070,71,721
20748,501628,500076,116,404
25826,902128,501617,147,570
9451,501762,500442,133,974
1174,500138,500687,139,455
22185,501424,500696,87,569
4970,500365,501072,88,584
15967,500942,501170,176,460
26657,501683,501494,165,262
23043,501754,501130,139,287
21987,500422,501456,206,922
22482,500892,501998,51,77
21764,500119,500942,110,423
5558,501470,500818,124,400
1566,500291,500514,129,904
2901,500382,501636,153,374
9041,500884,501818,23,72
1128,500871,501905,164,326
21570,500076,500989,131,409
7617,501273,501828,140,561
28222,500250,500382,126,783
20979,501815,501037,18,101
10884,500388,501496,19,89
21634,500461,500989,148,458
347,501805,501214,124,644
9494,903138,501333,168,299
29045,501140,500089,39,82
25871,500979,500974,124,232
17347,500565,500871,160,801
9237,500382,501734,195,394
15890,501735,501844,114,653
26277,500711,500077,100,143
11259,501249,501025,135,552
19430,501816,500752,126,280
23965,501019,500898,111,329
8774,501808,501170,193,334
26006,501098,500728,168,308
27283,500739,500665,28,143
20826,500063,501117,206,626
13008,501133,501749,192,607
22287,500219,501376,148,381
28322,500183,501341,152,307
29262,500805,501960,133,493
17309,501069,500335,167,1451
11063,501887,501464,76,263
18747,500615,500418,25,106
5284,501471,501575,124,267
2373,500911,500512,93,316
11408,500143,500911,135,679
25392,501565,501081,42,58
26286,501655,500167,137,604
4428,500267,501795,137,966
22511,500838,500974,176,325
20057,501913,500415,24,98
10263,500503,501938,98,318
23132,500753,500183,234,373
21904,500912,501431,143,547
20148,500621,500261,148,166
16537,500816,500188,172,388
2624,500749,500532,141,256
24106,501926,501246,13,82
13892,501829,501505,145,353
15640,500007,501775,161,546
7868,500382,500749,131,188
12542,501280,501668,96,194
4842,500566,501776,140,455
13774,500271,500814,20,100
23517,500414,500392,103,313
467,501138,501253,24,61
13478,500486,501575,42,252
16275,500531,501081,133,219
19833,500128,501574,138,489
11989,501883,501834,151,152
26279,501328,500608,180,630
25317,501136,500926,81,533
16667,500184,500804,142,536
12118,500845,501089,35,119
7540,900969,500547,132,354
26320,501635,500680,176,319
2464,501888,500216,52,52
25564,501862,501663,166,167
9291,501525,501986,133,697
1357,500953,500057,103,179
12450,501745,500854,179,443
28924,500653,500972,159,663
28264,501918,501421,130,243
26148,501224,500655,124,493
8062,500991,501055,164,591
17245,501968,500890,190,782
16354,500051,501146,155,436
22538,500844,501233,135,336
19326,501520,501697,96,326
8268,501573,500799,122,264
15023,501438,500725,173,218
28917,501944,501573,162,351
27424,500177,500212,171,277
21990,501577,500933,38,99
3867,501144,500294,124,332
29242,500937,500049,144,517
7647,501541,500181,189,357
9518,500683,500192,128,651
12275,500023,501694,148,286
19709,501653,501995,135,434
17465,500361,501120,139,533
11118,501225,501573,130,629
5982,501899,501234,181,394
1004,500643,500031,9,61
20218,500167,500619,138,243
18302,500786,500825,80,562
22531,500419,500472,109,690
955,500546,501668,157,405
29801,500481,500280,93,1070
17300,500299,501706,132,315
2144,501222,501235,99,383
18238,501572,501166,36,233
23819,500936,501635,74,122
7890,501099,501989,157,337
14511,500633,501945,99,694
4736,500896,501853,142,753
2905,501063,500365,113,743
9115,501321,500853,37,49
10800,501199,500480,181,981
17815,500886,500716,141,239
15629,500729,500115,173,185
23460,501146,500711,150,306
24188,500041,501272,78,512
20910,501409,501406,160,894
26747,500765,500440,119,264
23365,501227,500531,139,323
26909,500293,501039,119,222
14988,500771,501247,194,329
23697,500402,500633,186,413
352,501520,501790,36,77
18499,500151,500114,161,523
27001,501990,500029,111,330
17405,501338,500487,160,627
26828,501163,501905,120,265
14103,501368,500442,155,498
11775,501577,500561,168,310
29385,500922,500862,126,1121
4228,500509,501755,19,69
8780,501765,501928,54,46
24929,501757,501043,135,231
517,500876,500308,205,368
8415,501357,501734,170,313
23967,500125,501259,17,176
16859,501269,500279,135,601
1589,501530,501765,21,85
5421,500839,501050,130,308
6170,500274,501386,163,314
27725,500415,500140,146,456
16580,500897,500354,87,711
10328,501141,500551,153,1259
20703,500982,500299,118,270
16471,501661,501699,28,113
3642,500808,500839,139,844
7955,501570,500784,122,429
20653,501437,500049,55,80
23585,500819,500071,107,314
24877,500929,500150,33,104
16296,500608,500705,190,392
8362,501737,501661,110,689
19127,501303,501571,126,185
7205,501676,501249,172,614
4843,500283,501561,27,89
2887,501985,501363,127,742
17541,501423,500176,162,391
4824,500117,500098,156,705
28074,500334,501090,177,270
28070,501022,500526,169,554
26398,501744,500845,195,274
7264,501912,501125,186,344
5405,500625,501741,184,541
12421,500861,501453,155,715
22444,500208,500207,163,488
16761,501861,500455,182,236
24647,500366,500008,127,357
7643,500003,501407,221,248
20402,500051,500726,170,308
23698,500361,500556,151,294
26616,501583,501749,60,188
23616,904557,501012,14,76
14777,904763,501479,115,894
9829,501239,501228,170,664
18639,500854,501450,176,334
7691,501287,500356,131,353
17372,500131,500743,131,191
3641,500553,500142,162,1033
11928,501054,500599,79,482
7960,501880,501895,178,447
22009,501090,500492,165,571
27748,500258,501433,99,478
6523,500524,500153,160,254
2987,500811,501547,149,642
20349,500139,500608,27,172
17467,501110,500116,115,810
2872,500724,500879,32,100
6113,500722,501662,128,958
14643,501210,501036,147,564
16378,501426,501029,104,358
16376,501305,501925,136,335
15278,500064,500410,128,795
11681,501759,501148,94,362
13296,500023,500258,105,1031
3122,500028,501831,124,287
14740,501048,501723,102,441
2238,500098,500579,166,768
14939,500848,500428,0,118
9638,501023,501485,182,286
25749,500996,500718,67,428
6658,501887,501654,160,202
12197,500689,500819,106,765
6960,500954,500291,112,164
26629,501334,501762,174,777
12383,500128,500900,147,202
385,501922,500217,115,285
24581,501981,500184,147,516
21508,500656,500656,53,90
16977,501518,500998,86,654
11250,501059,500467,56,122
25461,500184,501829,107,435
21846,500944,500737,221,484
20272,501281,500129,23,143
6741,501224,500026,188,477
16426,500633,501026,23,86
26826,501488,501909,119,738
22433,500717,501968,25,111
1820,500570,500079,133,607
12894,501076,501002,189,382
6739,500858,500204,108,264
29120,500891,501518,156,675
24509,501079,501522,145,506
6312,500519,501354,48,121
17653,501055,500342,127,174
27626,501360,500073,20,58
25100,501640,500533,105,303
25815,500268,501628,165,561
2576,501750,500112,133,548
2999,501825,500173,241,520
22530,501266,501225,170,314
24629,500466,500134,177,437
14218,500904,500305,114,921
22069,500449,501681,153,309
27168,501298,500567,181,305
10842,501197,501111,48,90
22182,501450,501264,177,428
10275,500935,500902,155,412
18023,500435,500629,153,120
3202,501453,501786,131,622
13777,500981,500769,89,215
10041,501938,500655,143,157
26555,500770,501716,130,454
16715,501730,500064,157,604
1086,500021,501576,63,538
12869,501750,500971,120,353
7028,500134,501572,22,50
22653,500324,500734,0,302
20457,902430,500391,93,320
2755,501887,500366,88,465
18681,501346,501273,31,88
10819,500868,500087,54,102
6761,500074,501818,157,351
10847,501273,500768,18,194
11515,500466,500159,118,767
12392,500098,501149,157,325
22197,500710,501635,134,655
24878,500884,500990,104,405
307,501039,501326,153,527
28174,500558,501746,27,122
20536,500737,500935,128,537
26570,500300,501743,122,406
12207,501328,501051,194,297
1702,500316,501122,159,317
4044,501633,501855,22,122
28829,500413,501678,60,814
5192,500812,500637,147,411
21192,500746,500999,187,480
20018,501349,501152,78,350
504,500499,501889,57,130
16879,501941,500752,214,549
16146,501795,500647,142,859
807,501933,501736,34,234
18963,501027,500212,171,382
23204,500924,500423,170,227
16540,501699,501897,5,138
19227,501887,500024,50,100
3162,500002,501069,123,374
25107,501125,501364,145,290
28148,500930,501204,156,676
27152,501628,500179,93,358
21931,500136,500567,60,137
26922,501135,501707,185,439
391,501314,501023,195,263
11273,500067,500501,114,383
28842,500683,501535,197,593
4364,501432,501926,200,542
16402,500654,501522,127,2273
4293,501639,501638,73,534
6828,500109,500314,156,209
21627,501202,500459,45,425
11105,500912,500042,126,236
3541,501298,501547,158,122
22096,501970,501110,166,584
21181,500626,501387,3,144
6019,500637,501093,168,503
13968,501781,501775,135,679
17353,501461,501108,205,539
11588,501326,501451,23,71
20015,500455,500731,127,929
9968,500786,501081,140,442
28027,500280,501299,149,437
2088,500210,501846,141,460
6578,500564,501729,160,1183
8818,501945,500449,154,594
9196,501860,501469,29,102
6126,501145,501255,138,610
13682,500344,501575,174,501
6569,501285,500215,104,662
27417,501162,501223,3,134
160,501304,501889,141,175
3955,500857,500857,73,97
9971,500681,501467,159,688
23178,500988,500300,133,238
21741,500720,501090,139,150
26784,501776,501250,22,197
8349,501727,501080,124,949
2666,501110,501395,143,1556
7144,500462,500910,93,174
2003,501143,501303,219,519
19782,501063,501393,72,471
19904,500682,501574,140,148
16236,500475,500816,151,175
7190,501334,500371,44,123
16360,501034,500314,198,221
2434,500959,501524,193,425
23532,501033,501926,150,771
14849,501767,500680,137,355
13672,501929,500081,135,172
15742,500501,500033,200,588
8318,501274,500236,108,155
29124,500400,501299,109,480
27729,501334,500687,95,191
28680,500854,500716,152,792
10307,501452,501410,100,431
25346,501282,500184,120,249
22904,500266,500001,39,138
10901,501431,501689,154,265
25374,500718,501094,208,774
24002,501563,500993,81,211
3180,501657,500764,149,212
23711,501895,500121,117,459
11631,502000,501574,117,332
12855,501784,500844,124,242
29178,501625,501719,126,375
2212,500790,500190,152,229
6224,501445,501568,172,331
18562,500281,500676,109,393
12423,500301,501238,67,86
4808,501687,500990,196,395
12944,500364,500035,36,102
12480,500986,500533,111,1072
7932,501998,500846,131,218
12448,500566,500542,123,535
9081,500479,501325,141,187
6929,500090,500846,105,277
16446,501892,500750,0,153
14017,501532,500710,94,1073
17620,501942,500385,46,170
10891,501407,500968,158,1301
17280,501677,501298,176,219
5887,501121,500995,166,216
11163,501568,500733,117,504
19459,500233,501655,89,313
7511,501840,501054,18,82
9749,501413,500492,130,717
26375,500359,501273,173,379
10653,501767,501949,11,118
17511,501872,501703,85,383
3824,500811,501996,191,954
4774,501873,501768,145,516
988,500739,500115,139,462
17749,501273,501147,111,677
16976,501327,501687,163,657
15915,501740,500515,33,92
2982,501765,501492,130,664
10035,500333,501122,200,948
3095,500533,500858,133,552
15277,500001,501928,171,579
1043,500371,501682,104,295
11318,501407,500845,140,199
10722,501887,501867,33,79
17753,501217,501640,138,777
25069,501125,501990,109,183
6880,501304,501403,204,1378
4423,500401,500443,39,67
28704,501860,501701,95,265
22900,501399,500178,141,372
22928,501775,500566,200,367
14566,500982,500900,136,550
15894,500914,501963,143,433
601,501381,501393,134,254
23389,501171,500786,87,450
16201,501174,500821,133,397
29001,500578,501975,28,465
10872,501506,501526,128,306
9552,500888,501737,130,445
9388,501741,501057,87,388
28428,501973,501238,115,451
25915,500066,501529,145,490
12695,500413,500886,173,134
7235,501922,500440,189,755
27904,501510,501988,64,103
18321,501028,500642,94,555
19970,501093,501980,175,178
26281,501970,500926,119,272
22996,501087,501912,35,97
4273,500116,501382,146,201
14493,501360,501069,105,427
24290,500895,500497,177,639
9847,501727,501391,186,580
5072,501239,501911,188,391
16855,501344,501105,174,547
2188,500478,500312,61,71
20961,501654,501646,157,504
2715,501386,502000,99,410
14931,501163,501478,85,766
7556,500453,500211,147,208
19499,500474,500660,25,63
22537,501777,500781,199,229
9327,500068,501839,168,533
4644,501048,500633,134,1135
12198,501577,500493,79,155
19000,500019,501017,69,389
27274,500191,500420,206,180
21565,501275,500949,218,805
14222,500978,501058,132,184
20644,500056,501052,10,78
28694,500032,500759,83,559
9913,500189,500624,150,211
19220,500206,500381,85,662
5501,500272,501576,165,353
13167,501264,501989,156,157
29192,500723,501238,101,253
12713,501658,500780,143,529
21103,501932,500795,165,209
27550,500937,501617,161,561
10881,501379,501504,167,911
19562,501483,500359,93,339
7414,500824,500615,170,444
23024,500624,500135,130,756
17186,501222,500023,150,457
28430,500449,501356,148,319
10898,500753,500995,91,485
24010,501782,500400,135,301
24415,501866,500832,127,670
9133,500857,501905,187,596
668,501678,500616,132,1309
11286,500112,500138,147,288
491,501730,501487,130,856
4811,500420,501251,165,495
19907,500026,500523,176,399
28927,501131,500979,45,68
11196,501120,500001,121,219
6566,501453,500771,181,847
23550,500172,501446,23,174
22582,500121,500032,152,122
14201,501517,501776,91,141
19695,500416,500521,193,345
19891,501750,501246,119,444
12356,500900,500334,145,688
18313,501225,501734,103,350
8826,500697,501735,141,381
14655,500328,500365,155,412
19516,500274,501346,169,306
4852,501438,501574,211,1233
21351,501212,500370,129,465
4184,500249,501996,174,378
28534,500777,501357,188,550
26625,501582,501199,179,404
11221,501825,501784,101,254
4910,500232,501323,147,315
27458,500041,500611,66,645
8290,500270,501369,54,117
1853,501407,500608,123,522
18422,500342,500633,108,333
13521,501488,500515,167,744
17451,500124,501686,152,268
6848,501584,501784,152,296
23873,501563,501517,181,313
8367,501407,500952,58,126
24946,501952,500238,143,515
29571,501918,500388,28,205
10548,500039,501033,177,738
693,500441,500463,127,443
27247,501080,500440,49,170
6810,501843,501169,141,348
26455,501551,501562,164,436
28113,501713,500172,38,82
25899,500126,501381,169,457
5450,500133,501667,120,421
8297,501644,501019,8,166
8723,500095,500712,147,515
5856,500419,501752,175,533
20140,501601,501505,138,605
17561,501587,500712,168,1243
28933,501913,500280,13,85
17214,500479,500063,113,284
7989,501878,501652,136,337
9853,501288,500812,148,493
22699,500949,501374,59,352
14418,500206,501076,132,316
2847,500647,500833,168,611
13483,501271,501975,138,630
14851,500995,500291,134,303
5582,500268,501094,89,185
27055,500756,501240,227,577
18228,501929,500976,33,95
24537,500965,500320,134,386
13979,500990,500079,162,254
7161,501105,501166,132,619
141,500101,501524,176,497
12826,501686,501571,128,345
13928,500308,500117,166,844
20946,501581,501592,135,631
9838,500653,500042,28,40
1632,501691,500153,156,288
21824,501233,500988,217,453
15625,500232,500997,46,299
4025,501404,500054,130,403
27880,500632,500117,142,577
14657,500115,500709,118,316
10753,500587,501017,174,277
12209,500567,500565,111,260
12425,500578,501729,111,481
21648,501804,501334,176,287
28441,501345,501349,137,291
25866,500999,500633,176,386
3823,500817,500510,108,277
22321,501963,500360,104,226
15859,501843,500446,24,42
21169,501551,500895,206,298
2664,500783,501457,130,501
29665,501410,501696,173,216
20892,501682,501763,196,331
11020,501000,500138,201,664
9648,501852,501016,150,156
9577,500628,501249,102,788
1621,500116,501683,154,405
8229,500076,501041,164,182
149,501520,501277,202,625
14627,500622,500243,12,104
26540,500593,501363,150,542
29127,501189,501307,114,717
17022,501412,501051,140,286
7882,501818,500747,48,223
28938,500264,500980,114,692
4457,500627,501654,99,666
4956,500342,501036,173,174
20415,500610,501691,145,429
1856,501134,500640,173,481
17140,501573,501943,168,587
11429,501530,501528,139,437
7093,501473,500481,146,453
29528,500431,501753,157,371
29931,500586,500785,157,982
17781,501330,501379,171,226
28478,501537,500619,122,558
27460,501043,500548,40,152
1588,500936,501070,153,254
919,500546,501285,138,458
9075,500333,500671,132,352
16071,500957,501667,159,279
690,500648,501239,45,248
13138,500173,501525,125,283
22612,501487,501541,68,449
14799,500868,501670,177,354
4988,501490,501747,159,635
25574,500471,501730,130,1338
23488,500832,501577,24,63
5961,500519,501976,166,443
23778,501829,500729,142,521
24406,501526,500702,140,780
8891,500547,501576,108,772
15346,501244,501608,132,197
299,501186,501334,62,214
27386,501006,501818,178,730
18841,500898,501608,182,815
16005,500164,501695,130,276
14353,501323,500112,149,401
28593,501058,501562,152,190
827,500207,501871,56,98
12436,501580,501751,150,472
6376,501034,500472,181,168
10478,500971,500330,105,239
23019,500088,501430,126,234
27498,500465,500512,151,322
26858,500944,501872,112,867
21469,500547,501220,35,189
27392,501425,500279,175,398
23800,501758,501020,112,2411
25854,500024,500423,24,112
19992,500123,500121,190,273
2813,500400,501719,114,242
3553,500173,501374,104,253
22861,501325,500548,64,218
18632,500213,501040,112,256
29036,500259,501853,160,124
3040,501365,500856,48,45
6679,501398,501263,54,90
19312,500173,501379,133,1241
21502,501918,501553,127,255
26,500515,500260,44,105
20249,500598,501874,55,67
16352,501825,501917,199,269
2596,500732,501886,118,106
14820,501912,500385,183,499
22670,500110,501607,100,396
20923,500433,501461,143,545
28092,501782,501693,87,163
4010,500632,500127,194,205
20301,501213,500491,145,323
21795,500916,500710,164,1432
3890,501206,501670,183,772
23673,501615,500464,159,231
13191,500045,501864,108,728
17314,500754,500284,132,355
12532,500593,500142,166,246
21384,500066,501776,114,254
22583,500151,500642,199,630
15080,500099,500681,26,111
8913,500927,500580,99,804
19106,500177,501691,114,362
16328,501780,501275,147,305
4957,501331,501204,167,397
19945,500646,501966,118,584
4622,501704,501932,31,107
18042,500001,500716,143,2187
18249,501749,500370,102,368
29259,501853,501989,145,581
13515,501785,500562,120,301
28577,501580,501529,166,200
13626,500084,501625,149,382
13272,501266,500726,192,611
8580,501244,500848,195,413
2289,501494,501750,152,1543
11351,500926,501981,88,288
2095,501081,500787,108,142
25314,501655,500100,197,586
19614,500346,500040,34,97
5878,500501,500091,143,259
21937,500627,500639,133,570
13353,500492,501002,144,174
25003,500934,501853,190,160
26269,500135,500506,159,776
4503,500986,501581,96,1151
2137,501894,500056,159,364
9960,501225,500629,101,204
21155,501537,500622,190,328
3942,500989,501555,34,58
22446,501998,500696,114,183
9723,500655,501338,196,729
24608,501980,501982,173,202
18245,501453,501002,120,425
17103,501982,500689,154,597
11257,501931,501513,142,190
1571,501490,500580,71,347
13519,501204,500280,149,810
4214,500396,500315,23,81
9914,501149,501001,69,121
7781,501600,500128,142,295
12432,500529,501854,41,257
9111,500236,500203,42,44
11379,501298,501201,130,653
4103,500217,500179,138,119
10097,501631,501375,174,224
19485,501774,500544,57,69
26307,500866,500049,59,65
29706,500981,500877,183,567
13001,500077,500510,84,460
22359,501741,500208,102,471
7009,501468,500005,163,558
17966,500818,501085,154,185
4993,501600,501492,112,151
19285,501169,500874,203,161
11266,501399,501495,173,557
25786,500423,501251,199,320
1981,501886,500413,146,259
12999,500173,501486,136,558
24076,501173,501331,179,301
2962,500395,500090,139,348
6078,501466,501001,19,74
1753,501685,501575,16,836
22799,500332,500386,136,825
19051,500539,500311,34,185
24078,501410,501667,181,354
24969,500847,500420,193,650
28677,500914,500323,183,764
24981,501576,501232,109,206
15115,500721,500496,111,601
11232,500857,501177,125,366
2523,501041,501077,59,109
23184,500080,501786,180,509
21303,500674,500796,56,231
7213,501195,501651,27,296
9450,500127,500584,148,373
7466,501999,500981,94,1390
2549,500473,500725,178,304
3262,501054,501364,30,95
12630,501656,501971,162,644
6027,500683,500687,124,223
17920,501300,500912,59,123
3690,500367,501174,106,377
29227,501395,500774,51,260
18992,500048,500600,73,86
27245,500040,501427,4,264
15236,500304,501723,116,875
23781,501120,500747,119,76
17989,501327,500529,127,463
3090,500788,501228,123,331
2575,501912,500746,124,292
4149,901794,501611,30,181
20201,500202,501806,148,438
9772,500196,500605,117,268
6605,500653,500031,92,436
14193,500931,501266,183,724
16278,500583,501121,164,986
1642,501388,500170,21,210
7824,501656,501403,132,262
15953,501833,500460,159,342
24886,500997,501640,136,649
28724,500323,500512,85,378
29437,501759,500799,204,290
25344,500455,500788,125,168
29331,500971,501314,174,467
5002,500479,501521,152,492
26676,500441,500633,193,266
10305,501725,501269,93,399
9260,501727,500723,93,271
27583,501738,501179,42,92
12708,500856,501397,189,195
4263,500314,501146,148,193
3025,500840,501488,128,223
7095,500311,501273,21,87
13335,501545,501966,108,335
16312,501601,501707,167,320
29424,501997,500321,173,603
3783,500922,500522,117,204
49,500328,501398,123,216
7050,500462,500969,153,499
2278,500528,501080,163,324
11258,501277,501967,162,263
5318,500455,500651,175,707
6673,501730,500994,124,542
24748,501662,500777,119,397
7862,500722,501716,84,816
408,500951,501521,7,78
7046,500460,501951,168,505
4979,501169,501653,117,162
6841,501478,500753,143,308
28915,501384,500501,144,480
26218,501398,500020,43,172
16912,501438,500336,160,571
5950,501177,501500,58,100
4377,501976,500361,141,663
24234,500639,500984,58,384
6005,500199,500608,116,376
29226,500476,500311,166,305
11203,501099,501974,13,125
13485,501076,500968,140,376
13067,501567,501265,37,143
23379,500904,501748,113,181
2119,501506,500942,125,352
25494,501173,500138,80,493
12549,501102,500336,176,317
5349,500544,500846,123,308
17602,501971,500475,119,670
23405,500056,501332,123,402
27065,501028,501280,133,408
14659,501206,500787,88,402
2752,501079,500144,72,250
13769,500564,501795,127,1149
5478,500831,500601,181,546
24953,500493,500706,164,331
2454,501293,500457,130,309
15066,501739,500720,135,276
22859,500343,500068,120,723
27854,500493,500193,207,1283
1993,501424,501226,160,292
24750,501960,501996,132,709
3819,501655,500460,173,201
11722,501808,501429,148,424
21162,500334,500390,113,273
22014,501909,500321,147,397
1200,501293,501275,143,408
281,500256,500535,49,88
20086,500828,501847,26,83
26410,501423,501024,151,379
409,501220,501212,167,404
5551,500480,501792,215,535
16098,500621,501350,192,788
20106,901421,501073,156,565
22324,500937,501110,187,244
27032,500465,500200,89,1000
18908,501163,500455,185,351
11781,500553,500553,79,630
1793,500431,501015,114,329
28483,500105,500475,158,388
15241,501373,500177,123,309
15571,500795,501653,107,698
11596,501277,501212,142,246
22805,501007,500041,180,492
22502,500184,500181,135,195
19625,500982,501063,147,375
24792,501601,500435,182,426
27718,500680,501022,121,328
18663,500765,501285,138,456
6248,501220,501275,140,443
16303,501909,501638,19,81
1032,501923,501160,137,813
28422,500415,501495,139,842
19415,501860,500597,18,97
18784,501052,501271,160,382
25870,501700,500610,132,579
15561,501833,501499,121,805
26497,500237,500678,131,662
26690,500786,500810,59,113
12270,500714,501889,179,290
10215,500374,501706,144,1073
1256,501813,500027,61,138
5668,500526,501404,89,700
26791,501452,500197,86,645
1269,501887,501486,106,489
3871,501667,501584,137,528
21782,501775,501922,141,481
884,500018,500805,153,303
29684,500401,500079,113,855
5471,500652,500357,20,236
2791,501907,501612,133,198
2770,501046,501932,35,116
1137,500289,500944,80,348
5666,501424,501397,194,1062
513,501142,500193,114,213
13292,501261,501246,143,545
14292,501808,500675,62,315
7436,501372,500544,137,295
23985,500208,500734,175,312
6575,500551,501684,129,522
28606,500611,500518,165,536
3359,501148,501219,128,537
16441,501729,501231,147,248
27795,501073,501381,109,499
17608,500697,501266,214,922
12166,501850,501678,119,233
3689,501384,501115,214,786
12479,501625,500086,146,329
18029,902198,501820,165,711
24194,501497,501374,170,601
3026,501562,501515,133,450
5202,501043,500790,198,530
18935,902011,500274,70,639
29956,500677,500063,44,205
4742,500646,500109,131,558
27096,500498,500034,147,697
17483,501698,500439,8,324
2029,501363,501646,91,222
15685,501325,500517,241,1341
25,501153,500616,113,534
22052,501816,500891,116,412
22492,501551,500844,132,433
19837,501707,501099,138,480
5866,500424,500322,84,663
6574,500065,500004,82,437
6853,500126,501767,195,381
21672,501889,501355,221,411
2804,501916,500737,110,393
23089,501551,500359,188,337
6922,500615,501998,48,124
12500,500061,501117,147,141
28988,501922,501267,123,420
28877,501982,500925,138,252
7859,500126,501252,29,77
5841,500368,500816,160,325
9031,500854,501819,182,856
28083,500322,500747,105,799
24332,500384,501631,35,158
4751,501666,500521,147,375
29579,501630,500102,42,214
28372,501141,500211,195,187
24557,500692,501368,41,133
24690,501372,501053,166,419
6356,500860,501067,12,540
20933,500767,501235,10,164
5851,500839,500228,168,485
2174,501643,501438,66,117
3093,501741,500522,176,257
3841,500060,500853,51,498
21216,501869,501379,125,596
11691,501415,500033,23,39
4830,501694,500332,146,291
26285,501079,501975,181,354
9397,500495,500704,173,351
28843,501531,500462,139,305
28823,501694,500651,161,423
24048,500033,501581,144,175
24200,500846,500173,36,92
9846,500538,501996,206,694
1541,501228,501686,124,1206
14479,500932,501748,196,325
11126,501057,500498,192,334
14070,501341,500268,156,289
9519,500935,500824,134,1448
11968,500517,500025,115,353
24545,500983,500429,53,146
14599,500709,500572,21,303
17892,501381,501854,30,267
8293,501536,500661,81,424
19927,501931,501270,89,1167
23262,500758,501783,3,338
7367,500420,500281,176,425
27855,501830,500214,128,310
25484,500530,501269,159,313
6076,500566,500256,123,922
17962,501274,501968,151,543
15932,500090,502000,85,358
1641,501135,501943,18,117
29514,500654,500156,131,544
21255,500643,500456,31,278
7539,500162,501119,110,249
24036,500143,501212,154,478
24154,500932,500387,84,301
11334,501145,500090,118,381
6277,500413,501068,86,183
24682,501012,501098,118,583
4762,500063,501986,161,491
22991,500930,500481,133,706
3622,501132,501904,123,228
26749,500287,501511,135,440
1017,501744,501810,39,53
27871,500123,500966,161,332
28760,500650,500050,110,265
24851,501019,501153,195,207
13738,500833,500442,120,926
12446,501662,500366,161,844
1522,501020,501868,122,379
24994,501652,501892,156,254
6330,501881,501490,127,278
5110,501281,500472,17,172
28417,501587,501125,113,687
5331,500151,500868,105,423
11219,500433,501429,114,235
15418,500189,501094,175,473
3187,500296,500201,165,426
11597,501639,500249,119,252
3336,501113,501031,99,350
1964,501953,501300,136,352
6055,501731,501951,107,456
25182,501968,500392,124,301
8587,500131,501228,131,341
26715,501014,501428,165,519
28983,500013,500696,151,421
28108,501975,501290,123,190
16467,500155,500578,89,526
24181,500366,501336,159,508
13371,501526,500601,135,308
75,501194,500087,113,651
24574,501588,500570,131,397
18664,501587,500776,86,455
19674,501740,500645,108,678
29971,500382,501924,127,584
12382,501706,500654,121,408
22669,500211,501122,38,291
9666,501194,501336,113,551
18519,501157,501690,41,76
17057,501862,501964,128,505
7683,501170,500460,188,443
6782,501032,500574,128,256
7090,500001,500033,116,346
9207,500095,500981,110,637
3069,501872,501948,77,244
28037,501288,500804,107,699
1684,500371,501222,215,537
4150,501431,501220,95,401
1681,501677,501605,156,398
23022,500633,501750,171,589
23443,501217,500402,113,798
19357,501438,501438,180,240
607,501225,501269,30,202
11522,501966,500691,135,916
16172,501461,501485,146,336
3705,501212,500057,156,264
11970,500119,500222,161,195
22406,500004,500132,134,287
8261,500177,500211,129,368
17600,500893,500160,25,38
284,500844,500679,145,396
1725,500925,501638,132,858
12463,501280,501430,151,505
13467,500011,501387,30,106
11905,501668,500380,102,707
9084,501394,500019,129,649
8998,500578,500094,170,622
12043,501222,501808,162,484
5115,501400,500935,111,492
17292,501441,500876,149,414
3110,500663,501655,19,189
21890,501820,500765,159,787
6064,500265,501625,95,829
16569,500919,500584,120,298
17714,500162,501497,185,1035
11202,501108,501515,200,388
7473,500049,500391,110,700
2496,501904,501331,195,557
8534,500185,500244,134,469
19752,500671,500811,115,584
21982,903666,500513,110,209
23859,500867,501271,132,217
7083,501060,501107,170,688
12882,501031,501316,33,137
9883,500215,500885,37,135
1328,500005,501847,107,619
23840,501268,500361,37,50
19895,501160,501189,127,343
3716,501076,501619,121,234
6776,501980,500028,153,255
15827,904365,500584,124,423
12159,501830,500581,205,300
14468,501358,501106,142,1018
14341,500991,501399,111,650
5563,500501,501323,125,259
11621,500470,500440,146,371
24490,501700,500307,34,130
16612,501833,501674,173,494
15608,501326,500545,93,595
25620,500318,501997,123,441
20950,500132,500639,86,591
9618,500661,501448,129,346
3136,500675,500783,108,477
23978,501594,501046,0,133
15845,500654,501503,140,376
24755,501152,500595,34,225
11902,501423,501201,152,471
14879,501014,500289,112,494
14908,500776,501704,29,105
11217,501732,501845,64,114
21958,500908,501776,146,266
27570,501113,500297,142,336
4737,501541,500010,70,673
21568,500442,500526,150,417
24183,500764,500126,164,780
7770,500633,500897,145,527
6266,501606,501568,126,214
8047,500731,500659,159,218
27389,500770,501179,111,186
23252,501663,500825,201,331
23910,500255,500538,12,96
19591,501870,500219,90,339
753,501428,500897,199,180
17585,500308,500725,164,488
25846,500392,501857,118,599
7250,501934,501036,10,192
10343,500646,501214,138,635
22489,501654,501513,161,584
86,500293,500086,121,172
291,501267,501189,141,355
7534,501668,501226,153,259
15310,500825,501588,135,268
26438,501693,501275,58,186
12814,501310,500339,151,915
12844,501328,501227,51,270
3200,500545,500184,158,432
1930,500747,500327,49,45
25116,500721,500709,155,382
8711,500905,501924,133,459
16262,501551,501758,165,239
13507,501723,501693,116,333
10360,501976,500590,25,262
23723,500070,501926,163,635
23715,500154,501430,177,583
27,500074,500401,120,896
2445,501731,501660,67,338
12367,903154,500968,192,420
10410,500319,500857,69,467
23637,501992,500399,131,657
27504,500862,500572,103,577
18037,501796,501753,128,281
14009,500726,501325,86,381
13693,501922,501735,125,102
3107,501632,501693,27,76
15758,500991,500891,128,380
4430,500904,500138,148,457
20237,501238,501993,158,186
16596,501330,500328,138,815
24876,501153,500814,179,319
8925,501387,500969,126,147
28519,501087,501527,116,286
8690,500651,500070,100,209
5844,500459,501678,145,338
27255,500911,500060,190,438
6071,500238,500061,156,422
9555,500191,501587,187,411
16351,501683,500950,91,319
27279,501067,501433,41,148
7679,501731,500233,125,267
29896,501525,500075,153,421
14448,501195,501453,170,365
1592,501931,501640,141,602
18160,500311,500020,80,487
10921,500566,500584,156,526
9229,501070,501899,64,405
25325,500436,501887,188,722
9096,501071,501073,143,383
11788,500257,501263,115,259
439,501755,501224,94,429
25166,501396,500522,44,115
15393,500939,500076,91,433
23626,501277,501976,139,528
6195,501787,500238,149,580
23635,500854,501858,135,593
19338,501620,500156,195,337
5881,501609,501952,172,767
20605,501166,500321,115,1856
10304,500872,501998,39,157
8641,500019,500546,122,754
29838,501944,500178,146,334
22813,500584,500997,176,321
10840,501374,500733,181,402
13711,500970,500522,114,446
9319,501431,500655,99,472
28611,500672,501740,147,668
12734,500064,501853,150,361
5712,500530,500897,149,489
13048,500031,501948,153,889
6322,501184,500738,146,267
11942,500131,501414,162,267
18361,500935,500640,92,898
16861,500752,501829,118,223
7317,903552,501618,176,686
5061,501633,501941,119,305
3562,500176,500071,143,211
20108,501865,500718,161,499
22712,501170,500441,35,110
4153,500099,501056,0,76
25730,501394,500878,93,412
13402,500339,500108,34,198
21944,501716,501528,109,179
2208,501756,501457,134,114
15192,501653,501523,86,310
11548,501436,501034,196,315
4035,500248,500342,107,331
24522,501796,501817,112,705
25358,501818,501839,172,400
9734,500225,501147,150,400
29917,501640,500134,136,845
9627,501322,501737,141,416
14126,501943,501899,152,426
8120,500172,500982,127,295
3158,500060,500529,98,416
20825,500489,501745,64,468
13758,500683,501934,132,1297
6553,500902,500949,119,255
22588,500334,500731,150,177
8801,501247,501865,145,382
7446,501631,500487,174,256
10151,500556,500471,38,85
23821,501795,501271,90,770
27628,500805,501176,158,499
26617,500897,500846,147,171
14907,501084,501133,140,372
25834,500821,501210,106,781
14541,500251,500785,142,196
16847,501012,500431,105,354
10855,501662,501892,126,322
7964,500994,500912,213,508
12876,501772,500721,141,431
1563,500598,501523,29,134
24773,501478,501585,113,379
16640,501280,501577,168,830
134,501046,501048,108,1044
18277,500524,501806,108,524
8242,501574,500370,94,504
24747,501828,500427,118,681
18140,500739,500076,88,151
24873,500730,500387,124,394
13149,501840,501901,10,348
2718,500570,500600,36,126
9038,501602,501482,18,104
23356,501190,501577,149,191
13280,500969,501860,129,601
21599,501289,501861,61,144
14620,500080,501483,115,447
10160,501362,501964,10,69
24273,500410,501736,125,451
25688,500218,500572,177,313
14486,501429,500636,132,814
12871,500882,501640,152,290
24013,501851,501803,45,336
24785,500399,501721,6,292
29663,501616,500999,139,227
11001,500309,500360,114,170
952,500627,500902,142,202
14692,501418,501986,96,401
8556,501105,500917,43,88
24679,500634,501817,36,134
19935,500637,501826,130,341
4404,501874,500298,51,118
11759,500467,501782,61,102
7229,501623,501084,27,45
5850,500962,501918,76,703
14413,501080,501768,182,789
23884,501043,500839,156,686
23679,500848,501107,148,273
13350,501201,501564,175,694
7979,501792,500039,164,760
26768,500048,501956,32,113
24609,501237,501228,73,717
20550,500589,500170,44,196
19356,501743,501439,188,273
20430,500669,501470,174,396
5619,500746,501440,190,185
19463,501744,501464,162,818
15042,500101,500057,128,211
1567,501264,500800,79,469
18382,500845,500302,159,330
11677,501180,500554,212,335
10630,501102,501525,190,770
4558,501105,500159,118,412
28914,501652,500980,205,214
11533,501820,500028,131,617
558,501775,501057,67,133
4491,501741,501038,107,409
24989,501135,500188,39,121
5857,500912,500505,142,322
7393,501036,501509,111,544
27023,500131,501228,177,266
2123,500702,500328,147,265
1974,501328,500678,114,240
27433,500572,500506,192,373
3805,501859,500914,170,276
18558,501686,501193,38,97
18634,501333,500467,74,898
23707,500022,500739,147,805
27668,501564,501973,123,207
16613,500193,501795,133,422
15484,501525,501904,117,193
23174,501291,500873,158,518
28086,501780,500586,20,271
21743,501458,500969,166,485
4760,501291,501193,119,301
22451,500266,501839,17,250
16180,501426,500658,110,970
6407,501041,501689,162,759
11608,500410,500180,163,1043
11223,500189,500199,72,475
13877,501880,500900,130,292
5387,500556,501820,158,462
9794,501761,501048,82,423
496,501199,500210,104,212
10877,500720,500707,55,173
17104,500938,500138,118,361
1656,500120,501971,117,309
3608,501062,500181,69,73
5720,501338,501724,76,452
17878,501105,500714,173,414
27992,501202,501547,116,541
6088,501637,500632,72,204
15761,501587,501758,137,445
23898,501038,500825,111,509
20196,500953,500914,132,1032
3785,500179,500192,135,417
20003,501155,500909,47,65
22602,500599,501031,176,304
4594,500077,500013,167,327
10362,501682,500115,108,355
1110,500109,500667,27,95
24495,500902,501227,127,639
15178,501032,501375,30,100
4056,500050,500166,154,543
7626,501052,501051,109,543
488,500532,501499,95,546
17972,501152,501379,196,954
25005,500481,501059,226,237
25106,500966,501112,165,280
13625,501482,500031,125,596
13714,500500,501991,29,341
10023,500788,500559,158,691
14734,501660,500638,48,57
11411,500709,501219,193,272
28362,501495,501153,0,166
16664,501235,500054,60,399
9259,500833,501426,156,810
21973,500747,501087,144,750
6587,501847,500761,47,36
14419,500269,500144,150,303
26612,501219,500093,43,71
29578,500457,500446,43,169
14830,500050,501834,116,918
24158,501691,500647,185,438
14593,500121,501066,185,715
9242,500345,501429,194,286
3266,501992,501500,45,281
5697,500624,501241,32,83
14723,501834,501078,136,361
20656,500920,501924,171,891
26507,501894,500382,24,180
21604,501449,500807,42,46
25597,500200,501383,162,144
25419,501514,500476,54,199
3590,500381,501389,32,114
24421,501407,501678,139,199
27241,500805,501436,139,495
23825,500577,500778,10,144
11171,500203,500898,119,1019
29547,500730,501274,138,480
21349,501110,501220,145,357
16826,500643,500410,49,116
27501,500293,501029,160,245
17590,501001,500706,34,242
1446,500832,501526,131,522
24137,501361,500090,53,549
19820,500870,500607,127,461
21846,500944,500737,221,484
25448,501054,500041,89,815
28491,501399,500718,160,654
24591,500835,501374,171,636
6026,501400,500380,168,446
9673,500496,501713,120,381
6432,501917,501997,140,374
12261,500781,501303,171,512
24090,500298,500818,210,378
15610,500261,500120,155,252
4424,501724,500366,195,318
6188,500199,500599,114,307
19043,501706,501436,120,336
1729,501780,500164,160,794
4451,904638,501073,44,70
1804,500068,500895,179,307
14664,501581,501612,157,247
22166,501730,500991,110,720
23685,500402,500218,126,936
15536,501028,500922,148,737
8683,500923,501717,155,340
11723,501290,501463,153,571
14633,500753,501073,80,370
20761,501109,500781,182,418
173,500126,501158,165,487
24271,500519,501859,118,700
22419,500510,501570,125,398
22824,500275,501243,40,73
18703,501153,501633,115,264
18058,500042,500159,95,649
14571,501985,500478,109,370
26113,500470,500535,47,96
14736,500110,501915,33,80
21288,500981,501981,139,228
603,501466,500753,84,459
25076,500211,500208,200,234
15929,500495,501084,121,328
2850,501636,500431,104,797
25246,500988,500326,131,637
5572,501341,501919,71,405
7937,500208,501403,18,192
8382,500082,501159,150,402
14842,501619,501141,174,702
14460,500244,501965,139,621
20207,501403,501612,110,514
20885,501073,501852,105,527
24617,501247,500408,10,93
6854,500525,500265,16,312
27260,500786,500185,161,551
24659,501552,501652,137,990
16474,501718,500278,97,329
17997,501331,500297,37,249
7084,500237,500505,142,487
6300,500484,501353,96,286
1271,501328,500036,35,361
23777,902104,501506,54,433
3433,500561,501780,115,361
17298,500487,501249,147,86
8772,500923,500615,173,257
19359,501730,501467,15,215
18891,500172,500645,105,258
20661,501059,501331,80,402
7356,500444,500258,113,621
19750,500298,501235,123,329
18901,500413,500206,182,355
15730,500438,500383,168,252
23436,501981,501056,144,584
5026,500876,501426,206,315
6052,501605,501225,123,306
11433,501667,500986,117,861
29927,501537,501905,176,641
7101,501208,501023,132,304
10744,500711,501758,164,398
20386,501899,500935,165,288
29002,500612,501001,28,166
4172,501866,500854,125,593
29519,500990,500057,207,474
27204,501780,500884,105,520
960,500970,501505,206,377
15643,501966,500635,46,159
27350,500601,500006,131,430
12677,501210,501566,29,181
2248,501831,500296,143,441
26284,500476,501519,111,714
13065,501892,500046,125,300
22713,500381,500295,142,347
1986,500502,500663,119,355
13293,500728,501793,3,105
2358,500410,501607,47,1198
17256,501122,501804,117,401
17143,501946,500390,58,180
5017,501069,501920,104,585
11380,500003,501217,136,439
14025,500414,500503,163,182
11611,500048,500527,41,192
14467,501870,500737,42,44
3295,501421,500710,148,482
16011,501212,500071,106,782
21929,500318,500971,237,377
1733,500248,500831,148,572
1405,500120,501304,100,417
13732,500056,500059,142,239
28847,501645,500360,109,419
21599,501289,501861,61,144
15280,500972,501752,132,360
3282,501522,500633,105,693
23796,500392,500059,132,828
25195,500357,500424,45,138
8432,500669,501777,163,424
23644,501430,500776,116,210
9269,500572,500003,201,336
5579,500670,501046,121,571
9384,500861,500391,140,585
29411,500812,500193,165,140
20455,500503,500760,203,509
22641,500293,500056,166,331
12217,500389,501440,65,48
13812,500714,501551,85,756
11503,500979,500787,152,749
7512,500731,501482,7,65
11139,501904,501133,125,938
27166,500373,501645,200,363
11492,500248,500821,46,157
25322,501406,500861,175,471
15261,501081,501269,93,255
11431,501701,500586,123,589
25248,501760,500886,182,604
4248,500046,501119,156,1093
11692,500382,501227,50,430
11047,500969,501759,124,220
6174,500546,500173,136,292
20969,500191,500133,50,217
19911,501012,501266,164,343
3100,500728,501998,98,251
19115,501015,500542,76,205
5432,500567,500543,146,781
406,501405,500379,54,89
15895,500090,500423,110,297
19183,500466,501638,124,453
15199,501544,500996,18,100
2439,500572,501144,40,139
21702,501916,501492,205,319
6384,501574,501166,128,250
14602,500993,501653,162,150
5354,500991,501760,164,268
1241,500701,501170,24,129
24329,501837,501633,119,574
19054,500181,501092,118,355
19274,500198,501468,227,155
14027,500515,500154,117,207
28391,501517,500320,115,482
28131,501304,501806,80,649
27840,500262,501461,180,408
20187,501171,501721,132,552
2109,501686,501236,148,254
11712,501328,501336,108,399
15603,500148,501029,129,334
27608,501506,501456,186,364
23049,501847,500214,169,549
21763,501862,501293,163,382
2871,501685,501079,31,52
2342,500184,500908,141,330
22500,500160,500413,137,630
13233,500540,501554,54,173
7645,501146,501107,135,205
17596,501963,500068,61,146
22905,501631,501713,129,284
38,501441,500581,163,135
22002,501643,501277,166,311
6054,501768,500731,102,251
22330,501152,500198,105,481
1763,501980,501909,219,370
27906,500546,501751,132,504
26593,501919,500546,145,429
23651,500253,501922,145,279
9379,501350,501525,125,408
4256,500710,500172,123,283
14829,501795,501247,146,1096
22581,500892,501162,62,189
674,500056,501136,113,195
25191,501246,500261,182,739
9939,501098,501016,255,496
28750,501970,501899,156,819
13336,501120,501193,166,500
26651,500609,500304,6,80
14943,501837,501168,113,326
10747,500954,501290,203,344
410,501509,501633,147,369
7360,500705,501883,174,463
29999,501750,500039,163,250
25417,500419,501454,48,44
15162,500004,500914,158,1294
14539,501106,501674,230,939
29102,500086,501458,108,286
2177,501764,501360,124,784
28561,500020,501580,132,290
22335,501789,500262,0,152
20071,500021,501069,185,433
9616,500902,500081,171,206
25699,501311,501227,119,1871
3131,501844,501878,147,115
28187,500046,500915,207,652
24807,501072,501453,178,591
8668,501524,501907,73,548
27825,500404,500956,39,352
9473,501213,500264,119,290
12592,501066,501666,112,878
20030,501370,501299,145,172
23874,500440,500549,33,67
14170,500722,501751,159,201
27564,500225,500578,187,776
17738,501464,501953,215,651
18966,500474,501817,24,99
24230,500670,500621,181,677
24163,500899,501125,85,613
5960,500045,501046,148,504
21721,500908,501817,155,242
12546,501586,500354,44,218
26921,500261,500037,109,523
26952,501628,500954,168,675
14528,501479,501872,188,534
16860,501677,500743,126,633
23916,500511,500787,36,65
890,501174,501310,164,238
26392,501043,501062,129,514
12107,501158,500346,191,372
20080,500080,500215,99,414
18070,501765,500269,131,188
17757,501527,500931,132,284
26523,500009,500797,86,243
26257,500416,501715,151,423
29784,501203,500957,52,92
8491,501121,500808,171,312
23154,500397,500504,17,62
26887,500026,500119,118,337
5400,501917,501719,119,1083
16909,501141,501751,185,347
2063,501211,500781,209,715
8937,500606,500653,156,236
4768,500391,500087,164,1209
13697,501471,501670,126,237
14238,501524,500326,141,240
10060,501528,501999,174,344
27213,501050,500293,87,272
16970,500636,500365,118,432
9587,500584,501909,121,671
20959,501537,500936,130,421
25088,501676,501643,147,475
14294,501447,501447,37,69
19466,501551,501601,189,339
9416,501533,500002,131,280
5747,500168,501561,25,180
20900,500250,500678,92,312
28244,500075,500192,123,581
3473,501847,500134,39,106
22784,501160,500902,212,156
28834,501287,500520,92,685
24383,500367,500010,164,225
22829,500522,501828,180,362
27121,500466,501341,77,835
12439,501197,501191,28,122
2424,500139,500004,152,659
29077,501457,500965,102,335
16118,500738,501529,126,211
22435,501395,501383,152,326
12950,501263,501534,159,928
21122,500812,501341,120,175
8475,500672,500718,55,183
22048,501135,501052,154,201
28027,500280,501299,149,437
1238,501925,501620,107,157
15397,500750,501355,183,241
19447,501492,500042,185,549
3460,500215,501148,133,500
15598,501676,500353,40,208
17249,500746,500587,171,276
14097,500094,500250,141,286
12816,500382,500382,6,75
7364,501764,500399,161,391
2687,501944,501406,132,420
8307,501073,500109,186,423
193,501332,501046,155,270
61,500520,501997,108,527
12510,903771,500215,246,488
26197,501212,501285,101,251
163,501768,500725,13,144
6624,500410,500988,119,1311
3664,501872,501847,186,331
25706,501092,501143,108,495
4190,500909,500363,147,534
26984,501941,501053,154,461
4464,500959,501486,154,504
25227,902740,501398,165,310
1171,501990,501428,155,236
8385,500238,501804,129,564
3070,501756,501353,114,728
23223,501059,501267,154,261
5239,500429,500763,58,77
9822,500910,501788,206,414
16194,500305,500252,125,904
1026,500237,500356,113,469
23748,501658,500357,52,220
4476,500931,500121,151,603
23835,501007,500767,179,314
502,500442,501178,127,788
17803,500993,501865,127,287
14916,501139,500580,151,140
25010,501678,501109,43,224
26471,500840,501285,18,43
5439,500919,500254,35,149
23245,500120,501691,135,335
20191,501259,500218,101,419
21532,501591,501741,121,320
1176,500039,501640,126,418
241,501486,501307,112,570
26037,500367,501991,138,233
22870,500416,501645,96,679
4715,501532,501667,186,195
1044,500813,500476,155,251
24620,501883,500413,130,227
15471,500991,500455,114,325
3753,501737,501956,122,206
251,500990,501926,167,137
3060,501094,501754,164,390
2074,500689,501309,152,773
23797,501757,501494,143,307
10168,500805,500999,14,165
18030,501268,501105,111,203
29154,500166,500094,150,238
25808,501531,501788,122,381
20507,500711,500886,115,272
29215,500451,500374,90,495
6783,500997,501458,72,944
11018,501616,500891,111,345
1347,500566,500771,58,222
3355,501314,501473,103,548
4636,502000,501571,191,165
4294,500567,500101,94,443
17093,500066,500900,84,373
21852,501842,501129,16,171
12305,500532,501887,152,541
10739,500392,500214,157,404
27683,500067,501606,126,321
3556,501310,501828,45,238
29744,500672,501737,131,352
1961,500342,501042,24,97
18739,501901,500059,142,460
2411,501487,501948,17,165
921,500979,501681,79,336
10243,501334,500055,10,73
19421,501608,501488,160,590
6148,501570,501747,136,277
25044,500367,500291,183,194
2508,501512,501056,205,243
25036,500673,500117,98,264
20055,501428,501203,155,349
14612,501069,501741,110,289
19206,501734,500495,141,269
18229,500593,501075,171,243
26500,501425,500319,65,191
22474,501022,500394,18,75
23849,501099,500204,148,300
13309,500384,500339,125,546
3311,500366,501660,121,254
28091,500138,501479,169,593
17551,500567,501640,115,627
27605,501153,500531,177,438
26884,501928,501266,126,327
763,501303,500197,21,120
13729,500696,500206,140,336
24263,501081,501492,203,412
4885,501725,500257,113,418
2361,500160,500109,208,280
894,501103,501659,56,184
9896,500116,500039,117,191
23540,501193,501886,129,291
4659,501713,501985,27,61
12110,500382,501311,184,354
791,500687,500076,17,128
403,500514,500900,159,592
18223,500993,501470,136,284
18968,501217,500546,169,386
24622,500510,501228,124,971
21331,500328,500861,172,1095
154,501617,500047,29,120
20578,500133,500613,155,690
5980,500668,501509,134,232
18276,501916,500373,174,661
23730,500950,500833,182,355
25700,500893,500374,107,348
27664,501285,500214,114,1379
17861,501818,500363,166,990
4875,500778,500415,28,328
17817,500729,500207,96,728
8466,500841,501607,94,436
17526,501691,500079,143,522
16795,501886,501512,145,662
7533,501448,501810,155,125
2507,501015,500324,112,293
24752,501488,501103,163,466
5358,501210,500547,181,627
17949,500537,501622,18,151
20232,500094,500734,137,365
8413,500638,500910,194,233
16408,501053,500479,98,661
23083,500367,501345,179,439
1223,501998,500001,154,118
28136,501804,501298,116,528
16943,500095,501017,156,269
8411,500265,501367,193,536
12959,501142,501056,142,656
17092,501398,501332,109,322
12829,501523,501478,168,449
3834,501819,501125,122,180
293,501227,500461,208,452
13158,500633,501528,202,671
9372,501618,501039,121,491
3367,501760,501439,169,484
27995,500520,501028,145,522
1556,500675,500848,96,312
1886,501627,500808,84,327
19236,501203,500729,119,1062
26351,500876,500885,126,523
28427,500281,501418,115,1228
10601,501119,500356,132,377
14047,501244,501524,184,352
21119,501082,501971,149,365
29594,501745,500504,39,48
2,500979,501816,137,371
21477,500217,500037,108,228
6018,500266,501620,144,546
10159,500197,501346,70,303
25557,501666,500832,51,124
6893,501852,501106,141,715
27325,500833,501389,42,78
20715,501895,500495,138,522
7894,501330,501920,157,353
20432,902102,501970,138,237
24452,500812,501843,74,336
633,500870,501370,147,243
16253,500392,500155,16,143
29978,501119,501869,227,589
14061,500782,501494,89,556
20957,500783,501015,96,272
16315,500530,501768,128,588
9933,501858,500339,102,343
26221,500343,501384,156,286
22629,500237,500217,172,264
26770,500816,501227,133,357
1058,501038,500915,105,598
22988,501544,501806,29,98
14359,501110,501271,114,836
26686,501975,501033,90,746
16484,501213,501964,163,519
4778,501521,501404,203,582
798,501660,501387,76,621
8437,500854,501295,151,244
13132,500965,501185,97,335
24019,500650,500574,79,247
3527,500554,501010,130,284
12057,500400,501564,138,458
21900,501306,501847,216,611
135,501187,500829,39,211
20996,500685,500968,32,174
22883,501055,500261,202,251
21772,500637,501406,203,142
7418,501163,501404,38,221
20587,500796,500951,16,90
16393,501429,501818,168,140
1150,501607,501461,133,358
298,500593,501951,150,616
26170,500099,500345,179,668
25943,501814,500368,146,378
20674,501545,501763,167,626
23382,501973,501094,111,600
12774,501367,500679,141,491
14960,501647,501560,35,64
4799,501804,501066,159,358
1599,500867,500131,213,509
16366,501324,501198,131,488
1330,501992,500063,118,417
19967,501331,501409,79,112
26643,500463,501886,168,358
27290,500870,500212,127,301
22939,500884,500995,147,454
24848,500835,501760,153,398
22517,501573,500132,152,612
15664,500570,500544,33,156
10054,501578,500870,117,537
29131,501591,501535,147,423
29630,501995,500241,160,178
21271,500014,501255,3,82
7311,500345,500714,134,577
272,500155,501364,156,386
1065,501184,501852,182,435
2040,500832,501703,135,419
23998,501571,500431,114,158
11193,501393,500542,2,53
7896,500314,500338,126,384
19384,501053,500272,138,373
25523,500383,501397,176,513
13992,501963,500518,134,235
29183,501518,501271,153,1220
25113,501135,501217,155,287
12092,501296,501901,31,191
26752,501712,500811,140,452
20241,501066,500011,58,138
6827,500737,501213,113,718
8464,500697,501967,127,649
19346,500520,500676,144,569
5660,501424,501753,64,684
7737,500586,501635,126,262
15426,501875,500129,48,99
221,501049,501993,55,170
20048,500524,501515,53,493
2356,500675,501110,191,329
23251,501533,501437,76,173
14470,501440,501343,56,278
9356,501055,500140,98,340
21997,500911,501830,48,126
7407,500972,501328,116,1069
21703,500433,500839,191,512
23642,500825,500658,96,342
2760,500071,500414,187,248
16161,500701,501271,95,342
6949,501023,501796,134,546
20269,501336,501114,165,319
12625,500264,501802,102,391
1979,501636,501308,130,558
10209,500910,501269,41,147
26356,501102,501349,148,304
5366,501460,500726,110,567
18163,501892,501485,145,645
6421,501219,500995,122,431
1449,501080,501036,131,367
15456,500522,501041,164,385
8378,501158,500115,140,505
6840,501240,500881,50,139
25423,501981,501056,161,353
28162,501644,501933,41,103
10574,500041,501143,47,182
6073,501752,501217,123,411
22495,501364,500200,190,254
29228,501055,500721,62,163
18219,500049,501834,140,428
25373,500414,501362,160,338
15580,500784,500681,52,247
7758,500134,500705,170,237
14510,500414,500244,242,595
16610,501147,500156,148,341
28552,501149,500911,92,639
15806,501106,500997,136,434
26020,501534,500225,86,211
21106,501415,500493,35,272
21922,501248,500018,12,281
25658,501576,501798,172,185
24616,500431,500587,177,641
6932,501969,501864,122,351
2111,500721,500291,118,845
25250,501883,500923,167,421
10827,501907,500278,167,696
28923,501866,500576,176,507
242,500732,501006,144,153
25114,501788,501745,164,584
21128,500584,500453,32,104
16638,500971,501068,148,884
28541,501976,501633,85,269
28906,501756,500342,128,261
17991,500135,500971,0,134
24079,500419,501430,122,300
11862,501195,500449,122,471
9324,500518,500419,161,270
19042,501160,500166,125,1134
24880,501195,501704,122,767
18236,501068,501609,111,486
15407,501436,501105,140,486
26664,501644,500521,171,691
7218,501961,501257,79,57
26317,500908,500475,168,116
18553,500493,500959,154,462
18242,500215,500730,143,898
24159,500333,500788,145,326
18761,900619,500470,29,136
25794,501346,500978,150,570
18594,501177,501761,121,308
11684,500011,500052,44,78
19543,501635,500360,130,564
29397,500262,500392,154,1065
20636,501663,501745,203,272
18811,501014,500806,155,435
11634,501918,501645,146,464
2357,500344,500606,150,1192
6562,500104,501059,58,332
3971,501975,501239,155,559
19972,500957,500535,147,380
27354,500817,500882,166,295
19341,500104,500278,110,614
10531,501429,501895,169,519
18708,500107,501414,21,95
8145,500134,501730,100,618
7406,500041,501745,152,320
23458,500311,501382,112,368
17519,500060,501998,125,345
5865,501665,500739,0,280
2223,500824,501716,155,303
28017,501736,501825,188,190
29615,501413,500339,149,179
20381,501715,501653,198,472
21666,500580,501966,190,633
322,500756,501938,186,1054
27953,500298,500261,170,819
2515,500580,501302,50,64
16516,500945,501014,17,202
18893,500876,501622,107,303
12361,500613,500857,220,147
25514,501031,500311,73,337
6863,501577,501609,187,510
11931,501413,500954,199,380
7708,500379,501841,49,114
28681,501202,501096,143,570
19290,501410,501307,156,826
8912,501861,501860,88,387
15874,501584,500548,91,800
17264,501656,500954,119,253
21173,501851,501477,45,70
29360,500926,500201,138,281
27924,500059,501966,119,276
4557,500521,500844,132,803
12636,501199,500867,94,456
3360,500261,501860,131,600
456,501136,500004,140,227
28821,501170,501550,144,497
19960,500584,501522,44,148
25094,501798,501633,182,558
18875,501667,500464,155,381
4353,501368,501518,84,661
14987,501616,500139,36,179
17275,500312,501485,136,331
762,500109,501788,174,295
29168,501206,501070,67,247
6458,500752,500865,48,108
16560,500257,501244,135,173
14685,501491,500481,104,461
22477,501424,501530,31,120
19369,501531,500957,117,405
710,501434,500340,48,196
24080,501757,500513,45,121
11547,501474,501054,41,171
16167,500131,501161,110,590
19362,501157,501006,150,545
4304,500760,501055,85,351
17020,500236,501470,111,1035
29434,500935,500416,58,75
27200,501848,500543,111,142
25776,501761,500882,136,391
4267,501464,501717,187,300
7439,501355,501859,182,287
18124,500414,500722,196,178
28954,500021,500099,157,499
4385,500158,501404,39,144
6500,501918,500841,169,432
17973,501075,501075,76,1483
6851,500608,501409,155,351
9013,501756,501168,181,394
21357,501884,500617,58,53
18107,500577,501390,111,348
7885,501039,500811,113,537
15700,500303,501871,48,227
615,500208,500214,211,594
18151,501677,501432,193,305
27428,501456,501406,160,184
10801,500020,501998,94,528
14108,500485,500556,171,393
18428,500518,500253,0,90
94,500460,500769,120,301
20400,500232,501883,190,423
13299,500131,501743,129,832
13976,500690,500775,51,204
21548,500904,501995,178,484
1337,500891,501653,122,343
15513,501306,501542,120,228
29639,501723,501204,184,634
1469,501177,500896,93,543
26070,501235,501967,108,764
23283,501563,501340,120,308
22038,501785,501666,216,403
864,500396,501469,57,122
27266,500181,501929,197,284
13679,500487,501595,186,233
3080,501700,501092,180,605
7965,500204,501302,133,840
16955,500667,501058,140,211
6541,500813,501817,30,161
19550,501527,500718,133,180
25938,500680,501869,180,217
27926,500662,500132,148,944
23968,500086,500481,172,204
2142,500896,501911,93,398
4368,500767,500284,173,286
13066,501918,501575,33,120
22624,501016,501466,167,102
2952,500808,501332,173,497
15144,500091,500153,134,686
23680,500728,500018,140,1033
16417,501938,501160,65,458
25911,500896,501663,25,64
2378,500533,501170,149,147
14595,501453,501264,7,298
7366,500714,501216,45,180
12809,501616,501685,229,643
9174,501028,500637,108,548
14899,501735,501197,98,215
15739,501460,501315,155,235
29604,500285,500001,40,120
24942,904890,501246,172,747
5413,500867,500721,95,347
123,500994,500540,147,656
9807,500026,501277,86,336
16803,500391,500042,119,333
13343,501717,501745,103,350
24884,501852,500505,94,353
16519,501443,501324,195,152
2402,500138,501827,26,96
8568,500041,501063,104,197
10826,500324,501752,138,360
10469,501467,500383,183,508
2768,501280,501059,162,198
2276,500606,501344,180,961
14561,500257,501739,171,680
5249,500308,501313,113,1414
19177,500714,500792,142,619
23537,501617,500176,119,247
8577,500900,501858,187,330
22471,501180,500144,188,450
20091,500034,501550,154,488
7986,501775,501135,184,447
474,500768,500627,38,123
25000,500142,500089,32,117
10647,501078,501704,151,178
28616,501267,500159,175,197
29900,500321,501782,126,349
8702,501430,501833,206,498
19607,501763,501206,54,135
9310,501085,501239,145,426
1513,500813,501193,161,285
2374,500478,501185,74,560
3168,501173,500888,141,533
25016,500492,501825,176,1432
227,501439,500177,135,432
23758,501596,500795,163,153
8096,501901,501139,178,209
279,501308,500501,165,474
6756,500208,501263,112,196
21130,501739,501656,101,375
18810,500478,501615,181,166
27351,500204,500080,110,260
9717,501056,500187,26,135
19171,501268,500543,197,182
5819,501674,501139,136,216
26206,500838,501986,117,350
20429,500576,501830,104,307
9657,501201,500577,137,625
25865,501142,501490,72,444
7825,501355,501134,133,430
22869,501108,501691,128,548
2935,501530,500322,124,428
4415,500470,501968,167,468
27045,500360,501505,195,303
12315,500398,500242,19,267
3644,501684,501136,118,230
10370,501346,500528,164,823
3152,500870,500384,164,365
14248,500099,500813,166,323
11099,500219,501924,171,493
3956,501513,501175,70,71
23139,501585,500651,170,195
26385,500001,501693,167,568
13020,501625,500344,143,147
17929,500267,500629,154,390
21996,500199,500842,116,179
28742,500366,501482,38,178
21901,500132,501694,254,220
8675,501023,501889,81,337
24561,500820,501496,30,259
27062,500241,500005,135,806
28438,501656,501313,110,530
6144,500305,500342,125,470
22648,501025,500502,113,330
23413,502000,501606,127,1658
15830,501736,501490,102,404
23845,500743,500032,57,271
15350,500008,500934,169,368
27892,500082,500980,178,169
11336,500830,500760,153,534
6714,501246,501532,127,416
8590,501750,500045,118,463
12676,500119,500845,41,199
26327,501644,501505,148,350
14444,500527,500197,177,642
5458,501249,500838,148,282
16273,500132,500034,143,181
9589,501034,500714,184,334
3480,500679,500367,157,590
8478,501521,501613,57,103
11685,501280,500915,58,780
24355,500188,500155,147,790
15410,500115,501922,183,552
20799,501956,501561,165,298
9057,501684,500989,179,423
23639,500232,500922,19,217
10355,500374,500110,168,497
1511,501865,501923,211,583
4671,501489,500510,192,918
18326,500179,501536,150,493
7469,501409,500371,88,480
12864,500613,501884,219,630
25761,501886,501541,187,403
22689,500938,501736,169,610
18092,500028,500128,125,272
9693,500988,501364,122,590
14609,500842,501578,126,212
2917,500203,500461,189,411
19173,501717,500084,146,447
3255,500119,501147,103,460
5502,500841,500937,221,197
25583,500191,501886,144,516
9894,500989,500474,32,234
7016,501045,501756,21,115
3247,500642,501452,131,464
4587,500974,501497,169,393
24927,500970,501267,145,583
9702,500068,501630,50,155
2599,500179,500957,102,628
24825,500239,501752,128,613
3635,501212,500485,78,250
21406,501731,501125,171,342
6084,500638,500111,115,256
19685,500702,501899,153,668
20542,500619,501288,138,260
6531,500905,500583,105,621
8789,501081,501166,107,157
4764,501964,501206,135,497
26204,501737,501207,38,233
7891,500088,501195,193,280
22178,500173,500895,99,509
10289,500800,500049,159,259
3829,501302,500808,33,138
14096,501038,501784,154,488
8462,501767,501233,180,288
21788,500357,500960,32,79
26875,500629,501815,20,116
19981,500632,500610,203,249
26430,501203,501224,121,420
22073,500551,501361,154,534
21876,501620,501276,40,170
7388,501864,500824,58,557
6385,501353,501489,117,322
6150,500045,500339,202,648
26581,501509,500455,163,177
20953,500252,500153,97,693
14431,500978,500061,151,269
13069,501162,500950,154,376
11399,501922,501299,23,194
7416,500868,500519,136,214
13305,500842,501432,97,386
24144,501968,501400,192,772
23753,501622,501873,127,340
10928,501298,501076,177,183
10606,501070,500728,136,439
5797,501072,501149,145,301
14896,501927,500870,26,155
3899,501890,500890,167,294
22778,500517,501554,35,111
25830,500663,501575,126,269
16763,500804,500401,124,467
25185,501227,501956,181,584
3437,500359,501816,179,282
17933,500972,501424,148,266
2769,500553,501376,99,343
17247,904852,501991,214,221
22276,500255,500320,89,691
24511,501526,500775,3,399
29844,501028,501261,165,557
4541,500077,500273,32,76
18998,501325,500561,166,438
19440,501952,500332,151,751
24961,500416,501443,104,649
2227,501813,500319,35,208
15572,501224,500202,94,1334
4675,500972,501022,117,536
16129,500217,501643,87,254
16225,500222,500098,191,437
26147,501236,500710,45,123
25975,500167,500484,169,535
19082,501674,500941,164,235
27569,500367,500334,191,346
22187,500502,501141,75,74
12378,501206,501943,195,396
7217,500550,501759,115,580
7947,501087,501640,110,1110
7648,501873,500681,130,215
29905,501486,501905,106,598
3840,500974,501130,178,347
13310,501797,501823,44,285
18218,501765,502000,70,227
9986,501203,500003,105,323
9841,500433,500433,173,250
7923,501537,501271,200,645
23162,501071,501847,123,582
4678,501924,501981,54,1248
7574,501155,500613,139,198
16936,500533,501911,122,301
25456,500797,500259,121,294
7398,500128,500704,148,150
13841,501911,500607,172,461
8467,500054,500142,117,584
12702,501060,501857,96,369
3252,500434,501315,47,107
16232,501109,501724,155,171
78,501573,501148,169,613
28952,500309,500672,83,1251
9899,500937,501899,70,472
12967,501907,500208,84,443
6217,501022,501619,156,538
4359,500067,500056,197,294
13500,501196,501084,24,108
1776,500517,501703,32,101
20220,500089,500425,39,101
9442,501269,500127,125,314
4846,500141,500411,61,267
7948,501456,501921,36,237
9184,501015,501105,59,170
19948,501759,501363,154,1369
15977,501344,501375,114,312
11413,500019,500422,129,527
10615,500316,501279,33,183
27047,501653,501563,137,308
9918,501740,500464,181,382
2477,501406,501072,141,220
28208,501652,501912,49,142
3261,500742,500728,56,150
13520,500135,500219,176,577
5229,501169,500540,135,201
2191,500835,500835,157,480
29998,501131,500687,134,510
15467,501660,500140,102,945
26027,500026,500576,219,465
28650,501747,501924,71,480
25724,501587,500331,140,396
9780,500453,501011,101,504
22890,500432,501168,99,523
6348,501864,501892,34,68
23895,500176,501374,39,116
13471,501752,501667,158,408
22249,501758,501864,146,251
19426,501460,500814,76,989
9950,501287,501340,30,190
11371,501467,501697,120,366
11766,500145,500952,138,405
8498,501734,501932,161,336
23230,500795,500458,18,198
29727,500132,501716,163,325
19906,500856,500990,199,183
19133,500151,501753,153,196
23093,501975,500505,107,401
11312,500844,501387,103,218
7444,500712,500690,102,243
4511,500819,500808,88,280
8484,500517,500156,1,190
20407,500665,501153,44,110
3603,500517,501690,191,1096
28976,500685,500110,129,486
22924,501704,500466,182,342
28463,501625,500831,121,603
12256,501080,501740,186,426
22858,501240,500082,48,192
16301,500241,500909,178,73
29015,500598,500655,17,83
6056,500833,501394,161,380
4772,500831,501652,124,1045
9957,500207,500757,120,476
26623,500361,501014,83,129
24549,501910,500329,31,90
23399,500900,500281,144,445
1662,501332,501934,155,213
29849,501596,500535,130,715
22227,500907,501777,65,118
18436,501453,501011,169,258
5018,501511,501753,153,539
23008,501817,500023,176,113
22565,501772,500909,180,309
2863,500282,500361,99,306
10592,501430,500120,111,300
7282,501232,501772,145,830
18484,500031,500559,155,273
23883,500478,501865,81,525
6342,500989,500709,159,734
500,501674,500087,151,310
9754,501712,501148,141,593
21668,501818,501291,80,598
312,500154,500002,103,244
2672,501627,501213,186,312
10273,500897,501663,174,500
23207,501927,500866,5,47
12365,500479,500991,148,275
15939,501367,500554,132,395
14844,500059,501605,202,193
1400,500770,501240,167,267
22509,500181,501584,93,894
5726,501717,500898,158,321
24790,501028,501763,26,152
9019,501996,501998,113,538
29076,501350,500601,182,555
19964,501346,501487,110,441
7130,501285,500954,42,90
23597,501844,500685,147,516
24644,501174,500279,103,332
10366,501550,501203,166,257
13827,501002,501407,238,265
9778,500276,501890,28,88
854,500873,500400,83,273
13948,500753,501506,186,505
19358,500615,500653,168,275
9823,500599,500567,168,484
8481,501503,500081,97,437
21407,500503,501946,101,319
1990,500690,500422,145,600
8861,501054,500712,157,266
9228,500930,500133,157,508
6536,500259,500781,144,319
13778,501148,501943,117,988
24038,501966,501107,134,362
24478,501904,500293,131,503
2121,500164,501727,175,276
28548,500172,501400,117,658
21663,501931,500754,164,246
6538,500114,501941,157,634
13525,500856,500888,120,296
27812,500510,501436,41,124
4520,501922,500813,122,710
14636,500387,501785,150,275
12515,500812,500257,144,298
1625,500158,501980,151,343
16452,500959,500265,189,415
29290,501268,501275,145,310
9023,901104,500998,166,499
14765,500001,501781,130,448
274,500706,501562,34,59
23561,500178,501062,161,161
2754,500480,500095,151,593
4871,501605,501643,157,254
26554,500390,501295,155,418
16557,500127,501158,127,344
25264,500380,501082,191,351
20186,501163,500730,176,474
11304,501617,500250,14,83
8360,501432,501739,150,1089
11009,500870,501661,30,41
20525,501970,500320,142,718
2099,501052,500013,191,246
10455,500711,500697,143,241
7815,500363,500636,181,346
13550,501543,500711,60,38
13145,500880,501360,120,641
27732,501016,500354,102,236
10125,500767,500795,14,180
21724,500543,501173,178,594
12722,501139,500300,130,932
23125,500054,501530,203,214
4216,501825,500637,53,95
5879,501349,501059,22,134
2255,500416,500518,147,287
13978,501290,501815,170,309
7380,500876,501094,180,164
14876,501523,500184,169,890
11211,500318,501323,129,323
27094,500447,501890,151,486
15088,500432,500767,101,302
5348,500257,500567,133,402
22685,501157,501883,140,382
15395,501145,501761,141,423
20041,500997,501143,42,673
11744,500214,500516,149,281
5257,501350,501428,145,312
7381,501328,501207,120,481
15082,500300,501141,118,658
16801,500029,501201,122,254
19821,500909,501373,138,228
13684,500923,501215,101,418
17066,500177,500410,123,606
24359,501519,501995,169,201
282,500159,500248,169,855
14760,501070,500190,230,133
5524,500516,500363,167,928
12492,501968,501848,149,307
10428,500669,500696,13,229
1135,501755,500909,147,533
4692,501108,500120,148,307
4393,500138,501226,104,260
17052,501251,501941,60,362
24618,500995,501336,80,170
25893,501980,501588,143,223
27663,501456,500091,168,142
3970,501464,500743,139,332
11199,500893,501575,91,937
7247,500502,501655,99,370
6596,501938,500606,207,627
10994,500359,500848,0,125
13356,501932,500451,145,147
5570,500144,500383,124,225
15831,500563,500901,14,141
26066,501572,501072,150,273
5355,501500,500701,61,106
21485,501551,500895,87,424
1690,501184,500682,130,289
21241,500392,500950,57,196
28270,500465,500164,134,490
11575,500267,501135,145,379
16793,500221,501257,30,162
5063,501159,501431,75,361
20171,501096,500476,122,445
24775,501365,500531,1,71
15327,501349,501483,116,494
1754,500026,500355,33,193
9341,500236,500998,77,82
11390,501982,500053,40,99
437,501488,501925,125,611
18835,501519,500691,194,435
22797,500999,500895,181,609
37,500166,500990,154,350
7027,501682,500880,20,110
23124,501178,500492,162,292
11807,500192,500784,121,672
9526,500331,501857,105,308
27644,501684,500817,168,178
20491,500543,500150,35,77
14082,500449,500764,168,442
6254,501894,500438,99,247
20259,501880,500697,137,605
27554,501635,500046,141,290
15991,500135,501675,153,729
7709,501001,500259,21,79
23341,500959,501736,115,619
7873,501932,501249,101,320
25007,501676,500395,88,578
26504,500111,501135,115,283
26665,500315,501659,76,235
14680,501367,500744,35,215
26088,501157,501515,219,255
16178,500068,501185,108,269
19182,500879,500448,19,69
10110,501523,500580,113,1057
25104,900327,500619,151,230
8278,501654,501360,119,406
29325,501482,501737,175,552
523,500204,500493,145,329
3634,501011,501848,97,395
1046,500343,500188,113,355
25705,501781,500060,194,322
4485,500671,501375,129,1806
26514,501376,501171,32,185
10090,501628,501890,29,82
4383,501043,500046,120,457
799,501656,500339,124,442
4091,501687,501687,111,813
18629,501520,500359,126,235
16335,501730,500571,132,293
16420,501375,500021,86,330
27082,501286,501431,67,225
13103,501656,501591,132,365
2517,500882,500580,165,252
24233,501230,501078,8,299
21758,500731,500019,144,481
26049,501610,501895,2,264
28130,501665,500687,57,101
5453,501166,501505,169,733
29861,500758,501269,133,719
24631,501924,501057,46,68
12898,501141,500639,20,102
15186,500998,500840,73,628
13342,500365,500916,166,611
8642,500381,500833,150,137
6619,501763,500343,207,302
23153,500127,501058,50,232
13661,501113,501469,135,232
7566,500251,501195,123,282
17371,500758,500248,142,511
22088,500818,501581,107,921
2024,500751,500533,125,559
25534,500344,500930,166,765
15920,500359,501314,244,424
11699,500624,500036,149,341
27585,500846,500380,140,439
14071,500190,500127,113,146
10266,501858,501675,43,134
14581,500267,501105,146,389
10669,501233,501730,126,161
9806,500811,501788,155,336
7456,501578,501274,178,690
26646,500969,500191,160,412
7568,500654,501601,158,356
7724,500987,500133,119,163
22208,500587,501072,45,45
5279,500471,501439,176,450
16896,500321,501344,175,571
3620,500446,501573,146,312
22378,501178,501334,154,568
21838,500305,501706,155,527
18388,501235,501776,145,442
18479,500457,501580,116,898
18507,501873,501878,147,177
24261,500756,501805,71,58
25045,501428,501911,210,334
26358,500258,500333,58,90
27381,500095,500248,106,238
27303,501336,501857,191,406
16401,501909,500202,92,644
27073,500746,500905,184,342
882,900910,501856,44,116
7310,500619,500155,111,773
13902,500023,501890,154,607
23387,501688,501240,26,174
29850,501595,501060,132,345
15253,501495,501503,128,497
26663,501756,500654,149,1641
8442,501249,501306,129,410
26967,501407,500459,98,479
703,500863,500875,23,69
8210,500464,501386,111,1423
2111,500721,500291,118,845
11995,501431,500191,135,287
26138,501322,501865,148,371
9931,500460,500640,116,459
5910,501899,501883,234,138
28358,500780,501618,127,383
17794,501336,500244,131,515
20427,501084,500518,239,483
27546,501681,501550,192,433
26608,501527,500186,42,203
29696,501285,500356,150,264
19533,500808,501986,134,249
12477,501620,501020,120,430
7672,501127,500646,171,931
11934,501707,500978,77,67
7262,501804,500565,127,411
6948,501751,501093,32,157
3872,500831,500925,179,377
12588,501678,500997,134,659
18296,501925,501045,177,337
8450,500498,500825,132,245
25812,501306,500731,131,331
4032,501393,500036,97,493
12195,904959,500207,123,515
11850,500706,501024,81,1125
20524,500579,501640,128,173
24402,501320,500512,99,177
12001,500312,500210,5,99
20313,501515,500128,147,436
433,501284,500842,37,82
9232,500777,500920,190,324
8188,500597,500583,175,600
5487,501052,501017,165,485
4092,500911,501619,44,132
14333,500676,500470,144,1105
5906,500467,500021,178,459
19677,501999,500264,155,684
6192,501660,501713,148,335
9606,501616,501678,112,366
12560,500440,501033,158,233
9698,501430,500447,170,357
2620,500721,501350,125,437
11151,500178,501895,183,1020
9810,501080,500710,125,521
26970,501470,501656,40,174
21744,500380,500065,149,318
29664,500842,501657,99,337
11066,501887,501763,162,765
18454,501519,501804,156,218
3511,500166,500464,113,1201
2997,501316,501894,141,353
20865,501816,501184,102,515
21853,501424,501951,125,682
13802,500730,501564,121,268
888,501358,501875,150,454
11812,501113,500957,190,304
27485,500735,500217,150,664
10766,500005,500937,90,335
27947,501701,500974,163,434
18545,501028,500294,123,461
25305,501487,501468,192,515
15100,500876,500936,143,185
1409,501605,501244,182,741
4391,501266,500522,151,214
29564,501904,501945,168,566
10736,500265,500605,129,556
13763,500338,501578,193,346
13662,500994,501584,142,528
29966,501063,500749,142,1711
21913,500576,500232,123,517
29370,501361,501928,152,229
18787,501203,500944,34,109
22603,501208,500330,152,447
24907,501577,501777,152,890
27396,501220,501325,185,523
5831,500332,500190,141,383
8847,501174,501056,168,839
2873,501169,501044,18,78
16419,501968,501208,104,623
26085,501159,501862,106,645
9107,500176,501113,126,732
8379,500326,500920,160,615
6315,501808,501567,173,422
18971,500165,500597,12,165
15258,500837,500124,171,469
13196,501764,501795,114,618
28626,501178,500574,177,326
19711,501246,501639,153,194
16939,501269,501731,122,579
1781,501992,501299,110,646
29048,501436,501361,35,198
27207,501582,501955,89,601
6762,501479,501338,136,552
13805,500669,501202,142,473
13687,501355,501541,117,348
18831,501585,500444,134,378
14959,500905,500117,117,219
13201,500363,500290,26,80
29576,501808,501341,36,165
15355,501964,500368,152,265
9771,500745,501139,115,175
19924,501663,500745,134,479
6823,500017,501644,35,311
18917,500446,501576,129,647
11110,500249,500061,6,211
12373,500425,501229,16,215
19010,501236,501932,160,284
13308,500438,500512,125,239
21426,500026,500184,205,274
599,500729,501745,141,259
16216,500998,501780,56,118
26820,500334,500084,153,822
27034,501616,501696,147,434
16562,500282,500095,85,392
25539,501058,500728,76,820
13211,501079,501174,145,311
4128,501997,501943,124,744
22971,501888,500535,89,539
4883,501298,501999,153,485
23380,500225,501743,108,292
565,501353,501129,16,92
12175,500155,500845,50,252
19719,500962,500970,36,70
4458,501092,501846,115,609
10888,500579,500093,135,324
6347,500466,500944,128,334
28418,501121,500702,182,628
26855,500749,500432,123,475
25218,500515,500930,124,1090
12476,500087,501359,50,162
7943,501213,500645,111,269
24441,500982,501234,217,724
21340,500114,501400,194,1044
8301,500609,501776,158,747
5873,900009,501751,152,309
14766,500757,501661,231,324
4621,501467,500519,129,429
20341,501091,500972,42,167
28503,501472,500071,31,91
11657,501911,501327,172,1343
24032,501108,500115,115,422
21591,500471,500735,186,633
29175,500811,501965,159,528
13007,501656,501087,75,237
6231,500346,501513,110,245
12035,501681,500363,121,158
15120,500875,500778,57,235
555,501515,501428,207,130
2900,500905,501550,202,215
24081,500076,501678,60,228
12902,500714,500213,125,1485
8888,501819,500770,72,344
9459,501483,500927,159,656
16134,501943,500753,130,527
20394,500971,501873,25,788
2125,500188,500925,153,371
17822,500970,500444,118,744
2577,501706,500189,119,325
24856,500232,500867,194,580
20970,501166,501409,147,383
1870,500953,501155,134,578
24472,500250,500965,132,340
12675,501992,500479,136,309
56,501878,501507,142,704
5038,500084,500454,108,231
9208,501486,500135,150,318
23878,500034,500966,131,213
24543,501360,500621,124,159
8645,500633,500792,0,142
26415,500441,501303,109,248
12008,500179,500661,139,514
18415,500684,500609,49,71
197,501943,500196,231,289
341,500830,501734,175,590
7907,500082,501406,109,244
5852,501202,501866,11,107
1164,500408,501024,52,202
2008,501394,500632,33,132
29239,500238,500867,142,594
27838,501929,501580,133,419
14445,501519,501895,100,734
18889,501189,501470,219,199
10793,501723,501063,110,155
3072,501527,501663,192,218
24364,500423,500188,139,642
20697,501134,501316,179,479
20735,501302,500962,155,885
14806,501473,500552,33,322
17737,500333,501461,117,228
22844,500968,501535,164,520
381,500326,501887,104,580
21292,501394,500200,144,500
18372,501751,501308,130,245
16289,501848,500238,146,843
25987,501193,501153,101,179
21798,500176,500067,53,78
21800,500076,501553,146,446
13281,500881,501237,23,96
1600,501130,501304,107,396
2904,501756,501760,167,188
27102,501038,501719,137,347
2152,500888,500318,99,387
15914,500521,501143,153,341
6888,501330,501633,116,289
17053,501012,500253,201,685
4547,501386,501951,150,685
18821,501653,500442,37,79
15671,501784,500701,187,326
5743,501897,500511,41,56
21691,500757,500535,127,339
27969,500090,501922,115,360
16040,501438,501748,194,447
2412,501054,500249,145,446
9004,500721,500959,166,515
5588,500019,501829,111,400
11730,501532,500873,113,183
1057,500188,500947,157,195
7003,501952,501695,170,518
6727,500846,501188,40,110
9078,500833,500806,116,425
11127,500120,501943,229,157
9040,501210,501830,128,187
7068,500471,501051,133,351
26261,500392,500564,95,620
22416,501572,500201,146,169
19819,500550,500188,108,276
8035,501814,500998,104,516
29478,500662,500502,53,132
26202,500779,501112,117,627
265,501872,501118,88,556
5539,500465,501695,105,510
28466,500926,500101,167,1082
19480,500550,500902,168,411
4660,500174,500463,105,162
12094,501320,501135,154,698
5469,501399,501265,46,130
5004,501191,500257,171,364
13276,501055,500880,101,285
15750,902050,501331,89,442
15005,500574,501452,132,327
20846,501005,500737,35,153
14537,500079,500685,77,317
23322,501677,501431,153,489
8735,500214,501584,121,296
4293,501639,501638,73,534
13731,501942,501691,188,548
20836,500373,500776,97,694
24205,501270,501895,189,351
25684,500996,501424,139,1116
22140,501323,500026,166,751
11961,500282,501531,128,117
25929,500259,500890,114,322
5855,501596,501194,147,877
16437,500381,500400,188,1263
5302,501457,500868,42,161
1851,501681,500517,179,353
27378,501428,501529,216,264
23447,501976,501141,121,682
12127,500939,500468,163,397
7830,501113,500360,152,586
5710,500414,501346,118,424
4355,500123,500424,163,334
6240,501171,501291,21,67
21685,501327,500498,115,221
4454,501887,500621,156,452
10975,500374,500969,160,164
8000,500629,501478,83,1223
25849,500729,501241,34,58
17567,500750,500712,222,329
18588,500143,501861,105,237
14477,501757,501662,81,427
26885,500054,501336,118,395
5965,501031,500846,108,630
10698,500774,501612,144,346
21821,501868,501466,164,592
27014,501886,501118,121,1411
10232,501374,501492,132,433
12659,500251,501471,146,189
24061,500577,500313,39,188
26091,500519,501323,114,426
12096,500116,501703,152,388
2232,501685,501208,103,677
13531,500825,501627,146,575
28852,501087,501045,49,73
6373,500920,500765,156,251
5948,501582,501998,214,534
9532,500342,501037,145,247
12333,500436,500897,154,383
26966,501122,501071,117,532
20828,500581,501346,184,357
24463,500767,500577,158,277
12435,500687,500207,106,148
946,501929,501684,119,287
28256,500475,501875,171,676
6964,500322,500374,115,1077
22661,501231,500767,203,388
5508,501668,500832,143,726
15867,500694,500898,0,104
5776,501296,501599,1,166
14016,501079,501037,108,371
21934,500054,501747,162,239
17503,500248,500298,126,693
29200,500795,501158,146,263
320,501096,500650,191,177
26824,500431,501128,62,54
19247,500660,500136,46,136
24278,501739,501754,170,182
5332,500846,501443,56,296
22855,500930,501667,169,934
9773,501825,500675,178,460
10864,501163,500998,138,358
8113,501976,501176,124,498
19791,501970,501724,129,735
2180,500896,500294,159,213
5123,501725,500332,149,238
25201,501772,500331,162,172
24096,501179,500538,113,375
22170,501360,501625,163,219
17597,500591,500630,66,176
24964,500123,500720,182,791
27551,500632,500798,27,281
18560,501976,501019,131,610
18857,501307,500436,193,304
7484,501739,501772,148,289
5695,500366,500091,133,740
14887,501914,500779,35,91
23706,500505,500422,10,66
24962,500732,501844,107,401
22547,500780,500156,177,587
16632,501527,501382,126,314
15959,500487,500360,181,345
11945,501735,501268,113,496
19642,500873,500042,132,769
3491,501741,501110,111,187
22421,500321,500133,193,520
9206,501144,501779,0,119
29733,500907,501628,0,72
26334,501740,501468,191,630
19186,500650,501056,115,839
20676,500023,500835,129,113
20533,500386,500099,154,438
22585,500565,501606,82,447
1245,501529,501336,185,508
15219,500090,501662,189,343
13323,501601,501333,87,474
19268,501878,501080,98,357
12805,500953,501054,160,1105
6078,501466,501001,19,74
29918,501788,500374,181,480
26005,501179,500978,134,157
771,500633,500193,118,496
7761,501541,500980,86,1093
13227,500457,500442,148,134
12222,500354,500599,213,155
12710,501414,500530,127,149
1112,500084,501999,79,334
20214,500074,500148,170,671
16765,501960,500004,92,1903
660,501277,500947,102,713
5073,500725,501238,201,267
23617,500476,500650,133,529
22117,501185,501570,194,377
5657,501227,500497,25,71
26136,500063,500196,161,405
15152,501298,501758,170,313
25809,501054,500484,148,372
14343,500739,501929,183,430
28434,501780,501697,117,894
18227,500248,501078,147,578
24757,501109,500473,138,538
10463,501731,500314,195,329
17509,501026,500727,34,282
7800,501731,500636,108,371
1187,501875,501334,152,546
19717,501532,501628,187,527
926,501338,500805,135,288
2185,500997,501911,136,952
4563,500167,501678,114,564
25609,500577,500219,19,103
12850,500701,500252,154,421
6196,501568,500095,217,220
15522,501618,501848,86,620
18867,500433,501578,193,315
14437,500252,500938,214,268
13612,501499,500542,98,419
5256,501985,500624,83,200
6609,500709,501471,104,283
8100,501929,500114,94,625
24662,500876,500005,101,228
15969,501536,501625,106,395
14969,500169,501488,25,156
13870,501287,500924,182,399
3075,501335,500861,157,523
28897,500962,500271,57,67
21632,500645,501338,56,24
19870,501519,500747,137,508
10899,500994,501965,130,989
20134,501213,501027,121,285
25199,500709,501336,145,534
21464,500861,501833,14,127
29341,501054,500550,51,147
20267,501825,501429,200,865
25659,500031,500023,70,364
20087,500894,500486,36,94
27962,500816,500343,228,606
25013,501015,501027,167,623
3248,501025,500996,110,505
26999,501658,501316,150,541
19951,501970,501580,150,370
18587,500583,501486,127,389
27624,501507,501068,146,560
12767,501439,500424,146,990
20839,500520,500942,136,404
5036,501189,501509,44,115
21086,500502,500391,255,480
22193,500720,501655,136,442
11864,500538,501224,137,206
21415,501173,500633,197,405
14192,500211,500081,9,168
25023,501169,501222,126,229
5056,501232,501076,178,364
6439,500410,501875,137,367
2282,500938,500034,158,418
6057,501512,500899,47,56
11600,500012,500885,27,88
5821,500877,501540,12,93
17932,500387,500622,88,309
12286,501562,500920,177,395
14661,501529,500832,166,204
25499,501125,501461,214,237
25154,501032,501981,122,641
19354,903748,501174,123,364
29925,501149,500120,68,279
11297,501869,501918,186,506
10645,501535,501190,165,425
15114,501280,500978,37,170
29153,902213,500326,154,302
12045,500526,501765,116,421
4326,500936,501273,204,112
11765,501637,501992,27,75
19251,500799,500149,157,594
9592,500885,500323,155,290
16514,501109,501728,135,399
12495,501333,501819,112,878
9941,500309,501069,202,168
25528,500472,501724,149,254
6599,500232,500647,34,160
11074,500413,500526,87,412
12054,500543,500627,196,733
8650,500886,501934,136,469
12332,501842,500182,27,190
28265,500710,500309,237,290
7619,500415,501190,117,346
7621,501443,500839,149,342
14957,501511,501658,156,578
140,501085,500461,117,532
16818,501240,500215,150,401
4932,500689,501250,58,277
4323,500365,501667,186,542
10857,500221,500570,32,133
9761,500227,501245,38,134
6425,500356,500706,137,727
23742,500441,500625,115,584
9576,500114,500501,95,477
24761,500029,501904,121,236
25315,500323,500679,99,214
20195,500225,501802,124,457
16532,501980,500404,35,160
5913,501625,501825,146,710
3599,500916,500987,162,260
8882,501889,500680,161,360
5762,500009,500031,55,659
8110,500726,501246,142,497
6256,500054,500628,17,80
29695,501249,501591,113,185
9121,500447,500996,143,327
13256,500158,501296,45,103
10014,500127,501087,45,189
25048,904931,500639,108,455
26439,501290,501556,50,148
3486,501349,501196,34,73
21339,501580,501691,143,363
13480,501850,500021,152,369
8126,501868,501805,161,264
10358,500770,500127,121,109
7593,500723,500033,124,153
14376,501615,501078,63,490
28882,500965,501796,201,250
422,501864,500019,150,859
23373,500646,500293,173,534
23901,500152,501476,0,105
19201,501743,501682,130,489
13578,500785,500082,53,104
4590,500256,501185,163,86
24995,501518,501849,39,104
21487,500667,500054,95,150
8907,500816,500847,102,280
27257,500305,501413,141,342
8393,500601,500405,172,474
4,500635,500713,48,77
3704,500384,501161,111,808
13373,500461,500609,126,357
19297,500118,500960,23,47
4718,500776,501795,206,277
18204,501607,500682,117,217
22171,500597,500100,79,293
11129,500759,500373,154,576
26857,500025,501024,192,552
5680,501368,500004,76,508
15499,501357,501547,56,179
13911,501450,500008,168,354
17339,500477,500811,24,297
28122,500109,501729,108,298
4907,501293,501956,160,473
24521,500703,500505,51,52
18241,501858,501349,154,163
28859,501576,500132,29,111
10490,501251,500671,163,175
9147,500172,501605,168,356
6606,501413,501531,148,316
20816,500081,501689,157,488
8515,500836,500516,31,94
691,501754,501075,140,302
7146,500943,500199,147,225
13728,501523,501162,158,354
16578,501400,500109,162,206
18493,501122,501437,65,110
10356,500795,500022,159,204
14650,501695,501965,146,297
7886,500960,500711,14,198
3850,500211,500689,134,474
12544,500359,500237,142,440
12852,501314,501872,131,294
21486,501237,500934,114,466
12942,500498,500272,209,313
14591,501304,501338,98,180
12424,500210,501473,145,473
25267,500336,501355,75,212
663,500934,501395,156,781
4619,501577,501764,139,248
19257,501639,500800,126,280
18481,500424,501251,210,542
9802,501429,500800,164,712
6833,501911,501695,114,281
18385,501899,501063,164,379
22943,500545,500546,44,134
11977,500630,501665,25,226
19754,500345,500554,100,445
14792,501081,501267,96,569
3725,501615,500039,147,668
22919,501122,501305,127,1218
332,500924,500462,181,273
13656,501622,501016,92,685
10729,500799,501263,178,414
4163,501332,500248,148,762
13623,500715,501483,66,136
3494,501160,500949,156,660
18064,501381,501382,117,588
26407,500532,501119,119,216
19622,501494,501611,39,749
10258,501681,501436,138,388
4904,501547,500190,128,451
3338,501965,501465,128,651
19776,500818,500583,14,95
28473,500291,501452,177,795
27238,500319,501400,138,262
21305,501785,501846,134,268
2030,501271,500097,34,149
22693,501971,501037,36,43
19231,500774,501578,79,917
24240,500857,501439,128,855
6674,904006,501630,90,309
27917,500478,500943,152,526
4194,501919,500880,13,344
4995,501998,501887,134,402
23583,501715,500145,99,356
18805,501928,501616,151,275
23054,500023,500153,162,400
16208,500615,501314,124,220
7992,501472,500929,26,195
6123,501503,500200,60,99
4589,500313,500567,19,120
8397,500613,501391,61,179
27401,501534,500399,118,376
3436,501946,500981,179,661
8757,501433,500808,129,491
3237,500971,501107,96,323
8707,501280,501346,155,196
21223,501115,500611,111,328
17627,500640,501894,118,542
14173,500498,500873,87,368
15665,500436,500523,192,587
2703,500920,501202,121,277
21813,501806,501839,41,639
11854,501356,500725,144,411
22979,501860,501527,120,266
4505,501998,500711,120,167
15970,500064,501700,187,503
17087,501993,500949,154,890
26838,501878,500395,100,415
3459,501115,500236,112,303
6809,500174,500196,175,1083
11860,500295,500295,194,503
5164,500561,501893,20,122
17575,500513,500113,9,153
19864,501322,500399,65,190
10325,501259,501661,113,370
12162,500493,500988,220,743
19658,500745,501106,102,725
14331,500726,500148,111,258
8214,500386,500960,127,464
5515,500327,501740,218,609
4538,500438,501197,107,524
3265,501087,501144,93,711
16389,500636,501295,169,557
9350,501687,500910,152,416
29730,500105,501015,115,327
23158,500384,501726,164,218
15839,500671,500079,147,485
28003,501437,500812,30,109
16792,500577,501758,114,335
21977,501226,501058,112,736
14178,500328,500420,101,312
932,501985,501344,159,362
18668,500962,500890,101,363
27259,501149,501121,205,288
26331,500344,500621,14,103
21792,501190,500471,129,725
1111,500422,500082,137,205
10905,500893,500003,81,1307
5576,500725,500376,158,479
5230,501304,501193,130,1132
26923,500545,500930,169,281
8487,500143,501130,150,660
16611,501942,501919,165,297
2321,500454,500947,103,191
25411,500701,500785,211,516
23427,500718,500944,42,81
5025,501786,501202,166,235
19498,501852,501147,138,632
16604,500100,500728,140,235
22635,500885,501344,131,248
28546,501768,500467,123,706
27194,501772,501870,163,414
4392,501776,501715,89,539
1123,500647,501414,191,567
25648,501755,501303,112,569
23408,501272,500368,110,464
15380,501980,501432,36,212
1942,501860,500139,149,198
1437,501246,501374,57,97
28284,501114,500491,195,417
9653,500676,501737,133,238
24660,501105,500998,127,341
5578,500312,501756,125,391
13197,500282,500395,13,137
6320,500721,500395,177,164
21751,500842,500080,128,210
10699,501678,501061,3,90
20974,500779,500101,202,302
23120,500988,500061,127,282
12683,501176,501985,147,202
13818,500698,501379,177,1305
20952,501453,500074,168,422
19099,501959,500937,19,207
29575,501287,501862,119,955
9743,500669,501666,196,246
6404,500180,500993,114,290
10458,501520,500140,140,309
23794,501125,500151,154,326
1392,501707,500297,107,174
12449,501700,500944,157,817
10337,501479,501142,170,239
4987,500683,501922,115,433
21480,501304,501533,106,1163
23575,501263,500256,126,331
5370,500565,501096,116,316
26112,904353,501718,134,403
8740,501068,501971,195,465
11160,501090,501780,65,355
29284,501942,500339,169,191
11337,501742,501353,47,120
23345,501235,501568,152,375
20919,500739,500949,166,558
11073,500999,500217,46,211
11131,501330,501373,145,338
7837,501361,501303,135,863
24191,501103,500709,146,346
11029,501078,500115,116,433
8800,500013,501488,196,383
28979,501782,500289,191,540
8158,500379,500667,0,116
23414,501633,501326,155,253
12505,500647,501450,161,345
8977,501313,501022,171,334
2291,500781,501133,137,321
10270,501998,500327,121,431
18286,500911,500050,138,212
13377,501343,500560,37,128
841,500731,501217,135,308
17888,501574,500032,131,802
4427,500595,501644,53,101
12745,501158,500324,111,297
1968,500930,500771,146,343
7392,501287,501130,169,241
9650,501445,501999,117,277
867,500489,500410,118,660
21781,501818,500274,177,356
20667,501680,501462,22,138
8073,501036,501397,117,1028
9153,500712,500732,162,198
23765,500395,501328,163,390
26060,500697,501753,192,771
11903,500545,500059,144,304
1807,500949,500729,151,429
22374,501860,500954,144,447
9094,500004,500051,53,147
398,500587,501490,81,335
26079,501128,500790,246,558
24157,501406,500570,32,191
21569,501300,500675,166,408
11420,501588,500931,48,98
28251,500908,500057,148,934
20258,501323,500176,95,1071
16379,501033,500238,153,1212
16470,501628,500462,84,725
5162,500077,500179,157,244
18220,501517,500764,155,554
4605,501815,501657,155,207
10799,500088,500032,183,719
6107,501574,500501,106,483
954,501550,500274,58,102
20345,500091,501542,177,156
12021,501704,501752,130,484
8728,500528,501333,150,80
24228,501463,501283,21,90
5001,500789,501360,38,68
28748,501228,501481,66,180
15596,500858,500287,159,206
3646,500629,501052,136,217
9601,501795,500489,0,101
24088,501203,500259,151,748
1749,501225,500058,35,64
28666,500238,500794,36,234
20323,500318,500087,119,449
5793,501524,501532,162,422
24384,500789,500803,29,69
23284,501610,501494,8,102
9816,501072,500586,140,382
25647,501232,501400,192,599
12358,501776,500105,59,107
10671,500104,501717,170,639
20736,500090,501473,33,439
15237,500547,500010,109,1136
8272,500814,500532,123,323
959,501285,500874,88,346
11108,500548,500931,159,300
12530,501887,500284,183,453
18789,500343,500200,140,263
2882,500639,500627,175,239
11457,500063,501122,69,233
19108,501728,501148,167,376
3204,501847,500298,112,702
27436,500515,501213,141,275
16094,500023,500400,130,786
9103,501233,500512,155,599
13245,501654,500542,124,374
5016,901082,501526,84,1086
4952,500945,501062,17,438
4024,501202,501457,210,232
22839,500934,501212,212,520
28355,501463,500154,128,527
20749,501071,501029,138,243
13301,500531,501607,175,363
14843,500371,501255,139,751
4891,500177,501085,162,258
27894,500201,501059,169,353
4409,501349,500190,93,378
4074,500878,501373,156,257
14721,500830,500462,103,465
29461,501323,501992,111,257
3278,500868,500554,109,837
9962,500911,501393,148,347
21992,501645,500970,178,498
21005,501684,501425,58,218
4344,500846,500959,109,752
13559,500010,501299,122,352
21043,500533,501112,148,458
9467,501161,501917,168,627
4395,500063,500261,175,287
21072,501919,500211,172,571
17164,500272,501145,54,172
8433,501580,500764,143,350
4249,501093,500687,173,298
11327,501138,501163,31,99
10301,500752,501899,132,403
29271,500042,500066,115,398
22358,501725,500447,144,496
28599,501495,501677,80,345
205,501288,500222,199,488
11084,501068,501677,123,246
25863,501330,501909,37,444
18513,500981,501282,140,691
19478,501052,500735,144,298
9936,501491,501199,151,456
6971,501080,500902,139,402
24818,500514,501817,24,123
5944,500394,500161,34,76
7580,500572,501608,108,503
13166,501233,500320,121,509
11005,500922,501058,173,371
19145,501779,501603,65,98
12394,501309,501795,190,618
20000,500746,501430,88,968
12908,501452,501452,157,239
2266,501585,501504,89,116
22504,501833,501460,100,577
17303,500361,500653,133,413
6653,501330,500640,187,331
12957,500326,501924,136,409
348,500532,500523,122,381
6155,501028,501015,36,123
10175,501099,501956,160,333
21660,500833,501834,55,63
4205,500269,501372,184,199
15753,500924,501358,162,598
25614,501087,501072,193,300
8552,500668,500160,157,230
2725,501970,500055,34,140
5552,500697,500213,147,367
15271,501706,500190,156,520
12597,501814,500571,110,986
22687,501414,500385,176,207
29364,500758,501147,102,646
27927,501478,500735,166,1456
15775,500189,501191,13,114
23995,501015,500318,125,333
22826,500535,500386,139,339
5715,500256,501425,129,263
11675,501103,500867,170,277
28544,501917,501674,156,342
28835,501522,501645,42,89
6181,501776,501636,106,400
18517,501796,501106,206,163
24906,501235,501176,120,329
6194,500312,501222,78,341
12019,500521,501214,157,1262
9060,501772,500080,163,282
1202,501941,500060,109,323
10118,501747,500567,132,886
412,501338,500420,139,615
16111,501409,500451,140,436
14985,501253,500255,41,85
27573,501951,500010,142,354
21391,500895,501217,115,642
7403,500895,501815,104,389
26242,501168,501189,202,195
326,500079,500825,122,383
28102,500923,500974,87,243
15702,500701,500835,203,363
12399,501797,500633,13,144
905,501051,501489,121,224
29482,500838,501313,243,523
25288,501551,500893,201,309
21213,501563,501792,81,516
29066,501612,501744,129,235
27804,500225,501905,184,730
25011,500071,500950,154,287
6974,500854,500341,53,59
28640,500790,501772,123,385
17459,501934,500998,158,164
19963,501859,500646,129,756
29517,501550,501670,154,365
21623,501384,501349,145,469
2387,501258,500102,90,120
4089,501382,501027,152,385
2543,500861,501695,16,42
6424,501360,500704,40,88
10105,500905,500512,140,320
6986,500066,501515,151,327
647,500491,500823,6,108
638,500770,500399,105,442
20279,500462,500678,117,350
8613,501203,500949,133,632
28812,500191,501767,171,274
25433,501761,501948,238,465
25468,500416,501517,148,435
22929,500696,500923,153,170
12514,501603,500509,43,87
24822,500498,500813,25,74
8394,501848,501620,75,606
21294,500533,501948,164,274
17098,501305,501574,106,785
22263,500013,501398,80,408
6544,501322,501756,146,363
4969,500188,500293,51,122
23605,501728,501423,151,464
9126,501507,501468,99,825
4200,501780,500520,101,125
4539,500533,501853,100,920
29031,500806,500515,149,627
5625,500914,500475,147,416
2080,501848,501616,129,665
886,500371,500491,65,996
447,501764,501421,144,94
17804,501227,500498,107,1720
4009,501282,501535,129,822
1748,501754,500178,148,496
28024,500578,501125,202,649
18109,500663,500449,94,293
4065,501553,501016,69,186
1476,501573,500063,145,232
5981,501376,501633,140,197
15911,501677,501384,129,488
29369,500950,500403,149,375
1142,501718,500189,104,943
17099,501822,500165,22,74
4826,500956,500650,41,93
28961,501068,500816,102,398
4309,500380,501730,158,311
18790,501848,500333,171,567
24515,500155,501773,169,437
23871,500522,501168,167,192
19380,500651,501115,82,314
2829,500041,501070,140,279
10797,501513,500119,22,308
27297,501452,500978,144,310
29944,500581,501971,130,244
17677,501791,500739,43,116
15552,904153,501099,176,575
8390,500990,500647,226,655
8326,500550,501039,138,217
935,500248,501509,120,156
26429,500570,500690,122,341
25570,501533,500971,178,668
16785,500050,501428,113,221
10879,501134,501232,122,441
16156,501484,500929,56,60
22748,501595,500057,25,154
11342,500116,501045,107,311
18727,500916,501433,59,218
12653,501907,501157,60,306
2244,500856,501000,59,228
4869,500327,500339,201,374
1550,500162,500368,88,363
19049,500119,501452,10,282
11145,500179,501090,116,241
13277,500756,501677,151,135
22082,501461,500949,35,117
27090,501839,501112,154,271
29008,501625,500387,168,984
12136,500664,500810,50,50
13493,500164,501184,96,599
28161,500013,500847,138,739
21684,501226,500438,127,537
11641,500293,501309,140,277
5128,501531,500446,135,447
15851,500819,500093,139,1218
20776,500607,501019,115,505
20531,500131,500845,176,119
10834,501911,501203,108,332
13455,501114,501036,151,844
28894,501042,500294,29,164
16865,501373,500753,190,806
21178,500914,500657,110,344
11301,501060,500685,140,384
27597,500547,500354,138,270
17367,500671,500432,127,325
22532,500624,500657,97,414
22981,500066,501397,121,565
23425,500422,500087,138,380
24615,500891,501996,80,156
13680,500144,501024,136,441
26239,500467,501120,111,194
7151,500969,501563,174,155
8283,501523,501884,138,190
4917,501080,501106,108,238
17128,500326,501556,47,66
10537,500405,500485,116,247
14434,500155,501983,31,235
28579,500054,500195,28,107
22296,501326,501973,133,349
1491,500128,501655,38,114
26357,501687,501093,107,754
15040,500470,500345,158,245
26949,501505,501888,143,234
11649,500513,500124,133,526
3423,500193,500359,149,478
19153,501485,501782,136,604
21251,501853,500750,34,159
9345,500787,500003,161,423
778,500751,501347,37,116
29970,500702,500301,18,47
11244,500650,500924,112,207
7990,501446,500074,73,194
23151,500436,501627,145,419
15291,500236,501862,172,441
11270,500189,501387,99,349
16343,501372,501032,157,523
13905,501711,500920,77,658
22704,500681,500788,126,357
2643,501831,500173,161,260
3733,500679,500622,0,108
5494,500653,500333,172,279
16710,901157,500455,122,460
1728,501605,500188,149,659
9123,501865,501986,148,1479
13675,501236,500359,154,204
14678,501581,500718,133,378
28341,500222,501727,92,429
22521,500749,500493,128,754
4668,500489,500516,198,478
22584,501440,500752,140,226
28840,501509,501587,125,369
19705,501174,501160,151,337
21129,501290,500597,149,198
29728,500492,500065,139,286
13955,500471,500842,124,93
17466,500026,500738,121,667
15866,501706,500440,187,740
12616,501911,501765,162,650
24111,500174,500938,79,664
11767,501266,500809,10,115
28654,500264,500033,118,188
3542,500294,501884,113,452
22927,501461,500965,138,599
17779,500698,500770,86,696
2349,500278,501830,202,355
12470,500718,501395,174,690
29340,500491,501570,103,671
21575,501726,500018,90,789
23847,500189,501219,174,250
29311,500067,500193,131,338
7749,500832,500899,123,266
25852,500510,500662,158,136
28652,500164,501034,185,199
11229,501002,500191,146,615
18828,501287,500620,55,161
21517,500079,501505,105,260
28064,501436,501904,177,679
4073,501909,501460,126,534
21673,501316,500531,109,342
21902,501190,500508,64,94
25824,500031,500518,220,363
21518,501584,500192,118,474
23747,501466,501004,32,68
29402,500599,500101,67,631
23282,500830,500444,72,249
9688,501274,500274,153,422
22012,501120,501307,148,160
14060,500559,500311,28,66
4360,500143,500485,160,222
21125,501412,500003,113,757
9449,501945,501568,141,608
7516,500117,501810,104,334
18532,500067,500679,101,200
15795,500645,501703,196,660
3868,500410,500266,93,523
9227,501919,501379,212,414
22968,501171,501153,124,453
857,500280,501346,116,336
9889,500601,500416,171,142
28458,501788,500506,126,681
21143,501171,501545,168,596
21116,501576,500278,122,222
1143,501756,500042,188,578
22013,501211,501068,52,118
8682,501341,500728,158,394
12326,500814,500251,174,523
25759,501780,501925,163,296
9934,500939,500217,151,662
196,501373,500832,130,171
9686,500970,500706,94,337
4791,501226,501576,13,89
6444,500854,500521,128,283
27563,501553,501357,117,508
26915,500916,500294,158,516
8593,500966,501433,245,763
20154,500143,500071,173,487
23553,501494,501990,167,276
4823,501177,501131,147,631
3697,500999,501326,152,218
13038,501129,500422,36,114
17876,501406,500009,154,243
12897,500949,501228,145,605
10279,500874,501439,67,684
17224,500156,501177,165,101
27164,501834,501017,146,402
14695,501107,501970,172,331
23932,500738,500333,158,235
2336,500164,500705,176,362
12789,501682,501643,229,252
5842,500335,501970,164,301
10489,500678,500265,182,1196
14984,500996,500017,47,78
12656,500788,500605,100,596
14189,500531,501425,162,673
1969,501792,501195,98,261
16608,500449,501614,53,830
1181,501776,501563,127,287
11454,501287,500100,119,309
24316,501456,500264,199,529
22587,501424,500765,144,330
24098,500619,500619,109,368
20001,500835,501233,150,441
23075,500184,501409,115,584
21923,501010,500770,169,143
1977,501968,500006,181,514
26964,500882,500269,107,726
97,501785,501499,30,109
6881,501608,501153,126,474
2753,500382,500681,210,484
16362,500540,501707,15,81
14395,500874,500951,59,152
26335,501251,501745,97,287
19546,501217,501715,165,473
17624,501110,500787,146,261
16509,501159,500651,107,335
28263,500705,501054,162,438
25319,501386,500210,25,286
19060,501644,500321,73,56
3430,501881,501397,125,465
11338,501033,500996,123,891
15722,500398,500335,37,53
11059,501876,500684,33,314
2183,501082,500531,144,537
15864,501573,501364,138,411
16668,501858,501920,109,578
9262,500323,501516,90,110
19799,500506,501202,201,1007
11243,500970,500239,101,206
20026,501144,501471,170,488
8709,500965,500080,165,311
27421,501953,501535,162,256
5530,501533,501985,109,575
26319,500907,500602,41,87
15963,501448,500422,197,357
12011,500356,500101,109,164
3166,501535,500248,121,582
24049,500381,500056,50,338
22942,501971,501601,160,685
18630,902257,501955,126,506
11782,500681,501410,142,557
16435,500126,501777,35,185
18946,500399,500109,97,564
22106,500622,500423,93,361
17054,500886,500181,143,425
29229,500316,500885,172,272
29969,501595,500444,104,500
10331,500505,500479,125,379
22326,501810,500826,20,204
12605,500638,500966,137,1082
182,501506,500294,148,163
15720,501227,500367,105,1303
441,501214,500493,160,918
27149,500300,501616,102,601
28836,501992,500180,123,285
16870,501857,501356,114,148
24544,500533,501575,168,464
26754,501237,501132,114,334
25580,501037,501964,99,323
26640,501203,501535,158,436
25890,500213,500003,107,416
10746,500653,501023,145,452
26159,500079,501730,161,193
23564,501585,500925,100,404
19280,500403,500550,135,522
704,500530,501631,157,264
6030,501116,501617,39,140
16197,501316,501368,104,650
18961,500994,501955,159,499
23650,500261,501887,95,325
28628,501221,500953,148,352
22241,501448,501331,106,441
7877,500770,500081,33,210
18205,500059,501572,184,514
10716,501644,500330,103,445
21636,500966,501473,24,91
5709,501266,501727,119,552
8832,500769,500105,119,483
6423,500484,501460,88,691
2042,500922,501772,185,365
8180,501222,500949,198,374
54,500944,501653,101,406
18685,500008,500782,170,483
29916,500621,501657,182,368
9617,501716,500293,49,134
758,501963,500767,137,221
22731,501011,501887,152,695
14423,501908,500944,11,126
24982,501607,501931,161,202
6106,501826,500495,152,310
9620,501847,501911,180,239
13214,501161,500647,136,649
15794,500376,501751,29,92
23140,501282,501975,105,250
28269,501859,501588,103,963
27026,500949,501725,159,298
4628,501986,501632,49,63
3208,501285,500008,215,211
2965,501093,501330,75,392
9511,500702,501892,165,345
1677,501724,500892,34,109
9471,904789,501078,151,486
22,501439,501870,102,404
13596,500472,500009,96,431
23699,500949,500094,111,299
14469,501914,500597,11,275
14779,500322,500401,79,567
22121,500330,501090,156,182
19664,500079,500739,112,510
20169,501681,501955,86,258
2521,501190,500731,96,172
9404,501472,501008,47,73
18390,501585,500065,100,362
8779,500570,501661,105,780
747,500808,500808,52,151
22558,501752,501421,141,212
29258,500198,500028,178,468
18808,501271,501853,127,371
76,501130,500323,85,707
17005,500517,500572,111,804
28330,501103,501430,122,558
29679,501668,501225,117,228
22969,501911,500468,110,563
4906,500505,501826,141,388
20943,501048,501319,36,86
14544,500730,500530,87,962
22950,500667,500295,182,238
20500,500241,500705,170,1069
12004,501195,501922,144,540
18645,500533,501273,71,443
26889,501730,501225,105,279
2673,500440,500479,56,110
19188,500681,501032,124,329
18028,500705,500870,170,520
26383,500321,500658,163,1100
20488,501825,501980,133,303
17728,501069,500726,131,582
15470,501761,501406,140,434
6372,501295,501307,128,504
8168,501651,501928,121,250
17058,501534,500471,138,646
6085,501640,500332,118,493
14488,500848,501051,100,282
3388,501810,500280,123,243
1960,500950,501436,52,125
9393,500461,500219,107,235
21399,500039,500036,128,233
24386,500091,501944,146,205
23200,501376,501963,138,219
14928,500749,500241,77,372
9485,501272,500343,86,364
9729,501320,501180,17,88
4072,500486,501271,27,201
12071,500837,501339,53,125
829,500830,501920,26,44
25126,501287,500344,118,418
22008,501319,501605,172,300
18977,501899,501306,168,711
16744,501726,500750,175,322
16461,500942,500670,129,378
23051,501741,501403,149,506
19435,501002,500314,175,195
15265,500930,501130,80,408
11262,500685,501905,165,904
7723,501358,500280,148,856
12398,501875,500451,127,538
13027,501124,500257,41,53
22780,500160,501616,133,196
19567,500422,501300,144,287
3188,501865,500211,161,321
7261,500276,500854,70,89
1470,500567,500321,27,102
3572,500447,500661,182,304
28857,501096,501515,92,402
17524,501929,501177,99,774
16058,500671,500487,150,311
22967,501040,500646,149,844
3000,500267,500162,107,295
1414,500280,500415,111,713
26610,501744,501537,142,285
29832,500386,501142,159,1022
26583,500607,501810,173,1014
11396,501099,501635,172,621
27584,501390,500505,160,517
5791,500523,500948,28,135
26055,500861,501711,27,216
15507,501349,500669,41,282
17700,501425,501886,202,421
5441,501587,501076,104,609
14205,501056,500782,181,305
1343,501499,500628,154,422
21718,501469,501215,188,370
12568,500510,500673,201,357
5630,500774,500028,31,228
28215,501585,500716,163,464
22595,500233,500225,172,435
9382,501719,501251,93,395
12665,501054,500605,151,609
21894,501533,501591,127,438
29790,501479,501920,112,303
3321,500515,501263,49,46
7684,501460,501326,145,404
21165,501274,501567,161,438
21306,501719,500559,165,306
10772,500702,501506,139,697
19172,500879,501040,22,119
27253,500572,500819,153,338
4976,500996,500427,200,609
12018,500363,500440,96,262
11213,501948,500997,163,814
25633,500109,501382,144,604
19651,501611,501997,74,372
7323,501464,501681,35,160
7666,501625,501287,94,578
6915,500265,501530,160,367
12370,500140,500384,85,256
6721,501975,501149,106,406
16527,501821,501253,60,159
17552,501028,501184,176,502
23396,501431,501725,212,453
13101,500388,500280,74,54
22872,501092,500498,173,634
1103,501180,501344,178,553
22588,500334,500731,150,177
21335,500845,501513,108,131
2875,501792,500902,47,95
8222,501166,501152,148,374
7385,501107,501160,105,195
3816,501853,500021,141,525
17389,501545,500087,92,240
2055,501063,501608,98,184
26808,501932,501643,133,421
10083,500606,500530,184,265
631,500988,501323,95,973
29581,501922,500265,127,391
2916,500754,500756,134,394
24397,501768,501761,162,228
25256,501490,501905,128,192
29016,500079,501331,109,706
15001,500202,500229,28,131
6696,501534,500593,165,321
6132,501275,501014,128,137
11497,501757,500153,152,630
14462,501488,500630,41,64
26237,500699,500368,61,145
8667,501214,500813,67,410
27243,501167,501893,34,87
18650,501261,500559,164,558
8316,501711,501034,104,702
5185,500248,500953,157,362
11428,501712,500077,207,832
17746,500965,501155,166,530
29255,501430,500343,155,340
1888,500343,501431,50,130
5636,500312,500926,115,544
7558,501570,501339,14,42
22049,501310,501062,149,323
12581,501141,500551,75,273
12196,500776,501419,51,96
21298,501102,500128,66,301
17664,501391,501542,129,314
28313,501834,501448,160,464
14212,501668,500416,181,349
20203,500751,500080,72,249
12972,500427,501713,102,479
13701,501835,501589,61,176
6832,500113,500324,26,72
29661,500723,501084,153,823
20992,500987,500884,156,418
20504,500419,500621,61,223
6969,500364,501972,23,72
19609,500205,500788,27,91
574,500765,501534,147,305
16060,500029,500970,148,255
12730,501177,500814,120,246
6065,500645,500400,124,383
2822,501160,500088,32,169
20709,500911,500578,175,401
11430,500808,501320,164,304
20399,501924,501000,184,685
27593,500492,501628,159,369
10758,501697,501810,3,118
10368,500478,500535,177,483
287,501796,501636,156,584
5118,501043,500908,62,272
13275,501412,501310,183,504
27116,500145,500613,181,1302
21601,501561,501762,168,180
29515,501302,500969,156,509
15073,501195,500542,133,292
6507,501264,501269,91,391
29335,501148,501280,139,405
21879,500193,500061,194,421
27941,501583,501185,193,400
17203,902198,501222,55,93
9204,501666,501748,88,218
21222,501665,500198,42,55
18262,501240,500950,129,288
4408,500601,500094,191,212
10220,500442,500795,142,221
9984,500847,500574,150,520
6868,501463,501679,140,238
29319,500342,500395,110,247
23769,500446,500811,202,188
17048,500028,500561,112,284
21434,500527,500670,153,350
15358,500264,501428,115,191
21446,500034,500512,139,261
10578,500031,501767,117,552
6527,501730,500968,146,163
11619,501781,500199,196,218
18538,500087,501460,125,747
26094,501468,500479,28,63
7759,501070,500478,123,495
773,500003,501787,8,195
23215,500180,500281,113,178
1005,501730,500211,133,417
13151,500911,501748,176,328
25565,500628,500259,121,281
18807,501199,501112,247,476
27826,501159,501973,20,154
24486,500980,500484,100,528
17220,500496,500779,183,322
21945,500019,501725,161,535
14839,500935,500415,139,330
11838,501097,501454,13,147
20144,501941,501997,171,446
2913,500237,501320,68,208
9979,501523,500653,128,383
2751,500305,501820,166,182
24087,500619,500760,133,422
2022,500721,500433,170,441
16987,500225,500624,104,339
14311,501076,501291,170,339
21928,501346,501630,162,164
25259,501740,500475,160,348
19848,501533,501226,165,194
17813,501639,501678,152,501
3997,501887,500753,182,1061
1088,500876,500941,83,744
25694,501043,500564,123,460
26347,501975,501390,131,609
10524,500762,500077,196,414
2197,500160,501118,111,259
20509,500530,500790,200,256
8007,500746,501785,173,401
21847,501663,501577,225,868
14718,500259,501407,116,371
7127,501025,500846,149,250
5820,501040,501848,147,371
3708,501944,500280,116,227
819,501932,501007,124,301
27940,501818,500949,155,363
13425,501344,501731,171,582
7108,500737,501096,156,318
25247,500019,500471,117,602
19403,500201,500386,102,364
23214,500391,500158,86,375
21891,501430,501052,36,154
24580,501833,501778,210,411
29177,500284,501643,163,286
5518,500376,500006,173,274
113,501685,500460,184,210
1710,500236,501518,98,360
21935,501448,501706,141,428
11894,501969,501577,147,417
27490,500821,500261,126,493
18320,500988,500033,153,542
5029,500173,500640,111,313
19456,501890,501697,150,323
23494,500687,501918,106,328
21365,501676,500786,220,238
18709,501920,501679,158,899
14487,500003,501723,172,229
2388,500776,500028,127,1294
23391,501576,500148,194,156
15614,500466,500259,179,235
16639,501487,500675,93,930
27293,500395,501395,171,300
12771,501653,500731,189,320
10078,501804,501726,120,1055
10317,501222,500200,93,474
10338,500264,500457,181,577
1091,500090,501553,162,285
12188,501357,500986,154,369
2112,501750,501368,44,68
16222,501627,501825,114,315
22053,500291,500607,144,158
23703,500339,500538,165,883
12640,501098,500681,135,795
8747,501000,500924,90,707
24838,501465,501976,155,738
9597,500120,500747,139,520
23825,500577,500778,10,144
5241,500804,500528,115,325
20217,500658,500716,124,573
4077,500152,500228,25,251
426,501696,501918,152,411
1654,500466,500520,176,500
268,501272,500265,126,475
22647,500615,501316,102,345
3633,501324,500613,129,367
14368,501726,500702,129,335
19673,501425,501523,110,769
13864,500463,501251,138,397
28736,501858,500944,36,287
43,501456,501869,174,543
10484,500401,500811,143,229
5047,500295,500066,122,878
11837,501784,501545,177,629
3579,501922,501793,145,912
9741,500181,501178,149,843
16029,501110,500433,99,199
1696,501678,501346,143,468
12781,501511,501956,135,242
11080,500682,500100,167,512
5869,501268,500733,190,266
24160,500601,500133,147,471
26920,500910,500336,132,736
24665,501872,501591,19,97
11344,501682,501441,74,1172
4650,500615,501694,125,270
20275,501358,500942,144,882
26520,501295,500001,166,308
21652,501520,501131,145,273
25538,500697,500020,110,822
9071,501125,501620,143,895
313,500434,500728,13,161
28280,501948,501344,192,161
5071,500718,501421,166,510
4767,501886,500731,148,402
6906,501227,501025,17,48
5401,501418,500842,94,257
22873,501197,500862,189,329
8838,501982,501670,130,335
26723,501277,500993,151,410
29858,501105,501119,103,335
6715,500364,500615,71,69
371,501874,501404,17,80
22352,500279,501572,136,399
2329,500647,501038,90,380
1767,501358,501161,126,638
23281,500382,501731,166,472
5626,501362,501423,52,361
14228,501863,501669,23,178
25783,500149,500392,116,691
6462,500527,501818,101,489
28995,501662,500817,108,301
11753,500786,501410,118,356
4796,501184,500153,165,127
15940,501520,501655,28,55
24372,500862,501694,176,432
26381,501524,500156,164,309
29911,501547,500268,139,336
28984,501547,501368,187,319
8904,500091,500132,123,263
17999,904938,501094,147,372
3272,501055,500255,158,232
10710,500831,501429,132,455
15090,500196,501162,173,621
19064,500305,500075,73,581
17296,500468,500636,197,945
3138,500039,501471,125,599
21863,501781,500359,104,276
10967,501360,501925,144,718
21574,501235,501208,131,544
16270,500712,501778,143,853
9307,500554,500501,123,246
7968,501608,500178,170,232
15985,500638,501561,150,274
20863,501520,500091,184,354
10806,501473,501645,183,163
444,500026,500780,143,553
11815,501728,500402,139,227
727,501239,501117,134,309
18732,501760,500932,27,130
13390,501066,500299,0,90
9513,500628,501335,107,253
17658,501349,501645,150,262
2570,501713,501861,105,988
23249,500297,501310,106,669
15388,501853,500464,126,348
29950,501195,501580,106,207
9565,904116,500607,92,288
2194,501868,500907,175,315
20493,500717,500712,47,241
12828,500743,501147,16,74
14495,500580,501545,100,522
12156,501735,501943,119,367
12074,501888,501912,154,264
26293,501727,500156,176,1406
1815,902136,501438,194,1123
20084,500762,501580,170,408
28716,501585,501139,198,501
20121,500505,500749,111,604
15811,500492,500619,109,179
4526,500210,500675,93,216
25372,501019,501483,195,235
7685,500340,500557,51,193
11192,500890,500261,102,256
28970,501180,501195,203,251
317,500516,501973,45,112
10247,501466,500312,36,469
4934,500327,501174,114,518
8503,501257,500992,30,78
23456,501356,501207,96,178
10728,501608,501509,163,529
4157,500593,500767,160,1167
1787,500077,501858,130,442
14286,500561,501099,78,362
1487,501282,501619,116,296
17691,500193,501031,173,428
19270,500199,500049,171,471
17111,501701,500346,177,278
25031,501332,500031,145,386
27161,500178,500513,131,264
19815,500867,501526,129,457
14240,500845,500629,126,842
9476,501381,501828,227,2227
9701,902753,500311,108,778
7075,501607,500258,50,80
12688,500950,500622,181,288
21733,501142,500521,140,278
13828,501290,501456,124,309
29268,501491,500616,182,468
2322,501946,501473,106,519
21885,501212,501204,41,119
19452,501635,501227,150,422
7596,501518,501686,81,384
951,500111,500733,135,393
3476,501852,500760,172,179
28892,501087,500316,168,579
6128,501924,500522,132,312
13016,500949,500915,121,478
10063,500873,500467,163,268
24709,501266,500535,139,465
17940,500840,500029,132,373
19616,501981,501662,152,332
26406,500454,501628,136,462
20184,500835,501125,117,320
9746,500239,501310,128,252
12648,501210,500580,131,589
3205,500191,501865,136,825
26193,500008,501552,150,219
4067,501282,501806,41,262
8489,501394,500441,161,814
3845,500714,500599,119,522
13843,501640,500010,183,908
21112,501654,500464,158,390
28254,500790,501082,144,396
26818,501125,500809,44,97
21447,501709,501162,44,246
11988,501572,501752,132,186
27536,501412,501767,129,719
16871,501168,500342,129,569
26864,500721,501506,145,1282
22620,500410,501826,121,454
13421,500979,501006,115,456
26051,500760,500116,215,283
20072,500927,500272,48,576
1308,501328,501046,147,351
11674,500924,500289,197,326
4640,501145,500542,167,424
16170,500743,500253,129,382
6212,501246,500895,126,449
26734,500811,500476,114,262
16175,501006,500279,180,286
10642,501785,500213,86,358
9315,501029,500208,139,128
16935,501300,501085,104,348
6970,500003,500155,39,114
4234,501246,500237,97,395
18443,501536,501131,166,506
14911,501201,500723,160,284
21573,501332,500080,168,305
2668,501353,501057,120,424
28220,500444,500935,143,239
29003,501864,500637,128,1029
17610,500935,501976,137,519
8470,500680,501782,135,466
11438,501920,501756,134,535
1453,501468,501787,126,513
475,500011,500597,22,141
28085,500842,501102,112,806
25775,500638,501022,107,404
10774,501633,500059,149,750
17000,500287,500215,41,226
29353,500944,500702,63,133
22589,501765,500176,165,374
9612,500493,501982,35,146
27920,500641,501915,77,107
3216,500487,501389,0,78
11791,500512,500968,101,480
27181,500214,501038,221,450
23126,501139,500642,147,478
18722,501179,500689,156,517
22176,500295,500064,165,858
12245,500597,501471,153,507
24762,500084,501934,159,368
7834,500070,500282,131,1134
7176,501695,500893,114,312
8749,501788,500178,131,525
11256,500279,500540,135,225
14164,501888,500185,126,194
25725,500925,501360,136,369
16524,500978,501487,140,314
29980,501113,500729,69,331
15639,500900,500651,49,202
17452,500282,500850,36,203
24815,501852,500957,220,576
8563,500655,501482,174,245
2010,500207,501619,178,383
1540,500524,500461,156,198
6157,501122,501707,175,497
23493,500661,501576,166,366
10457,500390,501338,142,548
9954,500638,500268,7,94
12157,500172,501833,160,289
17843,501888,500886,101,689
27249,501487,500638,157,259
10237,501744,501951,147,439
3236,500338,501141,145,437
20731,500524,501744,118,244
5409,501020,501645,160,525
20338,501696,501534,108,232
11451,501245,501253,53,147
28176,500685,500893,95,208
18377,500487,500045,112,546
5414,500986,500954,75,220
10550,500672,501970,177,418
10621,500338,500403,75,529
20686,500520,501677,144,290
9750,500587,500578,144,384
21860,501609,501387,32,84
4646,500255,501895,179,516
26982,501550,501573,221,353
769,501717,501143,73,345
18176,500947,501651,119,290
8471,500916,501430,76,540
21026,501570,500314,101,565
29419,501694,500846,242,449
8874,500950,500054,135,651
11959,500480,500253,135,630
8486,501630,500776,136,230
127,500663,500361,140,180
4872,501364,501127,129,457
28830,500029,500831,147,607
11153,501631,500322,115,194
3820,501309,501929,51,532
9588,501461,501857,131,249
11186,500855,500142,38,175
9411,500527,501888,131,388
21688,500177,500479,134,333
1050,501986,500998,141,332
23100,500667,501632,36,239
21790,501644,500861,100,348
8006,501796,501521,182,308
29072,500196,501063,135,416
9609,500131,501102,41,191
8060,501412,501825,166,413
26711,500079,500579,104,446
1404,501003,501323,15,142
11582,500489,500033,199,144
325,501176,500228,117,665
3165,501202,500173,152,301
15710,501201,501075,140,308
4936,500343,500368,115,345
28700,500987,501332,125,435
29017,500299,500542,50,109
27163,501892,500953,148,577
15556,500606,500190,121,164
20607,501093,501899,94,396
17424,501448,501786,137,323
25146,501350,500811,57,95
11235,501249,501524,133,812
7872,500846,500272,184,206
11143,500454,500764,139,260
27387,501674,501646,170,264
24382,501844,501638,106,238
18210,501574,501883,114,489
20653,501437,500049,55,80
4325,501532,500259,197,323
26369,500320,501184,145,321
5928,501592,500468,142,441
16112,500691,500390,92,499
1363,501873,500886,171,340
26265,501121,500422,169,430
28939,501439,501763,92,389
15669,500721,500670,124,311
7116,500676,500493,85,223
17277,501929,500657,145,469
26702,500199,500833,124,632
29566,501100,501903,53,178
8092,500332,500140,63,347
28067,500624,500446,116,403
6033,501825,500890,174,244
11960,500783,500455,104,311
1218,501387,500457,129,678
25283,500466,500843,25,68
26831,500642,501221,183,457
17699,501368,501636,40,76
3992,500825,501521,133,748
27363,501880,500916,118,303
22305,501349,500330,162,401
17983,501177,501194,110,139
28029,500949,500305,74,320
4572,500981,501725,110,302
12595,501864,501298,85,648
27988,501174,500723,42,73
25204,501495,500542,157,941
16144,500140,500167,190,923
27478,500868,500068,152,568
25779,500167,500168,28,115
25976,500302,501651,198,600
20603,500493,501113,121,299
2067,500284,500508,43,192
3814,501830,500561,198,379
24189,501999,500886,147,838
15059,501989,500431,164,666
12070,501263,500559,130,364
18319,500638,500328,162,332
15769,500658,500139,164,470
7954,501844,500484,66,631
24560,501249,500797,145,219
28597,501636,500282,120,255
6153,500898,501745,83,212
1346,500805,501195,142,331
17337,500405,501227,134,244
29921,500783,500232,182,487
26720,501259,501146,144,278
3703,500671,500091,205,456
7966,501212,500324,172,320
23273,501431,500328,129,166
195,500613,501892,139,446
29404,500491,501583,216,648
22245,500926,500232,118,403
6750,501103,500021,97,581
24599,501372,501090,111,339
21284,500538,500392,152,355
1504,501386,500385,103,259
7950,501012,500290,29,139
18060,500900,501131,137,469
15732,500336,501865,183,590
19537,500391,501591,116,175
4908,501736,500127,154,524
20984,501605,501605,57,587
6567,500258,500380,147,777
9996,500565,501268,88,537
11935,500453,500565,48,164
8758,501334,501660,135,401
13993,501114,500487,99,577
27434,500259,500521,114,302
2292,500503,501373,92,530
9027,500066,500995,127,654
18148,501303,501975,80,377
7382,501685,501024,156,466
22627,501816,500520,137,794
4750,500265,500012,62,131
659,500705,501889,107,336
23501,500947,500911,167,103
5170,500957,500222,115,231
22475,500702,501857,120,501
8708,501715,501027,59,136
6045,500862,501925,72,53
23957,501870,501587,164,340
16427,501793,501394,97,181
28862,501239,501016,123,605
19974,501652,501203,92,226
9457,501928,501398,140,241
6096,501690,500145,158,285
25965,501473,500323,125,490
23061,501338,501535,146,393
17724,902288,500090,187,197
16633,500704,500222,97,367
12735,501858,501628,169,389
5166,500721,501357,137,231
7025,501889,500341,55,118
22951,500145,500060,93,729
29558,500702,500735,156,576
1894,501623,500060,45,200
23020,501193,501305,134,614
24109,501777,501356,159,589
759,501091,501091,167,171
11842,500805,500455,170,471
29837,501446,501063,24,55
18826,501430,501399,164,740
24422,501309,500992,0,121
21967,500747,501684,143,1123
17727,500432,500886,222,843
192,501543,501610,58,171
362,501865,500902,99,524
11471,500041,500995,128,361
21440,501207,500284,136,260
10224,501535,501322,101,214
16008,500114,501843,20,93
18278,501677,500927,4,98
29032,501244,501917,163,608
7972,500414,501355,123,647
22298,501362,500056,40,180
589,501772,501646,124,431
13683,501280,500025,155,270
4497,501579,501835,54,178
16299,500116,500888,110,163
13143,500989,500380,43,95
14179,500714,501372,27,80
12103,501404,501163,112,383
12327,500702,500987,52,174
12740,500566,501870,139,271
16385,500907,501752,237,342
12565,500198,501316,235,135
25265,500401,500004,147,462
21285,500912,501816,81,658
7949,501646,501183,47,158
12696,501269,501696,126,419
6050,500888,500245,28,98
2616,501006,501860,172,472
5731,501439,500730,76,143
19655,501027,501066,118,511
5288,500876,500487,124,147
9077,501291,501825,151,353
1782,500651,501398,144,998
5757,501180,500345,255,236
22557,500045,501482,173,138
10215,500374,501706,144,1073
7807,501687,500806,154,405
16844,501022,500239,151,1464
18292,501964,500622,120,398
17617,500561,500870,101,197
27217,500197,500631,154,784
724,500358,500763,25,194
13748,500309,501108,126,855
14848,500213,500580,131,531
13262,500753,501676,90,426
21671,501657,500028,173,216
4887,500468,500364,49,178
5566,501899,501125,28,128
23593,501904,501828,115,482
13821,500950,501069,179,284
29949,500003,501400,201,942
6247,500873,501414,164,408
17978,500857,501313,146,481
8355,501217,501325,114,510
12654,500420,501051,166,505
13128,500342,501638,166,411
6926,501970,500677,34,156
16032,500077,500026,86,662
8086,500403,500965,153,297
24170,501700,501404,92,317
10760,500910,501384,189,649
12773,501469,501687,172,937
5635,500274,500422,135,666
11387,500267,501703,116,324
11241,501904,501152,115,393
24417,500949,501386,183,430
3503,500323,500336,155,194
20264,500754,500611,49,79
23090,500087,501212,199,627
18648,500390,501236,79,853
13175,500837,500969,147,198
7838,501320,500846,149,167
109,500142,500567,111,1020
14946,500839,500886,104,228
9878,501757,501518,139,498
18453,501316,501864,130,332
19092,501754,500065,95,613
9684,500153,501844,57,167
7063,501870,500088,31,93
22322,501771,501358,37,124
4629,500183,501875,179,233
2830,500210,501488,71,157
4595,501929,500064,153,379
3335,500987,500395,143,495
1866,500184,500241,141,160
28524,501931,500554,110,271
9456,500440,501463,137,801
27336,500481,501606,143,296
6397,500684,501429,43,305
13170,501909,501721,119,168
25994,501390,501781,89,519
11739,501685,500117,117,258
10187,500138,500232,114,1001
8896,501274,500615,114,485
8090,902619,500637,135,485
3462,501280,501314,185,421
22519,501506,500198,194,940
4870,501244,500497,152,289
13984,500676,500360,194,1121
8685,501951,501028,160,388
9499,501967,501723,190,376
2876,500739,500266,218,815
443,500174,500127,113,545
24743,500546,500345,48,114
13325,500762,501531,132,369
27129,501106,500597,118,193
20290,500870,500944,121,219
19105,501938,500311,191,229
15968,500094,500553,176,830
7470,500182,501323,43,98
16339,500217,501858,124,618
8051,501327,501884,142,294
2826,501754,501674,85,368
4147,500726,500256,162,372
14757,500134,500930,196,164
17725,501588,501728,129,292
5122,501465,501899,189,260
1042,500213,500422,136,638
2788,500419,500767,31,105
20434,500765,501305,148,184
22512,500467,500597,161,504
16324,500668,500893,156,319
4419,500886,500460,142,764
19725,501505,500933,13,210
16481,501682,501114,146,261
19125,501739,500814,156,221
16147,500431,501298,125,671
5926,501828,501251,103,540
26373,501574,501360,164,570
5682,501143,501037,116,319
10897,500771,501060,162,447
15002,500530,501945,166,397
29852,501382,501367,163,354
20185,501850,500938,39,46
27914,500441,500431,175,343
2709,500720,500302,77,281
1447,500613,501778,146,482
29267,500131,500356,30,177
15246,501561,501788,143,256
25022,500465,501998,189,468
24789,500390,501615,35,202
28498,500732,500845,57,117
20841,500257,501142,134,325
10186,501033,500625,136,305
2885,501706,500515,122,340
2078,500757,501601,94,287
11994,501580,500675,160,512
27246,501112,501989,129,408
3910,500510,501740,187,472
6620,500046,500028,160,271
23509,501232,500156,46,171
23922,500466,500732,147,384
7773,501338,500925,121,353
19847,501007,501025,174,283
24904,500506,500257,118,692
26175,501330,501228,192,322
19657,500089,500496,4,165
12706,500050,500441,124,411
21826,501721,501387,161,344
19635,501142,500726,22,72
25172,501413,501059,135,248
24972,501135,500764,140,689
24556,500080,500210,177,492
1643,501224,501568,110,157
21875,500158,501103,225,110
7378,501128,500581,131,249
6023,501499,501113,145,570
2394,900996,501403,129,269
23865,500402,501627,207,329
7005,501025,501948,138,516
26045,500094,501338,235,701
6210,501491,501635,155,410
3125,501199,501132,124,240
12554,500258,501471,167,222
27742,501817,501743,149,434
4399,501743,501333,148,565
8930,501562,501287,103,532
11761,501919,500284,159,274
27723,501491,500657,206,216
19571,501674,500788,186,574
25527,501920,501084,129,547
21807,501805,500200,53,544
14994,501532,501125,54,328
25325,500436,501887,188,722
28118,500891,500978,154,328
24365,500272,501169,127,358
8136,500570,501883,103,621
19688,500298,500873,204,235
7931,501752,500453,118,383
20713,501340,500123,161,287
13222,500057,501776,101,256
3029,500215,501043,141,648
18005,501413,500909,145,833
3688,500586,501078,134,256
29094,500518,500900,200,450
22278,501960,501551,81,796
8553,501399,501245,20,265
2772,501313,501113,55,77
11901,500084,501303,61,89
10902,500937,501700,181,708
27679,500188,500613,50,105
6454,501423,501676,134,212
17696,501183,500945,15,306
27773,501247,501139,124,1207
20131,501912,500374,176,304
328,501379,500001,154,379
29687,501969,500657,115,669
10141,500621,501806,195,306
20890,501263,500303,64,91
22050,500300,500131,131,544
16361,500733,500559,166,1019
740,500896,501793,116,378
6521,501340,500969,125,384
5436,501426,500543,111,217
29545,501694,500365,192,748
18397,501844,501489,41,148
24075,500788,500116,111,335
29606,500265,501346,176,507
23608,500888,501514,39,131
20760,501110,501027,203,344
20393,500566,500460,124,261
3636,501195,500907,52,368
14989,500239,501244,76,429
11628,902659,501261,96,157
27329,500219,500503,130,186
2124,501486,500145,178,182
9274,501421,500937,144,1333
26636,501880,501923,119,712
13091,501862,501362,14,171
20778,500155,501858,172,698
9299,501113,501111,16,78
25081,500274,501677,164,159
20144,501941,501997,171,446
22163,500492,501596,100,322
13600,501968,501684,156,156
2281,501220,501968,125,1030
27649,500413,500711,22,89
7030,501081,500657,106,263
21549,501981,500386,104,523
9697,501336,501161,140,447
11647,500545,501159,67,659
29189,500455,500008,178,738
1361,500997,500496,25,42
1552,500988,501955,176,323
22467,501098,500212,169,265
23926,500835,501657,95,558
15579,500404,500149,47,144
26378,501168,500978,48,438
24777,501552,501114,31,108
19454,500361,500308,83,300
5505,500319,501071,165,346
23846,500248,501107,125,558
15762,500778,500781,29,42
25442,500074,500720,113,462
360,501076,500134,30,83
21131,501148,500387,165,619
23734,501938,500495,181,154
26501,501479,500331,153,329
15239,501749,500149,157,213
21422,500616,501820,16,266
801,501744,501668,159,344
16511,500248,501157,153,133
13703,900333,501189,121,575
13039,501255,500297,141,418
7204,500561,501517,172,521
28410,500365,500497,124,646
14128,500482,500950,25,94
5930,501758,501149,130,265
5045,501159,501055,145,102
4556,501311,500248,245,229
22964,501631,500904,141,228
16777,500678,501739,176,336
27278,500736,501440,73,387
13760,500101,501060,147,1085
23966,500322,500368,122,342
21522,500593,501938,86,96
26360,500974,501517,177,759
21030,500739,500737,120,277
4929,501400,501649,23,152
23018,501093,501425,123,529
29445,500915,501998,57,92
21699,500676,500685,117,323
15077,501634,501930,19,196
1597,501625,500370,156,155
20160,500100,500807,15,290
29337,501107,501878,91,180
22072,500519,500487,158,644
3239,501206,501295,122,509
16707,500174,500287,115,291
13338,501166,500064,166,885
8900,501221,500754,153,137
20677,501995,500233,133,581
29887,501869,501966,147,416
1412,501194,501604,60,67
20960,501541,500785,90,574
27475,501191,501227,177,171
6420,500020,501299,138,570
19590,500950,500753,124,336
25509,501942,500567,36,32
13115,500800,500098,158,220
11469,500597,501723,162,243
2702,500251,501784,48,79
18884,501061,500123,44,115
20008,501328,501107,144,398
73,501793,501012,160,342
9198,500512,500188,136,529
682,500846,500771,73,480
29438,501210,501458,165,245
4292,500001,501031,81,125
19529,500816,501763,121,2407
10425,501686,501934,176,465
24197,501324,501375,143,596
4004,500752,500721,244,91
9537,501356,500114,142,669
21244,500080,500813,162,472
22079,500758,501684,125,392
3570,501981,500981,161,802
20586,500930,500319,164,496
26589,500781,501038,71,253
14425,500257,501239,172,322
25612,500088,500432,202,368
5448,501627,500578,116,265
11290,501125,500624,121,249
1802,501570,501383,58,115
8862,501358,500899,148,416
16851,500690,500779,79,271
20176,500327,500124,118,376
26605,501847,500211,143,580
11614,501705,501008,3,88
10955,500959,501704,106,324
17682,501383,501588,114,254
22242,501147,500345,115,319
538,500653,500395,119,453
27315,500309,501179,157,378
12172,501750,500934,121,432
3475,501193,500705,116,246
14100,502000,500495,109,1225
13946,500470,500861,127,409
9864,500212,500972,157,458
20814,500389,500204,31,188
4487,500154,500658,149,250
4555,500984,500592,24,109
18697,501134,501057,153,247
1179,501862,500844,31,104
20453,500868,501228,90,411
24764,500627,500882,97,832
774,500586,501967,149,302
1948,501391,500735,103,278
17274,501034,501953,191,285
80,501683,501610,20,115
14223,501932,501816,15,99
3965,501581,500435,179,119
20079,500572,501617,138,426
28344,500524,500075,118,368
25394,902300,500516,143,586
10913,501717,500259,85,802
24320,500670,500790,150,580
15631,500003,501045,67,500
23670,501268,501213,134,273
27566,500018,501561,167,688
28231,501302,500037,79,528
29266,500983,500212,15,123
9556,501929,500721,121,437
2734,500496,500060,137,306
26329,501043,501951,100,373
11400,501654,500091,138,766
1205,500531,500540,170,209
1185,501804,501386,203,551
9548,501478,501406,231,326
835,500173,500667,125,703
18128,500323,500954,160,359
11455,501967,501960,102,782
15138,500688,501831,62,84
8920,500476,501053,130,391
3258,500291,501818,145,324
14342,500258,501802,142,251
4616,501832,500102,63,106
12083,500937,501374,187,897
10644,500442,500832,150,242
20589,500032,500312,138,296
1098,501031,501237,152,433
1115,501707,501002,209,497
21906,501786,500464,139,303
3757,500328,500765,190,572
16697,500111,501107,166,318
5473,500847,500487,118,259
21500,500179,501244,142,555
1627,500709,500239,146,354
28078,501057,500979,51,97
25878,501069,500746,142,327
6066,501381,501643,166,133
8252,500716,501032,97,357
24776,500440,500884,191,970
24592,501495,501631,161,672
21793,500601,500757,142,714
19629,501843,501161,112,733
16508,500896,500845,131,357
3217,501421,500662,145,486
12969,500825,501038,127,506
1940,500597,501145,138,342
16259,500845,501426,124,360
20288,500098,501344,180,386
20497,500250,501429,176,315
27580,500423,500208,127,556
27910,501197,500066,183,740
29611,500718,500932,157,130
28773,500331,501058,112,590
21588,501553,500564,7,125
18926,501736,501781,198,511
11368,500431,500208,24,80
18203,500100,500075,143,246
17426,500876,501355,135,601
9854,501170,501816,145,350
2688,501203,501780,141,497
23202,500650,500111,131,249
12294,500848,500576,139,465
12775,501445,500941,150,220
2684,501542,500721,37,131
16436,501315,501511,126,440
7257,500942,501701,140,253
6678,501929,500705,177,580
6141,500065,500770,137,196
11858,501060,500982,176,595
19001,501022,501039,230,391
28901,500366,500028,107,1012
5894,500544,501751,102,472
25689,500687,500920,123,865
13448,501970,501478,156,163
11208,500518,501571,163,165
14574,500268,501468,211,389
14728,500543,500930,93,263
15743,501386,500265,42,141
21963,500390,501319,177,1029
1900,501596,500758,111,571
46,501912,501531,185,308
20725,501497,501210,109,304
20371,501338,500345,94,196
14351,501177,501328,108,481
11180,501942,501576,171,255
768,500782,501605,154,137
673,501796,501317,5,156
8864,501788,500804,101,241
18568,501040,500765,142,994
5199,501235,501716,81,282
10998,500584,501293,177,406
18674,501178,500470,132,821
28845,500256,500989,127,653
9316,501976,501269,149,687
2741,501787,501645,135,628
9553,500180,500710,174,314
23972,500781,500070,181,528
7194,501770,500699,50,248
27638,500729,501247,100,365
26962,500201,501662,108,300
15773,500659,500587,154,986
23793,500518,500567,174,454
12085,501730,500658,146,437
1536,501912,501364,189,213
20901,501266,501439,73,701
3738,500732,500576,167,375
7096,500668,501488,153,400
6275,500790,501082,153,584
171,501079,501592,182,597
23068,501290,500680,109,520
27559,500491,500637,151,339
24133,501726,500332,118,316
29935,500995,501886,114,233
722,501504,501504,135,439
19385,500696,501744,147,472
15512,500372,500410,18,91
11294,500878,501814,198,472
23324,501183,501597,54,106
28476,500214,500762,122,582
25040,501873,501024,173,367
19307,501290,501595,140,117
21361,500642,500978,93,602
26287,500922,501463,133,413
25039,501548,501108,35,57
13866,500888,500999,135,1061
15326,501894,500256,102,478
11032,501031,501802,146,390
21870,500401,500088,137,298
19650,500400,500354,173,1107
29351,500051,501375,134,329
26876,501989,500320,144,197
14332,500513,501023,141,775
9639,501252,501441,28,125
13776,501868,501919,112,258
27537,501217,500746,123,431
27681,501920,500800,138,409
4336,501886,501346,52,419
3581,501491,500737,69,404
12989,904849,500999,47,58
29522,501393,501179,193,230
7143,500898,501363,229,318
12978,501326,500328,200,268
23755,501470,500063,29,105
28785,501433,500663,93,426
9125,501440,500565,112,507
16390,501618,501117,126,235
16311,501576,500661,52,177
26244,500959,500570,198,351
27542,501444,500821,23,64
13004,500828,501422,33,154
3693,500440,500323,142,349
27874,501149,500962,108,1201
15095,500272,500659,109,391
4496,501115,501689,115,536
12387,501315,500189,128,258
25002,500440,500923,214,388
13630,501883,500392,138,558
4084,501904,501453,125,331
1095,500211,500390,156,408
21752,500472,500367,152,632
27951,501327,500808,104,326
19020,500385,501028,108,718
6215,501076,501193,121,285
17159,501372,500550,96,310
2719,501890,501376,188,335
19202,501911,500189,23,391
22783,500305,501996,163,361
10021,500364,501142,29,186
23105,501092,500795,142,410
8066,500732,501319,139,665
14611,500019,501537,88,439
23491,500087,501387,34,103
3953,501878,500237,173,80
9470,500583,500886,32,139
15127,500609,501185,78,298
10149,500797,501982,112,624
18132,501105,501386,29,157
29320,500586,501613,57,124
13380,500785,501464,91,349
21475,500907,501495,131,313
19379,500771,500717,30,186
13446,501661,501148,230,360
29556,500489,501850,160,275
23863,500293,501834,130,337
8578,500677,500617,25,108
23172,501494,501606,242,243
10665,501076,500751,113,361
14523,501563,500862,117,203
10687,501858,500314,167,480
4447,501217,500556,110,142
23325,501119,501483,89,298
16552,501675,500176,136,140
27270,501471,501952,152,651
2956,500639,500343,145,193
28401,501363,501655,168,738
14253,500294,501643,161,142
24411,500478,500356,198,672
4036,501041,501892,143,143
2389,500980,500010,76,662
6164,500425,501029,46,123
25337,501562,501159,121,588
1809,500094,500386,144,646
6108,501551,501350,148,797
11974,500023,500383,30,92
27291,500968,501079,222,317
12633,501991,501491,169,451
1717,501127,500734,100,385
8949,501162,500090,114,441
11861,500305,501045,183,422
19304,500184,500464,73,202
2006,501541,500374,164,162
705,500898,501002,167,251
55,501349,500275,17,42
29298,501103,501073,131,321
9256,501828,501299,151,460
23554,500342,500091,205,635
6392,501510,500398,22,135
23725,500524,500252,132,341
20782,500487,501691,61,421
22902,501687,501269,130,431
15227,501786,501143,108,691
29342,501682,500942,122,224
16506,500553,501067,11,89
14211,500696,501956,123,492
17591,501395,500218,148,473
19083,501470,500460,106,203
23169,501883,501461,152,210
27558,500586,500282,199,138
21134,501775,501468,194,329
5175,501019,501311,10,99
17393,500033,500081,169,186
9066,500689,501992,146,270
19573,501173,500819,146,429
5531,501084,501956,163,757
3224,500798,501644,39,97
6072,501653,501139,105,572
1988,500359,501609,96,268
26296,500501,501271,176,204
10750,500646,501085,82,533
27470,501695,501397,189,533
27557,500466,501259,63,364
15394,500110,500922,163,513
22387,500470,500333,120,179
5476,501226,500966,140,203
18837,501507,500208,151,176
14289,501391,500218,129,623
18920,500019,501103,34,78
16291,500550,500367,170,248
23659,501239,500281,80,327
28553,501244,501394,196,611
16297,501617,501382,109,293
1313,500512,500308,136,181
15820,500200,501656,46,99
12276,500725,501382,152,143
6004,501884,500555,0,118
22833,501542,500687,165,576
6010,501608,501338,110,317
12843,500930,501600,124,481
13784,501693,501179,111,275
28487,501259,500764,110,570
19640,501127,500999,155,497
23807,501810,501390,80,377
12770,500399,500623,50,67
15503,500137,501776,15,193
29856,501740,500116,193,171
2759,500874,500133,196,1461
5067,500637,501110,33,84
8212,500422,500702,91,366
23038,500607,500786,188,209
783,500930,500441,149,345
10723,501131,500541,29,193
18996,501695,501391,169,726
19561,501530,500890,138,620
6112,501466,500212,131,485
21166,500460,501199,0,65
1709,501675,501776,157,498
12036,501145,501695,97,2098
8424,500538,501707,116,234
21842,501861,501051,151,1121
12191,500021,501079,138,481
21597,500898,501895,163,1210
22103,501568,500166,117,467
23693,500452,501088,56,92
23044,501019,500611,163,319
743,500495,501410,107,352
22758,501105,500233,173,662
15994,501916,501069,231,539
22864,500361,501780,130,289
18914,501076,501677,126,254
19151,500419,501440,77,275
19697,500003,501142,104,327
27724,500492,500735,196,488
19309,501685,500356,152,334
1433,501483,501495,125,297
2198,500982,501922,91,307
27750,501364,501654,175,408
21204,501128,501888,118,343
3809,501831,500416,101,558
27797,500493,501761,139,413
26946,501052,500146,61,151
27602,500935,501667,26,131
7969,902684,501460,110,732
7316,500244,500435,185,188
29799,500899,501246,86,526
21061,501596,501525,139,249
17482,501204,501444,57,163
8256,501782,501860,156,383
7806,501489,501916,206,389
16559,500738,500608,220,336
1999,500385,501960,127,389
10200,500966,500545,155,208
6452,501765,501795,129,444
19801,501307,501781,171,222
1735,501951,500685,110,138
10860,500524,500667,143,256
14793,501268,500559,96,369
15370,500987,500904,143,194
16057,501383,500237,144,621
29167,500460,500561,170,1162
21227,501878,500987,109,331
19630,501407,501028,134,412
6709,903191,501747,73,240
4603,500908,500325,16,115
28433,501969,500960,146,552
10906,501511,501871,39,88
5867,501776,501581,159,475
18016,500819,500592,45,97
22055,500423,500657,133,152
13829,500127,501105,149,580
2450,500651,500386,194,284
26142,500907,501397,107,329
23416,501153,500391,123,498
10696,500882,501999,54,74
21069,501960,501631,133,382
594,500800,500732,232,619
5514,501511,501631,159,558
560,500544,500734,202,320
8725,501527,500356,179,257
8312,500184,501826,153,341
7808,501034,500504,32,202
29756,500332,500754,63,87
19376,500202,501945,164,574
4061,501333,501160,155,305
29974,501771,500467,62,214
16288,501263,501290,186,541
25136,500449,500359,86,405
22923,500449,501605,140,232
13639,501426,501941,112,104
14348,500926,501682,101,901
12040,500222,500185,31,109
16154,500624,501311,113,176
13683,501280,500025,155,270
24116,501199,500923,134,780
28202,501368,500183,111,857
14339,500228,501087,122,495
20128,500514,501644,153,266
12582,501189,501591,23,199
14337,500899,501361,176,344
10390,500304,500927,106,892
7961,501225,501747,178,158
29881,500051,501606,119,483
24253,500613,500262,88,125
24203,501296,501833,64,161
16911,500542,501581,89,277
27311,500132,501346,114,227
2545,501582,501364,73,590
18472,500314,501661,109,621
19076,501341,501015,117,226
21235,500636,500938,116,155
17644,500074,500487,125,312
906,500777,500746,147,1516
2073,501941,501259,102,381
30000,501526,500718,34,71
22643,500066,500029,168,513
13404,501608,500390,90,175
8332,501919,501043,164,607
19375,500531,501991,151,368
21121,500135,500513,173,461
16039,501628,501584,135,335
1817,500179,501946,155,260
14330,501250,501915,25,124
22715,501848,501311,146,283
3231,501217,500371,105,179
8905,500217,500969,182,357
14461,500436,500191,127,1295
18418,500192,500689,123,298
29305,501144,501582,170,792
2116,501142,500034,33,85
21308,500104,501031,224,384
25860,500119,500382,152,427
10784,501071,500690,171,254
24518,500402,501588,171,444
15532,500368,501995,83,408
28797,501224,501179,193,356
8555,501717,500391,145,706
7578,500886,501432,121,422
12101,501718,501149,83,877
11007,501355,500088,135,952
11955,501367,500202,132,502
26688,501249,501450,52,731
10299,500915,501082,138,365
27000,501663,501506,112,138
11090,500571,500935,189,285
9523,500153,500496,116,192
83,501605,501775,116,561
21348,500583,501232,123,447
23317,500552,501816,2,95
23960,500713,500355,65,84
13172,500954,501731,118,290
3452,500687,500931,144,548
16067,500402,501932,218,533
17030,501850,500160,186,466
18528,501778,501860,126,529
25428,501394,500174,121,471
18958,501375,501066,150,337
1232,501608,501193,56,495
29509,501675,501313,133,353
15085,501269,501075,150,290
16451,501109,500416,135,495
9978,501162,501228,158,241
5211,501322,501287,123,950
24006,501303,500112,144,377
16706,501639,501081,177,217
9768,501941,501487,139,520
15177,501198,500813,107,296
26656,500002,500732,72,388
1937,501909,501453,165,163
20690,500174,501090,204,230
15325,501986,500841,160,339
13817,500266,500033,108,833
24172,501638,501448,148,459
26913,501786,500202,133,489
18440,501596,501091,92,192
8395,500930,501550,132,235
16165,501008,501831,20,103
17686,500646,500199,124,582
9888,501239,501489,102,229
17874,500874,501425,184,995
26324,501395,501929,97,618
18691,501429,500835,193,408
7703,501308,500709,134,274
26303,501259,501349,143,423
11553,500121,501184,94,381
24385,501445,500533,50,133
10020,501029,500689,150,475
21470,500505,501580,171,242
27616,501421,501562,163,338
24341,500359,500323,103,299
654,500502,501057,139,402
28218,500133,500934,175,329
16915,501505,501409,156,247
25046,902386,501934,73,116
27702,500444,501174,191,469
4866,501804,500517,130,174
7105,501895,500861,170,741
7655,500943,501499,165,461
22952,500608,500941,175,96
17108,500628,500008,123,159
15151,501542,500942,33,203
7545,501535,500238,137,265
1892,500668,501075,124,476
24330,501076,500149,137,331
27547,501298,500914,124,481
1454,500570,500050,140,713
11813,500542,500716,129,238
8389,500237,500236,151,388
6472,500553,500898,97,192
28549,501780,500037,184,308
26084,500158,500034,136,253
26165,501703,501753,102,885
15771,500770,501219,165,219
22484,500756,500991,139,253
24147,501536,501226,158,374
25203,500180,501400,166,158
1966,501591,500788,140,427
21221,500739,501973,124,274
10130,501778,501691,125,151
22533,501084,501060,71,299
25735,500086,501777,146,678
8285,501926,501132,191,410
8106,500669,501081,47,152
96,501176,500927,150,152
26771,500783,501143,49,146
5631,501969,500938,149,546
14507,500683,501695,115,831
10193,500135,501606,148,500
20084,500762,501580,170,408
14117,501969,501363,123,181
8946,501657,500553,145,348
7501,501923,500471,120,508
18515,501350,500811,88,553
1719,501723,500190,132,529
7057,501515,500198,103,468
1315,501509,500953,155,480
23788,500632,501000,147,153
483,500757,501098,158,397
25949,500533,500784,143,285
13287,500077,501533,127,386
2480,501163,501234,116,314
29666,501193,500735,160,447
11663,501110,501608,121,397
15156,500782,501870,9,180
874,501398,500998,197,396
21538,500546,501134,27,212
26700,501595,501869,111,453
12507,501792,501103,150,339
1575,501206,501483,158,786
18938,501033,501302,238,272
10291,501105,500390,182,404
25906,501580,500004,127,197
19161,500742,501693,16,111
16388,501002,500900,107,312
1978,500530,500944,77,323
15256,500484,500514,121,910
23787,501990,500210,144,235
29492,500208,501009,35,150
16512,501697,500446,183,932
13125,501528,500003,121,339
1436,501486,500100,93,657
1244,501221,501060,213,624
18091,501127,501406,108,311
20861,501919,500898,189,545
12115,501828,500738,182,307
8277,501785,501117,118,342
6156,500449,501843,70,70
10327,501683,500061,111,205
12187,500006,500650,121,1296
17578,500020,501787,34,183
13517,501815,500705,149,445
14549,500484,501153,128,133
4311,500765,500204,187,616
25522,500330,500938,138,452
7210,501985,500868,157,481
13104,501658,500734,120,282
8971,500825,501303,151,764
24575,501890,500446,138,126
7900,501068,501531,66,282
12312,501819,500198,8,63
12134,500709,501162,54,176
27196,500722,500076,129,502
22954,501002,501409,171,525
1157,501094,501012,136,828
14405,500185,501582,178,711
1300,501344,500457,167,264
26958,500340,500151,28,88
22425,501750,500966,142,346
19165,501635,500608,140,181
26988,500957,501413,37,103
10968,501965,500673,44,186
13850,501420,500447,21,59
18281,500287,501106,31,58
551,500480,500424,115,755
8670,501357,501744,172,362
21070,500274,500737,129,317
14714,501043,500836,43,102
18240,500059,500091,160,456
17013,500001,501697,114,205
21768,501682,500359,33,67
15922,500705,500954,116,648
16181,500181,501180,102,136
18792,500033,500519,124,248
15435,501578,501310,146,275
22089,500305,501113,141,755
11023,500322,500683,97,354
15961,501566,500412,37,168
1001,501763,500654,102,218
25184,500697,500302,168,377
24399,500266,500621,162,622
17618,500868,500908,161,617
18864,500025,501596,85,239
20059,500974,501410,148,273
1933,501729,501428,119,254
1584,500512,501435,42,173
5277,501066,500745,34,111
17649,501338,501701,198,430
15878,500726,501886,157,80
1727,500467,500873,199,663
19484,501765,500777,180,1082
9831,501386,501237,96,595
16501,500516,500751,162,248
26561,500966,501870,170,531
29396,501834,500479,13,162
18026,501479,500506,201,863
12534,500520,501179,53,216
27286,501764,500782,116,357
8966,501533,500910,197,339
8001,500890,500207,127,380
22940,500780,501724,83,328
15405,500457,500613,85,190
1755,500039,501227,132,409
19139,501735,500076,201,498
8218,500704,500110,203,572
1411,500932,501439,101,554
5417,501861,500375,16,112
2442,500841,500416,37,104
25895,501625,501645,114,616
12282,500008,501031,13,118
29375,501643,500941,161,391
13751,500949,500720,79,641
18341,500817,501998,144,1069
21908,500069,500850,27,81
27261,500621,501815,148,207
18839,501578,500151,173,613
20365,501819,501315,139,518
6514,500653,501353,139,1306
22301,501092,500705,180,274
4577,501981,500056,138,700
9427,501857,501268,188,877
2775,501743,501272,118,260
22379,501177,501177,127,872
15469,501601,500824,146,252
20927,501053,500998,1,90
28008,501524,501291,2,186
10234,500473,501143,139,391
14430,500257,500747,117,878
15715,500577,500056,138,854
13969,501530,501729,17,68
22388,501848,501224,110,251
16908,500176,500114,148,180
22132,500926,500645,17,122
19308,501826,500403,91,535
14993,500572,500910,159,321
20683,500726,500250,57,172
25168,500687,500841,164,1073
23744,501596,500814,102,586
5107,500236,501957,18,113
23250,501955,500201,179,490
3656,501777,500501,146,588
25074,501162,500673,175,360
9770,501946,500884,88,317
29582,500166,500957,156,320
13306,500873,500287,186,724
2138,501216,500710,5,110
20222,501704,501426,100,159
23947,500269,501862,23,57
17162,500831,501829,172,303
25457,501734,501506,117,505
20392,500857,501029,128,717
17035,501383,500061,158,390
18981,501923,500804,96,619
21430,500969,501741,85,465
25787,501413,500806,155,531
15848,900999,501911,138,302
8576,501426,500872,77,166
23415,501788,500318,202,379
4568,500274,501022,171,499
8264,500218,500639,83,159
17998,501917,500971,169,523
7657,501059,500274,33,76
14699,500690,500870,171,474
11106,501020,501628,161,299
14315,500571,501520,81,499
962,500106,501071,27,144
18206,500505,500575,40,76
10923,501324,501384,108,626
29777,501955,500814,38,288
9834,501201,501528,172,603
8934,500891,500597,126,680
24903,500076,501215,66,85
12626,500258,501102,225,557
19272,500228,501443,179,208
2609,500582,501713,7,217
4402,501268,501969,141,451
26733,500926,501215,187,168
18843,500323,501170,113,417
10278,500383,500937,90,399
12296,500731,500470,144,146
3866,501625,501148,148,285
5049,501190,501646,165,389
26254,500304,501806,17,181
26339,500506,501255,152,673
17336,500672,500084,101,524
24503,501413,500721,181,134
14690,500543,500781,125,126
9079,501817,500238,25,62
17546,500148,500736,52,142
15877,500064,500188,184,483
2818,500899,500524,180,208
17908,501616,501687,156,175
22892,500201,501311,33,118
6763,500771,501319,101,167
27662,500164,501154,26,206
8234,500280,500583,59,453
8191,500401,501695,151,304
23439,501826,500690,108,385
3740,500060,500356,105,293
11727,501231,500785,119,645
18913,500886,501541,133,282
10427,500121,501967,206,142
3784,500200,500832,178,875
22051,500215,500094,70,316
29603,500856,500795,157,676
24883,501687,500970,128,400
16510,501058,500805,127,668
2946,500922,501495,141,732
15998,501663,501211,46,266
11896,501285,500550,155,675
8101,501975,501937,30,74
22808,501194,501965,122,609
5764,501263,500533,138,266
16500,500101,501152,140,832
11002,501008,501535,39,135
29493,501219,500119,104,775
9149,501043,501046,75,185
25188,500645,501810,165,214
23989,501135,501678,179,627
6843,500825,500676,67,352
19568,500999,500323,187,199
2051,501469,500790,143,364
12173,501015,501133,162,888
7769,500050,500949,112,568
24994,501652,501892,156,254
23370,500506,501843,185,500
11605,501912,500294,164,141
7145,500064,501999,30,82
651,501336,501853,35,182
15201,500746,501706,151,287
8350,500045,500376,179,238
25361,501028,500837,127,272
1002,501515,500667,166,508
16298,500624,501973,147,322
20302,500645,501255,72,610
18014,500023,500702,135,360
27898,501952,500861,152,160
10951,500106,501230,3,174
6645,500006,500098,181,365
6202,500919,501456,171,257
14684,500120,501666,144,318
27709,501536,500998,152,801
25811,500923,501492,164,514
28217,500959,501768,14,103
27876,501503,500562,156,581
9044,500476,500733,98,276
22938,501302,501426,110,651
7281,500502,500848,155,323
5220,501651,501990,129,404
3412,500036,501881,165,547
21957,501227,500671,35,83
1480,501140,501298,51,106
20137,501036,501991,64,190
15648,500952,500185,99,691
23142,501608,500798,52,197
17934,501645,500046,192,481
12088,500745,501528,104,253
24147,501536,501226,158,374
3097,500236,501362,117,930
28881,501796,500056,168,348
11480,500825,500392,170,357
1617,500250,501600,136,213
18526,501787,501048,205,227
10725,501144,500962,173,214
16536,500180,501670,131,742
4779,500518,500884,164,490
10515,501844,500288,41,233
10907,500446,500583,107,465
18449,501764,500562,178,1027
15408,501782,501322,9,29
24846,500080,501280,86,551
7162,500758,501616,213,390
18267,500185,500314,130,272
20526,501119,501463,102,560
8972,501335,501331,127,898
7608,500561,500627,33,833
12550,501085,501552,38,208
24863,501066,501353,148,644
9018,501384,501464,137,327
786,500510,500550,172,284
3314,500051,500459,195,459
18074,500984,500701,54,204
16813,500264,500830,135,628
23031,501179,501247,127,419
8582,500487,500261,217,363
2914,501439,500268,11,64
20659,500256,501891,85,155
12131,500485,501390,82,403
12642,500547,500371,118,336
21912,501737,500651,128,425
2823,500237,501777,141,241
22470,501062,501335,206,412
16794,500552,500802,60,137
5993,500497,500326,161,545
20155,501055,500328,183,220
23078,501736,500291,189,401
14442,500319,501050,192,459
13015,501814,500492,124,510
28746,500739,501034,93,868
24767,500135,501868,130,396
18510,500345,501846,106,562
27529,501691,500760,71,446
6705,501817,501956,94,918
13588,501070,501169,33,154
21822,500278,501190,116,525
10538,501219,500039,136,338
1094,500595,500364,38,101
1791,500308,501353,134,252
14601,500042,500284,35,138
21118,501108,501542,175,499
8383,501436,501168,88,371
20994,501213,500786,112,998
4258,501307,501338,113,447
13558,501808,500032,90,417
10541,500545,501307,37,63
3214,500608,501217,84,311
18820,501251,500930,142,395
10345,501751,500760,123,973
12535,900139,501755,121,448
5643,501911,500517,68,279
24389,501727,501833,209,317
2930,501844,501426,148,409
4280,500435,501677,117,502
6471,500601,500190,38,286
14129,501298,501455,51,52
6036,501390,501712,32,60
26436,501224,500164,95,388
21686,501053,500074,186,404
13765,501960,501820,130,448
16260,500772,500336,22,112
2527,501145,500531,104,257
12247,500098,501161,227,1035
469,501418,501883,139,719
24134,500912,500774,104,770
29073,500037,501197,165,939
5522,500169,500487,46,154
4705,501956,501662,151,379
23189,500262,501007,209,321
3949,501704,500922,127,337
8183,500639,500672,152,336
10748,501931,500164,122,314
29812,501019,500110,127,548
28211,500888,500746,207,375
29151,500882,500574,157,231
21888,500804,500785,151,449
17376,500642,500293,172,375
7816,501039,500250,164,409
14570,501472,500767,37,86
20990,501952,501825,114,570
29546,500479,500188,0,116
17119,501214,501107,155,497
13133,501130,500908,15,64
3155,500545,500516,131,451
10985,501861,501146,143,416
4935,501246,501150,32,224
27766,500716,500471,140,768
21831,501691,501952,154,412
29495,501816,500952,148,272
13650,501990,500781,82,1747
963,501134,500876,131,423
6175,501830,501048,118,472
28563,500685,501666,191,154
5792,501146,501670,153,664
13215,501564,501465,191,301
8070,501320,500279,85,401
14978,500957,500361,158,344
19875,500334,500344,143,1137
10688,500366,500505,151,296
19534,501288,501118,172,180
15390,500020,501324,163,332
5780,501332,500885,187,1550
25418,501677,501213,113,279
18426,501772,501509,93,176
27845,501145,500767,171,792
10282,501695,501796,40,63
24394,501596,501584,146,164
23900,500705,500944,142,267
27282,500031,501995,217,1107
28806,501890,501730,162,397
13573,500264,501571,33,83
7453,500349,500349,15,91
2277,501342,501766,27,178
26260,501507,500783,133,402
15089,500537,501267,16,134
28035,501986,500774,28,170
3719,500218,500566,154,226
21986,500888,500926,117,408
3327,501903,501531,51,187
8964,501784,501999,194,255
19244,500943,501956,166,396
5176,501202,501093,135,322
29198,500998,500599,107,766
27011,500034,500190,135,218
3844,500251,501890,121,879
8476,501679,500944,129,443
15999,501212,500616,231,222
1177,501158,501490,142,970
3631,500912,500943,155,950
4981,501657,500149,44,144
7263,500930,501810,154,543
8448,501729,500998,137,1426
9909,501526,501040,20,202
21998,500670,500297,184,220
13597,500645,500280,103,547
19726,501311,500806,115,209
6048,501354,501814,8,129
6285,501174,500332,85,303
11435,500543,500196,24,149
25082,501391,500051,93,405
12113,500733,501239,99,362
1145,501244,500938,150,452
17776,501834,500184,105,645
12672,501303,500010,97,449
27416,500886,500036,62,211
21315,501681,501877,48,182
29703,500193,501880,186,233
6476,501037,501693,137,1092
4634,501200,501319,26,116
13788,500493,501402,19,51
648,501837,501340,91,362
22644,501655,500974,140,649
29068,501132,500248,104,515
6773,500098,500551,156,269
25709,500077,501397,186,348
24352,501271,500296,167,187
26724,500671,501681,152,371
4299,500584,500403,179,473
1797,501331,501421,134,273
8063,501676,500790,192,320
26717,500167,500733,183,380
13899,500818,501513,129,377
28505,500356,500006,115,167
14584,500259,500924,139,361
1562,500297,500446,143,427
1580,501028,500319,101,492
8887,500274,500460,135,473
4481,501506,500489,191,258
28866,501515,500204,5,383
16622,500832,500141,19,156
11261,501304,500841,85,159
7106,501410,500331,144,816
14118,500086,501033,81,165
19851,501563,500748,88,68
10670,500737,501298,157,204
52,501029,500868,102,384
29149,500174,500201,6,106
3246,500658,500413,167,297
9716,500080,501894,161,292
736,500939,500776,57,160
14083,500039,501895,135,470
20532,500758,501541,99,421
20016,501666,501025,21,157
8984,500174,501418,97,575
22231,501114,500680,180,397
5534,500158,500295,151,743
17084,500154,501311,142,476
25789,500611,501595,133,600
22439,501336,501485,156,689
3447,500151,501370,163,399
24626,501685,501999,43,79
2254,500697,501730,182,271
10471,501374,501418,97,395
6297,500502,500756,158,379
3699,500824,500309,200,363
12924,501904,500679,93,522
9718,500841,501785,182,257
27916,501848,500942,156,466
20010,501786,500179,30,86
11980,500999,500730,141,451
16565,500164,500273,53,156
28630,501088,501288,41,110
15369,501184,500370,146,250
27343,500759,500481,174,814
23216,501037,501531,136,662
430,500805,501162,116,736
10461,501264,501575,130,452
4889,500344,500004,138,227
5716,500009,501106,45,53
7920,500849,500196,18,167
4631,501460,500334,0,102
15264,500465,500471,166,171
21785,500316,500189,158,351
29107,500105,500989,129,523
11978,501905,501886,192,674
2691,500259,500279,55,485
17051,501660,501798,62,649
16816,500952,501391,143,657
16488,501442,501969,34,187
13912,500105,500284,96,627
10171,501537,501098,197,230
28991,501784,501587,103,327
19761,501814,501251,99,470
11147,501547,500119,140,1679
15319,501619,500987,90,750
1583,501768,500332,99,510
18474,500702,500065,132,507
19471,500433,500640,103,315
20066,500109,501107,73,88
24434,500914,500453,119,558
9972,501320,500572,147,667
20519,500999,500728,154,372
17688,500856,501628,210,670
6789,501126,501339,14,106
7233,501674,501450,106,307
3995,501745,500638,189,507
4237,500679,501967,99,464
5618,500442,500762,30,100
10992,501207,501828,178,414
23099,500179,500669,166,1296
29472,500287,500462,68,620
28026,501422,500421,0,142
12349,501165,500245,53,227
451,501752,500081,3,111
19328,501073,501199,136,281
162,501892,501567,212,278
10759,501127,501932,133,361
3722,501179,501382,168,312
22366,501631,500383,128,426
16148,500728,501830,127,445
18924,501782,500162,108,408
10597,501368,501611,98,313
3273,501316,501618,149,256
8604,500551,501384,40,38
19583,501374,500749,121,444
28395,501995,501180,25,82
6329,501724,500771,82,453
21313,501646,500576,155,455
26071,501215,501691,173,552
22194,501864,501273,96,422
17609,500464,500332,199,318
26058,500574,501494,63,243
8184,500292,500572,11,149
22336,500746,500298,106,466
1845,501423,500126,184,248
29211,500356,501315,130,454
20428,500871,501806,139,218
3133,501482,501706,120,337
7514,501768,501331,159,303
26869,501931,500995,142,306
16125,500845,500938,48,266
26120,501387,501506,67,145
12345,500419,501130,144,307
12478,501859,500891,132,237
21756,500304,501909,190,680
27240,501950,500422,38,144
12870,501733,500504,76,97
20773,500942,500067,144,295
17941,500278,500398,61,109
20224,500924,501105,136,886
3941,500368,500610,130,491
26445,501878,501829,28,121
20545,501375,500345,187,829
13422,501703,500702,162,519
10402,500939,500636,146,192
19694,500215,500384,37,178
11491,501255,500201,124,255
18738,500716,501076,71,171
14161,500886,501350,142,374
24653,501896,501015,0,186
25296,501489,500804,130,624
6956,501628,500819,117,601
8679,501024,501470,181,968
4895,500356,501426,205,583
1482,501236,501298,118,396
14081,500923,500193,143,643
14775,502000,500608,201,502
9732,501208,500774,136,396
20579,500381,500965,38,123
490,500238,501918,208,379
22364,500908,500762,93,499
27499,500124,501844,213,707
22351,501938,500529,49,254
16922,501762,501759,148,336
9093,501628,500969,120,276
16056,500321,500638,136,192
28081,501810,500480,123,198
9803,501695,501591,139,308
16468,501384,501782,93,694
3521,501413,500513,135,214
20200,500584,501575,128,580
6443,501716,501784,177,559
5818,500920,500689,163,535
15143,500733,501561,154,409
17421,501041,500076,166,229
17011,500289,500596,35,67
10113,500255,500297,123,356
9503,501012,500226,50,99
6341,501459,500992,19,74
14663,501322,501677,184,445
9,500670,500567,149,458
15334,500808,501837,147,723
25415,501980,501419,33,340
16928,500272,500523,148,159
24780,501678,500580,123,325
8733,500546,501255,153,415
27676,501520,501436,126,267
20382,500127,501177,183,185
25781,500410,500211,103,554
27884,501323,501037,116,423
2355,500908,500124,165,490
19669,501656,500619,170,552
25299,500995,500327,60,887
7141,500142,500090,77,379
23763,500919,501749,165,457
2650,501918,501736,98,962
18349,500422,500422,175,578
17060,501403,500739,142,295
26692,500776,501545,195,1158
16065,500579,501214,167,376
8750,500295,500753,145,406
10349,501965,501912,159,1104
26246,500746,501485,145,573
11745,501991,501715,155,339
15534,500344,500905,161,425
9164,500953,501691,48,334
4836,501612,500584,151,415
9703,501996,501224,108,284
16350,501691,500661,100,311
17721,500812,500213,131,1472
3707,501197,500100,92,379
14171,501478,501690,124,268
27184,500029,500312,145,197
20693,501319,500723,120,407
25474,501696,500366,33,125
8217,500193,501545,147,940
13844,500086,500308,133,370
18745,500905,501907,106,379
27440,501778,501777,107,229
24744,500264,501889,176,582
7362,501868,500462,119,305
29682,500547,500173,114,453
27324,501533,501980,143,315
16672,501395,500343,153,523
21190,500261,501267,114,534
21738,501002,501999,207,885
22349,500131,501725,154,451
6151,501970,501277,118,374
1278,500045,500489,78,502
15833,500679,500819,61,396
10205,501843,501456,148,590
17769,500949,501938,162,627
6588,500281,500835,216,591
6887,500045,501226,144,430
21027,501585,501483,148,130
12307,500008,501943,161,295
5464,500038,501477,32,148
5699,501461,501573,139,368
4375,500810,500106,28,80
1559,501536,501136,136,245
5756,500730,500081,85,453
7160,501736,501409,121,203
14791,501460,500312,108,1404
25482,501765,501441,114,365
29823,500947,501662,166,666
3739,500749,500919,224,214
9645,500938,500438,76,528
645,501471,500140,140,394
20098,501968,500334,31,74
5669,501744,500662,138,154
27348,500432,500065,115,228
17747,500861,500870,151,396
9747,500797,500972,135,458
13553,501326,500783,101,261
28771,500648,500883,28,148
10875,500391,501931,29,122
14776,500993,501038,126,334
20915,501537,500655,144,945
19397,501968,500999,20,74
953,500986,500832,87,856
22637,501160,501944,167,412
26318,501463,500551,144,251
23530,500817,500133,153,427
13239,501617,500829,24,85
8640,500709,501054,118,319
644,501674,500659,112,722
17893,500632,500680,162,498
4893,501314,500066,111,340
26898,500366,501398,157,240
22311,500330,501431,115,391
12825,500348,500557,36,110
16190,500737,500908,8,151
18139,501486,501967,162,581
5591,501268,501473,142,174
20065,501985,501178,158,490
12867,500624,500758,27,100
7938,500765,501563,178,764
8305,500743,500748,28,55
17265,501146,501421,160,377
6589,500312,501881,140,462
18575,501838,500579,36,115
5278,501802,500127,87,415
10641,500543,500663,216,690
22554,500360,500904,144,771
2399,501413,501697,92,269
1624,500082,501716,70,66
9309,501547,500158,134,382
28287,500657,500478,161,526
516,500199,501225,149,282
19712,501749,500579,116,251
25130,501398,501740,124,401
18620,500686,501650,47,76
15601,501356,500550,179,357
19262,501340,500041,114,199
24496,501046,501170,185,271
3691,501295,501246,137,546
12199,501350,501976,169,266
3185,500487,501372,120,359
21063,500995,501884,179,341
19631,500203,500939,164,1197
21113,500954,501718,160,209
22086,500551,500944,125,658
10767,501585,500264,170,850
5538,500705,500792,7,153
12943,500899,501843,123,313
22636,501892,500968,66,939
26650,500938,500777,120,235
25872,501887,501518,0,134
2926,500559,501425,133,432
4374,500593,500176,143,567
1774,500730,500496,128,1103
14099,501379,501505,100,361
26912,501726,501562,122,294
16437,500381,500400,188,1263
16592,501693,500846,92,324
2846,501567,501411,44,144
7871,500923,501290,121,459
25563,501107,501304,155,616
6778,500957,500201,107,490
1508,500891,500642,171,1669
13046,500780,500821,116,553
5338,501153,501426,146,533
15819,500091,500340,21,191
25323,500784,501901,108,616
20815,501214,500516,96,200
10133,501781,500099,110,511
5543,501108,501308,118,595
20502,501916,500739,143,392
16982,501747,500910,145,748
27785,500567,501022,129,207
10717,500922,501163,132,438
12547,501171,501131,140,682
18333,501236,500746,171,558
661,501436,501466,176,442
7133,501761,500105,151,260
13254,500497,501050,38,124
2526,500580,500916,54,77
3118,500239,500680,36,146
29333,500974,500653,145,416
3673,500253,501796,122,368
9332,500839,501032,145,435
470,501782,500585,8,172
27462,500219,501709,41,126
319,501045,500138,94,336
15417,500127,500944,121,561
28844,501612,501515,138,577
12032,501277,501106,71,211
6524,500134,501069,117,240
13924,501596,500320,110,324
7910,500759,500018,145,349
27748,500258,501433,99,478
808,500010,500680,6,115
29464,500980,501845,31,180
7177,501084,500063,147,408
22279,501587,500076,221,646
15372,501424,501424,32,323
21536,501429,501651,28,210
27820,500966,501007,67,101
4121,501132,501998,132,172
27530,500934,501749,135,428
21156,500927,501577,190,207
3043,501293,500217,30,81
9736,501058,500327,162,459
18861,501872,501509,87,531
9893,501729,501298,134,398
15362,500484,501364,53,979
14314,500751,500705,122,108
10949,500607,501304,33,267
11384,501109,501850,163,292
18595,501045,500709,147,578
16852,501206,500191,109,254
7153,500663,501002,22,106
11650,501457,501014,162,484
14809,501881,501802,151,139
12444,501777,501403,118,175
28878,501587,500381,161,351
8961,501170,500642,14,171
24917,500381,501356,131,362
23630,500087,500862,141,448
596,500032,500697,172,358
5314,500473,500938,170,161
26053,500605,501148,190,432
16555,501815,500845,193,339
19691,501108,501677,142,327
10841,500453,501675,73,257
21326,500331,501531,117,542
3415,501043,500444,171,344
4649,501121,500769,122,185
24823,500363,500599,166,501
18570,501866,501235,46,124
24300,501752,501219,121,471
20602,500436,501066,19,221
26580,501240,501247,142,1324
6416,500143,500473,66,645
2219,501889,500090,90,929
21667,500365,501069,41,208
16773,500642,500470,128,520
17439,500259,500737,96,258
6172,500662,500306,5,117
25143,501149,501170,127,328
4769,500939,500238,33,146
11182,501467,500760,149,405
12797,500708,501670,3,125
10094,500365,501322,180,465
25820,500090,500543,199,569
7903,501873,501740,101,736
15194,500513,501052,172,345
8633,500241,501108,143,452
20069,501439,501092,110,615
5723,500258,500840,62,60
9630,500480,500318,144,437
17015,501170,500302,84,930
9168,501563,501904,125,397
12255,501325,500217,101,320
5027,501573,501904,178,706
6419,501060,501537,151,418
25517,501796,500140,43,280
14163,501085,501909,152,467
6858,501845,501048,67,129
28414,500752,500581,140,295
2794,501536,500513,170,420
26991,501101,501918,35,84
159,501440,500212,124,236
22233,501535,500993,108,271
7828,501458,501105,68,756
13895,500100,500436,100,159
510,500368,500813,142,695
16338,501259,500566,77,682
5663,501370,500295,47,169
28913,501829,500968,81,588
16329,501264,500739,115,318
22681,501453,501424,142,280
10067,500613,500566,82,924
18585,501804,501605,121,384
10122,500473,501413,137,249
19071,501667,501007,155,544
28411,500718,501306,118,438
27187,501668,501217,144,475
24732,501136,500544,161,262
19203,500781,501020,150,542
2870,501830,501889,150,467
10310,500821,500179,107,602
1757,500401,501545,151,446
16100,501069,500023,112,279
9783,501670,500616,37,58
5246,501480,501726,43,104
13621,501058,501078,142,435
5932,500966,500410,24,81
5065,500169,501036,42,70
12823,501084,501643,255,454
880,500676,501338,103,265
14094,500553,500615,197,662
28832,501670,501787,105,522
4054,500109,501236,122,835
29028,501333,501344,141,378
26621,501272,500989,146,328
8538,501017,500632,111,229
17123,500767,500418,61,262
24268,501448,500067,123,444
2043,500419,501828,109,708
1799,501943,501521,151,169
7875,500547,501307,84,170
5104,501875,500478,161,281
17115,501733,501571,52,160
12016,500128,500758,122,432
4255,500874,500764,121,729
25649,501511,501127,197,277
4844,501796,501996,191,267
24326,500312,500248,209,178
7100,500911,500629,159,632
27400,500076,500867,86,650
21572,501938,501300,161,168
5800,501032,501965,183,804
18610,501571,501571,126,399
11499,501403,500178,158,407
11801,501302,501772,96,287
18989,500180,500738,117,304
9958,500874,501552,69,648
27183,500440,500461,84,528
6140,501542,501439,155,489
15803,500871,501781,142,203
20968,500721,501505,121,692
27414,501108,500236,165,159
12239,500941,500318,81,306
23887,501102,501421,114,148
8440,501353,500880,82,365
28515,500879,501781,31,78
13195,500248,500916,104,162
27737,500870,500039,116,368
2210,501944,500424,121,261
14752,500909,501606,149,488
17762,500100,500426,46,51
25449,500916,501715,40,127
15292,500542,500291,144,269
15529,500779,501413,136,306
13029,501369,501131,32,107
6302,501693,500676,95,773
24302,501886,501606,167,317
16637,501127,501128,117,257
2458,500567,501550,32,68
1618,500068,500138,112,899
4027,500179,501787,164,707
15106,500093,500847,97,573
4890,500274,500837,2,170
16078,501191,500266,170,1032
2795,500741,501998,31,114
21033,500683,500267,109,560
8142,500134,501486,125,586
2582,500311,501724,201,258
27376,501269,500413,168,197
8223,501081,500689,113,413
29471,500373,501059,135,285
424,500138,500005,96,241
11494,902537,500520,153,530
14139,500166,500523,160,268
29993,501681,500645,147,532
11806,500988,501010,114,456
1568,500361,500156,102,373
21695,501155,501430,107,802
28034,500581,501520,171,419
6190,500399,501219,117,93
14872,501591,500553,113,264
23607,501023,500057,110,570
26368,501094,500432,177,334
1918,501981,501607,153,473
27239,501391,500527,118,430
28353,902270,501363,169,592
24689,500861,501039,164,613
6176,501179,500896,162,530
18282,500299,500395,15,137
29366,501039,500825,178,433
1291,500354,500110,141,743
22765,501745,501288,30,32
1929,501194,500302,109,493
17879,500722,501231,119,450
24706,500568,500699,14,80
781,500823,501401,70,200
22944,501199,501609,149,577
10309,500287,501869,152,358
16705,500461,500454,113,798
20337,501758,500167,69,1391
19839,500925,500300,95,546
10871,500547,501227,96,187
18405,500749,500169,54,103
21197,501932,500244,144,293
13913,501120,501337,52,162
20088,501197,501283,58,121
16890,500366,500455,101,392
10802,501576,500081,57,193
12300,500387,501805,117,517
21635,903919,501054,134,294
9298,500252,501043,38,115
27958,501945,501013,16,54
24824,501245,501246,17,178
25971,501938,500015,23,57
29130,501062,500870,148,572
26352,500236,500698,54,77
14036,500461,500720,159,545
11635,500034,500471,112,502
11068,501674,500077,143,383
19224,500907,501433,148,1460
9322,500382,501081,193,549
14857,501185,500722,111,272
15652,501272,500420,179,181
6355,501670,501595,120,197
23827,500302,500876,100,434
9329,501153,500304,97,161
3313,500629,501999,145,785
11920,500544,500991,112,242
8497,500922,500478,110,1161
10146,500074,501622,208,340
1383,501739,500659,170,506
6177,500816,500842,198,148
12214,501113,501768,173,328
4903,501234,500381,206,347
29497,500622,500580,108,241
14771,501820,501683,131,248
17571,500809,501158,38,78
4192,501232,500032,145,309
16770,500647,501041,25,75
3082,501197,500578,134,228
12531,500390,500920,45,62
8541,501219,501857,156,256
6979,501964,501333,178,375
8275,501912,500718,102,487
19520,500795,500576,168,391
26544,500090,500427,28,50
28139,501155,500391,83,342
28145,501106,500514,128,349
9328,501465,501652,113,625
7058,500119,501403,132,410
28283,500475,500503,96,343
167,500403,501039,44,397
24796,500932,501615,176,202
20022,500743,501244,202,804
25932,500698,500936,126,407
20856,501922,501025,182,246
28673,501327,501985,9,47
24892,500880,501735,62,583
17218,500774,500942,116,1657
7176,501695,500893,114,312
28138,501255,501850,156,668
10741,500191,500969,110,295
28632,501350,500932,113,644
6269,501099,501075,195,303
7351,501091,500442,172,338
3137,500593,501355,132,248
7829,500565,501544,30,142
8134,501657,501505,145,232
27544,500144,501202,63,527
29184,501678,501081,118,593
18642,501310,500900,43,187
3414,501713,501861,96,471
8948,501598,500574,143,192
22274,501290,501169,142,770
23544,500526,500545,134,328
25901,501837,500438,87,325
15036,501203,501146,104,728
7881,500743,500797,47,65
4288,501577,501550,158,821
12690,500900,501020,129,312
8160,500505,500251,238,339
14769,501034,500386,43,84
7595,500868,500746,109,305
247,501901,500862,158,320
6489,501912,501965,181,608
8914,501076,501426,90,289
5139,500891,501353,113,605
9569,500200,500016,43,57
11278,501563,501483,140,356
24473,500878,500970,132,291
27371,501765,500792,176,513
22614,501404,501858,201,614
16782,501942,501550,112,535
17034,501110,501719,130,462
20570,501102,501236,141,308
23064,500670,500910,132,311
28036,500423,501319,22,50
8833,501763,501966,51,100
10271,500021,501818,32,249
13484,501986,500668,148,515
3177,500368,501946,87,894
27199,500846,500338,124,469
4723,501909,500374,169,756
19044,501660,500433,176,318
18368,501630,501315,124,366
181,500031,500516,217,561
6479,500127,500250,135,116
7500,501316,501238,139,859
24566,501825,500880,190,627
7402,501672,501590,10,69
26224,501928,500780,183,524
28982,500916,501125,137,683
7138,500485,501478,186,253
2170,501571,501938,165,142
26080,500441,501700,149,231
5824,501141,501226,140,285
4222,500342,500543,116,358
20152,500943,500503,192,438
8453,501226,500576,103,368
23433,501014,500440,145,305
24988,500003,501654,73,113
11473,500673,500899,74,529
5259,500825,500564,19,142
20270,501531,501205,43,53
15105,501374,500532,135,536
13943,500922,500241,139,341
27693,501844,501522,168,874
1289,501054,500371,173,251
1048,501295,501920,162,385
23762,500792,500606,69,168
10373,501607,501338,171,369
28499,500151,501054,64,335
18459,500640,501713,97,582
15096,501574,501755,101,548
9284,500064,501011,83,774
7813,501883,500832,204,253
15117,501804,500609,190,449
4746,501488,500995,83,913
27847,500172,501336,142,671
28950,501833,500551,12,218
4176,500436,500415,178,371
277,500164,501006,139,432
21947,501125,500008,148,330
15607,501934,500153,168,712
19855,500941,501600,189,264
698,501850,501504,127,300
17884,501831,500907,117,177
27242,501527,501214,180,270
24667,500197,501293,111,869
24691,501233,500233,35,55
10108,500422,501468,179,356
24937,500747,500631,213,160
22726,501127,501315,74,182
15288,501272,500295,178,524
6676,501032,500882,199,298
5988,501358,500738,157,194
12586,500797,500532,187,751
23292,501180,500188,31,102
26707,500848,501785,47,158
20829,500087,500825,149,442
261,501968,501615,115,438
27153,501919,501495,127,466
27390,501221,501644,210,414
5150,500817,500928,49,106
6954,500922,500704,160,403
29794,501996,500252,61,78
29097,500619,500180,124,286
28281,501303,500144,85,511
28802,500915,501217,126,663
21589,501313,500905,139,559
27406,501349,500110,28,68
15604,501458,501325,71,90
6193,500326,501573,106,433
4611,501016,500896,180,1162
26812,500167,501235,154,1043
14446,500523,500173,93,365
1440,501248,501118,11,170
22200,500676,500063,133,625
21878,500461,501375,90,562
26978,500056,501600,174,616
27188,501350,500174,152,1219
18089,500457,500645,149,767
29912,501480,500451,31,326
12150,500454,500446,97,423
29113,501376,500128,199,258
18494,501033,500314,148,289
28912,500241,500884,92,573
871,500116,500770,150,910
11924,500995,501924,160,387
22447,501576,500238,136,584
915,501259,501834,143,383
6522,500028,501802,169,191
2799,501334,501398,169,283
28903,501947,500234,17,148
24358,501728,500709,92,476
20370,500753,501691,139,470
8124,501875,500382,102,277
6147,500919,501843,141,238
9151,501198,500624,200,199
22767,500269,501125,80,175
22125,500033,501267,124,363
15229,500523,501567,156,665
15908,500995,501965,151,618
14742,501315,500880,164,555
19982,500360,500856,63,743
2798,501618,500155,124,177
15161,500728,500788,111,716
24897,501071,501995,128,284
3410,501552,500566,130,290
479,501901,501830,145,533
11769,500752,501869,32,91
28338,501880,500756,97,401
9852,501376,500938,58,370
15039,500210,500252,136,497
17793,501068,501951,41,485
5861,501113,500891,142,565
5537,500040,501533,33,126
232,500042,501828,110,227
19619,501563,501448,178,911
10080,501895,500312,155,228
28429,501833,500957,182,259
14261,501724,500689,87,176
9797,501775,500787,34,733
9756,501784,501875,95,305
3006,500545,501723,187,378
3036,500314,500574,177,497
2625,903138,500506,143,342
27853,501143,500629,105,468
2224,501622,500996,122,402
11044,501096,501358,149,1218
19654,500115,500757,143,212
15979,501115,500519,137,882
21036,500721,500651,159,235
27112,501596,500046,131,440
16044,500105,501676,91,344
15409,500257,500779,151,205
4743,500593,500710,158,179
20847,500519,501561,91,814
18053,501761,500633,153,226
13541,501398,500993,123,177
10944,500330,500177,104,399
16209,501859,501859,48,185
7181,500806,501418,111,593
28896,500512,500714,169,161
21926,501322,501184,137,491
23179,500908,501878,125,727
14503,500465,500248,167,549
18654,500444,500010,38,366
24462,501290,501395,195,887
14184,501963,501453,185,415
23530,500817,500133,153,427
6818,501763,501582,157,452
3921,500918,501947,47,96
27086,500523,501234,141,795
16192,500289,501121,131,398
8263,501753,501465,172,813
4004,500752,500721,244,91
8015,500564,500607,162,974
22045,501894,500662,147,428
23848,501505,501846,149,252
7319,500725,500211,154,501
13437,500068,500204,65,345
15599,500026,500094,88,241
28309,500909,501736,104,426
29498,500897,500795,117,730
6703,500140,501285,130,398
3112,500060,501908,32,57
22737,501545,500873,162,355
12538,501839,500960,155,630
8135,500937,500687,123,539
29592,501965,501847,191,227
15041,500523,501028,158,488
26302,500749,501873,156,256
28252,501059,501355,128,677
234,500366,501585,144,406
17358,500484,501818,162,750
12830,501515,501855,34,126
26414,500828,501023,55,77
9965,501585,501833,113,251
15574,501006,500234,30,81
22567,500970,501136,155,674
12796,501952,500667,114,355
27058,500947,501929,174,413
1144,501619,501731,107,1240
29393,501075,501387,147,321
28864,500305,500632,169,656
24577,501581,500496,159,799
13369,501500,500396,53,82
29085,501029,501930,34,178
27591,500817,501995,19,150
4896,501883,500503,4,164
18969,500830,500606,31,104
27707,501093,500413,172,279
18068,500140,501184,136,84
16623,500722,500333,66,155
6364,501701,501878,172,616
23522,500861,500565,39,185
12259,500103,500273,41,91
12009,500357,501209,36,113
11972,501064,501598,30,98
18950,501141,501353,152,431
6031,500410,501141,168,254
12822,501346,500211,178,320
13934,500454,500050,170,685
22091,501995,501905,157,379
22548,501912,501684,191,467
3294,501235,500261,162,385
26251,500580,501643,97,286
29589,501245,500763,39,79
1247,500760,500783,30,68
7637,501680,501335,54,118
5200,501616,501471,157,285
12793,501341,500540,145,259
1323,501338,500959,166,251
11216,500291,500155,174,302
18195,500934,500522,30,104
2656,501948,500253,130,389
20321,501524,500891,100,405
27972,501704,500029,64,439
13178,500091,501881,165,264
12506,501176,501995,90,626
9143,501932,501592,141,322
7852,501263,501306,137,567
15919,501578,500982,154,342
9763,500531,500999,8,75
11695,501352,501310,17,73
11835,501619,500219,148,809
15263,501059,501522,116,421
9819,501037,500846,107,319
10404,501027,500244,171,402
26473,501925,501598,170,547
26619,501525,500401,136,1120
616,501828,500896,173,361
26424,501404,501249,142,149
17351,500576,500812,134,376
10421,500319,501127,155,145
11287,501683,500989,119,123
22443,501725,500051,144,297
28073,500747,500476,153,960
16140,501480,500657,14,206
8625,501221,501370,160,851
23110,500814,501653,192,450
24207,501174,500302,147,905
14838,501272,501946,169,525
16037,501361,500026,120,374
23330,501038,501899,138,375
9820,500253,500253,124,1378
3575,501653,500696,129,490
4209,501340,500037,173,270
19938,501689,500748,8,163
26669,500365,501826,145,345
16836,500708,500565,47,85
18061,500280,501952,191,876
3400,500764,501505,78,206
17825,501577,501870,205,511
6923,500777,501872,28,88
12429,500804,501645,50,185
6614,500360,500997,172,733
29272,500481,501170,124,318
15637,500587,501197,150,1045
19594,500272,501494,102,307
19439,500882,500065,107,208
17380,501883,500581,118,299
23949,500295,500431,143,492
24443,500800,501348,40,182
5695,500366,500091,133,740
24045,500169,500271,17,110
19187,500497,500819,189,272
26529,500333,500767,97,195
25145,501425,501109,131,608
11276,501942,500547,119,511
27035,500308,501753,107,502
26400,501062,501818,141,293
396,501759,500355,7,145
22625,501762,501334,146,1226
6182,501414,501815,190,538
24145,501365,501155,39,92
15838,500754,501467,114,261
27828,500922,501725,132,512
23542,903685,500609,150,327
3468,500487,501247,101,1409
5606,501191,500368,155,536
10286,501417,500149,21,194
19922,501639,501221,170,130
5561,500326,500009,122,537
16731,501202,501031,168,436
7795,500621,501184,170,420
13232,500938,501211,137,439
2256,500632,500540,96,478
27008,500468,500776,93,642
6646,500371,500868,104,378
12650,500100,500890,125,589
29332,500502,500462,213,249
25622,501464,501249,163,868
14705,501043,500725,207,394
25933,500916,501576,180,276
7747,500137,501649,51,83
2441,501502,500268,50,104
5113,500922,500267,185,293
23312,501568,500632,143,223
2589,500688,500453,24,72
12712,500747,501243,60,156
29991,501504,500312,123,408
10555,500066,501854,51,123
5929,500864,500238,51,58
21109,501568,501596,112,888
22998,501210,501665,24,70
20938,501507,500529,169,392
7641,501309,500492,102,252
3588,501151,500079,13,97
27512,501682,501376,135,291
13153,501098,501461,141,522
9595,501367,501780,156,443
9870,500646,500213,149,522
29886,500280,501473,154,337
4411,500703,500856,17,110
6461,501542,501219,196,452
7425,501466,501802,161,304
507,500029,501453,151,554
950,501118,501736,154,321
9680,500503,501852,109,632
13300,500949,500324,170,368
10372,501059,500619,199,576
1834,501485,500462,97,783
20446,500114,501561,145,443
24562,501945,501406,149,481
18962,501023,501929,144,615
23938,500965,501581,146,135
16101,500431,500911,148,527
920,500896,500804,91,415
1127,501361,501572,141,474
24845,501237,501237,49,139
9358,501504,501057,20,132
17736,500484,500248,139,264
12557,501107,501414,154,163
10885,500363,500544,173,876
17954,501676,501393,96,264
23055,501350,500745,161,339
27067,500075,500364,31,226
8123,500447,500814,177,286
2084,501654,501905,214,371
20447,501894,500438,173,327
24086,501920,501163,132,448
18892,501574,501470,52,120
17943,500076,500095,85,410
24177,501176,501322,156,474
24692,500947,500999,99,325
4079,501202,501568,136,348
24533,501537,500478,86,423
12290,500422,500496,63,65
9917,501608,500280,166,164
21207,501010,500995,63,632
8855,500281,500943,129,266
18912,500812,501409,137,425
28568,501191,500472,156,373
21829,501274,500100,125,291
9282,501571,501843,212,907
16837,500885,501995,189,485
566,502000,501479,60,90
18983,500503,501142,102,395
9500,500068,500518,108,348
21628,501701,500236,142,352
8776,500003,500197,117,319
2360,501058,501563,115,324
10649,501203,500185,181,1033
16856,501584,501970,210,285
18156,501743,501222,168,617
2114,501753,501280,164,1072
17283,500166,501499,91,251
4365,500046,501542,101,432
4845,500120,501833,129,1280
23623,501141,500654,110,168
23287,500969,500180,161,568
8703,500002,500538,180,430
6258,501113,500750,96,587
15843,501176,500682,85,817
355,500543,500646,156,474
25282,500932,500574,106,934
7744,501697,500332,167,314
1572,500684,500192,47,66
22338,500464,501456,69,100
22701,500487,500014,40,125
14371,501486,501980,45,119
3972,501520,501485,30,222
11817,501324,500219,167,473
20417,500176,501159,127,351
15276,500336,501234,130,266
29278,500979,500932,53,115
8221,500756,501467,116,396
22019,500481,501418,36,219
22404,500489,500144,43,84
22301,501092,500705,180,274
17263,501149,501171,130,497
12865,500881,500831,64,127
14127,501384,501846,130,195
12878,500668,501012,115,660
16073,501319,500204,60,511
1294,500077,500965,114,798
5341,501512,501418,146,84
18367,500572,500653,183,635
2160,500808,501860,113,612
20655,500957,500532,165,315
28055,500982,500134,105,613
18877,501867,500517,33,90
25424,500433,500520,179,483
19410,500497,500413,164,386
24539,501754,500436,174,275
5862,501571,500265,160,538
20095,501788,500124,98,873
20781,500373,501697,148,447
4905,501314,501226,169,696
27556,501306,500299,152,415
8143,501762,500830,122,429
13974,501604,501014,61,188
16244,500736,501180,48,226
19486,500238,501202,148,246
917,500691,501176,183,746
6321,501725,500770,210,534
6105,500126,500202,118,387
18044,501551,500298,144,246
6737,500316,501057,84,178
6993,500403,500295,133,459
20335,501281,501578,62,107
28403,500324,500021,89,484
10219,501403,501968,144,451
12817,501522,501656,124,211
3428,501337,500229,27,133
5507,501857,500449,99,557
28798,501574,501619,134,285
25124,501492,500840,172,784
23452,500095,501952,83,209
12537,501431,500158,175,580
23473,501816,500320,154,507
26932,500862,501810,160,603
13391,500583,500284,203,483
19123,501504,500295,96,357
53,501697,500401,29,62
29145,500019,500280,130,581
14649,500970,501572,153,641
13589,500272,501517,200,527
19275,500683,500029,112,463
25251,500104,501807,39,83
15691,903650,501269,141,582
16771,500311,500218,167,846
25568,501346,500729,127,439
29137,501933,501567,15,132
4390,501148,501166,127,258
19238,501651,501752,161,255
14866,500218,500622,189,745
1371,501345,500114,124,203
10761,501662,501715,151,346
4094,501781,500074,155,576
16542,500333,500100,125,602
15226,501113,501158,165,643
24688,500721,500669,173,673
22190,500470,500776,148,478
26568,501012,500268,113,92
24369,500289,501934,169,419
24728,501992,501143,155,383
20322,501848,501916,65,341
2176,501941,501881,129,675
19107,500033,501999,119,476
17996,501694,500080,187,702
21301,501170,501274,148,277
18417,501355,500628,164,357
28564,501711,500548,179,506
16377,500116,501616,145,417
13664,500544,500101,179,509
3485,501088,501291,145,376
26475,500966,501553,153,531
10843,500947,500840,92,463
9830,500318,501037,191,352
12031,500099,500367,48,499
26765,501066,500797,122,329
22212,501785,501973,126,397
28351,501106,500999,152,238
16895,501981,501036,16,204
4780,500228,500202,78,824
17145,500203,501135,131,233
21942,500577,501014,88,145
9890,500305,500461,110,566
2739,500324,500710,132,488
18956,500383,501171,125,607
7243,501697,500915,56,80
24021,501252,500891,17,120
19332,501176,500225,126,606
27182,500527,501601,133,339
18923,501922,501268,119,626
19489,501883,500218,35,79
9512,501039,500005,145,151
16193,500972,501406,179,382
12352,500003,501195,183,467
14250,500837,501719,136,645
16359,501280,501099,173,861
1941,501635,500131,114,420
6554,500904,501761,68,287
19627,500401,501198,72,499
26744,501788,500215,134,677
20042,501857,500538,128,198
13888,501199,500321,172,315
3976,501630,500104,94,327
23548,501452,500543,136,388
12033,500373,501730,152,196
5419,500367,500189,132,288
4565,501063,501264,36,175
18114,501526,501505,68,213
13737,501390,501531,221,330
4240,501331,501975,155,628
25729,500212,500090,119,217
184,500503,500759,16,75
8851,501523,500346,106,207
18800,500402,501868,127,321
16164,501536,501901,152,344
260,501782,500125,31,72
27251,500910,501090,31,145
18661,501778,500110,119,379
29668,500115,500897,46,107
5022,500160,501380,26,166
29004,500489,500447,134,422
29764,500350,501450,0,108
11526,500907,501776,158,752
24637,501391,501356,162,628
15300,500870,501098,143,738
16052,501926,501737,157,486
15043,501690,501653,114,353
11501,501128,501839,121,364
1614,500009,500733,152,243
14745,500342,500359,155,560
21582,501441,500868,152,308
13199,500935,500980,108,1240
26578,501655,500225,90,418
12080,501804,500448,31,79
15317,501390,501002,28,111
13989,501735,501532,177,351
21153,500642,501923,44,278
11736,500272,500413,113,715
5641,501626,501779,36,52
16443,500451,501943,146,144
4191,501741,500989,131,289
28462,501130,501328,173,564
27358,501981,501406,163,300
26901,500914,500968,192,204
6511,501057,500636,183,164
10468,500239,500691,177,359
6770,500800,500908,120,449
12464,501319,501660,118,852
21556,500806,500529,139,374
14030,500095,500617,47,155
27000,501663,501506,112,138
16494,501926,500190,164,845
1011,501665,501976,55,85
15196,500380,501000,155,675
1639,500109,500774,80,341
1835,501063,501094,157,120
28155,500342,500335,14,179
13388,501573,500257,150,208
15006,501356,500718,145,250
29590,500694,500120,26,205
1751,500492,500915,124,454
14755,501892,501217,108,758
12638,501520,500193,21,56
17236,501403,500068,140,378
28685,500323,501118,147,339
19812,501822,501399,51,74
948,500132,501909,131,274
14308,500969,500498,149,262
27193,501036,501155,127,295
28769,500405,501750,122,445
1998,500122,500370,46,97
27984,500051,501517,140,384
18760,500545,500631,193,181
27518,501985,500712,200,430
4115,500609,500931,151,485
20584,501063,501618,54,443
20419,501964,500183,140,287
27205,500272,500917,44,230
20874,500478,500986,108,203
7810,500942,500309,150,344
5544,500258,500655,173,163
29653,501512,501919,129,591
26680,501063,500816,187,490
19826,501547,500123,58,471
29476,500615,501638,145,291
19166,500256,500650,105,292
19449,501599,500371,64,179
28065,500356,501412,139,791
22254,501029,500297,205,468
18323,501370,500571,67,251
6600,501904,501570,153,349
19098,500051,501370,112,146
3305,501168,500311,155,657
4543,500354,501819,95,345
10233,501506,500410,0,55
7713,500705,500056,136,354
29150,500125,501494,38,138
8430,501497,500498,193,552
8917,501911,501892,120,285
20811,500892,501679,26,59
13876,500025,500254,39,110
19871,900492,501996,28,169
19234,500902,501999,139,514
7850,500308,500787,108,475
10217,500609,501654,109,379
23128,500547,501570,99,594
4396,501628,501032,139,555
17580,501602,500383,29,60
7097,500368,500134,119,255
28781,500442,501489,182,222
1299,500371,501570,130,172
19842,501361,500023,108,126
9506,501478,501515,130,233
26505,501363,501445,0,349
16304,501694,500368,159,255
10520,501830,500212,74,419
26518,500564,500517,149,310
26349,501341,501414,177,317
14608,500735,501059,139,327
19798,500827,500218,43,45
6740,501519,500127,36,51
10332,500854,501350,135,149
17606,501736,500730,100,409
29000,501696,500526,117,197
18947,500316,500782,143,299
14113,501694,501336,172,403
16132,500233,500476,64,214
8418,500997,501429,216,369
14904,501486,500046,146,687
9649,500334,500316,93,251
15382,501583,500018,135,514
25090,501036,501965,124,558
14841,501102,500632,105,467
25355,501112,500293,151,470
6434,500957,500050,111,295
25290,501358,500816,163,1376
21,501757,500687,175,97
11026,500722,501453,202,247
4744,501311,501246,108,155
21844,501043,501802,61,381
23610,500140,501438,139,558
26486,500491,500743,130,652
4719,500207,500188,172,657
17085,500811,500049,165,341
13252,501107,501995,191,200
25268,501413,501087,145,432
14666,501084,500746,146,527
15068,500253,501675,26,141
22469,500225,500562,145,377
1873,501691,501214,177,374
458,500162,500601,89,505
17530,501220,500274,63,520
13052,500502,500416,210,481
27500,501612,500990,115,498
2362,501901,501611,184,445
5042,500009,501316,151,235
6325,500628,500762,108,559
12607,500670,501541,222,723
25857,501967,501591,126,389
12027,501681,501971,115,347
26575,500075,501090,167,262
18655,500619,501311,141,361
17709,500846,501796,205,378
190,500115,500323,123,128
15784,501658,501723,132,441
15312,500342,501120,83,444
7273,500123,501872,129,230
15396,501509,501328,143,639
27520,501099,501973,146,206
10984,501091,500248,127,595
17821,501266,500623,49,134
2963,500070,500233,29,79
28206,500662,500518,2,71
23476,501781,501995,240,260
27561,500148,501195,174,399
3546,501934,500561,154,912
11076,500102,500926,28,108
27979,501054,500785,162,504
19936,501635,501858,101,309
20758,500051,500510,144,210
7256,501578,501397,140,482
13111,501682,500164,185,594
10293,501383,501433,151,310
15638,500182,500009,62,150
29399,500318,500115,114,698
6263,500545,500979,174,361
17824,500505,500904,134,103
9491,501157,501635,96,158
7799,500265,500003,197,766
20350,500895,500597,136,577
9990,500174,500148,84,268
3383,501470,500752,86,263
9740,500527,500621,48,143
21162,500334,500390,113,273
20130,501054,501397,160,570
8870,500792,500391,76,760
16499,500737,501110,146,546
5280,501025,500640,164,598
1734,500249,500675,176,127
12324,501690,500847,153,643
13429,500468,501367,19,133
29802,501542,500275,47,155
16020,501113,501530,39,236
4474,501217,501465,28,270
14215,500942,501130,123,619
10507,501894,501166,136,497
2845,501184,500331,47,81
25696,500959,501753,120,1026
19532,501976,501358,168,374
12182,500453,501035,28,55
9973,500050,500087,147,375
16809,500360,501630,39,255
26090,501155,500380,31,34
4422,501023,501231,92,227
9205,501355,501002,36,180
18702,500595,500002,27,110
10312,501416,501182,33,268
23767,500932,500726,142,191
14709,501454,500849,26,73
18489,500442,500950,125,663
15487,500954,500366,142,868
2961,501687,501553,121,180
16898,500899,500785,125,1137
28146,501768,500470,25,143
28815,501139,501707,83,234
23798,501536,501829,102,458
20751,501051,501194,150,706
24666,500616,501341,20,137
6736,500533,500645,111,424
7077,500691,501330,97,566
23017,500914,501344,140,493
9602,501153,500506,185,283
3938,501179,501076,95,613
18647,500322,501971,101,583
4245,500729,500477,46,110
25953,500296,500960,146,165
6885,501551,500117,98,506
3134,500786,500870,98,759
19482,500370,501663,126,378
1182,501122,500954,102,316
29132,501872,500611,165,186
6251,500131,501076,156,282
21541,500661,500268,127,657
29657,500453,501062,134,395
7639,500036,501973,148,523
3911,500841,500932,99,675
3585,501651,500765,115,526
7477,501551,500262,174,562
13631,500787,501904,76,144
16114,501917,501031,91,292
23657,501293,501553,147,548
13663,500738,500184,37,159
5813,501577,501577,104,170
832,500457,501091,178,1021
1577,501368,500289,129,458
21941,500109,500367,138,173
12137,501532,500164,136,481
17838,500334,501168,160,499
25343,501623,500711,60,64
9583,501707,501368,106,724
21760,501040,500094,181,219
13138,500173,501525,125,283
17976,500259,501341,97,711
24051,500972,500145,59,572
21590,500655,500389,37,85
12914,501767,500293,104,240
26675,501946,501391,151,468
18794,501344,501934,143,484
5592,500317,501670,28,66
6859,501268,500731,193,531
24312,500845,500202,40,67
28558,501390,500045,128,359
18733,500335,500559,167,235
25604,500658,500057,150,502
5987,500241,501160,198,667
25917,500671,501753,168,935
3883,501571,501816,184,358
22505,500465,501145,162,328
731,500413,501757,113,391
10877,500720,500707,55,173
25836,500261,501618,140,349
16866,501412,501107,160,734
22798,500873,500804,187,385
14154,500937,500937,204,1279
20723,500767,501562,109,328
24353,500681,501718,174,534
3643,500049,501596,130,324
21437,500654,501038,98,557
6396,500513,501103,172,464
685,501797,500434,87,272
10751,500114,501178,110,318
11783,501630,501969,114,344
15025,501567,501098,178,451
15618,501763,501176,117,409
9386,500401,501340,20,146
28936,501081,501486,157,211
29403,500191,500025,53,519
18182,501354,501779,18,172
20783,501051,500492,150,336
8592,501567,501082,131,336
4498,501758,500689,61,239
20896,501186,501360,21,86
23321,500752,500219,196,439
18072,501106,500215,122,241
24723,501201,500842,215,495
14614,500215,501011,151,911
8765,501506,500854,84,496
26178,500026,501485,136,247
23108,500079,501816,62,89
9183,500097,501368,0,208
26247,500278,501537,231,288
593,500874,500295,14,86
12752,501160,501224,122,121
7746,501179,501875,146,264
12225,500087,500711,70,271
11253,501398,500991,25,71
24841,501456,500519,114,569
4645,501326,501080,66,714
125,500256,501722,35,147
16285,500520,501296,56,62
136,501143,500753,113,401
25941,500583,501066,89,450
18582,501445,500693,42,145
29171,500524,500754,87,480
9549,501518,501571,37,69
13331,501932,500152,52,105
20278,902591,500468,188,331
19690,501752,501391,116,176
21369,501488,500005,142,293
833,500345,501166,129,513
3810,501795,500965,165,373
3882,500248,501695,192,314
25671,500824,501169,51,162
18735,500656,500394,17,59
26018,500138,500513,132,578
23934,501539,501886,41,93
29872,500384,501009,46,139
11102,500531,500481,76,511
26611,500988,500449,189,202
13845,500927,500988,146,768
17233,501751,501421,156,306
12983,500342,500777,191,240
11754,501085,501320,159,179
17302,501735,501041,166,1594
16440,501421,501086,47,159
22590,500771,500704,133,754
3999,501052,501834,115,1091
11459,500464,501428,132,340
28871,501507,501487,164,308
12759,501191,500997,141,498
3877,501293,500868,96,1636
15266,500808,501414,157,647
13513,900600,500786,196,398
9069,500181,501576,27,94
28246,500881,501813,14,50
23826,501986,500578,151,414
18445,501234,501730,120,588
12322,501955,500905,115,969
20281,500658,500087,91,200
23994,501591,501697,31,192
12790,500913,501243,57,54
10350,500203,501618,129,329
10482,501435,500309,3,315
26425,501793,500837,153,521
7479,501675,501461,42,65
5416,500122,500876,62,267
24007,501499,501513,143,380
11904,500289,501744,217,222
16914,501553,501208,141,413
28730,501331,501209,29,59
29693,500395,501607,31,144
26800,500876,501479,173,512
3651,500208,500134,183,368
1861,500581,501640,131,780
24553,500096,501526,26,229
35,501512,500765,126,751
8023,500506,501536,30,230
27808,500424,501725,162,239
68,501326,500517,134,1506
18004,500374,500989,137,483
16883,501332,501645,157,1259
21275,501438,500661,177,372
7793,501532,501148,187,381
28890,500697,501943,118,318
22599,500621,500653,152,547
28311,501942,501964,128,241
16647,500907,500467,181,224
13526,500528,500527,107,495
2878,500882,501436,138,574
1429,501513,500028,129,847
22331,500760,500562,111,437
27886,500989,500980,33,189
25892,500185,500495,155,169
12562,501014,501970,165,295
15681,500876,501441,139,684
7789,500916,501291,125,344
2085,500071,500774,179,267
15335,501179,500105,121,468
5713,501639,500021,160,1342
4963,501211,500658,206,668
25028,501002,501928,179,636
7290,501537,501117,138,302
7633,500990,500201,200,302
8506,501016,501843,141,518
25334,500701,500319,35,103
9667,501728,500084,93,611
20698,501494,501056,87,342
4159,501533,500597,176,410
25386,500219,501785,120,359
13637,500752,500609,117,368
8027,501384,501174,69,499
23979,500198,501706,67,114
10705,501036,501561,139,672
13169,500709,500565,114,578
19908,501825,500662,113,300
26238,500808,501573,130,275
17923,501751,501191,151,1090
2243,500013,501975,108,420
1519,501147,500539,37,109
26039,500648,501567,18,69
28855,501299,501645,130,295
492,501202,501682,170,646
26346,500265,501036,132,631
2332,501066,500943,39,175
25025,501533,501765,186,438
19032,501451,501131,36,144
7805,501479,500068,77,198
8338,500746,501053,143,909
5085,500041,500722,55,539
3782,501470,501765,158,477
4716,500045,501806,35,138
23717,500256,500160,135,248
9832,501202,500198,155,157
8521,501291,500991,5,81
20375,500548,501045,195,396
21539,500485,500414,42,128
16766,501401,501029,32,159
20772,501217,501203,129,364
2978,500416,500554,45,329
9354,500669,501163,172,341
27961,500841,501259,196,285
4478,500069,500888,48,209
14836,501663,500916,74,709
7270,501616,501816,75,227
16252,501487,501048,145,474
6216,500438,501469,159,275
17141,500700,501717,19,114
26015,501227,500304,182,351
3744,500197,501850,170,532
11447,901357,501507,156,469
967,501465,500928,39,132
16684,501883,501799,44,54
3559,500855,501097,52,145
10560,500714,500845,179,461
8190,500125,500313,29,179
18949,500557,500086,18,132
294,501107,501093,159,706
25695,501033,500476,50,69
1468,500134,500117,120,250
9877,501715,501120,143,258
23005,500405,501782,110,421
18512,501239,501741,154,645
5411,501905,500218,149,126
18602,501269,500159,205,346
18754,500514,500996,128,451
24202,501951,501830,161,318
1122,500669,501159,167,191
18115,500625,500289,35,110
20906,501711,500322,92,1049
16149,500021,500777,141,468
6951,501964,501918,147,157
9907,501504,500319,76,354
17278,500897,500915,16,93
4102,500084,500896,122,606
15294,501287,501633,37,92
21024,501184,500616,193,420
29065,500701,501386,142,461
6801,500082,501440,66,177
729,500346,501795,166,354
11752,500987,500028,139,695
11525,500728,500919,168,334
6908,500769,500579,137,726
25510,500639,500322,68,335
13514,501356,501980,97,370
21739,501441,500274,216,944
22424,500580,501038,175,310
20743,501767,500204,137,248
23446,501670,500001,163,475
21371,501399,500784,178,750
28713,501859,500516,138,416
22732,501497,500957,135,764
5871,500512,501918,48,459
17739,501381,500926,158,372
20780,500101,500535,128,380
3052,500753,501113,168,348
11466,501635,501651,116,327
8995,501905,500908,143,458
11602,501290,501090,147,346
20343,500219,501784,39,263
21608,501024,501694,170,506
17177,501332,500754,121,672
13793,500942,500567,145,454
28945,500638,501778,180,253
8808,500827,500643,6,165
28613,902849,501846,149,229
8044,501155,500814,123,583
3749,500022,501734,143,776
25207,501919,500343,234,314
8282,501222,501015,198,264
9134,501370,501422,10,108
3639,500189,500997,174,967
411,501214,501399,168,317
14763,501724,501890,158,737
24176,500782,501878,125,257
4120,501865,501841,19,38
3650,500909,500944,149,248
9752,500242,500021,25,308
3903,500265,501034,139,393
12837,500453,501991,67,516
26813,500460,501728,189,264
5390,500760,500431,181,673
4667,500105,500894,49,83
14116,500251,500304,57,73
9663,500813,500882,175,503
18660,501861,500757,173,440
16397,500237,501573,150,302
18638,501051,501976,143,522
21717,500402,501999,97,608
3405,501178,500517,154,747
15313,501225,501199,103,583
10903,500875,500405,31,273
542,501212,501443,114,697
15210,501570,500609,140,1290
25719,500042,501638,161,855
24283,500077,500257,186,689
27919,501774,500203,48,85
17118,501660,501748,181,624
29804,501520,501764,150,309
6608,500293,501193,136,610
6797,501096,501197,149,496
15566,501443,500217,173,267
27013,501305,501864,176,484
13690,500281,501274,121,355
3700,500961,500388,45,82
20626,500501,500938,173,992
25621,500144,501273,98,569
11107,500625,500936,136,350
8251,500999,501127,111,953
25839,501240,501118,198,243
16141,500159,501982,124,135
18147,501388,500670,22,272
17195,501029,501029,159,668
13157,500787,501923,150,448
9674,500446,500838,105,654
119,500506,501837,153,404
29106,500654,500988,151,368
2561,501251,501079,171,568
20231,501734,501675,93,434
20898,501213,501238,83,194
23935,501407,501160,181,647
17679,501320,500084,168,304
25274,501399,500787,110,724
23037,501112,500643,29,58
14208,500982,500647,198,636
29840,501651,501850,156,309
25828,500726,501189,79,359
4444,500646,501362,130,528
14877,501587,501668,201,547
6354,500040,501840,8,139
4691,501267,500278,192,229
19314,501756,501654,106,207
19737,501356,500266,114,591
13018,500004,501295,168,526
9026,501322,500468,183,425
19644,500281,501755,21,67
29480,501777,500908,128,271
28440,501847,500738,125,655
26571,501497,500480,130,257
8827,500673,501244,67,843
16290,500262,500716,139,231
13203,501440,501691,212,160
6331,501591,500131,134,985
13645,500057,501890,162,854
1827,501745,500116,98,370
19742,500718,501582,36,174
9106,500413,500683,179,374
1904,500214,500043,37,83
21080,501768,500854,137,322
27253,500572,500819,153,338
4695,501019,500526,123,323
9481,501098,501872,159,366
12411,501681,500184,17,124
12921,500681,500462,173,178
3748,500706,500642,173,286
11003,501045,500479,145,415
8483,500722,500871,151,319
257,501868,501578,168,436
10835,501166,501964,3,79
22803,501171,501674,118,478
24601,500747,501213,100,1129
8304,500121,500173,151,381
20553,501040,500236,157,595
29864,501505,500935,115,636
14188,501540,501158,38,98
17775,501118,501014,105,503
14419,500269,500144,150,303
10790,501024,501118,192,572
17687,501804,501706,55,164
27449,500109,500312,158,629
29219,500924,500210,145,619
10810,500533,501002,107,433
10757,500232,500460,28,105
16831,500615,500671,181,208
12649,500251,500346,101,358
29631,500352,500778,33,80
16447,500432,501006,117,564
7720,501136,500808,54,349
8139,501839,500154,109,287
21281,501326,500804,105,409
14631,501241,501836,36,223
3240,500601,500105,63,75
14585,501986,501998,140,249
26850,500751,500514,172,412
5250,501302,501376,135,270
18752,501685,500910,158,499
29193,500610,500601,116,304
24295,500702,501440,132,152
169,501736,501272,116,321
23547,501381,501081,124,390
19693,500342,501920,141,945
20675,500607,501226,91,146
27823,500570,500159,119,371
27395,501407,501588,114,339
9792,500169,500272,7,75
19786,500164,501707,153,395
28811,501448,501631,31,100
9842,500871,501583,169,208
12342,501792,501772,131,604
27990,500628,501435,6,147
4805,501577,501830,72,1057
21431,501945,500039,118,2150
16998,500323,500183,9,194
18159,501025,500225,133,289
13595,500225,500616,178,253
18317,500601,501027,16,71
28509,500970,501503,143,1023
28060,501058,500771,131,193
6788,500728,501904,142,226
22128,501832,500720,18,75
6766,900945,500343,165,243
8902,501406,501592,113,340
22675,501719,500213,114,936
20872,500927,501038,167,218
15224,500817,501899,11,202
25222,501578,500076,150,373
5827,501695,500690,127,804
3865,500140,500683,131,399
24585,501820,500518,105,326
9145,500683,500949,116,464
21302,501232,501108,164,783
5900,501924,500964,29,164
3582,501479,501573,102,506
7107,501479,500071,102,159
11742,500145,501808,134,577
4672,501703,500738,106,495
4923,500579,501191,110,227
1024,501630,501438,122,700
13185,500856,501995,127,289
178,500410,501452,139,624
27298,501048,501535,16,74
16903,501829,501118,154,571
19645,500646,501406,109,269
19670,501012,501786,143,423
9167,501711,500787,37,64
13430,501627,501850,96,275
4653,501689,500924,88,402
27508,500711,501338,128,523
2359,501433,501529,16,124
28813,500363,500077,52,90
27265,500028,501862,69,202
7118,501630,500251,166,656
21388,501537,500282,127,615
14310,500248,501021,11,201
6431,903264,501112,44,139
432,500729,501453,150,746
12181,501971,500870,45,375
17004,500453,501340,37,133
16834,500036,500207,113,368
764,500445,500615,60,71
29082,500086,500516,152,203
16241,501826,501346,181,282
12452,501356,501499,117,519
25511,501690,501096,39,75
27335,500427,501341,232,380
20017,500007,501219,151,667
27860,501256,501729,54,136
7443,500200,500739,89,255
12397,500529,501465,164,540
7434,501615,501087,125,352
1370,500255,501279,17,147
14296,500407,500590,52,44
15584,501235,501798,132,620
26599,500838,501122,171,427
2504,501125,501135,104,747
21669,500196,500790,128,501
28776,501310,501036,107,684
26082,500631,501964,143,258
2431,500928,500699,49,133
10509,500842,501848,102,462
29669,501280,500561,54,346
18322,500354,500492,171,455
18073,501506,500232,183,977
14796,500956,500910,54,90
18473,501805,500082,135,282
22674,501443,500510,80,231
29527,500944,500746,110,319
19865,501266,500028,137,275
20580,501666,500884,46,250
17917,501524,501523,179,422
21307,500241,501763,154,141
2001,501255,501308,99,246
3094,501043,500897,144,440
10154,501470,500806,96,216
1644,500287,501997,130,368
18339,501080,500333,157,475
10183,501346,501478,189,256
10587,501432,501310,115,238
19505,501859,501646,76,229
22752,501905,501176,133,585
27978,500067,500017,41,170
17250,501847,501414,184,261
28291,500723,500723,153,539
11640,501127,501082,123,486
26677,500266,501793,34,116
18485,500110,500871,95,129
18291,500658,501051,182,230
10582,500636,500219,125,380
15424,500547,500131,75,165
6097,501414,501942,145,508
2283,501653,501532,178,752
19934,500487,501274,148,324
13324,500480,500081,118,790
21529,501684,500970,180,421
4016,500081,501214,187,333
28837,501051,501982,110,335
3024,500207,501246,168,573
7253,501525,500391,110,258
3340,501697,501758,130,864
4850,500639,501145,127,528
5847,500009,501643,105,365
1435,500031,501323,138,484
26491,500919,500166,103,784
7656,501781,500376,124,250
19704,501899,501057,133,865
11484,501045,500599,125,1205
27699,501314,500893,71,161
8376,500109,500287,164,156
27244,501407,501169,96,336
7252,500736,500889,30,99
27048,500034,500675,196,507
29776,501909,501848,20,79
20413,500356,500363,158,466
6592,500279,501222,136,266
4099,500998,500410,143,263
22857,501831,500811,131,363
20330,501605,501873,160,223
16131,500354,500297,158,392
10525,500756,501731,81,431
28964,501436,500844,195,322
17729,500738,501660,194,316
19388,500953,501204,195,429
166,501143,500856,216,435
17690,500293,500571,100,207
694,500095,500728,108,386
27189,501718,500870,110,734
3291,500839,500690,106,493
23339,500114,501747,219,433
40,501057,501358,53,196
13314,501019,500535,107,906
25616,501764,500323,101,436
8952,501657,501578,175,326
9474,501749,500857,138,193
29820,501154,500623,28,48
25556,500436,500596,22,184
20649,501452,500356,107,195
11865,501969,501372,189,377
14931,501163,501478,85,766
25757,501975,500966,161,287
5733,500344,501528,122,699
23628,500135,501495,138,349
17745,500390,500032,154,549
18508,500298,501580,133,633
23136,501362,501547,166,397
21903,500124,501085,20,173
21006,500206,501934,97,273
12375,500671,500702,100,529
14182,501362,500361,97,600
25421,501552,501234,139,304
13755,501153,501625,139,727
10072,501043,501970,170,388
24097,501136,500625,133,460
10288,501490,500094,188,641
27214,500475,500711,198,475
28795,501894,500697,133,470
15008,501833,500236,164,605
17232,500601,501640,196,204
22515,501997,501397,136,1221
25410,501050,501290,152,324
17355,501646,500447,113,286
5463,500972,500232,40,190
24130,501133,500498,146,448
1761,501644,500607,171,807
23486,500987,500505,135,149
581,500936,501768,155,216
13897,501945,500676,122,326
26567,500544,500069,33,176
20805,500110,500461,149,366
12472,501266,501872,111,564
10065,501729,501119,12,171
29673,500375,500028,41,58
2966,500925,500697,152,905
24089,500907,501785,167,541
25891,501870,500255,233,709
1267,500751,500380,155,176
23188,501157,500915,114,220
21154,500656,501601,22,209
23247,501567,500733,88,197
23993,501313,501568,201,500
656,501220,501772,87,494
25263,501503,501458,178,280
21542,501962,500416,0,238
2330,501121,500497,142,633
1893,501825,501421,51,555
1324,501552,500142,112,472
10225,501478,500873,172,291
20132,500996,500808,134,483
4310,500704,500179,201,263
6871,501635,501753,172,432
7848,501357,501033,163,212
23228,501670,501106,154,355
25679,501881,500042,75,616
29763,500902,501916,183,596
7579,501895,500805,166,241
24951,500427,500295,172,823
9320,501032,501226,70,406
8465,501595,501743,123,476
24913,500360,500413,20,64
15012,500021,501895,141,390
20679,501895,501960,149,216
12212,500376,500845,145,242
18095,501125,500832,228,1045
24797,501176,501370,92,499
14221,500737,501008,24,99
29890,501843,500986,128,1014
25526,500533,501581,174,332
24844,501185,501295,202,294
7487,500981,500013,113,290
11,500889,500286,27,71
13813,500753,501814,80,352
8876,500318,501051,135,486
25492,501105,500720,42,137
595,501511,501231,166,393
2104,500245,500962,58,110
16502,501072,500532,78,1438
6119,500284,501635,94,430
9804,501696,500285,72,118
10206,500065,501050,172,580
13113,500777,500356,122,359
29748,501522,500910,179,407
5492,501400,501806,144,396
7430,501917,500645,234,429
4013,501340,500655,129,273
12885,500037,500198,171,1098
10572,501255,501663,147,456
25501,501166,500790,190,561
22426,500340,501226,24,92
18801,501422,500956,32,109
5209,501581,500356,146,143
15169,500279,501518,126,646
12668,500669,501907,154,652
14135,500907,500459,93,183
26847,501966,501571,179,335
26980,501715,501221,172,462
13501,501578,501858,156,370
19557,500459,500868,133,504
27306,501041,501010,150,527
12368,500358,500744,54,236
15402,501147,501394,170,566
13562,500116,500384,94,417
6496,501530,501020,186,220
1770,500505,500420,147,223
22258,500253,501231,187,320
18149,501458,501414,154,328
21627,501202,500459,45,425
29691,500957,501096,136,520
20581,501201,501370,124,200
17385,500200,500987,115,874
25637,501581,500188,155,855
1455,500066,501148,148,231
11804,501583,500416,88,660
19475,500796,501233,37,74
1109,500491,500517,178,219
5662,501854,501926,15,236
12050,501431,501125,140,295
20978,500584,500890,136,360
9251,501237,500570,133,682
27587,501567,500298,67,188
3571,501622,500952,151,1132
22623,500256,501299,196,787
16616,500609,501393,117,416
21981,500959,501308,81,511
25818,500063,501227,130,133
29743,500790,500123,128,159
10712,500257,501625,0,169
4911,501272,500462,133,289
10654,501926,501268,156,423
10504,501105,501022,115,231
3351,501491,500632,180,432
13186,500135,501453,133,277
19418,501398,501173,110,150
21321,501724,501938,174,607
1720,500394,500103,0,226
10267,904155,500888,121,439
11606,501887,501089,7,108
6001,500790,501798,29,74
29591,501045,500995,146,231
2302,500803,501810,30,52
25441,501429,500346,146,1490
450,500776,501393,101,383
8441,500544,500902,100,334
442,501450,501690,122,454
25156,501382,500680,91,449
22613,501901,501748,167,244
22814,500220,500460,30,95
27727,501166,501937,31,106
4490,500439,500235,20,160
13814,501180,501479,111,331
14050,500330,501796,139,596
17782,501507,501788,118,484
22297,500132,501314,151,790
17720,500365,500123,156,477
23941,501424,500932,162,731
12141,501020,500399,190,220
2642,500739,501619,127,764
5727,500616,501600,98,226
14185,501219,501808,132,532
27322,501655,500908,156,573
5774,500465,500867,144,118
5725,501122,500522,181,691
9435,500861,500911,167,556
13787,500440,500968,185,348
23113,500685,501078,133,347
28209,500904,500031,70,511
5178,500380,500724,42,69
20124,501766,500537,21,84
20346,500947,501997,204,536
20435,501531,500013,152,409
11870,500995,500822,23,104
4381,500090,501226,185,429
2215,500269,501118,57,106
10849,501932,501588,87,646
14282,500102,501903,42,73
25572,501841,500894,26,130
28774,501820,501523,142,257
19764,500606,500506,150,372
29265,501448,501117,150,491
28229,501298,500120,168,408
6470,500520,500765,167,360
7902,500318,501370,166,430
15559,501022,501043,185,558
27834,501147,501410,151,315
10143,501917,500481,159,665
3499,500846,501745,142,557
18217,500890,501730,156,893
19954,500657,501861,113,304
23119,500706,500721,108,353
29518,501331,501069,147,276
27701,500605,501660,127,395
23199,501009,501572,43,73
14447,501918,500659,148,329
3772,500871,501684,152,174
10979,500281,501261,116,209
21423,500925,500050,172,408
5228,500668,500731,127,343
3831,500492,501576,108,711
2696,500181,501231,156,346
28336,501563,500079,137,347
8102,500113,501871,60,301
19777,500905,501931,94,353
23118,501478,500252,134,1675
8259,501304,501199,151,428
12020,500377,500287,30,74
27730,501755,500269,125,164
16386,501990,501911,210,224
29181,501553,500521,142,1066
10542,501762,500424,137,571
13502,501749,500609,115,471
18194,500752,501173,58,134
16443,500451,501943,146,144
23791,501263,501265,57,69
24974,501785,500437,1,207
24586,501291,500370,132,344
15576,501130,500745,154,341
18900,500323,501582,115,537
20331,500974,501463,69,386
24042,501225,500639,23,223
26908,500497,501433,121,482
27955,500010,501388,41,177
3762,500485,501098,135,559
12390,501063,500390,134,737
6998,501413,500646,164,421
3774,500722,500731,195,238
7661,500316,501011,121,1240
25560,501667,501967,233,446
29877,501574,501413,184,639
1697,501121,500233,125,440
7916,501628,500295,125,447
5155,500956,500691,25,137
14905,500144,500839,150,764
28493,501222,501635,130,600
13135,500467,501271,149,264
11846,500115,501886,140,481
17432,500149,501756,141,553
16482,501668,500008,155,789
17543,501323,500178,103,640
9559,500805,501404,112,381
5149,501889,501824,45,40
11814,501905,501907,152,284
17290,500831,500981,151,529
14232,500004,500937,130,847
19662,501670,500008,136,171
4028,501220,501861,242,331
15592,501315,501807,54,184
11979,500466,500587,94,163
13548,501839,500278,224,1404
23990,501640,501215,97,385
20034,501760,500627,59,517
19465,501024,500769,78,356
20329,500911,500870,190,1001
2698,501612,501580,161,1266
23718,501955,501290,142,266
6267,500023,501934,122,404
11836,901990,500077,0,90
1051,500882,500529,169,518
14814,501975,500733,112,432
3632,500472,500034,160,369
88,501728,501302,173,374
20917,500025,500021,154,144
23538,501748,500675,144,276
11637,500330,500105,141,287
3350,501878,500622,194,316
4018,501580,500874,116,713
29415,500046,501413,135,860
24040,501747,501337,48,160
25912,500697,500297,163,390
17012,501038,501210,148,221
12906,501273,500548,1,51
18766,501941,501982,26,204
14819,500737,500833,159,411
7766,501341,500512,225,116
20564,501784,501883,119,153
1092,500289,501094,177,450
4019,501651,501768,174,787
16619,501070,500063,131,476
9795,500259,500689,89,439
5111,501235,501526,194,685
27028,501105,501598,140,404
3320,500830,500816,116,374
7395,500867,500094,247,611
3287,500506,500124,176,450
28367,500093,500295,127,883
26026,501278,500850,37,106
24778,501701,501701,46,320
5046,500459,501615,74,315
27304,501448,500765,217,315
1266,501868,500969,177,593
24471,501160,501929,209,346
11958,500131,501506,0,143
18799,501045,500535,147,529
15675,500478,500447,156,756
10306,501120,501015,147,682
18253,500219,500738,102,907
18720,501275,500805,128,330
23525,501436,500079,145,493
13110,500999,501643,132,503
28947,501729,501657,111,492
2403,500764,500280,142,371
15569,501248,501584,57,102
1220,500279,501299,138,428
1121,500390,500787,142,335
15212,501667,500753,146,495
26499,501122,500280,147,176
17707,500861,501681,143,215
25973,501776,500333,123,643
3989,500587,501147,0,141
24343,501471,500497,76,309
4030,500449,500198,192,230
699,501785,500980,127,731
15221,501302,501353,181,483
498,501231,500360,133,426
25052,500704,501970,126,410
23196,501152,501142,130,454
27648,500886,501027,206,350
16224,500768,500984,37,213
9966,500013,501965,111,252
2161,501005,501127,52,219
1388,501430,500261,17,243
4686,500387,501102,143,399
12443,501884,501667,198,902
7646,501255,500693,50,382
22022,500638,500643,63,172
19971,501960,500290,28,189
9030,500953,501631,180,194
28908,500536,500571,25,199
27289,500651,501755,180,512
23604,501598,500282,106,497
16721,500731,501986,173,392
29724,501443,501303,163,776
8535,500794,500146,12,64
266,501981,500959,30,66
19541,501804,500733,151,254
23743,500154,501885,56,117
16546,500624,501099,170,275
14603,501244,501195,117,418
7434,501615,501087,125,352
14518,501789,501608,12,42
23102,500319,500172,29,242
16702,500718,501819,129,318
15682,501465,501012,84,705
2050,501887,501105,102,1808
692,500825,500471,148,127
1236,501178,501062,158,660
4104,500932,501461,126,306
10970,500513,501723,167,1167
10162,501346,501091,161,155
6020,501901,501494,162,648
202,500294,500513,21,129
15426,501875,500129,48,99
26725,500888,501606,152,467
18521,501091,501882,65,175
20469,500747,500990,147,294
16625,501305,500968,103,402
22181,501767,501618,176,328
9180,500943,501749,130,587
14270,501551,500465,201,327
13780,501426,501875,127,255
11932,500156,500924,135,119
3811,501515,501259,153,423
14982,501562,501726,71,512
8525,500636,501989,110,697
3851,501606,501421,127,584
2113,501513,501328,171,806
16530,500687,501580,140,391
18751,500540,500178,114,558
24309,500235,500594,35,185
8370,500618,501484,33,71
2699,500737,501730,108,293
24073,501700,501234,192,512
5907,501911,501740,175,496
27980,501753,501160,141,188
27346,500848,500942,179,408
12892,501479,501418,121,307
4968,500196,501607,146,385
7189,501788,501931,178,191
19595,501941,501233,139,370
7087,500876,501605,211,479
14869,501707,501775,170,584
419,501605,500867,21,61
4265,501429,501486,122,336
4800,500231,501034,51,163
6245,500512,501830,49,215
11770,500718,501989,176,402
11732,500786,501852,138,528
4486,500069,501899,32,353
5163,501068,500460,126,592
7159,501698,500248,30,88
4468,500728,500316,180,326
2274,500857,501231,111,975
27891,500697,500738,96,370
16984,501667,500554,45,41
4775,500825,500253,91,542
10321,500175,501194,61,128
17889,500996,501474,0,79
26914,501038,500294,174,433
27741,500319,500631,213,409
11377,500300,500291,137,390
13667,500064,501748,168,327
22087,500459,500960,137,358
10821,501268,501311,113,284
10161,501019,501693,148,865
21884,501860,500296,95,300
22160,501529,501657,116,888
4051,500800,500513,110,291
6593,500385,501667,190,600
11021,500769,501522,198,371
989,501431,500427,126,378
27125,500305,501947,46,179
23295,500968,501643,167,513
13878,500830,501518,136,1173
15548,501683,500721,110,295
4571,501907,500045,53,147
18862,501786,501915,9,83
20669,500002,500475,167,580
24022,500354,500132,166,313
29247,500777,501390,222,627
4597,500594,501151,51,243
27774,500906,501784,26,157
12374,500116,501829,121,419
17133,501019,500075,168,205
27946,501341,501523,144,263
20319,501386,500519,135,295
7688,500994,501453,105,687
5357,500531,501690,122,701
14653,500104,500829,34,135
6611,500063,501653,149,212
10702,500354,501427,30,162
8810,501846,501488,177,427
15658,500734,500765,133,397
17135,501754,500712,233,912
4508,500267,500459,138,76
16162,501403,500642,223,199
21133,500179,500902,143,1198
24280,501414,501925,193,253
10465,501506,501078,110,510
23434,501059,501504,188,495
8936,501054,501681,132,929
29741,500599,501109,157,767
17901,501553,501184,123,258
27016,501459,500771,14,99
5587,500747,500282,172,682
17896,501430,501773,205,240
11434,500070,500633,215,563
27141,501707,500091,136,467
25245,500145,500971,177,259
23975,501360,500559,198,420
21076,501756,501099,129,220
16817,500249,500109,114,586
10963,501509,500672,148,1848
2492,501428,500471,112,329
19775,500960,500078,63,134
11212,500512,501998,141,334
25886,501103,500314,144,267
1555,501094,501938,145,181
16962,500915,500782,135,443
4509,501944,500767,180,648
1038,500487,500654,41,135
8255,501349,500923,54,450
13464,501620,501356,145,330
1699,501778,500952,145,348
27715,500201,500133,154,244
4471,501382,500238,55,446
13884,501992,501796,116,566
6253,501298,500785,203,340
26513,501016,501499,150,604
10194,500332,501996,174,493
22454,501860,501166,159,285
1800,500042,500668,123,629
28753,500245,500915,25,117
12746,501046,500982,178,523
18458,501894,501853,106,390
24110,500982,500868,194,736
25300,501349,500281,125,370
9901,501076,501334,165,429
25056,900049,500049,192,669
11571,501878,501211,148,458
12977,501382,501197,63,752
21845,501235,501443,143,622
10770,501640,501220,120,74
13566,500392,500167,40,139
7126,501658,501099,84,275
26993,500403,500472,106,940
5196,500518,501300,129,519
2249,500032,501110,183,647
26108,500551,500779,129,291
8072,501980,501980,100,521
29713,501505,500858,125,233
850,501410,500950,46,401
14054,500316,500460,153,627
24514,501914,501838,56,71
16355,500974,500459,250,211
14856,501865,501808,112,159
17971,501184,500638,145,654
23152,501529,500733,119,372
14983,501918,500359,150,402
21147,500654,501864,150,1124
17919,500816,501884,132,761
29459,501756,501765,34,215
9785,500640,500153,41,157
2548,501133,500593,121,193
4297,500334,501646,145,709
12260,501578,501117,161,614
730,501618,501715,144,477
7449,501490,501573,86,339
480,501422,500144,2,105
16089,501325,501758,164,129
7088,500954,500031,50,187
25110,501551,500278,91,187
11358,501873,500206,150,333
13691,501971,501078,128,670
29217,501169,500212,75,407
22499,501251,501460,172,253
9564,501847,501941,141,260
24354,500010,500608,184,896
23919,500202,501938,148,453
14210,500714,500753,141,479
5205,500237,500927,138,565
10813,500122,500625,36,153
28500,501393,501600,16,83
17039,500990,501121,143,412
23830,500173,501816,91,1327
15666,500638,501175,31,271
15065,500675,501999,211,692
14813,501633,500124,119,408
8147,501844,501904,129,442
10409,501963,500032,154,414
24423,501608,501503,138,340
19648,500880,501767,125,318
4097,500650,501966,22,108
23063,501596,501596,179,1444
5153,501808,501217,119,330
2028,500993,501141,2,265
23238,500123,500680,141,320
1104,500885,500597,183,223
3339,500447,500359,152,516
27295,501638,500327,230,313
18729,501012,501765,139,560
6075,500473,500981,136,695
4093,501330,500586,128,170
26860,500527,500919,131,345
1,501070,501638,189,187
15347,501627,501684,40,54
27975,501810,501537,152,596
26457,500551,500196,163,789
5742,500738,501307,69,490
22074,500774,501085,134,394
24453,500636,500651,48,212
18833,501117,500691,127,471
21713,500464,501327,124,139
20255,501432,501662,96,915
25579,500577,501982,119,313
29526,501894,500342,123,211
11039,500593,501361,214,669
13932,500797,500939,165,223
17190,501582,501056,135,379
1309,501620,500857,181,326
22662,501360,501757,156,373
15482,501241,500146,18,40
21224,501054,501587,181,265
8170,500297,500712,158,312
4164,500200,501378,25,91
8694,500584,501861,158,625
5580,501335,500911,125,823
5777,500346,501102,166,924
1531,500932,501368,162,536
18825,500846,501066,140,83
11532,500895,500895,146,223
14997,501335,500702,179,306
22195,501780,500891,206,298
28196,501623,501555,35,180
10946,500110,500204,122,454
10401,500716,500789,49,188
2689,501202,500529,159,570
17025,500676,501112,155,424
24978,500466,501609,162,330
1221,501144,501052,159,212
19668,501274,501826,175,705
26848,500682,500478,140,754
24033,501436,500444,33,64
5237,500628,500345,148,975
12456,500418,501440,33,138
17331,501866,501180,135,226
5624,501982,501740,158,619
27627,501158,500751,212,676
9008,501060,500535,185,1023
2749,500166,500133,127,359
29899,501415,500061,30,232
23400,501037,501847,33,60
27695,500974,500063,206,245
4986,500201,500942,142,282
14399,501078,500183,135,289
13809,501834,501479,115,568
29986,501522,500093,102,316
13367,501463,500932,155,589
29897,500387,501944,176,325
6535,500687,500884,44,170
8889,501007,500667,161,592
15557,501382,501536,124,1102
19966,500104,500422,173,244
23997,500372,500155,53,249
27305,501520,501059,174,380
23928,500978,500838,221,598
7631,501752,500728,195,313
2363,501447,501453,36,139
6393,501868,500054,199,337
13261,501443,500824,130,938
22827,501515,500020,135,544
11828,501307,501890,251,383
2697,500266,501353,175,393
9233,500995,500701,108,308
18100,501036,500833,121,636
10546,501394,500943,172,924
19785,501053,500939,93,308
4684,501393,500527,120,436
22749,501453,501617,158,200
18609,500137,500676,33,192
18557,500856,501733,25,112
29936,500060,501581,199,247
15812,500861,501931,165,473
24733,500632,501117,102,276
28124,500804,500094,157,295
7668,500542,500645,100,231
28693,500183,500094,137,342
10185,500313,501947,3,108
4982,501763,501587,123,637
24260,501662,500896,160,688
26557,501790,501870,38,106
11013,500239,500625,37,112
2312,501591,501376,204,253
28293,500462,500032,171,480
1318,500529,500460,175,236
7669,500919,501535,95,264
20612,500127,501336,142,198
22673,500468,500574,44,272
10028,500624,501494,132,332
3280,500278,500584,139,168
6962,501864,500156,148,423
12310,500174,501901,144,297
9266,500203,500547,163,492
23556,500824,500621,125,272
24000,500177,501522,153,277
18411,501486,500916,133,276
22564,501444,500289,8,142
4831,501743,500653,162,402
448,500479,501853,190,445
19025,501231,500104,134,746
16601,500167,500491,119,307
4857,500218,501238,58,521
11728,501818,501350,15,102
8068,501090,500191,193,358
1518,501553,500635,16,135
25049,501268,501970,167,240
27890,500837,500330,98,394
15449,501904,500835,117,218
14334,501456,500007,166,423
20935,500968,500587,189,236
18471,500619,500799,143,244
26489,501534,501749,138,369
14845,500673,501068,54,486
16248,501865,500454,120,206
1538,500830,500287,179,363
9288,501437,500309,28,169
11502,500759,500907,103,470
28671,501463,501073,102,273
29174,501069,500584,94,1126
7334,501261,500119,120,569
12202,500990,501222,145,514
29544,500738,500897,185,336
26451,501457,501115,90,684
22371,500733,501743,192,836
9395,500904,501159,70,129
12691,501072,500334,80,357
12462,501487,501881,88,548
15551,501084,501051,165,286
27867,501215,500131,173,284
620,501676,501094,145,728
1997,500227,501153,36,65
29757,500435,501311,108,179
11719,501616,501615,148,373
15815,500116,500286,22,42
26203,500908,500517,172,559
11227,500145,500413,132,281
25092,501220,501980,49,685
938,500008,500151,133,343
18393,501670,500637,163,219
8516,501768,500867,209,490
13876,500025,500254,39,110
9035,500559,500453,120,256
18165,501227,501520,137,203
4137,501513,501993,83,208
17046,501041,500953,116,457
6687,501023,501427,52,160
15019,500716,500543,142,566
14884,501711,501999,103,565
13057,500930,501675,21,249
4624,501686,501336,145,167
1880,501752,501820,118,747
21048,500312,501464,57,159
29907,500244,500021,176,219
12497,501609,501073,113,405
15550,500994,501106,170,433
6296,500463,500212,121,102
1119,501110,501449,42,91
28114,501796,500532,142,539
17096,501007,500424,98,417
789,500051,501494,123,762
14547,500816,501096,105,796
10486,500621,501780,196,601
732,500446,500331,174,362
16211,500856,500636,142,475
14104,501830,501421,108,320
10050,501580,500023,161,440
26897,501985,501675,168,271
5581,501948,501660,158,438
16411,501968,501040,151,280
27560,500672,501489,175,260
4261,500002,501015,127,294
3528,501853,501082,160,313
3543,501990,501866,127,867
13694,501956,501495,163,422
7200,500762,501142,161,255
3257,501785,500405,106,381
1183,501800,500870,46,67
16774,501607,501755,159,1091
21472,500982,501844,89,50
1443,501288,501294,35,178
8967,904162,500476,104,609
15624,501691,500730,86,442
21761,500318,500559,165,195
18897,500501,501529,141,532
19563,500658,500462,183,210
22922,500167,501382,128,833
18155,501582,501295,177,186
18480,500210,500237,17,106
891,500723,501051,8,228
14263,501275,501211,105,982
11272,500261,501761,142,511
27611,501110,501561,122,281
17504,501596,501203,97,203
20646,500065,500080,112,315
8009,500886,501528,145,238
16590,500112,501485,191,324
7236,500965,500957,180,242
20306,501670,501674,110,374
10203,501661,500900,118,254
23627,500590,500347,27,247
23338,500374,501630,168,837
4533,501691,500457,163,238
24186,500672,500818,91,868
24939,500006,500790,132,470
20198,500506,500786,134,330
4441,501693,500480,188,344
29649,501721,501818,201,1560
20798,501322,501754,114,300
27622,500144,501487,209,157
6817,501780,501572,48,313
8179,501727,500677,8,158
28756,500082,500368,132,266
9938,501313,500201,171,317
5347,501851,500020,56,81
5445,501878,500968,95,793
8737,501217,500382,59,85
18008,500963,500386,36,162
27805,500769,501468,148,643
1525,501142,500753,131,324
8923,501675,501486,113,221
7371,500142,501585,147,515
27411,500312,501494,185,439
22656,500453,501571,105,275
25467,500888,501524,153,727
7040,501032,500206,104,349
14345,501755,500722,6,156
10915,500562,500373,7,166
12564,501721,500022,26,167
27574,501683,501931,172,153
8269,500622,501379,135,735
4609,501808,501490,96,1041
27705,501122,500728,196,266
27089,501597,501438,36,97
25026,500507,501143,17,107
8425,501517,500203,214,654
6579,500523,501032,138,614
27288,500003,500207,87,372
16496,501875,501530,104,762
8419,501407,500936,120,449
2000,500553,501443,174,437
2428,500331,501122,133,195
7700,500299,500402,80,197
27054,500540,501609,131,749
7070,501850,500556,141,908
10830,500026,501119,57,102
27208,501625,500174,137,392
12951,501062,501400,20,143
29623,500792,501399,161,549
8381,500148,500825,42,299
4183,501094,500148,134,472
26245,500880,500997,145,124
16066,500597,501853,148,251
8595,501660,501941,135,529
27603,501135,501148,157,699
6559,501412,501826,72,271
9346,501655,500019,202,304
21449,501166,501895,145,294
20136,500461,501070,125,592
19693,500342,501920,141,945
11967,501686,501870,191,141
16736,500476,501362,123,366
5760,500548,500135,131,425
10216,500524,501633,136,190
4973,501676,501045,63,258
27412,500924,500371,40,98
20710,501825,500934,158,297
20326,501472,500970,40,148
24793,501239,501805,158,330
21976,501682,500587,105,472
24429,902108,500669,158,539
9082,500896,501608,79,430
7225,501967,500128,159,397
10170,500752,500586,129,495
12062,500251,500319,111,494
15668,501780,500449,164,345
10436,501737,500360,164,145
21188,501448,501909,214,379
17392,501764,500449,33,79
28464,500561,501710,17,230
2556,501233,502000,5,117
2474,500153,500678,154,382
25667,501108,500844,162,349
23097,501911,501948,154,390
69,500408,501862,65,229
26328,500597,500578,18,84
21969,501275,501860,123,149
16521,501932,500523,186,410
9961,500138,501914,47,249
7919,501534,500578,139,295
20053,500952,500144,164,329
3209,501467,500091,119,569
28143,500128,501992,144,435
26164,501866,501122,98,393
716,500002,501123,52,115
16323,501274,500739,124,716
16947,500057,500123,191,179
24187,500662,500207,168,982
29100,501070,500738,198,1045
25451,501781,501311,112,493
18552,501314,500431,172,843
17852,500734,501635,109,390
839,501817,500521,132,379
20567,501157,501792,139,293
2657,501076,501523,138,934
8241,501937,501121,30,81
9619,501052,501349,137,209
10943,500368,501215,32,173
5380,500764,500123,157,111
17136,500404,500763,21,88
14807,501483,500257,161,315
1422,500115,501237,223,380
28179,500204,500621,137,564
17521,500861,501806,138,1059
24745,501852,501222,166,560
4600,501409,501884,61,199
12337,500133,500990,133,253
5525,501085,501552,135,384
4442,501600,500711,14,196
12992,500465,500986,124,192
2071,501787,501956,157,284
14091,500297,500135,160,331
14941,501456,500962,87,203
8246,500584,500737,139,597
2634,501926,500980,195,434
18259,501638,501506,105,385
4201,500998,501973,62,440
29248,501266,501397,184,390
22056,501679,500322,115,514
7318,500754,501610,22,416
993,500663,501509,128,354
28804,500018,500284,113,424
3616,501441,500485,131,383
16480,500645,500835,156,714
218,501106,500710,115,346
20670,501019,501532,50,127
4752,501355,500810,39,92
5767,500115,500373,206,741
20905,501349,500652,43,81
3232,501220,500934,118,425
17711,501912,501445,124,377
13346,501515,500381,164,862
8699,500535,501600,171,337
16655,500092,501261,19,137
29279,500721,500856,158,1138
16962,500915,500782,135,443
25077,501413,500745,134,854
16033,501075,501519,160,474
2899,500987,501090,183,259
27388,500919,500995,142,304
17500,500453,500902,168,261
5807,500198,500104,180,1028
17327,501467,500505,117,626
25963,501762,500606,132,252
20359,500046,501445,0,80
3515,500919,501034,159,858
6641,500366,500180,141,1147
25281,501818,501519,27,206
7493,501619,501019,67,87
23767,500932,500726,142,191
3370,501358,501467,121,654
21432,501467,501368,163,212
29758,500890,500255,79,374
26937,501207,500269,124,322
1149,500191,501513,143,236
22114,500968,500050,159,673
7548,500520,501798,138,216
18925,500130,500398,42,171
10439,500287,501738,44,406
27857,500228,501872,28,129
13742,500028,500059,172,621
25014,501509,501870,149,745
25176,501259,501224,144,608
28111,501048,501748,128,534
11829,500996,500561,106,377
19135,500645,500463,159,473
5466,500466,500333,129,352
15463,501956,501762,155,417
20800,500197,500878,59,118
28439,501201,501955,131,266
23229,501740,500738,121,365
29400,501027,500460,211,379
18293,500465,501873,162,602
10978,500199,500145,30,51
3979,501630,500701,176,339
14897,500248,500978,151,584
15654,501623,500048,20,78
13641,500630,500830,47,162
3925,501696,500553,159,790
3218,501526,501108,172,551
29734,500599,500512,123,386
18325,501697,501499,133,435
10674,501631,501811,30,41
2440,500191,501816,40,223
5729,500405,501968,151,612
9578,500862,500930,109,235
22253,501227,500481,105,624
15717,500474,500172,28,158
12017,500466,501233,152,322
9000,501395,500177,12,64
10447,500039,500547,170,225
26977,500878,501691,97,481
14816,501302,501744,143,484
18785,501875,501353,152,617
20221,501681,500750,144,328
17083,501038,501622,148,535
29769,501619,500638,125,271
4178,501573,501370,167,644
5140,500023,500454,193,179
4991,500760,501619,201,495
25727,501639,500925,45,122
28470,501627,500133,146,207
28156,501534,501414,167,177
25655,500817,501482,136,539
23933,500117,501121,120,308
22100,500183,501085,27,237
15057,501517,500621,134,305
8970,500817,500180,84,274
19961,501890,501457,80,846
10228,501191,501509,179,299
22108,501185,501749,179,187
29895,501550,501895,124,841
19878,500489,501545,126,894
25140,501273,501989,123,421
26270,500454,500710,122,770
27352,903365,501201,146,380
22975,501563,500590,0,108
21815,500237,500541,10,57
8713,501029,500854,175,200
28486,500155,500616,112,563
9782,501305,501038,148,336
637,500080,501022,162,210
24921,500007,500868,145,400
28332,500233,501837,186,477
20353,500073,501560,9,124
1481,501767,501780,160,452
21959,500738,500129,41,109
4313,501121,500678,155,648
13815,501872,501930,36,159
19899,500442,500093,150,392
4206,501231,500529,153,441
27716,500982,501730,138,193
12930,501033,501288,131,364
10453,500139,501237,142,583
17705,501407,500642,154,417
16277,500832,500167,127,1485
17091,501160,501414,158,559
23407,500516,501860,174,528
6944,500714,501081,142,441
20777,500904,500278,198,692
5062,501973,500899,108,344
9710,500841,500795,103,382
8494,500696,501744,193,412
19585,500906,501052,35,136
6457,500053,500451,25,102
2196,501941,500327,166,472
4504,501923,500628,123,211
8803,500627,501635,198,726
13344,501180,500952,159,368
10336,501240,501677,106,248
21205,500806,501532,81,1436
24685,500192,500207,86,439
27651,500036,500291,98,249
14977,501767,501141,155,110
24258,501931,501322,189,643
9533,500376,500479,189,186
1282,500188,500026,136,334
4479,500003,500126,128,387
5307,501997,500844,86,209
21474,501305,501098,168,579
12291,501907,501635,165,368
29346,500529,501436,103,301
24059,501694,501261,128,172
17068,500335,500966,142,1157
8739,501588,501464,96,500
12126,501207,501220,158,520
28177,500659,500907,136,256
6043,500338,500100,16,141
4071,501980,501780,152,194
13689,501755,500714,152,615
7711,501418,500023,180,334
21201,501868,500420,20,186
139,501573,501939,33,113
16593,501075,500936,144,499
131,501561,501995,176,505
15944,501473,501134,171,317
16544,501682,501335,87,529
13964,500498,501176,182,786
27037,500406,501065,24,83
14689,500468,501511,59,135
14676,500676,501534,141,382
15834,501718,501336,170,567
8514,501646,500735,202,551
7625,501819,501126,31,189
28605,500776,500212,146,453
10394,500747,500790,146,562
4618,500513,501587,135,281
14557,501670,500228,94,359
13295,500433,501991,107,232
17657,500535,501386,169,420
17344,501088,500081,150,384
25177,501121,501924,168,390
14801,500630,501973,29,129
28647,500151,500832,173,359
29291,500475,500335,187,591
29321,501832,500874,21,60
25455,500653,500131,109,492
7980,501364,500780,147,362
23578,500788,500952,109,279
9708,501763,501159,90,425
29754,501305,501328,136,189
17009,500304,501139,158,167
15050,500269,501295,122,1554
21854,501826,500082,165,385
21554,500640,501471,97,747
3343,500880,501749,150,358
15290,500607,501375,159,399
21253,501644,501780,158,527
5208,501868,500476,84,124
10473,501092,500547,148,932
23062,500067,501465,29,177
2992,501073,501946,215,322
6149,501598,501704,142,249
8085,501865,500915,113,534
3438,500452,501350,50,162
25521,501598,500679,136,293
19223,501751,501345,36,160
29542,501660,501361,108,370
16406,500959,501928,111,422
16102,501581,500912,136,651
17584,500771,500611,64,113
5251,501961,500007,22,173
15623,501810,500267,131,594
20058,501490,501468,126,207
21874,501599,501350,33,96
1163,500151,500922,120,482
2343,500932,501819,140,577
20912,500054,500465,175,331
25586,500210,500192,139,690
15783,500416,501072,159,363
10145,501724,501966,97,798
18427,501507,501490,85,319
590,500138,501312,63,175
6169,500496,501657,128,357
9338,501690,501541,156,405
25427,500287,500057,63,414
27370,500006,500710,156,728
14886,501290,500431,150,410
25693,500390,500371,155,193
20234,501278,500136,22,187
14158,501436,501146,138,1227
5864,501431,500579,148,586
9152,500321,501269,154,392
17124,501065,500710,30,178
1864,501663,500436,150,225
22744,501368,500670,158,189
22028,500733,501261,203,417
2629,501338,500293,101,215
15101,501110,500115,168,307
4925,500801,501964,44,55
29194,900986,500215,21,87
9100,501201,501676,112,491
21377,500365,500858,158,101
29982,501998,501075,122,332
29092,500057,501596,12,40
18444,501429,501174,70,270
11115,501098,500704,115,467
28808,501436,501864,122,1118
5677,501938,500178,125,436
25722,500639,501228,156,380
26653,500478,500842,127,1057
10202,501036,500235,67,87
22403,500897,501966,130,332
20411,501062,500084,114,236
2280,500622,501469,168,498
17763,500790,500919,70,58
6886,500449,500395,131,601
16490,500468,500739,201,471
1828,501098,500225,147,339
21181,500626,501387,3,144
11574,500076,501355,100,222
15247,501676,500318,85,280
14371,501486,501980,45,119
16839,500821,501020,94,140
7113,501201,501483,175,253
8104,500712,501213,97,170
23149,501587,501171,128,283
911,501752,501227,136,505
3081,501926,501512,249,281
19643,501443,501445,108,1079
22068,501453,501656,107,134
8353,501383,501684,144,348
23665,500799,501098,149,335
18871,500369,500945,58,286
9401,501389,500740,20,265
20378,501535,500777,145,182
14720,500031,501843,216,463
255,500998,500819,137,544
12782,501117,500689,161,157
15389,501520,500444,39,173
14558,501574,500769,163,571
17428,501969,501255,179,233
922,501055,500523,125,176
5644,500046,500707,65,181
16364,501217,500120,92,244
2532,501848,501995,120,374
4117,500581,500023,198,420
879,501125,500527,108,225
19067,500322,500601,169,431
9305,501287,501145,128,766
26633,500487,500114,47,142
17955,501081,500619,141,735
14836,501663,500916,74,709
19267,501570,501077,0,232
14275,501617,500007,136,372
18990,500158,500143,125,170
27942,500491,501919,148,379
6427,500215,500580,142,547
18017,500167,501338,110,590
16942,501325,500779,130,309
23921,500365,501536,141,657
20209,500087,500156,57,561
2375,501756,500211,128,368
7505,500303,501041,39,201
6697,501737,500298,162,512
14111,501745,501380,49,54
24768,501437,501524,33,155
22249,501758,501864,146,251
27326,500840,501735,159,142
16179,501833,501316,163,281
23268,501727,500446,124,959
25547,501792,500261,166,325
17780,501433,500481,131,609
711,500778,501395,43,76
16410,501389,501895,42,122
10590,501740,500422,124,748
5223,500533,500461,160,566
21932,500631,501660,82,121
21825,501639,500291,215,260
18865,501756,500478,180,453
22686,500173,501431,110,283
5134,500832,500691,118,298
14538,500658,500968,82,781
13182,501718,500131,88,867
23588,501387,500811,173,391
19997,500453,501756,119,550
21333,500339,501724,150,293
22934,500449,500301,40,83
1082,500075,500858,178,219
8403,501693,500890,123,221
13198,500671,501383,126,423
24896,501249,500265,158,307
1601,500971,501982,62,75
1015,501006,501290,117,464
11285,501651,501166,147,432
29429,501234,500173,105,568
308,501920,501929,47,90
29715,501273,501373,157,1194
10107,500204,500718,164,346
4324,501640,501291,55,277
9286,501033,500925,158,305
9545,501527,501391,133,303
21898,501227,500265,121,199
21564,500344,501920,142,893
24832,500308,500309,150,207
23776,500238,500256,167,219
2379,501232,500082,75,188
25653,500878,501421,157,266
18186,501971,501148,117,520
1692,501605,501383,158,651
2288,501086,500615,64,50
11686,501834,501440,100,677
12228,501969,501780,169,469
5248,501056,501944,157,345
7073,500162,500045,74,378
12667,501094,500567,191,427
28301,500234,501402,72,44
5489,501246,500832,79,427
8172,500974,500050,136,605
19803,500036,501263,139,694
19232,501637,501327,17,107
14414,500884,500079,110,430
7498,501166,501305,99,279
20271,500786,501338,102,498
373,501267,501466,138,414
2712,500926,501892,160,315
29030,501764,501215,154,210
23799,501168,501674,163,495
3324,500629,501567,165,478
4958,500252,500450,57,155
16739,501041,500159,188,250
20609,500380,500997,142,280
13114,501907,501817,167,573
17427,500597,500090,130,689
7119,501059,500184,11,221
3832,500134,501015,82,166
14106,501911,500785,109,415
12868,500615,500572,157,312
24348,500007,500190,154,363
8751,501418,500090,110,313
14146,501748,500640,149,909
15445,501487,501161,109,180
1100,500806,500475,138,327
5935,500817,500736,30,96
15587,501191,500933,44,302
12503,501207,501374,155,187
26268,500167,500302,136,749
5457,500954,500436,119,308
19689,500174,501247,137,318
23351,500336,501960,107,617
15461,501530,500764,191,362
3065,500951,501835,58,94
19469,500824,500529,117,354
23586,501412,501117,175,285
23569,500392,501439,120,452
5373,500323,500149,154,500
12089,500816,501271,81,388
2005,500935,500120,136,297
8037,501521,500084,111,334
3796,500093,500386,123,388
14490,500722,501285,177,727
6548,501835,501399,65,94
26874,501651,501224,133,271
24020,500527,500583,143,249
23098,500215,500661,106,156
5612,501240,500100,168,346
6016,903645,500054,140,357
2487,501426,500542,166,408
4232,501231,501288,179,494
21328,500979,501955,152,357
6371,500074,500790,186,729
25676,501380,500023,56,58
22161,500082,501210,158,111
13723,500424,500339,109,226
27320,501849,500119,1,127
8026,500374,500978,122,740
18978,501059,501073,111,888
15031,501745,500663,120,237
2779,501136,500563,64,167
13058,500861,501206,97,950
896,501552,501468,121,370
12445,500077,501601,141,314
24541,501271,501184,124,947
29287,501771,501878,25,151
17988,500384,500914,111,442
6987,500968,501749,92,491
7585,500321,500526,147,339
4641,500188,501928,150,583
27671,501707,500262,120,474
3615,501247,500338,107,233
2018,500369,500418,30,174
2009,501368,500099,132,525
7492,500472,501309,136,333
4039,501755,501944,122,121
12689,501291,500569,15,318
3307,501052,500060,109,540
20481,500294,500054,152,306
5449,500054,501868,196,211
25489,500813,500764,123,409
6121,500667,501414,166,578
2934,500658,500210,94,239
29467,500211,501667,136,303
11392,500267,500155,129,295
26698,500211,500675,138,879
26214,501536,501479,171,485
26476,501839,500213,115,195
12840,501934,500067,106,212
13476,500683,501050,148,639
15644,501834,501246,136,229
27422,501918,501789,37,130
2182,501773,501700,118,769
10039,501214,501225,73,1191
29555,500222,501499,151,808
28018,501881,501024,187,115
3870,500059,500939,108,435
14725,500296,501533,46,106
22062,501880,500495,119,192
25004,501054,501575,147,583
23159,500935,501606,132,258
3727,501768,500497,127,215
12596,500025,500037,118,302
11267,500880,500799,118,728
11630,501124,500658,24,111
29173,500277,501675,0,86
19845,501050,501944,146,296
16001,500998,500391,143,744
18468,501394,500776,67,296
15171,500346,501399,146,437
14980,500735,501098,181,613
19477,500549,500327,45,78
19877,501394,501892,159,501
25918,501234,501136,131,571
14239,501967,500345,151,622
24077,500060,501782,114,669
3709,500475,500172,56,85
21272,501228,501564,29,71
26891,501022,501639,229,296
17202,500893,500113,38,68
28262,501217,500413,164,205
1539,904803,500510,124,387
29037,501226,500817,215,508
27754,501433,500946,59,111
22412,500367,501324,157,304
5977,900376,501497,154,578
1954,500023,500579,108,491
17731,501125,501494,135,439
19802,501652,500528,120,461
9065,501727,501204,113,465
6686,500891,501051,167,287
377,501232,500137,42,87
29768,501964,501663,126,199
21319,501334,501545,186,238
14873,500751,501487,148,931
24655,501689,500324,39,250
3264,501768,501541,144,1011
5165,500966,500771,33,76
14639,501218,500599,74,111
17201,501085,500566,96,378
8189,501859,501712,28,69
18847,500140,501177,134,485
17150,501775,501581,171,255
6077,500432,500420,175,275
12396,501955,501805,42,94
25055,501773,500345,142,274
28276,500419,501370,147,113
1270,501361,500524,101,420
12167,501328,501334,55,407
17654,501022,501264,129,517
14292,501808,500675,62,315
5998,501361,500593,204,344
9150,500616,501201,154,378
11146,500799,500262,147,263
18144,501865,500368,113,373
19999,500932,501996,120,375
25714,500252,501883,110,388
11747,501412,500649,38,49
22450,501703,501237,142,573
5300,500760,500515,137,357
23911,500346,500518,182,207
7524,500633,501397,0,202
19916,500487,501719,156,457
28394,501171,501751,231,265
229,500887,501071,24,219
9313,501605,500572,138,442
4215,501040,501320,73,816
11693,500464,501191,153,488
3675,501526,501255,174,269
7353,500896,500995,125,353
28334,501358,501406,52,135
12838,501931,501904,71,541
18011,500799,500908,113,617
27661,501344,500570,97,883
19204,501646,501989,111,420
18879,500191,500139,102,369
13207,500553,500522,151,232
20162,500551,500904,122,172
18198,500179,500393,23,145
16779,501846,501524,154,454
8982,500180,500400,157,235
5322,901024,501552,152,203
2497,500678,500783,167,400
9963,901357,500721,157,349
8429,501666,500191,176,275
19180,501460,500309,127,364
5828,500034,500302,119,1033
13359,501414,501460,145,206
16833,501327,500284,162,392
23643,500222,501576,157,260
21230,500088,500501,170,254
9975,501615,501421,164,538
15768,500931,500181,50,496
6252,500051,500199,146,276
13264,500572,501796,184,228
14324,500126,500513,128,237
15542,500882,501037,84,273
16342,500037,501909,125,564
3143,501170,501787,139,779
2414,501275,500647,147,262
24912,501517,501678,173,587
14562,501280,500762,148,442
25354,500331,500750,125,615
10369,500023,501173,47,208
18218,501765,502000,70,227
28185,500503,500154,177,583
27944,500882,501040,148,707
19497,501370,500927,98,689
18409,501627,501063,126,231
22201,500706,501943,54,128
22695,501973,500671,190,317
18520,500265,500084,23,95
16173,501810,500018,101,223
22066,501771,501464,10,197
25902,500578,500208,207,588
18143,500309,500001,130,689
22667,501741,501318,30,159
16768,501798,500112,145,267
18015,501007,501968,7,97
2559,501515,500001,85,158
14317,500308,500753,150,561
10660,500042,500042,88,252
28398,501213,500033,141,147
9131,501928,500169,32,94
21283,500888,501718,56,130
1908,501080,500323,159,287
23907,500251,500736,35,61
4242,500311,501016,90,441
5465,501534,500082,154,836
6059,500816,500497,131,325
21753,500154,501313,141,362
22771,500126,501234,138,427
20355,501249,501464,117,172
4776,501728,501866,183,401
3514,500871,500583,60,202
8057,501180,501730,23,169
25159,501757,501584,162,368
21526,501618,501051,35,158
14610,500833,500265,107,240
26658,900488,501535,116,233
3448,500382,500593,82,732
28169,500387,501658,158,274
26556,501860,500953,132,668
4042,501760,501431,137,339
6100,501447,501859,46,117
1424,500244,501764,141,773
8017,500251,500183,137,324
19903,501219,501635,167,247
8672,501295,500371,152,271
12893,501796,500689,121,365
16306,501848,500738,149,208
1260,500080,501482,135,401
23383,501853,500413,111,419
28946,501166,501568,95,552
14833,501073,501404,97,361
26371,501445,500491,113,673
27456,500675,501716,170,526
28741,500871,501119,128,229
24859,501657,500296,209,340
21535,501524,501267,192,386
25262,501592,501161,123,254
4741,500331,501684,116,668
19728,501639,501152,127,205
2320,500655,500669,96,367
12875,500680,500238,111,506
27539,500025,500907,79,572
11086,500330,500645,135,277
25739,501521,500112,118,343
3429,500942,500249,196,403
25158,500319,501644,190,395
28399,500420,501236,32,128
8797,500026,501992,171,572
4937,500814,501846,55,83
5009,501195,501190,127,930
1992,501754,501965,168,229
22240,501837,501825,148,230
26821,501015,500419,164,399
19394,500261,500384,108,470
22224,501942,501246,123,313
24718,500521,500262,133,414
8352,501485,501880,140,243
8637,501482,500236,122,226
7765,501532,500898,169,286
10932,501367,501966,86,523
3317,500155,500711,115,348
11321,901157,500436,154,159
7287,500225,501068,155,211
27562,501725,500374,161,1110
12928,500857,500467,139,457
29139,500662,501184,175,530
27342,501340,501618,195,497
6000,501153,500218,116,202
24257,500742,500351,47,183
15506,501269,500436,111,758
16862,500093,500050,112,378
25466,500809,501096,30,167
20114,501141,500007,144,383
26511,501537,500601,140,209
15965,501710,501488,43,86
18590,500252,501748,99,496
13121,501052,500261,184,373
1846,500314,500143,127,619
16670,500275,501741,34,72
22262,501580,500252,122,613
3988,501507,500628,155,403
25079,501932,500636,165,285
20235,501747,500570,145,482
7007,500784,500576,125,647
12099,501261,501335,153,585
26881,501330,501489,54,88
4663,501756,501942,167,812
25715,500632,500320,176,191
16422,501491,500812,195,570
10047,500959,500734,102,226
107,500795,501763,176,206
25241,501399,500346,92,253
24502,500781,500905,186,194
29202,500811,501006,141,415
5059,501721,500287,188,194
14003,501398,500180,158,704
19058,501572,501725,139,395
21711,500685,501707,186,728
958,500403,501577,94,390
24100,501861,500063,197,314
23652,501751,500648,56,158
7384,500817,501529,157,475
8618,500210,501039,163,535
14504,501864,501457,177,356
9330,501981,500010,133,248
29416,500090,501916,137,322
6062,501825,500732,144,444
19069,501338,501128,81,54
22461,500899,500527,164,695
26192,501029,500033,190,422
15126,501028,500941,130,503
7936,501757,501470,123,320
1463,500082,501740,95,770
11840,501197,501701,160,305
3730,501677,501635,150,269
11594,500952,500627,133,857
25401,500370,501808,166,377
7797,500995,501870,152,149
12038,500418,501480,75,100
26979,501361,501646,148,613
10517,500919,500261,24,99
20408,501648,501663,36,156
29963,500467,500299,140,287
25797,500571,501198,133,575
29269,500529,500314,148,365
8629,500579,501475,0,278
9540,500359,501033,221,235
9482,500302,501670,99,434
5255,500155,501940,43,212
6236,501208,500640,146,602
14216,501598,501108,144,314
11916,501981,500764,160,402
16221,500963,500844,41,230
26533,501280,501522,104,206
3655,501747,500700,45,150
913,501051,500575,17,209
12359,500767,501667,45,84
13931,500854,500893,34,109
9496,500331,500844,176,219
4807,500981,501234,187,1172
15279,500068,501056,90,376
27669,501750,501194,160,158
742,501647,501766,28,150
15804,500099,501685,186,331
23306,501773,500788,116,251
26274,500468,500756,95,165
6583,500055,501147,55,105
15140,900462,500358,57,167
16295,501620,501932,52,60
10583,500041,501805,171,448
16438,501353,500543,122,500
6139,500055,500420,30,38
5640,500541,500138,48,122
16692,500475,500242,46,52
25233,501235,501326,120,1132
24645,501633,501865,147,528
17957,500906,501248,13,214
10844,501488,501057,193,261
22838,501532,501726,34,118
3912,501290,500351,50,357
5456,501320,501034,181,866
19057,500673,500468,60,137
19975,501221,500215,77,341
14058,500311,501445,159,214
6669,501340,501785,143,222
23278,500309,501073,65,114
27495,501045,500278,239,537
844,501852,500120,143,196
1018,500154,500886,128,959
21809,500056,501859,162,258
26837,500547,501099,96,651
13807,500943,500765,97,391
6015,500999,500909,115,212
5337,500473,501316,138,146
13951,501511,500754,136,750
2242,500186,501634,13,195
18403,500792,501730,124,539
26101,501865,501112,145,554
14550,501450,500007,163,453
22165,500415,500513,171,461
29214,501336,501523,160,408
24864,501066,501990,124,420
2724,500523,501232,44,167
7547,501432,500953,80,649
5903,500792,501600,155,693
16456,501658,500008,90,602
16108,500071,500039,116,613
21057,501561,501985,113,491
24243,501894,500112,123,325
13668,500465,501431,139,413
11133,500915,501633,101,338
27740,501177,500244,178,246
11760,501345,501583,39,130
11620,500204,500217,116,746
29138,501890,501346,62,863
5597,501870,500032,145,438
24769,500721,501561,112,491
15232,501360,501280,176,863
22691,500636,501715,125,154
17839,501735,500368,143,369
25996,501413,501233,98,376
2380,500899,500298,139,501
22260,500579,501273,136,342
2297,500065,500876,61,128
18082,500448,501931,29,144
1610,501486,500987,142,736
24858,500718,501320,116,555
21170,500728,500132,159,388
8323,501158,501784,44,46
24254,500207,500540,179,255
20450,500579,500123,172,218
26472,500065,500034,136,660
26454,500217,500314,130,353
6738,501487,500075,72,795
24345,501386,501706,36,106
11660,500363,500564,168,802
28664,500767,501612,140,320
14915,500268,501337,10,154
21110,501737,500091,195,409
4693,500076,501263,129,285
9713,500066,501037,144,392
17594,501227,501022,128,286
16872,501311,500927,157,408
19221,500634,501651,21,58
25764,501345,500115,161,215
27719,500959,501827,46,174
29676,500649,501733,41,212
3812,500116,500638,115,471
17410,500760,500712,192,297
16759,501706,501959,29,135
26787,501695,500071,143,255
10563,500506,500979,112,697
26936,500638,500930,95,482
16717,501899,500599,173,388
5517,501270,500593,146,542
17028,500468,501425,143,450
12388,501907,501211,155,501
14010,501178,501357,113,534
13725,501793,500013,39,203
29376,501526,501681,126,596
22575,500220,501052,39,126
21332,500399,501174,181,189
23056,500043,500299,22,372
27368,500284,501550,104,836
14926,500538,501078,80,187
16797,500565,500746,109,422
11048,501753,501275,28,83
22677,501691,500926,152,604
22285,501705,501328,51,112
27398,500527,501934,93,274
20566,501349,500616,71,247
28667,500532,501537,87,354
25313,500489,501381,114,566
3843,500697,501176,168,310
5310,501144,501517,161,376
6543,500361,501818,89,321
26841,500154,501110,119,777
22044,501319,501862,133,808
85,902560,500551,155,155
18311,501645,500361,184,659
26746,501864,501639,97,346
3888,500251,500127,133,598
19772,500962,501285,105,394
17435,500916,500496,138,219
2538,500576,500244,124,658
20801,501040,501697,173,173
3439,501440,501147,127,401
973,501356,500468,99,699
26315,501184,501139,62,258
15789,500858,500668,164,666
9735,501963,500831,113,147
26095,500696,500871,217,307
11206,501357,501391,172,935
26126,501040,501190,114,987
2964,500838,501753,25,196
6440,500020,501534,197,176
16204,500824,501830,114,313
25486,501511,501199,126,742
19937,501197,501162,131,720
26551,501753,501653,156,400
11714,904149,500737,130,218
4254,500611,500181,119,362
12186,501564,501045,113,399
22394,500608,500495,115,370
3598,501521,501619,139,341
1548,501755,500808,194,849
2510,501633,500957,112,275
14922,501233,501656,140,440
2294,501552,501206,39,50
17883,501269,500356,118,416
12093,903154,501217,139,571
28224,501051,500844,133,546
25585,501398,500625,102,785
5375,500990,500250,121,186
21479,500180,500760,140,595
28191,501421,501513,159,997
27314,501893,501950,18,55
10249,500459,500269,124,499
744,500780,500750,99,206
8543,501711,500028,185,483
17453,501246,501674,146,564
26134,903575,500389,21,98
8504,500233,500128,100,1226
17540,500737,500135,174,444
2592,501448,500384,109,525
11839,501468,500257,114,381
15703,501639,501240,200,474
8500,500914,501684,49,193
269,500297,500780,99,543
7869,501002,501712,10,232
6557,501031,501668,137,316
29040,500679,501780,139,316
16636,500467,501706,115,270
14945,501577,500248,99,249
26253,500672,500222,150,291
7772,500498,501363,134,524
26687,501213,500076,115,316
17153,501029,501780,129,282
5954,500879,501231,44,61
15047,500126,501023,123,316
26939,500916,500633,137,731
29466,500856,501576,197,461
29862,501445,501057,159,479
19016,501644,501750,104,630
14328,500493,500915,151,543
15311,501330,501878,160,220
12051,500853,500859,58,110
19397,501968,500999,20,74
15670,500105,500037,23,140
9272,501235,501320,77,261
14132,501844,500382,151,144
8634,501920,501488,110,185
28005,500035,500953,18,43
7588,500239,501527,134,526
19336,501884,501376,166,407
21964,501404,500370,168,471
12111,904659,500532,150,183
12905,500074,501640,168,233
24122,501488,500912,137,272
27711,501365,500979,50,126
20285,501577,500851,21,207
4530,500739,500738,166,164
20819,501326,500514,43,98
26627,501160,500978,118,354
11188,501429,501659,23,47
21373,500911,500884,132,610
24479,501249,500034,179,519
11669,500565,500759,167,407
649,501576,501577,129,314
26250,501968,501606,169,973
23388,501029,500082,128,289
14901,501581,501795,148,593
6284,500936,501941,168,239
26710,500847,501828,81,207
23519,501630,501222,103,477
22989,500593,500701,126,377
18721,500192,501168,58,539
4080,501224,501031,146,312
12013,500470,500579,119,306
24973,501878,500265,122,255
6485,501298,500986,159,195
4598,500405,500710,124,574
26796,500564,500436,107,525
20039,500335,500294,108,656
4964,501612,501573,120,312
13707,500675,500716,140,708
5324,501110,500842,109,235
20600,500680,501904,101,416
18413,501232,500013,120,302
13496,500970,500615,95,623
29671,501948,501509,130,554
9003,501909,500597,27,70
27913,500257,501078,40,129
21567,501439,500265,82,251
18297,501012,501682,124,609
29410,501795,500464,99,410
21142,501945,501776,108,666
9775,500667,501331,172,121
27281,500299,501592,166,201
16215,500248,501864,107,545
1608,501025,501754,131,206
12639,500070,500431,128,552
16330,500896,500884,138,699
21777,500732,500856,88,735
22169,501778,500190,27,1145
11572,501730,500952,172,454
26566,500909,500204,142,452
15137,501931,501024,166,443
24412,501955,500583,137,431
21233,500459,500966,106,312
13571,500138,501945,132,457
20309,501681,501189,139,409
29344,501463,501980,98,399
1074,501161,501315,124,481
625,500057,501878,10,221
12215,500330,501019,126,251
21515,500628,501190,125,464
19120,500551,500202,103,230
3373,501826,501358,175,328
26228,501715,500637,137,487
29457,501148,501358,171,844
12938,500142,500950,192,288
12612,901958,500627,77,611
14715,500213,501259,121,286
10566,500758,501255,95,348
20614,500322,501115,168,409
24583,500059,500442,130,497
9033,500433,500554,90,327
983,501045,501293,132,472
7998,501598,501148,199,537
24001,501046,501956,111,639
4435,501000,500446,154,96
6125,501148,500496,171,413
28435,501586,501418,8,196
18252,501012,500384,152,583
13721,501202,500451,139,437
8233,501886,501290,156,458
2811,500266,500567,116,472
22760,501433,501815,125,230
17501,500140,500422,220,775
7164,501075,501160,153,320
23953,500094,501058,137,653
7111,500615,500840,115,278
11149,501745,500415,109,364
3523,500104,500228,104,410
7167,500812,501992,176,845
28481,501663,501960,134,301
18960,501923,501311,171,507
23929,500099,500599,169,613
17006,501810,500705,139,101
1234,500108,500458,30,128
16881,500697,501131,65,530
10648,500769,500845,111,507
21694,501238,500136,21,124
8337,501119,500518,120,841
18692,500463,501585,124,427
3732,500029,501725,133,198
20060,500046,500199,121,550
21857,501865,500517,140,438
5078,501777,500870,120,596
13473,500399,501780,201,756
8921,501953,500471,196,473
22563,501361,500193,95,284
22183,501193,500919,156,901
27678,500909,501494,20,60
19800,500354,501461,148,306
11984,500436,501097,14,246
6173,500287,500895,177,578
23614,500046,501383,131,436
29158,501719,500527,122,1153
24557,500692,501368,41,133
28929,501721,501191,172,161
29816,501603,500996,54,88
7762,501207,501864,108,463
27133,501573,500767,107,425
16051,902643,500271,28,119
9547,501046,501636,151,963
13002,501782,501184,169,565
4802,501078,500431,128,318
5310,501144,501517,161,376
20768,501110,501307,136,320
23983,500433,501458,75,298
10732,900602,500833,164,112
9396,501892,500218,155,313
16177,500685,501872,134,155
12563,500749,500144,130,136
22852,500153,500966,179,734
23006,501087,500338,36,35
25502,501190,500924,143,404
4034,500133,500709,145,440
11666,500145,501521,53,242
5224,500874,500496,160,353
20762,501081,501761,171,373
4068,500033,500178,101,546
16621,500206,500139,58,651
29205,500842,500824,137,203
14826,501674,500008,165,290
11152,501562,501135,123,519
7519,500215,500769,76,175
20894,501214,500046,106,308
8287,501980,501520,71,234
2052,501751,500540,164,596
24970,500105,500576,126,331
7472,501744,500134,165,586
13279,500723,501730,157,901
818,501414,501308,190,442
29761,500887,501677,56,145
20083,500210,501277,145,493
28987,500153,500250,166,432
25096,500675,500675,121,325
25019,501911,501483,123,266
26722,500070,500198,53,229
862,500546,500076,55,233
29627,501246,501210,245,536
12755,500003,500704,147,316
27488,500084,500860,52,189
6162,501625,501766,42,332
24419,500461,500442,210,622
18967,500214,500701,126,323
28579,500054,500195,28,107
2981,501636,501448,98,864
13075,500512,501042,52,37
10605,501287,500890,129,176
11664,500123,501682,109,875
8704,501418,500974,136,458
29827,501489,501161,83,446
20662,501795,501139,140,458
7255,500503,501370,155,449
27792,500511,501848,33,151
16237,501717,500204,165,541
10406,501587,501907,102,316
5043,500962,501212,180,760
14020,501467,500049,157,193
10245,501015,500172,151,980
2151,500134,500770,167,278
6448,500386,500056,101,734
29185,501461,500584,91,180
14276,500173,500002,206,659
16800,500302,500538,156,830
24781,500806,501237,198,332
2843,500817,500036,148,332
21167,500145,501701,162,364
1916,501376,500064,74,515
5849,500082,501655,151,383
21579,501645,500094,133,385
21492,500384,501406,117,793
2951,500321,500094,152,322
15986,501491,500937,116,278
18264,501462,501644,19,52
1353,500646,501324,189,442
15925,500173,500001,146,557
22794,501107,501880,187,309
16733,501122,501619,140,240
27287,501512,501639,112,219
5213,500177,500131,88,275
24380,500496,500115,115,219
3677,501684,500259,170,640
28863,501825,501695,145,296
16743,501731,500570,54,35
7299,501370,501932,180,472
28431,501445,501439,34,128
27728,500487,501155,124,667
12613,501240,500678,111,290
24143,500242,501273,51,121
15083,500984,500197,0,149
22990,500571,501390,130,204
17995,501466,500127,149,254
8673,500376,500804,91,271
22926,500459,501031,121,1079
19762,500704,501663,117,296
29883,500196,500526,146,336
6459,501724,500284,72,525
18859,501255,501199,142,215
8040,501046,501314,139,532
17984,501598,501217,131,286
6927,501570,500647,29,76
11131,501330,501373,145,338
14227,500032,500320,139,513
25885,501114,500335,90,551
1398,501490,501161,127,286
12184,500110,500491,138,452
7977,501282,501864,103,371
10780,501612,501084,168,599
14859,501225,501890,157,912
2824,500974,500651,151,128
9869,501968,500414,135,416
18215,501194,501399,103,371
15119,501859,500474,8,176
11422,500424,501467,92,429
5362,501912,500583,130,458
8787,501307,500784,183,309
23852,501414,501643,105,408
18803,500731,501511,124,514
22271,500632,500498,155,1224
10101,500729,501273,96,366
13666,500121,500832,97,192
13419,500022,500470,151,354
13859,500858,500954,45,248
9788,501938,500167,173,398
8836,501620,500902,157,439
13206,501367,500188,92,347
246,501550,501043,121,807
22481,500061,501374,99,561
27275,500735,500487,158,129
16696,500185,501584,96,170
8095,501815,500214,128,295
29865,500014,501264,75,214
8358,500760,501203,192,292
17198,500974,500201,178,516
16961,501240,501717,102,1790
7332,501941,501976,22,86
15966,500957,501524,140,336
23163,501963,501309,140,344
18452,501931,500236,66,345
18129,500723,500264,91,327
18430,500342,500854,168,264
13140,500066,501015,111,110
3371,500785,501775,104,597
14290,501588,500366,29,331
23719,501336,500579,101,354
5990,501503,501273,93,663
18631,501073,500503,179,844
13835,501293,500222,148,380
21804,501134,500593,123,206
3163,501206,501070,114,255
15573,501445,500086,13,254
22986,501201,501859,172,503
12948,501054,501986,204,402
27209,501684,501340,141,537
26805,501311,500754,184,285
11362,500518,500577,186,279
26646,500969,500191,160,412
2579,501302,501322,156,291
26929,501572,500031,157,733
15533,501298,500268,149,257
23888,900387,501750,167,570
414,500111,500749,109,403
28317,500801,500421,25,128
7486,501601,500788,132,295
11061,501079,501777,162,410
19882,500878,501748,172,353
16944,501370,501820,126,296
26880,500446,501066,151,185
13539,500941,501003,34,166
14015,500545,501141,147,428
25702,500135,500805,146,398
3425,500627,501439,117,611
201,501915,501717,58,146
17862,500093,501374,146,562
23683,501737,501596,144,431
3659,500714,501282,144,613
2275,500039,500751,170,720
22423,501300,501046,128,428
5966,501718,501757,180,190
26297,500690,501492,18,75
23045,500338,500716,197,193
24713,500149,501704,203,206
16996,501748,501652,167,330
19021,500314,500151,188,621
28766,500174,501159,156,329
24123,500444,501848,146,299
19079,500771,501675,219,317
18351,500968,501119,110,792
18112,500799,500442,124,268
14565,500321,501236,117,620
28663,500897,501793,153,191
3671,500225,500081,151,1206
20317,501674,500833,187,278
26502,501070,501039,140,505
20501,501085,501572,151,992
11998,500366,501622,154,326
22016,501725,500308,49,132
6,501513,501431,146,545
9586,501334,500784,115,422
20336,501034,501532,139,347
18435,501425,501232,107,335
27844,500923,501465,126,285
15489,500342,501686,92,295
20295,501858,500241,104,233
22247,501543,501177,42,48
17902,500565,500934,129,399
13736,500112,500177,154,357
6689,501908,500287,43,217
19324,500840,500739,184,445
10475,500394,500265,39,242
9280,501643,501387,154,319
23366,500513,501657,166,521
22153,501941,500730,116,633
23889,500733,501989,176,294
28022,500274,500871,221,259
7651,501450,500454,112,414
20754,500279,500729,76,182
22781,500847,501444,79,152
6790,500386,500202,146,921
14697,500722,501006,143,340
28214,500210,500723,101,339
18083,500042,500008,164,696
25496,501578,500704,130,369
6821,500133,501314,111,430
249,500025,500808,81,353
15063,501765,501121,111,198
19144,500882,500952,172,263
6627,500395,500405,116,200
7794,501017,500383,169,328
10268,501084,501499,124,350
11997,501511,500468,222,225
3099,501729,501873,143,286
24852,501820,501280,152,325
26453,500359,501948,127,175
23833,500861,500615,26,533
16276,500584,500345,180,334
1387,501144,501524,175,373
11957,501134,501633,171,362
24928,501120,501697,173,690
3595,500444,500406,30,257
5510,501457,501667,141,510
25043,500523,500893,105,291
22436,500650,500659,168,562
16626,500708,500708,5,83
21023,500479,500455,125,145
27091,501531,500111,130,849
3306,500654,500190,118,353
1461,501541,501996,92,231
1019,501226,501491,161,339
9399,500571,501576,128,490
16700,501639,501848,96,249
27937,501694,501025,67,167
21678,501412,501112,114,589
6366,501819,500316,157,370
21088,501184,501703,150,238
250,500781,501131,147,897
6943,500629,501551,102,508
21616,501859,501300,165,205
29502,500169,500587,47,98
1630,501235,500718,73,254
11671,500285,500850,65,58
21619,500770,501059,111,288
6644,500470,501802,87,363
3594,501014,500959,191,542
27567,500203,501135,165,177
7976,500734,501070,159,465
5651,501025,501206,86,633
11729,500780,500981,133,728
15885,500029,500979,140,755
13977,500385,501691,165,417
9865,501440,501450,147,409
4000,501798,500627,199,313
14002,501017,501941,90,297
29785,501314,501341,38,136
19233,500272,500257,128,636
15577,500228,501753,137,376
15371,500877,500512,128,298
13334,501861,501943,46,140
25960,500890,501694,141,497
9119,500518,501651,181,111
1078,501041,501386,103,284
5815,500218,501322,142,670
4792,501992,500926,205,85
12792,501535,501161,159,506
24500,500265,500934,24,211
13872,500733,501551,141,286
22472,500472,500149,152,323
7209,501006,501099,15,209
19984,501412,501225,142,471
8875,500135,501945,67,454
11405,500754,500957,174,411
3424,501303,501084,47,108
10158,501898,500911,63,152
7313,500947,501970,176,258
321,500642,500098,119,855
2524,500531,500943,81,284
2053,501681,500261,135,386
14798,500611,501701,175,492
28329,500279,501816,47,206
29834,500210,501037,86,145
23950,501117,500886,151,184
1010,501280,500256,149,212
10811,500814,501081,22,91
17651,500239,500663,125,690
26633,500487,500114,47,142
29392,501945,501953,146,367
23572,500214,501440,173,550
21450,501007,500676,148,363
3058,500586,500193,33,271
16815,500447,501127,76,575
26622,501379,501268,28,117
9969,501341,501550,102,868
26809,501920,500514,146,505
22420,501985,500661,103,396
22735,500111,501082,145,527
728,501627,500104,29,96
27793,500217,501677,175,1030
13093,500566,500760,96,590
1829,500431,500338,106,552
16061,500145,500782,130,297
23368,500203,501830,183,676
4690,500320,500567,181,1330
21279,501690,500878,92,877
14252,500329,500214,15,52
20517,500794,500410,48,118
13825,500212,501391,38,103
13228,501125,500466,186,309
21152,501017,500550,48,36
13382,500467,500952,103,358
29524,500639,500267,152,359
24619,500764,501428,150,600
22027,501251,500328,129,482
20361,501853,501199,163,1527
7120,501058,501798,164,361
17795,500825,501259,121,271
2954,500944,500624,169,265
8479,501695,501191,156,635
16698,501683,501006,175,586
14005,500993,500252,197,221
7355,501653,501006,188,715
18882,500622,501843,126,442
6591,500943,501587,157,653
25141,501019,501725,164,816
17611,501867,501857,30,209
6735,500495,501193,69,129
9252,500629,501862,140,650
9522,501045,501765,81,501
29888,500363,500910,143,202
22316,500479,501784,154,412
13677,501638,500950,65,77
8484,500517,500156,1,190
28692,500657,501831,71,438
2831,501177,501179,96,745
124,501220,500117,165,246
550,501308,500189,108,514
4542,501831,501307,198,326
28105,500418,501975,70,128
3614,501503,500987,156,148
13695,500911,500156,170,472
12774,501367,500679,141,491
10056,500898,500501,126,510
26878,500576,500890,25,229
9887,501744,501996,123,322
23897,500895,500120,136,718
11347,500253,501691,110,538
20390,501110,501884,133,122
14786,501723,500021,132,277
19732,501141,501106,111,411
13834,501719,501580,123,471
8286,501581,501755,159,623
13718,500293,501414,127,622
14706,501139,501211,127,643
1810,501139,500160,151,357
25178,500046,501304,114,394
18146,500996,501922,144,536
27491,501864,501907,190,203
18824,501572,501483,124,699
9651,501219,501443,146,1050
27070,501407,500707,23,70
877,500374,501767,175,354
17312,500832,501776,168,162
4757,500923,500025,185,540
21327,501445,500278,202,334
19917,501403,501750,35,51
20552,500970,501615,176,139
24246,501395,501887,119,604
20101,500754,501246,137,641
2602,500384,501158,112,539
9158,501526,500295,218,809
17032,500239,501693,168,520
2485,500391,500472,100,752
19849,500787,501928,127,506
4940,501285,500225,111,356
18718,501664,501479,55,190
21215,501051,500191,35,87
26890,500188,501960,162,413
10999,501618,500250,111,301
7849,501264,500330,198,259
27345,500133,500010,117,608
14937,501945,500571,101,315
4472,500769,501360,123,185
27063,501055,500380,127,157
2626,501558,501744,26,150
5326,500659,501969,46,95
19004,501996,500858,101,261
2072,501096,501981,65,555
1441,501675,500238,125,589
2911,500465,501453,82,386
13966,500605,501146,85,444
16857,501924,501226,150,210
28368,500389,500555,35,93
8607,500770,500257,123,183
18678,902747,501731,37,50
14534,500104,500944,97,404
8313,500934,501865,185,359
7389,500962,501044,66,165
18007,501375,501023,187,183
17750,500566,501582,226,184
1670,500762,500036,171,230
29006,500367,501325,177,273
3293,500487,500304,161,431
27743,500540,500944,161,434
275,500943,501040,187,206
25848,500837,500333,148,473
11891,501483,501432,138,813
2047,501751,500502,141,380
10011,500527,500166,163,757
20648,501922,501607,111,276
24576,500124,501014,164,314
9163,501731,500002,139,628
1456,500759,501147,190,503
9999,500431,500808,114,602
8347,500729,500952,48,96
28323,501236,500706,137,378
2231,501198,501085,194,327
6123,501503,500200,60,99
16459,500133,501847,140,310
5011,501563,501859,148,609
3936,501923,501607,104,631
14109,501606,501645,186,691
28015,500968,500056,46,188
12417,500596,501368,19,101
17945,500814,501944,120,525
12318,501755,501494,136,396
5264,501020,501588,147,335
9955,500632,500478,137,196
17828,500233,500690,101,156
14008,501324,501234,192,356
16365,501945,500383,138,662
24881,500115,500818,201,284
10061,500711,500257,126,296
19605,500908,501834,110,436
24554,500914,500545,123,558
27118,500720,501287,129,728
28884,500637,500472,120,291
6233,501316,500328,188,358
17492,500007,500830,154,717
15175,500126,501438,142,371
13653,500415,500516,98,339
22978,501904,501570,213,463
288,501922,501360,100,935
23917,501705,500600,36,112
12863,500680,501693,135,343
27003,500615,501215,158,207
25736,501056,501334,172,273
29979,501686,501448,124,826
29061,501717,501718,160,299
10152,501118,501418,157,282
9423,501316,500138,147,307
23549,500342,500749,92,193
18640,501788,501237,178,361
13826,500005,500213,163,294
29683,500750,500640,168,726
22721,500840,500812,197,307
19759,501360,500519,129,377
8730,500467,500429,41,126
3837,500049,501564,190,327
11561,500790,500059,193,579
8569,501804,501204,173,524
17868,500774,500830,154,327
25279,501137,501789,24,266
14818,501310,500542,110,379
8327,501360,500535,151,686
19634,500497,500212,205,691
4436,501039,500363,113,235
25492,501105,500720,42,137
25341,501682,500280,128,120
23243,500200,501432,204,458
22362,500386,500468,135,509
20880,501701,500751,161,200
24828,501743,500101,115,242
3960,501776,500777,122,575
13762,500613,501025,14,128
20657,500384,501907,191,331
15816,501748,500732,107,700
29379,500519,500636,145,569
12929,501793,500258,120,447
7191,500868,500792,156,174
4315,501646,501552,135,314
4414,501463,500950,153,678
23428,501460,501528,103,727
28576,500419,500289,154,229
19599,501221,501541,146,134
156,500432,501414,137,967
2573,500322,500915,36,133
5523,500893,501376,67,238
21640,501102,500553,143,719
8062,500991,501055,164,591
14407,500633,500299,0,65
22759,500382,501300,89,124
23560,501570,501667,149,630
11874,500502,500181,173,166
3481,501744,500230,35,120
17416,501081,501880,134,1056
27064,501723,501072,170,1262
7379,501639,501032,105,311
2429,501536,501247,152,847
27403,500059,500006,113,467
23696,500653,501730,160,365
23752,501796,500995,189,297
5313,500472,500824,158,614
6089,500780,500617,40,140
21920,501872,500080,96,373
6618,501568,500629,89,1191
18698,501953,500314,146,476
24915,500753,501734,145,464
6985,500132,500981,131,652
2140,500658,500564,163,304
2641,500495,500410,133,1034
10956,501161,501214,99,179
27961,500841,501259,196,285
8330,501617,501772,75,355
6028,501683,500777,135,620
4398,501526,501808,106,468
22604,501884,500542,147,420
11367,501782,500079,188,347
20511,500605,500495,138,442
22841,501467,500954,131,265
29281,500754,501617,151,688
21322,501403,501905,132,405
15930,501795,501346,165,195
10779,501403,501953,139,621
3544,500523,500184,145,289
29538,500213,501429,148,386
5142,500531,500193,75,535
8990,500344,500435,122,283
20077,500726,501999,92,727
3516,501784,501055,184,246
7288,501266,501226,18,121
19757,500171,501779,39,39
621,501033,501293,131,636
31,501652,500148,186,832
7924,501039,500117,192,534
19087,501667,500436,177,328
6288,500110,500663,125,993
6774,500309,501923,151,425
14346,501819,501985,95,355
22269,501870,501445,178,797
2258,501985,501031,0,263
11731,501315,500322,97,1011
27751,500269,500952,107,165
28023,501062,500550,86,334
836,500767,501489,110,675
16085,500322,500609,187,301
20620,500013,500036,66,251
26063,500895,501901,118,1113
20559,501206,501991,166,606
23130,500258,501302,33,218
1653,501477,501853,31,221
15782,501582,501330,97,443
7854,501967,500578,84,373
8986,501439,500468,116,406
9757,501745,501875,62,83
12939,500472,501524,44,167
7577,501588,500320,185,522
2841,501817,500117,199,307
11513,500436,501179,120,575
20613,501119,501259,150,329
2303,500874,500473,116,175
29968,500718,500405,148,312
7629,501430,501425,86,382
19613,501457,500491,81,636
465,501920,500757,113,399
18214,500564,501386,118,239
7553,500373,501448,93,308
14213,500921,501069,19,158
9659,501135,501428,178,220
9705,501315,501578,155,697
14568,500886,501780,106,519
21786,500551,501375,176,1397
18653,500910,501350,136,331
21356,500545,500221,32,78
5203,501344,501655,133,339
23943,500911,500920,134,689
752,500840,500840,115,748
24311,501745,501259,119,415
4984,501327,500725,171,221
18819,500907,500689,165,441
20707,501515,500387,60,83
16322,500893,501194,144,732
27099,501060,501304,111,349
3538,501240,501545,150,97
9128,500993,501023,133,584
18201,901250,500874,158,406
21607,501546,501030,14,162
19611,501231,501041,125,267
24115,500506,501404,187,544
6955,500767,500213,102,291
15425,500732,501707,132,211
13432,501878,501460,219,664
14635,501640,500291,83,429
887,501293,500831,124,906
7485,501275,500818,133,435
20955,500401,500728,100,534
29692,500716,500779,106,303
19874,500031,501271,144,538
1783,501523,500067,125,646
5232,501944,500143,80,255
2089,500730,500978,30,240
16463,501881,501881,145,283
16878,500060,501960,153,379
20918,500524,501894,133,233
29235,500725,501846,71,149
17458,501904,501658,146,784
17741,500165,501317,13,68
3249,501002,501002,119,549
21009,500538,501506,151,593
8589,501521,501125,116,296
19337,500705,501130,166,879
12153,500957,501956,118,666
3555,500167,501264,131,352
17770,500586,500999,92,219
956,501679,500232,123,153
21650,501785,501685,92,166
14278,501063,501681,166,403
5739,501492,500383,132,277
14938,501535,501957,25,62
16641,500799,501861,132,1513
21563,500878,501818,216,493
14981,500565,500842,32,126
22690,501057,501071,113,424
1689,500514,500891,137,214
11313,500218,500253,203,849
7573,501804,500974,100,776
1286,501795,500491,14,89
1607,501905,500723,141,380
18162,501941,500183,94,686
29906,501099,500010,166,337
26210,501246,501375,0,115
20931,501723,501456,147,898
19467,501373,501079,106,399
25032,501163,500632,120,117
25181,501053,501757,130,432
6049,902568,501582,159,331
10982,501000,501295,141,298
5019,500239,501362,184,510
9625,500925,500160,158,420
12807,501458,500787,110,185
3276,500996,501798,81,356
9177,500899,500999,152,219
17670,501081,500529,25,138
606,501752,501149,143,537
8399,501721,501131,22,68
3702,501534,500060,129,522
6294,501564,501075,48,107
15033,500179,501928,149,1080
22289,500298,501219,185,478
21094,500825,501154,37,231
18509,500399,500944,161,400
11275,500199,501021,30,166
11633,501792,501878,110,491
28442,500471,501707,105,501
6171,500029,500737,140,346
4576,500776,500237,136,642
1640,501428,501681,87,326
4182,501032,501268,47,651
15796,501139,500028,228,218
9621,501174,500184,79,399
17007,500124,501889,157,1116
28723,501236,500705,185,459
2637,500066,501634,37,98
28571,500144,501909,106,325
17592,500074,501097,43,108
14145,500188,500735,132,444
25677,501171,500045,162,190
3174,500935,501314,131,440
17471,501141,501197,98,567
28260,501184,501201,168,569
19914,500363,500916,178,283
14133,501804,500884,101,133
9180,500943,501749,130,587
2700,500931,500787,88,677
10771,501239,501829,140,585
8175,500241,500655,131,321
28445,500830,500449,97,210
11892,500910,500335,49,152
9340,500314,500061,189,476
13585,501325,501839,182,178
21476,501677,500250,86,641
1068,500338,500922,191,247
1612,500252,500180,115,935
23728,501190,501525,169,372
21754,500915,501368,38,93
15949,500025,501117,120,348
25923,500761,500815,33,190
26291,500629,501349,137,342
2529,500119,501429,52,123
21680,501326,500081,36,126
23224,501372,500594,40,113
25765,501523,501330,102,253
20280,500884,501040,75,290
6035,500150,500174,14,110
10487,902091,500476,180,438
19084,500376,500799,15,107
16693,501693,500019,142,285
7598,501261,501494,126,530
25119,501311,501465,184,337
15521,501820,500799,99,266
19825,501102,500060,120,287
12029,500586,501155,172,478
19282,501654,501872,11,123
28290,501513,501735,113,431
23761,501485,500457,134,201
16495,500808,500576,110,739
28953,500217,501402,65,94
14321,500554,501847,116,554
19551,500280,501828,144,337
16965,501685,500942,187,210
25593,500813,501982,125,273
24657,501759,501346,125,466
4554,501429,500954,127,347
10866,500066,501002,143,354
16018,500080,500751,124,274
24909,501376,501760,171,193
26873,500149,501781,152,245
25817,500561,500764,140,505
7117,500910,500540,119,529
26191,501051,500777,52,107
147,500647,500440,121,574
15568,500230,501239,53,70
8311,500698,501523,140,597
8661,500914,501084,146,631
11237,501393,500671,83,1264
16896,500321,501344,175,571
26526,501298,500399,122,276
1252,500424,501997,67,182
6852,501473,501263,88,755
13360,501045,500403,90,809
27212,500282,501815,165,109
14322,500399,500485,156,345
14831,501482,500315,10,31
5258,501139,501596,180,488
26517,500021,501104,36,71
17295,500679,501179,125,191
5782,500282,500332,127,531
8544,501880,500968,97,700
23106,500579,500608,177,177
3254,500681,500377,44,217
9091,501319,501695,127,385
7823,500863,500182,0,77
16135,500081,500032,150,217
9036,501320,500202,74,517
15745,501240,501045,155,311
10116,500453,501514,48,265
15303,500435,501439,41,140
20554,501468,500553,155,292
9662,501133,500737,161,387
14596,501362,501925,164,512
15840,501777,500430,71,95
9293,501705,501321,36,63
4754,500329,501415,16,103
22626,500491,500382,114,245
671,500764,500006,185,261
9415,501573,500544,42,53
17555,501213,501525,129,238
5870,500070,501923,147,493
12833,501995,501424,113,397
9347,501745,500679,87,278
25257,501125,500916,97,389
10354,501644,500356,51,320
25459,500646,500682,131,164
23046,501681,500679,102,577
4227,501246,500279,138,174
8710,500838,501737,104,216
5896,500676,500792,208,712
520,501300,500133,122,641
25520,501615,500153,118,538
25610,501825,501513,151,416
14640,501723,500494,27,109
6895,500181,501969,131,625
17718,500282,500405,122,118
2420,501324,500548,125,342
19476,501080,501133,137,369
21849,501929,501255,31,57
8488,500652,501040,20,99
21960,501650,500612,47,69
203,500745,500545,34,53
3750,501551,501999,102,463
28240,501315,500813,122,900
3116,500710,501143,113,674
10281,501607,501398,124,435
8480,501862,501666,19,149
7801,500032,500090,179,228
6808,501226,500687,120,594
8926,501062,500342,161,334
8653,500720,500255,138,590
1402,501121,501125,174,112
13614,501485,500013,100,556
12548,500296,501716,90,427
13238,501213,501239,27,178
3724,501520,501751,142,392
20966,500646,501453,96,389
2070,501373,501080,150,351
9656,500603,500123,0,147
4211,501391,501098,186,554
1274,500370,501780,213,485
25686,500110,501815,124,562
11215,501072,501570,64,55
5617,501108,500792,123,432
2246,501730,500762,143,478
4352,500521,500467,97,527
702,500401,500116,149,1289
17077,500720,500067,169,298
6752,500978,501843,155,949
22725,501448,500252,148,584
25712,500857,500515,149,825
3652,500092,500277,36,79
29934,501605,501934,177,321
24811,501114,500737,184,472
5290,500084,500996,189,710
10624,500489,501142,155,408
7985,501344,500506,167,321
22903,500142,500295,148,878
17735,501605,501653,175,175
6896,501064,500290,36,99
19944,501344,501909,114,313
24396,501684,501523,111,223
8451,500312,501300,145,700
3300,501423,501764,147,605
20486,501383,501918,132,311
6767,501298,501646,139,111
15690,501512,500633,143,596
23072,500264,501755,174,925
7170,501600,501815,123,410
3803,501963,501190,122,605
13330,500334,501784,157,607
12867,900118,500758,27,100
18948,501519,500839,161,364
15401,501189,500028,171,302
11170,500527,501625,55,206
21659,501524,501925,92,411
389,500899,500533,117,444
14473,501093,500572,228,330
13379,501522,500239,143,376
14731,500196,500262,147,465
2716,501423,500616,119,671
10361,501195,500800,251,316
28213,501719,501691,154,214
24416,501567,501616,98,500
16829,501670,501219,162,524
10695,500192,500838,128,329
9277,500282,501325,176,171
26157,500835,500481,192,1587
22995,500579,500566,146,290
28119,500845,501189,124,328
26150,501304,500756,96,235
26498,501999,500143,95,279
15460,501489,501210,144,133
9892,501519,500204,91,447
9182,501528,500029,142,380
21584,501765,500041,96,529
24843,501356,500339,124,235
11460,500213,501775,119,399
26402,500449,500449,79,803
28154,500006,501080,51,114
15052,500201,501899,91,472
8992,500540,500544,89,531
12465,500475,501222,206,440
93,500731,500611,95,141
5939,500385,500013,136,498
23954,501313,501295,167,492
7277,501527,501074,36,218
22102,500771,500197,58,409
27415,501517,500403,146,394
3211,501275,500533,188,452
6549,501552,501483,156,229
5132,500948,501873,42,111
21984,501706,500191,43,94
28467,500059,500767,202,651
28951,501961,500950,58,176
23471,501743,500169,41,141
7140,501373,501450,121,262
28194,500950,500480,145,213
9995,500743,500489,164,304
14971,501567,500785,44,194
14868,501992,500446,153,965
19068,500640,501414,212,260
16924,500498,501090,138,568
13649,500249,501531,99,755
26721,500405,501394,172,543
27757,500625,501364,148,251
7231,501488,501290,73,191
20869,500651,500080,164,793
16230,500264,500706,130,270
21311,501141,500615,129,325
19840,500391,500117,159,802
15180,501996,500126,120,303
8284,500346,500088,110,348
16991,501853,500291,161,879
7508,500845,501389,48,122
6920,500305,501618,147,185
24294,501107,501598,127,257
19958,500506,500160,153,256
20684,500750,501726,143,1147
18842,501587,501618,194,317
10429,500487,500124,95,670
1959,500999,501091,120,345
17018,501071,500382,18,73
19912,500812,502000,140,660
3682,500784,501058,109,326
446,500324,501898,43,44
27851,500562,501884,168,318
8989,500516,500131,144,357
24241,501397,500095,171,236
6867,501562,500616,106,592
24482,500625,501127,156,195
29479,501808,501277,84,451
4078,500176,500019,91,195
19751,500487,500517,183,196
2733,501829,500219,143,311
15150,501315,500112,152,483
13522,500478,501625,141,158
14072,500431,501606,138,431
24331,500763,500104,21,117
1659,501778,500115,157,505
20746,501340,501694,122,618
2765,500259,501901,134,2323
23023,500346,500897,184,391
20639,500911,500390,170,635
23193,501349,500314,147,424
957,500873,500912,34,179
9799,500032,500295,144,763
24135,500737,501185,140,665
6552,501768,501062,116,421
9191,501724,501858,113,568
21161,500993,501202,129,320
2014,500628,500981,141,247
17241,500365,500952,129,191
25989,500953,501264,178,382
13792,501755,500858,79,384
21656,500316,501376,164,203
12686,501817,500838,186,452
27818,501628,500228,200,771
5883,501414,500838,38,186
233,501805,501663,156,709
13192,501693,501652,120,356
533,500262,500577,117,106
3770,500229,500933,31,88
28615,500390,500057,151,505
7775,500478,501478,121,210
25038,501307,500133,112,655
26151,500861,500191,164,465
14656,500996,500788,150,635
23727,501711,500711,121,261
17291,500183,501098,144,597
20244,500862,501232,130,519
20764,501333,501240,131,376
5924,501033,500732,160,174
12551,500207,501240,198,300
24227,501441,500950,134,182
25128,500916,500993,139,599
18953,500236,500088,35,385
10518,500164,500926,31,56
14080,501247,500840,150,483
15869,500383,500904,128,719
18097,501672,501796,24,62
25948,501775,500923,219,768
2419,501040,501145,160,362
11642,500484,500949,149,272
27177,500049,501694,115,613
28390,500847,501628,133,191
5885,500188,500781,84,206
23309,501302,500169,50,109
1066,500327,501617,73,325
12890,501012,501285,157,216
6222,501176,501525,166,381
19401,501663,501528,16,156
2506,500051,501646,153,443
16986,500523,501690,38,127
5911,500754,500907,163,775
1775,501858,501445,68,597
12619,500185,500079,159,709
14660,500886,501239,179,776
13594,501694,500287,126,495
21907,501214,501246,105,294
5979,501136,500840,135,154
19409,501102,500518,179,584
11141,501511,500830,182,320
5571,500527,500158,138,371
7427,500895,500459,131,699
16934,500010,501214,158,742
22914,500880,501272,102,254
22234,500248,500731,137,363
15249,500792,501032,151,758
13759,500733,500297,162,328
26871,501490,501956,91,1123
21605,500741,500285,25,161
1604,500998,500485,112,239
15734,501169,500217,184,645
27991,501226,501529,15,175
27223,500886,501818,188,304
2192,501020,501615,135,946
29454,501852,500416,166,637
214,501928,501668,182,377
13985,500111,500639,92,351
3045,500770,501142,41,249
2368,501340,500176,135,582
19185,501638,501460,100,290
19266,501022,501014,125,364
15825,500164,501953,129,338
29845,500533,500066,146,252
11757,501391,501503,135,398
629,501553,501487,147,248
7967,500134,501307,162,431
5918,501087,501340,173,245
28447,500723,500032,187,261
28170,501518,500100,140,190
23675,501545,501469,141,753
23563,500001,500225,141,287
23582,501519,500904,114,421
27018,500472,501739,24,155
5325,500280,500805,140,595
11222,501992,500986,125,187
5877,902300,500042,25,152
29848,501741,500356,159,337
26600,500936,500513,165,321
10511,501460,501730,146,263
12936,500148,501303,172,672
20551,500532,501904,122,220
25990,500816,500760,35,65
10294,501199,500854,223,427
5382,500145,500309,145,277
8140,500338,501322,94,161
27921,500817,500747,129,335
26266,501370,501246,125,317
29451,500028,501616,157,287
14436,501219,500151,131,398
19621,501469,501345,132,219
11943,500706,501636,129,606
15990,500578,500914,130,499
16875,500845,501595,130,372
24155,501532,500493,119,826
20347,500530,501522,181,174
1364,501715,500944,97,254
7175,500071,501527,57,197
15296,501438,500207,126,829
22850,500842,500287,180,384
10329,500681,501357,156,794
18672,501457,500637,194,235
19487,500004,500031,122,659
5995,500947,500681,193,452
19774,500142,500999,169,545
23337,500401,501362,166,321
3952,500512,500277,38,103
29406,501227,501680,41,74
14478,500636,500696,114,298
16660,903217,501456,104,546
27968,500800,500061,138,720
4059,500093,501753,190,310
5740,500088,501734,147,313
1020,500616,500704,149,366
9859,501132,501271,144,817
14952,501852,500421,13,147
4066,500767,501902,24,150
3128,501825,501552,106,369
2353,501272,500987,164,1954
1865,500825,500193,121,387
13242,501662,501234,69,135
20452,500678,501122,123,470
7503,500021,500441,112,425
21263,500356,500029,104,264
23255,500890,500862,146,495
2561,501251,501079,171,568
22479,500974,501678,65,86
8760,500952,501428,80,469
15605,500454,501149,119,947
1906,501143,500376,137,346
22724,500008,501280,128,1576
1898,500685,500599,146,286
15686,500423,500153,116,301
18724,501920,501505,137,128
14415,500213,500473,25,224
17990,501752,500109,121,626
1358,501022,500467,191,526
2764,501817,501911,139,469
25033,500756,500093,151,792
22555,500757,501981,99,412
2959,500338,500381,189,724
17572,500363,500934,139,532
5671,501615,501031,136,322
17364,500445,501956,30,118
2662,500927,500289,149,905
2153,501948,501993,191,323
11624,500464,500813,123,953
17684,501397,500595,50,59
27817,501748,500788,45,159
28778,500574,501221,133,354
3576,500026,500261,138,1106
22756,501170,500888,178,190
28960,500034,501631,158,364
21049,500535,501133,141,173
8788,500520,501804,193,352
21620,500091,500960,159,628
13361,501109,500696,141,498
13047,500090,500502,62,307
15516,500520,500028,39,154
14417,501287,500202,172,276
1593,501882,500647,2,66
19242,501513,501470,102,396
27072,500311,500579,181,1373
24265,501107,500891,135,637
11701,500481,501149,59,56
13854,500832,500581,145,286
17554,500510,500384,92,509
15094,500449,500166,232,386
20568,501470,500986,133,271
28791,500444,501486,150,389
21581,500937,501285,177,334
16754,500982,500257,91,331
29286,500980,501130,131,386
20642,501058,500465,33,206
8461,500886,501102,120,260
26586,500545,500987,82,574
24245,501147,501820,143,192
8804,500154,500104,159,684
4665,500366,501349,147,605
14313,501220,501453,131,955
14698,501925,500239,183,464
22090,500621,501703,71,960
29643,500045,501777,120,355
8963,501080,501310,149,452
16595,500854,501050,101,1353
2655,501487,500639,31,126
10523,501132,500760,162,655
9186,501745,500330,130,300
12329,501938,500611,157,753
15203,500726,500610,61,552
24507,500440,501482,105,509
21837,501941,501011,145,132
1586,501852,500459,156,410
24219,501316,500109,104,918
1521,501951,500446,132,561
14016,501079,501037,108,371
19230,501194,501305,109,339
11952,500821,501747,70,564
12133,501240,500144,173,417
9055,500624,501765,36,154
3153,500029,501057,91,196
1314,501477,501672,27,329
26494,500938,501899,163,470
20740,501723,501645,130,1013
14979,500994,501831,122,607
10850,501952,501473,137,646
6044,501099,500968,240,329
23689,501085,501745,118,330
10287,501528,501177,128,457
19892,501909,501142,152,595
10128,501325,500653,201,1144
2461,501657,501810,100,432
14352,501492,500653,152,453
8606,500241,500544,186,638
10552,501234,501522,109,459
5151,500533,501652,151,340
26212,500328,500997,85,360
7678,500280,501519,193,216
1497,501081,501197,157,634
5005,501307,500543,148,1097
29520,500061,500258,141,652
2888,500109,501752,176,697
13076,902703,500685,161,261
21243,501357,500455,153,873
10547,500225,501270,143,555
1166,501444,500667,38,192
24221,501368,500896,139,368
29783,500599,501609,176,615
25864,501860,500938,119,273
2023,500204,500858,100,579
6208,501963,500669,181,213
7448,500578,501160,195,529
17438,500038,500393,44,52
11993,500201,500962,139,244
1235,500025,500522,142,419
21747,500880,500045,31,225
24151,500196,500547,153,328
15110,500081,500824,123,426
306,500071,501189,135,344
1777,501844,501039,133,510
5700,501376,500478,123,108
3729,501327,500881,48,105
7480,501887,500722,110,702
23231,500651,500318,115,476
23170,501070,500527,59,317
3509,501964,500840,113,665
25920,500767,501965,138,524
23731,501630,500639,165,434
21995,500476,500663,98,313
5420,500131,500050,169,208
14304,501150,500527,40,156
1296,500697,501117,137,305
7675,501058,500813,132,266
25741,501948,500559,162,316
7495,500927,501381,143,685
11236,501929,501740,193,892
21769,500957,501539,10,67
26054,903565,500543,174,264
15240,500327,500201,101,208
11096,501598,500438,181,505
5342,501682,500471,114,238
863,500287,500294,168,311
15913,500326,501373,102,240
16053,500808,500965,154,346
10977,500112,500278,142,425
27372,501053,500029,144,308
17784,500028,500156,140,737
21734,501269,501668,177,455
1693,500556,500710,150,220
5410,500758,501053,165,203
19784,501677,501875,36,151
18694,501677,500969,44,114
21557,500993,500207,116,394
3441,500144,501328,137,331
15728,501445,501407,113,847
20665,501264,500399,110,474
6227,500930,501759,102,662
24216,500091,501310,115,294
10055,500968,501157,115,284
2705,500336,500566,130,735
29537,500698,501231,168,209
28582,501190,500112,176,1218
25589,500570,500503,106,398
943,500160,500818,139,1055
23737,500416,500491,104,440
22391,500609,501056,154,342
3358,500685,501826,157,473
198,501511,500521,131,289
9579,500642,500844,134,473
16105,501115,501210,117,544
15519,500056,501617,86,421
8373,501268,500054,109,394
2915,500405,501103,196,163
7315,500549,500237,63,276
24798,500658,500540,170,157
25388,500008,501144,87,405
26694,501964,501421,125,323
26925,500936,501280,101,318
11028,501240,500544,111,459
27934,500646,500059,45,117
25231,501423,501466,207,262
25174,501685,500279,148,863
20949,500181,501754,161,295
5329,501032,500422,134,785
24136,501237,501394,233,134
24523,501998,501654,179,298
24787,500789,500323,23,77
16845,501185,501428,140,104
22256,500841,501852,175,499
3402,500567,500174,89,628
14267,501982,501670,116,898
26961,500149,501606,177,95
15064,500094,501220,129,128
639,500134,501866,93,336
15635,501676,500833,155,617
5833,501308,501125,73,391
12471,501507,500267,6,175
4707,901422,501170,144,591
5079,501382,501687,207,344
23235,501542,501976,112,306
770,500990,501599,66,109
25053,500279,500206,255,470
26332,500998,500722,150,622
26422,501131,500087,201,404
4275,501094,501747,91,828
3718,500423,500365,97,571
7898,501726,501751,154,295
20571,500076,500442,126,676
15329,500492,501383,68,301
24461,500907,501214,135,270
4834,501319,501466,146,329
17188,501926,500601,240,371
8336,500580,500965,139,348
22402,501729,501099,59,461
1788,501511,500758,172,219
12645,501505,500718,135,143
9993,501190,500502,161,208
4689,501350,500675,80,189
22633,500037,500066,157,322
7171,500138,500711,137,458
17637,501512,501519,197,814
5808,501362,500818,100,644
13846,500556,501818,87,324
18657,501956,500088,142,316
15081,501638,501889,187,810
2100,501510,501454,41,78
24350,500897,501273,166,147
1667,500833,501161,182,379
18608,501579,500781,47,82
26117,501830,500821,137,493
23472,501161,500788,142,136
16457,501206,501006,140,629
23705,501646,501810,102,792
16803,500391,500042,119,333
26732,501523,500447,160,299
29725,501304,500496,136,247
13836,501142,500799,162,509
10957,500461,500385,96,327
23692,501406,501654,151,891
15595,500938,500064,53,205
7712,500093,500685,114,597
29648,500050,501325,196,335
9689,501755,501884,175,600
21882,500071,500433,134,522
21585,501081,500266,164,316
29152,500395,501819,172,1006
11985,501992,500412,51,83
2987,500811,501547,149,642
23036,501017,500962,37,578
27375,501036,501338,97,365
18360,902561,501655,55,80
18577,501062,500154,151,282
18190,501193,501113,107,375
4724,500513,501955,138,321
18141,501700,501899,99,861
28710,501226,501753,164,526
29362,500538,501982,127,220
17534,500059,501081,100,653
579,500105,501311,145,281
24080,501757,500513,45,121
19169,500782,500469,28,170
29447,501885,501754,41,73
14778,501494,500526,180,285
26510,501491,500259,123,624
19011,501776,500502,142,298
4403,500248,500109,144,530
13307,501554,500580,20,209
8495,501066,501843,160,259
10893,501431,500804,156,341
17401,500771,501992,138,326
22757,500642,500432,105,324
6091,500982,500201,136,228
4341,500037,500274,128,651
5454,500658,500705,111,1227
2107,501792,500190,24,148
12580,501547,501850,148,402
8945,501099,501324,157,750
7733,501448,501753,126,562
29893,501046,500942,46,100
733,501406,500705,65,788
15706,501255,500640,18,65
17155,500897,500628,148,357
13770,500784,500367,149,778
897,501656,501096,108,469
10424,500255,500740,2,91
24251,501782,501768,149,271
21225,501739,500771,112,239
1265,500792,500446,184,683
16353,501021,500300,33,59
27409,500323,501532,153,143
28495,500811,500456,43,75
19603,500540,501658,152,197
15352,501681,500400,128,383
6861,501166,500121,139,346
2397,501872,500316,108,604
29977,500111,501299,120,692
8821,501039,501630,134,1295
5305,501706,500373,137,423
12117,501494,501039,172,138
8594,500255,501375,156,477
14545,901512,500240,42,138
20534,501537,501176,146,422
26631,501768,500972,186,261
17615,501096,500930,207,268
11721,501817,501304,192,456
13982,501491,500245,0,137
7325,501452,501724,170,389
27469,501850,501302,88,637
20496,500487,500042,138,423
5952,501998,500871,220,241
5075,501448,501261,85,293
22606,501211,500622,105,339
11309,500197,501768,114,328
2837,501038,501149,106,683
25137,500104,501573,138,541
7091,500639,501577,227,237
9712,901898,501145,125,400
20173,500751,500400,125,136
24005,501277,500658,69,155
8440,501353,500880,82,365
13068,500885,501032,178,1214
22607,500101,501011,110,295
15718,501292,500234,35,129
5558,501470,500818,124,400
8291,501825,500733,152,286
16466,500923,500908,176,396
25979,501119,501749,183,397
10874,501944,501029,196,290
5289,500586,501576,139,564
26001,501639,500262,160,609
23342,500226,501148,39,146
17818,501638,501866,160,544
6598,500277,501838,41,75
11319,904826,501520,154,379
14452,500003,501115,143,517
25543,500578,500051,45,195
22494,501181,500780,23,165
1742,500725,501534,146,554
19873,501727,500077,182,357
6882,501503,500487,106,472
1514,501706,501605,138,414
14662,501394,500208,116,736
26467,501144,501662,106,226
23244,501266,501423,179,263
21136,501696,501021,8,206
20409,500151,501792,78,260
16549,501798,500298,143,108
19103,500438,501166,129,525
16720,501696,500041,90,357
9534,501872,501973,101,372
18184,501661,500669,110,295
6456,501046,501833,150,510
11185,500675,501125,189,299
23239,500356,501598,153,292
21044,501124,500402,0,72
23956,500519,500124,80,423
23318,500749,500639,142,433
14075,501919,500735,172,565
20772,501217,501203,129,364
11251,500133,501403,35,48
3686,501382,501051,154,796
20189,500720,501099,118,414
29767,500706,501134,148,522
20294,501725,501775,133,940
26127,501509,500196,126,345
8109,501938,501409,42,65
16133,500133,500431,42,61
7112,500201,500923,156,694
4717,501135,500180,123,297
15798,500257,500841,178,354
18964,500936,500605,128,754
8677,501197,501486,145,306
10791,501904,500950,141,251
9447,501486,500363,191,555
19811,501564,500244,99,237
11539,501666,501193,36,310
10396,500727,500760,52,170
3106,500613,501174,139,317
8220,500873,501045,217,395
13635,500908,501076,114,532
27233,500036,501585,183,394
20844,501144,500339,182,550
23786,501440,501136,111,489
216,501591,500572,158,838
23996,500632,501483,155,224
9633,501860,500175,30,87
3442,500028,501055,136,93
22762,501034,500981,150,1225
27442,501300,501268,151,221
4349,501767,500019,133,481
17961,500702,500005,164,564
11683,501862,501191,186,345
28510,501261,501956,144,486
3440,501238,500252,37,70
28705,501180,500923,72,715
5015,500060,500257,171,643
623,501178,501944,131,597
15759,501302,501960,147,1515
27806,500515,500356,130,690
4771,500450,500343,37,96
16014,500576,500923,167,767
3710,501528,501853,158,346
15004,500728,500365,141,376
7611,500131,500516,139,426
8410,500281,501359,59,162
15943,501000,500119,132,434
27528,501917,501032,149,382
21866,501576,501973,113,471
21427,501904,501157,169,886
26046,500681,501712,107,905
16305,500252,500212,103,414
25431,501338,500799,49,76
26996,501545,501527,143,159
18779,500227,500287,57,110
12069,500159,501391,83,502
22508,501303,501776,38,53
18737,500691,500380,149,1034
25591,500797,500099,121,76
2228,501341,500978,133,333
19031,501208,501326,125,442
17783,500330,500489,116,831
21117,501691,501441,134,548
16967,500208,501056,112,555
20659,500256,501891,85,155
11200,501329,500588,34,141
16476,501615,500576,30,438
9462,501153,500676,76,449
5964,501219,500057,157,282
14476,501707,501759,39,394
3980,500381,500338,129,319
11064,500680,500529,179,607
19382,500757,500655,54,111
9706,500289,501106,184,201
23135,501772,501777,93,230
20845,500399,501070,131,961
10295,500819,500232,149,640
21979,500061,500920,88,259
24287,501638,501946,124,191
15560,501041,501452,110,310
18673,500039,500616,65,122
18183,501721,500159,107,459
11507,500259,501091,160,134
20807,501299,501425,96,514
10715,501844,500787,143,872
8088,500400,501080,130,120
16054,500544,501990,137,287
15797,501694,500386,196,418
6120,500832,501148,145,707
7866,501633,500088,124,313
25842,501029,500939,160,208
6951,501964,501918,147,157
13442,500416,501430,38,111
580,500342,501839,108,254
16412,500208,500476,152,240
22658,501109,500090,20,78
5006,501463,501873,128,161
26604,501099,501491,29,295
22080,500023,500238,112,758
26830,500237,500256,107,511
4057,501574,500127,183,393
23236,501508,500896,25,193
27103,501739,500583,128,233
27767,500367,501655,121,247
10400,501529,501147,114,283
8071,500546,500840,210,621
519,500287,500738,109,294
13875,501772,500726,168,261
9434,500397,501489,30,32
11703,501924,501748,179,489
1206,500631,501002,173,359
10935,501022,500255,156,434
28203,500977,500235,14,158
13466,500156,501161,115,499
26684,501413,501780,171,804
27015,501758,501211,175,124
4899,501125,500898,180,782
20791,500367,501118,116,750
13375,501551,501453,78,668
12646,500171,500153,70,118
4358,500988,501872,146,377
12699,501031,501108,173,407
16587,500749,501928,109,538
17168,501526,501487,147,243
7163,501255,500466,110,542
6482,500099,501635,124,397
1711,501099,501171,204,244
14716,500237,501467,146,169
12362,501625,501777,111,389
10544,500619,500847,162,374
3977,500207,501782,197,510
15934,500081,501226,86,327
7324,501160,501082,43,489
19740,500565,500524,19,33
29489,500668,500611,26,99
22504,501833,501460,100,577
3016,501694,500619,79,418
10579,500261,501737,151,591
802,500098,500546,81,421
15364,501164,500197,58,74
27970,501155,501391,116,262
29503,500203,500387,83,315
26036,500267,500577,124,1083
20250,501198,501094,121,576
15202,501453,500345,120,434
21527,500842,500461,84,687
25541,500158,500153,57,471
16202,500166,501634,42,100
25403,501338,500344,114,469
10235,500222,500261,80,211
14233,501315,500747,110,264
17384,500609,500356,128,336
16286,500934,500344,145,365
3987,500259,501752,127,381
9654,501878,501875,227,666
28609,500441,501373,99,533
11895,500517,501043,98,818
23166,500257,501206,164,590
15948,501588,500830,117,293
12785,501427,501006,9,140
29501,500530,501130,209,500
13545,500403,500460,155,1198
16027,500143,500021,158,259
12341,501166,500272,32,267
28361,501161,500596,33,57
25900,500228,500584,187,186
20037,501581,500475,176,339
10121,500800,501622,117,1001
19846,501734,500725,127,183
19296,501356,500900,139,321
24374,500395,500296,205,832
25914,903652,501016,124,554
25167,500268,500753,144,352
19715,500605,501029,83,665
27130,501837,500039,132,218
9109,500988,500461,118,488
536,500905,501751,119,255
19990,501511,500018,128,461
28364,501049,501640,23,176
8727,500094,501284,14,237
28934,500885,500067,167,246
13739,500995,501925,153,494
15714,500020,501837,150,454
15740,500732,500266,129,309
9028,500334,500712,89,215
28327,500478,501620,84,340
10374,501094,501017,156,570
16985,501207,500332,110,322
15829,501314,500969,145,424
23963,500899,500007,52,501
1014,501954,501112,32,70
17987,500998,500858,147,578
18482,500783,501943,203,426
15112,500593,501271,91,1437
29941,501743,500272,117,429
24485,501382,500178,168,93
13749,500481,501358,105,256
7644,900634,500196,166,197
9412,501907,501711,93,856
15368,500969,500873,106,336
15824,501274,500374,159,599
9610,500393,501595,23,163
19626,501222,501598,180,430
16308,500340,500280,2,182
10046,501041,501191,123,1061
13796,501639,501633,152,412
7409,501454,501140,32,171
13320,500568,500858,45,102
19245,500934,500390,147,400
5282,501945,501122,149,302
24069,501152,501761,198,402
18652,500919,501886,150,410
25905,501521,500211,145,387
11089,500986,500280,137,394
10887,500919,500252,106,534
2520,500266,501876,28,67
25896,501773,500804,29,24
14748,500324,500870,142,614
17650,500400,500459,124,440
5676,500241,500330,146,323
12611,500324,501526,117,122
29101,500145,500613,13,137
6368,501864,500055,68,106
25550,501806,501330,162,251
23969,501781,500520,125,176
29824,501833,500813,105,286
21385,500049,500832,164,65
24774,501277,500658,84,372
15330,500185,501485,138,541
17137,500042,500203,139,265
19744,501295,500498,85,239
28321,500314,500898,106,379
28385,501868,501319,191,679
1956,500506,501728,21,65
22410,500046,501134,172,372
6657,501291,501470,252,320
17014,501577,500075,104,544
27402,500151,500049,187,881
5825,501053,501776,80,112
24636,501469,501580,92,409
24632,501032,501536,147,355
4531,501689,500523,184,579
18626,500610,500282,168,557
4607,500517,501246,140,484
5667,501332,501007,182,191
14196,500888,501232,107,506
14950,501721,501331,192,736
19639,500468,500341,84,202
19303,501263,500403,162,581
14167,501376,501587,203,292
12749,501951,500336,176,734
20253,501719,500566,172,369
25666,501141,500845,120,607
16017,501014,501162,179,386
18084,500784,500188,29,165
19980,500008,500838,132,799
23145,501605,500655,142,380
18637,500120,500861,129,448
17560,501513,500510,124,384
14540,500590,501820,48,286
5496,501844,500446,164,765
28097,500639,501264,86,400
5272,500039,500916,89,737
8431,501778,501432,115,920
27268,501702,501178,23,47
17326,500734,500297,36,132
12827,500854,500870,167,494
10782,501878,501601,178,222
16399,501367,500672,135,400
25471,500164,501040,146,562
14927,501110,501857,85,328
12556,501096,501298,146,541
6515,500902,500295,198,296
3054,501023,500308,195,333
23881,501382,500636,173,324
22292,501643,501445,112,273
2738,500824,500287,157,496
11655,501657,501694,142,405
7753,501536,500248,29,125
3549,500561,500989,144,231
5816,501450,500046,181,465
14209,501550,500304,201,522
24705,900739,501007,143,309
20708,501304,501606,135,213
425,501696,500005,89,283
3818,501467,501330,188,449
21260,501622,500750,159,204
11687,501228,500258,145,275
10280,500105,501890,63,507
28268,500730,500092,24,100
23580,501054,500070,116,809
18541,500804,500493,157,676
17081,501848,501467,226,760
1715,500624,500070,191,617
29196,501317,501516,37,114
1707,500761,500085,68,116
8061,501379,500333,160,361
9142,501313,500037,90,277
23893,500374,500678,99,386
873,500480,500298,102,407
29572,501518,500874,125,427
5554,500621,500991,214,638
3638,501574,500431,183,268
4362,501463,500363,178,899
14206,501058,500184,194,397
7267,500380,501078,147,612
7343,500204,500939,160,560
15305,501782,501448,186,653
12366,501413,500586,169,388
5962,500792,500420,191,329
5783,500422,500943,107,781
12911,501225,500266,135,182
12757,500374,500095,147,416
2345,501245,501269,46,54
16617,501330,500979,47,128
1302,501745,500461,99,352
29788,500123,500172,138,492
16318,501128,500332,152,599
11570,500109,501036,159,327
6991,501246,501357,196,466
28696,501166,501040,106,928
19310,501081,501197,100,527
12725,501504,500144,120,377
5074,501363,501360,145,431
25800,500031,500907,115,524
5584,500251,500833,126,166
17365,500153,500366,112,163
12859,501179,500751,159,520
25804,501261,500824,21,168
21495,501873,500861,197,443
16534,501465,500050,192,365
530,500877,501287,198,598
8099,500672,501227,120,546
7698,500086,500299,44,1022
6919,500180,500213,143,264
29091,501046,500149,74,336
10446,501582,501870,186,852
23398,501609,501046,105,828
14920,500885,500711,88,363
13685,501025,500991,117,350
64,500162,500269,101,433
9874,501573,501837,108,335
22777,501032,501372,89,726
27296,500175,500078,61,78
16107,501213,500806,189,292
21887,500382,501785,16,129
3934,501865,500506,169,688
21053,500384,500562,140,229
4303,501448,500925,137,1016
6313,501323,501195,164,226
23980,501353,501125,140,236
5567,500367,501995,216,793
25209,500010,500367,100,194
26819,501300,501219,144,203
25462,501457,501585,146,470
17024,500299,501937,40,97
21091,500515,500009,122,294
532,500173,501918,137,255
15672,501666,501776,189,193
2674,501019,500962,199,333
5252,500111,501034,101,1443
19237,501772,500781,227,717
6724,501103,501056,14,90
26280,501946,501755,147,506
7335,501298,500462,179,796
14795,501425,500629,183,550
2410,501918,501627,164,246
24427,501853,500730,111,531
25422,501694,501145,27,236
10765,500805,500004,98,420
26987,500381,500473,97,736
26931,500790,500876,104,369
27685,500252,500897,29,159
812,500028,500116,72,337
28657,500304,501541,157,600
11008,500659,501208,140,428
19393,500512,500093,161,271
6668,500333,501349,152,327
2817,501828,501310,122,327
8786,500395,501127,140,630
13652,501656,500446,193,328
3968,500905,500381,31,77
11062,500792,501996,165,437
11886,501146,501277,131,327
29531,500046,501299,43,71
13831,500842,501527,151,246
7640,501775,500403,125,302
13034,501724,500890,47,215
15854,500199,501075,164,452
7652,500079,500987,174,569
1685,500929,501171,14,181
27703,500661,500274,68,62
10136,501211,501478,150,388
21951,501269,500625,36,82
14881,501522,500745,154,297
1039,500523,501630,45,232
6136,500271,501594,3,67
2547,501169,501017,159,664
24696,500680,500074,146,425
10418,501658,500676,43,109
18550,501743,500925,181,330
17936,500655,501247,202,311
25255,500671,500361,117,308
9928,501320,501532,89,475
25827,501946,501768,130,138
23958,500880,500630,39,127
25625,501219,501755,176,227
24941,501207,501750,148,524
15368,500969,500873,106,336
6006,500531,500160,112,129
5376,500955,500304,0,207
24535,500819,501571,149,598
28625,500787,500071,112,508
28272,501868,500166,188,921
18088,501471,500228,190,552
13176,500151,501479,114,496
7065,501511,501331,148,272
24986,501881,500005,157,216
22325,500714,501509,191,240
29355,501693,500266,56,429
25409,501325,501687,77,662
23094,501016,500441,120,862
15478,501888,501793,170,1640
2150,500028,500256,176,355
28168,500278,500006,162,427
15259,501059,501584,136,676
18699,500461,500523,114,349
8947,500101,501389,9,168
14435,501676,501630,128,584
27468,500900,500900,119,460
5350,501705,500641,74,115
26639,500305,500939,151,401
10614,501355,501680,63,179
10265,501598,501564,117,482
22070,501619,500685,176,653
28535,501568,500368,116,224
20632,500993,501046,142,407
10981,501019,500457,81,345
16356,501467,500249,92,120
19096,500685,500269,18,102
22246,501636,500530,120,528
22591,501424,500204,20,83
12577,500846,500036,82,252
9024,500550,500962,139,551
29029,501399,500814,194,495
25654,501134,501063,145,222
10333,901848,501006,117,245
25790,500236,501747,38,37
27911,500795,501512,128,517
9360,501333,501810,147,846
19429,501831,500729,126,414
29989,501525,501071,24,165
14293,500222,501960,127,634
1501,500332,501426,136,397
8056,501398,501725,41,56
2695,500966,501956,193,281
22255,501551,500716,101,556
24512,500733,501261,118,278
28565,500608,501519,146,381
14956,501499,500751,112,482
26098,500076,501606,116,505
15841,501542,501463,155,488
8657,500419,501630,110,583
191,500339,500729,83,395
6426,501162,501995,205,417
7055,501362,500028,183,898
14004,501071,500712,180,321
17460,500338,501423,65,83
24244,500616,500475,175,208
12742,501062,501106,111,807
3932,501816,500251,140,269
18744,501869,501410,98,159
19278,500716,500751,59,420
16183,500248,500131,132,405
28382,500604,501038,0,70
868,500010,500376,167,479
14411,500060,500189,184,519
13289,501719,501929,97,487
12087,500574,501433,161,335
3319,501775,500454,164,400
25793,501731,501676,123,527
10318,501731,500982,172,656
8798,500294,500473,96,568
28028,500044,501550,47,78
26823,500305,501773,116,187
4082,501442,500688,24,58
13297,501758,500857,165,229
29796,501716,501275,184,390
15563,500974,501479,28,209
4317,501530,500057,93,297
4252,500115,500817,110,345
1054,501239,501387,130,400
29165,500690,500868,176,295
5548,501831,500424,74,560
12806,500884,501199,174,344
24438,501993,501923,218,454
15928,501210,500689,183,236
4300,501943,500831,176,628
23357,500449,500193,104,277
10567,500191,501197,186,502
6723,501481,500770,62,86
1712,500105,500063,107,223
2435,501801,500244,31,140
11741,500870,500479,146,322
21504,501151,500867,36,124
11495,501684,501162,152,267
2578,501033,500029,150,781
19420,500787,501016,166,439
27407,500831,500622,116,413
22299,500235,500985,54,53
20850,500126,501864,171,448
20063,500600,500370,26,95
12041,501458,500060,143,228
22277,501356,501231,75,182
10242,501904,501888,160,90
14,500435,500672,163,306
20926,501240,501998,148,202
4494,501663,501071,118,153
18288,500179,500086,130,145
28573,500982,500996,88,420
15,501327,501519,121,330
8482,500654,500036,179,543
1140,501932,501657,205,825
11949,500999,501228,134,592
6342,500989,500709,159,734
9199,500813,501844,145,541
20887,500146,501297,16,98
24169,500986,501127,93,433
14391,501494,501636,124,611
1874,501773,501046,125,545
13873,500639,500451,52,117
7000,501760,501370,55,91
22671,500930,501760,127,259
9835,500005,501585,137,551
3517,501016,501866,125,286
21765,500502,501184,96,528
23984,501344,501376,109,458
23661,500847,500847,125,674
17284,500579,501633,117,441
11418,501904,500915,137,154
248,500705,501727,186,577
1368,501730,500669,27,179
18369,500775,500319,37,91
21034,501848,501115,80,659
11052,501132,501804,66,223
5604,501759,500345,131,623
13364,501552,500994,112,154
10820,501530,501303,114,483
29967,500145,501227,132,316
2009,501368,500099,132,525
18869,501054,501846,118,457
28712,500441,500811,160,223
15646,500061,501928,131,367
5435,500679,501970,141,412
9858,501014,501081,203,171
5564,501445,501571,128,570
14021,500309,501131,182,572
8620,500683,501805,144,586
5768,500132,500616,160,934
29122,501159,501938,48,84
27235,500239,501864,153,643
28501,501660,500268,108,324
81,500934,500856,100,873
503,501309,500330,152,295
15384,500447,501782,128,863
6787,501503,500110,89,274
11155,500061,501577,115,211
16960,501158,500734,168,521
3913,500831,500530,99,206
14947,501513,500839,108,168
12064,501704,501255,121,145
22742,500251,501622,165,435
1646,500571,500213,128,477
17299,502000,500368,199,563
18001,500428,500979,36,155
21114,500496,501015,118,677
5351,501515,500225,177,427
23369,500420,501006,90,252
13686,500545,501862,107,199
14403,501788,501969,83,328
15849,500217,501561,118,295
13657,501050,500495,134,807
15032,500421,500955,29,64
8574,500882,501448,98,994
2974,501056,501445,160,295
27267,500501,500576,165,229
27292,501350,501168,135,421
19991,500289,500063,39,151
29442,501611,501675,135,195
22666,501853,501764,133,214
15842,500629,501368,66,314
29347,500077,500155,152,590
5167,500730,501591,148,124
4426,500650,500274,109,787
27101,500564,500890,187,626
2918,500795,501453,178,717
20577,501711,501591,34,335
29368,500973,501757,29,103
3713,500811,500037,138,294
11755,500924,500949,97,678
3795,500973,501586,49,56
13837,500716,500319,124,427
12237,500202,501414,102,499
14428,501207,501951,82,230
7934,500005,501864,20,237
18856,500093,500747,117,607
3212,500947,501107,173,258
4886,501847,501772,122,507
970,500338,500702,193,336
15772,501127,501088,111,371
2859,501457,501443,106,1111
3268,500160,500816,149,259
29326,501324,501943,157,166
23316,501467,500607,116,609
26181,500728,500471,188,511
21058,501888,500001,133,334
5198,500487,500567,120,460
15107,500248,501643,184,521
20145,501486,500841,177,798
15898,500902,500615,108,235
10685,501729,500305,109,529
2740,501359,501244,5,201
17621,500952,501706,112,415
10257,500909,500532,201,390
24658,501094,501631,139,208
3885,501652,501934,157,307
5925,501212,501899,126,476
11953,501341,500625,112,499
23555,500501,500730,121,163
24758,500816,500149,175,285
6323,501899,500930,153,215
29014,500689,501578,185,308
21064,500844,501685,187,357
21002,501282,500561,146,402
2766,500048,501857,42,200
29129,501686,501881,132,275
19780,501864,500470,177,328
18690,500076,500531,59,118
7853,500624,500949,29,122
28587,501393,500908,58,410
20907,501302,501356,142,223
18357,501537,501515,188,520
17345,500143,500669,131,452
27175,500334,500689,54,551
7768,501764,501345,8,59
16937,501968,500005,167,314
27497,500675,501525,65,408
1803,501478,501458,186,146
12970,501967,500788,144,809
29254,501691,500433,78,508
22430,500535,501767,11,43
18122,500403,500144,98,723
14336,501356,500884,182,179
4512,501668,500114,137,443
11173,500145,501625,159,404
23079,501633,500909,156,489
24031,500206,501085,116,477
11811,903604,501429,187,596
4943,500862,500134,108,1228
10411,500421,500186,34,94
14057,501098,501397,159,718
24898,500914,500029,94,178
22498,501622,500291,148,212
18119,500498,500631,130,330
10029,501174,500839,154,431
18009,500214,501944,136,247
24337,500461,500982,184,127
4095,501519,500368,194,684
16292,501861,501020,150,301
12100,500982,500994,124,655
6069,501158,501039,197,446
3894,500625,501114,170,602
17338,501830,500253,152,287
24488,500816,501981,106,472
2202,501452,501767,132,353
2975,904310,500659,53,188
29253,500214,500533,117,345
22586,500782,500545,190,459
14062,500753,500443,21,110
22702,500093,501183,6,216
28928,500691,501062,162,158
9997,500760,500510,130,613
22385,501390,501818,112,232
890,501174,501310,164,238
21626,501251,500200,177,165
5312,501102,501418,46,117
26781,501239,501355,47,198
28653,501815,500950,165,398
17586,500403,501901,189,656
14063,501330,500210,70,266
9187,500786,501094,169,127
10388,500896,500212,121,469
27170,500066,501596,166,242
14893,501834,500359,113,401
1319,501761,500471,60,220
12467,501203,501796,224,709
8743,501568,500261,113,156
9571,500462,501090,154,302
15464,501578,500519,122,332
6386,500234,500497,33,82
1564,501202,501057,140,510
2571,500329,501640,45,118
8589,501521,501125,116,296
11055,500840,501082,149,545
8294,501682,500746,155,297
9054,501419,501154,13,197
26883,500783,501115,90,866
481,501981,501793,118,350
2077,501745,501203,194,368
9611,501620,501184,165,262
18565,500139,500743,50,128
15699,500437,501491,15,121
3210,501028,501767,0,175
5127,501133,501747,178,321
15268,500960,500831,26,203
14964,501717,501768,102,826
2877,500282,501861,1,129
15767,500304,501686,173,476
20146,500542,501923,138,555
4878,500128,501639,144,531
14672,501581,501591,168,344
6474,501002,500981,125,407
9321,500287,500386,99,366
29317,501234,500159,206,751
27619,501816,500503,126,189
18603,500319,500599,110,206
19792,500045,500651,118,858
2398,500732,500836,32,105
12772,501487,501303,51,239
2234,500232,500334,151,397
11885,500550,501161,180,222
7182,501975,501888,101,1245
7604,500880,501485,117,451
28149,501344,501031,163,629
2087,500400,501689,141,351
27100,501754,501570,117,788
12847,500370,501998,122,368
5482,500661,500110,162,855
22908,901192,501620,171,466
4537,500061,500924,123,333
4361,904818,501213,110,275
8038,501463,501237,129,1010
12990,501075,501655,137,511
23512,501816,501922,223,810
13181,500954,500373,109,280
29384,500390,501521,155,351
21008,500949,501884,140,151
18840,500371,500738,20,82
998,500867,500891,152,639
5426,501644,500999,118,230
3790,500472,501314,99,505
15524,501143,500023,90,828
5100,501533,501588,192,588
9275,501016,500280,141,537
13472,500492,501029,162,455
21211,501881,501995,139,1159
12980,500470,501109,159,460
28040,501583,501332,107,317
25206,501059,500380,137,281
1427,501198,501524,182,512
21382,500463,500785,127,483
20229,500154,500462,155,422
9903,501386,501015,143,828
28745,501179,501423,174,361
6137,500439,500439,42,134
27986,500077,501601,97,403
27027,500752,500029,146,445
20775,500927,500381,120,578
17710,500974,501423,89,455
25903,500654,500647,181,364
5717,500749,500712,140,547
9989,501828,501239,113,851
8231,500650,501399,166,423
7521,500346,501728,98,229
969,501662,500401,130,721
13783,501382,500502,191,310
24092,501383,501745,147,359
10328,501141,500551,153,1259
3842,501922,500544,117,185
11140,500063,501341,129,487
1430,501600,501756,101,546
15705,501640,500416,182,275
26393,500323,501336,99,612
20599,501063,500877,26,108
27160,501761,500202,157,235
20741,500484,501657,173,661
11589,501901,501585,134,463
9695,500326,501176,106,275
3435,501057,500356,48,196
21074,501707,500524,117,388
5077,500587,500314,139,193
27731,500498,501324,64,775
23290,501413,501775,80,156
25400,501946,501246,146,525
21655,501092,501674,99,410
2189,500720,501926,45,75
29720,500996,500978,140,450
26463,501488,501196,13,88
20405,500391,500115,193,291
13044,501214,501112,133,224
4290,500475,500139,128,236
10594,501176,500009,144,164
18551,501040,500947,170,378
21482,501969,500978,149,432
23478,501696,500550,128,287
961,500969,501087,170,428
6268,501148,500256,0,42
14123,501941,500898,139,302
29699,500444,501266,91,399
20934,500186,501249,36,175
25377,501520,500709,179,454
29940,501956,500300,166,679
4502,501735,501911,196,541
6395,500472,501261,129,254
25807,500971,501015,160,222
19214,501033,501661,146,434
6399,500090,500856,144,554
8738,501872,500937,129,435
29418,501374,500848,160,488
20824,500996,500262,88,1087
23940,501587,500725,128,934
794,500246,500491,64,185
8025,500749,501829,148,392
13822,501859,501092,78,262
29678,500512,501706,150,1247
15432,500203,500269,89,309
19191,501050,501991,161,586
2039,500905,501094,55,101
8983,500005,501468,28,221
4702,500971,500381,45,154
28972,501400,500280,123,554
29892,500238,501924,100,302
680,501715,500912,132,167
16756,501865,500330,91,435
19348,500178,501142,151,281
27110,500296,501745,182,534
11132,500912,501087,138,398
15485,501574,501574,133,335
16350,501691,500661,100,311
14821,501206,500924,179,350
22302,500190,501273,179,265
20962,501148,500385,49,84
27814,501073,500304,124,991
21372,501550,500470,105,308
6510,500941,500164,120,291
11439,501990,500007,27,56
5683,500059,501682,148,455
22571,501788,501795,84,486
9584,501681,501631,122,465
23529,501341,501029,171,358
27974,501763,500494,16,116
20691,501468,500336,143,459
18523,501015,501327,111,316
21510,500621,501059,159,408
1840,501058,500351,40,353
18746,500133,501470,37,93
13253,500905,501153,207,383
20738,500453,500020,108,582
14483,501509,500283,63,80
21228,500059,501700,152,260
29276,500435,500079,171,358
1708,500679,500054,138,246
3935,501533,500510,141,335
4055,501862,501763,25,84
7576,501429,501752,98,720
8203,500526,500289,101,305
29041,500199,500116,126,378
12360,501859,500508,39,289
10779,501403,501953,139,621
29536,500527,501905,244,541
5040,500874,500760,175,389
24650,501587,500632,153,582
22318,500174,501754,116,787
1591,501694,501302,0,193
20640,500938,501122,131,536
1246,500124,500930,199,496
5233,501160,501834,143,625
7959,500147,500209,16,113
206,501939,501775,44,100
8823,500751,500858,165,1095
24623,501059,501518,184,468
14378,500514,501781,194,546
17366,500936,501749,137,303
515,501220,501012,132,419
9900,500991,501268,124,952
14708,501040,501578,176,1089
18696,500204,500583,133,494
7373,500282,501547,117,893
5602,500404,500179,43,253
7184,500202,501892,134,640
15285,500912,501112,113,488
22638,500218,501527,206,336
12631,500994,501406,187,327
13891,500835,501293,26,153
4864,501313,500080,164,374
25615,501834,501872,158,180
1410,501928,501122,112,128
534,501572,500444,147,207
19700,500750,500550,18,115
5173,501103,501217,36,104
6795,500280,501598,160,421
21989,501619,501059,139,436
27438,501513,500143,149,415
23708,501240,500332,151,585
26232,501017,501970,162,319
20719,500105,501872,135,556
6546,500389,500708,51,76
416,904238,500487,129,231
20,500817,501358,204,542
28080,501214,500553,128,612
11115,501098,500704,115,467
4959,501892,500683,109,878
17165,501952,500281,186,1096
8824,501857,500139,132,325
26093,501707,500476,192,351
2365,501275,500857,146,290
15649,500082,500868,187,732
7328,501461,501116,32,68
14668,501319,500462,109,466
6694,501319,500872,46,101
13568,501469,501331,27,89
27620,500127,501561,127,1316
2130,501394,500939,150,629
22830,501324,500931,201,415
16680,501119,501608,140,502
17789,500629,500848,108,449
26678,500895,500883,30,291
14756,500149,501479,163,414
6163,500886,501235,97,608
19857,501992,501369,38,111
4112,500907,501946,158,303
29430,500927,501879,0,254
16836,500708,500565,47,85
13603,500605,501724,99,806
323,501971,501734,188,215
7738,501459,500242,58,96
5728,501391,500025,119,353
3904,500318,500123,136,605
3502,500441,501299,145,446
24572,501471,501953,124,224
3715,500848,500210,110,461
19422,501107,501238,192,193
16151,500126,500726,124,585
9010,501523,501731,112,543
20848,500136,501888,28,171
3520,500909,500880,206,343
10088,500680,500848,179,816
4046,501625,501945,171,807
29155,501079,500256,154,688
28861,501764,501616,144,339
13248,500197,501397,124,826
4865,500714,500424,204,1094
6502,500449,501977,22,57
23939,501759,501363,142,250
1936,500823,501021,45,58
9188,501249,501644,191,244
16656,501085,501105,118,976
17532,501601,501125,171,449
28100,500133,500751,209,822
27120,500606,501837,218,513
9570,500120,500205,38,69
13439,501796,500367,76,684
25981,501470,501345,112,276
19741,501298,501683,60,510
24837,501056,500279,105,158
3695,500300,501367,200,617
5392,500691,500296,176,155
18658,501578,500560,65,269
25970,500042,500941,131,151
22659,500527,500400,215,304
6441,501917,500095,101,1065
4637,500502,500720,101,523
21478,501986,501670,120,721
9941,500309,501069,202,168
16434,500799,501198,136,236
13648,500932,501426,121,517
1151,500885,501872,128,183
29182,500308,501991,121,257
12571,501194,501039,14,109
26252,501606,500104,210,318
13861,500091,501891,37,104
6314,501202,501967,57,70
23191,501627,501310,121,1027
28235,500037,500051,175,476
17244,500928,500766,23,107
22992,501282,500642,110,557
26853,500238,500556,193,304
10066,501299,500545,116,228
14199,500244,500472,138,800
6007,500784,500320,145,654
14072,500431,501606,138,431
4809,501575,500758,151,223
11969,500761,500240,40,165
26139,501823,500328,22,72
748,501010,501662,150,1546
18713,501756,502000,143,139
15282,501121,501979,38,287
943,500160,500818,139,1055
19718,500467,501066,131,242
19225,501529,500281,127,323
1581,501861,500517,180,742
972,501931,500339,167,648
19441,500764,500543,131,728
13617,500419,500942,13,421
17542,501179,500132,141,542
29995,501562,500610,187,347
18716,501731,501231,148,129
5846,500620,500215,26,226
27437,500934,500111,121,321
13092,501362,500533,117,287
27835,500049,501267,129,401
3578,500255,501530,128,598
23059,500264,501852,126,478
1686,500255,500800,161,838
15546,501171,501848,38,260
25057,501114,500495,13,151
29839,501220,500435,3,87
12856,501133,501236,152,553
20685,500523,500787,188,310
25553,501144,501360,102,152
18986,500593,500045,102,423
18081,501066,500373,119,356
14258,500233,501486,156,441
12521,501204,501467,20,155
14226,501567,500953,125,320
28517,501145,500722,116,248
26661,501488,500636,118,404
22112,501036,501458,159,240
13218,500158,500636,130,353
29553,500178,501777,45,272
5301,501753,500294,208,304
2833,501114,500520,95,248
24104,500982,500493,134,595
25683,500994,500902,121,160
21419,501620,500196,107,538
6237,500131,501421,117,563
3950,500442,501158,162,277
9440,500013,500155,93,725
662,501886,501316,142,147
26493,500061,501036,41,971
6755,500208,500559,198,222
19402,500370,500680,171,177
974,500799,501719,255,315
7782,500593,500550,181,627
591,501968,500023,110,142
17527,500004,501973,175,615
22522,501887,500781,148,425
17788,501726,501918,166,301
2646,501731,500180,131,261
6698,501152,500361,134,195
27059,500585,501096,24,91
23646,500573,501295,54,71
28383,501119,500530,155,613
27203,500726,500468,32,85
12343,500696,501640,56,58
6969,500364,501972,23,72
5477,500208,500276,31,170
16629,501438,500636,117,289
12528,500937,500432,200,239
3387,500446,500981,102,457
19495,501190,501600,134,299
3271,501917,501239,69,595
28402,501568,501530,174,278
12067,501919,501690,136,160
19994,500289,502000,119,204
8374,500970,501611,87,452
21028,500642,501537,173,384
5404,501806,501562,144,2230
18524,501963,500259,179,882
28993,500269,500613,33,76
6800,500018,501727,132,501
7178,501274,501986,164,1744
8867,501203,500070,168,269
19089,501681,500722,147,317
14861,500217,500485,172,579
20739,500502,501912,122,479
11516,501704,501291,129,315
22831,501571,501861,83,635
11678,500710,501281,43,268
29224,500721,500868,122,891
5180,500284,500997,155,300
4165,500465,501953,111,578
10836,500496,501372,155,210
14520,500042,500750,89,764
4154,501636,501380,29,96
1180,501323,500538,121,359
7054,501153,500922,170,150
26506,501212,501290,77,242
19686,501861,501612,135,232
18500,500743,500251,167,388
5901,500336,500701,172,773
21014,500781,500535,192,875
29797,501007,500586,76,252
6685,501748,501612,159,346
29681,501163,501780,141,295
745,501946,501331,130,1126
20627,500716,500806,127,352
23410,501592,501403,139,351
8206,501711,500131,150,954
21123,501039,501263,167,266
28257,500228,500129,29,145
5108,501607,501080,140,300
17288,501452,501173,171,270
19956,501808,500833,99,261
24528,500171,501265,58,117
26630,501744,501098,147,370
4425,501472,500679,38,124
9202,501079,501646,118,739
14530,501549,500422,5,95
3022,500981,501788,147,627
26597,501110,501848,37,83
6229,901783,501394,121,192
29710,501194,501862,138,396
6497,501430,500466,17,171
1905,501441,500520,176,1023
14852,500541,500743,36,116
26185,501780,501394,113,592
15711,500722,501017,157,749
23515,500454,501504,143,1548
23676,501523,500780,149,250
22104,501922,501075,133,1217
18200,500251,500680,49,257
9185,501406,501826,132,909
19151,500419,501440,77,275
23843,501235,500765,145,532
3667,501110,501244,214,646
27555,501382,500774,36,82
5963,500672,500715,72,62
24782,500265,500779,96,374
27385,501327,501704,91,457
19588,500990,500574,131,461
3539,500192,501335,153,248
28378,500745,500029,172,420
12608,500970,500794,58,100
4271,500297,501323,76,364
6883,500093,501859,164,1292
22960,500257,501763,113,354
18202,500862,501533,115,700
7845,500942,500382,154,479
22219,500572,500765,138,948
29552,500781,500690,151,230
28883,500476,501373,96,433
27202,500914,500914,97,671
869,500156,500615,212,539
6495,501872,500180,98,407
20166,501818,500250,129,1140
21454,500670,501697,141,278
13389,501046,501912,138,312
20508,500778,500865,28,93
18710,501063,500899,136,166
20204,501456,500143,199,497
14696,500812,501478,125,505
3206,500873,500038,20,128
27610,501831,501553,166,214
29677,501250,501023,44,212
28531,501142,500705,181,440
18569,501542,500468,194,215
19279,500470,500255,140,582
25726,501397,500261,100,336
6640,501919,501584,54,74
26350,501079,501612,48,76
20011,501399,500513,118,99
8434,501595,500009,180,383
29257,501293,500114,240,127
8509,500218,501837,131,434
10494,501601,501528,85,228
22021,501025,500788,140,585
29540,501168,501734,62,512
4210,500587,500158,205,423
11555,500082,501084,146,582
19293,501777,500131,119,601
10585,500335,501017,129,271
25897,501924,500737,118,844
17559,500994,500565,174,409
15331,903535,501520,148,587
26508,501199,501818,188,246
15058,501716,501368,149,1027
20628,500792,500237,111,109
14805,501431,500258,146,451
14409,501826,500811,151,719
16198,501687,501923,103,591
5845,500890,501176,118,381
20755,900299,500098,169,276
14604,500459,500346,5,184
24888,500202,501110,142,302
27080,500110,500197,95,457
27337,501534,500602,37,124
22015,501159,501237,106,1382
23127,501096,500580,143,223
24184,501852,500927,142,541
28424,501328,501440,124,490
17993,500704,501264,195,205
16975,501364,501617,169,503
17529,501868,501059,180,316
8105,501084,500218,129,362
8799,501210,500079,95,346
5556,501215,501826,96,1090
4851,500339,501000,119,582
10852,501691,501273,49,199
1240,500877,500067,173,282
7785,501307,501782,164,475
28326,501577,501645,173,366
18133,500442,500963,46,134
19012,501229,500005,51,150
2135,500478,500442,223,487
23531,500225,500902,103,281
187,501850,500709,173,671
15014,501868,500028,108,216
7748,500371,501457,114,139
2207,500202,500844,116,375
22000,501792,500330,161,449
5758,500060,500813,142,385
2597,501892,500535,93,570
23999,500721,501398,117,487
2145,500874,501865,139,826
10540,500867,500986,168,630
19047,500433,500966,54,57
3047,500166,501515,170,249
3427,500619,501300,83,319
26624,501904,501926,167,227
18316,501730,500916,123,431
6968,500489,500710,101,323
4473,501390,501031,100,371
25479,500363,501591,144,225
26062,501676,500248,174,294
28594,500489,501148,160,592
26739,501253,501719,43,101
10961,500431,501174,123,281
10096,500281,501772,176,813
14438,903322,500166,198,648
19322,500881,501653,11,74
6961,501344,501287,185,402
16489,501815,500138,142,719
18075,501110,500008,141,227
4627,501169,500993,159,161
16336,500039,500646,54,268
6369,501975,500076,24,124
28765,500142,500726,61,484
9239,500057,501819,199,813
27903,500180,500440,43,136
10568,500436,501814,207,494
25205,501387,500167,193,464
3193,500936,501135,112,611
7032,501080,500050,159,292
25782,501778,501051,172,408
15525,500971,501976,98,534
7730,501847,500356,135,276
9418,501938,500912,143,496
8869,500516,501552,96,490
21693,500701,501793,42,157
17831,501521,501511,202,210
23451,501830,500459,172,376
14064,500311,500132,167,408
24956,500037,500202,174,1637
7627,500337,501447,35,116
5528,501382,500987,210,290
23033,501992,500576,176,600
8687,500514,500084,163,190
23487,500576,501439,169,638
235,500007,501510,36,122
16757,501814,501224,149,745
23021,501771,500612,14,240
18395,501997,500491,165,316
19804,500476,500982,156,424
25780,501804,500039,149,926
1579,500767,500896,165,129
16309,501716,500316,118,688
2773,500065,501134,150,383
11142,500318,500884,210,416
10383,501176,500207,144,692
16547,500299,501465,106,381
10363,501362,500455,22,149
16832,500269,500840,136,206
3408,501848,500722,42,94
19190,902314,500153,48,284
5771,500957,501109,132,308
303,501633,501234,113,704
18885,501596,501858,92,231
29011,500880,500923,145,276
19432,501113,500051,46,141
9110,501131,501458,173,302
15539,500383,500363,111,333
17631,500088,501503,37,149
964,501368,501941,200,571
10837,501363,500554,176,1218
6701,501925,500208,150,500
6180,501607,501711,156,177
11550,500876,500816,167,526
18651,500718,500392,133,365
5772,501072,500156,128,281
28039,501535,500671,139,560
15216,500615,500010,189,230
9675,500811,501971,138,387
8714,501268,500212,159,677
24307,500915,501677,125,653
23756,501303,500468,18,172
18161,501304,500731,173,410
17939,500075,501507,125,355
3451,501429,501485,146,196
26388,501617,500218,103,424
25149,501302,500498,82,428
18815,500824,501310,180,185
28787,500999,501881,122,514
14471,500006,500217,105,753
10320,501106,500749,81,382
25464,500441,500583,124,481
3344,500830,500481,164,377
8680,501504,501212,142,264
25387,501505,501426,188,244
26466,501814,500132,135,525
5647,500943,501564,23,94
23480,500756,500844,167,325
11973,501161,500086,138,518
5609,500105,500498,70,394
11269,500101,501432,190,444
13627,500088,501184,136,297
9056,500081,500922,46,139
14172,500669,501394,138,373
29829,500681,500002,121,402
19554,501372,501212,104,598
9297,500888,501330,191,343
15921,500995,500725,149,541
17399,500554,501992,53,594
26013,501048,500583,175,257
20289,500241,501230,62,178
1451,500993,500646,159,336
6331,501591,500131,134,985
25716,501644,501002,232,174
13458,500211,501870,207,121
1636,501355,501670,226,221
29115,500470,500390,131,464
27195,501093,501368,153,678
16507,501838,500954,23,120
17853,501596,501627,96,484
23573,501247,501041,113,352
12384,501462,500145,21,161
4972,501412,501379,148,316
27004,500593,500344,123,485
13088,501975,500527,182,540
28574,500433,500870,167,259
20153,501033,500767,79,354
9546,500818,501384,190,397
7892,500774,500029,88,705
13374,500636,500636,136,436
20093,500026,501177,54,76
4848,501909,500308,167,964
21545,500471,500139,145,463
28720,501087,501465,97,518
29312,500540,501085,242,249
21791,501436,500738,167,380
14394,500696,501273,171,478
9007,501150,500254,44,196
13527,500767,501225,156,757
29554,501682,501519,140,691
13426,501712,501944,217,402
15379,500009,500835,137,194
27451,501576,501922,20,117
2757,500856,500725,153,166
12587,501829,501041,215,319
14362,501085,501180,194,371
21615,501519,501180,96,660
21644,500057,500749,186,537
7352,500003,501429,109,434
21701,500922,500959,172,485
12308,500838,501919,17,301
16822,501295,500716,147,347
28093,500149,500050,91,382
3092,501706,501244,49,429
19065,500338,501780,90,503
3196,501519,501327,102,642
280,500415,500835,173,1550
16628,500561,500318,87,222
27863,500074,500774,170,197
16709,500451,501012,131,317
20056,903487,501646,103,740
12108,501960,500662,174,494
17134,500863,500979,25,112
20304,501900,500983,33,100
26040,500045,500090,120,390
15454,500051,500472,116,199
10869,500943,501754,162,610
28101,500063,500669,144,364
26549,500779,500021,124,1123
7559,501270,501490,175,971
14028,500512,501372,129,440
23654,500811,500581,16,87
22770,500706,501618,169,376
19553,500164,500196,153,281
28443,500212,501486,131,441
14372,500709,501002,147,301
9243,501784,500556,105,570
4529,500380,501134,107,253
8422,500690,500605,182,454
9696,500180,500804,117,336
24584,501528,501655,142,540
19883,500670,500265,147,283
28245,903343,501568,212,417
23710,500210,501570,146,237
14065,500907,500300,124,238
13156,500814,501232,203,403
7452,500025,501080,27,134
10150,500465,501050,104,533
1939,501207,500384,167,341
1158,500893,501682,42,175
25656,501128,500148,222,482
9080,500178,500367,108,220
4469,500621,501217,135,567
9308,500454,500299,126,683
11567,501862,501578,147,576
27140,500314,501115,161,254
20852,500268,500942,164,319
17882,501928,500999,141,397
2187,501174,501309,123,943
5157,500148,500203,176,619
7066,501113,500745,170,742
11011,501563,500436,124,544
8273,501466,501210,237,442
39,501884,500683,140,811
13882,500795,500419,145,283
28190,500795,501300,75,404
19768,500546,501242,42,159
9383,501773,500655,136,359
3067,501956,501931,48,227
17266,501561,501601,120,812
27236,900405,501102,59,219
16281,501387,500893,109,273
28312,501881,501412,120,311
25066,500735,500268,142,184
9407,501853,500538,106,227
4287,501674,500159,74,392
27139,500659,501889,198,700
4158,500131,501831,136,380
9217,500730,500830,92,363
1576,500300,500380,155,494
3135,500965,500880,88,235
1611,500598,500311,52,112
24510,500077,501463,156,357
6063,501501,501262,41,189
3984,501749,500559,127,206
13040,500995,501370,152,538
22281,500683,500764,137,237
1922,501056,500758,140,600
20941,500871,500909,158,341
26776,501946,501043,118,755
3887,500435,500197,159,435
1551,501157,500931,225,678
6480,501386,501704,101,375
734,501846,501261,131,310
2079,500028,501210,44,572
6390,501830,501153,107,217
6708,500841,501715,162,415
18345,501224,501711,128,629
24714,501057,500071,132,305
18712,500104,501202,167,222
21856,500249,500861,147,325
16407,501513,501466,132,570
20721,501370,501457,143,261
3806,501969,500237,188,712
8985,500123,501059,11,166
14710,501734,500642,100,599
12841,501894,501056,138,660
24390,501448,500391,163,705
3127,501727,500410,164,220
7033,500730,501887,152,613
25164,500966,500931,127,1156
20904,500797,501340,165,275
19720,500204,500971,98,392
26184,501393,500079,111,272
28721,500006,501460,154,1077
4513,501678,500502,176,437
22801,500258,500148,149,132
16316,501171,501364,62,118
14034,500681,500008,185,325
4947,500616,501775,155,323
13050,501627,500696,86,414
15351,501881,500939,146,391
16570,500678,501618,127,415
29915,501686,501270,111,1010
13469,501469,501904,123,561
29722,501731,500432,102,731
24156,501773,500174,125,274
22635,500885,501344,131,248
21779,501381,501424,166,249
8201,500952,500538,123,627
24839,500471,501335,209,336
1848,501425,501646,124,659
19661,501482,501839,193,787
26924,501661,501017,149,166
3525,500095,501576,187,154
12895,500895,501609,93,303
24468,501775,501817,96,205
16796,501795,501653,12,160
20606,500645,500206,152,357
14042,500780,501551,196,550
15233,500250,501287,136,382
8997,501633,500628,96,385
22257,500825,500551,127,421
3672,501214,501618,148,660
9439,500795,501185,31,193
26404,500025,500753,151,386
15947,501946,501666,152,321
15697,500819,500659,135,507
9855,500128,501948,141,188
18000,501946,500081,167,152
5327,501703,501953,100,452
4357,500212,500897,145,173
16415,500581,501139,93,303
8599,500176,501311,143,452
1408,501837,500565,119,311
18106,500982,501757,139,1131
16677,501372,501090,149,665
4445,501759,500422,130,201
1679,500053,500691,35,52
25876,500264,501971,162,520
13189,500265,500937,180,730
19549,500473,501233,143,591
13477,500459,501517,149,1124
29380,500790,501269,106,128
2938,500669,501948,35,222
9326,501945,501105,109,224
3349,501600,500539,46,91
10643,500074,500636,192,255
21993,501381,500619,140,471
23905,500496,500861,147,585
28695,500228,501605,78,525
24012,501293,501765,127,257
19464,501181,501589,4,196
27480,501180,501654,139,166
26086,501169,500986,125,486
17712,501173,501920,109,461
28094,501190,501443,100,143
5135,501506,500986,148,402
6733,500094,501135,171,419
6791,500773,500773,43,133
15781,501163,501106,137,322
9891,500287,501479,78,370
8700,500302,500579,130,313
19413,500683,500052,33,144
27925,501777,501020,167,994
3789,500189,501072,147,590
24625,501448,500723,115,413
10462,500515,501322,146,442
11601,500770,501119,162,491
20025,501663,501241,32,105
12862,501270,500533,189,202
10607,500192,500718,116,326
7622,501520,501948,181,326
20922,501713,501037,138,259
10109,500701,501315,126,287
7567,501448,501255,108,353
27494,501344,500751,159,826
26598,501817,500066,91,537
21193,500198,501495,128,300
4483,500338,501334,154,340
7542,501528,501117,169,684
28448,501663,501679,209,319
5262,500748,500948,20,117
22734,500382,500745,195,448
17257,500653,501638,55,687
6652,500297,501682,125,454
18420,501746,500572,44,103
23147,501079,500842,157,413
27505,500077,500265,190,183
2546,500952,501270,215,115
3901,500871,501592,151,471
15260,500927,501046,120,551
4774,501873,501768,145,516
22437,501470,500517,157,1458
2866,501956,500757,204,287
3711,500788,500123,110,539
28007,501538,500653,9,83
17532,501601,501125,171,449
15301,501171,501633,64,94
13720,501027,500952,179,564
17866,500637,501384,139,541
23101,500006,500921,34,46
25124,501492,500840,172,784
8647,500382,500228,155,366
17759,500890,500144,170,309
18852,501025,501368,184,179
23782,501552,500526,140,597
21140,501971,500453,98,789
20118,500816,500581,123,458
21910,500109,501804,153,284
26947,501551,500117,129,359
16624,500959,501201,57,524
16269,501837,500880,53,419
28116,501681,500788,86,512
24448,500178,500812,139,183
17706,500198,501551,135,356
26563,500087,501146,137,266
2293,501122,500128,123,320
5675,500734,501019,25,188
3985,501358,500530,7,278
15228,500897,501113,102,1676
24310,501730,500990,117,525
15530,500253,500657,129,294
14853,500268,500282,119,252
10789,500756,501230,60,41
6104,501701,500368,157,577
18804,501510,501956,26,90
13154,500178,500037,72,69
11050,501919,500338,199,442
17341,500720,500086,153,349
18378,502000,500308,157,253
17061,501208,500203,231,558
28733,501565,501337,36,85
15193,500707,500830,65,183
19939,500442,501999,118,181
860,501868,500093,93,492
18769,500947,500546,195,974
22727,501759,500980,88,888
7756,501434,500257,32,165
21983,500212,501897,32,122
20763,500516,500280,138,374
12615,500858,500696,105,546
8396,501204,501310,125,553
11852,500419,500338,153,465
27762,501545,501486,185,323
2993,501399,500126,153,639
914,500821,501345,95,332
26187,501712,501825,56,67
7670,500461,500065,182,250
1673,501588,500066,11,181
10323,500477,500679,26,66
16701,501975,500213,86,239
23346,500305,501888,81,455
14642,501306,500897,196,396
15373,500636,500986,126,144
26032,501106,501628,134,573
16503,500773,501744,30,109
17508,501575,501233,144,417
27009,501899,501948,72,441
17924,500080,500816,41,374
23726,500685,501884,169,192
24958,500045,500538,148,519
24746,500821,500947,40,140
18763,501060,500679,154,293
15457,500386,501582,127,423
2046,500322,500422,19,137
22970,501912,501306,119,404
21872,500657,501545,28,105
11282,501162,500318,106,166
3780,500930,500254,41,90
22217,500707,501057,20,262
4384,501327,501237,140,211
28985,501058,500316,78,367
19271,500261,501382,93,374
9765,501202,501016,117,526
20297,500895,500743,10,112
18199,501607,500503,116,221
8766,500891,501489,169,171
6693,501934,500029,62,190
23218,500068,501046,152,411
17959,500950,500937,171,378
12836,501452,501432,147,668
28904,500436,501609,182,136
12147,500930,500893,155,420
10276,501487,501981,18,139
12575,501313,501383,162,410
27531,501536,501458,163,328
4233,501948,500387,159,497
3310,500330,501052,95,445
6221,501843,501031,44,407
14871,501481,500532,31,73
8266,500399,501153,185,427
822,500440,500376,171,171
26762,500701,501113,190,253
20484,500386,500250,138,597
18834,500296,500413,116,596
24589,501795,501375,103,217
5143,501092,501643,167,628
14942,501174,501370,179,355
23992,500199,501736,207,268
10513,500100,500942,152,426
10938,501212,501166,153,294
22654,500405,500939,107,111
21343,500732,500257,83,1337
8894,501618,500312,113,224
25351,501780,500898,115,743
29330,501233,500090,145,204
15490,501376,501963,121,531
21681,500361,501424,80,211
15868,501521,500211,131,747
27694,501059,500327,191,388
28033,501946,500021,162,165
15520,500361,501667,153,576
16594,501895,500544,111,820
26888,500311,501802,167,493
24614,500261,500619,142,320
1292,501331,500278,204,270
14323,500105,500846,102,359
5179,500466,501582,96,480
7983,500266,501804,73,622
10238,501541,500272,149,220
6034,500513,501918,123,340
8260,501627,501644,78,239
11323,500733,501736,38,220
14297,500751,500743,151,174
9212,501726,500484,102,294
16036,501697,500681,168,258
7864,500786,500051,80,414
10929,500825,501398,28,118
2566,500807,501317,24,198
16050,500562,501954,65,78
3478,501976,501635,171,528
18898,500007,500238,137,270
21203,500682,500959,69,454
25483,500952,501661,77,505
34,500459,501231,132,136
24301,500039,500565,31,105
757,500771,500842,195,431
13463,501135,501724,45,268
12525,500723,501844,102,442
24965,500022,501719,128,210
45,501753,501696,203,391
23454,500577,501552,51,92
14703,501660,500797,113,348
24633,501775,500176,172,598
1047,501319,500019,108,495
8192,500465,500302,128,323
5295,501039,500622,60,397
9851,501208,500326,126,386
13991,501797,501436,32,313
22320,500465,501224,172,678
10983,500924,500651,132,339
3286,501534,501507,125,248
29039,501174,501190,82,407
24492,501870,501142,179,353
18033,500930,501825,152,361
15927,501314,500422,115,251
15244,501372,500519,167,511
17182,500831,500666,31,140
24700,501729,501109,132,292
8208,501844,501206,131,524
7917,500214,500368,128,1262
14863,501721,500792,231,551
4488,501222,501924,169,650
3828,501916,500110,156,580
22428,500029,500997,171,381
4456,500449,500586,145,577
16550,501234,500616,57,68
19767,500105,501488,182,244
17040,501519,501986,154,494
26524,500453,500556,120,237
23146,501921,500035,27,264
9897,501829,500269,132,278
21191,501760,500578,182,241
8853,500762,500063,201,505
903,500937,501971,112,313
8773,501130,501045,140,396
12853,500752,500034,121,215
17634,501628,500642,133,217
19155,500145,500060,171,154
6565,501846,500238,99,422
11696,501692,500154,55,110
2328,501537,501805,78,131
8922,501911,501657,123,197
8322,501228,500989,127,340
1852,500543,501677,168,354
24408,500760,500172,108,198
16920,501703,501152,124,168
24935,501060,501888,142,220
11489,501453,500646,145,739
25432,501786,501506,71,322
2785,500468,501055,129,728
28996,501941,501119,119,122
24447,901236,501305,86,254
9594,500239,501997,202,533
20183,501487,501852,124,520
8561,500820,500261,30,180
9455,500184,500661,9,314
3669,500697,501059,138,589
8182,500025,500764,130,282
1756,500501,501152,99,322
10900,500294,500907,156,570
11964,500818,501834,148,427
1884,501945,500538,136,771
22683,501784,501226,56,111
13503,500862,500783,144,707
10945,500390,501798,58,1029
8784,500663,501678,70,353
18516,500597,501919,130,353
15620,501960,500324,81,151
4797,500363,501521,140,566
8919,501301,501852,66,209
5994,501676,500028,138,383
8314,501362,500232,106,452
5197,501219,501991,149,426
13716,500986,501225,117,1015
5874,501660,500564,20,58
16150,500197,500553,77,817
5920,501980,500751,208,286
9144,501492,501831,113,841
405,500758,500045,9,75
6665,501691,500938,136,164
11656,501213,501860,148,880
11425,500178,501503,129,515
1991,500293,500781,68,185
29866,501350,501760,117,223
15414,501201,501635,108,232
2159,501445,501762,128,792
18878,500181,501453,83,548
8386,500381,501265,0,187
13243,501194,500099,146,628
1672,500619,500336,184,1571
28899,500682,500780,161,766
2193,500647,500481,213,177
978,501670,500515,48,99
1594,500401,501340,109,351
3696,501534,501982,122,399
91,501622,500064,59,236
6550,500492,501542,104,318
24737,501693,500907,203,180
29550,500155,501034,94,362
225,500771,501473,86,838
6720,501152,500023,162,713
1784,501816,500461,141,642
23286,500777,501227,164,372
1833,500868,500838,168,555
22124,500116,500772,55,50
25123,501615,500924,142,613
2685,500502,500547,121,482
6117,501620,500604,54,183
3326,500119,501847,87,487
19941,501139,501265,11,93
13445,501034,501928,142,922
494,501400,501533,163,388
1079,501793,501288,145,545
26579,500774,501132,129,328
23629,500345,501237,134,541
25051,501754,501869,114,536
23421,501518,500385,192,1314
8388,500059,501219,52,147
21011,500953,500224,33,63
2800,500953,500262,135,201
17042,500114,501583,200,436
28494,500532,500908,146,248
13704,501176,500651,157,452
20389,500683,501545,184,642
19341,500104,500278,110,614
228,500519,501010,170,519
7017,500837,501028,138,899
20810,500060,501942,120,476
25105,500147,500878,28,56
25196,501406,501730,123,708
13602,500757,501945,162,827
9195,501031,501542,196,812
13122,500356,500743,163,250
9683,500616,501696,130,663
9361,901665,500926,46,142
24602,501661,500142,173,387
12634,501605,500856,105,283
1105,501570,500403,50,249
4465,500762,500910,130,499
7836,901334,501122,150,427
1242,500074,501524,112,354
10199,500449,500659,0,57
27902,501564,501176,99,169
9200,500225,501355,131,453
5407,500250,500131,93,242
15517,500117,501251,70,172
898,500109,500914,121,420
20733,500764,500375,17,152
8530,501193,500255,158,302
7581,500373,501232,107,540
13628,501122,500111,155,373
15617,501285,501280,156,221
29697,500163,500194,24,88
26693,500610,500094,23,208
15297,501023,500256,202,223
28744,501227,500531,112,228
2218,500675,500905,203,453
10576,500696,501723,148,166
27889,500436,501291,110,287
20747,500440,501017,162,254
26416,500783,500293,121,198
23735,501302,500236,181,552
27162,500161,500439,42,65
2262,500667,500547,113,195
16877,500928,500197,31,153
8444,500936,501504,152,747
3283,501533,501265,43,205
13618,500998,500965,132,261
19211,501730,500570,34,329
697,500115,501576,155,421
804,500013,501661,185,419
26435,501662,501732,53,93
17216,500718,500249,99,757
28369,501315,500566,187,274
26685,501058,500084,119,629
26030,500542,500898,183,468
14401,501131,501158,32,201
22947,501924,501886,158,390
9652,500857,501870,205,327
21185,500586,500046,73,1745
19404,501130,501342,48,140
17544,500874,500440,186,425
7274,501895,501522,124,318
18476,500330,501757,171,292
16279,500550,501515,113,800
24366,500287,500512,147,254
26162,501211,501623,10,155
427,501391,500120,112,337
9479,500032,501113,81,420
13204,501964,501802,150,243
4855,501960,500584,203,240
6615,501792,500837,87,307
4630,500324,500296,161,391
15780,501759,500619,145,1112
29089,500478,501691,174,576
16921,500571,500336,165,440
13933,500219,501090,167,372
22491,501034,501429,41,71
21611,501173,501651,158,506
26718,500372,501105,52,138
22282,501026,501193,36,33
12750,500709,500680,186,372
7337,501745,500990,179,523
1732,500554,500267,66,131
3290,501333,501875,217,681
14552,500342,500533,147,412
6186,501601,501271,213,624
1389,501174,501751,54,90
3884,501153,500673,155,454
12766,501292,501386,0,66
28850,501985,501734,74,340
17403,500682,501610,46,209
1031,501503,501036,140,413
27179,500496,500735,123,405
18774,500546,501319,52,424
25516,501243,500979,16,173
21297,501492,500298,131,603
24901,501752,500183,151,568
5984,501070,502000,127,739
1203,501143,500968,193,413
2722,501489,501202,91,418
28274,500777,500112,67,55
13216,500215,500743,155,397
5055,501487,501837,168,174
12769,500939,501726,147,162
19072,500800,500628,86,822
3694,500405,501518,119,709
29984,501433,500473,160,726
26050,501442,501995,31,183
21867,501395,500093,97,292
26798,501581,501225,104,293
21054,501646,500162,133,168
3411,501438,501468,13,75
28819,500113,500307,3,176
26679,501006,501989,174,468
29821,500726,500725,91,249
1919,500819,500550,150,364
27071,501942,500987,160,410
27655,500441,501163,120,1011
7428,501311,501504,134,183
16319,501966,501362,93,391
20236,500045,500544,165,772
22060,500005,500655,120,322
24370,500054,500099,148,465
18381,902776,501752,109,406
847,501657,501573,162,952
14125,500346,500031,83,178
6516,501748,500998,163,401
26391,501023,501441,174,1114
14744,501685,501128,161,249
27998,502000,501190,139,775
28393,501118,501436,141,646
28854,500143,501051,159,363
9160,501006,501694,102,155
20753,501703,501011,161,268
6239,501545,500615,196,211
13917,501512,501638,114,416
13581,501453,500959,136,539
59,501397,500833,158,235
10334,501490,501564,94,187
15087,501112,501185,213,533
14441,500045,501707,149,656
10377,500816,501426,144,286
1831,501096,500861,160,261
782,500641,500838,59,89
29126,501025,501358,149,219
13584,501607,501536,132,290
28935,500658,501368,140,405
19515,501114,500924,122,654
3498,501399,500164,121,174
7725,500363,500205,12,88
1297,501894,501631,164,291
15343,501793,500930,121,400
3756,501409,500542,10,121
29443,501488,500188,166,312
14747,501507,500924,98,845
7686,500627,500383,128,321
16334,501537,500094,108,185
6083,500657,501303,162,226
5253,501314,501179,4,104
8956,500040,501164,23,115
21710,500938,500121,146,557
26154,501211,501952,119,371
13986,501170,501904,85,487
21085,500267,500225,210,563
24536,501327,500786,111,294
2931,500204,501131,27,84
19582,500389,501625,24,86
7939,501438,501975,158,240
23481,501561,500785,31,78
28459,501421,500039,155,293
4284,500203,500944,151,1209
22354,501830,501300,225,264
23363,501532,501491,44,95
7002,500687,500781,135,439
17956,500888,501159,88,470
13150,501177,501903,25,53
27881,500054,501372,21,70
1506,500051,500800,35,160
13030,500075,501238,146,639
22884,501980,501473,107,623
8664,501698,501343,16,115
8239,500998,501379,123,248
15721,500034,500267,104,228
25420,500134,501404,87,391
4559,501721,501899,85,507
3826,501112,500250,23,93
13743,501533,501504,161,615
16207,500868,501199,182,433
17089,501143,500745,145,892
2406,500754,501372,117,396
14834,501125,500466,90,467
26615,500845,500268,202,219
5573,500615,500509,27,196
2245,501266,500321,95,566
16280,500151,500691,56,1206
20007,501568,501598,142,155
7045,500494,501187,45,111
28199,500356,500162,148,332
1858,500891,500895,173,435
13577,501505,500947,232,294
13546,500949,500513,168,536
3230,501328,500268,193,626
29507,500673,500519,59,576
9733,501689,501864,127,285
15902,501918,500105,118,1493
24482,500625,501127,156,195
3144,500862,500935,148,746
13557,500558,500565,37,83
17539,501522,501251,36,101
1321,501025,501836,42,252
226,501025,501157,108,80
9967,500788,501006,170,506
4939,500424,500818,67,964
29391,501233,500221,56,144
12984,501106,501490,113,238
28889,501656,501041,157,454
10147,501482,501911,133,187
15298,500309,501817,107,457
29819,500987,501147,109,443
13200,500548,501631,130,158
21814,501078,500988,172,393
10040,501032,501553,158,683
3609,500153,500149,106,214
10043,500179,500969,81,576
1959,500999,501091,120,345
6623,500899,501054,111,339
14032,501094,501904,137,719
9879,500361,500790,171,510
16122,500936,501330,18,235
13756,501941,501424,73,702
12733,501825,500435,146,340
15184,500132,500316,135,178
10697,501587,500808,202,335
12941,500236,501375,129,961
14569,500144,500333,72,342
25171,501881,500604,34,136
22913,501729,501098,117,279
17423,500762,500730,152,511
28539,501331,500894,56,113
11648,500257,501833,136,211
14850,500438,500782,128,343
10584,501147,501758,136,580
16028,501290,501393,94,360
14746,501231,500481,134,310
13921,501534,501160,180,614
17557,500191,500774,167,318
2092,500897,500682,144,185
8831,500461,501285,162,206
12138,501563,500678,106,189
20422,500888,500900,139,396
4097,500650,501966,22,108
28210,501235,501349,162,470
1399,501223,500665,45,126
11137,500650,500952,103,497
7230,501368,501703,147,475
28522,501542,501062,168,244
28371,501675,501805,140,243
14739,500158,501785,160,512
3179,501019,500722,160,852
16695,500299,501237,104,254
6279,501023,501895,99,687
13303,500548,501096,86,247
6493,500497,501189,196,64
27821,501438,501887,132,708
20082,500295,501428,96,431
2086,500808,500363,119,270
4467,501076,501939,18,112
2511,501373,500908,168,734
1257,500424,500309,124,345
17619,501780,500709,146,212
9886,500705,500432,124,441
9919,501235,501654,135,355
29404,500491,501583,216,648
20089,501204,501652,52,71
23042,500498,500597,142,246
7582,500808,500672,196,632
4047,500627,501778,61,213
9166,501473,500262,162,264
27697,501232,500702,189,867
13385,500750,501226,168,606
23811,500847,500261,149,130
634,501316,501159,146,403
26305,501221,500346,159,415
28637,500805,500987,200,262
1339,501193,500638,0,53
9691,500301,500774,42,114
20835,500056,500310,0,86
20194,501214,500793,37,44
14217,501333,501268,96,404
6981,500503,501542,130,506
27861,501890,501206,145,571
10005,501364,501094,28,120
473,500678,501728,154,357
23774,501019,501424,142,368
6607,500451,500012,31,145
13137,501728,501513,95,575
25068,500943,501808,80,932
19111,500967,501917,56,52
19512,501222,500625,198,577
26412,500037,501288,110,341
7757,501850,501090,122,717
9817,501022,500953,150,174
28227,501536,500839,104,280
17538,501656,500605,90,546
16266,500221,500062,57,396
19641,500572,500087,122,153
12372,500196,500068,147,410
28488,500871,500787,139,693
21977,501226,501058,112,736
14644,501284,500547,30,87
1879,501304,501826,185,471
22875,501616,500689,159,402
29079,501941,501275,164,325
3281,500728,500188,132,347
6835,501252,501108,37,207
8567,501134,501012,161,608
14623,501173,501591,132,341
23248,500342,501623,0,56
24323,501367,500210,137,399
29543,501523,500696,121,386
23479,501494,501869,105,957
27933,501782,500566,69,536
14000,500697,501712,29,250
21946,501588,500941,142,299
8380,500728,500206,158,517
26545,501214,501837,193,180
811,500402,501103,144,434
1934,500370,501944,153,467
20573,500005,500922,126,1064
15567,500521,501520,106,495
23615,500781,501429,179,176
24540,501707,501598,98,132
26965,500224,501839,47,101
16958,500506,501479,144,359
10635,500319,501218,15,116
25402,501120,501362,153,635
17193,501644,501496,33,98
2407,500764,501767,97,365
10976,501228,500427,49,138
7223,501881,501525,168,325
1132,501268,501080,98,305
24944,500094,501595,144,392
20192,501708,501780,0,333
7870,500305,500524,103,819
17678,500743,501237,69,344
253,501212,500915,60,332
24613,500041,500624,115,545
15613,501630,501588,159,338
19457,501564,501020,163,162
2136,500046,501460,153,434
13949,500224,500727,39,81
20598,500830,500739,228,198
13410,500002,501163,0,124
3450,500115,501587,101,223
2372,500636,500501,193,334
25219,500522,501573,175,795
26541,501701,500028,153,315
71,501385,501730,1,52
9090,500723,501739,160,519
25868,500399,500145,118,380
8,500825,500944,111,307
21962,500767,501478,93,307
13613,500613,501466,169,374
7776,500142,500654,135,676
15777,902768,500245,34,108
15661,501944,501387,155,568
6643,501638,500661,130,586
27994,501000,500953,152,239
1629,500010,501611,78,683
28392,501424,500857,128,459
25795,501904,501107,141,866
3752,500638,501727,148,936
6783,500997,501458,72,944
9574,501966,500667,195,491
5219,501470,501839,159,518
18955,500328,501328,152,433
21543,500278,500399,98,298
28898,500858,501122,145,258
17886,501014,500752,173,352
7103,501997,501764,196,201
9944,501951,501027,48,425
9429,500821,501996,122,460
3253,500018,501834,130,654
2613,500039,500862,154,278
26648,500628,500061,59,256
4790,501302,501302,26,92
4765,501971,501173,140,322
5477,500208,500276,31,170
6994,500314,501093,130,289
3164,501864,501628,125,456
8091,501113,500989,135,320
9603,500492,500646,142,571
15756,501394,500804,77,580
11394,500026,501280,205,223
598,501295,500835,126,319
5,501277,500953,25,164
12253,501607,501606,223,420
11827,501519,500253,168,626
4449,901745,501392,31,97
1615,501091,500334,72,581
18285,501288,501386,159,335
3767,501136,500013,171,773
20794,500159,501591,41,98
13659,501206,501751,95,287
11609,500473,501526,142,244
14130,500627,500780,91,580
25887,500542,500921,31,142
8770,501901,501457,106,313
17835,500299,501866,157,233
15494,501536,501596,157,309
588,501894,500306,7,210
27174,500738,501535,127,646
20076,500764,500383,182,643
29055,500433,500244,190,499
2034,500816,500882,170,539
27752,500176,501452,39,186
22856,501875,500637,109,433
6021,501995,501233,113,543
611,500046,500248,166,487
4880,501596,500384,118,398
11230,500561,500720,170,572
21352,501685,500204,153,244
26783,500606,501996,129,667
8054,500212,500112,145,362
16802,501796,501926,201,825
22906,501532,500544,126,498
19729,501486,500291,150,253
11291,501404,501120,188,388
19077,501666,501536,1,191
16403,500709,500256,130,700
6160,501346,501578,146,233
18364,501363,501073,181,479
17378,500172,500117,143,713
24289,500282,501461,165,368
2994,500189,501021,64,114
2115,500771,501541,96,214
21239,500787,501826,110,593
26326,501704,500512,215,519
20456,500109,501989,53,158
20448,501336,501968,224,754
8678,501653,500642,169,609
22999,501861,501038,147,515
8871,500516,500041,127,531
19226,501176,500535,147,356
18776,500888,500346,200,388
5101,500568,501496,12,136
23882,500765,500078,52,290
14150,500070,501561,169,437
13009,501741,501393,115,121
24325,501150,501935,22,86
3066,501094,501228,129,778
15123,500064,500492,166,477
13973,501404,500356,137,214
4470,500530,501330,157,707
20633,501166,500790,126,326
20973,501406,500045,132,359
11724,500616,501651,78,363
2713,500847,500981,146,391
9489,501869,501386,104,519
2608,500475,500609,69,394
24656,501082,501235,129,1780
17063,500848,501721,182,239
1381,501316,500760,108,471
22248,501635,500328,180,648
29633,501390,500376,106,352
28386,501410,501675,154,655
2518,500957,501485,161,965
28703,501103,500687,132,944
9884,500382,501765,109,548
10573,500562,500037,172,252
5141,500937,500893,159,544
29632,501271,500064,194,169
17476,500615,501152,147,798
1812,501396,500512,60,73
12447,501375,501020,109,542
4662,501695,501426,145,587
28333,500951,501636,37,155
12039,500572,500460,23,156
26802,500758,500158,154,349
19059,500114,500628,113,181
17320,501070,500867,136,917
17967,500880,500383,126,244
10941,500690,500982,199,361
16375,501195,500502,212,701
6344,500438,500573,34,167
28790,501833,501661,160,317
10378,500115,500333,182,651
19009,501895,500265,142,434
24011,500544,500314,115,466
14968,500253,500356,52,120
13271,501940,500114,40,86
14462,501488,500630,41,64
15209,500115,501577,123,905
2648,501729,501674,191,370
27756,501350,500518,170,248
25375,903977,501892,90,800
24534,500817,501315,114,179
7459,501447,501916,62,109
19813,500910,501055,146,437
26043,500956,500052,24,126
1090,500966,500185,160,473
22033,501723,500999,156,414
9498,500965,501325,169,630
9334,500210,500962,31,73
28375,501701,501171,31,190
1652,501537,500116,187,441
1528,500174,500342,181,233
16657,500880,500702,215,725
28153,501198,501970,120,279
15701,500013,500738,19,91
17588,500980,500431,165,514
12313,501353,501936,38,72
6506,500319,500479,99,451
10163,500532,500738,94,169
18957,501561,501627,89,392
20315,501585,501406,96,168
7958,501866,501315,142,868
3612,501969,500653,127,222
4700,500678,500010,100,473
21381,500101,501868,147,166
25919,500099,501971,197,545
22789,500876,500714,162,266
5428,501917,500451,178,313
17755,501875,500360,144,289
22536,500005,501233,148,685
17343,500193,500965,156,391
1927,500202,501356,142,734
15855,501305,501125,150,499
15526,500232,500777,144,276
16820,500480,500210,168,291
10433,500542,501985,153,278
5136,501236,501479,125,263
1056,501214,501598,138,371
25559,500547,501862,78,480
22559,500544,501413,103,176
12965,501338,501382,192,457
20788,501913,500034,12,81
7211,501713,501591,149,340
12961,500115,500381,185,294
7552,501848,501403,115,287
2247,501314,500671,127,702
20358,500115,500795,120,558
7779,501804,501006,99,1450
27959,501718,500222,53,146
9871,501264,501240,177,506
26437,500542,500546,114,527
15844,501081,501741,176,1131
27405,500060,500149,124,286
16513,500293,500574,132,163
6958,500820,500517,17,140
2832,500261,500041,104,742
3003,501640,501452,143,225
9265,500160,501046,138,1029
14986,500969,501293,179,344
17512,501931,500523,121,667
4794,500151,500495,97,624
10825,500542,500542,98,975
25670,500074,500314,20,79
15242,501441,501869,180,827
20619,500708,501026,31,144
22323,500253,501270,96,306
16907,500553,501535,119,459
21810,501133,501093,15,364
535,501694,500559,136,143
19933,500296,501423,218,190
22067,501153,501536,135,1296
28521,501918,501782,153,418
4784,501155,500936,101,508
8884,500217,501511,184,809
1680,501199,501745,33,119
26267,500556,500070,172,216
20595,501096,500173,136,327
16022,501272,501658,164,292
29736,500625,501861,141,364
19511,501521,500705,108,529
15955,500848,501883,151,151
5673,501818,500237,213,323
24418,501652,501155,130,663
15078,500080,501585,157,648
5345,500457,501505,58,380
20190,501718,501092,52,57
27404,501861,500327,181,787
16009,501536,500177,157,670
27523,500036,501010,160,373
15544,501319,500804,140,421
11205,500435,501777,172,267
28649,501990,500738,125,1645
20476,501733,500421,22,77
15145,500237,501628,107,614
27710,501663,500593,175,231
23837,501970,500442,157,792
24225,501766,500531,12,152
1533,501426,501421,148,557
29822,501890,500722,52,179
2940,501349,501969,12,232
12229,500356,501895,179,449
26534,500120,500702,148,399
10102,500696,501012,163,786
152,501591,500041,34,75
19601,903077,500379,31,201
10919,501440,501058,171,648
4528,500210,500667,126,310
19334,500661,501846,143,504
24819,500562,501912,195,481
11768,500264,501520,158,533
16469,500997,500813,129,272
26971,501758,500238,150,316
21096,500747,500002,134,718
28678,903789,500143,150,276
5103,500192,500981,135,236
12568,500510,500673,201,357
4064,501802,500567,162,265
28318,500885,500282,150,232
27178,500354,500622,186,461
888,501358,501875,150,454
9862,500158,500919,128,350
24703,501670,501676,163,495
6712,501211,500228,180,198
8155,500064,500126,150,389
28688,500613,500858,63,471
14280,500420,501220,202,221
19492,500486,501630,42,187
8064,501299,500570,147,240
21148,500537,500825,14,130
2271,500876,500095,167,821
13706,500554,501551,100,633
11659,501134,500728,148,1008
15189,501433,501391,20,123
11716,500900,500471,94,457
29005,501796,501016,20,144
14958,501448,500997,191,608
29046,500646,501723,111,662
22809,500022,500422,118,657
5372,501340,501282,108,814
10646,500916,500509,73,61
28152,501952,501085,107,443
19756,500781,500503,195,574
27630,501201,500399,189,377
4894,501806,500087,105,249
5339,501345,501758,159,711
9818,500267,501717,179,377
13858,500202,501999,124,424
18612,501024,500501,46,167
17703,501861,501736,72,339
5475,501765,501881,80,191
2927,500813,500570,110,404
15124,501068,500468,117,414
7757,501850,501090,122,717
21531,500018,501421,15,109
13961,501322,500462,116,404
7015,500217,501860,154,390
22634,501497,500914,99,368
15444,500099,500373,159,977
875,500404,501005,37,99
25460,500979,500292,13,310
27579,501232,501971,196,150
18265,501847,500484,39,190
2221,501681,500522,57,494
316,501306,500384,143,333
20682,500361,501473,40,138
22982,501299,500602,67,69
12731,501606,500734,172,492
26927,501106,501382,110,670
2390,500944,500808,163,332
1882,500730,501082,118,492
29095,500682,501148,100,691
16526,501202,501406,164,422
23109,500368,501788,190,513
209,500272,501991,127,432
17589,500008,501919,107,259
12204,500442,500587,48,162
8746,501020,501413,132,285
5365,501743,501542,106,369
22476,500632,501875,69,402
4100,500677,500753,25,70
10142,500550,500422,109,472
25926,501330,500756,166,698
19501,500514,500266,47,406
17270,501833,501888,134,599
17440,500838,500654,130,341
15492,501741,501302,198,1370
7365,501002,501808,201,422
27548,500774,501853,49,56
23974,500819,500808,137,469
12338,501856,500258,49,254
9318,501923,501892,171,401
12030,500008,501513,154,242
21097,501926,501587,168,336
20897,501945,500577,31,100
12023,500725,501204,43,363
2737,501232,500144,139,355
21780,500815,500156,60,164
8428,500944,500091,108,585
9312,501570,500400,119,156
28668,501631,501612,4,57
20463,501441,501275,98,392
23350,500811,500460,127,320
28165,501217,501128,91,401
9443,500683,500653,106,671
24164,501952,501170,41,78
1932,501952,501935,40,119
3787,501948,500698,220,597
23026,500484,501735,171,850
7283,500105,501666,149,368
751,501149,500051,151,1053
4188,501724,500480,202,380
21488,501814,500054,165,687
9221,500559,501847,53,447
3666,500489,501094,165,382
6744,500743,501228,26,174
17938,501224,500786,147,240
7592,501753,500781,197,277
20877,500352,500967,0,84
22567,500970,501136,155,674
22729,501000,501547,194,409
24695,500915,501282,11,85
7975,500214,500926,124,772
7755,500705,501780,224,675
19483,500556,500653,140,370
4999,500904,501778,141,247
6670,500297,501119,167,442
28747,501028,500067,144,328
7474,500935,501310,154,461
6702,501837,501238,159,385
12842,501786,501249,116,595
19977,500672,500533,186,230
15475,501173,501173,121,117
4438,501159,501601,79,1038
6111,501132,500293,170,513
17563,500519,501428,101,359
22407,500645,501524,169,295
13475,500734,500832,193,296
944,501460,501336,118,289
3401,500099,500530,142,203
14885,500750,500737,118,422
22751,501485,501251,157,167
28556,501364,501233,94,845
17864,501399,501027,167,783
20401,500252,501496,55,192
19853,500845,501079,17,47
19097,500551,501370,15,306
22061,500935,501263,37,851
25070,500817,501185,29,64
23116,501479,500314,90,205
14230,501582,500876,135,756
23464,500858,501266,181,327
6728,501489,501436,107,473
11529,500998,501091,54,531
17865,500728,500502,130,359
340,500325,501421,24,89
23190,501144,500564,134,446
29534,500848,500304,183,482
24166,500572,500039,74,685
17841,501934,500582,40,131
7496,500293,500304,136,586
13535,501349,501473,148,245
17583,500619,501754,45,635
6675,501452,501990,129,443
4825,500818,501686,81,450
14141,501861,500599,147,241
2588,501056,500601,148,285
18540,500302,501226,110,699
9302,501872,501207,190,310
4446,501615,501519,129,1212
19885,500424,500503,98,487
14454,501075,501246,156,481
12233,500663,500074,134,657
16784,501147,500954,160,270
1099,501722,501288,45,160
5724,500594,501937,18,192
27132,500735,500934,48,50
8103,500145,501236,106,500
6178,500545,501330,142,810
29034,500646,500081,188,201
10514,501821,500671,3,85
1606,501999,501130,125,363
4859,500815,501994,28,123
21550,501868,500533,0,244
14701,501739,501970,152,571
8924,501712,500050,98,470
3005,501092,500316,131,253
8087,501455,500277,5,136
302,500029,500133,97,912
12242,500848,500502,159,178
14068,501568,501872,165,240
28436,500937,500885,125,269
21400,500806,500153,101,481
21141,501070,501782,12,145
10807,501458,500139,127,613
5346,501220,501661,208,699
15590,500737,501585,168,482
25275,500393,500577,14,230
4373,500945,500548,37,67
26659,501527,500954,126,332
11524,500186,501203,18,95
895,501355,500926,105,484
13688,500478,501505,184,345
7530,500731,500669,150,501
19783,500772,500109,23,319
4213,501091,500174,147,311
26856,500140,501387,138,375
16414,501201,500332,30,117
1243,501693,500022,138,270
12798,501995,500057,166,587
4951,501364,500435,105,898
13116,500774,500232,92,376
17217,500751,501762,192,377
17487,501060,501051,152,511
2897,501567,501995,155,954
26121,501760,500467,152,153
21081,500758,501957,57,245
29071,501778,501207,140,441
19284,501054,500659,131,670
3880,500178,501621,69,187
11668,501307,500026,163,707
24153,501703,500188,117,637
14279,501215,500124,113,489
22092,501508,500531,32,50
2844,501132,501107,189,464
8878,501907,500228,41,167
612,500198,500293,127,722
12416,501511,500586,145,755
1520,500378,501434,56,140
6980,501362,500521,79,231
20928,500473,501333,70,702
5097,501273,501901,50,51
14485,500813,500910,141,227
18505,501497,501324,163,353
9141,501843,500920,108,719
15287,500190,500176,90,1347
44,500461,500587,1,173
15070,500760,500606,153,400
23205,500675,500847,171,310
14288,500004,500799,180,689
4268,500071,500788,111,567
11082,500973,500866,45,165
20451,500319,501037,136,654
2382,500655,501073,118,467
25260,501153,501153,131,555
3661,500210,500621,160,652
2925,501143,501600,158,298
23496,500579,500109,36,192
13761,501872,500765,160,1269
11795,500416,500896,101,218
6844,500583,500376,94,259
12,500960,500319,171,223
7242,500459,500700,16,142
10016,500922,500449,126,230
19305,501212,501428,17,176
24702,501404,501031,171,498
700,500033,500578,4,85
16654,500725,500915,123,938
22032,500141,500386,42,79
26757,501818,501275,158,420
16941,500701,501149,145,325
3244,500212,500685,146,161
2437,500711,501912,132,274
16838,500819,500565,156,1055
20543,500468,500655,141,427
9176,501625,500153,186,482
14788,500782,501875,115,375
27143,500258,501527,141,205
1688,501198,501892,191,507
7086,500238,501068,173,419
24816,500817,500616,69,511
15030,500615,500213,176,365
21098,501925,501515,154,435
21329,500403,500663,153,531
7081,500135,500049,38,201
327,501884,501997,164,706
27777,501693,500831,170,875
3948,500965,501228,193,188
6582,501400,500400,175,301
15981,500250,500398,38,368
12966,500588,500271,64,300
7832,500025,501091,109,272
16602,500158,500346,194,227
27535,500610,501701,166,661
13853,500020,501744,94,530
7940,501463,500466,93,188
6743,501617,501616,139,497
27586,501376,501300,77,371
3270,501540,500843,31,173
2660,501487,500016,32,146
374,501512,501798,121,649
19365,500858,500979,131,609
26807,501682,500167,128,454
20756,501238,501461,105,313
8157,501492,501092,190,223
4639,500166,500446,9,125
23390,500815,501946,30,73
995,501424,501231,151,361
23856,501133,501198,171,524
11809,501920,500978,153,739
3377,500041,500427,121,472
11822,501333,500554,128,674
5759,501479,501520,101,207
25513,500143,501271,196,350
23469,500198,500521,148,492
27079,501818,500743,101,249
29810,500809,500337,0,142
24869,501861,500167,90,1133
26870,501197,500886,121,416
12060,500325,501331,56,113
28885,500281,501531,80,880
12331,500353,501255,27,312
17931,501068,500128,89,271
17200,500322,501139,108,415
10326,500980,501202,191,527
1814,500659,501848,142,462
16786,501275,501608,118,748
19036,501711,501772,22,86
4647,501098,501146,158,137
200,501288,501114,124,296
16888,501833,500989,127,492
9904,501190,501423,105,415
1301,500562,500622,105,176
11799,500134,501598,29,295
19807,501562,501041,147,687
13438,501489,501570,134,310
5974,501997,501630,194,469
12925,500359,501990,92,349
1786,500032,501601,202,563
26470,500548,501646,117,276
2311,500553,500143,111,375
27572,500660,500689,16,382
21139,501051,500295,27,69
1559,501536,501136,136,245
18207,501888,500403,109,260
592,500616,501795,59,497
5083,501346,501777,127,176
20342,501114,500020,145,257
5504,501311,501888,179,716
25371,501926,500238,34,101
15356,501901,501776,71,604
20370,500753,501691,139,470
20266,500502,500491,127,331
18756,500787,500679,85,582
16272,501399,500485,190,221
8137,500774,501976,117,711
7504,501490,500471,109,367
2676,501601,500105,114,290
14553,500817,500785,87,509
19006,501330,501612,196,208
15185,500457,500816,119,282
9845,500267,501517,159,354
17321,500813,501956,107,1268
16790,501725,500978,134,246
3171,500806,500681,128,357
12918,501556,500578,33,62
9478,500676,501502,48,335
20771,901738,501700,103,293
9047,500512,501070,166,420
2922,500779,500952,180,607
4632,501835,501617,30,99
27717,500380,500213,84,646
29390,501913,500752,44,103
7349,500267,500548,198,729
18211,501386,501848,83,440
9502,500868,500533,40,160
15889,500339,501942,101,346
25443,501331,500373,181,222
13591,501862,500776,139,316
2476,501651,500068,148,382
14573,501612,501856,13,111
23662,501552,501942,182,628
15480,501055,501037,118,470
22257,500825,500551,127,421
27816,500305,500010,163,792
25838,500838,501247,164,426
10962,900389,501139,167,318
26840,501753,500294,155,590
21021,500215,500093,180,520
4730,501199,501519,145,423
20956,501090,501238,148,736
10619,501640,501640,138,241
18271,501031,501895,133,349
17623,500144,500771,128,569
28431,501445,501439,34,128
25945,501053,500845,167,671
19222,501965,500483,35,132
15747,500185,500813,14,74
4506,500091,501176,42,76
8665,500610,500463,43,188
25458,500195,501180,23,206
23343,500527,500653,159,757
7690,500989,501084,114,493
18853,501918,501357,181,1229
3017,501617,501674,148,588
29937,501960,500381,163,386
26865,501149,501000,144,693
133,500625,501153,124,453
20115,500710,500140,139,524
3091,500074,501588,57,103
15429,501535,501379,163,184
29050,500831,501336,79,747
29389,500867,501397,140,310
24252,501751,501942,149,283
23091,501837,500104,92,450
10010,500572,500360,186,316
11644,501504,500414,164,387
9222,500668,500203,153,525
26432,500304,501491,111,1353
10210,501739,501112,149,280
29836,501620,500334,120,275
12238,500201,501324,146,335
5826,501173,501598,150,272
25117,500233,501305,128,1215
5809,501199,500683,164,246
22936,501707,501066,152,465
22244,501412,500160,137,330
7034,501942,501102,112,212
830,500299,501682,188,462
11453,501654,500870,141,555
29732,500758,500316,167,430
16325,500112,500366,125,675
21380,500143,500319,108,579
264,500039,500642,151,352
199,500256,500236,62,267
21521,501195,500333,116,366
14052,500002,501350,219,318
23182,501970,501735,82,195
26553,500140,500057,122,653
16083,501656,500162,96,124
20475,500249,501839,168,178
5459,500946,500624,36,214
8950,501041,500642,143,571
6319,501433,500294,126,442
290,500523,501147,169,279
17138,500478,500544,109,292
9317,500109,501878,158,749
5598,500154,500036,167,449
9769,500046,500857,135,280
4688,500045,501866,108,303
5158,500616,500662,76,103
10273,500897,501663,174,500
25536,501023,501894,191,775
27798,501852,500120,158,426
5976,500896,500870,166,1037
28273,501489,501748,194,516
29721,501300,500725,24,117
23813,500952,501056,177,883
2296,501393,500567,165,470
9051,501017,501717,186,758
21895,501361,501864,88,431
2068,501106,500638,50,182
25291,500971,501266,59,259
12455,501497,500298,86,661
3792,500995,500591,65,118
24783,501362,501866,146,439
14597,500784,501430,137,497
25506,501399,500440,148,410
12376,500971,501306,112,327
13042,501374,501019,92,279
26225,501633,500754,195,267
26492,501334,500825,111,429
9351,500019,501764,99,614
9672,501631,500304,148,291
23372,501002,501796,164,387
28789,500471,500037,122,204
10804,501600,501219,226,322
17109,500922,500441,110,252
22540,501574,501505,150,179
16533,500709,501122,164,231
12257,501130,501768,139,329
14302,501991,501831,218,425
24450,500734,501631,136,390
28916,501094,501743,181,265
13063,501866,501536,168,165
10626,501395,501349,182,415
5493,501487,500235,37,149
2251,500465,500114,158,1018
4418,500937,500244,157,402
3721,501470,501206,188,427
21277,500792,500140,49,135
11983,500629,501750,90,196
5003,501740,501880,124,384
12884,500007,501716,172,651
15176,500480,501735,99,360
3758,500197,500074,13,91
8276,501602,500813,47,213
29294,500857,500653,129,500
20334,500146,500364,19,167
18401,501491,500777,155,609
17665,501542,501796,197,278
7312,500749,501715,42,253
9363,500038,500304,45,152
5946,501084,501448,125,902
286,501831,500330,179,449
21566,501689,500140,62,128
5227,501189,501293,117,952
11423,500289,500725,25,111
10684,500215,500316,90,273
5433,500422,500787,184,910
2310,902121,500856,171,341
4168,500213,501370,242,314
29046,500646,501723,111,662
27191,500658,501826,119,308
23576,500025,500936,85,369
21817,501792,501269,125,406
2569,500844,501404,169,572
29111,500054,500995,33,103
16076,500639,501104,5,172
11598,500885,501857,142,454
933,501146,500840,168,293
25029,501958,500616,14,161
6525,501375,500779,145,400
17717,501006,500361,197,235
16848,501946,500811,78,499
16901,500521,501056,106,288
2883,500261,501679,127,326
14967,500019,500094,71,95
28278,501825,500607,145,401
20180,500438,501483,122,200
6200,501099,500844,139,408
18734,501671,501404,25,123
24861,501931,501071,132,952
27549,501248,500458,31,65
1488,500360,501020,95,320
10953,500316,501998,113,1167
28841,500941,500318,145,247
6803,501436,501612,85,703
16242,501147,501982,107,490
4651,501725,501249,122,581
9915,500577,501959,38,199
19901,501202,501012,134,710
29021,500222,500715,0,52
8199,501896,500218,48,84
28019,501992,501153,145,531
22953,501112,500139,188,592
17348,500144,501494,135,282
23951,500527,500519,120,602
24651,500848,500502,99,334
24996,500597,500877,168,281
14271,501169,500844,103,405
8603,501361,501391,170,335
26637,501092,500343,17,116
29160,501773,500893,159,412
29560,501370,501678,118,253
150,501076,500947,132,928
10420,500533,500529,76,833
22550,500578,500183,123,413
24803,501640,500007,41,163
14155,500699,500689,23,75
22762,501034,500981,150,1225
19592,500367,500503,120,1069
792,500646,501687,127,317
25357,500075,501382,146,369
27594,501178,501426,166,860
12063,501445,500676,156,731
23222,501034,501439,122,1091
18247,501706,501153,51,113
10195,501517,500776,92,267
18432,500326,501117,142,363
2852,501295,501319,116,623
4086,500198,500576,54,130
21145,501584,501407,131,472
18098,501777,501992,135,220
7697,500001,500174,145,331
2957,501463,501244,154,329
23587,500856,500160,152,386
21220,500821,501835,16,153
25617,500298,501269,180,184
1377,501333,501176,185,818
5596,501581,500769,132,67
21513,501172,501408,11,120
27877,500112,501778,106,389
236,501010,501058,186,528
1208,500900,501712,187,264
1738,501497,501458,100,246
15508,500356,500424,207,399
8055,501060,500994,120,168
17601,501751,500621,200,173
20696,501249,501228,132,167
13251,500077,501238,158,543
3592,500289,501598,112,702
1674,501618,501028,146,1010
2586,501745,500601,127,380
17895,501553,501862,131,728
6519,500733,501270,30,85
26034,501572,501036,127,271
22389,501233,501676,79,266
26124,501438,501196,58,64
7293,501573,501316,130,533
23293,500673,500905,112,184
9516,501404,500384,122,441
14963,501830,500013,77,846
28586,500298,501290,173,396
14882,501098,501210,132,409
1367,500503,501436,90,265
25170,501888,501400,161,430
5536,500926,501826,121,374
11566,500819,500553,149,261
18386,501912,501981,161,559
29277,501246,500758,5,97
21374,501028,501818,171,495
22576,501238,500039,160,332
23700,501960,500128,49,63
14176,500629,500256,186,493
22059,500116,501063,155,297
22776,500124,501980,111,291
4387,501169,500726,198,863
2122,501608,500032,31,125
17809,501499,500488,17,79
16678,500880,500754,193,440
19131,500980,501618,136,468
13719,501991,500344,110,514
25602,500925,501712,137,237
9781,500267,501530,111,206
29903,501029,500280,144,365
613,500817,501843,207,660
14254,500029,501861,141,283
29250,500567,500548,90,605
13109,501899,500811,139,394
25831,501771,501095,8,91
12354,500161,501199,44,88
5125,500199,500231,32,146
29698,500434,500437,51,134
4107,500493,501529,87,288
22949,500427,501488,174,209
1129,501742,501814,70,229
22167,501920,501834,178,722
23300,501142,501989,147,391
28205,500166,500730,99,344
14338,501040,500978,156,292
15901,500885,501459,14,190
19256,501158,501110,31,174
26179,500966,500663,127,959
29367,500774,501595,100,609
6008,500554,501441,156,539
1598,500516,501724,204,645
18899,501782,500791,29,112
25297,500853,501965,32,87
9132,501079,501963,188,638
29959,500004,501768,47,305
6830,500953,500326,144,256
13753,501837,500156,128,388
2186,501715,500683,153,408
525,501677,501213,90,346
14453,500579,501364,180,908
18531,500440,500813,131,323
9711,500949,501303,126,272
14711,500125,500195,30,99
17570,501736,500095,158,379
20202,500749,500993,156,285
8472,500314,500222,121,739
19159,500444,501798,157,427
5823,500848,500095,50,135
6716,500325,500832,33,111
8695,500167,500862,136,203
16093,501561,501485,132,319
14137,501596,501941,137,634
25623,500385,500638,102,470
25581,501014,500208,138,411
1582,501062,501798,180,495
17056,501158,501775,136,714
21309,500971,500531,39,320
14420,501662,500193,142,478
27049,501886,500023,157,263
20031,501747,500645,144,299
26753,501130,501656,113,417
18376,501383,500571,156,680
2943,501340,501692,38,176
11717,501695,500722,42,310
27285,500701,501691,178,295
26528,500424,501136,149,448
9292,501553,500733,140,397
20515,500870,501141,141,107
22155,501016,501677,175,263
29285,500436,501994,45,278
4439,500804,500467,115,699
25877,500982,501076,143,196
7061,500958,501171,28,35
15222,501883,500498,143,353
17659,500670,501536,136,273
16539,500705,500681,197,871
16523,501721,500454,117,664
3847,500326,501025,117,375
11317,501464,500178,138,73
5260,501973,500875,50,102
16531,501722,501331,11,60
16034,500823,501821,34,127
13782,500006,501305,107,312
19260,501592,500517,167,187
11638,500811,500115,210,1177
3763,501697,501875,66,302
25635,501621,500073,1,84
25972,501356,501076,152,651
597,501879,500544,45,92
128,501761,500498,183,329
23014,500738,501527,73,304
17960,501163,501681,160,393
7490,501541,500737,188,422
9089,501261,501763,142,446
9719,501837,501398,76,537
12484,501737,501473,175,181
27302,501096,500939,153,559
18431,500605,501887,139,303
16887,500888,500561,1,76
2727,501547,501440,86,312
2179,500959,501055,194,733
28096,501383,500884,158,361
8306,500003,500736,23,107
29809,500780,500567,138,854
17281,500544,501929,157,507
14256,500814,501592,142,175
18688,500944,501016,136,233
2970,501787,500008,129,602
6989,500565,501820,76,395
18534,500919,501147,57,94
22464,501869,500355,38,145
19019,500844,500965,144,449
3084,501665,500803,39,182
10539,501445,500968,110,936
3861,501645,500416,150,369
18135,501663,500895,180,1353
5214,500255,501504,183,856
17107,501795,501203,28,137
17947,500457,501777,187,288
15980,501269,501728,160,474
18142,500267,502000,163,282
1146,500435,500300,140,181
17002,501275,501630,128,441
27736,501717,500967,22,124
27791,500760,501285,197,474
23818,500613,501529,120,422
1907,501233,501734,100,719
26217,500601,501152,116,519
7340,500071,501430,12,94
24404,501536,500835,131,132
1159,501240,500233,107,329
5859,500924,501060,150,393
25342,501735,500045,175,199
15314,501152,500322,53,142
5328,501128,500007,53,99
12541,501023,500691,85,328
27527,501467,501350,27,101
25675,501950,501491,32,56
15678,501473,500856,186,204
2279,500294,500345,184,246
24875,501034,500702,163,769
18743,500131,501687,151,546
22164,500190,501045,149,875
16974,500199,500513,110,817
25336,501869,501110,194,268
12940,500233,500056,115,540
22703,501808,501567,77,384
2166,500332,500897,145,434
8719,500456,501741,42,70
7515,501681,501117,221,487
16019,501103,501174,103,697
27391,500751,501628,89,1106
27054,500540,501609,131,749
2260,501756,501643,130,403
11169,501075,501990,182,394
25835,500261,501394,165,575
18402,501023,501575,180,189
16646,501200,500055,25,202
5814,500020,500625,86,359
17478,500305,500743,152,176
2711,501678,501985,166,541
14505,500013,501878,127,718
29371,500441,500616,38,153
4123,501612,501762,142,375
18457,500971,500269,119,360
15299,500757,501043,131,672
5969,500155,500936,148,384
23332,500176,500174,93,232
4646,500255,501895,179,516
19818,500614,501023,2,122
1747,501123,500950,37,113
14529,500735,501403,123,244
17558,501828,501430,132,487
20688,500896,501117,169,633
9472,501127,500308,34,64
23466,500542,500886,154,390
27455,501828,501838,29,172
9276,501054,500545,96,333
6505,500710,501663,164,288
8249,500574,501404,163,590
7895,500017,500197,15,67
25964,501872,501524,120,274
27410,500033,500379,61,45
7011,500342,501063,127,281
25404,500203,500433,175,913
10197,501787,501965,149,433
17842,501912,501022,102,472
3966,500814,501305,149,580
29012,501740,500530,141,476
1087,500189,500891,186,271
10603,500251,500100,124,614
26012,500904,501366,27,444
8898,501615,500279,118,538
11138,501453,500734,39,406
9311,500006,500211,166,224
18628,501619,501374,104,265
10596,501447,500708,41,73
23074,501180,501760,154,675
24916,500846,500299,151,743
13629,501778,500370,127,567
22441,500856,500444,176,602
16683,501706,500278,139,416
16952,500468,501133,127,284
9711,500949,501303,126,272
4217,501155,500299,111,839
17252,501762,500403,63,258
9464,500785,500462,138,437
1658,500888,501335,76,378
20227,501580,500206,129,438
21089,500167,500910,170,252
12567,501433,500197,144,232
13599,500797,501833,98,543
24306,501109,500949,43,192
23275,501228,500538,155,257
10786,500769,500184,52,133
4578,501934,500845,140,237
26795,501439,501494,144,302
18849,500294,501857,163,205
1871,501834,500460,125,309
4319,500239,501704,114,397
19617,500276,501411,45,195
19743,500522,500076,172,205
15594,500547,501581,106,355
21018,500324,500068,143,736
843,501482,501272,109,329
12529,501320,500360,147,717
6013,501430,500172,129,247
17196,501865,500300,176,522
24664,501728,500076,138,435
4371,501027,500655,128,649
28088,500003,501176,165,329
1512,501452,500140,166,214
29433,500227,500486,35,102
15846,501860,501616,113,229
18726,501385,500249,65,139
22280,501445,501701,24,102
20110,501611,501191,153,545
25690,500762,500848,120,462
20680,501623,500664,8,95
17656,501618,501036,115,441
2460,500049,500468,141,503
13396,501581,500040,32,100
2033,501828,501533,41,583
27565,501759,500140,161,420
1768,501327,501711,116,836
14358,500420,501382,175,480
8098,500616,500762,149,458
24442,501859,501941,122,791
6199,500042,500642,162,274
5335,501630,500066,96,572
24736,501575,500758,189,609
19897,500419,501666,133,550
19880,500898,501681,107,300
18684,501020,500546,176,316
5021,500735,501456,78,470
25151,501331,501177,183,474
8570,500154,501859,53,430
11268,500840,500912,105,209
9331,501777,501795,184,388
26647,501221,501222,167,435
2621,500039,500676,193,539
18406,900535,501657,159,348
24167,501445,500665,44,44
16582,500200,500287,133,179
17830,500241,500496,61,194
17370,501952,501128,108,631
29599,501640,501946,205,636
26780,500071,500105,148,544
28482,501652,500479,140,354
26207,500986,500953,42,138
25660,501847,501730,67,324
8288,501488,501427,15,223
20664,500923,500907,171,340
4109,500249,500443,42,47
12971,500166,500312,139,189
23260,501760,500031,158,513
17070,501340,500212,132,693
12410,500578,501146,161,659
14794,501327,501011,128,437
16734,501937,501822,9,192
23047,500657,501769,34,40
12295,500064,501410,87,747
13530,500914,501973,138,270
15765,500690,500952,138,344
24805,501273,501093,140,583
23001,500244,500484,124,647
27645,500873,501189,198,300
8499,500075,500873,141,669
8469,501173,500825,113,662
15757,501464,501652,196,722
17346,501330,501072,199,555
7569,501860,501273,110,243
22432,500432,500465,111,364
19796,501203,501404,119,322
13855,501638,501315,51,111
14995,501315,500931,171,570
14048,501488,500747,131,352
25732,500479,501381,167,2011
6527,501730,500968,146,163
23175,500633,500091,152,554
21730,500835,501440,132,552
24968,500481,501640,156,1135
3846,500857,501332,154,216
28962,902722,501149,147,247
20379,500164,501149,154,527
19514,501208,501723,115,297
2726,500365,501749,100,788
12494,500400,500631,23,142
27606,500971,500982,144,566
12412,500105,501644,124,368
14822,501561,501728,176,186
16597,500041,501561,151,655
1931,500752,501872,127,363
19659,501786,501395,153,561
10565,500046,501713,165,696
16753,500406,501077,19,142
13165,501395,500423,34,100
29117,500538,501272,187,587
13164,500990,500862,189,1064
23315,500332,500091,101,549
16718,501068,500155,122,126
17050,501537,501155,146,965
25551,501905,500250,149,274
17964,500800,500668,100,216
29306,500308,500322,152,353
2369,501737,500593,200,517
18903,500756,500066,181,703
21262,500526,500522,162,268
1248,501745,501709,26,120
26304,501122,500678,47,110
3345,500986,501270,89,271
17833,500019,501576,173,371
556,904156,501046,167,662
16598,500206,500087,108,764
11201,500938,501747,149,859
11583,500521,500099,178,251
20436,501796,501872,46,102
18549,501960,501607,179,203
7833,500545,501772,64,529
8868,501562,500401,86,488
10657,501975,500675,141,362
19313,501251,501191,133,257
24003,500783,501690,134,160
6946,501716,500726,161,567
25321,500689,501046,109,549
26384,501628,501210,27,172
7995,501792,500845,163,454
7620,500154,500405,102,289
8953,501998,501755,105,346
6094,500542,500844,170,744
15472,500632,500496,143,870
8343,501436,501578,135,834
9608,500613,501536,115,416
19680,500988,500960,145,221
5126,500367,500133,140,318
8636,501346,500023,163,352
23508,500777,500733,142,339
5854,501032,500784,167,157
16002,501355,501478,124,540
12520,500127,501667,136,638
19281,501670,500128,51,164
4881,501923,501114,103,442
17130,501130,501277,117,176
29773,500210,501043,113,497
8455,501433,500673,140,823
26461,500561,501029,127,361
18502,501114,500385,58,164
16968,501816,501469,239,698
8698,501767,501860,162,370
4145,500890,500392,50,26
22473,501288,501684,189,582
5480,500345,501109,154,1028
11093,500088,501333,182,239
29146,500459,501527,136,265
26706,500942,501981,126,323
15776,501192,501151,46,374
4129,500876,501726,9,90
24444,501152,501973,149,317
9660,501264,500669,127,253
28112,500128,501656,61,165
26712,501109,501814,141,568
19288,500873,501160,201,533
28833,501054,501616,152,375
15415,500039,500663,202,410
7532,500359,501012,171,630
2204,903944,501250,37,61
24922,500890,500777,171,210
19046,501277,500206,129,498
1055,500896,500904,147,180
29528,500431,501753,157,371
11316,500204,501325,104,941
22037,500121,501537,32,166
27192,501640,501081,80,328
1438,500183,501967,144,385
22863,501935,500644,28,121
63,500296,501002,178,297
23904,501470,500199,166,468
22488,501363,501213,39,62
7147,501331,501032,175,757
8987,500117,501932,171,648
26115,500037,500242,64,46
9604,501383,501071,143,404
15872,500185,500678,159,939
9766,501023,501990,110,265
25768,501148,500734,148,365
4551,501721,500365,106,600
16072,501767,500850,7,79
17301,501674,501731,45,111
22109,501313,500904,65,277
20215,904682,501460,11,62
4382,500991,500902,160,461
10602,500577,500708,27,109
18412,500759,501797,28,136
22632,501872,501036,160,870
15616,501781,501656,122,282
8705,501684,500625,109,468
20988,500770,501883,125,694
24734,500597,500556,215,178
12598,500547,500251,114,435
20929,500579,500267,191,629
11670,501502,501316,37,147
2693,500239,501620,124,455
11037,500513,500167,157,451
28475,501465,500877,111,319
8193,501033,500003,50,302
27254,501238,501007,134,370
13417,501857,500084,184,620
7463,501768,500057,135,195
19121,501858,500374,123,519
27636,500496,501490,99,702
632,501965,500176,71,554
23824,500448,501913,0,37
1169,500280,501285,133,284
14393,501280,500587,150,492
13031,501211,500413,166,599
23057,500678,501394,178,341
6433,501574,501234,129,843
19022,500947,500523,163,487
16575,500766,500240,24,220
9948,500253,501215,72,314
22619,501429,501372,132,241
22259,501290,500503,174,1002
9631,501353,501831,178,258
19128,500540,500184,122,239
15093,500513,500613,72,80
18268,501499,500276,53,146
8426,500663,500174,135,694
4416,500087,501657,175,220
12430,501485,500608,147,225
7078,500840,501952,185,467
11478,501513,500198,75,680
26447,501870,500198,105,201
25385,500115,501875,179,521
15071,904204,500722,21,506
10477,500706,500824,39,174
24149,500923,501897,41,154
14426,501627,500799,155,179
24370,500054,500099,148,465
27158,501968,500866,27,157
27098,500616,501617,127,150
19277,501577,501946,186,412
3839,501328,500987,128,376
23634,501674,500988,195,587
18216,500898,500915,122,536
4733,500059,500331,146,506
21347,501340,501340,53,227
13285,501750,500646,172,567
4062,501634,500373,40,268
23016,501350,500633,197,317
29096,500911,500599,141,208
8131,501852,501887,121,205
19727,500210,501728,192,265
4714,500528,500930,157,160
1467,501695,500253,134,408
19164,501806,501926,127,872
4372,501726,500668,160,348
8843,500513,500935,112,394
9665,501220,501045,91,431
10637,500253,501825,130,347
19301,500867,500217,122,550
9257,501763,501173,136,438
5275,501643,501407,154,230
4433,500178,500747,149,412
547,501663,500597,119,668
15316,501907,501027,70,417
11088,500758,501431,131,474
3362,501336,500601,154,311
26104,501109,500830,183,263
17986,501661,501457,124,838
17095,501314,501541,114,449
19983,500543,501520,106,195
3263,501323,500808,185,149
22804,501858,501051,122,441
5051,501679,500033,103,390
7386,500174,500420,100,168
17887,501234,500776,153,425
2651,500871,501677,155,168
9417,500151,501925,158,287
10277,500468,501425,108,855
8361,500909,500759,117,256
8611,501332,500890,76,275
1233,501518,501952,135,695
8965,500139,501334,87,630
26731,501194,500888,104,339
8409,500703,501192,6,202
28583,501839,500360,155,242
24119,501368,500980,170,479
14416,501833,500783,221,493
24255,500460,500215,168,312
7550,501529,501291,149,353
13492,500037,501781,152,732
6695,500045,500006,189,134
10189,501969,501881,132,1568
25678,501157,500997,172,868
21861,500627,500370,164,206
5919,501676,500672,143,266
25986,501912,501844,175,517
11307,501562,500932,143,666
9303,501721,500447,94,269
19162,501128,501427,28,68
70,500842,501561,126,370
1391,500084,501383,159,1032
19056,501968,501866,187,870
11576,500503,501792,78,198
23579,500079,501094,117,363
21310,501429,501741,127,380
3245,500542,500895,166,617
13972,500312,501691,146,886
24285,500095,501917,134,327
21848,500893,500972,166,464
27667,501215,501503,169,658
29622,501015,501980,130,352
12140,501509,500189,46,100
10694,500346,500131,138,249
14961,500018,501119,143,263
1217,500323,500882,48,704
9015,500681,501531,165,163
23632,500988,500167,103,460
20802,500675,500637,137,624
4739,500759,501562,122,304
23406,900080,500203,190,236
16189,500926,501226,112,270
19510,501567,500013,111,332
20851,500685,501509,133,814
29723,501014,500986,168,832
10460,501686,500371,132,389
27621,501880,501591,128,512
28189,500162,500578,139,562
29987,501584,500520,204,373
28689,501163,500183,211,213
20366,500167,501523,27,81
8238,500969,500578,73,62
20143,500134,501530,107,298
101,902151,500216,37,255
5010,501627,500926,162,378
5177,500255,501488,186,300
25098,501764,501527,154,429
19701,501393,501220,125,815
22130,500176,500465,165,805
20516,500295,501843,133,296
3623,501268,500395,167,862
23991,501644,501461,30,329
834,501066,501129,66,52
5790,501316,500812,88,280
5263,501189,501935,33,63
554,501358,501730,177,234
29462,501986,500495,144,274
10179,500197,501045,44,153
5848,500804,500751,139,456
21379,500197,501109,169,218
3854,500100,500783,150,464
3981,500302,500615,84,421
12979,501578,501996,122,504
628,500011,500119,43,180
26985,501108,500368,158,530
3390,500931,500155,134,305
24476,501512,500527,139,603
1393,500760,501829,32,98
28127,500667,501793,118,551
653,501063,500228,9,98
23687,500497,500774,155,785
27272,501391,501388,0,127
21830,500687,501737,127,528
18036,501020,500297,168,436
8253,501683,500116,135,404
14053,500576,500433,125,482
9664,501834,501304,144,534
6286,501798,500599,26,42
4461,500908,500687,162,255
26330,500916,500261,156,238
16730,501103,500846,169,875
24770,501099,500237,136,402
24810,501693,501706,158,565
21674,501185,500905,163,257
8329,501525,500533,91,533
17760,500811,501014,172,621
25664,500249,500754,43,101
22239,500746,501583,108,243
15800,500797,500714,158,788
7018,500702,501078,121,443
28128,501305,500570,77,204
26313,500386,501328,132,356
19856,501467,501685,119,140
14738,500279,501662,199,358
2205,501893,501909,23,85
5415,501107,500004,60,106
401,500716,500716,145,973
718,501157,501332,70,964
2707,500721,500479,132,490
19168,501070,500381,98,463
26775,501841,500720,0,118
24336,501589,500083,29,144
9791,501023,501114,199,273
4914,501116,500311,59,70
20225,501293,501080,106,276
26787,501695,500071,143,255
10549,501843,501034,168,625
27280,500370,501857,123,258
26997,500893,501761,16,153
3050,501967,501663,126,626
3617,501119,501117,127,620
11191,501723,500387,134,238
26052,500438,501271,136,150
17814,501170,501616,153,386
25078,500856,500911,156,402
26028,501858,500601,154,253
24458,501232,500381,215,389
1750,500059,501884,96,351
572,501663,501334,86,267
6807,501133,500088,177,505
21455,500808,500869,44,98
23686,500659,500299,102,832
14180,500550,501619,137,706
6226,501376,501492,130,348
22250,501440,500116,84,380
28261,500164,501565,67,214
19633,500548,500557,40,51
28562,501812,501534,44,69
14933,501152,500491,174,554
19884,501697,501615,46,56
25186,501562,500321,120,437
8456,501520,500419,30,114
5000,501358,501628,96,174
24391,501652,501458,132,315
24405,500423,500886,201,244
13393,500323,501357,132,474
6836,500440,500982,234,269
2708,500666,500561,49,112
21972,500487,500019,93,276
1778,501439,501811,40,70
4108,501616,500532,69,531
12952,501457,500001,101,141
5550,500344,500685,126,716
17921,501865,500199,142,526
15528,500699,501067,34,131
8328,500090,500562,160,276
24568,501980,501356,155,1022
22877,501934,500891,140,197
8030,501148,501830,146,306
5291,501189,501270,160,813
21144,501916,501989,186,354
22594,501627,500193,134,346
4266,501786,501519,121,438
11046,500265,500354,185,520
12509,500981,501526,145,456
4801,500400,501652,100,179
26547,500930,500566,34,141
14924,501823,500737,6,291
13958,501982,500472,133,201
25962,500131,501737,209,193
13632,500732,500348,45,116
3684,500251,500839,175,889
7291,501670,500219,178,370
2783,500086,500672,161,582
7642,501393,501675,24,297
19142,500361,501459,8,133
3939,500979,500141,47,88
20889,500581,501036,150,213
6637,501249,500454,130,310
8879,500974,501149,85,316
15250,501780,501327,73,152
12744,500128,500068,162,372
12203,501063,501657,113,302
10675,500586,500814,92,385
20395,500578,501113,116,645
13037,501063,501212,92,362
28743,501525,501881,149,1038
24027,500839,500883,1,102
21676,500771,500261,171,353
27136,500996,501866,143,1105
20470,500302,500440,130,700
18677,501574,501043,107,273
9920,501904,500816,77,317
9916,500415,500728,43,140
29787,500390,501802,112,399
19681,904319,501460,162,175
20727,500545,501762,155,727
26649,501530,501876,28,114
28794,501327,501336,99,971
3679,501259,501231,116,485
13605,500988,501640,96,317
24740,500160,500199,155,323
27393,501775,501162,112,996
3483,500654,501588,120,374
4734,501450,501658,168,984
23088,501271,501855,29,63
22573,500895,501389,18,171
9392,500987,501070,140,153
4756,501465,501912,114,276
17479,500462,500846,154,230
22610,501064,501631,27,66
27607,501273,500548,129,522
20882,501934,500532,134,738
8848,501034,500126,137,520
18301,501919,501869,113,372
8016,501582,500721,128,513
25286,500048,500399,59,108
4119,501395,500915,197,271
20391,500939,500786,135,236
20940,500621,500876,143,305
15354,501158,500777,119,475
10829,500610,500006,135,454
7710,501696,500971,48,108
6613,500586,501855,81,232
9590,501278,500171,39,90
11179,500517,500908,182,534
10989,501333,501409,128,266
8022,501058,500432,131,337
25592,501269,501952,37,126
21412,501592,500415,163,268
27810,500911,501394,188,522
9405,501833,500117,127,725
1619,501344,501023,140,165
11632,501166,501273,155,268
5681,902313,500698,38,81
11878,501092,500039,183,254
20440,501069,500373,111,258
23779,500546,501135,153,334
6436,501016,501534,95,393
19254,500104,501781,166,472
20808,501023,501762,21,136
22286,501491,501333,27,261
18478,501760,500787,90,245
9267,501336,500687,138,154
17899,500584,501606,181,299
10017,501525,500277,15,104
27581,501045,501681,98,1265
29842,501677,501204,86,340
7918,501139,500041,213,717
11252,501968,500799,146,995
29473,500105,501782,168,422
9488,501386,500321,97,496
3279,501968,500996,176,836
14902,501007,501519,148,556
7383,500010,500640,151,301
12224,501627,501820,164,401
1813,500524,501678,131,454
6889,501531,501711,143,311
18071,500203,500950,123,1533
6029,501285,501212,139,234
11078,501133,500280,128,421
4001,501099,501490,123,441
27397,501606,500268,126,174
15650,501328,500597,153,312
2780,501527,501373,177,292
4656,500858,501575,71,461
3930,500114,501386,163,497
4711,500968,501141,168,891
18748,500087,500086,172,345
13383,500837,500615,96,275
25430,500299,501563,175,360
2888,500109,501752,176,697
8814,501408,501350,46,86
27263,501940,500213,28,174
22306,501290,501333,213,228
3191,500365,501145,155,599
9210,501295,501606,198,191
23048,500709,500675,121,475
10936,500314,501948,52,278
2614,501054,500442,207,368
8043,501452,500192,144,379
9374,501310,501345,123,302
5803,501016,500965,180,224
3954,501681,501631,176,377
21896,501636,501225,209,210
23749,501682,500758,188,237
8850,500919,501850,204,450
19708,500207,500321,170,929
27074,501945,501374,178,232
6465,501240,501135,95,398
9809,501798,500658,150,847
5215,501772,500662,225,304
23913,501028,500200,16,61
25214,501615,501274,143,347
14041,501247,501394,155,347
22795,500999,501261,150,289
3421,501322,500642,142,331
8317,501828,501828,46,48
17484,500071,501270,125,1304
7623,501512,500900,168,382
24606,500792,500731,203,295
4394,500257,500774,110,503
8564,501701,501658,93,466
6973,501608,500606,193,341
2735,500859,501799,42,77
9398,500543,501288,101,213
5686,501766,501632,29,119
9190,500145,501519,192,316
28437,500709,500697,11,139
6494,500668,500978,119,291
10077,500232,500900,145,728
1844,500145,500266,184,436
5675,500734,501019,25,188
4063,501011,501191,141,440
10824,501663,500149,155,559
22031,500628,501858,120,285
2748,501793,501453,149,514
22350,501163,501889,47,65
22129,500722,501968,125,426
16462,500750,501463,117,294
5664,500628,501131,36,189
10483,501524,501658,51,128
8860,500386,501861,145,231
20855,500115,501246,47,84
21534,501007,501911,144,291
18038,500478,501060,107,455
9793,501568,501038,98,1120
25742,500579,500454,162,995
11385,501607,501423,99,265
26183,501747,501079,43,105
3951,501843,501207,51,562
19788,500989,501143,183,232
11519,501033,500305,34,173
8408,501820,500154,139,468
21943,500391,501030,72,60
17490,501572,500816,136,666
24344,501775,501564,123,678
7114,501031,500890,190,721
27589,501014,500237,192,387
18829,501844,501075,132,661
18775,500037,501041,202,345
24211,501130,500104,109,793
15235,501370,501485,142,646
4162,501075,501246,162,270
23335,501736,501506,150,214
18933,500026,500900,123,243
12904,501503,500304,137,414
5653,500806,500154,141,141
22518,501618,501060,160,418
19229,500570,501199,151,582
531,501541,500088,116,490
17550,501409,501052,136,372
22628,500845,501814,84,436
7415,500253,500214,184,417
12553,501878,500673,224,368
9687,500538,500163,38,147
5385,501952,500714,126,202
10553,501320,500547,173,614
16919,500120,501112,170,548
14641,500401,501166,130,370
27197,501589,500445,47,55
24999,501643,501553,69,358
9956,501432,500877,199,324
102,501469,500181,36,154
5841,500368,500816,160,325
5799,501280,500074,132,539
6159,501059,500731,154,1075
17523,500891,500904,197,890
13622,500385,501991,153,374
8646,500158,500359,100,850
29018,501872,501552,6,174
22396,501960,501901,35,230
20112,500307,501475,0,201
975,500491,500519,115,264
18613,501523,501293,98,1153
7026,501058,501931,214,263
4122,501976,501273,54,114
27967,500368,500942,154,305
15284,500087,501191,113,208
14397,902797,500610,173,489
11224,501414,501990,148,109
1790,500470,501295,155,367
23523,501084,500779,148,301
7855,500367,500059,201,700
8557,501439,500100,117,226
5765,501616,500730,183,569
87,501403,500177,102,409
12655,500722,501526,174,393
7062,501468,501116,19,114
9528,501041,500202,97,295
13270,500675,501159,152,393
10184,500003,501982,111,517
21930,501110,501266,137,381
26729,501682,501764,91,369
22847,500018,500675,126,855
25744,501274,501373,27,155
6388,501314,500291,18,131
19085,501615,500070,197,585
13366,500669,501169,184,394
21041,500100,500117,166,218
9493,500782,500039,107,524
23029,500661,500691,85,733
2659,500715,500310,61,125
27928,501121,501504,119,456
8825,500402,500786,123,510
19023,500567,500395,110,454
29386,501483,501362,170,354
737,501645,501103,111,636
14754,501452,501727,141,992
14648,501251,501045,131,320
9067,500402,501113,169,518
24955,500790,501226,169,409
16760,501468,501808,77,248
17273,500544,501991,129,700
6573,500950,500858,87,564
18263,501363,501361,44,448
20575,501023,500203,140,289
2677,501787,501085,167,456
19239,501249,500039,117,343
19949,500363,500057,233,523
24305,500496,500004,175,555
3161,501763,501585,183,1320
19095,500236,500680,155,880
13060,500885,500464,122,484
4829,500914,500528,139,422
8158,500379,500667,0,116
19037,500023,500312,167,141
28477,501300,501591,69,349
1737,500344,500275,49,179
8519,501048,500297,66,335
5108,501607,501080,140,300
11381,500970,500497,99,896
5613,501547,500998,101,373
6152,500676,500814,96,405
10352,500908,500561,153,520
12298,500720,501495,122,189
21299,500980,501116,55,160
29994,501311,501894,110,290
21868,501733,501969,36,137
26390,500728,500830,160,499
8775,500593,500556,167,157
3083,501225,501386,125,324
3331,500691,501818,3,225
26667,500529,501750,163,423
27686,501311,500192,106,486
11990,500034,500871,192,329
7842,501198,500066,124,167
11065,501088,501697,110,187
11112,501158,500405,148,270
16842,501362,500907,229,661
19005,501837,500100,133,440
11240,500947,500192,99,249
21090,500002,501730,149,1133
19063,500608,501216,20,82
28931,501367,500848,147,374
7150,500029,501418,126,140
12937,500490,500981,56,85
916,501635,500857,145,640
7042,501177,501787,200,540
27613,501618,501068,125,530
2045,500950,500753,24,185
8573,500087,501206,182,448
11218,501346,500535,140,715
25959,501564,501968,123,175
7946,501160,501468,113,593
19555,501024,500912,130,249
17073,500176,501670,164,149
28420,501413,500385,140,588
22025,501704,501014,174,309
14335,501185,500605,179,470
12601,500093,500099,112,235
17704,501744,501271,138,331
1821,500885,500671,150,248
14501,500492,500127,88,518
28646,501259,500156,152,258
12527,501288,500265,147,264
2892,501727,501406,157,533
8859,500898,501121,160,591
746,500077,501458,175,274
7029,500380,501244,97,282
26861,501036,500878,97,496
18404,501145,500530,139,113
20299,501832,500753,34,320
19859,501778,500105,151,545
23027,501567,500068,48,966
20849,500440,501259,22,75
28670,500036,500365,94,592
3292,500135,500518,167,424
14681,501491,500731,111,492
1471,501370,501057,175,433
7951,501600,500023,145,468
29465,501694,501007,184,354
25578,500710,501178,99,939
23860,500673,500847,134,565
7327,500420,501660,146,447
9085,500091,500900,178,834
7056,500467,501716,86,359
22138,500512,501574,26,141
11277,500420,500636,32,445
12517,501149,501088,57,71
18896,500573,501084,33,335
21376,501487,500780,135,743
22184,501677,500937,171,156
10173,501294,501333,15,140
6394,501027,501247,163,832
1349,501612,501456,144,804
9585,500516,501860,47,94
19114,501533,501828,152,714
22408,501350,500725,161,226
3073,501073,501919,153,504
642,500410,501752,51,94
8684,501490,501492,127,322
26773,500706,501227,125,215
8454,501328,500045,159,700
3477,500932,501052,182,398
25944,501595,501399,36,797
9046,500982,500524,111,825
2786,501656,501820,124,693
5447,500679,501224,157,764
22728,500886,501905,17,124
6731,501370,500960,133,251
11242,501215,500806,165,401
17088,500844,501141,138,500
18901,500413,500206,182,355
16687,500716,500117,91,74
8692,501598,501323,122,292
26516,501562,500939,99,310
13174,501232,500527,100,256
3676,500627,500121,59,420
29212,501761,500759,149,327
20706,501142,500194,49,72
15374,500615,500405,40,261
92,500414,500888,213,517
12190,501098,501208,120,426
27609,501949,500284,17,174
4615,500065,501233,123,484
18250,500705,501436,110,589
16477,501310,500735,119,400
7132,501784,500697,105,174
6639,500461,500550,101,162
29898,500373,500162,148,222
29644,501674,500825,152,466
21428,500523,501552,145,418
9813,501802,501833,125,328
21416,500779,500678,178,369
16825,500117,500184,165,875
12883,501541,500054,97,212
5181,500457,500751,169,260
1716,501810,500281,137,441
20050,500605,501652,162,686
21247,500268,501206,227,309
27224,500022,501017,152,263
19957,501045,501529,198,587
17848,501011,500990,144,289
24107,500876,500179,137,397
14712,500949,500749,177,536
19124,501716,501881,188,460
1970,501587,501161,69,270
25697,500461,500681,73,666
3111,500722,501545,56,440
9468,501370,500661,108,277
22688,500923,500729,86,316
19157,500792,501114,57,497
29958,501122,500252,225,304
15000,501754,501778,121,199
11616,500503,501888,186,429
6792,500900,501364,122,246
20433,500681,501685,111,580
5014,500747,500056,174,108
19600,500041,501024,158,464
36,501090,500953,43,66
27652,904160,500244,144,587
13816,500669,500762,181,391
7214,500910,500888,171,414
28201,500003,500905,159,225
25600,900386,500696,167,410
138,500996,501362,94,187
18975,500909,500765,199,157
9739,501596,500042,135,615
19518,501141,501198,159,413
29206,500029,500208,112,765
20002,500091,500344,10,95
20541,500995,501207,34,133
2603,500114,501043,135,492
19294,501221,501221,62,89
5836,501630,500360,151,274
9426,501163,500022,103,576
12784,500065,500680,150,545
1432,501446,501589,50,143
185,501609,500805,171,1254
18248,501904,500327,175,623
8731,501428,501431,113,219
21630,501923,501214,184,529
10348,501193,501326,98,659
1059,500193,500087,132,273
24895,501525,500988,135,409
29116,500615,500576,146,382
6145,500848,501573,98,335
26495,500627,501458,140,248
16665,501716,501953,39,88
7909,500648,500340,0,288
16827,501525,501423,149,284
25127,500365,500133,140,601
6114,501082,500735,182,153
2217,500090,501340,125,1078
1868,500139,501332,135,471
11824,501711,500808,86,594
18055,501575,501726,143,1300
23402,500203,501965,77,678
21766,500202,501711,249,420
8527,501694,500544,178,377
11778,500222,500785,161,289
5586,500646,501578,18,159
2354,501798,501525,165,210
24505,500562,500998,140,348
3917,501330,501080,191,732
12711,501566,501252,51,96
21506,500831,500792,192,258
21269,500899,502000,126,511
12046,500737,501240,121,229
16898,500899,500785,125,1137
4011,500155,500422,96,458
10973,501176,501346,141,258
7589,501460,501228,181,583
13747,500101,500650,69,547
13,501246,500701,104,403
13130,500218,501780,94,109
21444,500908,500091,85,77
3983,500440,500008,180,378
5488,500813,501916,84,259
16041,500552,500571,9,75
17398,500925,501358,36,230
15436,501305,501469,147,384
666,500711,500354,174,328
13470,500756,500742,40,338
19442,501323,501931,158,419
21318,500427,500645,166,703
11921,501503,501025,174,521
6460,500249,500752,153,537
28658,500480,500244,147,916
16627,500212,501055,158,251
3998,500712,501697,155,340
7244,501029,501088,147,319
1957,501814,500954,103,385
9636,500837,500866,57,111
10870,500797,501679,165,940
2269,501712,501207,93,905
3754,500468,501663,57,319
5173,501103,501217,36,104
26434,501261,500295,235,717
14875,501571,500366,183,199
11735,501581,500962,147,313
9380,501119,500371,124,385
24558,500709,500522,135,501
15128,500527,501022,105,793
6053,501926,500538,188,568
13970,501304,500071,138,335
6903,500381,501382,190,323
19399,501620,500370,135,710
5041,500547,500790,139,475
10499,501171,501606,141,528
27790,500726,500248,120,540
10543,500899,500559,218,635
14498,501290,501660,108,740
9025,500151,501941,145,416
24813,501697,501068,123,328
992,500338,501203,83,484
26411,501394,501923,107,644
1911,500481,501092,154,893
10668,500787,501743,170,213
3042,501300,501685,158,227
13286,501512,500941,156,441
285,500804,501959,28,193
24726,501478,501607,93,550
27526,500363,501050,111,757
24724,501703,500022,125,569
13087,501674,501920,153,292
27463,501816,501237,159,747
1622,501443,500565,155,331
18554,501254,500950,29,248
15817,500219,500987,181,597
6508,501338,500920,122,651
25763,500466,501860,159,369
28051,500219,500467,84,514
6481,501015,500846,147,435
1951,501431,501749,155,465
3109,501852,501743,169,571
14637,500342,500530,163,184
11322,501895,501857,151,418
254,500733,500416,179,180
21639,500515,501110,185,507
9246,501387,500003,106,536
13717,500645,500492,151,505
17875,501142,500451,190,336
6235,500645,501202,42,61
9371,501643,501280,33,85
364,500395,500970,113,966
23,501409,500721,146,404
23121,500032,501351,31,217
24212,501226,501118,132,494
11578,501448,501303,123,493
27629,501430,501330,150,328
22753,500710,501533,122,520
28271,501236,501436,134,312
7674,500444,500080,134,365
11629,501192,500597,76,202
25366,500298,500470,117,345
6898,500723,500185,164,373
7183,500846,500071,160,401
15763,500421,501360,35,85
14165,501785,501059,181,277
4274,501887,501631,177,383
23095,500668,500006,136,411
4220,500057,500441,108,370
1311,500391,500332,138,428
22788,500760,501518,148,311
6447,500920,501658,114,177
21544,500668,500390,127,502
16006,500691,500023,139,508
3580,501114,500346,116,649
23084,501076,500800,186,315
19349,500650,501988,30,156
1532,501700,501980,92,876
11581,500444,501178,133,355
5779,501137,501048,39,164
21238,501662,500145,109,154
3797,501201,500947,184,634
14007,501754,500166,116,262
2002,500564,501403,167,178
25365,500840,500281,86,606
6924,500465,500201,117,542
24293,501958,500031,32,136
945,500006,500304,203,242
18434,500838,500431,137,498
13155,500667,501600,174,169
27509,501335,501561,154,336
8777,500300,501439,100,668
2924,500193,500296,100,1083
21168,500720,501916,128,524
17433,501413,501207,146,786
18788,500154,500468,156,416
24947,500462,500329,59,160
18298,500533,500805,157,620
2226,501494,501306,55,202
9856,501884,501304,103,447
7307,501584,500583,160,414
11826,501382,501121,41,199
9387,500262,501024,142,612
18985,501372,501997,114,512
23853,500542,500597,72,64
7475,500420,501147,170,180
13259,501152,500601,167,393
8729,501169,500565,40,145
27966,501525,500877,167,315
16081,500877,501176,59,146
27157,501272,500380,167,452
6442,500023,501214,144,208
21728,500934,500284,139,441
11697,501438,500295,24,408
21232,501532,500882,196,543
21646,500954,501344,54,81
27248,501368,501134,133,966
1096,500467,501381,139,503
21940,500239,501808,170,523
14231,500173,500918,9,96
20262,501403,500912,129,182
8807,500922,500318,130,353
7276,501478,501418,152,752
4735,500704,501112,122,679
1445,501479,501199,126,339
10633,500513,500405,111,440
10933,500695,500381,34,41
518,500572,501916,84,382
15562,501601,501530,108,639
3484,500636,500149,119,159
12594,500149,501194,132,290
13529,501328,501270,168,413
9135,900971,501351,13,181
22649,500653,500898,154,307
5843,500844,501602,44,114
10631,501968,500790,157,367
28198,501215,500493,202,839
18848,501033,501749,30,158
14153,500438,500071,20,136
8806,501103,501148,167,542
12845,501638,501588,118,234
19048,500650,500088,95,256
19286,501255,500308,78,245
8795,500022,500405,157,209
24431,500449,500912,123,183
17021,500994,500934,169,766
12832,501804,501899,173,619
13890,500872,501688,20,97
10521,501300,500528,192,190
28959,500900,501588,177,228
8736,501905,500920,129,377
10285,501270,500554,167,341
24112,500884,501777,42,55
18817,501346,500668,130,527
27115,501810,501212,119,405
14385,501277,501011,116,571
13386,501804,501258,35,94
16327,501562,500655,74,461
9635,501379,501735,123,744
25453,501644,501834,167,367
9721,501307,501758,168,147
16951,500527,501839,170,1024
28072,500777,500266,148,594
9042,500252,501495,167,448
10591,501926,501643,150,241
29539,500222,501414,31,79
15709,500034,500472,126,308
27932,501734,500344,80,446
4314,500890,501160,172,836
27770,501332,501093,122,425
15708,500531,501135,103,169
26248,500025,501273,120,314
14257,501258,500577,60,362
24952,501606,500771,97,515
6754,501031,501715,100,158
12177,500360,500518,24,63
10911,501221,501996,106,227
22173,500013,501105,150,245
311,501781,501313,32,60
4477,501986,501684,183,997
26341,501310,501447,31,211
9117,501356,500515,168,318
9720,500167,501195,210,467
13212,500638,500686,11,76
20530,500225,500615,154,313
7736,500002,500054,159,456
24361,501062,501751,98,729
1963,500531,500566,177,205
18589,500391,500914,116,412
1165,501511,500962,118,442
20873,501704,500127,107,419
21015,500139,501056,103,208
1928,500824,500854,150,362
20630,500667,500342,210,379
559,500338,500259,6,224
4482,501045,500197,86,729
13146,501358,501815,96,740
13498,500974,500112,204,212
14038,500550,501518,124,454
2979,501159,501012,95,215
27864,501620,500895,145,350
17859,500697,500257,116,312
15893,501080,500295,92,226
6311,501324,500287,91,451
4238,500559,501689,134,792
19148,500497,500527,198,363
8742,500276,501442,19,226
20240,501907,501305,100,425
2214,501232,501465,210,395
23265,500639,501120,167,972
28752,500200,500954,152,183
12461,501056,501922,129,280
12058,500167,501302,130,1371
24735,501964,501864,168,549
7594,500873,501526,102,715
21921,501144,500523,104,735
17221,501374,501346,55,379
24220,501918,500535,192,194
7912,501577,501309,138,390
2680,501180,501295,86,262
4849,501770,501326,20,303
29608,501693,501012,139,246
6261,500790,501696,119,871
1114,501357,500084,106,364
26606,501341,500342,79,198
24834,501889,501440,99,402
10443,501445,501608,171,632
7344,500039,501889,149,319
20102,500654,501460,128,620
26834,501505,501395,90,827
12614,501238,501964,129,514
12047,501346,501654,166,1048
9362,501110,501217,115,301
2723,501302,500663,156,234
23611,501356,500154,120,443
11947,500690,501963,112,248
22283,501750,501295,157,564
13674,500323,501128,88,365
5594,500116,501809,65,46
19412,501352,501007,34,60
1173,501153,501583,122,375
25889,902494,501170,155,271
15972,500555,501973,25,75
29595,501184,500718,177,333
28980,500421,500265,10,112
7587,501792,500302,129,283
28249,500127,500454,131,234
2483,500002,500126,133,276
29199,501109,500444,175,798
20273,501409,500173,206,361
23463,500899,500561,235,311
17197,501285,501904,102,575
27761,501941,501567,133,156
27541,500195,500040,23,206
2758,501291,500208,109,132
15029,501886,500154,122,303
14598,500972,501153,131,807
17368,501042,500957,42,222
9640,501191,501362,128,355
20332,501494,501711,124,796
27339,500368,501037,140,240
9154,501362,501272,96,311
17598,501782,500965,178,558
24264,501038,500153,148,326
8511,501414,500585,26,135
25211,501439,500168,46,83
17059,501142,501034,134,310
11777,500701,500088,149,171
21735,501920,500453,61,725
8215,500814,500624,128,316
5959,501643,500460,158,550
15931,501825,501825,127,262
26194,500643,500200,47,148
22897,501605,501627,151,757
8117,500880,500326,93,379
18105,501034,501581,153,706
26748,500005,500202,171,216
11165,500965,500795,169,295
20466,500734,501145,145,195
12129,500193,500515,95,303
28870,501204,501923,167,218
8537,500953,500199,106,1211
14577,500466,501520,125,652
25444,501518,501469,111,715
15133,501808,501552,186,409
27419,500481,501121,157,384
9348,501904,501977,34,57
512,501266,500990,197,272
10026,501340,500714,131,278
27726,501979,500405,41,133
4306,501848,500387,99,508
3959,501630,501432,163,355
15857,500487,501101,9,165
6748,501767,500811,166,245
10415,500050,501437,30,149
24475,500472,501307,151,561
3969,501022,500804,156,462
9245,501136,500118,14,103
11157,500003,500172,166,375
24948,501661,501221,197,384
13940,500162,501358,152,345
26496,501311,501274,128,368
4625,500003,501677,155,215
27899,500065,501739,92,422
8114,500680,500282,156,366
2678,501721,500275,48,65
6941,501900,501428,27,654
5303,501383,501171,141,523
1378,500661,500435,139,250
16737,501866,501161,165,352
28236,501703,501307,150,553
11403,500837,500399,140,143
23809,500315,500519,23,152
14067,500084,500435,123,487
22496,501023,500003,26,259
12200,501969,500806,34,239
5672,500238,501259,181,558
23025,500342,500989,124,236
9431,500461,500387,144,755
2272,501583,501691,121,284
23384,501591,501368,152,1120
12160,500759,500225,190,452
29435,500857,500890,158,294
15741,500442,501047,31,144
25692,500007,500885,199,378
27159,501083,501362,41,105
8033,500465,500716,210,150
2820,501117,501308,110,427
12328,500560,500982,34,129
4208,501519,501772,155,320
21056,500616,501108,161,296
28543,501537,501901,174,387
8084,500166,501577,18,120
4257,501302,501574,70,768
3315,500249,501535,188,535
18429,500978,500007,183,228
3946,501929,500346,89,261
24808,501760,501562,179,275
10622,500431,500473,164,858
17826,500981,500783,124,424
17660,501413,500519,21,123
3096,501510,501564,28,103
23299,501561,501820,160,219
18686,500334,500153,161,265
3793,500978,500110,158,797
12264,501490,501325,116,301
15044,500931,500308,194,576
20312,501787,500824,157,502
1379,500799,501102,51,90
11565,501757,500814,43,106
23186,904078,501006,188,458
15131,500331,500908,202,392
2430,500952,501506,162,497
9991,500934,500291,167,443
8546,501118,501724,148,425
7102,501496,501126,46,105
4835,500657,501139,155,263
8600,500284,501383,178,279
25390,501828,500543,17,76
21643,501084,500131,114,324
24449,501393,501224,40,74
13209,500086,501357,93,246
13372,500128,501406,188,473
12221,501219,501628,192,333
1052,501517,500395,125,259
12277,500633,500996,93,197
11092,500800,501517,146,285
5601,500287,501595,109,273
6558,500416,501264,130,422
17927,501048,501506,74,263
7124,500663,501314,79,191
8744,500207,500728,81,629
29549,501125,501956,82,473
18173,500210,500134,205,681
19834,500780,500902,166,292
9970,501570,501070,185,278
4429,501173,501846,47,181
16788,500395,500279,134,196
821,500318,501694,172,426
23664,500268,500127,106,388
29618,501158,500101,135,532
7248,501575,500548,11,111
3198,500650,501034,136,517
21737,501431,501070,171,421
9707,501628,501553,106,438
19526,500679,500779,21,84
24298,501334,500007,141,696
27973,500005,501235,130,763
7970,501069,500939,134,278
10296,500611,500608,108,530
24627,500204,501142,142,692
6937,500753,501991,131,1369
19610,500399,500676,194,153
17330,500647,501750,142,146
25133,501847,501214,9,70
4069,501094,501706,179,165
16783,500065,501605,156,386
15995,500831,500042,54,30
21316,501088,500042,229,612
28409,501699,501239,29,122
5442,500025,501620,187,733
10157,500265,501693,86,405
5858,501775,501285,189,611
5940,500722,501058,83,266
9116,500211,500346,151,189
4337,500077,501929,222,324
27918,500180,501027,112,341
6401,500583,501119,102,848
28310,500526,501295,165,283
28307,501844,500923,176,215
17919,500816,501884,132,761
110,500037,501000,231,443
21138,501497,500691,142,190
28200,501745,500663,117,488
12469,501655,501848,87,763
26759,500650,501261,157,635
14768,500246,500847,55,96
3862,500172,501776,127,249
9376,501763,501255,92,546
10545,500837,500373,84,260
22438,500960,500941,147,312
12576,501704,500780,147,445
27369,500750,500896,178,269
17210,501684,500178,40,162
455,500770,500144,136,429
21462,501113,501362,146,401
23104,501409,501162,142,792
27646,501238,501715,8,99
24649,501681,500792,150,456
1524,500947,500547,183,323
11944,500966,500066,85,375
15906,501358,501816,98,610
24318,501244,500441,116,1142
27659,501925,500721,123,340
8928,500514,500119,219,207
7064,501727,500004,131,234
1909,501679,500685,184,233
6242,501592,501193,131,798
4282,500764,501831,12,206
9994,500886,501046,153,858
17033,501716,500497,169,269
1327,500382,500690,20,312
3964,501452,501689,103,308
28779,501359,500792,45,111
28350,500447,501704,66,149
22741,500986,501168,139,349
17958,501305,501470,133,1384
5093,501551,500663,182,198
7089,501656,500116,47,92
21889,500381,500380,163,506
8755,500183,500972,116,655
2955,500003,500361,53,181
17498,501057,501443,82,384
22085,501107,501078,128,305
13670,501319,500753,106,466
15113,501176,501237,110,754
13930,501701,500516,174,394
4199,500444,501288,229,626
24128,500906,501316,10,57
22198,501346,500501,106,343
7109,501159,501635,133,289
17441,500210,500424,126,517
22383,500208,501577,159,325
18103,501772,500845,180,428
25364,500769,500667,155,367
29908,501550,500545,119,890
19920,501271,501305,147,471
26940,902617,501071,137,751
1037,500650,500771,159,385
15155,500636,501112,146,573
22081,501867,500154,37,205
4990,500385,501808,138,556
6410,501194,501524,115,688
9670,500974,501060,200,316
8605,500098,500953,84,319
23701,501280,500959,128,364
28357,501795,501231,150,366
21492,500384,501406,117,793
2284,500682,501308,159,651
7551,500014,501376,5,143
4806,500381,501135,125,450
15448,501177,500628,134,880
6257,501413,500828,65,144
19398,501695,501295,131,158
6211,500192,500249,130,709
24552,501781,500199,139,535
8616,501814,501381,80,89
4727,501461,501189,117,298
29686,501109,501638,18,182
8133,501089,501153,28,241
2825,500663,501423,177,331
29513,501122,500093,117,798
15793,501968,501450,143,660
11936,500462,501210,172,196
19856,501467,501685,119,140
18627,501215,500010,205,839
7429,501393,501890,136,283
27190,500904,501716,156,242
21613,500799,501268,184,268
17106,902435,501581,107,289
25908,501043,500109,11,58
26859,501085,500093,216,444
26674,501112,500344,45,172
3978,501894,500784,177,504
28682,501075,501816,124,632
14069,500847,500013,146,563
28867,501068,500198,89,637
899,501285,501273,48,200
2133,500574,501282,60,367
29324,501285,500012,31,101
23134,501109,501362,146,921
13225,500774,500253,190,278
19355,500914,501108,136,215
4933,501479,500971,150,614
11927,500278,500298,133,280
6799,500683,501533,91,427
25109,501314,500438,121,221
23417,501057,501886,115,288
26810,500470,501092,142,747
8748,501691,500373,43,174
21858,500081,500121,121,544
10448,501352,501388,13,105
16082,500731,500731,58,67
7370,501302,500382,131,248
5805,500895,500022,149,356
26797,501679,501060,136,1225
26072,500343,501356,129,411
18669,501829,500403,83,399
27674,501060,501928,107,355
189,501024,500436,148,971
16455,500545,501238,137,585
24814,501136,500529,208,289
2065,501693,501450,59,808
19300,500631,500212,67,74
7374,500895,501425,181,308
18927,500691,501716,179,827
19539,500475,500366,165,962
23655,500177,500131,187,339
22806,500338,501428,198,362
15971,500802,501953,42,129
1209,500206,500938,117,650
9102,501081,501713,148,369
7047,500777,500176,170,284
16307,500176,501975,167,453
24753,500345,500207,169,471
29600,500201,501995,70,117
27019,500647,500184,178,281
15257,501103,501448,113,391
6864,500833,500081,34,60
2154,501855,500574,52,108
1885,500962,500605,67,909
28786,501685,501793,53,371
15130,500563,500361,74,63
19615,500386,500413,146,343
17363,500905,500848,176,846
15673,501578,501288,145,336
18383,500466,501179,97,360
5702,501817,501134,146,452
9632,501783,500416,17,75
20621,500758,501162,149,268
27525,501085,501695,129,138
24508,501998,501679,157,752
3807,500123,500117,127,368
26789,500704,501584,156,835
26374,500491,500434,43,70
24083,500777,501259,167,312
12872,500731,501918,151,314
16635,500082,500669,108,459
15687,501991,501932,154,686
2366,500687,500466,46,152
24850,501012,501806,50,119
22556,500306,501512,57,194
15433,500489,501857,167,1044
6692,500931,500965,122,878
18813,501752,501635,184,247
24464,501173,500723,166,259
9544,500465,501815,133,516
26096,500968,500640,151,648
29957,500289,501114,196,558
11332,500930,501631,141,393
23430,501762,501139,159,640
24277,501275,500890,137,703
42,501326,501012,21,80
928,500493,500274,174,261
1544,501358,501089,46,108
27656,501202,501364,129,306
1665,500964,500051,32,165
29891,501760,500753,153,186
27575,501703,501576,166,259
11832,500742,501872,20,108
3449,501623,500724,83,77
2535,500952,501774,39,44
23733,501991,500087,73,1251
22810,500196,500636,119,397
16442,500252,500252,129,183
26778,500033,501726,137,471
2106,501568,501267,131,677
23589,500914,501225,56,246
6234,501889,501792,108,522
28645,500181,500003,115,651
25269,500988,501503,122,492
27319,500930,500756,118,195
14085,500451,500663,227,455
16157,501147,501653,128,299
22766,500908,500032,154,634
23952,500814,500808,140,651
29880,501572,500545,127,342
4545,500893,500208,106,605
6884,501859,501423,143,371
17863,501031,500716,172,494
4226,500970,501259,106,1001
18234,501762,500619,146,470
9930,500459,500063,120,193
28188,501141,500036,115,275
21252,500468,500588,25,57
24670,500521,500365,90,507
28149,501344,501031,163,629
7079,500991,501050,103,821
11335,501815,501015,121,215
26158,500659,501717,105,366
11702,501800,500933,63,70
5545,501386,501611,210,289
7447,501633,501960,151,784
8762,500944,500682,184,857
13842,500026,501535,173,208
5752,501373,501883,108,379
17469,500909,501895,131,1271
20123,500636,501875,204,421
5243,501509,501174,50,215
22360,501076,500420,90,379
27367,500631,500119,151,411
12154,501036,501674,128,220
1039,500523,501630,45,232
3680,500545,501117,192,314
22272,500528,500574,188,508
15553,903394,501024,114,859
17209,501300,501019,144,245
24483,500950,501607,131,336
22043,501588,501487,145,510
11311,501922,501857,130,537
5148,501617,501583,121,245
4725,501155,501372,147,186
21042,501616,501390,138,580
12628,501945,500890,123,402
16893,501736,501986,173,591
3374,501687,500112,196,428
608,501778,500996,113,1046
24604,500824,500367,28,146
7399,501461,501670,244,427
14143,501304,500116,99,566
18854,500483,500176,21,285
26362,500580,501076,113,593
19378,500472,501577,208,994
21304,501219,501267,121,170
28407,500868,500159,172,260
10536,501573,501399,172,684
16704,500501,500732,205,385
11331,500181,501409,213,226
15770,501214,501239,114,336
5386,500507,501941,10,166
12104,501190,500917,58,107
3089,501236,500835,149,263
15061,501023,500706,148,367
5949,500095,500126,126,337
14112,501320,501132,203,202
10244,501784,500460,160,841
6976,501043,501440,80,1212
29530,501524,501676,164,319
28455,501513,501360,170,766
19196,501966,500859,61,70
25840,500687,501820,44,157
19967,501331,501409,79,112
17248,500105,500898,175,478
27165,500923,501280,122,1171
15891,500130,501656,56,52
22782,501554,501193,34,77
3931,501760,501028,127,425
17069,501768,501627,154,826
2692,500574,501406,149,399
20862,500616,500988,142,234
29114,500257,501178,93,324
29141,500263,500911,26,157
8510,501048,501264,167,379
18208,501601,500939,99,197
1064,501423,501674,117,357
24976,501287,501825,0,37
4169,501071,500149,163,216
21877,501307,500501,38,147
22054,500997,501232,162,218
5064,501781,500544,39,147
21883,501294,500915,66,180
5098,501818,500038,10,118
8753,500716,501748,142,340
5207,500928,500751,13,70
17219,501071,501215,29,206
19841,501911,500841,155,409
24642,501346,501470,100,1116
4286,501215,500396,55,164
9369,501382,501934,187,620
7303,501456,501568,135,316
28580,500701,500200,127,517
20449,501207,500538,134,354
5535,501161,501450,166,587
13081,501524,501206,169,237
16884,501134,501103,104,420
15954,500718,501274,44,260
23792,904994,500729,193,340
11999,500365,501683,87,550
9138,501631,501441,110,460
445,501282,500890,51,50
19302,903012,500673,31,202
26145,501936,501281,51,74
1333,501276,501864,14,140
12287,500645,501995,166,465
27688,500908,501740,160,925
13332,501160,500959,94,237
6080,501591,501778,51,103
1811,500900,501482,59,201
21003,500029,501694,115,262
22716,501528,500683,142,839
8224,500143,501570,120,1119
19212,500189,501205,44,169
25751,500262,500897,142,251
29197,501473,500279,181,411
6812,500401,500300,142,474
11031,500924,501670,31,126
21507,500745,500382,150,260
24497,501764,501290,147,195
25909,501193,500896,187,1158
19940,501091,500032,29,152
20717,500104,501205,9,203
19745,500795,500506,95,204
23880,500045,501039,138,165
18987,501068,501288,199,288
2301,501428,501834,155,175
17267,500039,500111,140,724
2290,500232,500380,127,451
9868,501777,500380,79,464
10437,500857,501923,124,409
15822,501674,500814,115,360
12081,501158,500144,192,532
25060,500745,500148,185,455
15792,500942,500160,100,360
28626,501178,500574,177,326
22293,501758,501683,222,193
18543,500868,500492,108,281
18002,500570,501014,178,368
7721,500754,501075,174,995
11883,500071,501922,146,688
17562,500321,500416,161,300
29942,500953,500896,132,273
2273,500957,501122,23,194
21645,500735,501973,156,643
26223,500799,500402,146,128
18392,501706,500114,139,370
19735,500326,501045,79,249
26288,500279,501564,109,226
18343,501963,500376,118,251
18548,501152,501547,192,623
15663,501563,501303,131,891
11706,500384,500068,93,363
29468,500008,500190,175,200
25843,501917,501231,121,716
14951,501136,500414,163,213
26428,501028,500460,160,363
16584,501322,500166,113,499
28644,501704,500930,124,363
8975,501424,501161,123,567
13288,500551,500904,147,287
6518,500943,500932,131,520
23732,501859,500738,155,580
14687,501608,500702,112,536
19876,500786,501928,21,162
18615,501460,500371,93,370
19316,501057,501725,106,247
3302,501999,500039,144,319
1758,501135,501655,118,400
10,501651,500579,189,309
28444,500709,501793,131,173
9105,500079,500982,158,297
25762,501725,501731,111,348
15974,501051,501628,60,80
4006,501217,500114,140,680
4198,500492,500519,134,322
985,500331,500198,4,183
13768,500206,501240,63,1305
22848,500140,500386,136,672
11283,500497,501274,163,754
7394,501711,500533,159,147
10403,501837,500964,37,115
3366,500600,501858,40,152
17342,501041,500622,115,314
22819,501221,500986,145,359
28821,501170,501550,144,497
13712,500447,501756,152,229
3277,500342,500151,163,306
22392,501850,501872,116,255
13607,501422,501508,73,139
10408,500121,501983,40,179
5081,500020,500267,113,1023
19276,501373,500064,179,548
13862,501335,501050,84,275
29372,500395,500214,118,680
16652,500206,500684,22,260
851,501944,500538,182,441
15157,501509,501970,172,628
19755,501052,500876,60,340
21465,500758,500041,149,254
19208,500318,501844,60,613
14564,500314,501839,171,548
2425,500564,501311,99,673
2427,501528,501865,140,947
24826,501130,500825,89,514
13937,501667,501633,147,669
28725,501211,500269,150,147
3640,500139,501007,114,296
222,501622,501180,64,806
28490,501015,501737,111,986
10527,501847,501176,98,367
13538,500402,500298,135,212
3157,500957,500281,175,172
3140,500034,500980,45,292
19138,501639,501338,6,124
26893,904282,500438,143,877
11930,501728,501131,118,342
23361,501304,500080,149,264
19578,500433,500757,144,230
22113,500714,500888,135,302
23866,500954,500413,132,171
18042,500001,500716,143,2187
25024,500342,501917,138,1234
18959,501235,500395,80,417
26849,500900,500371,178,925
27131,501161,501162,115,303
7420,500729,500419,145,452
1354,500897,501028,134,324
15118,500774,500316,96,556
2300,501232,500533,195,261
19033,501919,501040,142,360
6486,500731,501818,131,465
16741,500126,501400,160,1144
8354,500520,501730,77,461
25632,500633,501670,42,36
13745,501171,501668,149,611
25169,501785,500751,143,1076
29378,500745,500550,124,531
4269,501426,501722,22,99
27022,501236,500714,199,365
3379,500792,501346,24,164
29701,501704,500463,103,386
16264,501970,500416,167,301
12698,501529,501397,107,1312
12727,501069,500110,188,438
19414,501713,500123,181,268
24457,500002,500130,36,107
29093,501399,501424,183,641
25363,500374,501282,145,243
26087,500697,501400,161,532
20045,500790,501081,65,65
17715,500478,500336,102,858
22449,501839,500779,127,344
13290,500503,501383,201,701
14954,501130,500885,129,393
14525,500824,500966,191,569
10139,501235,500074,31,65
27313,501763,501519,192,326
6831,501826,500302,152,359
16755,501964,501828,99,208
18400,500613,501075,133,229
12303,501143,501077,69,142
8542,501310,500256,57,127
7933,500667,500537,13,47
25202,501075,501491,129,339
16609,500162,501269,155,533
7208,500730,500236,1,98
18572,500994,501941,154,315
10135,500926,501397,151,429
13054,500514,501244,144,433
22792,501309,501062,219,303
15147,500519,501134,204,337
27625,500232,500714,37,53
9828,500172,500236,180,488
26760,500751,500751,140,488
19199,500158,500835,159,304
12552,501158,501780,58,301
9626,500493,501808,195,602
17535,501179,501275,180,741
23289,500565,501773,152,456
8901,501865,501823,31,220
29913,500931,500174,102,182
735,501108,501859,137,1137
5748,501091,501776,147,328
6357,501574,501529,126,227
15306,500799,501944,139,521
26551,501753,501653,156,400
20859,901734,501515,21,169
16787,501666,501214,174,256
10155,500197,500902,40,90
25533,501857,500253,131,1489
15642,501206,501361,36,281
23937,501033,501212,38,42
28603,501039,501062,136,403
18621,501320,500385,152,302
26333,500348,501412,51,101
14149,501927,500169,43,53
4759,501387,500138,166,242
19734,501716,500867,12,143
1295,501973,501954,61,72
6238,500638,500476,115,336
3363,500455,500462,109,396
11114,501201,501719,50,100
18185,501750,501764,150,249
8235,501830,501058,163,365
5091,501570,501691,210,687
24684,500180,500565,170,511
7863,501145,501786,97,467
10397,501296,500475,25,129
12623,501143,501843,27,71
20260,500332,500115,143,385
15904,500938,501992,193,458
29329,500164,501028,140,201
3878,501179,501615,132,343
11713,501744,500813,164,274
27513,500966,501948,165,321
12482,500162,500647,86,273
18048,500683,501486,216,553
3145,500462,500497,167,302
10709,500559,501390,153,538
11181,501691,501633,95,519
620,501676,501094,145,728
14266,500365,501595,125,350
3490,500307,500835,25,209
17581,501291,501418,153,559
25832,501815,500493,152,704
28002,501479,500343,20,138
13265,500424,500438,155,119
3364,500449,500438,126,477
13263,501299,500780,200,414
17374,500881,501862,0,124
17425,500051,501852,166,358
6412,501715,501858,144,258
4155,500566,500942,206,459
19003,500642,501605,78,354
29924,500158,501045,41,93
26431,500331,501528,187,707
4127,903476,501816,101,1530
8195,501862,500094,164,411
3557,500731,501837,133,789
25894,501338,500895,141,493
22229,501189,501905,138,230
19817,501617,501743,171,240
5546,500733,500854,113,595
29541,501391,501161,91,505
9690,501372,500735,200,642
22317,500982,501198,156,329
24481,500548,500999,112,423
20821,501907,501460,176,326
25180,501723,501685,183,1181
29086,501985,501174,163,351
8274,500067,500001,171,193
13839,501483,500926,184,294
315,501861,501160,56,41
23631,501463,500342,145,303
10656,501948,501768,80,142
17579,500577,501166,161,470
9861,500202,501946,119,131
1231,501204,501203,170,507
5787,500140,500862,99,655
1915,500942,501178,140,146
24053,501595,501989,136,243
5863,501963,500020,96,222
8213,500659,501795,160,650
8726,501373,500941,188,693
14682,501986,500308,167,728
8384,501525,501644,143,493
28342,500330,501653,187,653
27815,500753,500572,179,915
23375,501169,501675,93,904
15936,500463,500425,20,112
22204,500261,500261,165,373
26655,500046,500294,97,602
1320,500091,500731,137,246
14802,501780,500968,143,195
29176,500114,500320,173,354
20625,500503,500788,117,573
29398,500934,500432,160,461
10916,501708,501648,39,72
20995,500790,501324,186,1065
12764,500926,500403,95,569
7280,501607,500605,149,621
9127,500266,501403,75,301
29218,500532,501236,158,571
3512,500143,500148,102,475
11274,500762,500312,134,394
17178,501653,500920,67,137
12037,501336,500980,159,899
9764,501904,501363,160,428
12440,500115,500767,112,355
5798,500323,501584,123,235
24652,501195,501944,13,64
16558,501621,501653,44,79
21212,501644,501490,106,468
15832,500928,501935,43,147
14669,500920,500565,128,295
8724,902460,501235,161,235
22835,501910,500366,19,97
29559,500385,501912,108,341
27938,501533,500360,92,440
14741,500404,501344,19,93
18350,500970,500265,105,198
25025,501533,501765,186,438
20870,500296,500295,126,399
2801,500338,501905,136,297
5133,500527,501155,194,470
11585,500154,501360,118,696
23426,500804,500560,28,83
24430,501469,500527,135,396
626,500084,500587,151,471
25590,501639,501530,185,411
10763,501068,500816,158,666
21473,500308,501441,76,523
10673,500569,500779,46,128
14583,501639,501224,111,372
19620,501231,500281,117,848
16394,501162,500885,206,656
3195,501745,501666,180,356
11341,501206,501448,164,244
22811,500617,500335,49,238
7338,501796,500658,28,122
965,500278,500099,78,596
16196,501912,500185,111,713
8315,500432,500042,94,668
26044,501870,500346,151,214
23923,500496,501505,177,579
16433,500965,501109,201,461
20945,501640,501215,97,492
7860,501069,501818,165,362
18363,500079,500109,142,541
10081,500847,501527,198,214
21953,500094,500018,128,438
25089,500902,501723,59,133
24070,501735,500239,127,230
21917,501393,500749,121,510
12119,501362,500651,109,1068
583,500970,500402,46,94
19881,501956,500758,49,80
27012,501839,500615,127,1160
9248,501580,500194,26,79
17877,501358,501486,69,917
9342,500497,501687,123,547
19902,501911,501789,51,123
16387,500638,500268,200,445
5031,500081,501125,169,442
2730,500013,500885,137,397
5304,500162,500274,138,695
17528,501080,501287,128,731
5130,500126,501881,121,227
19360,500117,501873,131,139
29087,500121,501735,103,269
21099,501931,501569,36,348
28551,501215,500068,148,214
7822,500291,501765,151,251
15754,500774,501088,144,577
14204,500089,500463,45,112
15269,501562,501055,132,641
15810,501745,501751,118,114
29191,501403,501526,147,198
21497,501951,501768,149,643
16483,501456,501635,120,225
25532,501171,500795,168,575
16166,501658,501406,139,656
20013,501195,500454,139,598
2076,500051,500403,97,643
18974,501756,500028,36,258
10532,501989,500767,104,701
418,500587,501757,151,354
1075,501620,501285,120,479
21801,500599,501008,43,215
28031,500470,501220,174,619
2157,500899,500331,158,263
2653,500959,501251,112,485
17730,500196,500711,156,641
8651,500875,500192,31,141
6207,501802,501815,105,448
1926,500094,501133,90,554
25232,500780,500996,56,381
11320,501062,500032,163,257
15978,500650,501432,150,128
23010,500651,500099,122,165
28942,501630,501825,135,376
4995,501998,501887,134,402
8227,500233,500004,134,305
4351,500580,501740,124,751
9911,500868,501022,100,433
25799,501964,501043,173,384
16618,501043,500420,114,253
5244,501101,501271,21,98
16566,500145,500925,158,92
20206,500074,500463,125,263
18102,500363,500773,21,67
29635,501464,500667,146,951
15808,500774,500298,101,1011
19446,500471,501418,137,225
5914,500416,501684,137,120
27983,500382,500379,28,177
12602,501631,500487,145,496
29593,501194,500290,46,239
8463,500907,500528,114,402
10533,500786,501397,97,552
11354,501728,501019,91,288
21157,500630,500993,37,53
624,501041,500724,16,188
15057,501517,500621,134,305
499,500080,501828,102,413
6408,500449,501784,14,121
25320,501264,501785,167,601
28453,500586,500735,127,293
13726,501639,500036,164,813
21924,500319,501651,123,457
22709,501159,501375,188,819
3404,500550,500544,14,191
15856,500465,501391,133,214
20373,500390,501929,60,74
1955,500124,500884,201,297
26372,500423,500801,49,86
20351,501010,500812,147,570
5498,500022,500998,225,377
29297,501995,501196,33,158
3914,500025,500189,119,174
17520,501681,500622,168,875
22815,501263,500995,80,221
13152,501654,501981,167,535
18344,501273,501956,104,638
24997,501956,500206,26,175
13673,501271,500839,178,521
4455,501054,501835,60,172
18295,500184,500607,79,232
14531,501527,501117,113,543
12144,500401,501251,133,1089
13452,501999,501527,101,708
24990,500248,500891,138,449
17488,501577,500890,172,343
16371,500159,501036,165,839
29753,500023,501981,178,269
9814,501776,500802,30,87
4827,500125,500135,28,113
22650,501899,501030,45,152
24108,501653,501622,27,131
22520,501103,501880,136,383
14673,501564,500265,132,378
16899,501660,500383,47,165
25634,500734,501860,186,278
4002,500188,500040,62,209
25853,501850,500093,109,521
6616,501148,501062,111,527
5529,501110,500114,132,328
4244,500128,500431,120,443
18806,501740,500115,185,651
11918,500184,501198,100,413
27355,500403,501916,206,640
11482,501173,501992,125,314
22878,500007,500698,150,431
26399,501139,501518,119,461
19101,500797,500093,40,140
24836,501553,501142,129,968
4041,500821,501963,45,127
20569,500390,501299,195,428
2929,501951,500070,129,378
11833,500162,501028,134,284
23431,500473,501152,117,295
13240,501020,501237,13,72
16767,501043,501883,164,337
17437,501550,501654,77,208
19672,501464,500926,138,446
22718,500923,500968,155,455
2257,501551,500088,35,121
1045,500403,501463,133,361
9012,500884,500570,129,241
22119,501114,500657,86,216
28044,500938,501168,33,67
11378,501368,500339,158,533
12694,500160,500780,113,135
25691,500631,500861,187,219
2675,501656,500465,161,355
24668,500966,500120,39,101
17930,500094,501103,111,525
15422,500533,500386,159,454
26014,501235,500645,116,309
20073,501547,501333,175,437
3726,501574,500101,108,417
23803,500986,501314,110,222
11708,501076,501688,25,160
9681,500498,500966,59,213
27308,501674,501713,154,333
28001,501193,500086,104,548
23877,500388,500329,6,149
4721,500086,501027,136,242
780,501985,500845,114,540
29318,501506,500520,139,584
27122,501585,500730,162,371
21497,501951,501768,149,643
18622,500080,501357,27,126
24074,501098,501201,122,211
79,501588,500498,92,422
14560,501117,500785,121,164
19217,500792,500356,143,477
24099,500328,501238,91,341
29421,501955,501166,148,459
23577,500828,501592,16,193
8146,501640,500808,223,364
16314,500311,500824,160,414
29125,501895,501013,29,62
9988,500164,501878,145,1074
16979,500845,501846,51,246
12179,500632,501759,198,460
115,501063,501328,134,512
23959,500010,500848,10,166
9628,501887,500554,194,372
20998,501863,500882,22,216
2939,501025,500356,85,670
12400,500057,500299,134,824
28335,500274,501706,101,228
23622,500127,500199,83,1245
18225,501905,501778,71,251
8496,501375,501036,119,297
28578,500607,501852,135,309
4681,500513,501356,107,726
6232,500359,500583,172,456
4328,500817,501509,110,787
1431,501298,500033,16,56
13474,501535,501529,171,383
26576,900660,500093,113,220
28416,501341,501878,128,390
18137,501609,501463,121,564
20265,500255,501798,91,470
16188,500422,500553,167,514
25720,500868,501128,154,235
16548,500722,500552,29,117
4803,501491,501280,126,659
13457,501421,500965,196,803
15737,500886,500113,41,217
13407,501113,500074,120,170
29714,501011,500202,36,293
18759,501580,501424,25,248
4867,501534,500462,31,275
941,500571,501609,156,365
25525,500013,501311,106,229
25663,501500,501734,35,74
12334,501973,500904,170,465
13368,501833,501756,24,187
27230,501816,500606,86,512
20672,501193,500720,150,293
4812,501758,501266,158,390
15427,500816,500683,140,258
6051,501418,501063,125,299
11662,501432,501887,160,446
29080,501948,500904,159,349
8550,501810,500759,147,445
22876,500484,501079,107,316
19794,501169,501862,123,507
1895,501726,500079,62,217
21483,501479,500830,105,471
14787,501298,501495,148,732
3077,500522,500899,87,525
11461,501719,501407,145,174
24669,500367,500785,173,339
12622,500564,500291,134,398
7831,500550,501131,104,893
2587,500461,501894,179,388
23123,500472,500516,170,279
6759,500131,501115,121,753
1426,500739,501440,217,312
29983,500176,501105,157,257
14384,501998,500185,85,208
24256,500962,501274,140,313
22149,501894,500281,142,398
7526,501668,501931,200,292
15321,500257,501099,99,414
760,501479,501203,101,425
2810,501293,501227,161,379
5520,900018,500081,154,263
19721,501078,501825,170,97
29855,500966,500196,140,242
20658,501865,501243,27,67
5788,500794,500436,22,86
5499,501016,500923,121,360
14049,900048,500002,114,221
493,501014,501690,120,546
4113,501795,500944,203,254
20871,501862,500886,101,151
4040,500646,501816,185,959
26442,500217,501576,151,878
24182,501210,500942,147,347
26213,501468,501685,119,851
13495,500788,501061,22,155
27068,502000,501953,158,286
18019,500912,500427,25,174
28818,501991,501716,151,589
18300,501466,500731,43,58
26972,500942,500912,135,249
3396,501575,501303,29,245
986,500521,501806,188,1129
4758,501055,500064,110,246
27517,501409,500403,161,217
27865,500266,500854,164,256
2395,500765,500002,111,427
12002,500794,500626,35,227
21933,500768,500330,73,135
9357,501575,500267,207,465
25295,500676,500210,155,583
22462,501697,500765,148,270
3574,500100,500493,105,376
6933,501662,500278,184,323
2912,501785,501608,23,131
11295,500799,500647,102,1643
26419,500924,500462,24,66
24489,500930,501157,124,335
27429,500747,501070,16,151
23606,501197,501274,165,372
9231,500237,501238,88,843
2462,501517,501491,249,422
25187,501691,500484,136,294
9796,500263,500463,50,64
12405,501239,500080,0,130
12729,500202,500026,132,1097
271,500546,500737,140,529
23671,501655,500185,179,520
2313,500366,500857,128,622
13014,501752,500873,175,393
29456,501588,500172,158,304
14589,501756,500183,173,372
6353,500210,501784,131,524
18832,500570,501045,126,180
13302,501901,501189,157,1395
21725,500395,501460,161,367
17645,501547,500706,142,403
15660,501327,501112,33,301
10001,500506,501023,84,670
23851,500074,500077,99,354
4347,501761,500383,157,259
26735,500699,500029,28,91
6877,501118,500309,116,244
11074,500413,500526,87,412
17516,501236,501696,71,838
22291,501170,501920,140,274
28617,500001,500459,93,449
22065,500476,501174,101,500
14735,500433,500158,135,510
27347,501327,501363,126,334
26944,501479,501587,224,561
21077,500645,500737,142,429
15182,501465,500067,201,456
16246,501471,501173,168,455
9373,501636,501944,91,639
14629,500953,501395,8,304
29133,501170,500479,115,261
872,501105,501848,169,440
29561,501468,500274,106,303
20784,500423,500991,104,400
20216,501535,501356,185,1265
14044,501054,501244,171,236
25850,500647,500799,211,664
2906,500335,500832,80,306
23495,500546,500610,34,134
19392,500334,501114,105,220
10700,500257,501336,156,513
5321,501574,501747,192,489
21229,500517,501266,171,345
14422,500824,501796,161,125
18396,500746,501504,124,165
1201,500882,501592,117,368
20479,500280,500502,125,367
18767,501376,500551,176,709
407,501575,501391,128,586
3897,500224,500569,50,71
24426,501168,500308,101,413
22196,500912,501839,53,546
4753,501848,501552,123,345
15391,500806,500844,193,640
23535,501029,500135,146,311
22743,500941,500638,142,340
19593,501404,500701,56,118
452,501056,500579,154,544
8048,501023,500692,51,64
8075,501606,501686,152,146
10300,500455,501264,161,454
26226,500503,501932,126,455
2335,501598,501504,122,213
27929,501676,501400,145,491
9436,500943,500059,151,1403
11102,500531,500481,76,511
17613,500378,501625,31,190
5934,501530,500003,132,491
27377,500565,501730,110,348
26282,500731,501756,143,353
27366,501010,500335,184,301
10034,501585,500019,164,519
25851,501764,500356,141,299
4962,501270,501305,43,682
6874,501441,500463,46,125
23808,500729,500504,62,199
17576,500529,500045,174,519
18062,501880,501716,135,461
23814,501194,501928,119,348
9567,501383,501344,24,161
5840,500974,501115,121,764
10156,500197,500515,126,682
16950,501752,500176,156,784
7988,500677,501527,41,256
26333,500348,501412,51,101
11569,501457,500410,96,662
9300,500019,500970,177,656
7572,500627,501531,115,692
6391,500513,501313,114,211
28507,500444,501069,114,847
11899,500552,500928,29,49
28248,501398,500819,123,578
10492,500158,501398,146,414
11441,501054,500489,136,285
29499,501515,500923,176,283
17819,501724,501890,175,159
1030,500287,500222,24,99
2623,501819,501324,103,582
18032,500415,501070,165,343
12700,501120,500808,171,194
8522,501295,501432,92,694
13547,501439,500788,95,560
7956,500340,500560,18,200
5623,501780,501617,176,764
6361,500343,500706,112,532
29339,501483,501080,175,946
6950,500323,501651,106,457
3668,501397,501239,90,320
21871,500095,501045,196,449
3492,500944,500086,157,197
1910,500316,500597,156,263
19528,500878,500050,183,526
21785,500316,500189,158,351
27617,500342,501135,138,222
26614,501600,500876,109,191
20174,501651,501272,92,543
21038,500708,500926,51,110
24847,501598,501561,145,579
6846,500228,500515,141,174
23023,500346,500897,184,391
24516,500511,500433,48,75
25348,501114,500746,139,304
19955,501895,501808,173,1922
20921,501237,500233,172,969
16255,500825,501918,162,345
17977,501570,501409,148,698
8933,501457,501706,150,161
15896,501141,501011,150,463
3856,501998,501251,186,364
13411,501631,500153,129,904
5933,501616,500206,168,396
2173,501965,501667,157,253
16143,501171,501066,183,434
8319,500606,501970,141,897
13722,501801,500558,25,79
24963,501682,500272,128,281
1502,501847,500200,78,214
20671,500214,501869,143,810
15018,501228,500943,152,1040
21749,501912,500523,106,264
3586,500640,501693,202,682
26123,500410,501361,152,347
3993,500636,500368,187,433
12024,500386,500306,31,165
9253,500953,500274,114,344
19323,500124,501916,189,274
25628,500915,501895,157,181
19372,501340,500663,136,836
26211,501141,501825,107,821
7134,501153,501290,168,388
16348,501790,501930,43,94
26512,500492,500460,118,566
25968,500520,501275,144,365
6283,500111,500622,134,364
23503,500861,501787,24,220
20759,501173,500624,171,255
2413,500158,500384,106,207
19215,501806,501574,152,413
6638,500771,501612,74,229
12574,500151,501226,20,202
2890,500386,500098,47,576
19778,500200,500960,91,231
776,500965,500896,57,90
18618,500846,500546,140,704
9562,500280,501706,243,375
9812,501595,500130,42,157
16752,501426,500392,137,458
18254,500944,500492,118,218
13771,500262,501017,143,622
24334,501215,500143,164,154
27858,500093,500804,138,704
12130,501968,500090,134,511
16810,500629,501953,126,318
1530,501853,501424,155,603
18706,501406,500682,146,736
22639,501169,500788,149,111
12551,500207,501240,198,300
4728,500655,500491,118,235
28509,500970,501503,143,1023
15060,500513,500041,153,368
8226,500839,500609,168,459
16320,501725,501674,44,657
7468,500923,501050,147,251
20338,501696,501534,108,232
20364,500461,500090,20,35
22095,500330,500781,166,223
29038,500832,501461,140,323
18104,501092,501639,118,244
2746,500760,500365,86,377
15655,500101,500344,158,704
14412,501311,501815,41,171
23013,501288,501023,205,692
14246,501543,500122,56,269
27704,500651,501037,30,81
10986,500902,500986,186,616
6131,500119,500633,166,154
2146,500213,500922,121,203
3501,500710,501682,157,678
23674,500982,500387,117,152
22497,501429,501011,163,460
7172,500382,500740,62,341
1818,501676,501667,138,384
2478,500198,501228,135,392
25301,501022,501868,147,141
7706,501063,501971,147,374
23303,500336,501488,97,216
26002,501917,501880,124,328
5905,500013,501792,124,853
5363,501667,501787,27,100
19968,500478,501880,176,216
1792,500444,501655,131,583
1374,500518,500756,145,520
23663,500518,501338,161,541
8359,500057,501576,154,494
3051,500729,501976,168,293
16203,500327,501646,180,269
22442,501572,500972,56,73
17922,501093,501280,162,489
25651,500057,501894,39,185
24571,501914,501391,16,126
15680,501687,501929,132,359
10756,501506,500999,61,471
17765,501515,501178,199,421
22284,500804,500986,84,459
24971,500167,501767,41,152
25413,501749,500259,151,205
29973,500443,500687,52,58
6363,500619,501512,133,347
22252,501037,501746,55,190
13273,501102,501372,128,267
24711,501078,500093,116,432
27532,501328,501819,138,129
27763,501605,500970,93,547
7128,500435,500885,132,320
19959,501070,501222,168,249
9171,500498,500991,87,385
24217,501232,501869,150,362
22672,501267,501696,111,915
25152,501413,500988,159,447
8701,501703,501087,169,491
2331,500210,501022,137,396
11510,500239,501778,184,252
13187,500750,501350,127,187
10182,500506,501550,28,135
8194,501288,501059,90,365
20843,501753,500861,138,226
24730,500497,500346,153,325
15578,500811,501828,139,218
18617,500795,500796,67,306
28554,500317,500274,28,87
13049,500414,501719,112,578
17603,500046,500818,89,185
1816,501630,500289,108,119
8897,501627,501447,7,209
24171,501730,500753,177,217
9801,500764,501748,130,958
20972,501190,501330,120,539
15459,501226,500033,86,423
22860,500228,500476,173,638
11564,500436,500475,169,396
21410,500959,501969,168,236
15712,501034,500092,66,98
28182,501492,500111,114,125
12116,501320,500690,154,299
5603,501544,500147,36,69
10743,500556,500639,188,673
26446,501084,501335,135,986
27813,501384,501683,181,362
24694,501131,501168,128,312
7488,501428,501735,190,113
22480,501635,501054,147,343
13345,500226,501492,55,315
20075,501011,500732,57,601
5393,501285,501956,130,223
21059,500063,500982,163,194
66,500506,501681,133,451
24932,500021,501098,107,608
29624,500806,500148,133,271
14617,500580,500278,173,713
29487,500548,500884,220,160
6435,500819,500401,121,741
6751,501032,500663,145,296
3530,500705,501266,146,401
19017,501439,500309,156,450
6129,501575,501120,172,632
8849,501412,501012,70,417
20163,501355,501141,169,433
27987,501997,501332,98,364
26198,904377,500993,84,568
19335,501817,501657,156,437
23377,500712,501704,114,743
23381,501986,500365,163,615
19950,500036,500471,127,614
21102,500087,501108,84,132
1847,500516,500481,21,163
19074,501735,501912,181,638
19319,501307,500067,140,276
21443,500751,500373,95,266
16127,501460,500296,157,201
15230,500735,500547,143,1729
5951,500397,500928,65,151
9421,500478,500140,151,605
23802,501399,501793,201,311
25504,501715,500032,150,393
17436,501244,500882,100,851
6977,500312,501853,133,955
17904,500017,501340,58,251
457,501726,500999,131,332
15621,501515,501931,110,820
12267,501397,500880,130,233
9677,501407,500222,167,1189
24806,500689,500503,32,111
22210,500139,501765,136,1111
10652,501717,500705,170,297
29427,501222,501019,166,893
23133,500370,501400,149,170
6845,500342,501036,147,608
26877,500084,501718,173,612
6571,501981,500034,139,558
25226,501034,501463,0,118
27515,500724,500774,30,119
7173,501199,500076,50,64
1996,501522,501900,42,121
21642,501764,500459,142,401
979,500261,500925,156,458
29901,501511,500880,107,333
21664,501616,500309,128,359
14458,500160,501250,56,68
20853,501573,501324,154,1456
6794,500716,500897,169,335
15862,501829,501798,131,878
14374,500185,500139,102,199
20745,501816,500527,205,483
27078,500548,501421,143,856
17422,500750,500099,160,290
7541,500039,500608,119,250
10988,500060,500581,160,645
24474,501252,501764,59,57
796,500503,501618,142,544
12802,500431,501375,179,528
20474,903887,501689,128,291
7839,500467,500779,100,563
13447,501307,501069,167,183
17855,501773,501507,159,333
3731,500365,500593,129,639
1230,500642,501487,180,795
19261,501695,501735,81,435
20730,500221,501619,2,86
6590,501960,500831,133,545
5593,501654,500323,172,375
14647,500637,501015,106,283
17761,500441,501055,144,801
9052,501202,500225,161,300
8648,501053,500910,143,505
12284,501377,501951,20,116
17434,501358,501598,130,271
19766,501169,500041,169,426
12579,500255,501311,160,210
9596,501518,501319,3,72
12776,501401,500889,59,85
18280,500202,500408,55,22
4515,500629,500533,110,391
2334,501773,500691,154,161
10431,500032,501050,160,315
11558,501355,501658,149,771
2956,500639,500343,145,193
436,500935,500839,118,335
21839,501060,501006,137,526
29035,500545,500835,95,440
6545,501768,500121,100,226
2860,501370,501861,143,867
6318,500261,501174,187,279
16572,501215,500051,163,443
8981,501553,500410,47,133
22339,500790,500510,76,173
18012,501529,500544,122,246
25575,501479,500300,175,360
6405,500439,501833,41,49
18796,500888,501747,22,106
23568,501653,500702,107,484
2456,500009,501749,179,190
24555,500651,501261,131,185
8841,501090,501817,145,487
14634,500454,500022,73,1587
5353,500129,500281,76,79
26825,500124,500788,142,424
6862,501191,500059,86,658
7438,501246,500363,93,383
6814,501517,500218,155,389
10191,500528,501966,168,286
10416,500502,500920,162,218
28591,500126,501611,89,517
21248,501120,501394,97,590
12223,500460,501607,175,279
5274,904591,500123,165,593
2694,501736,501478,129,441
1736,501142,500944,186,292
17406,501776,500532,104,380
11881,501884,500109,122,263
14326,500759,501339,25,139
67,501682,500999,149,390
5557,501043,500919,152,197
1976,501776,501715,146,178
27380,500321,500300,153,587
12158,500086,500420,96,445
26814,500868,501728,135,534
1372,500970,500131,139,807
21484,501764,501228,81,273
10315,501244,501325,97,219
25129,500702,500970,150,226
21471,500248,501212,138,619
3160,501455,501448,34,131
29316,501607,500854,182,449
17918,501085,501189,149,266
2525,500077,500746,11,117
5822,501105,501398,154,187
24026,501846,501162,79,850
10526,501788,500941,147,422
12839,500217,501536,137,595
29625,500249,501917,76,107
12274,500156,500005,124,397
1740,500720,500031,130,193
28216,501212,501236,140,392
984,501307,501125,115,345
820,501805,500893,163,444
29490,500995,501479,126,276
4593,501121,500167,142,443
20242,501299,500374,160,243
8344,500114,500176,123,506
17764,500233,501792,199,696
25388,500008,501144,87,405
18232,501128,501763,141,366
16778,500464,500739,118,271
3431,501967,501350,36,47
23768,501929,501379,110,560
17935,500558,501211,7,126
22812,500446,501090,195,288
26283,501677,501022,201,318
17653,501055,500342,127,174
10440,500846,501763,199,461
23066,501452,501162,6,109
25992,500626,500693,12,161
27588,501284,501256,52,74
6813,501798,501511,163,495
18334,501981,501754,148,298
721,501471,500260,42,299
4342,500126,500658,155,337
20967,501502,501856,0,55
6295,501595,500077,47,78
16554,500173,501288,95,324
5269,500861,501141,158,912
16840,500070,500192,130,295
9238,500915,501142,0,102
16003,501208,501581,146,393
3418,500487,500491,184,296
7586,500979,501707,117,278
15693,501457,500943,40,121
8341,500621,501943,150,459
4818,500003,500973,14,52
8802,500487,501643,186,541
19170,500236,500111,198,337
4301,500780,501399,123,341
8628,500274,500567,138,847
25991,501307,500332,144,293
16933,500882,500183,162,598
19779,500597,501605,171,492
1097,500127,500690,55,191
14024,501307,501224,141,417
11746,501636,501034,130,285
10552,501234,501522,109,459
8162,500034,500715,29,189
20458,500156,501332,166,389
29577,500911,500668,128,402
26793,501691,500466,147,241
23714,500151,501657,60,134
13856,501656,500180,101,769
26777,501866,500029,114,504
5226,501904,500338,129,219
10958,501173,501636,88,551
1766,500034,500570,122,226
28496,501672,501679,41,127
26128,501603,500113,31,272
2500,500409,501867,23,70
25515,501028,501136,109,403
476,500997,500653,101,270
18943,500818,500440,171,178
10628,501652,501407,120,523
12714,500471,500800,127,447
13297,501758,500857,165,229
24677,500141,500967,19,72
10816,500709,501453,162,343
11720,501965,501376,170,515
20226,500912,501721,172,435
25352,501785,500386,224,301
12996,500079,501492,186,378
10479,500565,500414,127,717
16179,501833,501316,163,281
8528,500845,501905,106,757
20472,500299,500369,42,59
343,501525,501926,85,701
22064,501032,500119,161,395
10382,501956,501918,188,389
6292,500939,501487,130,194
26618,500734,500171,42,170
19470,501336,501717,139,207
11156,500387,501259,67,574
18700,501850,501860,98,221
12651,501202,500753,132,441
26730,501739,500210,115,647
26103,501693,501224,138,552
20939,500710,500890,114,290
16675,500608,500531,134,334
15950,500570,500987,183,485
6116,501016,500506,148,500
10169,500880,500582,50,57
21757,500041,500844,128,387
24460,500144,501541,37,75
24247,500655,501143,15,212
18051,501051,500239,149,1114
5942,500653,501194,87,568
26029,501395,500668,141,674
3004,501951,501595,132,284
21466,501781,501831,192,651
25327,501873,500847,29,129
7279,501131,501362,199,207
19219,501027,501151,57,95
6172,500662,500306,5,117
18715,501426,500779,163,298
27476,500969,501727,73,586
6681,501443,501346,182,473
23148,501860,501831,84,247
3926,500694,500919,26,75
9441,500382,501846,161,682
4135,501581,501340,150,235
4348,500628,501704,122,197
4822,501103,500244,31,89
22223,500770,501505,176,335
9161,500045,500790,138,243
17350,501059,501643,99,375
7197,501946,501119,82,517
8910,500775,500775,36,157
1106,500813,500196,137,546
24885,500109,500881,36,137
21925,501696,500790,108,987
7536,501135,500816,138,757
22344,500907,500212,104,468
19468,500497,500219,111,454
28373,501304,500132,116,620
24871,501912,500584,126,422
9353,501727,500111,120,516
29608,501693,501012,139,246
976,501291,501693,180,417
28359,500515,501715,92,308
11083,500327,500776,73,1159
9432,501697,501266,109,1301
4579,500900,500898,164,763
10588,501146,501631,132,244
6490,500207,501224,143,229
14535,501108,501996,108,313
996,500868,500166,101,320
9304,501335,501768,129,310
11349,500728,500947,28,111
14234,500805,501145,104,209
25362,501213,500459,106,438
29088,501511,500847,69,154
11595,500393,500713,31,121
1070,500207,501390,140,496
20141,501785,501090,163,400
22401,501440,500181,110,293
20103,500241,501944,169,87
26003,501028,501081,116,436
22553,500091,500003,239,404
9381,501491,501490,110,254
29308,500503,501635,45,91
27604,501585,501981,142,786
26839,500256,501070,163,583
5283,500518,501899,108,324
2848,501523,500567,156,1163
21245,501534,501846,34,51
7053,501345,500013,135,132
18904,500380,500578,118,576
2816,500037,501313,139,239
10292,500199,500110,138,296
3259,501379,501861,156,353
3500,500316,501606,146,408
7841,500521,501694,164,543
4322,500212,500046,189,667
29119,501964,501964,157,365
9669,501616,500647,195,468
646,501112,501926,131,511
27888,501944,500877,133,320
14287,501470,500200,104,787
17674,500497,501674,102,392
29446,500528,501457,147,236
3312,500497,500449,147,236
16091,501825,501153,139,509
10123,501858,501226,144,139
11981,500308,500505,149,740
6324,500609,500805,173,353
11228,500264,501553,190,302
10618,501619,501542,148,455
4434,501858,500708,25,92
27237,501621,500210,58,93
22236,500394,500314,36,50
25487,500233,500661,149,155
3961,500293,500363,188,114
11372,500845,500328,143,294
28799,501716,501465,168,176
16372,500211,500262,100,227
15386,501511,500690,187,186
4492,500099,500009,145,315
3201,501850,501645,80,298
26917,500788,500344,150,630
27173,500570,500512,52,596
5628,500278,501040,150,344
13494,501844,500902,71,502
26708,500267,500281,29,125
2190,500610,501219,108,393
4318,501587,500059,146,444
17856,500236,500255,144,196
12502,500181,500293,88,562
6886,500449,500395,131,601
27521,501288,500957,156,171
468,500042,500901,35,115
13144,501658,501785,74,147
4070,501361,500767,141,626
21658,501631,501092,107,214
11315,501225,501971,162,496
14131,501880,501228,38,81
6483,501990,501450,121,748
23195,500672,501509,116,206
10731,501728,501553,121,362
16607,500673,500319,116,540
14512,501153,500541,19,127
14780,500567,501996,106,358
338,501367,501055,152,140
21950,501677,501606,122,416
10873,501888,501532,175,519
9211,501611,500982,150,317
3123,501515,500733,45,98
2649,501990,501193,0,97
1808,500169,500925,36,138
24853,501319,501146,131,398
17502,501757,501860,100,430
4026,501116,501965,47,197
13250,500384,500419,135,332
25904,501867,501074,18,78
4179,501526,500828,27,149
1574,500111,500174,108,390
2346,501448,501829,119,288
4666,500693,501730,11,119
20999,501464,501537,207,271
28633,501428,500312,50,98
28570,500002,501291,208,480
15367,501465,501436,143,218
23060,501492,501010,191,846
9136,501059,501152,62,302
13764,501142,500847,155,828
10148,500184,500771,185,280
20396,501145,501667,86,390
10208,500046,500857,98,333
14390,500410,500862,142,246
5360,500607,501403,170,452
6213,501788,501130,165,287
7206,501503,500368,138,242
24328,501310,501772,160,563
1375,500982,501179,2,116
12903,501268,501615,117,360
21816,501361,501941,167,317
29365,501946,500945,21,91
4161,500902,500800,146,217
19929,501293,501865,164,421
19136,500262,500982,127,263
23709,501271,500739,119,464
21547,501882,501926,64,139
15511,500211,501483,154,469
15535,501247,500518,111,358
25837,500919,501922,182,459
397,500582,500094,15,188
2919,501177,500280,134,492
9964,500783,501002,93,280
1000,501513,500415,169,253
11505,501467,500730,102,443
9391,501545,500580,154,327
6965,500156,501670,98,451
22222,501078,501662,147,464
15713,501536,501120,115,294
24925,500629,501904,212,380
25737,501828,501412,123,476
8309,500734,500297,169,300
1359,501382,501246,139,301
4854,501027,500745,121,224
27048,500034,500675,196,507
20156,500354,500626,18,160
15600,500733,501639,103,265
21460,500490,500849,33,138
4177,500749,501432,216,630
2991,501704,500144,208,518
11843,500457,500758,142,595
20591,500497,500346,166,399
19666,500733,501614,34,72
17907,501696,500815,22,100
6824,501271,501069,147,1349
11948,500284,500472,93,199
25708,500416,501130,198,326
16713,501985,500759,79,1021
5746,501130,501691,135,555
15941,501975,501881,152,527
5540,500037,500625,155,278
2944,500420,501309,160,446
18374,500399,500255,129,415
14499,501053,501139,131,745
25537,501177,500718,136,256
3303,501858,500667,194,694
4912,501519,500580,16,36
15541,903767,501071,125,270
21342,501503,500304,145,463
10104,501862,500678,140,381
27482,501627,501791,32,68
20895,501145,500367,191,386
20555,501890,501894,157,409
5955,501576,501754,109,247
3712,500411,500965,26,95
18125,501763,501571,110,468
16957,501067,501136,8,196
5542,500120,500436,154,456
15788,500001,501804,19,253
454,500079,502000,187,432
24491,501162,500775,20,121
14183,501373,501509,143,358
14594,501581,501814,161,530
8339,500792,500042,19,119
7771,500608,500759,141,288
29110,500333,501847,135,320
23234,500731,500293,163,315
7289,500896,500487,188,694
1423,501226,501122,38,113
10213,501696,501320,26,203
12123,500547,500410,156,332
15007,501753,501492,175,348
9836,501138,501931,62,74
23461,501884,500980,131,581
17450,501690,500501,175,78
21491,500546,501386,169,639
4582,501269,501331,148,217
27749,501864,501386,155,405
369,501014,500996,160,400
17566,500186,500784,30,81
18172,500068,500459,153,521
27831,500413,501887,110,304
17373,500415,501865,219,596
8991,500712,500202,168,999
8962,500880,501159,92,302
12243,902451,501255,97,211
15034,501430,501655,139,340
18487,501805,500788,149,221
6168,501128,501620,205,308
17282,501713,501467,155,352
29790,501479,501920,112,303
6099,501830,500923,147,139
9661,501706,501668,195,273
21519,903275,500480,148,640
9264,501000,500454,185,710
14615,501202,501119,138,350
25270,500350,500816,7,109
5152,501109,500487,177,819
22867,501759,501628,154,584
26322,500386,501495,114,608
4706,501136,500384,111,274
26143,500804,501155,98,266
26004,501288,501136,193,619
6757,501421,500874,203,168
22382,500284,500204,111,580
12728,501611,500725,124,385
3289,902119,501390,33,147
13161,501904,501015,122,315
26019,500941,500816,128,348
28514,501362,500632,159,416
10385,500071,501273,29,199
29075,501144,500960,138,370
103,500375,501068,64,180
1726,500725,500123,175,226
21778,500867,501825,148,259
25985,500512,501127,166,304
3567,501662,501677,157,390
28295,501919,501328,33,76
11710,500437,500151,39,113
1837,501640,500123,158,696
28886,500668,501036,140,623
16722,500584,500282,145,1331
18616,501793,500559,178,292
16231,501628,500457,174,621
14576,501066,500249,194,421
3384,500952,500128,144,147
15213,500689,501117,135,976
19566,500208,500381,119,284
7052,500481,500228,14,251
29867,500159,501820,36,132
27344,500926,500609,28,163
7994,501043,501696,27,121
2948,500087,500079,128,1045
29328,500515,501036,135,458
12458,501797,501760,47,166
26696,500008,501293,39,974
14878,501380,501988,68,110
13186,500135,501453,133,277
24945,500817,500164,159,368
24146,501400,500891,150,850
10239,500993,500501,140,564
19437,500239,500294,150,342
27829,500280,501048,169,999
27271,500314,501093,109,540
13885,500904,501728,215,456
27768,500640,501886,123,299
11479,501101,500134,45,122
2479,500225,500314,142,542
19473,501214,501833,150,144
7846,501862,500266,124,424
19814,501509,501423,100,383
1613,500513,501678,151,311
27859,501054,500457,14,106
4378,500057,501993,97,576
11987,500061,501450,182,185
6900,500201,501244,140,1168
6422,500018,500317,50,151
26550,501814,500391,138,610
20117,500676,500725,190,330
28600,500004,500914,112,399
21794,500844,500460,139,272
22400,501189,501597,57,90
29453,501763,500004,162,310
25015,500932,501267,123,601
10004,501153,500711,122,432
2108,501390,500225,123,468
23936,500026,500111,144,1167
17541,501423,500176,162,391
21614,501795,500057,81,359
10858,501577,500862,180,435
28814,501577,501451,6,116
16882,501647,500191,58,82
14262,501143,501609,63,228
29731,500314,500096,40,225
10678,500607,500916,109,229
7999,500554,501647,1,130
1251,501661,500599,116,281
4540,500605,500100,182,518
7790,501071,501141,99,1240
20298,501542,501246,146,525
1626,500188,501000,109,836
24276,500221,500247,42,119
29567,500282,500497,107,517
10706,500653,500149,69,195
24872,501677,500795,165,218
11164,501349,500639,149,475
15694,501652,501015,144,466
1595,500026,500419,165,344
4949,500065,500134,163,729
3378,501179,501583,193,286
16184,500123,500916,172,340
26480,500805,501773,96,390
11792,500551,500993,132,449
16561,500611,500321,132,429
1616,501149,501951,202,136
27210,501332,500745,156,566
29910,500788,501837,142,369
12055,500296,500382,165,229
7440,501996,501966,133,463
4522,500902,501353,174,378
3329,500447,500346,119,247
5468,500114,500498,152,538
2168,501888,500318,196,345
22098,501157,500704,233,448
15431,500795,500196,138,373
11618,501762,501756,138,422
27635,501072,500497,204,272
2647,900865,500900,81,527
20537,501995,500284,139,843
13881,500172,500471,126,614
931,501274,501818,143,268
15024,501389,500758,45,99
10222,500796,501882,73,280
3830,500925,500135,138,286
7451,500446,500885,108,454
27198,501568,501798,117,205
3537,500258,500472,87,682
9722,500579,501082,135,879
1419,501763,500356,128,460
11356,500204,500920,139,240
14976,500295,500870,95,346
23445,501404,500676,181,349
10586,501310,501443,10,132
29144,501494,501639,161,264
11563,501999,501899,115,288
23745,501675,500211,111,567
25873,501806,500501,145,469
11033,501819,501414,113,753
14245,501925,500965,129,379
15442,501967,500959,153,301
15359,501718,500257,157,132
22664,500616,500481,63,82
28893,501591,500143,80,285
25913,500676,500753,147,489
24237,500730,500485,118,245
25384,500942,500029,200,261
28683,501960,501023,131,1390
15348,500495,501573,94,418
15307,501744,500197,92,642
17161,501806,500535,146,550
1239,500972,501076,150,125
10516,501428,500189,150,233
10112,500543,500105,79,547
21175,500897,501888,101,489
26728,500272,500419,130,320
3380,501000,500663,110,471
6786,500902,501174,124,602
27538,500005,500582,12,136
4944,500758,500839,150,457
15657,500581,500873,177,637
13608,501918,500628,156,259
9529,501268,501208,97,311
7,500752,501119,135,182
1855,501636,501448,112,368
29946,500115,500729,154,438
26403,900492,500098,141,428
13435,501107,500680,69,70
13094,501036,500609,149,230
13400,500084,500527,102,913
23896,500701,501777,141,286
23007,501202,501198,187,334
26882,501899,501834,134,633
12314,500037,500003,183,627
19508,500571,500759,112,262
24603,501968,501066,182,484
16990,500075,501130,148,590
3199,501057,501628,146,483
4602,500193,501201,140,301
23314,500106,500439,27,139
8638,501344,501969,3,220
17788,501726,501918,166,301
12283,501489,500060,213,217
27721,501956,501622,116,403
8845,500311,500019,45,116
8093,501340,501776,105,252
11530,500627,501718,114,336
26806,500842,501756,156,497
3422,501071,500957,120,448
5931,500597,501320,192,183
9254,501607,500057,90,226
28749,501802,501619,104,287
675,501636,500911,148,430
22785,500787,500424,50,166
9811,501584,500747,149,234
22836,501032,501168,147,220
25407,500857,501693,104,462
13925,500583,501457,42,256
24923,501982,500369,34,126
14707,501869,500780,115,369
14686,500262,500871,91,253
26205,500877,501787,93,261
4285,501338,500981,141,572
14890,501433,500158,181,447
26474,501032,501993,143,644
27232,500760,500336,144,602
1342,501727,501568,185,449
2004,501423,500619,124,362
3994,501531,501361,52,146
2638,501251,501542,107,331
9155,500343,501011,105,494
9922,500294,501215,81,263
22551,500658,501784,101,986
17016,500925,501727,150,429
7001,500952,501996,160,281
14667,501818,500294,165,879
3565,501076,501129,40,354
8978,500847,501166,187,652
7450,501570,501989,125,834
18932,501403,500440,48,142
27474,500708,500024,24,88
26209,501549,501233,26,174
4682,501333,500266,170,378
13129,500192,501239,145,386
7880,501862,501390,121,738
9607,500856,501880,178,550
12933,500150,501263,0,78
27905,501059,500647,88,381
4106,500223,501501,35,155
4493,501868,500163,12,99
4031,501709,500525,57,95
4308,500289,500799,46,927
15069,501421,501379,110,330
20006,500121,500509,38,146
13291,501635,501495,105,648
25018,501793,501931,187,289
22697,500597,500988,106,184
26189,500237,501467,129,266
11512,501690,500022,18,98
29859,501754,501353,138,608
3526,501849,501914,42,212
12488,501693,501786,148,476
25997,501888,501457,155,282
10926,500787,500178,37,150
18108,501948,500636,96,237
24058,500683,501069,115,150
20460,501619,500140,118,408
9492,500923,500080,139,211
21690,501266,500747,153,456
8717,500538,500309,141,419
14694,500085,501154,52,200
25588,500972,501973,135,931
4283,500395,501495,120,566
20493,500717,500712,47,241
24439,501034,500455,156,390
19916,500487,501719,156,457
14762,501601,501048,87,184
2855,501443,500654,133,372
10954,500496,501098,163,350
28184,500302,501263,96,282
18544,500935,501146,114,263
5574,501057,501751,186,603
5490,501570,500633,145,447
6930,500002,501383,179,531
8819,500999,501407,181,201
335,500744,500531,38,108
23892,500043,501744,65,315
3924,500524,501231,124,630
18881,500038,501581,34,37
27907,501304,500559,163,509
1192,501432,500154,40,95
29249,501684,500516,116,152
3566,501091,500721,15,77
13274,501386,501651,30,120
1102,501651,500526,141,478
10493,501570,501244,184,596
2983,501386,501598,97,362
3068,500222,500267,139,998
26975,501784,500104,67,1280
25368,500312,500244,210,469
10140,501467,500986,140,613
8321,501313,501128,125,169
21171,500854,500670,183,325
22642,501760,501662,110,163
3149,501523,501238,82,273
10868,501715,501506,129,509
29052,500185,500668,106,203
13580,501108,500837,197,770
9344,501225,500299,192,331
26671,500986,501193,207,360
28305,501319,500518,196,580
12460,501700,501236,144,789
28656,500440,500792,162,189
2645,500559,501645,163,141
14823,500077,501718,44,129
16227,501491,501282,166,364
16138,901417,501931,184,382
2731,500672,501772,114,336
2181,501046,501743,138,655
7865,501376,501706,116,661
22985,501736,501112,160,296
14910,501880,500121,12,92
10445,500392,501880,100,517
22413,501028,501260,39,209
26262,501322,500667,148,287
20062,501090,500021,177,425
1083,501149,501993,152,509
4247,501943,500605,136,157
10042,501002,501687,141,755
16858,501313,501233,33,76
21820,500346,500413,184,423
2821,500432,501087,91,332
12288,500506,500900,41,50
10103,500364,501975,52,159
18424,500926,501564,161,581
9486,500066,500542,95,412
28909,501628,501726,144,315
11893,501048,501924,115,290
17184,500556,500655,166,300
28940,500773,501161,22,126
18683,501847,501666,105,633
15163,500057,500159,175,275
28266,500088,501689,114,483
815,500256,501697,206,313
7628,500009,501295,203,335
17231,501991,501716,9,59
11779,500507,501760,57,75
6914,500193,500038,42,89
21249,501268,500781,144,186
18318,501545,501112,184,411
7717,501740,500298,163,446
15733,500586,500930,148,493
4305,501737,501114,113,113
28405,500296,500546,137,148
11271,501786,501818,147,466
22144,501515,501722,0,90
13257,500368,501025,143,787
15865,501418,500112,89,464
22235,501407,501697,108,645
11617,501372,501916,132,368
5323,501828,501274,200,351
10344,500464,500395,198,776
16808,501054,501615,64,189
1490,501407,501390,26,128
26642,501379,500566,162,640
9020,501487,501951,90,403
12451,501167,500300,19,103
11303,500114,500838,148,705
14166,501571,501202,148,244
12028,500070,501767,141,1017
11383,500061,500003,102,395
29496,501676,501249,68,909
18571,501355,500390,183,508
24701,501237,500706,150,271
12705,501367,500117,83,875
21544,500668,500390,127,502
23602,501875,500018,182,391
8271,500738,500123,147,290
23886,500809,501216,70,257
23301,500450,501122,63,251
6865,500938,501645,107,137
12931,501894,501948,6,104
21467,500328,500456,36,132
4788,500896,500202,23,79
772,501114,500781,102,501
14078,500005,501962,65,72
29619,501494,501165,59,213
12692,500373,500577,33,112
18576,500006,500370,112,171
1225,500099,500553,135,1360
17360,500825,501743,187,250
8584,501346,500460,144,1372
21797,500753,500753,173,259
10701,501418,500678,86,223
23558,501960,501924,219,233
6477,500484,501054,112,271
15771,500770,501219,165,219
26705,501295,500105,59,237
10129,501345,501364,116,154
19350,501752,501934,169,543
26560,500392,501020,16,66
2264,500028,501324,176,332
17963,501379,501322,178,437
5975,501113,501037,92,347
16750,500214,501213,80,312
5707,902408,500088,166,500
12364,500335,501734,167,411
27142,501361,501117,140,437
25138,501637,500122,64,223
17171,501305,500471,147,398
13646,501257,501955,40,120
28300,500729,501944,125,438
13543,500910,500856,180,598
13733,500434,501684,12,71
19200,500969,500203,149,632
4140,500842,500334,150,661
7798,501201,501467,174,504
12682,501487,500952,116,227
12022,500995,501255,182,263
8734,501666,501310,159,611
24525,500932,500311,143,570
25252,501518,500064,116,197
12604,500066,501204,148,354
28126,500882,501197,152,438
4612,500248,500478,34,254
8572,501236,501612,164,695
28948,500807,501580,26,154
18868,501603,500282,55,75
29772,500009,500206,142,551
27457,500314,500856,133,431
27997,501726,500725,131,668
24129,501490,501760,98,497
549,500735,501890,97,556
21653,501721,500806,113,476
859,500267,500737,172,381
20989,501106,501931,119,395
3316,501118,500553,41,165
5352,501683,501382,131,312
15882,501093,500420,170,374
29033,501161,500066,105,283
21595,501520,500914,138,1492
16084,501185,501373,153,785
9290,501930,500654,32,109
14654,501583,501531,154,451
10812,501038,501345,151,234
8931,501685,501418,147,206
13444,500904,501058,69,195
24327,500373,500366,193,491
689,501894,501612,71,363
10176,501781,501907,110,346
19736,500049,500359,146,445
25193,501969,500006,193,706
17258,501098,500005,110,505
26417,501203,501577,43,65
1691,501658,500365,135,650
10231,501883,501090,216,362
18636,500817,501070,129,341
2418,500123,500911,180,266
17811,501324,500025,54,475
24630,501784,501207,38,201
17481,500631,501452,105,486
18504,501518,501255,128,267
17569,501762,500038,49,110
8872,501775,500723,154,343
5860,501848,501754,182,494
18342,501652,501311,171,1289
5293,500133,501764,101,292
10049,500496,500327,130,537
6918,501305,500862,89,181
10689,500819,501825,47,78
18918,501331,501456,109,135
23355,500458,501451,40,99
25958,501716,501768,158,569
3848,500781,500904,67,232
9306,500061,501662,170,513
19953,500267,500174,111,433
22592,500184,501091,109,147
10062,500149,501409,138,116
9037,501564,500424,142,603
26186,500885,500570,148,617
18090,500706,500629,151,555
25640,500156,501295,154,238
26886,500535,500099,182,300
21278,501387,500381,114,428
12339,501865,500084,135,700
21776,501087,501713,113,349
6351,501268,501946,159,265
12218,500725,501847,163,318
14590,501944,501757,121,1005
5722,501212,500336,155,227
25785,501740,501072,170,342
15302,501489,501173,109,355
8094,501450,501865,107,481
27145,500075,500241,161,325
12271,500438,501232,176,631
17289,500218,500076,192,622
22946,500584,500683,136,535
20981,501683,500717,39,133
18177,501341,500830,97,331
28729,500909,500109,163,685
5696,501861,501926,29,114
1016,500706,501068,117,1055
25469,501912,500974,160,172
10558,500177,501591,104,887
3548,501721,500698,201,285
23931,501846,500970,195,270
28298,501691,500424,153,413
9977,500431,501912,161,475
16116,500119,501734,143,791
23510,501114,500548,75,308
22177,500084,500213,100,598
2861,500318,500720,167,392
4098,500662,501909,167,175
8097,501573,500441,134,242
15360,500880,501346,172,409
11101,500579,501305,118,368
24046,501684,500045,109,964
18170,500143,500547,96,382
17335,501756,500678,83,417
17474,500191,501724,136,228
14110,500893,501084,32,151
8003,501149,500050,153,166
25235,500738,501112,77,810
25717,501576,500925,84,576
23716,500581,501582,117,567
16064,501746,500160,45,191
12304,501418,500367,178,570
20467,501081,500265,74,688
7888,500716,501992,122,196
3629,500318,501331,159,260
24126,501969,500415,127,433
26423,501092,501234,114,240
2097,501267,500751,131,427
14433,501711,501961,62,86
19707,500739,501082,128,392
22865,500625,500710,164,763
12508,501453,500356,66,191
3613,501439,500010,140,575
14174,500639,500371,160,495
22440,501980,500267,186,320
22842,501407,500011,52,117
1425,501079,500065,89,444
19381,501535,501323,106,327
24008,501272,501251,25,267
18213,501899,501251,142,907
24715,500518,500335,5,115
1798,500999,501537,190,174
344,501056,500042,147,424
15262,501019,501027,144,1062
26059,501852,500721,154,278
904,500266,500414,206,380
2371,501362,500709,155,944
20666,501971,501945,148,859
5231,501689,501734,159,259
9364,500533,501901,132,192
24057,500711,501883,116,291
27775,500529,500526,165,944
28989,500931,500185,109,389
24943,501290,501341,129,715
11820,501125,501929,122,367
15847,500578,500988,134,543
4945,501127,501490,174,610
18915,501533,501170,183,434
3146,501890,501699,53,100
6706,500557,500912,51,67
14396,500662,501865,27,86
22026,500117,500274,151,237
27092,501985,500993,153,462
15791,500523,500545,60,79
12572,501679,501537,127,253
18740,500144,500342,112,428
2840,500268,501600,175,643
719,500410,501609,130,194
23418,500779,500086,122,495
4484,500659,500859,28,35
4935,501246,501150,32,224
17854,500991,500661,128,181
1139,500900,501980,144,318
21184,501853,501212,190,166
29302,500323,500792,130,659
5361,501725,500607,193,605
20913,500368,500839,163,496
18355,500134,501592,131,419
10795,500910,500082,162,477
3584,500390,500880,136,424
3532,500401,500217,168,191
11992,500818,501580,115,656
2206,501598,500910,206,280
26363,500099,501675,117,582
6537,501148,500739,128,320
22251,501515,501918,0,299
18101,500915,501219,104,404
7372,501073,501792,140,426
16317,501519,500478,160,423
16346,501271,501970,146,792
5620,501531,500597,79,506
3018,501777,501178,143,256
21805,501656,500912,104,533
17120,500270,501538,46,81
10053,501584,500527,211,1797
20473,501239,500927,122,478
22911,501251,500266,135,893
13610,500003,500754,101,383
22463,500987,500115,142,701
15982,501153,501107,134,572
13412,500609,501311,117,322
26645,500164,500218,115,1066
24587,500176,501088,160,385
16980,500339,500532,136,993
3801,501695,500495,121,301
21914,500470,500662,204,684
26418,500629,500614,48,265
351,501817,501929,122,231
571,500581,501644,121,230
14811,500856,500447,117,933
14803,501438,500993,126,293
21045,500599,500667,174,433
1403,500570,500470,0,75
19521,501384,501341,25,297
1570,500993,501542,111,179
24127,501293,500481,94,171
28511,501765,501029,12,64
26042,500723,501661,136,861
26895,500401,501087,143,269
16599,501983,500082,43,57
16669,500546,500989,50,93
14466,500447,501964,0,170
12577,500846,500036,82,252
10719,500447,501414,197,343
12803,500512,500847,120,441
24977,500274,500512,148,423
15056,500088,500006,126,558
20129,501370,501384,168,627
16358,501397,501750,95,225
13533,500181,500502,104,291
19978,501792,500792,101,383
6287,500754,500442,148,626
16745,501075,500776,34,143
20437,500259,500376,176,293
19193,501272,500982,124,821
3836,500651,501024,135,830
20438,500554,501143,19,315
18928,500033,501040,152,596
9480,500472,500943,41,43
22932,500938,501860,121,659
1872,500248,500427,124,331
26109,501220,501784,167,631
5621,501683,501675,174,394
18555,500753,500245,21,79
24367,500728,501715,132,368
19918,501875,500886,143,312
14329,500854,501300,167,248
22523,501070,501515,172,256
15273,500962,500212,188,665
27052,501744,500974,178,237
14073,500202,500734,142,170
32,501750,500767,43,83
3778,500714,500065,212,365
7085,500191,500475,166,383
4548,501628,501356,119,709
13640,501410,501033,135,244
1253,501437,501037,48,102
10730,501421,500609,119,636
8927,500581,500854,96,325
24812,500617,500265,57,231
16283,501307,500608,129,330
10422,501542,500710,143,218
26184,501393,500079,111,272
2385,501749,500847,126,990
12709,501060,501819,143,472
9406,501869,500633,173,271
5912,500893,501367,165,358
1620,501016,501625,125,505
82,500090,500816,139,564
25391,500134,501601,159,261
2851,500013,500427,177,245
20134,501213,501027,121,285
1317,500633,501802,80,150
2416,501763,500119,141,474
21360,501894,501981,125,475
11445,500990,500597,196,786
16945,501466,500029,23,64
528,500871,501697,94,310
3432,501850,501054,211,421
15198,501102,501102,162,292
15098,501817,501706,190,719
6990,500870,500819,112,237
14555,500538,500155,144,173
24178,501185,500516,173,479
12473,500809,501788,41,109
2501,500808,500219,136,394
9924,500436,501982,105,445
22880,501045,501438,20,218
1067,501032,500441,119,351
58,501832,501263,34,182
8169,501055,500520,125,368
16126,500464,500832,148,241
20963,500284,501424,163,215
25619,501255,500661,170,548
19029,501893,500239,51,84
23386,500743,500950,139,269
283,501445,500513,161,568
21330,501853,501520,179,382
9560,501911,500215,28,99
5297,500208,500361,249,490
21637,501814,500857,147,182
26951,500111,500636,133,413
25287,500379,500601,70,127
26974,500716,501536,158,543
15863,500295,501850,45,45
7165,500741,500113,0,119
5693,902988,500308,182,415
12007,501689,500988,166,471
4892,501068,501678,140,473
9932,500098,500294,96,368
24214,501058,501524,79,413
21338,500547,501383,141,507
18921,501616,501531,192,941
15755,500309,500709,100,179
188,901192,500668,168,317
5242,500848,500342,97,564
29452,903369,500415,163,796
23157,500142,501323,119,273
19026,501504,500236,132,449
8643,501050,500385,155,122
709,500982,501718,158,334
18936,500544,501717,99,619
28876,501583,500896,174,237
10815,501985,500415,112,624
5503,501361,500261,134,410
27483,500344,501899,184,476
1345,500028,501817,132,392
12311,500241,500957,144,469
6925,500654,500420,129,263
13462,501465,501581,119,317
19344,501225,501572,186,365
10196,501943,500179,173,313
20293,501330,500390,99,538
23291,501211,501503,164,326
23899,500750,500970,131,281
21267,500620,500844,6,141
9469,500723,501263,159,372
2367,501213,501081,150,488
19769,501247,500988,106,186
8479,501695,501191,156,635
24860,501533,500839,200,241
12671,500542,501639,146,181
9378,501948,500942,181,238
21062,500067,501564,75,446
12516,501620,501837,107,269
25561,501754,501527,211,490
365,501488,501780,133,666
21031,500457,500531,149,370
2156,501728,501706,140,376
8732,501070,500999,202,523
21000,500367,500840,141,188
19765,500034,501029,163,151
5168,501865,500121,122,388
22458,501147,501611,160,596
29307,500754,501609,147,469
15304,500506,501231,110,311
23310,500489,500176,198,446
29414,500714,501113,124,482
26440,501727,500818,155,543
15674,903579,500780,152,415
22453,500711,500924,169,255
22133,501929,500792,180,836
297,501765,501146,102,555
6046,902928,501638,110,536
25134,501919,500680,123,467
8619,501040,501580,155,481
20840,501681,501820,112,356
6203,501955,500426,54,131
21974,500759,500382,136,236
2229,500902,500002,153,237
26827,500036,500191,138,303
2216,501895,500609,127,270
17604,500919,500232,111,397
6749,501804,500580,156,257
9169,500721,501810,127,798
5891,501703,501491,130,539
23658,500298,501895,128,536
19536,501901,501409,171,684
28508,501073,501080,180,263
6092,501925,500335,195,620
25950,500463,500295,101,508
2626,501558,501744,26,150
17607,500615,500792,123,302
11401,501721,500204,68,516
17462,500437,500467,18,249
11123,501185,501967,43,603
29232,500840,500592,54,250
7728,501993,501839,108,489
13322,501440,500151,179,488
16714,500733,500323,155,265
1494,500773,500374,46,130
14492,501177,500081,152,1272
270,500679,501043,138,259
18279,501834,500689,142,184
26468,500528,501860,193,288
7320,501062,500522,125,364
6870,501394,500300,98,902
18034,500233,500756,152,542
16256,501222,501314,155,365
22941,501045,501032,133,448
6847,500435,501778,172,693
16473,500143,501331,115,728
4229,500810,501644,23,208
4626,500050,501901,129,534
3348,501348,500801,6,142
4722,501267,501141,107,253
13045,501776,500267,102,372
22199,500750,501363,102,457
25746,501089,500785,44,126
21051,500908,501313,96,872
9122,501912,501587,112,254
15134,500874,501394,199,176
8427,500647,501103,93,209
24037,500363,501684,31,89
11923,500467,501734,137,508
6492,500514,501573,110,866
12114,501033,501734,100,741
1216,500517,501625,135,165
26276,501747,500806,107,432
1246,500124,500930,199,496
12391,501588,501053,151,423
26866,501353,501461,143,314
22264,500789,500403,24,242
29628,500191,500056,134,682
24321,501859,501764,183,768
4776,501728,501866,183,401
2747,500284,501611,144,476
4043,501755,500373,205,169
24050,501199,501652,127,498
6038,501942,501545,43,135
26208,500493,501316,125,339
24866,500498,500138,110,639
910,501997,500891,116,292
13907,501214,501054,139,371
21436,500178,500128,133,184
23595,501471,501458,192,621
15926,501099,500081,166,538
24882,501039,501131,60,159
4114,500364,500412,50,152
24628,500593,500252,233,193
27623,500010,501923,161,117
20817,501868,501431,142,512
20594,500805,501002,175,346
21001,501689,500858,116,227
23592,501785,500400,145,476
25475,501170,500029,152,831
4813,501625,501712,95,202
21120,500771,500188,182,397
11172,501038,500002,104,708
25935,500651,501423,51,122
19325,501573,501752,155,523
21927,501227,500366,194,376
7072,501328,501120,93,590
28237,500818,500621,160,319
19692,500886,500706,167,347
13284,501685,500640,177,417
6409,501278,500929,36,83
25507,500475,500920,146,303
27373,501269,500104,157,617
10398,501532,500870,113,458
8013,500626,500467,21,173
27427,501147,500997,165,904
5109,501424,501520,74,425
15466,500880,501328,200,492
29786,500517,501436,164,440
19715,500605,501029,83,665
4008,501461,500460,147,629
25221,500987,501588,165,514
7296,501563,501273,127,402
12737,501457,500318,174,489
15500,501872,501202,140,1101
12121,500138,500593,140,481
27461,500432,500745,116,291
22821,500346,501047,24,99
18919,501340,500645,71,158
21706,500147,501364,14,50
13983,500709,500503,193,291
7499,500597,500499,60,82
13451,500750,500436,120,378
14410,501102,500304,189,500
14929,501051,500818,211,427
8404,500228,501082,189,750
23039,501425,501073,108,273
3563,501383,501752,164,303
6406,501881,501332,146,265
28801,500210,501147,120,415
3014,501825,500436,119,182
22017,501869,500328,125,410
13398,501691,500266,104,522
15204,501806,501780,72,98
23784,500675,500971,189,722
15554,501162,500354,136,281
17328,500112,500410,62,95
24275,501718,500214,122,280
6875,500284,500063,62,352
14764,500811,501246,51,132
9460,500082,501087,168,432
24066,501103,500671,149,702
7851,501357,500287,88,1399
18221,500788,500779,151,424
28328,501479,501062,108,742
12189,500953,500116,123,246
15048,500874,501963,140,396
3038,501679,500155,194,566
2583,501943,500690,76,457
9777,501985,500758,198,543
8781,500682,501445,175,456
20090,500565,501238,159,284
23180,500199,500932,10,56
4021,501679,501934,221,548
20734,500151,501723,118,311
28810,501723,500206,130,335
23210,500609,501563,130,261
10068,501611,501063,114,854
4083,501892,501028,111,734
3958,500462,501951,190,364
21344,501085,500268,118,580
28669,500071,500716,93,225
11511,500725,500131,139,384
11183,500697,501293,59,242
5388,500800,500912,101,420
22136,501409,501390,33,35
5474,501070,500305,55,132
23507,500050,500681,144,592
29273,501838,500423,36,137
5810,500061,501105,161,290
1450,500782,500760,137,339
11239,501305,500842,150,309
10106,500864,500789,30,143
4291,500410,501788,106,250
28363,501591,501490,159,525
6785,500028,500633,162,502
7455,500321,501658,100,283
2516,501520,500287,171,490
16163,500385,501560,31,52
20263,501704,500267,127,876
505,501204,501370,51,135
13551,501759,501505,182,227
610,501561,501048,114,306
21387,501631,501739,103,386
23885,501195,500908,116,332
11645,500709,500004,120,461
9466,500599,500925,119,1040
14319,501526,500744,31,150
24023,501667,500700,27,121
12821,500989,500156,193,334
3573,500233,501568,133,410
29009,501142,500745,116,1438
116,501246,500521,127,570
14646,501368,500256,156,673
24224,501270,500605,127,756
19632,501234,500491,137,375
20920,501404,501595,137,368
8586,501745,501073,105,734
20109,501773,501491,100,459
18741,501270,501605,134,432
29220,500465,500726,136,363
6037,500174,501486,184,148
20443,501884,500918,44,131
19608,500885,501116,19,256
14088,500989,500749,70,242
5781,500556,500272,102,1043
17146,500180,500891,94,401
2198,500982,501922,91,307
5801,500007,500673,150,321
12804,501470,501473,237,608
1499,500316,500088,141,166
20803,500339,500899,142,359
4289,500416,500006,159,339
121,501531,501943,111,939
6663,500454,500732,54,192
12056,501553,501305,175,453
22611,500857,501227,134,290
10737,501767,501700,137,225
8420,501711,500576,130,685
17444,501017,500440,81,315
21823,501815,500305,202,597
5690,500487,501518,162,343
16732,501990,500444,108,432
28872,501522,500177,129,361
19205,500347,500856,52,235
25139,501424,501043,117,876
29830,501997,501275,132,492
18835,501519,500691,194,435
22353,501460,500419,205,274
27673,500782,501666,178,55
11281,500392,501269,174,384
13112,500759,501072,122,1191
14622,500961,501902,37,173
3604,501135,501255,168,274
19377,501302,500363,112,438
29431,501970,501911,99,610
28527,500854,500365,82,416
10971,500904,501512,168,361
146,501853,500377,47,139
11521,500953,501568,96,482
18294,500249,500633,163,795
20139,501687,501494,147,776
12704,501860,501113,173,547
3685,500228,501793,188,550
27781,501537,500750,102,789
28697,500939,501553,143,796
21402,501176,500021,35,42
25806,500583,500248,224,275
3102,501103,501394,27,95
23640,501025,501578,17,153
9745,501662,500762,80,428
18414,501362,500805,12,125
5094,501601,501403,137,211
6584,501517,501942,180,508
3876,500143,501066,173,507
6381,500111,501346,95,986
23198,501901,500366,36,139
13120,500132,501410,153,356
509,500585,501608,35,92
27020,501814,500765,112,615
18054,501433,501473,152,259
22818,501917,500911,140,224
23857,501601,500731,165,254
8829,501512,500678,152,255
29889,500870,500061,169,941
26903,501375,500987,114,350
27066,501658,501024,172,281
26444,501980,501085,147,892
3746,500079,500383,162,545
14424,500322,500646,49,259
20562,501176,501277,18,195
29204,501169,501536,190,320
11926,501152,500725,130,1489
9098,500054,501870,111,473
19104,500962,500437,47,419
13021,501497,500733,125,541
5340,500302,500995,22,88
18251,501630,501799,63,125
3815,501506,500197,191,669
16424,501425,501678,57,656
15628,501306,501521,127,707
2691,500259,500279,55,485
3076,501452,500039,121,868
20971,500812,500628,120,416
23115,501471,500046,157,596
17767,901808,500988,173,742
14613,501507,501148,149,141
24259,501033,500464,193,201
3791,500336,500327,201,838
1503,500501,500876,95,142
11339,501951,500382,122,402
8531,501798,500318,141,263
3284,501743,501141,102,363
207,500853,500904,69,60
10667,500495,500067,158,1319
12234,501193,501231,163,651
23810,501093,500124,97,372
8697,500134,500336,41,190
12715,501443,500496,84,1040
28241,501587,500804,173,555
17881,500633,501654,99,653
15491,500251,500681,197,170
2988,500698,501199,163,124
16031,500143,501159,136,166
15416,501628,501781,148,729
8014,501045,500783,41,81
5678,500311,501421,143,1023
6542,501053,501622,141,514
18289,500292,500278,30,78
19509,501512,501550,143,264
17994,501220,500457,112,396
8597,500545,501755,134,457
15527,500063,500124,122,434
29557,500484,501618,168,507
2910,501489,500637,14,152
15860,500654,500296,119,303
672,501010,500080,120,382
11908,500548,500657,180,563
11816,500328,501045,124,556
7465,500788,501853,148,418
14867,500742,501732,28,138
16226,500298,501304,86,519
25874,500924,501440,170,326
10188,500514,500807,34,131
11855,501179,501461,168,605
3376,501313,501107,150,232
6771,501968,501505,149,574
11299,501652,501212,104,232
8310,501517,501552,152,237
17239,501456,501143,118,245
10214,501114,501907,98,179
25721,501238,501176,43,62
28555,501969,501628,125,898
25339,501178,501763,143,556
15786,500705,500265,135,411
11823,500890,501232,121,213
10451,500960,500808,147,489
28030,501448,501904,21,199
13282,501327,500495,134,422
2384,500266,500925,124,1494
26145,501936,501281,51,74
677,500517,500026,146,325
19530,500387,500876,236,477
11498,500126,500781,132,294
19321,501357,501031,199,352
13344,501180,500952,159,368
14354,500075,500747,211,438
6577,501715,500721,133,436
15852,501625,500915,125,384
8614,501478,500475,133,709
17411,501492,501707,138,1010
14790,500813,501868,123,307
27631,500767,500381,53,378
14181,500518,501956,162,478
8591,500008,500064,165,510
17791,500359,500725,73,371
28314,501186,500361,47,198
13523,500322,501171,15,111
3945,500819,500646,101,327
16042,501763,500138,23,156
11831,501757,500633,199,464
22596,501273,500571,184,379
27349,501693,501848,84,303
23264,500752,501683,161,542
28365,500971,500036,179,368
26433,501199,500893,77,451
511,500059,500009,89,125
25681,501162,501998,123,791
28714,501505,500109,130,507
27999,500957,501226,116,639
25961,500637,501225,149,250
6343,500657,501361,155,288
15951,500502,500845,140,424
6850,500064,501600,154,519
15179,500767,501889,112,776
23876,500124,500116,188,345
16271,901239,501535,169,623
13035,501493,500568,18,103
12125,500919,500606,138,496
26641,501715,501787,106,370
3611,500084,501220,29,251
22485,501119,501999,84,231
5090,501825,501595,111,535
16545,500128,501376,132,213
2834,501029,501173,222,601
24248,500894,501844,0,87
8046,500481,500344,180,427
21421,500764,501128,156,193
15333,501148,500208,146,347
9424,501541,501616,88,309
14784,501657,501503,169,196
26845,500169,501936,57,164
15818,501400,500904,193,328
7602,501868,500081,152,398
21101,500566,501883,156,384
20820,500959,501745,149,630
1628,500699,500009,20,44
26703,501638,501174,145,487
3341,501666,501625,136,323
2012,500861,501616,101,290
4052,501326,500609,191,602
6780,500604,500569,44,124
13283,500278,500368,162,221
26758,501370,500757,188,339
24902,500797,500363,106,474
18448,500565,501096,159,653
25175,501212,501989,97,159
29350,501011,500376,124,367
5970,500551,500403,25,165
19663,500619,501570,120,372
9857,501226,501227,201,877
23437,500915,501578,212,433
4534,500400,501485,123,740
25882,500663,500075,162,524
861,501228,501466,154,759
98,501159,501055,183,453
16124,501488,501121,115,221
3857,501525,500478,193,217
19806,500777,500782,132,141
8034,500470,500697,167,454
394,501929,500733,122,795
18890,500734,501965,5,196
16265,500476,500978,174,656
26092,500756,500410,40,98
20387,501725,501627,69,734
28874,500460,500528,167,475
2396,501951,501568,136,418
28006,501522,501406,190,318
21862,501656,501661,5,116
3368,501438,500671,92,232
9728,500110,501096,170,275
26942,501110,501381,161,463
7739,501523,500207,146,308
10164,500838,501978,44,162
11204,500584,500616,176,511
22005,500514,501410,112,652
28629,501486,501568,148,610
6899,500978,501582,114,500
17110,501553,500294,131,309
1160,500960,501752,140,754
3766,501073,501464,88,911
22796,500360,501527,194,554
29726,501275,501712,121,322
2612,501293,501387,122,821
14482,500924,501315,191,131
17259,501568,500831,82,210
21282,501349,501901,160,594
19488,500082,500578,32,200
5985,500811,501463,88,992
14921,500551,501166,141,170
18327,501539,501478,63,184
23534,501804,501403,23,158
9095,501504,501433,181,363
17742,501071,501964,165,387
20320,500814,501448,152,126
8159,500239,501870,167,384
22314,501059,501581,127,324
16487,500830,500322,176,653
7260,500514,501109,106,218
3524,500670,500127,146,150
25867,500805,500599,151,283
19055,501699,501145,46,79
1108,501886,501171,169,341
2015,500899,500401,96,479
7809,501985,500599,164,401
2562,501995,501889,91,732
9563,500553,501989,149,212
6280,501632,501656,30,100
21236,500115,500446,19,176
5541,501545,500142,154,878
7478,501217,501239,91,327
19110,500613,500899,164,372
2132,500911,501611,117,488
5705,501468,501532,105,516
14737,501695,501326,163,579
19311,500120,500774,141,339
19606,501204,501727,115,869
10254,501452,501081,151,847
18373,500926,500704,163,252
4669,500201,501506,169,160
117,501796,501168,178,237
2761,501361,500061,37,79
5555,501054,501884,138,421
9839,501896,500053,22,125
8154,501561,501398,132,232
20210,501412,500435,162,190
17306,501060,500900,162,646
12600,500751,501082,180,305
23276,501011,500625,177,342
1008,501485,500391,196,434
4173,501833,500576,188,342
8837,501234,501325,89,328
23185,501099,500457,141,419
22779,500900,501268,95,287
15964,500681,500844,139,603
8331,501489,500981,182,722
26836,501031,501612,133,369
22529,500080,501193,52,85
16653,500545,500927,13,209
8069,500781,500287,113,152
2470,501668,500320,144,333
23736,500405,500705,142,386
5738,500410,501344,205,443
1193,500233,501818,149,387
17673,501726,501391,157,491
25347,501161,500158,102,574
18145,500007,500776,150,651
7198,501853,501506,131,369
578,500911,500533,165,627
16465,500203,500142,150,585
19926,501922,501976,112,262
18442,501087,501945,39,54
27317,501969,500807,47,97
7142,501652,501189,156,240
18728,500371,500734,142,616
24513,501904,501358,79,732
6636,501639,500947,156,444
17114,501259,501796,53,284
7155,500606,500991,97,1092
29955,500722,500476,122,423
19436,501048,500022,125,434
155,501509,500825,111,921
19989,500800,500139,83,915
9731,501478,500721,51,55
22137,501595,501368,157,435
12330,500537,501195,29,127
13268,500701,500228,166,571
29293,500832,501862,32,156
676,500757,501293,43,119
3117,500272,501327,103,202
12818,500780,501144,155,590
29428,500728,500550,150,446
27862,501304,501873,146,341
10082,501553,501619,147,470
12880,500217,501577,142,358
4412,501715,501255,166,1016
7926,500059,500986,193,586
17836,501713,500930,34,81
18430,500342,500854,168,264
25223,501788,500361,150,1172
7632,500780,500583,44,100
20188,500662,500546,133,362
14860,500728,500546,135,469
997,500453,501633,110,544
24598,501685,500993,177,266
25429,501482,500939,111,390
20483,500345,500678,145,615
27897,501040,501112,197,328
9906,501522,500581,73,542
13139,501473,501655,90,569
28000,501912,500891,84,513
29059,501929,500577,120,176
23277,501892,501159,96,1893
18988,501326,501293,153,218
9250,501686,501441,103,288
24938,501325,501793,77,605
485,501753,500584,151,243
151,501663,501078,134,408
14037,501894,500032,144,303
18462,501596,500184,180,561
7603,501351,500416,37,122
28461,500972,500838,155,273
26792,500432,500996,165,245
26794,500142,501121,60,238
17420,501166,501456,183,702
6509,500070,501460,60,729
29766,500758,500758,133,284
12068,501619,500029,74,748
9452,500055,500624,22,125
24725,500805,501618,125,385
1084,500440,501078,188,361
17139,500204,501322,116,382
19419,501904,500401,129,320
19090,902395,501928,137,310
6819,501158,500679,253,367
6437,500280,500862,146,692
3342,501752,501361,139,266
26668,500531,501912,74,576
8754,501482,500264,162,473
11887,500625,501619,106,482
5562,500142,501282,122,381
26166,500225,501194,130,419
24235,501376,501873,124,446
15308,501296,501974,65,59
9872,501934,500306,39,114
6967,501235,500858,123,71
15778,500628,500981,172,292
8053,500112,501057,211,322
19175,500576,501066,106,347
4420,500542,501805,108,463
2557,500882,500172,111,274
1255,500403,501162,84,527
27487,500758,500957,108,489
23069,501213,500899,129,285
6585,501349,501282,169,604
15453,500238,501268,154,450
15727,500420,501201,121,482
8204,501504,500124,154,855
18980,501924,501656,122,395
11672,501971,500746,169,195
4599,501499,501155,170,490
5585,500084,501226,158,284
7408,500871,500298,109,191
14914,500730,501697,162,386
16340,501878,500090,128,274
20403,501954,501480,44,95
23603,500502,500711,164,388
26199,501466,501651,95,379
6857,501584,500050,96,419
28664,500767,501612,140,320
17858,500166,500154,201,347
28356,500593,500162,110,374
28614,501654,501752,159,176
12543,501561,500714,140,210
25883,501306,501695,159,484
29647,500710,501087,120,226
25382,501633,500436,145,311
5204,500693,500133,22,77
5744,500160,501107,150,296
20498,500354,501653,28,121
9463,500659,500002,155,710
16615,500007,500491,179,296
20113,500131,500004,104,453
24831,500839,501627,116,469
11380,500003,501217,136,439
23082,500993,501149,105,154
28460,501991,500294,83,714
8908,501295,500792,133,192
28925,501436,500542,200,1190
10190,500215,501551,146,347
8615,500117,501479,136,289
10787,501547,501428,116,301
23982,500923,500214,115,315
11248,500706,501857,151,249
20277,501211,500597,47,133
16047,500392,500512,139,226
8074,500769,500028,38,132
13750,501179,501438,123,371
16186,501493,501915,41,92
16373,501203,501439,191,376
15933,500675,501010,144,450
849,500373,501942,162,322
4331,500333,500968,140,294
22680,501466,500269,169,382
26602,501561,500294,163,289
9536,501158,500244,144,346
4983,500513,501894,176,567
5172,500176,500479,140,507
20654,501570,500206,123,483
8254,500706,501677,210,664
18467,501341,501266,103,260
3053,501725,501469,169,246
16220,500673,500026,156,454
5876,501445,500493,110,258
838,501847,500503,155,764
19292,501400,500433,196,377
13428,501825,501805,173,264
27909,501564,501932,133,1053
1219,501760,501451,64,83
5973,500978,501785,132,355
11442,501664,501714,25,70
5273,500991,500776,165,250
25272,501222,500401,126,628
18085,501539,500851,12,108
8031,501153,501973,143,614
17568,501570,500960,47,221
24379,500241,500991,117,142
21916,501129,500076,33,109
24760,500462,501217,169,509
29882,500655,500926,110,449
11308,501986,501062,99,126
18416,501162,501162,161,265
4860,500371,500503,183,590
14404,501945,500087,144,441
14962,500756,500583,145,483
1841,500712,501726,155,412
25931,500702,500284,72,633
14774,501228,501531,112,175
26574,501308,501041,151,245
28516,500472,500669,195,868
25463,500177,501716,134,699
6243,500818,501394,143,417
13772,501311,501651,149,239
11067,500144,501633,197,967
10207,501368,500678,205,377
20879,501399,500193,140,349
19706,501091,500188,185,294
8447,501899,501042,71,94
10454,501314,501082,140,519
20257,501300,501412,158,349
20797,500876,500382,142,184
2617,501869,501612,124,446
22020,500905,501550,158,360
11094,501082,500344,141,314
10948,501662,501899,119,350
4369,500597,500164,155,1556
28016,500693,501942,43,116
9622,500039,501293,87,237
15447,500889,500642,13,109
27950,500475,501525,49,58
10620,501103,500655,169,310
21789,501730,500733,130,294
14912,501740,500529,162,749
17379,501355,501668,49,119
22083,501788,500873,121,260
23621,501036,501670,33,193
14045,501706,500464,164,527
4926,500773,501205,32,69
10564,500812,501581,196,506
7238,500554,500382,147,194
18973,501224,500282,178,312
