pre_id,post_id,synapses
20001,20027,2
20001,20033,2
20001,20038,1
20001,20047,1
20001,20075,1
20001,20079,1
20001,20098,2
20001,20107,1
20001,20109,1
20001,20192,1
20001,20215,2
20001,20324,2
20001,20326,3
20001,20334,2
20001,20340,3
20001,20364,1
20001,20374,1
20001,20402,2
20001,20420,1
20001,20432,1
20001,20499,1
20002,20011,2
20002,20076,4
20002,20140,2
20002,20148,1
20002,20153,1
20002,20242,3
20002,20275,2
20002,20285,1
20002,20297,2
20002,20330,3
20002,20345,1
20002,20355,3
20002,20382,2
20002,20383,1
20002,20392,1
20002,20414,2
20002,20424,1
20002,20442,3
20003,20017,3
20003,20045,1
20003,20050,6
20003,20067,1
20003,20147,1
20003,20148,1
20003,20149,2
20003,20151,3
20003,20161,1
20003,20215,3
20003,20221,1
20003,20246,3
20003,20281,4
20003,20287,1
20003,20310,1
20003,20459,2
20004,20002,1
20004,20003,2
20004,20005,2
20004,20035,2
20004,20038,1
20004,20058,1
20004,20077,1
20004,20105,1
20004,20108,1
20004,20116,4
20004,20121,3
20004,20125,5
20004,20128,3
20004,20142,1
20004,20146,1
20004,20152,1
20004,20156,2
20004,20157,1
20004,20178,3
20004,20187,3
20004,20202,2
20004,20222,1
20004,20224,1
20004,20240,1
20004,20241,1
20004,20263,2
20004,20270,2
20004,20273,1
20004,20277,3
20004,20278,2
20004,20281,1
20004,20299,1
20004,20315,1
20004,20325,1
20004,20347,4
20004,20373,1
20004,20385,1
20004,20389,1
20004,20395,1
20004,20411,1
20004,20414,1
20004,20425,1
20004,20427,1
20004,20442,2
20004,20450,4
20004,20456,1
20005,20016,2
20005,20018,1
20005,20061,1
20005,20068,2
20005,20072,2
20005,20077,1
20005,20087,1
20005,20089,1
20005,20106,5
20005,20111,1
20005,20121,1
20005,20122,1
20005,20128,2
20005,20145,4
20005,20156,1
20005,20161,1
20005,20182,3
20005,20222,1
20005,20244,4
20005,20299,2
20005,20319,2
20005,20350,1
20005,20370,4
20005,20402,1
20005,20427,1
20005,20434,2
20005,20455,1
20005,20456,2
20005,20460,1
20006,20060,1
20006,20070,1
20006,20163,1
20006,20212,1
20006,20280,1
20006,20298,1
20006,20348,2
20006,20384,1
20006,20438,3
20006,20461,7
20006,20469,3
20007,20056,1
20007,20057,1
20007,20066,2
20007,20093,6
20007,20105,1
20007,20122,1
20007,20124,3
20007,20168,1
20007,20184,1
20007,20222,3
20007,20244,1
20007,20248,1
20007,20255,2
20007,20265,1
20007,20282,1
20007,20285,1
20007,20294,1
20007,20300,1
20007,20321,1
20007,20333,1
20007,20335,6
20007,20337,1
20007,20410,1
20007,20429,1
20007,20437,1
20007,20442,1
20007,20450,2
20007,20454,2
20007,20459,2
20007,20490,1
20008,20001,3
20008,20043,3
20008,20080,1
20008,20096,1
20008,20107,1
20008,20168,3
20008,20197,1
20008,20216,5
20008,20229,2
20008,20230,1
20008,20339,1
20008,20362,2
20008,20390,1
20008,20403,3
20008,20406,2
20008,20420,1
20008,20433,1
20008,20445,3
20009,20001,2
20009,20027,1
20009,20034,2
20009,20042,2
20009,20053,1
20009,20062,7
20009,20070,2
20009,20088,2
20009,20098,2
20009,20117,3
20009,20123,1
20009,20133,1
20009,20134,1
20009,20138,5
20009,20141,5
20009,20146,1
20009,20162,1
20009,20192,1
20009,20194,2
20009,20196,1
20009,20200,1
20009,20214,2
20009,20220,1
20009,20233,1
20009,20239,1
20009,20281,4
20009,20293,1
20009,20319,1
20009,20341,1
20009,20356,3
20009,20387,8
20009,20390,4
20009,20393,2
20009,20406,1
20009,20426,1
20009,20432,1
20009,20448,1
20009,20461,1
20009,20463,2
20009,20477,3
20009,20481,1
20009,20501,5
20010,20009,7
20010,20043,3
20010,20047,4
20010,20107,1
20010,20118,6
20010,20123,1
20010,20126,1
20010,20167,1
20010,20192,1
20010,20219,3
20010,20263,3
20010,20314,1
20010,20318,1
20010,20324,1
20010,20329,4
20010,20429,1
20010,20471,1
20010,20484,1
20010,20497,1
20011,20007,1
20011,20008,2
20011,20026,2
20011,20029,4
20011,20034,1
20011,20057,1
20011,20059,2
20011,20073,1
20011,20077,1
20011,20095,3
20011,20107,1
20011,20120,1
20011,20121,1
20011,20122,1
20011,20125,2
20011,20131,1
20011,20137,1
20011,20146,1
20011,20155,1
20011,20161,1
20011,20180,2
20011,20182,2
20011,20186,1
20011,20192,1
20011,20202,2
20011,20210,1
20011,20227,1
20011,20235,1
20011,20246,3
20011,20258,1
20011,20262,1
20011,20267,1
20011,20274,1
20011,20295,3
20011,20333,3
20011,20347,3
20011,20360,2
20011,20363,5
20011,20369,2
20011,20394,3
20011,20397,1
20011,20400,1
20011,20408,1
20011,20410,1
20011,20416,1
20011,20424,2
20011,20435,1
20011,20444,1
20011,20451,1
20011,20452,1
20011,20457,1
20011,20458,9
20011,20460,1
20011,20477,2
20011,20478,1
20011,20485,3
20011,20487,2
20011,20498,1
20012,20015,2
20012,20032,4
20012,20038,1
20012,20053,1
20012,20104,2
20012,20148,1
20012,20210,3
20012,20227,2
20012,20264,1
20012,20307,1
20012,20321,1
20012,20336,2
20012,20340,1
20012,20368,2
20012,20393,3
20012,20416,1
20012,20447,1
20012,20457,4
20013,20002,5
20013,20038,3
20013,20058,1
20013,20078,2
20013,20094,3
20013,20102,1
20013,20125,2
20013,20131,1
20013,20222,3
20013,20234,1
20013,20283,1
20013,20289,3
20013,20300,1
20013,20328,2
20013,20330,1
20013,20339,2
20013,20342,1
20013,20347,1
20013,20362,1
20013,20367,1
20013,20480,3
20013,20498,3
20014,20021,1
20014,20027,3
20014,20057,1
20014,20088,1
20014,20092,1
20014,20132,2
20014,20138,1
20014,20166,1
20014,20167,3
20014,20181,2
20014,20201,1
20014,20212,1
20014,20218,1
20014,20262,4
20014,20306,6
20014,20316,1
20014,20332,3
20014,20342,2
20014,20348,1
20014,20352,1
20014,20355,3
20014,20421,2
20014,20432,2
20014,20501,3
20015,20013,1
20015,20014,2
20015,20030,3
20015,20052,1
20015,20053,1
20015,20086,3
20015,20107,1
20015,20119,3
20015,20123,1
20015,20127,1
20015,20133,1
20015,20134,1
20015,20144,3
20015,20214,4
20015,20220,3
20015,20223,1
20015,20228,3
20015,20239,1
20015,20245,2
20015,20261,2
20015,20279,1
20015,20301,2
20015,20309,1
20015,20330,1
20015,20353,2
20015,20362,1
20015,20401,3
20015,20416,1
20015,20420,1
20015,20425,2
20015,20445,5
20015,20448,1
20015,20454,1
20015,20465,4
20015,20468,1
20015,20469,4
20015,20471,1
20015,20473,1
20015,20501,1
20016,20025,2
20016,20059,2
20016,20061,1
20016,20079,2
20016,20089,1
20016,20095,1
20016,20137,1
20016,20140,2
20016,20150,1
20016,20151,1
20016,20178,1
20016,20180,4
20016,20202,6
20016,20224,3
20016,20238,1
20016,20247,2
20016,20260,1
20016,20277,1
20016,20278,2
20016,20350,1
20016,20370,2
20016,20385,2
20016,20388,3
20016,20397,2
20016,20417,2
20016,20423,1
20016,20456,2
20016,20463,1
20017,20003,4
20017,20011,2
20017,20036,5
20017,20067,1
20017,20095,2
20017,20105,1
20017,20116,2
20017,20121,1
20017,20128,1
20017,20153,2
20017,20155,1
20017,20182,1
20017,20202,3
20017,20209,2
20017,20231,2
20017,20244,1
20017,20267,1
20017,20286,2
20017,20287,1
20017,20289,1
20017,20303,1
20017,20315,1
20017,20322,4
20017,20350,1
20017,20351,1
20017,20370,2
20017,20373,1
20017,20390,1
20017,20400,1
20017,20406,3
20017,20411,2
20017,20427,2
20017,20453,1
20017,20457,2
20017,20467,2
20017,20475,1
20017,20479,2
20017,20487,1
20018,20011,1
20018,20027,1
20018,20095,1
20018,20114,1
20018,20129,1
20018,20186,1
20018,20197,2
20018,20202,2
20018,20222,1
20018,20270,1
20018,20273,1
20018,20300,1
20018,20321,3
20018,20374,1
20018,20378,1
20018,20433,3
20018,20460,4
20019,20012,1
20019,20025,1
20019,20027,1
20019,20030,1
20019,20035,1
20019,20043,2
20019,20051,1
20019,20053,1
20019,20055,1
20019,20058,1
20019,20076,1
20019,20087,2
20019,20109,3
20019,20112,1
20019,20134,1
20019,20149,1
20019,20152,2
20019,20174,1
20019,20193,2
20019,20196,1
20019,20214,1
20019,20231,1
20019,20232,1
20019,20272,1
20019,20301,1
20019,20338,8
20019,20341,2
20019,20358,1
20019,20364,1
20019,20406,1
20019,20425,2
20019,20449,1
20019,20462,1
20019,20468,2
20019,20476,1
20019,20478,1
20019,20489,1
20020,20037,2
20020,20074,4
20020,20091,2
20020,20134,2
20020,20146,3
20020,20149,1
20020,20190,2
20020,20193,1
20020,20273,2
20020,20281,2
20020,20323,4
20020,20331,2
20020,20355,3
20020,20368,1
20020,20381,4
20020,20411,1
20020,20429,2
20020,20436,2
20020,20443,4
20020,20464,1
20020,20472,1
20020,20493,1
20021,20010,2
20021,20022,3
20021,20031,1
20021,20036,1
20021,20037,3
20021,20039,1
20021,20073,2
20021,20080,2
20021,20082,1
20021,20086,3
20021,20088,3
20021,20091,2
20021,20099,1
20021,20133,2
20021,20144,2
20021,20150,1
20021,20159,1
20021,20165,1
20021,20172,1
20021,20197,1
20021,20198,3
20021,20199,1
20021,20204,3
20021,20207,3
20021,20208,1
20021,20223,2
20021,20228,1
20021,20239,2
20021,20251,2
20021,20254,1
20021,20301,1
20021,20309,1
20021,20313,1
20021,20318,1
20021,20328,1
20021,20332,1
20021,20348,1
20021,20353,4
20021,20371,2
20021,20372,3
20021,20393,4
20021,20401,1
20021,20426,1
20021,20448,2
20021,20461,3
20021,20465,4
20021,20469,2
20021,20472,2
20021,20481,1
20021,20482,2
20021,20497,1
20022,20021,1
20022,20123,3
20022,20188,1
20022,20196,1
20022,20212,1
20022,20261,2
20022,20291,1
20022,20327,1
20022,20332,1
20022,20342,5
20023,20054,4
20023,20066,4
20023,20122,1
20023,20175,2
20023,20240,1
20023,20264,3
20023,20282,1
20023,20306,3
20023,20336,1
20023,20344,1
20023,20366,1
20023,20388,1
20023,20404,2
20024,20023,4
20024,20061,1
20024,20065,2
20024,20076,3
20024,20089,1
20024,20108,2
20024,20111,2
20024,20122,2
20024,20151,1
20024,20154,2
20024,20161,1
20024,20170,2
20024,20174,2
20024,20175,4
20024,20206,1
20024,20213,1
20024,20236,1
20024,20247,2
20024,20251,1
20024,20260,3
20024,20267,3
20024,20276,1
20024,20286,1
20024,20295,1
20024,20299,6
20024,20306,2
20024,20322,1
20024,20346,3
20024,20369,1
20024,20388,1
20024,20391,1
20024,20398,1
20024,20410,2
20024,20424,1
20024,20439,1
20024,20442,2
20024,20450,1
20024,20455,2
20024,20463,2
20024,20475,1
20024,20486,1
20025,20030,2
20025,20040,1
20025,20045,1
20025,20064,3
20025,20068,1
20025,20100,2
20025,20114,1
20025,20125,2
20025,20185,1
20025,20237,2
20025,20267,1
20025,20312,1
20025,20355,2
20025,20362,3
20025,20374,1
20025,20378,1
20025,20449,1
20025,20460,1
20025,20466,1
20026,20009,1
20026,20012,1
20026,20015,1
20026,20028,1
20026,20032,1
20026,20089,2
20026,20102,1
20026,20115,1
20026,20125,1
20026,20145,1
20026,20186,1
20026,20209,1
20026,20213,2
20026,20231,4
20026,20256,1
20026,20265,1
20026,20319,2
20026,20328,1
20026,20336,1
20026,20338,1
20026,20346,1
20026,20358,6
20026,20363,1
20026,20376,6
20026,20391,2
20026,20399,1
20026,20405,4
20026,20432,1
20026,20437,4
20026,20442,1
20026,20467,1
20027,20009,1
20027,20012,1
20027,20030,2
20027,20038,1
20027,20080,2
20027,20113,5
20027,20119,2
20027,20148,1
20027,20160,2
20027,20214,2
20027,20223,2
20027,20233,2
20027,20314,4
20027,20331,1
20027,20381,4
20027,20389,6
20027,20393,3
20027,20497,1
20028,20005,3
20028,20054,1
20028,20078,4
20028,20089,3
20028,20104,3
20028,20150,2
20028,20152,2
20028,20155,1
20028,20167,1
20028,20172,1
20028,20182,1
20028,20189,1
20028,20244,1
20028,20253,7
20028,20255,2
20028,20290,2
20028,20385,1
20028,20414,2
20028,20423,1
20028,20445,2
20028,20459,2
20028,20486,2
20029,20034,2
20029,20074,2
20029,20121,1
20029,20170,2
20029,20202,1
20029,20277,4
20029,20294,2
20029,20317,2
20029,20335,1
20029,20342,1
20029,20346,1
20029,20355,2
20029,20400,2
20029,20467,2
20029,20490,1
20030,20004,1
20030,20015,2
20030,20022,1
20030,20042,2
20030,20102,1
20030,20127,3
20030,20149,3
20030,20158,1
20030,20190,8
20030,20216,3
20030,20298,4
20030,20319,2
20030,20333,1
20030,20359,3
20030,20362,1
20030,20381,2
20030,20474,1
20031,20014,4
20031,20021,1
20031,20080,2
20031,20094,2
20031,20116,5
20031,20141,1
20031,20167,1
20031,20221,3
20031,20343,1
20031,20392,1
20031,20421,2
20031,20432,1
20031,20438,1
20031,20499,2
20032,20036,2
20032,20157,1
20032,20225,1
20032,20324,1
20032,20343,1
20032,20428,1
20033,20015,1
20033,20021,4
20033,20064,2
20033,20073,1
20033,20118,3
20033,20163,2
20033,20172,1
20033,20190,2
20033,20328,1
20033,20330,1
20033,20336,1
20033,20368,1
20033,20428,1
20033,20497,1
20034,20011,5
20034,20045,1
20034,20066,2
20034,20072,1
20034,20136,2
20034,20148,1
20034,20161,1
20034,20170,4
20034,20271,2
20034,20292,1
20034,20322,2
20034,20407,3
20034,20426,1
20034,20480,1
20035,20019,1
20035,20102,1
20035,20125,2
20035,20127,1
20035,20183,4
20035,20197,2
20035,20209,2
20035,20236,1
20035,20264,3
20035,20364,1
20035,20400,1
20035,20425,1
20035,20464,4
20036,20051,3
20036,20053,1
20036,20062,2
20036,20133,1
20036,20164,3
20036,20250,3
20036,20291,2
20036,20318,1
20036,20324,1
20036,20327,1
20036,20422,1
20036,20432,2
20036,20465,1
20036,20468,2
20036,20474,2
20036,20497,1
20036,20499,2
20037,20019,2
20037,20064,1
20037,20066,1
20037,20073,1
20037,20081,1
20037,20084,1
20037,20091,3
20037,20094,1
20037,20101,2
20037,20126,4
20037,20172,4
20037,20192,2
20037,20204,1
20037,20212,1
20037,20219,1
20037,20229,2
20037,20230,1
20037,20305,5
20037,20310,2
20037,20357,2
20037,20432,1
20037,20466,1
20037,20497,3
20038,20010,3
20038,20012,1
20038,20020,2
20038,20047,1
20038,20073,2
20038,20091,4
20038,20107,2
20038,20146,1
20038,20212,1
20038,20218,1
20038,20230,1
20038,20328,1
20038,20332,1
20038,20368,4
20038,20378,1
20038,20381,3
20038,20396,2
20038,20429,2
20038,20443,1
20038,20445,1
20038,20467,3
20038,20474,1
20038,20478,1
20039,20015,1
20039,20021,3
20039,20051,1
20039,20099,1
20039,20148,2
20039,20167,3
20039,20181,1
20039,20204,3
20039,20250,1
20039,20293,2
20039,20296,1
20039,20309,1
20039,20327,1
20039,20334,3
20039,20343,1
20039,20374,3
20039,20432,2
20039,20469,3
20039,20494,1
20039,20499,1
20040,20009,1
20040,20078,1
20040,20172,2
20040,20179,1
20040,20233,2
20040,20240,1
20040,20340,4
20040,20355,1
20040,20379,2
20040,20399,2
20040,20423,1
20040,20432,4
20040,20433,1
20040,20484,1
20040,20495,1
20041,20024,1
20041,20046,2
20041,20054,4
20041,20056,1
20041,20091,1
20041,20102,2
20041,20120,2
20041,20125,3
20041,20152,1
20041,20161,1
20041,20180,1
20041,20184,1
20041,20190,1
20041,20224,1
20041,20233,1
20041,20336,3
20041,20354,1
20041,20361,2
20041,20453,2
20041,20495,1
20041,20497,4
20042,20012,3
20042,20019,3
20042,20083,1
20042,20103,1
20042,20104,2
20042,20134,2
20042,20146,3
20042,20163,2
20042,20190,2
20042,20192,3
20042,20336,1
20042,20341,1
20042,20409,3
20042,20421,2
20043,20027,1
20043,20032,1
20043,20039,4
20043,20048,2
20043,20094,1
20043,20100,1
20043,20127,10
20043,20149,2
20043,20214,1
20043,20215,4
20043,20218,1
20043,20223,2
20043,20327,1
20043,20368,2
20043,20393,1
20044,20081,3
20044,20099,1
20044,20107,2
20044,20148,1
20044,20291,1
20044,20304,2
20044,20305,3
20044,20324,1
20044,20336,2
20044,20470,1
20044,20499,1
20045,20006,2
20045,20017,2
20045,20029,1
20045,20034,1
20045,20040,5
20045,20061,4
20045,20071,1
20045,20077,1
20045,20085,1
20045,20107,2
20045,20111,2
20045,20115,3
20045,20124,2
20045,20142,3
20045,20160,1
20045,20173,3
20045,20174,1
20045,20178,1
20045,20179,1
20045,20210,6
20045,20221,1
20045,20240,1
20045,20243,2
20045,20246,2
20045,20258,5
20045,20275,1
20045,20282,5
20045,20320,7
20045,20360,3
20045,20361,4
20045,20366,3
20045,20367,2
20045,20375,3
20045,20397,1
20045,20411,1
20045,20412,1
20045,20415,2
20045,20450,2
20045,20451,2
20045,20463,2
20045,20475,2
20045,20477,1
20045,20492,1
20046,20045,1
20046,20049,1
20046,20050,6
20046,20094,3
20046,20110,1
20046,20120,2
20046,20154,1
20046,20168,2
20046,20203,1
20046,20205,1
20046,20287,1
20046,20315,4
20046,20345,1
20046,20388,1
20046,20425,2
20046,20440,2
20046,20445,1
20046,20484,1
20046,20495,1
20047,20016,4
20047,20026,1
20047,20053,1
20047,20078,1
20047,20127,2
20047,20152,1
20047,20166,1
20047,20181,3
20047,20225,2
20047,20255,3
20047,20266,1
20047,20305,1
20047,20374,2
20047,20381,1
20047,20411,2
20047,20443,1
20048,20032,4
20048,20042,1
20048,20044,1
20048,20158,1
20048,20223,2
20048,20305,1
20048,20339,1
20048,20349,1
20048,20368,1
20048,20372,1
20048,20420,1
20048,20422,3
20048,20454,1
20048,20489,1
20048,20497,1
20049,20011,1
20049,20023,5
20049,20056,1
20049,20063,1
20049,20108,1
20049,20113,1
20049,20129,1
20049,20135,2
20049,20180,1
20049,20184,2
20049,20268,1
20049,20271,4
20049,20287,1
20049,20333,1
20049,20338,3
20049,20354,2
20049,20370,1
20049,20371,1
20049,20391,2
20049,20398,1
20049,20400,1
20049,20410,1
20049,20424,1
20049,20437,3
20049,20451,2
20049,20453,6
20049,20480,2
20050,20108,3
20050,20135,1
20050,20180,3
20050,20186,1
20050,20237,2
20050,20265,1
20050,20286,2
20050,20292,3
20050,20299,1
20050,20321,1
20050,20333,1
20050,20402,1
20050,20418,1
20050,20452,2
20050,20460,1
20050,20486,1
20051,20019,2
20051,20047,1
20051,20064,1
20051,20092,4
20051,20163,1
20051,20218,1
20051,20289,1
20051,20297,1
20051,20316,3
20051,20329,1
20051,20342,1
20051,20356,2
20051,20368,2
20051,20426,1
20051,20462,1
20052,20086,1
20052,20099,1
20052,20152,1
20052,20218,1
20052,20250,1
20052,20296,1
20052,20301,1
20052,20302,2
20052,20416,2
20052,20428,2
20052,20469,3
20052,20470,1
20052,20499,1
20053,20012,4
20053,20015,1
20053,20027,4
20053,20062,2
20053,20080,1
20053,20081,2
20053,20082,3
20053,20118,1
20053,20167,1
20053,20217,1
20053,20265,2
20053,20318,2
20053,20329,2
20053,20340,2
20053,20368,4
20053,20392,1
20053,20409,3
20053,20414,3
20053,20432,3
20053,20497,1
20054,20003,1
20054,20023,3
20054,20024,3
20054,20029,1
20054,20046,2
20054,20049,3
20054,20050,1
20054,20058,1
20054,20073,2
20054,20079,2
20054,20090,2
20054,20111,4
20054,20112,2
20054,20115,2
20054,20122,1
20054,20128,1
20054,20137,1
20054,20151,2
20054,20155,1
20054,20171,1
20054,20177,4
20054,20179,2
20054,20181,1
20054,20185,1
20054,20186,1
20054,20191,1
20054,20208,2
20054,20219,2
20054,20223,3
20054,20234,5
20054,20240,1
20054,20246,1
20054,20258,4
20054,20274,1
20054,20282,3
20054,20295,1
20054,20311,1
20054,20322,2
20054,20346,2
20054,20347,4
20054,20354,1
20054,20355,1
20054,20366,1
20054,20375,2
20054,20385,1
20054,20386,2
20054,20388,1
20054,20391,1
20054,20404,1
20054,20408,3
20054,20411,1
20054,20418,1
20054,20420,1
20054,20424,2
20054,20442,1
20054,20444,2
20054,20450,1
20054,20459,2
20054,20472,4
20054,20479,1
20054,20484,1
20054,20486,1
20054,20498,2
20054,20500,1
20055,20026,1
20055,20054,3
20055,20116,1
20055,20136,1
20055,20147,3
20055,20168,2
20055,20172,1
20055,20177,2
20055,20210,3
20055,20213,1
20055,20221,1
20055,20238,2
20055,20241,1
20055,20246,2
20055,20271,2
20055,20278,1
20055,20376,1
20055,20379,1
20055,20392,1
20055,20394,1
20055,20397,1
20055,20459,2
20055,20467,2
20055,20486,1
20056,20023,2
20056,20065,1
20056,20085,1
20056,20101,1
20056,20122,3
20056,20148,1
20056,20154,1
20056,20215,1
20056,20221,1
20056,20227,1
20056,20243,1
20056,20257,3
20056,20274,1
20056,20278,2
20056,20282,2
20056,20289,2
20056,20292,1
20056,20317,2
20056,20322,2
20056,20360,1
20056,20370,1
20056,20383,1
20056,20394,2
20056,20398,3
20056,20402,1
20056,20408,1
20056,20411,2
20056,20424,1
20056,20434,1
20056,20450,1
20056,20486,4
20057,20002,1
20057,20017,2
20057,20020,7
20057,20035,5
20057,20038,1
20057,20042,1
20057,20049,1
20057,20070,1
20057,20089,1
20057,20101,1
20057,20115,1
20057,20132,2
20057,20161,3
20057,20162,3
20057,20176,1
20057,20189,2
20057,20196,5
20057,20215,3
20057,20221,1
20057,20224,1
20057,20240,1
20057,20246,2
20057,20252,1
20057,20256,2
20057,20258,1
20057,20264,2
20057,20268,1
20057,20273,1
20057,20274,3
20057,20287,1
20057,20289,3
20057,20320,1
20057,20330,1
20057,20364,1
20057,20369,2
20057,20373,1
20057,20379,1
20057,20403,1
20057,20410,1
20057,20412,3
20057,20423,1
20057,20424,1
20057,20432,3
20057,20437,3
20057,20445,1
20057,20473,1
20057,20478,1
20057,20485,2
20057,20486,1
20057,20492,1
20057,20500,3
20058,20011,3
20058,20046,2
20058,20055,1
20058,20057,1
20058,20075,2
20058,20082,1
20058,20111,2
20058,20120,1
20058,20142,1
20058,20146,1
20058,20151,2
20058,20153,3
20058,20154,2
20058,20168,3
20058,20186,1
20058,20206,3
20058,20271,3
20058,20286,1
20058,20306,1
20058,20319,2
20058,20384,1
20058,20459,1
20058,20464,4
20059,20017,1
20059,20023,1
20059,20045,1
20059,20079,2
20059,20094,1
20059,20110,2
20059,20170,2
20059,20206,1
20059,20209,1
20059,20235,2
20059,20240,2
20059,20244,4
20059,20256,3
20059,20269,1
20059,20274,1
20059,20276,3
20059,20278,1
20059,20286,2
20059,20335,1
20059,20350,3
20059,20370,1
20059,20434,2
20059,20451,2
20059,20467,1
20060,20014,3
20060,20022,2
20060,20048,1
20060,20052,2
20060,20099,2
20060,20112,2
20060,20146,5
20060,20203,3
20060,20205,2
20060,20229,2
20060,20232,1
20060,20251,1
20060,20257,1
20060,20291,4
20060,20305,2
20060,20349,1
20060,20422,3
20060,20438,1
20060,20447,1
20060,20466,2
20060,20469,1
20061,20016,2
20061,20059,1
20061,20095,3
20061,20110,2
20061,20115,1
20061,20187,1
20061,20195,2
20061,20206,1
20061,20241,1
20061,20246,1
20061,20247,2
20061,20344,1
20061,20375,2
20061,20405,1
20061,20419,1
20061,20459,3
20061,20475,1
20062,20009,1
20062,20014,1
20062,20031,2
20062,20138,1
20062,20143,1
20062,20163,2
20062,20164,1
20062,20228,3
20062,20362,4
20062,20368,1
20062,20416,2
20062,20474,3
20063,20002,1
20063,20025,3
20063,20040,1
20063,20057,1
20063,20068,1
20063,20085,2
20063,20110,2
20063,20171,1
20063,20172,4
20063,20186,1
20063,20224,1
20063,20232,1
20063,20290,1
20063,20303,1
20063,20314,4
20063,20362,4
20063,20382,3
20063,20439,2
20063,20449,1
20063,20454,3
20063,20500,2
20064,20012,2
20064,20019,2
20064,20037,1
20064,20054,2
20064,20071,1
20064,20082,1
20064,20103,1
20064,20215,2
20064,20237,1
20064,20273,1
20064,20336,1
20064,20341,1
20064,20362,5
20064,20381,2
20064,20443,1
20064,20461,1
20064,20468,2
20065,20050,1
20065,20056,2
20065,20105,1
20065,20110,1
20065,20155,1
20065,20213,2
20065,20243,2
20065,20263,1
20065,20375,1
20065,20400,1
20066,20007,5
20066,20065,2
20066,20080,1
20066,20105,2
20066,20121,10
20066,20152,1
20066,20177,1
20066,20184,4
20066,20189,3
20066,20247,4
20066,20257,1
20066,20271,3
20066,20278,2
20066,20282,1
20066,20283,3
20066,20299,3
20066,20325,1
20066,20349,1
20066,20360,4
20066,20386,1
20066,20388,4
20066,20398,4
20066,20415,1
20066,20424,1
20066,20462,1
20066,20484,3
20066,20492,1
20067,20035,1
20067,20036,2
20067,20040,3
20067,20061,2
20067,20063,3
20067,20070,1
20067,20077,3
20067,20085,6
20067,20111,1
20067,20124,2
20067,20128,1
20067,20152,2
20067,20162,6
20067,20183,1
20067,20191,1
20067,20195,3
20067,20211,1
20067,20215,1
20067,20217,1
20067,20233,1
20067,20253,1
20067,20263,1
20067,20264,2
20067,20270,1
20067,20292,1
20067,20295,2
20067,20306,2
20067,20333,1
20067,20361,1
20067,20366,2
20067,20394,1
20067,20400,1
20067,20405,3
20067,20410,2
20067,20411,1
20067,20417,3
20067,20424,5
20067,20427,1
20067,20431,1
20067,20442,1
20067,20452,1
20067,20456,1
20067,20479,1
20067,20486,1
20067,20489,1
20067,20490,2
20067,20492,4
20068,20004,2
20068,20077,1
20068,20105,2
20068,20130,2
20068,20145,1
20068,20185,2
20068,20206,3
20068,20246,1
20068,20249,1
20068,20259,2
20068,20265,1
20068,20281,1
20068,20289,4
20068,20348,1
20068,20355,1
20068,20415,2
20068,20428,2
20068,20432,1
20068,20435,4
20068,20443,1
20068,20460,3
20068,20484,1
20068,20492,2
20069,20031,3
20069,20052,1
20069,20166,4
20069,20190,1
20069,20213,1
20069,20251,1
20069,20259,1
20069,20281,1
20069,20284,1
20069,20304,1
20069,20316,1
20069,20441,1
20069,20499,3
20070,20001,1
20070,20019,1
20070,20020,2
20070,20057,1
20070,20073,1
20070,20143,2
20070,20148,1
20070,20149,1
20070,20160,3
20070,20190,1
20070,20192,1
20070,20202,4
20070,20224,1
20070,20273,1
20070,20308,2
20070,20414,3
20070,20432,2
20070,20452,2
20070,20458,1
20070,20483,1
20071,20032,3
20071,20091,1
20071,20107,2
20071,20126,1
20071,20127,1
20071,20167,2
20071,20230,4
20071,20265,2
20071,20305,4
20071,20310,1
20071,20341,2
20071,20342,4
20071,20355,1
20071,20358,2
20071,20359,2
20071,20381,1
20071,20396,2
20071,20482,1
20072,20004,2
20072,20007,2
20072,20026,3
20072,20059,3
20072,20073,1
20072,20140,2
20072,20174,2
20072,20195,1
20072,20244,2
20072,20247,1
20072,20255,3
20072,20286,1
20072,20295,1
20072,20322,2
20072,20335,1
20072,20337,5
20072,20383,1
20072,20388,4
20072,20394,1
20072,20413,1
20072,20418,1
20072,20447,1
20072,20449,1
20072,20450,1
20072,20457,2
20073,20008,3
20073,20057,1
20073,20082,1
20073,20091,1
20073,20104,1
20073,20119,2
20073,20203,3
20073,20251,1
20073,20285,1
20073,20307,1
20073,20327,1
20073,20330,3
20073,20331,1
20073,20336,1
20073,20360,1
20073,20372,2
20073,20380,1
20073,20392,1
20073,20406,2
20073,20493,2
20074,20029,1
20074,20041,2
20074,20050,1
20074,20161,2
20074,20170,3
20074,20182,1
20074,20234,5
20074,20236,4
20074,20238,1
20074,20264,1
20074,20268,3
20074,20274,1
20074,20275,5
20074,20278,1
20074,20286,2
20074,20290,1
20074,20358,1
20074,20371,1
20074,20381,1
20074,20437,3
20074,20451,1
20074,20487,1
20074,20490,2
20075,20032,3
20075,20048,1
20075,20074,3
20075,20152,1
20075,20334,1
20075,20366,3
20075,20406,4
20075,20438,1
20075,20439,1
20075,20477,2
20075,20493,1
20076,20043,1
20076,20100,4
20076,20119,1
20076,20126,2
20076,20132,1
20076,20135,1
20076,20171,2
20076,20174,2
20076,20229,1
20076,20231,1
20076,20234,2
20076,20258,1
20076,20327,1
20076,20395,1
20076,20397,1
20076,20413,2
20076,20419,5
20076,20425,2
20076,20443,3
20076,20497,4
20077,20018,1
20077,20029,1
20077,20056,1
20077,20074,2
20077,20104,1
20077,20110,1
20077,20148,1
20077,20175,3
20077,20187,1
20077,20218,5
20077,20225,1
20077,20255,3
20077,20257,2
20077,20350,1
20077,20355,2
20077,20363,1
20077,20374,1
20077,20378,1
20077,20381,3
20077,20400,5
20077,20413,3
20077,20453,1
20077,20495,1
20078,20004,1
20078,20038,3
20078,20047,1
20078,20061,1
20078,20125,6
20078,20185,4
20078,20206,3
20078,20249,1
20078,20295,4
20078,20296,1
20078,20314,1
20078,20339,1
20078,20359,2
20078,20378,2
20078,20381,1
20078,20414,1
20078,20415,3
20078,20430,2
20078,20432,1
20078,20447,1
20078,20455,4
20078,20483,5
20079,20007,1
20079,20045,1
20079,20059,1
20079,20184,1
20079,20195,1
20079,20235,3
20079,20248,2
20079,20255,2
20079,20275,2
20079,20277,3
20079,20300,1
20079,20350,1
20079,20360,2
20079,20400,2
20079,20437,1
20079,20452,2
20080,20015,2
20080,20021,6
20080,20127,4
20080,20144,1
20080,20146,1
20080,20225,2
20080,20311,1
20080,20313,3
20080,20320,1
20080,20384,1
20080,20428,2
20081,20001,4
20081,20008,1
20081,20009,1
20081,20027,2
20081,20030,2
20081,20037,4
20081,20064,1
20081,20083,3
20081,20100,4
20081,20146,1
20081,20149,1
20081,20162,1
20081,20172,3
20081,20262,2
20081,20319,1
20081,20324,2
20081,20336,3
20081,20351,4
20081,20368,1
20081,20382,2
20081,20384,2
20081,20389,1
20081,20409,1
20081,20420,1
20081,20464,2
20082,20020,1
20082,20043,1
20082,20062,1
20082,20070,1
20082,20080,2
20082,20091,3
20082,20147,1
20082,20160,3
20082,20162,6
20082,20168,1
20082,20179,1
20082,20186,2
20082,20190,4
20082,20237,1
20082,20266,3
20082,20327,3
20082,20381,2
20082,20389,2
20082,20462,2
20083,20009,3
20083,20073,1
20083,20081,1
20083,20100,1
20083,20127,1
20083,20146,2
20083,20148,1
20083,20153,1
20083,20223,3
20083,20225,2
20083,20227,2
20083,20281,1
20083,20314,1
20083,20331,3
20083,20350,2
20083,20381,3
20083,20389,2
20083,20390,2
20084,20100,2
20084,20154,2
20084,20159,1
20084,20172,2
20084,20190,4
20084,20207,1
20084,20284,1
20084,20343,1
20084,20363,1
20084,20380,4
20084,20401,3
20084,20428,2
20084,20462,1
20084,20466,2
20084,20474,1
20085,20056,2
20085,20059,1
20085,20076,1
20085,20115,2
20085,20121,3
20085,20124,3
20085,20154,1
20085,20168,1
20085,20209,1
20085,20221,4
20085,20241,3
20085,20269,4
20085,20286,5
20085,20287,3
20085,20292,2
20085,20315,2
20085,20354,6
20085,20402,1
20085,20404,1
20085,20405,4
20085,20440,5
20085,20452,1
20085,20484,1
20085,20490,1
20086,20021,3
20086,20039,1
20086,20062,1
20086,20109,2
20086,20163,1
20086,20166,3
20086,20207,1
20086,20225,8
20086,20284,2
20086,20309,1
20086,20356,1
20086,20432,1
20086,20467,5
20086,20471,2
20086,20477,1
20087,20029,2
20087,20066,4
20087,20079,3
20087,20090,1
20087,20110,2
20087,20125,1
20087,20129,1
20087,20131,2
20087,20173,2
20087,20215,1
20087,20256,1
20087,20275,2
20087,20306,2
20087,20344,7
20087,20432,5
20087,20433,2
20087,20459,3
20088,20060,1
20088,20096,1
20088,20212,1
20088,20245,1
20088,20396,2
20088,20431,1
20088,20482,2
20089,20011,2
20089,20059,1
20089,20132,1
20089,20148,3
20089,20221,1
20089,20236,2
20089,20265,1
20089,20362,1
20089,20374,1
20089,20376,1
20089,20400,1
20089,20405,3
20089,20433,1
20089,20452,3
20089,20489,2
20089,20490,1
20090,20018,2
20090,20025,1
20090,20055,1
20090,20072,1
20090,20100,1
20090,20120,1
20090,20125,2
20090,20168,1
20090,20192,5
20090,20215,4
20090,20240,3
20090,20252,2
20090,20256,1
20090,20271,1
20090,20285,2
20090,20297,4
20090,20319,2
20090,20321,1
20090,20325,1
20090,20334,1
20090,20355,1
20090,20403,3
20090,20405,3
20090,20437,3
20090,20439,4
20090,20440,2
20090,20454,2
20090,20489,1
20091,20168,2
20091,20169,3
20091,20171,1
20091,20179,2
20091,20181,1
20091,20184,1
20091,20206,4
20091,20271,1
20091,20328,2
20091,20339,6
20091,20355,2
20091,20380,2
20091,20381,5
20091,20403,2
20091,20432,1
20091,20441,10
20091,20478,2
20092,20006,1
20092,20008,3
20092,20010,1
20092,20014,1
20092,20025,2
20092,20036,1
20092,20052,3
20092,20062,1
20092,20069,2
20092,20084,1
20092,20107,1
20092,20119,2
20092,20133,1
20092,20134,1
20092,20164,1
20092,20192,8
20092,20207,1
20092,20222,4
20092,20257,1
20092,20261,3
20092,20262,1
20092,20281,2
20092,20352,5
20092,20374,1
20092,20393,3
20092,20401,2
20092,20406,2
20092,20447,1
20092,20461,1
20092,20469,1
20092,20482,1
20093,20007,3
20093,20023,1
20093,20034,2
20093,20049,2
20093,20053,2
20093,20061,1
20093,20068,1
20093,20071,2
20093,20072,2
20093,20074,1
20093,20100,1
20093,20124,6
20093,20151,1
20093,20171,2
20093,20173,1
20093,20180,1
20093,20184,1
20093,20186,1
20093,20210,1
20093,20235,1
20093,20242,3
20093,20247,1
20093,20256,2
20093,20292,4
20093,20299,1
20093,20317,2
20093,20354,3
20093,20357,2
20093,20361,1
20093,20364,1
20093,20388,3
20093,20391,1
20093,20398,4
20093,20430,2
20093,20442,6
20093,20481,2
20094,20054,2
20094,20135,1
20094,20148,1
20094,20168,5
20094,20179,2
20094,20215,3
20094,20285,1
20094,20328,1
20094,20344,5
20094,20374,3
20094,20402,1
20094,20404,3
20095,20054,2
20095,20072,2
20095,20074,1
20095,20089,1
20095,20148,3
20095,20287,2
20095,20317,1
20095,20370,1
20095,20405,6
20095,20423,1
20095,20439,1
20095,20443,1
20095,20454,2
20095,20487,3
20095,20489,1
20096,20006,1
20096,20021,1
20096,20027,1
20096,20037,1
20096,20114,3
20096,20127,4
20096,20204,2
20096,20228,1
20096,20323,5
20096,20324,3
20096,20329,1
20096,20332,1
20096,20343,2
20096,20348,3
20096,20356,1
20096,20381,1
20096,20409,1
20096,20431,4
20096,20441,1
20097,20093,3
20097,20131,2
20097,20168,1
20097,20174,1
20097,20179,1
20097,20233,2
20097,20374,2
20097,20380,2
20097,20442,1
20097,20449,1
20097,20451,1
20098,20036,1
20098,20051,1
20098,20057,1
20098,20099,1
20098,20117,2
20098,20159,3
20098,20207,1
20098,20223,2
20098,20250,1
20098,20296,1
20098,20301,1
20098,20310,1
20098,20314,2
20098,20343,1
20098,20401,2
20098,20428,1
20098,20432,1
20098,20468,2
20098,20474,3
20099,20011,2
20099,20052,1
20099,20192,1
20099,20199,1
20099,20212,2
20099,20239,1
20099,20251,2
20099,20254,2
20099,20336,3
20099,20353,1
20099,20355,1
20099,20428,1
20099,20471,2
20100,20025,2
20100,20026,3
20100,20029,7
20100,20040,2
20100,20043,2
20100,20064,2
20100,20071,1
20100,20076,4
20100,20099,2
20100,20128,4
20100,20131,2
20100,20158,2
20100,20172,3
20100,20177,1
20100,20179,1
20100,20203,1
20100,20216,1
20100,20222,2
20100,20249,1
20100,20263,3
20100,20313,1
20100,20319,2
20100,20320,2
20100,20321,1
20100,20353,1
20100,20359,1
20100,20360,1
20100,20368,1
20100,20383,4
20100,20385,1
20100,20390,1
20100,20395,1
20100,20399,1
20100,20411,1
20100,20415,1
20100,20436,2
20100,20437,1
20100,20445,2
20100,20447,1
20100,20457,1
20100,20476,1
20100,20496,3
20101,20058,1
20101,20061,2
20101,20097,1
20101,20105,1
20101,20114,1
20101,20125,1
20101,20129,1
20101,20137,3
20101,20168,2
20101,20174,1
20101,20175,1
20101,20183,3
20101,20225,1
20101,20240,1
20101,20243,1
20101,20263,2
20101,20285,2
20101,20289,1
20101,20290,2
20101,20295,2
20101,20303,4
20101,20318,1
20101,20326,3
20101,20340,1
20101,20354,1
20101,20360,2
20101,20363,1
20101,20366,1
20101,20379,2
20101,20380,6
20101,20403,2
20101,20433,1
20101,20443,2
20101,20444,2
20101,20449,1
20101,20463,3
20102,20005,2
20102,20032,1
20102,20035,5
20102,20078,1
20102,20090,1
20102,20127,2
20102,20148,5
20102,20149,2
20102,20172,1
20102,20176,1
20102,20177,2
20102,20186,3
20102,20189,2
20102,20233,1
20102,20241,3
20102,20295,2
20102,20314,1
20102,20335,1
20102,20366,1
20102,20371,2
20102,20395,3
20102,20405,1
20102,20430,2
20103,20100,3
20103,20152,1
20103,20166,1
20103,20212,1
20103,20215,1
20103,20217,1
20103,20225,1
20103,20257,1
20103,20273,1
20103,20296,1
20103,20321,2
20103,20338,3
20103,20339,2
20103,20340,1
20103,20345,1
20103,20355,3
20103,20411,2
20103,20464,2
20103,20481,1
20104,20002,1
20104,20017,4
20104,20018,1
20104,20026,1
20104,20071,1
20104,20077,3
20104,20112,5
20104,20125,2
20104,20147,2
20104,20174,1
20104,20205,3
20104,20221,3
20104,20235,1
20104,20249,1
20104,20257,3
20104,20275,2
20104,20297,2
20104,20302,2
20104,20304,2
20104,20308,4
20104,20311,3
20104,20318,1
20104,20341,4
20104,20364,3
20104,20365,1
20104,20381,2
20104,20435,1
20104,20442,1
20104,20447,1
20104,20458,2
20104,20482,1
20104,20483,1
20105,20011,3
20105,20032,2
20105,20091,1
20105,20121,2
20105,20178,1
20105,20206,1
20105,20209,1
20105,20240,2
20105,20265,2
20105,20361,2
20105,20373,2
20105,20397,3
20105,20418,1
20105,20452,4
20105,20455,1
20105,20487,1
20105,20500,1
20106,20005,1
20106,20017,1
20106,20100,1
20106,20113,3
20106,20125,1
20106,20129,2
20106,20154,1
20106,20170,3
20106,20175,1
20106,20182,2
20106,20235,1
20106,20238,1
20106,20255,1
20106,20271,2
20106,20273,2
20106,20275,2
20106,20300,2
20106,20302,1
20106,20341,1
20106,20379,1
20106,20385,1
20106,20391,6
20106,20404,3
20106,20475,1
20106,20485,1
20107,20011,1
20107,20046,1
20107,20069,3
20107,20093,1
20107,20100,1
20107,20104,3
20107,20135,1
20107,20168,1
20107,20219,1
20107,20225,1
20107,20257,3
20107,20275,1
20107,20324,1
20107,20355,1
20107,20362,2
20107,20369,1
20107,20374,2
20107,20389,1
20107,20438,1
20107,20481,4
20107,20482,4
20108,20058,1
20108,20070,2
20108,20125,1
20108,20132,2
20108,20152,1
20108,20170,2
20108,20303,2
20108,20306,1
20108,20344,2
20108,20354,2
20108,20398,1
20108,20407,3
20108,20433,3
20108,20454,4
20108,20479,4
20109,20021,2
20109,20057,1
20109,20100,2
20109,20152,1
20109,20163,2
20109,20168,1
20109,20201,1
20109,20212,2
20109,20316,3
20109,20362,4
20109,20377,1
20109,20392,4
20109,20438,1
20109,20454,4
20110,20026,1
20110,20067,1
20110,20078,1
20110,20079,3
20110,20098,2
20110,20101,1
20110,20105,2
20110,20125,6
20110,20131,2
20110,20132,3
20110,20137,1
20110,20142,2
20110,20150,1
20110,20170,1
20110,20178,2
20110,20180,1
20110,20182,6
20110,20195,2
20110,20224,2
20110,20230,1
20110,20236,1
20110,20264,3
20110,20274,1
20110,20278,2
20110,20295,3
20110,20305,1
20110,20312,2
20110,20320,3
20110,20330,1
20110,20335,1
20110,20359,1
20110,20360,1
20110,20361,1
20110,20375,1
20110,20383,1
20110,20395,5
20110,20413,2
20110,20423,1
20110,20427,2
20110,20444,2
20110,20447,2
20110,20457,1
20110,20462,2
20110,20476,2
20110,20484,2
20110,20485,2
20110,20499,1
20111,20016,1
20111,20017,1
20111,20057,2
20111,20067,1
20111,20079,1
20111,20137,1
20111,20156,3
20111,20186,1
20111,20229,1
20111,20273,2
20111,20277,5
20111,20294,1
20111,20317,1
20111,20333,1
20111,20339,2
20111,20443,1
20111,20456,1
20111,20467,2
20112,20009,6
20112,20032,4
20112,20052,1
20112,20069,1
20112,20090,1
20112,20133,2
20112,20157,2
20112,20159,2
20112,20168,5
20112,20190,3
20112,20199,3
20112,20232,1
20112,20283,2
20112,20329,1
20112,20339,1
20112,20368,1
20112,20381,1
20112,20386,1
20112,20392,1
20112,20446,2
20112,20448,3
20112,20471,2
20112,20472,1
20112,20499,1
20113,20001,3
20113,20016,2
20113,20061,5
20113,20063,4
20113,20087,1
20113,20089,2
20113,20095,1
20113,20128,3
20113,20132,2
20113,20142,2
20113,20155,1
20113,20178,1
20113,20180,1
20113,20182,5
20113,20187,1
20113,20195,2
20113,20202,2
20113,20209,1
20113,20231,1
20113,20242,2
20113,20301,2
20113,20305,1
20113,20315,1
20113,20330,1
20113,20335,2
20113,20350,1
20113,20363,1
20113,20387,1
20113,20399,5
20113,20408,3
20113,20440,1
20113,20456,2
20113,20460,1
20113,20475,1
20113,20476,1
20113,20485,3
20113,20487,1
20113,20489,2
20113,20491,2
20114,20058,2
20114,20074,5
20114,20140,1
20114,20145,2
20114,20152,1
20114,20170,1
20114,20178,1
20114,20206,1
20114,20215,1
20114,20222,6
20114,20242,1
20114,20273,1
20114,20275,1
20114,20294,1
20114,20364,3
20114,20365,2
20114,20379,2
20114,20410,4
20114,20447,1
20114,20459,1
20114,20464,2
20115,20005,4
20115,20011,1
20115,20016,2
20115,20020,1
20115,20074,2
20115,20110,5
20115,20111,1
20115,20156,1
20115,20178,1
20115,20213,1
20115,20248,5
20115,20253,2
20115,20265,1
20115,20274,2
20115,20282,3
20115,20285,1
20115,20299,1
20115,20315,3
20115,20333,2
20115,20408,1
20115,20452,1
20115,20480,6
20116,20007,1
20116,20023,2
20116,20055,2
20116,20080,1
20116,20089,3
20116,20140,1
20116,20158,2
20116,20197,3
20116,20221,1
20116,20232,1
20116,20265,2
20116,20269,1
20116,20299,1
20116,20338,2
20116,20382,1
20116,20397,1
20116,20412,1
20116,20432,5
20116,20441,3
20116,20454,1
20116,20484,1
20116,20490,1
20116,20492,1
20116,20499,1
20117,20009,1
20117,20015,1
20117,20021,1
20117,20022,2
20117,20039,2
20117,20118,3
20117,20155,3
20117,20163,2
20117,20207,3
20117,20225,2
20117,20255,1
20117,20356,2
20117,20378,1
20117,20420,1
20117,20421,2
20117,20426,3
20117,20497,3
20118,20039,1
20118,20064,2
20118,20083,2
20118,20084,2
20118,20098,1
20118,20140,1
20118,20141,4
20118,20190,2
20118,20198,2
20118,20228,1
20118,20240,1
20118,20262,1
20118,20279,2
20118,20284,1
20118,20307,1
20118,20311,1
20118,20348,2
20118,20416,2
20118,20427,1
20118,20462,3
20119,20004,4
20119,20010,1
20119,20047,4
20119,20080,1
20119,20098,3
20119,20117,7
20119,20137,1
20119,20207,1
20119,20307,1
20119,20308,2
20119,20336,1
20119,20342,1
20119,20368,1
20119,20390,1
20119,20414,1
20119,20433,2
20119,20482,1
20120,20055,1
20120,20078,1
20120,20133,1
20120,20152,1
20120,20161,1
20120,20163,1
20120,20168,1
20120,20202,4
20120,20233,3
20120,20237,1
20120,20241,2
20120,20256,4
20120,20285,1
20120,20335,7
20120,20355,2
20120,20391,1
20120,20404,1
20120,20432,2
20120,20433,1
20120,20484,2
20121,20017,1
20121,20029,2
20121,20034,1
20121,20074,1
20121,20093,2
20121,20105,1
20121,20106,3
20121,20129,1
20121,20131,1
20121,20209,3
20121,20247,2
20121,20255,1
20121,20265,1
20121,20271,2
20121,20294,1
20121,20300,2
20121,20337,1
20121,20371,3
20121,20382,2
20121,20423,1
20121,20434,1
20121,20498,1
20122,20005,1
20122,20007,3
20122,20023,2
20122,20074,1
20122,20093,1
20122,20132,1
20122,20142,1
20122,20168,3
20122,20180,1
20122,20234,1
20122,20241,1
20122,20256,1
20122,20276,2
20122,20360,1
20122,20371,1
20122,20373,6
20122,20398,1
20122,20429,1
20122,20451,1
20122,20452,2
20122,20467,3
20122,20490,1
20123,20004,4
20123,20009,1
20123,20011,6
20123,20021,1
20123,20052,3
20123,20179,2
20123,20192,1
20123,20220,1
20123,20293,1
20123,20314,1
20123,20336,2
20123,20392,4
20123,20416,2
20123,20426,1
20123,20432,1
20123,20454,1
20124,20007,3
20124,20011,1
20124,20024,1
20124,20045,2
20124,20137,2
20124,20149,2
20124,20155,2
20124,20206,1
20124,20240,1
20124,20242,1
20124,20246,3
20124,20269,1
20124,20276,6
20124,20290,2
20124,20325,2
20124,20340,1
20124,20350,4
20124,20371,2
20124,20372,2
20124,20382,1
20124,20391,1
20124,20404,2
20125,20066,1
20125,20067,3
20125,20152,1
20125,20168,1
20125,20273,1
20125,20300,2
20125,20343,3
20125,20344,3
20125,20366,1
20125,20371,1
20125,20382,1
20125,20405,2
20125,20439,4
20125,20451,3
20125,20452,1
20125,20459,2
20125,20467,1
20126,20024,1
20126,20104,1
20126,20107,2
20126,20146,1
20126,20167,1
20126,20186,1
20126,20205,1
20126,20229,3
20126,20250,2
20126,20285,4
20126,20306,1
20126,20309,3
20126,20321,2
20126,20341,1
20126,20359,1
20127,20009,1
20127,20112,2
20127,20168,1
20127,20190,1
20127,20327,4
20127,20328,2
20127,20374,3
20127,20378,1
20127,20406,1
20127,20432,1
20127,20486,1
20128,20004,1
20128,20016,4
20128,20059,1
20128,20095,2
20128,20111,2
20128,20121,2
20128,20125,5
20128,20184,3
20128,20241,1
20128,20278,3
20128,20333,1
20128,20344,1
20128,20374,2
20128,20385,1
20128,20405,1
20128,20410,1
20128,20429,2
20128,20459,1
20128,20487,1
20128,20490,2
20128,20498,1
20129,20034,1
20129,20072,2
20129,20093,1
20129,20152,1
20129,20186,2
20129,20187,1
20129,20209,4
20129,20294,1
20129,20336,5
20129,20355,3
20129,20452,2
20129,20459,1
20130,20016,2
20130,20113,1
20130,20114,1
20130,20155,2
20130,20167,1
20130,20177,1
20130,20186,1
20130,20221,1
20130,20259,5
20130,20265,2
20130,20301,1
20130,20322,1
20130,20358,2
20130,20360,1
20130,20363,1
20130,20366,2
20130,20378,2
20130,20413,1
20130,20414,2
20130,20444,1
20130,20449,2
20130,20460,2
20131,20011,4
20131,20018,2
20131,20037,8
20131,20046,2
20131,20066,2
20131,20072,5
20131,20077,1
20131,20132,1
20131,20182,2
20131,20186,1
20131,20195,5
20131,20264,1
20131,20290,1
20131,20322,5
20131,20344,1
20131,20346,1
20131,20355,1
20131,20363,2
20131,20381,5
20131,20443,1
20131,20480,1
20132,20011,1
20132,20085,1
20132,20087,1
20132,20095,3
20132,20100,1
20132,20106,1
20132,20115,1
20132,20122,2
20132,20170,1
20132,20187,1
20132,20218,1
20132,20238,1
20132,20265,1
20132,20314,1
20132,20374,1
20132,20376,1
20132,20400,1
20132,20413,1
20132,20437,1
20132,20454,2
20132,20487,1
20132,20490,5
20133,20009,1
20133,20096,1
20133,20112,1
20133,20181,1
20133,20190,1
20133,20220,4
20133,20239,1
20133,20250,2
20133,20291,2
20133,20314,1
20133,20343,1
20133,20407,2
20133,20474,1
20133,20476,1
20134,20009,1
20134,20070,5
20134,20073,2
20134,20082,4
20134,20119,3
20134,20149,2
20134,20166,1
20134,20184,1
20134,20186,1
20134,20218,1
20134,20250,2
20134,20256,1
20134,20261,1
20134,20293,2
20134,20314,1
20134,20352,1
20134,20362,1
20134,20368,1
20134,20392,1
20134,20433,3
20134,20445,1
20134,20458,4
20135,20093,2
20135,20106,2
20135,20156,1
20135,20177,3
20135,20206,1
20135,20215,2
20135,20217,1
20135,20256,3
20135,20273,2
20135,20289,1
20135,20342,4
20135,20366,1
20135,20374,1
20135,20392,6
20135,20408,1
20135,20432,3
20135,20437,1
20135,20449,1
20135,20452,2
20136,20005,4
20136,20007,1
20136,20034,2
20136,20085,1
20136,20097,1
20136,20106,8
20136,20121,1
20136,20130,1
20136,20155,5
20136,20156,1
20136,20170,4
20136,20175,2
20136,20178,2
20136,20184,1
20136,20249,2
20136,20252,1
20136,20275,1
20136,20278,1
20136,20282,1
20136,20345,1
20136,20361,2
20136,20394,1
20136,20418,2
20136,20429,2
20136,20434,2
20137,20011,2
20137,20091,1
20137,20105,8
20137,20108,1
20137,20142,1
20137,20152,1
20137,20156,7
20137,20187,2
20137,20238,1
20137,20265,1
20137,20271,1
20137,20274,1
20137,20285,1
20137,20290,5
20137,20292,2
20137,20330,1
20137,20333,1
20137,20340,1
20137,20379,1
20137,20382,1
20137,20398,6
20137,20400,2
20137,20403,3
20137,20417,2
20137,20432,1
20137,20451,1
20137,20452,1
20137,20454,2
20137,20485,1
20138,20015,1
20138,20021,1
20138,20052,2
20138,20094,2
20138,20192,1
20138,20197,3
20138,20212,1
20138,20218,3
20138,20251,1
20138,20284,1
20138,20304,1
20138,20309,1
20138,20392,1
20138,20401,3
20138,20462,1
20139,20032,1
20139,20052,3
20139,20082,1
20139,20088,2
20139,20092,1
20139,20123,1
20139,20164,2
20139,20192,1
20139,20193,1
20139,20206,1
20139,20212,1
20139,20229,2
20139,20324,2
20139,20327,1
20139,20339,2
20139,20368,1
20139,20384,3
20139,20421,2
20139,20432,1
20139,20448,2
20139,20461,5
20139,20499,2
20140,20002,1
20140,20025,1
20140,20059,2
20140,20078,1
20140,20104,1
20140,20149,1
20140,20203,1
20140,20206,1
20140,20249,2
20140,20252,1
20140,20269,1
20140,20276,1
20140,20300,1
20140,20308,2
20140,20315,2
20140,20355,2
20140,20363,4
20140,20444,3
20140,20451,3
20140,20459,1
20141,20021,3
20141,20060,1
20141,20090,1
20141,20114,1
20141,20133,1
20141,20149,1
20141,20159,1
20141,20212,1
20141,20280,1
20141,20291,1
20141,20386,1
20141,20396,1
20141,20432,1
20141,20448,2
20141,20465,1
20141,20470,1
20142,20002,1
20142,20005,1
20142,20060,4
20142,20072,1
20142,20102,4
20142,20110,1
20142,20153,3
20142,20172,2
20142,20174,3
20142,20206,2
20142,20218,2
20142,20250,1
20142,20258,3
20142,20297,3
20142,20322,1
20142,20331,1
20142,20355,1
20142,20361,2
20142,20363,2
20142,20374,1
20142,20378,1
20142,20400,4
20142,20407,2
20142,20432,1
20142,20437,1
20142,20443,1
20142,20496,1
20142,20497,1
20143,20009,1
20143,20021,3
20143,20032,1
20143,20086,1
20143,20098,1
20143,20163,2
20143,20192,1
20143,20210,1
20143,20220,4
20143,20227,1
20143,20250,3
20143,20329,1
20143,20332,1
20143,20349,2
20143,20448,3
20143,20497,1
20144,20009,3
20144,20015,1
20144,20092,2
20144,20114,1
20144,20163,1
20144,20203,1
20144,20218,2
20144,20225,4
20144,20280,1
20144,20296,1
20144,20310,2
20144,20410,1
20144,20468,2
20144,20471,1
20145,20005,1
20145,20070,1
20145,20104,1
20145,20129,1
20145,20148,1
20145,20150,1
20145,20172,6
20145,20183,1
20145,20185,2
20145,20195,1
20145,20209,2
20145,20271,3
20145,20290,3
20145,20297,2
20145,20320,1
20145,20328,3
20145,20355,4
20145,20368,1
20145,20376,1
20145,20402,3
20145,20414,1
20145,20415,3
20145,20443,2
20145,20444,1
20145,20470,2
20145,20476,1
20145,20491,2
20146,20054,5
20146,20091,1
20146,20104,6
20146,20167,3
20146,20172,5
20146,20250,1
20146,20265,1
20146,20266,4
20146,20307,2
20146,20323,2
20146,20334,1
20146,20343,1
20146,20381,3
20146,20404,1
20146,20414,1
20146,20458,2
20147,20051,2
20147,20090,2
20147,20118,2
20147,20126,1
20147,20142,1
20147,20148,2
20147,20149,3
20147,20168,1
20147,20204,2
20147,20215,1
20147,20291,2
20147,20330,2
20147,20331,4
20147,20344,1
20147,20362,1
20147,20363,1
20147,20369,1
20147,20426,1
20147,20438,2
20147,20443,1
20147,20454,1
20147,20474,4
20147,20479,2
20148,20011,1
20148,20046,1
20148,20061,3
20148,20081,1
20148,20082,1
20148,20085,2
20148,20087,2
20148,20090,2
20148,20097,1
20148,20101,2
20148,20111,1
20148,20121,3
20148,20124,7
20148,20126,6
20148,20127,1
20148,20130,2
20148,20140,3
20148,20150,2
20148,20151,2
20148,20155,2
20148,20160,1
20148,20177,1
20148,20205,3
20148,20210,2
20148,20221,1
20148,20222,2
20148,20230,1
20148,20231,1
20148,20233,1
20148,20234,1
20148,20264,2
20148,20272,1
20148,20282,1
20148,20287,2
20148,20305,1
20148,20312,3
20148,20319,3
20148,20320,1
20148,20322,1
20148,20326,1
20148,20357,1
20148,20358,1
20148,20367,1
20148,20369,1
20148,20380,1
20148,20391,2
20148,20394,1
20148,20397,3
20148,20406,1
20148,20409,1
20148,20411,1
20148,20418,2
20148,20425,1
20148,20430,2
20148,20433,1
20148,20442,1
20148,20456,1
20148,20458,3
20148,20460,1
20148,20463,4
20148,20469,1
20148,20481,5
20148,20484,3
20149,20008,2
20149,20012,2
20149,20030,2
20149,20033,1
20149,20039,4
20149,20044,1
20149,20051,2
20149,20063,1
20149,20064,2
20149,20067,2
20149,20081,1
20149,20082,2
20149,20083,3
20149,20086,3
20149,20095,6
20149,20096,1
20149,20120,2
20149,20135,1
20149,20138,1
20149,20146,5
20149,20161,2
20149,20198,4
20149,20199,2
20149,20214,1
20149,20217,1
20149,20220,1
20149,20223,2
20149,20225,1
20149,20245,1
20149,20253,2
20149,20259,4
20149,20263,6
20149,20267,1
20149,20272,2
20149,20295,3
20149,20298,2
20149,20309,1
20149,20319,2
20149,20339,2
20149,20341,1
20149,20359,1
20149,20367,1
20149,20387,2
20149,20416,1
20149,20420,1
20149,20444,2
20149,20472,1
20149,20477,4
20149,20496,1
20150,20018,2
20150,20054,1
20150,20059,7
20150,20089,4
20150,20101,1
20150,20116,3
20150,20173,2
20150,20185,1
20150,20190,3
20150,20202,1
20150,20224,1
20150,20231,2
20150,20240,5
20150,20249,2
20150,20253,1
20150,20257,1
20150,20260,2
20150,20347,1
20150,20354,2
20150,20363,1
20150,20366,3
20150,20391,1
20150,20395,2
20150,20400,1
20150,20443,1
20150,20450,1
20151,20019,1
20151,20024,1
20151,20045,1
20151,20049,1
20151,20074,1
20151,20105,2
20151,20148,3
20151,20180,1
20151,20185,2
20151,20213,1
20151,20235,6
20151,20259,1
20151,20277,1
20151,20306,1
20151,20325,2
20151,20366,1
20151,20380,1
20151,20388,3
20151,20452,3
20152,20022,2
20152,20025,2
20152,20028,1
20152,20038,1
20152,20054,1
20152,20089,2
20152,20111,1
20152,20114,1
20152,20125,2
20152,20126,2
20152,20131,1
20152,20147,1
20152,20153,2
20152,20182,1
20152,20194,1
20152,20195,6
20152,20203,3
20152,20214,3
20152,20240,1
20152,20241,3
20152,20243,2
20152,20244,3
20152,20258,3
20152,20264,1
20152,20267,2
20152,20273,1
20152,20274,4
20152,20276,1
20152,20289,4
20152,20293,4
20152,20307,2
20152,20312,1
20152,20320,1
20152,20322,1
20152,20345,7
20152,20373,2
20152,20393,1
20152,20394,1
20152,20397,1
20152,20400,2
20152,20409,1
20152,20432,1
20152,20433,2
20152,20441,6
20152,20463,1
20152,20464,2
20152,20486,1
20152,20487,1
20152,20492,2
20152,20495,1
20153,20011,2
20153,20024,1
20153,20049,2
20153,20101,1
20153,20106,1
20153,20116,1
20153,20125,1
20153,20171,5
20153,20182,4
20153,20224,1
20153,20237,1
20153,20240,2
20153,20252,3
20153,20267,1
20153,20268,2
20153,20284,3
20153,20290,1
20153,20373,4
20153,20414,3
20153,20433,2
20154,20004,1
20154,20011,1
20154,20034,2
20154,20045,1
20154,20056,1
20154,20072,1
20154,20074,2
20154,20091,1
20154,20145,1
20154,20152,3
20154,20183,1
20154,20187,1
20154,20190,1
20154,20276,1
20154,20322,2
20154,20335,1
20154,20382,1
20154,20397,2
20154,20404,1
20154,20405,1
20154,20464,2
20154,20498,2
20155,20034,1
20155,20105,2
20155,20122,6
20155,20126,2
20155,20132,3
20155,20142,3
20155,20179,3
20155,20187,1
20155,20209,1
20155,20213,3
20155,20238,1
20155,20248,1
20155,20276,3
20155,20300,2
20155,20312,1
20155,20317,3
20155,20325,5
20155,20333,2
20155,20374,1
20155,20443,1
20155,20449,1
20155,20450,2
20155,20460,2
20155,20490,4
20156,20005,1
20156,20017,1
20156,20045,3
20156,20072,4
20156,20136,1
20156,20174,1
20156,20186,2
20156,20187,3
20156,20206,1
20156,20213,1
20156,20241,3
20156,20242,1
20156,20275,4
20156,20282,1
20156,20328,1
20156,20345,1
20156,20350,1
20156,20365,1
20156,20374,2
20156,20402,1
20156,20432,1
20156,20433,1
20156,20450,1
20156,20498,1
20157,20021,1
20157,20022,1
20157,20038,1
20157,20060,1
20157,20075,1
20157,20084,1
20157,20088,1
20157,20123,1
20157,20143,1
20157,20176,1
20157,20181,3
20157,20190,1
20157,20204,1
20157,20284,1
20157,20336,1
20157,20349,5
20157,20381,1
20157,20401,1
20157,20428,4
20157,20469,3
20158,20032,2
20158,20073,2
20158,20156,1
20158,20252,1
20158,20281,1
20158,20392,2
20158,20428,1
20158,20443,3
20158,20445,2
20158,20499,1
20159,20015,5
20159,20021,3
20159,20031,2
20159,20100,2
20159,20104,2
20159,20117,2
20159,20157,1
20159,20250,1
20159,20262,1
20159,20263,1
20159,20324,2
20159,20327,2
20159,20343,1
20159,20384,4
20159,20465,4
20160,20037,1
20160,20045,2
20160,20094,1
20160,20109,2
20160,20127,1
20160,20148,1
20160,20152,2
20160,20168,2
20160,20172,2
20160,20186,4
20160,20215,1
20160,20221,1
20160,20230,1
20160,20271,1
20160,20283,2
20160,20323,1
20160,20340,4
20160,20380,1
20160,20392,2
20160,20400,1
20160,20404,1
20160,20432,1
20160,20433,2
20160,20436,1
20160,20472,2
20161,20011,1
20161,20079,2
20161,20085,2
20161,20106,2
20161,20108,3
20161,20125,1
20161,20126,1
20161,20134,1
20161,20148,3
20161,20175,1
20161,20190,1
20161,20213,4
20161,20221,2
20161,20222,1
20161,20236,2
20161,20241,1
20161,20254,1
20161,20258,3
20161,20273,3
20161,20300,1
20161,20310,1
20161,20335,1
20161,20347,1
20161,20355,2
20161,20427,1
20161,20459,3
20161,20487,1
20162,20008,2
20162,20027,1
20162,20033,3
20162,20265,1
20162,20298,1
20162,20307,1
20162,20332,1
20162,20368,3
20162,20374,1
20162,20432,3
20162,20443,1
20162,20465,2
20162,20473,1
20162,20499,1
20163,20015,1
20163,20025,2
20163,20026,2
20163,20030,3
20163,20039,1
20163,20043,1
20163,20050,4
20163,20051,1
20163,20062,1
20163,20073,1
20163,20098,1
20163,20135,1
20163,20143,4
20163,20144,4
20163,20157,3
20163,20164,2
20163,20165,2
20163,20196,1
20163,20197,2
20163,20199,1
20163,20220,1
20163,20223,2
20163,20226,1
20163,20227,1
20163,20228,1
20163,20239,1
20163,20261,1
20163,20264,1
20163,20291,3
20163,20301,1
20163,20309,4
20163,20310,2
20163,20313,3
20163,20330,1
20163,20348,1
20163,20384,5
20163,20386,1
20163,20409,3
20163,20416,1
20163,20448,5
20163,20461,7
20163,20462,2
20163,20482,2
20164,20009,2
20164,20015,1
20164,20026,1
20164,20123,2
20164,20143,1
20164,20163,1
20164,20310,2
20164,20324,1
20164,20332,1
20164,20368,2
20164,20380,2
20164,20416,1
20164,20432,1
20164,20469,1
20165,20060,2
20165,20096,1
20165,20139,1
20165,20190,2
20165,20208,1
20165,20250,1
20165,20251,1
20165,20324,3
20165,20340,5
20165,20362,1
20165,20441,3
20166,20021,1
20166,20025,1
20166,20071,1
20166,20104,2
20166,20117,3
20166,20119,1
20166,20196,2
20166,20266,1
20166,20307,1
20166,20308,4
20166,20368,1
20166,20406,1
20166,20433,1
20166,20465,2
20166,20473,2
20166,20477,1
20167,20012,5
20167,20036,1
20167,20092,4
20167,20096,2
20167,20099,2
20167,20109,1
20167,20112,1
20167,20123,2
20167,20141,2
20167,20157,4
20167,20166,1
20167,20191,1
20167,20193,1
20167,20199,1
20167,20207,1
20167,20210,1
20167,20216,1
20167,20223,1
20167,20227,4
20167,20239,2
20167,20253,1
20167,20267,2
20167,20279,1
20167,20281,1
20167,20298,4
20167,20301,1
20167,20304,1
20167,20307,1
20167,20311,3
20167,20312,2
20167,20313,1
20167,20322,7
20167,20343,1
20167,20352,1
20167,20353,2
20167,20369,1
20167,20386,1
20167,20401,2
20167,20403,3
20167,20409,1
20167,20441,3
20167,20469,3
20167,20471,1
20167,20473,2
20167,20478,1
20167,20482,6
20168,20094,1
20168,20149,2
20168,20172,1
20168,20256,2
20168,20285,1
20168,20306,2
20168,20371,1
20168,20374,2
20168,20381,1
20169,20002,1
20169,20056,2
20169,20059,3
20169,20068,1
20169,20079,1
20169,20116,3
20169,20132,1
20169,20136,1
20169,20150,1
20169,20195,1
20169,20267,2
20169,20283,1
20169,20315,1
20169,20337,1
20169,20373,6
20169,20378,2
20169,20405,1
20169,20418,1
20169,20429,1
20169,20434,1
20169,20435,1
20169,20436,3
20169,20480,1
20169,20485,2
20170,20024,1
20170,20054,1
20170,20056,2
20170,20067,1
20170,20110,3
20170,20154,1
20170,20168,1
20170,20186,1
20170,20206,1
20170,20231,1
20170,20276,2
20170,20283,1
20170,20292,2
20170,20398,2
20170,20400,2
20170,20404,1
20170,20423,1
20170,20480,1
20170,20500,1
20171,20064,3
20171,20068,1
20171,20085,3
20171,20093,2
20171,20105,1
20171,20124,1
20171,20179,1
20171,20221,1
20171,20241,1
20171,20260,4
20171,20285,1
20171,20292,4
20171,20333,2
20171,20335,2
20171,20361,1
20171,20376,1
20171,20380,2
20171,20400,1
20171,20407,1
20171,20415,1
20171,20454,1
20171,20478,1
20171,20486,4
20172,20002,3
20172,20012,3
20172,20019,2
20172,20025,1
20172,20033,1
20172,20046,1
20172,20050,1
20172,20053,2
20172,20064,4
20172,20073,2
20172,20083,2
20172,20086,1
20172,20087,1
20172,20095,2
20172,20126,1
20172,20134,1
20172,20139,1
20172,20149,1
20172,20154,2
20172,20160,6
20172,20177,2
20172,20191,1
20172,20192,1
20172,20193,6
20172,20234,1
20172,20236,3
20172,20254,1
20172,20257,2
20172,20263,2
20172,20264,1
20172,20272,1
20172,20281,2
20172,20282,1
20172,20286,1
20172,20291,1
20172,20317,1
20172,20330,1
20172,20331,5
20172,20341,1
20172,20349,1
20172,20352,1
20172,20367,1
20172,20374,1
20172,20383,3
20172,20390,2
20172,20409,1
20172,20411,1
20172,20418,1
20172,20420,1
20172,20440,1
20172,20444,1
20172,20445,2
20172,20449,2
20172,20470,1
20172,20482,2
20172,20493,1
20172,20494,1
20172,20495,1
20172,20496,1
20173,20016,1
20173,20017,2
20173,20045,1
20173,20057,4
20173,20066,1
20173,20067,1
20173,20106,4
20173,20125,5
20173,20184,1
20173,20235,2
20173,20247,2
20173,20252,2
20173,20269,4
20173,20275,1
20173,20276,4
20173,20335,3
20173,20376,2
20173,20383,2
20173,20400,1
20173,20418,3
20174,20018,1
20174,20035,1
20174,20125,2
20174,20154,1
20174,20167,5
20174,20238,1
20174,20297,1
20174,20315,1
20174,20333,2
20174,20375,4
20174,20382,1
20174,20398,1
20174,20407,2
20174,20412,1
20174,20427,2
20174,20443,3
20174,20497,1
20175,20049,2
20175,20065,1
20175,20079,2
20175,20093,5
20175,20113,1
20175,20121,1
20175,20161,2
20175,20206,1
20175,20256,1
20175,20257,2
20175,20267,2
20175,20276,1
20175,20321,2
20175,20362,3
20175,20373,2
20175,20376,2
20175,20402,3
20175,20407,1
20175,20418,1
20175,20429,2
20175,20450,1
20175,20498,2
20176,20021,1
20176,20057,1
20176,20067,1
20176,20072,1
20176,20183,1
20176,20215,3
20176,20268,3
20176,20315,3
20176,20320,4
20176,20328,1
20176,20332,3
20176,20414,1
20176,20417,2
20176,20433,3
20176,20435,2
20176,20459,1
20177,20068,1
20177,20071,1
20177,20079,2
20177,20104,3
20177,20110,1
20177,20149,3
20177,20173,4
20177,20210,6
20177,20246,2
20177,20255,1
20177,20317,1
20177,20342,1
20177,20363,1
20177,20364,1
20177,20367,1
20177,20381,3
20177,20395,2
20177,20399,1
20177,20414,2
20177,20447,1
20177,20455,1
20177,20475,1
20178,20024,1
20178,20034,1
20178,20067,1
20178,20087,6
20178,20094,3
20178,20124,2
20178,20136,2
20178,20137,3
20178,20175,1
20178,20179,1
20178,20206,1
20178,20246,1
20178,20275,1
20178,20300,1
20178,20306,1
20178,20382,3
20178,20391,1
20178,20397,4
20178,20400,6
20178,20419,9
20178,20440,1
20178,20455,3
20179,20002,1
20179,20007,1
20179,20018,3
20179,20025,3
20179,20031,1
20179,20059,2
20179,20065,1
20179,20072,1
20179,20073,1
20179,20085,1
20179,20091,1
20179,20102,3
20179,20103,1
20179,20114,2
20179,20132,1
20179,20153,1
20179,20155,1
20179,20173,1
20179,20189,2
20179,20224,2
20179,20227,2
20179,20240,1
20179,20259,1
20179,20260,2
20179,20271,1
20179,20274,1
20179,20280,1
20179,20282,2
20179,20287,2
20179,20295,2
20179,20298,1
20179,20303,2
20179,20308,2
20179,20338,2
20179,20347,2
20179,20359,1
20179,20373,2
20179,20375,1
20179,20379,1
20179,20387,3
20179,20388,1
20179,20395,2
20179,20410,2
20179,20412,1
20179,20415,1
20179,20432,1
20179,20443,2
20179,20453,3
20179,20488,2
20180,20005,2
20180,20024,1
20180,20045,1
20180,20072,1
20180,20085,1
20180,20095,1
20180,20106,3
20180,20115,4
20180,20122,1
20180,20172,2
20180,20186,4
20180,20238,1
20180,20244,5
20180,20265,3
20180,20269,2
20180,20300,2
20180,20332,2
20180,20333,1
20180,20337,1
20180,20345,2
20180,20360,1
20180,20391,2
20180,20407,2
20180,20410,1
20180,20433,1
20180,20439,1
20180,20443,3
20180,20451,1
20180,20467,2
20180,20479,3
20181,20015,2
20181,20030,1
20181,20144,1
20181,20218,2
20181,20343,1
20181,20353,2
20181,20355,1
20181,20428,1
20182,20011,1
20182,20057,5
20182,20061,2
20182,20077,2
20182,20087,1
20182,20090,1
20182,20100,2
20182,20129,1
20182,20180,1
20182,20238,1
20182,20241,2
20182,20244,1
20182,20248,5
20182,20252,1
20182,20256,1
20182,20265,1
20182,20268,3
20182,20271,1
20182,20277,2
20182,20300,3
20182,20303,2
20182,20322,2
20182,20432,1
20182,20442,5
20182,20455,4
20182,20498,1
20183,20025,1
20183,20102,1
20183,20135,2
20183,20152,1
20183,20172,3
20183,20176,1
20183,20314,1
20183,20336,1
20183,20338,1
20183,20399,1
20183,20486,1
20184,20048,1
20184,20058,1
20184,20059,3
20184,20065,1
20184,20085,2
20184,20106,1
20184,20111,3
20184,20147,1
20184,20151,2
20184,20161,1
20184,20173,1
20184,20175,1
20184,20178,3
20184,20191,1
20184,20213,1
20184,20282,1
20184,20287,1
20184,20331,2
20184,20419,3
20184,20450,1
20184,20486,3
20184,20492,1
20184,20498,1
20185,20076,3
20185,20079,1
20185,20104,1
20185,20126,2
20185,20173,1
20185,20191,1
20185,20221,1
20185,20270,1
20185,20274,2
20185,20321,1
20185,20340,5
20185,20359,1
20185,20378,1
20185,20405,2
20185,20414,1
20185,20431,1
20185,20439,1
20185,20440,2
20185,20443,1
20185,20463,2
20185,20483,2
20186,20004,3
20186,20008,2
20186,20017,1
20186,20029,1
20186,20041,1
20186,20046,1
20186,20068,1
20186,20085,4
20186,20087,2
20186,20090,1
20186,20101,3
20186,20124,3
20186,20132,1
20186,20133,1
20186,20135,5
20186,20137,1
20186,20139,1
20186,20140,2
20186,20149,1
20186,20151,3
20186,20155,1
20186,20156,2
20186,20160,2
20186,20178,1
20186,20180,3
20186,20185,1
20186,20195,1
20186,20224,1
20186,20227,2
20186,20231,1
20186,20249,1
20186,20253,1
20186,20254,1
20186,20256,1
20186,20290,3
20186,20299,2
20186,20335,2
20186,20337,3
20186,20347,6
20186,20354,1
20186,20360,1
20186,20373,4
20186,20385,2
20186,20394,1
20186,20397,1
20186,20399,2
20186,20418,2
20186,20424,1
20186,20434,2
20186,20437,1
20186,20443,1
20186,20449,1
20186,20451,1
20186,20453,3
20186,20475,1
20186,20490,1
20186,20494,2
20186,20495,1
20187,20005,1
20187,20029,3
20187,20059,1
20187,20061,4
20187,20105,3
20187,20108,1
20187,20121,2
20187,20147,1
20187,20221,1
20187,20255,1
20187,20290,1
20187,20292,1
20187,20315,1
20187,20337,2
20187,20408,1
20187,20423,2
20187,20429,1
20187,20432,7
20187,20450,1
20187,20457,1
20187,20487,1
20188,20009,1
20188,20036,1
20188,20100,1
20188,20340,1
20188,20356,1
20188,20426,1
20188,20495,1
20189,20090,2
20189,20131,1
20189,20238,3
20189,20285,1
20189,20306,5
20189,20319,2
20189,20321,1
20189,20340,5
20189,20355,1
20189,20363,3
20189,20380,1
20189,20395,1
20189,20403,2
20189,20418,2
20189,20447,2
20189,20454,1
20189,20485,4
20190,20001,1
20190,20046,2
20190,20070,2
20190,20084,1
20190,20112,4
20190,20120,3
20190,20147,1
20190,20154,1
20190,20161,1
20190,20177,1
20190,20191,1
20190,20197,1
20190,20216,2
20190,20222,3
20190,20232,2
20190,20259,1
20190,20263,2
20190,20281,5
20190,20320,2
20190,20326,2
20190,20334,1
20190,20336,1
20190,20346,1
20190,20353,3
20190,20367,1
20190,20369,1
20190,20436,1
20190,20448,2
20190,20452,3
20190,20458,2
20190,20472,1
20190,20477,3
20190,20478,1
20190,20483,1
20190,20493,1
20191,20003,2
20191,20018,1
20191,20058,5
20191,20067,1
20191,20073,1
20191,20094,1
20191,20114,2
20191,20130,1
20191,20148,1
20191,20184,1
20191,20216,2
20191,20233,1
20191,20269,2
20191,20281,3
20191,20292,1
20191,20303,1
20191,20342,1
20191,20347,3
20191,20367,2
20191,20378,2
20191,20444,2
20191,20451,2
20191,20454,1
20191,20498,2
20192,20006,2
20192,20015,1
20192,20021,1
20192,20042,1
20192,20053,1
20192,20086,1
20192,20099,1
20192,20119,1
20192,20123,1
20192,20162,2
20192,20204,3
20192,20214,1
20192,20217,1
20192,20218,1
20192,20220,3
20192,20221,1
20192,20223,2
20192,20245,3
20192,20289,2
20192,20298,1
20192,20313,2
20192,20341,1
20192,20342,1
20192,20349,1
20192,20416,2
20192,20426,1
20192,20431,1
20192,20449,1
20192,20465,2
20192,20469,1
20193,20001,1
20193,20020,1
20193,20024,1
20193,20032,2
20193,20048,1
20193,20125,1
20193,20147,5
20193,20284,1
20193,20464,1
20194,20091,4
20194,20094,3
20194,20148,3
20194,20149,2
20194,20153,2
20194,20171,1
20194,20218,1
20194,20222,2
20194,20246,1
20194,20267,1
20194,20371,1
20194,20406,1
20194,20407,2
20194,20432,5
20194,20435,1
20194,20490,1
20194,20498,2
20195,20059,1
20195,20076,2
20195,20077,1
20195,20105,1
20195,20113,1
20195,20132,1
20195,20169,2
20195,20187,2
20195,20213,1
20195,20241,2
20195,20255,3
20195,20264,1
20195,20267,1
20195,20321,4
20195,20379,1
20195,20400,1
20195,20404,3
20195,20414,1
20195,20419,2
20195,20452,2
20196,20032,1
20196,20058,3
20196,20096,2
20196,20100,1
20196,20120,1
20196,20125,1
20196,20127,1
20196,20133,1
20196,20139,3
20196,20146,1
20196,20147,2
20196,20204,1
20196,20218,1
20196,20230,1
20196,20329,1
20196,20344,1
20196,20348,2
20196,20353,5
20196,20356,2
20196,20384,1
20196,20426,2
20196,20432,2
20196,20483,3
20197,20020,2
20197,20032,1
20197,20040,1
20197,20042,2
20197,20043,1
20197,20047,1
20197,20073,5
20197,20083,1
20197,20107,2
20197,20138,2
20197,20162,1
20197,20192,1
20197,20314,1
20197,20321,1
20197,20328,1
20197,20336,2
20197,20339,1
20197,20341,3
20197,20342,1
20197,20355,1
20197,20362,3
20197,20428,5
20197,20432,1
20197,20494,1
20198,20015,1
20198,20143,2
20198,20188,2
20198,20192,1
20198,20218,2
20198,20329,2
20198,20332,4
20198,20343,1
20198,20428,3
20198,20432,3
20198,20433,2
20198,20468,5
20199,20006,1
20199,20090,1
20199,20228,1
20199,20262,3
20199,20291,1
20199,20310,1
20199,20324,3
20199,20329,1
20199,20474,1
20199,20482,3
20200,20009,4
20200,20088,1
20200,20109,2
20200,20164,1
20200,20172,1
20200,20201,1
20200,20216,2
20200,20250,3
20200,20304,1
20200,20343,1
20200,20353,1
20200,20431,1
20200,20499,1
20201,20009,2
20201,20146,2
20201,20208,1
20201,20216,2
20201,20251,1
20201,20342,2
20201,20441,1
20202,20004,1
20202,20005,4
20202,20017,1
20202,20074,1
20202,20079,2
20202,20087,2
20202,20122,4
20202,20137,2
20202,20155,3
20202,20169,1
20202,20170,3
20202,20178,1
20202,20234,3
20202,20235,3
20202,20238,1
20202,20286,1
20202,20290,5
20202,20294,1
20202,20312,3
20202,20333,2
20202,20366,3
20202,20373,1
20202,20409,3
20202,20500,1
20203,20001,1
20203,20020,1
20203,20070,1
20203,20093,1
20203,20129,2
20203,20160,2
20203,20195,2
20203,20215,1
20203,20229,2
20203,20230,2
20203,20237,2
20203,20269,2
20203,20305,2
20203,20327,3
20203,20381,2
20203,20406,1
20203,20459,1
20203,20497,1
20204,20021,2
20204,20086,1
20204,20149,2
20204,20152,1
20204,20163,5
20204,20172,1
20204,20181,5
20204,20212,5
20204,20228,1
20204,20269,1
20204,20280,2
20204,20296,1
20204,20301,1
20204,20310,2
20204,20314,2
20204,20321,1
20204,20324,2
20204,20328,1
20204,20356,1
20204,20384,1
20204,20439,3
20204,20501,1
20205,20055,6
20205,20072,1
20205,20105,2
20205,20125,1
20205,20148,1
20205,20152,2
20205,20156,2
20205,20167,1
20205,20177,4
20205,20180,1
20205,20248,4
20205,20249,2
20205,20252,1
20205,20253,4
20205,20278,3
20205,20290,3
20205,20319,1
20205,20325,4
20205,20335,1
20205,20340,1
20205,20360,1
20205,20362,1
20205,20373,1
20205,20378,1
20205,20413,2
20205,20428,1
20205,20442,2
20205,20449,1
20205,20452,2
20205,20455,3
20205,20484,1
20206,20018,1
20206,20037,1
20206,20045,1
20206,20047,1
20206,20049,2
20206,20062,2
20206,20065,3
20206,20072,2
20206,20106,1
20206,20151,1
20206,20154,5
20206,20155,1
20206,20170,2
20206,20171,1
20206,20173,2
20206,20175,1
20206,20189,3
20206,20210,3
20206,20221,3
20206,20222,5
20206,20234,1
20206,20240,2
20206,20243,2
20206,20246,2
20206,20257,2
20206,20271,2
20206,20287,1
20206,20290,1
20206,20295,2
20206,20299,1
20206,20303,1
20206,20312,2
20206,20325,2
20206,20331,1
20206,20345,3
20206,20361,1
20206,20379,1
20206,20398,2
20206,20408,2
20206,20417,1
20206,20418,1
20206,20419,1
20206,20433,1
20206,20436,1
20206,20447,1
20206,20459,1
20206,20464,2
20206,20472,3
20206,20484,4
20206,20485,1
20206,20493,1
20207,20009,1
20207,20062,1
20207,20143,1
20207,20212,1
20207,20220,2
20207,20239,1
20207,20262,3
20207,20272,1
20207,20301,2
20207,20310,1
20207,20356,3
20207,20378,4
20207,20426,4
20207,20466,1
20207,20474,1
20207,20497,1
20208,20032,1
20208,20069,1
20208,20190,5
20208,20220,2
20208,20306,1
20208,20316,1
20208,20324,2
20208,20327,1
20208,20339,1
20208,20421,1
20209,20013,1
20209,20034,3
20209,20038,2
20209,20059,1
20209,20061,2
20209,20097,1
20209,20111,1
20209,20113,2
20209,20170,1
20209,20175,1
20209,20180,1
20209,20195,4
20209,20242,3
20209,20248,1
20209,20278,2
20209,20312,1
20209,20319,2
20209,20337,2
20209,20365,1
20209,20387,1
20209,20398,2
20209,20419,2
20209,20427,4
20209,20429,4
20209,20451,1
20210,20008,1
20210,20045,2
20210,20072,4
20210,20085,2
20210,20102,1
20210,20138,4
20210,20187,1
20210,20203,1
20210,20234,1
20210,20259,5
20210,20267,1
20210,20310,2
20210,20339,1
20210,20355,3
20210,20362,1
20210,20399,2
20210,20400,1
20210,20403,1
20210,20424,2
20210,20464,1
20210,20476,1
20210,20479,1
20211,20057,3
20211,20081,2
20211,20107,5
20211,20110,1
20211,20125,1
20211,20307,4
20211,20343,1
20211,20366,2
20211,20478,3
20211,20490,1
20211,20493,1
20212,20014,1
20212,20037,1
20212,20052,1
20212,20069,1
20212,20070,1
20212,20073,1
20212,20088,1
20212,20109,4
20212,20112,1
20212,20114,1
20212,20120,1
20212,20124,3
20212,20139,6
20212,20141,1
20212,20165,1
20212,20197,1
20212,20200,4
20212,20219,1
20212,20245,1
20212,20250,1
20212,20285,1
20212,20304,1
20212,20305,1
20212,20310,1
20212,20348,2
20212,20372,1
20212,20389,1
20212,20415,3
20212,20421,2
20212,20436,1
20212,20440,1
20212,20441,2
20212,20446,1
20212,20471,1
20212,20481,1
20213,20007,1
20213,20041,3
20213,20046,1
20213,20054,2
20213,20072,2
20213,20085,3
20213,20101,1
20213,20106,1
20213,20152,1
20213,20155,2
20213,20175,4
20213,20243,1
20213,20247,1
20213,20260,1
20213,20278,5
20213,20285,5
20213,20287,1
20213,20357,1
20213,20358,2
20213,20367,2
20213,20370,2
20213,20376,3
20213,20398,2
20213,20406,1
20213,20442,1
20213,20475,1
20213,20492,4
20213,20498,1
20214,20018,1
20214,20019,2
20214,20127,2
20214,20134,1
20214,20149,2
20214,20167,1
20214,20172,1
20214,20177,1
20214,20272,1
20214,20310,5
20214,20314,2
20214,20328,1
20214,20336,4
20214,20383,1
20214,20384,2
20214,20405,3
20214,20439,3
20214,20497,1
20215,20012,1
20215,20013,2
20215,20020,1
20215,20029,1
20215,20037,1
20215,20042,1
20215,20058,3
20215,20077,4
20215,20094,1
20215,20101,1
20215,20108,1
20215,20131,3
20215,20137,1
20215,20142,3
20215,20149,4
20215,20155,2
20215,20190,1
20215,20214,2
20215,20221,3
20215,20224,1
20215,20231,2
20215,20233,1
20215,20234,2
20215,20235,1
20215,20249,2
20215,20252,1
20215,20268,1
20215,20273,1
20215,20274,1
20215,20281,1
20215,20282,3
20215,20317,1
20215,20319,2
20215,20320,1
20215,20322,3
20215,20325,1
20215,20360,1
20215,20367,5
20215,20384,1
20215,20388,1
20215,20397,2
20215,20406,1
20215,20410,1
20215,20412,2
20215,20417,3
20215,20425,1
20215,20435,1
20215,20436,6
20215,20440,1
20215,20453,1
20215,20482,3
20215,20486,1
20216,20001,2
20216,20032,2
20216,20038,2
20216,20064,1
20216,20167,3
20216,20171,4
20216,20201,2
20216,20255,1
20216,20269,1
20216,20305,2
20216,20314,1
20216,20327,5
20216,20332,2
20216,20340,2
20216,20381,2
20216,20390,2
20216,20419,1
20216,20424,1
20216,20430,1
20216,20433,1
20216,20472,2
20216,20477,1
20217,20009,2
20217,20093,2
20217,20120,1
20217,20141,2
20217,20149,5
20217,20210,3
20217,20223,1
20217,20283,2
20217,20328,2
20217,20361,4
20217,20384,3
20217,20432,1
20217,20443,1
20218,20002,2
20218,20013,2
20218,20021,1
20218,20027,2
20218,20052,2
20218,20053,3
20218,20060,1
20218,20063,7
20218,20086,1
20218,20098,1
20218,20099,4
20218,20113,3
20218,20117,3
20218,20133,3
20218,20138,1
20218,20159,2
20218,20219,1
20218,20228,4
20218,20245,2
20218,20291,1
20218,20293,2
20218,20304,2
20218,20313,2
20218,20316,3
20218,20323,1
20218,20332,1
20218,20355,1
20218,20412,1
20218,20431,1
20218,20494,2
20218,20501,1
20219,20053,4
20219,20119,1
20219,20138,2
20219,20163,1
20219,20225,1
20219,20342,1
20219,20364,1
20219,20372,3
20219,20374,3
20219,20378,2
20219,20390,3
20219,20470,1
20220,20060,2
20220,20117,1
20220,20138,2
20220,20141,1
20220,20188,1
20220,20218,1
20220,20237,1
20220,20245,3
20220,20324,1
20220,20332,3
20221,20042,2
20221,20054,1
20221,20057,1
20221,20072,1
20221,20100,1
20221,20101,2
20221,20135,2
20221,20140,4
20221,20152,2
20221,20170,1
20221,20203,1
20221,20273,1
20221,20274,4
20221,20275,2
20221,20306,2
20221,20317,4
20221,20339,1
20221,20344,1
20221,20355,2
20221,20366,2
20221,20394,1
20221,20397,2
20221,20404,1
20221,20432,1
20221,20455,1
20221,20464,1
20221,20486,6
20222,20019,3
20222,20050,2
20222,20094,2
20222,20100,2
20222,20106,1
20222,20111,2
20222,20120,3
20222,20274,6
20222,20295,1
20222,20340,2
20222,20396,1
20222,20410,1
20222,20424,2
20222,20452,3
20222,20455,1
20222,20484,1
20222,20486,2
20223,20027,1
20223,20028,2
20223,20030,1
20223,20031,1
20223,20032,3
20223,20039,1
20223,20048,2
20223,20053,3
20223,20060,3
20223,20148,1
20223,20163,1
20223,20179,1
20223,20181,2
20223,20237,1
20223,20250,2
20223,20298,1
20223,20314,1
20223,20330,1
20223,20341,2
20223,20362,2
20223,20376,1
20223,20384,1
20223,20428,1
20223,20432,1
20223,20448,1
20223,20475,3
20223,20482,1
20223,20489,2
20224,20016,2
20224,20050,1
20224,20057,1
20224,20101,3
20224,20111,2
20224,20125,2
20224,20168,2
20224,20222,1
20224,20263,2
20224,20294,4
20224,20295,1
20224,20312,1
20224,20347,4
20224,20376,2
20224,20380,2
20224,20428,1
20224,20432,3
20224,20433,2
20224,20434,4
20224,20490,1
20224,20497,1
20225,20009,2
20225,20012,2
20225,20020,2
20225,20022,3
20225,20025,2
20225,20042,1
20225,20043,3
20225,20048,1
20225,20051,1
20225,20053,1
20225,20076,5
20225,20080,1
20225,20083,2
20225,20086,2
20225,20089,2
20225,20124,1
20225,20152,1
20225,20164,2
20225,20166,2
20225,20185,2
20225,20198,1
20225,20199,1
20225,20210,1
20225,20211,1
20225,20214,4
20225,20224,2
20225,20230,1
20225,20239,4
20225,20245,1
20225,20254,1
20225,20261,1
20225,20262,3
20225,20293,2
20225,20309,5
20225,20313,1
20225,20315,2
20225,20318,1
20225,20319,3
20225,20320,1
20225,20328,1
20225,20345,1
20225,20356,1
20225,20389,1
20225,20426,2
20225,20443,1
20225,20445,2
20225,20468,1
20225,20482,1
20225,20483,1
20225,20484,1
20225,20494,2
20226,20021,1
20226,20022,4
20226,20032,5
20226,20081,1
20226,20106,3
20226,20110,2
20226,20127,2
20226,20167,1
20226,20179,1
20226,20192,2
20226,20208,1
20226,20225,1
20226,20343,4
20226,20386,1
20226,20393,1
20226,20414,1
20226,20420,5
20226,20422,2
20226,20436,2
20226,20448,3
20226,20474,1
20226,20478,4
20227,20032,2
20227,20080,1
20227,20127,1
20227,20156,1
20227,20197,1
20227,20309,2
20227,20310,1
20227,20336,2
20227,20343,1
20227,20355,2
20227,20362,1
20227,20384,3
20227,20392,3
20227,20416,2
20227,20432,2
20227,20470,1
20228,20004,3
20228,20005,2
20228,20015,1
20228,20062,3
20228,20084,1
20228,20086,2
20228,20092,3
20228,20163,2
20228,20167,1
20228,20192,1
20228,20198,1
20228,20207,2
20228,20226,1
20228,20250,6
20228,20276,1
20228,20310,1
20228,20329,1
20228,20432,1
20228,20462,1
20228,20468,1
20229,20001,1
20229,20002,1
20229,20125,1
20229,20136,1
20229,20149,1
20229,20160,2
20229,20281,3
20229,20289,1
20229,20339,1
20229,20366,4
20229,20368,2
20229,20380,3
20229,20381,1
20229,20404,4
20229,20458,3
20229,20490,2
20229,20498,1
20230,20001,2
20230,20010,4
20230,20012,2
20230,20103,3
20230,20127,1
20230,20146,1
20230,20147,1
20230,20172,2
20230,20190,2
20230,20212,1
20230,20214,2
20230,20249,1
20230,20271,5
20230,20281,1
20230,20322,1
20230,20330,1
20230,20334,1
20230,20381,2
20230,20384,1
20230,20400,2
20230,20432,3
20230,20451,1
20230,20473,2
20230,20475,1
20231,20011,2
20231,20026,1
20231,20040,1
20231,20067,2
20231,20115,1
20231,20127,2
20231,20149,1
20231,20150,1
20231,20206,2
20231,20209,1
20231,20215,1
20231,20222,1
20231,20225,4
20231,20246,2
20231,20290,3
20231,20312,2
20231,20319,1
20231,20336,2
20231,20338,1
20231,20343,1
20231,20350,1
20231,20362,2
20231,20374,2
20231,20378,5
20231,20411,1
20231,20415,1
20231,20433,1
20231,20435,1
20231,20449,3
20231,20457,1
20231,20467,3
20232,20077,1
20232,20114,2
20232,20127,4
20232,20171,1
20232,20340,2
20232,20376,2
20232,20380,3
20232,20414,1
20233,20004,2
20233,20028,1
20233,20032,2
20233,20054,1
20233,20057,1
20233,20059,2
20233,20067,1
20233,20078,2
20233,20107,2
20233,20116,1
20233,20154,4
20233,20168,3
20233,20183,1
20233,20191,1
20233,20263,1
20233,20269,1
20233,20273,2
20233,20328,1
20233,20338,3
20233,20355,1
20233,20362,7
20233,20392,1
20233,20400,1
20233,20402,1
20233,20405,2
20233,20414,8
20233,20424,3
20233,20432,4
20233,20440,2
20233,20442,3
20233,20443,1
20233,20451,3
20233,20453,1
20233,20475,6
20234,20004,1
20234,20059,2
20234,20113,2
20234,20115,3
20234,20247,1
20234,20305,1
20234,20312,1
20234,20322,5
20234,20366,1
20234,20404,2
20234,20424,3
20234,20451,2
20234,20489,2
20234,20498,1
20235,20056,1
20235,20063,1
20235,20066,4
20235,20081,1
20235,20097,3
20235,20110,5
20235,20124,1
20235,20127,5
20235,20128,3
20235,20136,1
20235,20168,1
20235,20240,2
20235,20242,2
20235,20256,1
20235,20273,2
20235,20276,2
20235,20283,2
20235,20285,3
20235,20294,2
20235,20322,1
20235,20361,1
20235,20382,1
20235,20404,2
20235,20439,2
20235,20456,4
20236,20012,1
20236,20015,6
20236,20028,2
20236,20029,1
20236,20054,2
20236,20072,1
20236,20094,1
20236,20106,2
20236,20108,1
20236,20110,4
20236,20113,1
20236,20132,1
20236,20140,1
20236,20172,1
20236,20263,1
20236,20308,1
20236,20360,2
20236,20425,2
20236,20433,1
20236,20443,1
20236,20452,3
20236,20490,1
20237,20037,1
20237,20047,1
20237,20073,4
20237,20125,1
20237,20131,2
20237,20147,2
20237,20167,2
20237,20168,2
20237,20179,2
20237,20207,1
20237,20211,1
20237,20215,1
20237,20327,1
20237,20332,1
20237,20337,1
20237,20341,1
20237,20417,2
20237,20436,1
20238,20002,1
20238,20007,3
20238,20023,4
20238,20024,3
20238,20049,1
20238,20059,1
20238,20061,1
20238,20085,1
20238,20095,2
20238,20106,1
20238,20114,1
20238,20115,2
20238,20130,1
20238,20131,3
20238,20153,5
20238,20155,10
20238,20166,2
20238,20170,2
20238,20178,2
20238,20182,1
20238,20186,1
20238,20206,1
20238,20240,2
20238,20243,1
20238,20247,1
20238,20259,2
20238,20278,1
20238,20286,1
20238,20297,2
20238,20326,1
20238,20358,1
20238,20387,4
20238,20388,1
20238,20394,3
20238,20424,1
20238,20437,5
20238,20444,1
20238,20475,4
20238,20484,2
20238,20487,4
20238,20500,1
20239,20009,1
20239,20015,1
20239,20163,5
20239,20190,1
20239,20200,3
20239,20204,1
20239,20207,3
20239,20220,1
20239,20262,2
20239,20284,1
20239,20291,2
20239,20310,1
20239,20366,1
20239,20416,3
20239,20448,1
20239,20459,1
20240,20007,2
20240,20049,4
20240,20054,1
20240,20059,1
20240,20125,2
20240,20137,1
20240,20148,1
20240,20152,3
20240,20154,1
20240,20180,1
20240,20186,1
20240,20206,1
20240,20238,1
20240,20252,1
20240,20283,2
20240,20340,4
20240,20351,1
20240,20361,1
20240,20363,1
20240,20397,1
20240,20433,4
20240,20467,1
20240,20491,2
20241,20004,2
20241,20023,2
20241,20024,2
20241,20045,2
20241,20148,2
20241,20294,1
20241,20366,1
20241,20400,1
20241,20405,1
20241,20417,1
20241,20433,1
20241,20452,2
20241,20459,1
20241,20490,2
20242,20005,1
20242,20007,1
20242,20012,1
20242,20016,1
20242,20045,2
20242,20066,3
20242,20097,2
20242,20115,1
20242,20138,1
20242,20156,1
20242,20177,1
20242,20178,1
20242,20180,1
20242,20213,1
20242,20223,2
20242,20224,1
20242,20243,2
20242,20244,2
20242,20256,2
20242,20297,1
20242,20315,8
20242,20317,1
20242,20335,3
20242,20337,1
20242,20361,2
20242,20365,1
20242,20377,3
20242,20418,1
20242,20491,1
20243,20004,2
20243,20104,1
20243,20135,1
20243,20155,3
20243,20156,1
20243,20190,1
20243,20205,1
20243,20247,3
20243,20250,1
20243,20260,1
20243,20264,1
20243,20269,1
20243,20276,1
20243,20355,3
20243,20361,6
20243,20380,1
20243,20441,1
20243,20455,2
20243,20480,1
20243,20491,2
20244,20024,1
20244,20087,4
20244,20113,2
20244,20121,4
20244,20129,1
20244,20137,1
20244,20142,3
20244,20169,1
20244,20265,3
20244,20292,5
20244,20315,2
20244,20332,4
20244,20355,1
20244,20400,2
20244,20413,3
20244,20432,1
20244,20452,4
20245,20015,1
20245,20138,1
20245,20165,3
20245,20218,2
20245,20250,1
20245,20262,1
20245,20296,1
20245,20378,3
20245,20410,1
20245,20448,1
20245,20465,2
20245,20488,2
20246,20024,2
20246,20045,1
20246,20074,1
20246,20087,1
20246,20129,2
20246,20152,3
20246,20172,4
20246,20224,5
20246,20241,3
20246,20269,2
20246,20276,3
20246,20290,1
20246,20355,1
20246,20362,2
20246,20363,9
20246,20371,2
20246,20376,1
20246,20380,3
20246,20382,2
20246,20424,1
20246,20433,2
20246,20473,2
20247,20004,4
20247,20012,2
20247,20093,2
20247,20110,2
20247,20152,1
20247,20186,1
20247,20190,1
20247,20286,1
20247,20287,4
20247,20299,1
20247,20322,2
20247,20326,2
20247,20366,1
20247,20371,1
20247,20382,1
20247,20388,2
20247,20400,3
20247,20408,2
20247,20440,1
20247,20454,1
20247,20455,1
20247,20459,3
20247,20480,3
20247,20485,1
20247,20490,2
20247,20494,1
20248,20004,3
20248,20024,1
20248,20056,1
20248,20061,1
20248,20087,3
20248,20110,1
20248,20125,5
20248,20128,1
20248,20175,3
20248,20187,3
20248,20240,3
20248,20333,1
20248,20337,1
20248,20397,1
20248,20432,2
20248,20434,1
20249,20018,2
20249,20040,1
20249,20065,2
20249,20093,1
20249,20140,2
20249,20145,2
20249,20221,4
20249,20319,2
20249,20326,2
20249,20368,1
20249,20395,1
20249,20400,2
20249,20412,1
20249,20424,1
20249,20432,3
20249,20439,1
20249,20447,3
20249,20451,3
20250,20006,1
20250,20014,2
20250,20044,2
20250,20069,1
20250,20078,1
20250,20082,3
20250,20099,2
20250,20127,2
20250,20139,2
20250,20141,1
20250,20145,2
20250,20164,3
20250,20210,2
20250,20216,1
20250,20251,3
20250,20279,2
20250,20293,1
20250,20304,1
20250,20309,7
20250,20316,2
20250,20324,1
20250,20332,2
20250,20334,1
20250,20336,2
20250,20345,2
20250,20364,2
20250,20390,1
20250,20409,3
20250,20431,2
20250,20432,1
20250,20492,1
20251,20006,1
20251,20009,1
20251,20014,3
20251,20062,2
20251,20069,1
20251,20109,1
20251,20112,1
20251,20149,2
20251,20164,1
20251,20217,1
20251,20280,1
20251,20340,1
20251,20356,1
20251,20384,2
20251,20428,5
20251,20431,1
20251,20499,2
20252,20019,1
20252,20045,2
20252,20054,1
20252,20093,1
20252,20106,1
20252,20111,1
20252,20125,1
20252,20127,2
20252,20153,1
20252,20155,1
20252,20168,4
20252,20173,1
20252,20179,4
20252,20213,2
20252,20240,1
20252,20246,1
20252,20256,1
20252,20257,1
20252,20263,1
20252,20273,6
20252,20282,2
20252,20287,4
20252,20299,1
20252,20319,4
20252,20347,1
20252,20368,1
20252,20402,3
20252,20405,2
20252,20413,1
20252,20443,5
20252,20444,1
20252,20452,4
20252,20458,1
20252,20485,1
20253,20011,1
20253,20018,1
20253,20026,3
20253,20059,1
20253,20063,1
20253,20067,1
20253,20100,2
20253,20102,1
20253,20144,2
20253,20185,4
20253,20236,1
20253,20243,2
20253,20247,2
20253,20255,1
20253,20259,1
20253,20274,2
20253,20290,1
20253,20378,2
20253,20381,1
20253,20398,3
20253,20432,4
20253,20435,2
20253,20439,1
20253,20494,1
20253,20497,5
20254,20118,2
20254,20164,2
20254,20196,1
20254,20204,2
20254,20225,4
20254,20251,1
20254,20291,1
20254,20296,1
20254,20309,3
20254,20324,1
20254,20327,2
20254,20339,2
20254,20343,1
20254,20367,3
20254,20368,1
20254,20384,4
20254,20386,2
20254,20432,1
20254,20469,2
20254,20471,1
20255,20025,1
20255,20040,2
20255,20065,1
20255,20077,1
20255,20155,1
20255,20175,1
20255,20216,1
20255,20240,1
20255,20244,2
20255,20292,5
20255,20297,2
20255,20299,3
20255,20315,2
20255,20335,2
20255,20345,3
20255,20351,1
20255,20359,1
20255,20413,1
20255,20418,1
20255,20444,1
20255,20450,1
20255,20473,1
20255,20485,3
20255,20498,1
20256,20002,1
20256,20007,1
20256,20011,1
20256,20016,1
20256,20017,4
20256,20041,1
20256,20045,1
20256,20049,1
20256,20114,2
20256,20155,1
20256,20173,1
20256,20177,4
20256,20178,1
20256,20180,3
20256,20187,5
20256,20224,1
20256,20230,1
20256,20246,1
20256,20247,1
20256,20278,1
20256,20287,2
20256,20297,1
20256,20300,1
20256,20315,2
20256,20317,4
20256,20379,1
20256,20398,3
20256,20408,1
20256,20419,1
20256,20442,1
20256,20450,1
20256,20484,3
20256,20489,2
20256,20498,1
20257,20027,1
20257,20040,1
20257,20067,3
20257,20074,4
20257,20092,1
20257,20104,3
20257,20148,1
20257,20153,1
20257,20168,1
20257,20187,1
20257,20200,1
20257,20206,1
20257,20224,1
20257,20259,1
20257,20283,2
20257,20287,1
20257,20306,5
20257,20322,3
20257,20330,1
20257,20334,1
20257,20340,1
20257,20355,2
20257,20361,1
20257,20363,1
20257,20366,1
20257,20379,2
20257,20381,1
20257,20383,3
20257,20400,1
20257,20408,1
20257,20430,3
20257,20433,1
20257,20442,2
20257,20454,1
20257,20476,1
20258,20011,1
20258,20014,1
20258,20045,5
20258,20088,1
20258,20107,2
20258,20149,1
20258,20156,1
20258,20179,3
20258,20190,1
20258,20197,1
20258,20224,1
20258,20233,1
20258,20252,1
20258,20256,2
20258,20285,1
20258,20305,1
20258,20355,1
20258,20380,1
20258,20412,2
20258,20414,1
20258,20430,1
20258,20443,1
20258,20454,2
20259,20004,7
20259,20016,1
20259,20026,1
20259,20061,1
20259,20066,3
20259,20078,1
20259,20091,1
20259,20102,2
20259,20136,2
20259,20152,1
20259,20155,2
20259,20168,1
20259,20175,1
20259,20182,1
20259,20242,3
20259,20249,1
20259,20273,2
20259,20299,4
20259,20321,1
20259,20333,3
20259,20336,1
20259,20346,4
20259,20355,4
20259,20357,1
20259,20360,1
20259,20363,1
20259,20387,1
20259,20417,1
20259,20430,1
20259,20432,1
20259,20434,2
20259,20440,1
20259,20443,1
20259,20447,1
20259,20478,2
20259,20492,1
20260,20024,2
20260,20054,1
20260,20066,1
20260,20091,1
20260,20093,1
20260,20097,4
20260,20168,2
20260,20174,1
20260,20210,2
20260,20213,1
20260,20271,1
20260,20273,2
20260,20282,2
20260,20287,7
20260,20299,1
20260,20300,1
20260,20333,4
20260,20351,1
20260,20374,2
20260,20379,2
20260,20400,6
20260,20404,3
20260,20417,1
20260,20432,3
20260,20459,1
20261,20022,1
20261,20092,4
20261,20112,3
20261,20141,1
20261,20188,1
20261,20198,1
20261,20219,1
20261,20239,3
20261,20279,4
20261,20314,4
20262,20015,1
20262,20021,1
20262,20051,5
20262,20052,1
20262,20086,1
20262,20088,3
20262,20192,2
20262,20227,2
20262,20296,1
20262,20353,2
20262,20356,2
20262,20368,3
20262,20381,1
20262,20401,3
20263,20004,1
20263,20011,2
20263,20035,2
20263,20057,1
20263,20087,1
20263,20114,2
20263,20132,1
20263,20150,1
20263,20162,1
20263,20164,1
20263,20172,3
20263,20221,1
20263,20222,2
20263,20241,2
20263,20322,1
20263,20395,1
20263,20399,1
20263,20424,1
20264,20011,1
20264,20100,1
20264,20103,2
20264,20129,2
20264,20137,1
20264,20148,1
20264,20152,2
20264,20187,1
20264,20215,2
20264,20241,2
20264,20242,4
20264,20273,1
20264,20284,1
20264,20366,1
20264,20376,1
20264,20419,2
20264,20439,1
20264,20443,1
20264,20500,1
20265,20004,2
20265,20007,2
20265,20026,6
20265,20040,2
20265,20050,2
20265,20059,1
20265,20078,1
20265,20079,1
20265,20085,1
20265,20105,1
20265,20115,1
20265,20126,1
20265,20129,1
20265,20131,2
20265,20132,6
20265,20136,2
20265,20140,1
20265,20156,2
20265,20174,1
20265,20182,2
20265,20186,1
20265,20189,1
20265,20202,1
20265,20205,2
20265,20226,1
20265,20241,3
20265,20244,3
20265,20248,1
20265,20275,1
20265,20315,1
20265,20325,1
20265,20351,1
20265,20379,1
20265,20383,1
20265,20398,2
20265,20413,1
20265,20417,4
20265,20424,1
20265,20435,2
20265,20455,1
20265,20465,2
20265,20475,3
20265,20487,1
20265,20490,1
20265,20491,2
20265,20498,1
20266,20010,1
20266,20032,4
20266,20037,2
20266,20080,3
20266,20103,2
20266,20104,1
20266,20166,1
20266,20206,1
20266,20213,1
20266,20225,2
20266,20284,3
20266,20307,1
20266,20314,1
20266,20321,3
20266,20342,3
20266,20365,2
20266,20452,1
20266,20458,1
20266,20481,1
20266,20497,3
20267,20002,1
20267,20029,2
20267,20105,1
20267,20115,4
20267,20142,2
20267,20150,1
20267,20155,1
20267,20160,1
20267,20312,1
20267,20321,3
20267,20333,1
20267,20335,2
20267,20362,2
20267,20378,6
20267,20379,2
20267,20433,2
20267,20439,1
20267,20443,3
20267,20450,2
20267,20460,2
20267,20475,1
20267,20489,1
20267,20498,4
20268,20003,5
20268,20034,1
20268,20046,1
20268,20091,4
20268,20094,1
20268,20132,1
20268,20135,4
20268,20148,1
20268,20155,1
20268,20161,2
20268,20167,1
20268,20224,5
20268,20247,2
20268,20256,1
20268,20265,2
20268,20324,2
20268,20325,3
20268,20331,1
20268,20404,1
20268,20405,2
20268,20406,1
20268,20417,4
20268,20437,2
20268,20467,1
20268,20479,1
20268,20491,1
20269,20024,2
20269,20094,1
20269,20140,2
20269,20152,2
20269,20265,3
20269,20300,3
20269,20333,1
20269,20340,2
20269,20407,3
20269,20432,2
20270,20018,3
20270,20026,1
20270,20030,2
20270,20067,2
20270,20078,3
20270,20186,1
20270,20224,1
20270,20267,1
20270,20275,1
20270,20314,1
20270,20315,3
20270,20355,2
20270,20382,1
20270,20405,1
20270,20432,2
20270,20443,2
20270,20453,1
20270,20490,2
20271,20011,1
20271,20029,1
20271,20059,1
20271,20068,2
20271,20101,1
20271,20105,1
20271,20124,2
20271,20126,1
20271,20155,1
20271,20178,1
20271,20180,1
20271,20182,3
20271,20189,2
20271,20194,4
20271,20203,1
20271,20214,3
20271,20231,2
20271,20232,2
20271,20243,1
20271,20252,3
20271,20260,1
20271,20269,1
20271,20278,2
20271,20290,1
20271,20292,1
20271,20297,1
20271,20340,1
20271,20347,1
20271,20374,2
20271,20375,1
20271,20379,1
20271,20396,4
20271,20408,4
20271,20412,1
20271,20413,3
20271,20415,1
20271,20418,1
20271,20424,3
20271,20441,2
20271,20449,3
20271,20454,1
20271,20456,2
20271,20458,5
20271,20487,1
20271,20488,1
20271,20498,1
20272,20053,1
20272,20082,2
20272,20089,2
20272,20100,3
20272,20107,2
20272,20127,1
20272,20146,3
20272,20154,2
20272,20197,1
20272,20264,10
20272,20273,1
20272,20332,2
20272,20336,2
20272,20391,1
20272,20432,6
20272,20436,1
20272,20488,2
20273,20023,1
20273,20026,1
20273,20046,2
20273,20055,2
20273,20059,3
20273,20067,1
20273,20073,2
20273,20074,3
20273,20087,2
20273,20105,1
20273,20115,1
20273,20125,1
20273,20135,2
20273,20153,1
20273,20154,1
20273,20155,1
20273,20158,1
20273,20161,3
20273,20171,1
20273,20180,1
20273,20183,1
20273,20191,3
20273,20195,2
20273,20221,1
20273,20222,1
20273,20237,1
20273,20251,1
20273,20260,1
20273,20262,1
20273,20264,1
20273,20274,1
20273,20277,1
20273,20317,1
20273,20319,3
20273,20320,5
20273,20353,1
20273,20360,2
20273,20382,3
20273,20389,1
20273,20399,1
20273,20404,2
20273,20415,1
20273,20423,3
20273,20435,1
20273,20436,1
20273,20440,1
20273,20442,1
20273,20449,1
20273,20451,1
20273,20458,1
20273,20459,2
20273,20460,2
20273,20479,7
20273,20485,1
20273,20486,1
20274,20011,1
20274,20017,1
20274,20067,5
20274,20100,3
20274,20111,1
20274,20113,2
20274,20125,1
20274,20205,2
20274,20215,1
20274,20241,1
20274,20256,3
20274,20265,1
20274,20303,1
20274,20333,3
20274,20366,1
20274,20405,2
20274,20418,1
20274,20451,1
20274,20455,5
20274,20467,4
20274,20487,1
20275,20111,1
20275,20186,5
20275,20206,1
20275,20248,1
20275,20259,3
20275,20300,1
20275,20333,1
20275,20361,1
20275,20375,1
20275,20385,1
20275,20388,3
20275,20407,1
20275,20439,3
20275,20454,1
20275,20475,2
20276,20011,4
20276,20034,1
20276,20035,1
20276,20068,2
20276,20077,1
20276,20095,1
20276,20101,1
20276,20104,2
20276,20116,1
20276,20124,1
20276,20128,2
20276,20161,2
20276,20171,1
20276,20178,2
20276,20240,2
20276,20252,4
20276,20265,2
20276,20282,1
20276,20287,1
20276,20295,1
20276,20297,3
20276,20325,1
20276,20340,1
20276,20347,1
20276,20360,1
20276,20361,4
20276,20377,2
20276,20382,1
20276,20385,1
20276,20391,6
20276,20402,2
20276,20425,1
20276,20442,1
20276,20450,1
20276,20455,3
20276,20479,1
20276,20483,1
20276,20484,2
20276,20485,1
20276,20487,2
20276,20491,2
20277,20017,1
20277,20049,1
20277,20105,1
20277,20129,2
20277,20202,2
20277,20252,1
20277,20299,2
20277,20382,1
20277,20385,4
20277,20405,2
20277,20442,2
20277,20452,1
20277,20459,1
20277,20487,3
20278,20011,1
20278,20017,1
20278,20023,1
20278,20059,3
20278,20074,1
20278,20093,1
20278,20154,1
20278,20175,1
20278,20202,2
20278,20264,3
20278,20265,1
20278,20271,2
20278,20275,1
20278,20325,1
20278,20337,1
20278,20376,2
20278,20379,1
20278,20419,3
20279,20009,7
20279,20060,5
20279,20133,6
20279,20139,1
20279,20164,3
20279,20165,7
20279,20167,2
20279,20218,4
20279,20220,2
20279,20304,1
20279,20407,3
20279,20438,1
20280,20022,1
20280,20031,2
20280,20146,1
20280,20192,1
20280,20200,1
20280,20269,1
20280,20298,4
20280,20332,1
20280,20384,1
20280,20401,1
20280,20431,1
20281,20055,1
20281,20071,2
20281,20283,1
20281,20332,1
20281,20333,1
20281,20334,1
20281,20355,3
20281,20389,2
20281,20399,1
20281,20407,3
20281,20409,1
20281,20443,2
20281,20454,1
20281,20464,1
20281,20490,2
20281,20497,1
20282,20066,2
20282,20091,2
20282,20105,1
20282,20106,2
20282,20113,1
20282,20125,8
20282,20130,3
20282,20148,2
20282,20175,1
20282,20206,3
20282,20213,1
20282,20242,1
20282,20312,1
20282,20333,1
20282,20354,4
20282,20374,1
20282,20380,2
20282,20382,1
20282,20408,1
20282,20432,1
20282,20450,3
20282,20494,2
20283,20075,1
20283,20082,2
20283,20091,1
20283,20094,1
20283,20146,2
20283,20149,1
20283,20152,3
20283,20168,1
20283,20179,3
20283,20190,1
20283,20269,1
20283,20284,1
20283,20339,3
20283,20409,1
20283,20432,1
20283,20438,1
20283,20452,1
20283,20474,2
20284,20092,1
20284,20181,1
20284,20329,2
20285,20060,2
20285,20066,1
20285,20093,1
20285,20168,1
20285,20172,1
20285,20209,1
20285,20240,1
20285,20300,1
20285,20340,1
20285,20368,1
20285,20389,3
20285,20404,2
20286,20011,3
20286,20074,2
20286,20110,1
20286,20125,1
20286,20238,3
20286,20256,1
20286,20344,1
20286,20366,2
20286,20376,3
20286,20402,1
20287,20034,2
20287,20040,1
20287,20057,2
20287,20061,2
20287,20066,2
20287,20085,2
20287,20110,1
20287,20132,1
20287,20137,5
20287,20147,2
20287,20168,1
20287,20213,2
20287,20235,2
20287,20292,1
20287,20321,1
20287,20450,2
20289,20018,2
20289,20026,2
20289,20084,1
20289,20092,8
20289,20120,2
20289,20125,1
20289,20129,1
20289,20142,4
20289,20158,3
20289,20190,4
20289,20194,1
20289,20210,1
20289,20224,1
20289,20246,1
20289,20280,5
20289,20286,2
20289,20296,2
20289,20320,2
20289,20322,1
20289,20341,3
20289,20353,1
20289,20397,1
20289,20439,1
20289,20457,1
20289,20464,1
20289,20493,1
20290,20011,1
20290,20019,1
20290,20032,4
20290,20104,3
20290,20110,1
20290,20142,1
20290,20186,5
20290,20215,2
20290,20284,1
20290,20300,1
20290,20322,1
20290,20327,2
20290,20354,2
20290,20376,1
20290,20380,4
20290,20414,1
20291,20014,4
20291,20060,2
20291,20098,2
20291,20164,3
20291,20250,1
20291,20309,1
20291,20310,1
20291,20316,1
20291,20327,1
20291,20340,1
20291,20343,1
20291,20356,4
20291,20401,1
20291,20422,1
20292,20034,1
20292,20093,2
20292,20105,1
20292,20106,2
20292,20114,1
20292,20184,3
20292,20206,1
20292,20213,1
20292,20215,1
20292,20238,2
20292,20240,1
20292,20241,1
20292,20273,1
20292,20276,3
20292,20344,1
20292,20382,3
20292,20388,1
20292,20391,2
20292,20432,4
20292,20490,1
20293,20080,2
20293,20127,1
20293,20148,1
20293,20159,1
20293,20164,1
20293,20167,3
20293,20239,1
20293,20321,4
20293,20324,3
20293,20356,1
20293,20462,1
20293,20481,3
20294,20003,2
20294,20016,1
20294,20059,1
20294,20079,1
20294,20081,1
20294,20090,3
20294,20095,5
20294,20108,1
20294,20128,2
20294,20145,1
20294,20161,2
20294,20217,3
20294,20224,3
20294,20237,1
20294,20244,1
20294,20247,1
20294,20249,1
20294,20265,6
20294,20273,1
20294,20274,2
20294,20278,1
20294,20290,1
20294,20292,1
20294,20299,2
20294,20300,1
20294,20350,2
20294,20370,7
20294,20412,1
20294,20424,1
20294,20427,1
20294,20430,1
20294,20453,1
20294,20487,2
20294,20498,1
20295,20004,1
20295,20054,1
20295,20152,4
20295,20156,1
20295,20197,1
20295,20206,1
20295,20238,1
20295,20252,1
20295,20258,1
20295,20276,2
20295,20283,1
20295,20321,1
20295,20324,1
20295,20357,1
20295,20371,2
20295,20391,4
20295,20460,1
20295,20480,2
20295,20485,2
20296,20022,2
20296,20032,1
20296,20036,1
20296,20080,1
20296,20141,4
20296,20165,4
20296,20172,2
20296,20196,1
20296,20198,1
20296,20199,3
20296,20218,1
20296,20298,4
20296,20307,3
20296,20310,1
20296,20324,2
20296,20336,1
20296,20343,3
20296,20347,1
20296,20353,1
20296,20372,3
20296,20390,1
20296,20469,1
20296,20471,3
20297,20016,2
20297,20019,2
20297,20091,2
20297,20149,3
20297,20173,2
20297,20178,2
20297,20179,1
20297,20257,4
20297,20271,1
20297,20303,1
20297,20322,5
20297,20364,1
20297,20387,6
20297,20398,1
20297,20400,1
20297,20414,1
20297,20432,1
20297,20433,2
20297,20439,1
20297,20440,4
20297,20497,2
20298,20107,1
20298,20193,3
20298,20197,1
20298,20203,1
20298,20229,1
20298,20284,3
20298,20314,1
20298,20332,1
20298,20355,2
20298,20358,1
20298,20384,3
20298,20405,4
20298,20458,3
20298,20478,1
20299,20077,2
20299,20087,1
20299,20111,1
20299,20170,1
20299,20209,1
20299,20241,1
20299,20268,1
20299,20355,3
20299,20368,1
20299,20371,3
20299,20398,2
20299,20400,1
20299,20419,3
20299,20437,2
20299,20442,2
20299,20453,6
20299,20490,6
20300,20011,3
20300,20093,1
20300,20110,2
20300,20120,1
20300,20152,1
20300,20168,1
20300,20173,2
20300,20179,1
20300,20186,1
20300,20206,7
20300,20213,1
20300,20252,1
20300,20265,1
20300,20269,1
20300,20271,1
20300,20321,5
20300,20333,2
20300,20371,3
20300,20405,1
20300,20432,1
20300,20454,1
20301,20009,5
20301,20015,1
20301,20021,2
20301,20036,1
20301,20039,1
20301,20062,1
20301,20119,1
20301,20163,1
20301,20207,1
20301,20220,1
20301,20239,1
20301,20262,2
20301,20284,1
20301,20291,1
20301,20296,2
20301,20297,1
20301,20343,1
20301,20405,1
20301,20428,1
20301,20433,4
20301,20468,2
20302,20031,4
20302,20129,1
20302,20142,1
20302,20152,1
20302,20167,1
20302,20190,1
20302,20223,2
20302,20276,1
20302,20324,2
20302,20334,2
20302,20341,1
20302,20349,1
20302,20352,2
20302,20368,2
20302,20436,1
20302,20472,2
20302,20473,1
20303,20011,2
20303,20024,1
20303,20034,2
20303,20038,1
20303,20061,1
20303,20074,1
20303,20094,1
20303,20137,1
20303,20168,1
20303,20170,1
20303,20173,2
20303,20186,1
20303,20206,1
20303,20224,1
20303,20411,1
20303,20475,1
20303,20479,1
20304,20019,1
20304,20021,1
20304,20024,1
20304,20073,1
20304,20088,1
20304,20099,2
20304,20188,1
20304,20200,1
20304,20201,3
20304,20226,1
20304,20271,1
20304,20307,1
20304,20321,4
20304,20339,1
20304,20342,1
20304,20483,1
20305,20016,1
20305,20061,1
20305,20174,2
20305,20192,1
20305,20203,1
20305,20216,1
20305,20355,1
20305,20381,3
20305,20436,3
20305,20443,1
20305,20445,2
20305,20473,2
20305,20474,1
20305,20477,1
20306,20007,2
20306,20035,1
20306,20041,1
20306,20046,3
20306,20050,2
20306,20090,2
20306,20105,4
20306,20120,1
20306,20149,1
20306,20155,1
20306,20178,3
20306,20180,2
20306,20191,2
20306,20194,1
20306,20213,4
20306,20229,1
20306,20231,7
20306,20232,1
20306,20235,1
20306,20238,1
20306,20262,1
20306,20269,1
20306,20287,4
20306,20292,2
20306,20297,2
20306,20317,2
20306,20325,1
20306,20331,3
20306,20334,1
20306,20361,5
20306,20382,1
20306,20383,3
20306,20397,1
20306,20407,2
20306,20429,1
20306,20430,1
20306,20434,1
20306,20437,1
20306,20450,3
20306,20475,1
20306,20481,1
20306,20486,2
20306,20487,3
20306,20492,2
20306,20500,4
20307,20008,3
20307,20020,1
20307,20035,1
20307,20038,7
20307,20053,4
20307,20146,5
20307,20174,2
20307,20229,2
20307,20285,1
20307,20342,2
20307,20347,5
20307,20352,1
20307,20362,1
20307,20369,2
20307,20432,2
20307,20445,1
20307,20458,2
20307,20497,2
20308,20001,3
20308,20009,1
20308,20012,3
20308,20080,2
20308,20126,1
20308,20127,1
20308,20129,1
20308,20186,1
20308,20257,2
20308,20311,3
20308,20314,2
20308,20342,1
20308,20369,2
20308,20443,3
20308,20458,1
20308,20477,9
20309,20021,1
20309,20039,1
20309,20044,1
20309,20078,1
20309,20084,1
20309,20127,3
20309,20141,3
20309,20143,6
20309,20167,1
20309,20192,3
20309,20196,1
20309,20201,3
20309,20250,1
20309,20330,3
20309,20343,1
20309,20401,5
20309,20411,3
20309,20432,1
20309,20438,1
20309,20446,10
20309,20474,2
20310,20039,1
20310,20048,1
20310,20082,2
20310,20109,1
20310,20120,1
20310,20123,2
20310,20159,1
20310,20161,3
20310,20164,1
20310,20165,3
20310,20196,2
20310,20198,1
20310,20201,1
20310,20217,2
20310,20218,2
20310,20223,2
20310,20226,1
20310,20227,1
20310,20228,1
20310,20245,1
20310,20254,7
20310,20272,2
20310,20281,2
20310,20291,1
20310,20293,1
20310,20312,1
20310,20353,1
20310,20448,1
20310,20468,1
20310,20471,1
20310,20478,2
20310,20496,1
20311,20053,3
20311,20119,1
20311,20159,4
20311,20181,1
20311,20216,1
20311,20272,2
20311,20325,1
20311,20332,1
20311,20342,3
20311,20362,2
20311,20435,5
20312,20005,2
20312,20011,2
20312,20029,1
20312,20074,1
20312,20093,1
20312,20110,4
20312,20115,2
20312,20168,1
20312,20178,1
20312,20185,1
20312,20202,1
20312,20252,2
20312,20274,1
20312,20286,1
20312,20299,1
20312,20331,1
20312,20397,4
20312,20419,2
20312,20433,2
20312,20439,1
20313,20015,1
20313,20099,1
20313,20141,3
20313,20176,6
20313,20198,1
20313,20225,1
20313,20226,1
20313,20271,1
20313,20286,2
20313,20310,1
20313,20336,1
20313,20392,1
20313,20426,1
20313,20448,3
20313,20465,1
20313,20493,1
20314,20010,1
20314,20021,2
20314,20055,3
20314,20057,1
20314,20117,1
20314,20127,2
20314,20143,3
20314,20188,1
20314,20342,2
20314,20343,1
20314,20381,1
20314,20441,2
20314,20497,4
20315,20004,1
20315,20011,6
20315,20110,5
20315,20129,1
20315,20170,2
20315,20187,2
20315,20206,1
20315,20244,1
20315,20255,1
20315,20278,1
20315,20363,1
20315,20376,3
20315,20429,2
20315,20488,1
20315,20497,1
20316,20022,1
20316,20069,1
20316,20144,1
20316,20261,1
20316,20357,2
20316,20396,1
20316,20421,1
20316,20422,1
20316,20428,3
20316,20438,2
20316,20468,4
20316,20473,2
20317,20017,3
20317,20023,5
20317,20024,1
20317,20029,1
20317,20065,1
20317,20074,1
20317,20148,2
20317,20238,1
20317,20241,1
20317,20247,2
20317,20248,1
20317,20255,5
20317,20256,2
20317,20292,1
20317,20335,1
20317,20350,3
20317,20361,1
20317,20400,1
20317,20404,2
20317,20484,1
20318,20009,1
20318,20047,1
20318,20062,2
20318,20104,2
20318,20119,3
20318,20152,1
20318,20218,1
20318,20223,2
20318,20224,1
20318,20257,10
20318,20352,2
20318,20368,1
20318,20384,1
20318,20393,1
20318,20477,1
20318,20497,1
20319,20013,2
20319,20017,1
20319,20028,1
20319,20032,1
20319,20040,2
20319,20064,2
20319,20102,1
20319,20145,1
20319,20149,1
20319,20225,1
20319,20241,1
20319,20273,3
20319,20355,1
20319,20417,1
20319,20425,1
20319,20440,1
20319,20443,3
20319,20444,1
20319,20452,4
20319,20458,3
20320,20046,5
20320,20054,1
20320,20055,1
20320,20057,2
20320,20072,3
20320,20102,2
20320,20125,4
20320,20149,1
20320,20191,1
20320,20192,4
20320,20215,1
20320,20250,2
20320,20267,2
20320,20273,2
20320,20336,1
20320,20371,4
20320,20380,1
20320,20397,2
20320,20416,1
20320,20427,1
20320,20433,4
20320,20444,1
20320,20463,6
20320,20479,2
20320,20489,2
20321,20048,1
20321,20063,2
20321,20068,1
20321,20078,3
20321,20081,1
20321,20090,1
20321,20095,1
20321,20104,1
20321,20125,1
20321,20126,1
20321,20130,1
20321,20164,1
20321,20177,1
20321,20219,2
20321,20220,1
20321,20253,3
20321,20266,2
20321,20304,2
20321,20319,1
20321,20334,1
20321,20338,1
20321,20340,3
20321,20352,1
20321,20364,1
20321,20369,2
20321,20387,2
20321,20389,1
20321,20411,2
20321,20418,1
20321,20443,1
20321,20445,1
20321,20482,1
20322,20034,2
20322,20091,3
20322,20125,1
20322,20154,1
20322,20173,1
20322,20182,1
20322,20191,3
20322,20215,2
20322,20225,5
20322,20237,1
20322,20243,2
20322,20271,2
20322,20287,1
20322,20337,2
20322,20340,1
20322,20361,3
20322,20371,1
20322,20378,1
20322,20400,2
20322,20429,1
20322,20433,1
20322,20467,1
20323,20037,2
20323,20038,1
20323,20172,1
20323,20206,1
20323,20283,3
20323,20302,1
20323,20324,1
20323,20355,1
20323,20362,1
20323,20389,2
20323,20392,1
20323,20428,1
20323,20473,2
20324,20001,1
20324,20024,2
20324,20031,1
20324,20051,3
20324,20109,1
20324,20116,1
20324,20139,1
20324,20144,2
20324,20160,2
20324,20190,2
20324,20208,1
20324,20222,3
20324,20228,1
20324,20254,2
20324,20280,1
20324,20298,1
20324,20302,1
20324,20313,7
20324,20318,1
20324,20320,4
20324,20321,3
20324,20331,1
20324,20345,2
20324,20349,3
20324,20379,1
20324,20431,2
20324,20445,1
20324,20447,1
20324,20448,1
20324,20454,1
20324,20463,2
20324,20466,1
20325,20016,1
20325,20024,1
20325,20045,1
20325,20072,1
20325,20148,2
20325,20238,1
20325,20242,2
20325,20276,1
20325,20292,1
20325,20368,2
20325,20380,2
20325,20381,1
20325,20402,4
20325,20432,3
20325,20450,3
20325,20484,1
20326,20003,1
20326,20011,1
20326,20093,3
20326,20111,1
20326,20115,1
20326,20186,4
20326,20216,3
20326,20241,1
20326,20274,1
20326,20312,2
20326,20363,1
20326,20378,2
20326,20379,2
20326,20408,1
20326,20432,1
20326,20459,1
20327,20014,1
20327,20032,3
20327,20035,3
20327,20096,3
20327,20109,4
20327,20131,1
20327,20157,2
20327,20160,1
20327,20181,1
20327,20193,1
20327,20226,3
20327,20229,1
20327,20237,1
20327,20254,1
20327,20272,2
20327,20273,1
20327,20323,2
20327,20341,1
20327,20353,1
20327,20386,2
20327,20409,1
20327,20412,1
20327,20477,2
20327,20483,1
20327,20495,3
20328,20012,1
20328,20030,1
20328,20033,2
20328,20035,1
20328,20039,1
20328,20043,2
20328,20050,1
20328,20051,2
20328,20053,4
20328,20064,1
20328,20076,1
20328,20101,3
20328,20103,1
20328,20107,1
20328,20110,1
20328,20123,8
20328,20139,3
20328,20162,1
20328,20172,3
20328,20177,1
20328,20183,2
20328,20203,1
20328,20216,1
20328,20223,1
20328,20231,3
20328,20262,2
20328,20263,1
20328,20268,4
20328,20273,1
20328,20323,1
20328,20330,3
20328,20346,4
20328,20362,2
20328,20365,3
20328,20411,1
20328,20412,1
20328,20417,3
20328,20424,3
20328,20445,1
20328,20448,3
20328,20459,2
20328,20461,2
20328,20489,1
20328,20495,1
20328,20500,1
20329,20022,1
20329,20027,2
20329,20033,1
20329,20039,1
20329,20047,1
20329,20060,2
20329,20084,5
20329,20134,2
20329,20197,2
20329,20207,2
20329,20217,1
20329,20225,1
20329,20245,1
20329,20261,1
20329,20262,1
20329,20272,1
20329,20280,3
20329,20284,1
20329,20342,2
20329,20386,1
20329,20401,3
20329,20422,3
20329,20436,4
20329,20465,1
20329,20468,4
20329,20477,1
20330,20002,2
20330,20070,1
20330,20125,1
20330,20138,1
20330,20172,1
20330,20237,1
20330,20269,1
20330,20270,2
20330,20320,2
20330,20328,1
20330,20348,2
20330,20368,2
20330,20393,2
20330,20452,2
20330,20486,2
20330,20497,3
20331,20083,3
20331,20091,1
20331,20093,1
20331,20271,2
20331,20305,1
20331,20317,2
20331,20323,3
20331,20324,1
20331,20327,1
20331,20339,2
20331,20363,1
20331,20495,1
20332,20010,2
20332,20031,3
20332,20036,1
20332,20037,1
20332,20064,1
20332,20071,1
20332,20096,1
20332,20117,1
20332,20123,1
20332,20138,1
20332,20141,2
20332,20143,3
20332,20149,1
20332,20159,1
20332,20163,1
20332,20166,4
20332,20167,2
20332,20172,2
20332,20192,2
20332,20196,1
20332,20198,1
20332,20207,2
20332,20212,1
20332,20225,1
20332,20227,2
20332,20228,1
20332,20230,1
20332,20239,1
20332,20279,1
20332,20280,1
20332,20284,1
20332,20296,1
20332,20301,1
20332,20313,3
20332,20314,1
20332,20318,1
20332,20344,1
20332,20352,1
20332,20355,4
20332,20358,3
20332,20384,1
20332,20387,2
20332,20399,1
20332,20416,1
20332,20461,2
20332,20465,1
20332,20471,6
20332,20473,2
20332,20474,1
20332,20483,3
20333,20012,1
20333,20029,2
20333,20034,1
20333,20038,6
20333,20050,1
20333,20052,2
20333,20058,3
20333,20061,1
20333,20077,2
20333,20079,1
20333,20085,5
20333,20121,2
20333,20122,6
20333,20129,1
20333,20142,1
20333,20146,5
20333,20156,1
20333,20157,1
20333,20166,1
20333,20171,2
20333,20182,2
20333,20205,5
20333,20206,2
20333,20234,4
20333,20240,1
20333,20242,1
20333,20246,1
20333,20252,1
20333,20260,1
20333,20264,1
20333,20282,1
20333,20292,6
20333,20345,3
20333,20394,2
20333,20400,2
20333,20406,1
20333,20424,1
20333,20433,1
20333,20437,4
20333,20442,1
20333,20449,1
20333,20456,1
20333,20475,3
20333,20484,2
20333,20498,2
20334,20014,1
20334,20070,1
20334,20082,3
20334,20109,3
20334,20149,1
20334,20157,1
20334,20190,3
20334,20238,3
20334,20271,2
20334,20273,1
20334,20281,2
20334,20283,1
20334,20284,3
20334,20302,1
20334,20305,2
20334,20339,1
20334,20393,1
20334,20397,1
20334,20403,2
20334,20464,5
20335,20005,1
20335,20054,3
20335,20077,6
20335,20129,1
20335,20155,2
20335,20178,1
20335,20187,3
20335,20215,1
20335,20235,2
20335,20284,2
20335,20294,3
20335,20306,1
20335,20355,5
20335,20363,3
20335,20369,3
20335,20371,1
20335,20373,2
20335,20434,1
20335,20451,1
20335,20475,6
20336,20011,1
20336,20032,1
20336,20104,1
20336,20127,1
20336,20146,1
20336,20172,1
20336,20276,2
20336,20284,1
20336,20310,1
20336,20321,1
20336,20342,1
20336,20344,1
20336,20432,1
20336,20474,5
20336,20496,1
20337,20016,2
20337,20034,3
20337,20056,2
20337,20069,2
20337,20072,1
20337,20079,1
20337,20129,1
20337,20154,2
20337,20182,5
20337,20209,1
20337,20213,2
20337,20260,1
20337,20285,1
20337,20292,1
20337,20295,2
20337,20300,1
20337,20315,1
20337,20333,1
20337,20374,1
20337,20450,2
20337,20459,4
20338,20007,1
20338,20057,4
20338,20085,2
20338,20106,1
20338,20114,1
20338,20132,2
20338,20185,1
20338,20195,2
20338,20216,1
20338,20221,3
20338,20274,1
20338,20277,1
20338,20306,1
20338,20314,1
20338,20333,1
20338,20340,3
20338,20363,3
20338,20374,1
20338,20378,2
20338,20425,1
20338,20432,1
20338,20433,1
20338,20489,1
20338,20499,4
20338,20500,1
20339,20020,2
20339,20026,2
20339,20066,1
20339,20081,3
20339,20109,1
20339,20120,1
20339,20122,1
20339,20126,1
20339,20138,1
20339,20153,3
20339,20155,1
20339,20160,1
20339,20181,1
20339,20193,1
20339,20197,2
20339,20203,1
20339,20210,1
20339,20222,3
20339,20274,1
20339,20281,1
20339,20290,6
20339,20302,2
20339,20311,2
20339,20322,1
20339,20332,1
20339,20334,2
20339,20346,1
20339,20356,1
20339,20367,2
20339,20389,5
20339,20403,4
20339,20409,4
20339,20410,2
20339,20418,4
20339,20420,3
20339,20434,1
20339,20441,1
20339,20462,2
20339,20464,1
20339,20472,1
20339,20473,1
20339,20477,1
20339,20478,4
20339,20479,2
20339,20492,2
20339,20500,1
20340,20007,3
20340,20011,1
20340,20014,2
20340,20018,4
20340,20047,1
20340,20048,1
20340,20061,3
20340,20075,1
20340,20076,2
20340,20083,1
20340,20087,1
20340,20107,3
20340,20116,2
20340,20124,1
20340,20137,2
20340,20140,1
20340,20146,3
20340,20160,1
20340,20169,1
20340,20185,1
20340,20191,3
20340,20205,1
20340,20210,2
20340,20231,2
20340,20232,1
20340,20233,3
20340,20234,1
20340,20244,3
20340,20249,1
20340,20258,1
20340,20259,1
20340,20266,4
20340,20290,1
20340,20319,1
20340,20338,7
20340,20341,1
20340,20351,6
20340,20357,2
20340,20358,1
20340,20359,2
20340,20362,1
20340,20364,1
20340,20365,1
20340,20379,2
20340,20387,1
20340,20406,2
20340,20412,1
20340,20430,1
20340,20436,1
20340,20447,2
20340,20458,1
20340,20460,1
20340,20463,1
20340,20484,2
20340,20488,1
20341,20021,2
20341,20030,1
20341,20032,3
20341,20042,1
20341,20043,1
20341,20061,6
20341,20094,1
20341,20100,1
20341,20126,1
20341,20152,5
20341,20172,1
20341,20197,1
20341,20323,3
20341,20328,1
20341,20331,2
20341,20368,1
20341,20384,3
20341,20393,4
20341,20454,1
20341,20462,1
20341,20472,2
20341,20480,1
20341,20482,1
20341,20494,2
20341,20497,1
20341,20501,1
20342,20010,1
20342,20014,2
20342,20018,2
20342,20021,1
20342,20033,2
20342,20037,1
20342,20042,3
20342,20107,1
20342,20117,1
20342,20119,1
20342,20134,1
20342,20145,1
20342,20157,2
20342,20165,1
20342,20180,2
20342,20182,1
20342,20185,1
20342,20204,4
20342,20207,1
20342,20210,2
20342,20211,1
20342,20221,1
20342,20224,1
20342,20226,1
20342,20232,1
20342,20258,1
20342,20266,3
20342,20293,1
20342,20307,2
20342,20311,3
20342,20316,1
20342,20318,2
20342,20321,1
20342,20323,3
20342,20325,1
20342,20341,1
20342,20343,1
20342,20348,2
20342,20352,3
20342,20357,3
20342,20369,1
20342,20409,2
20342,20411,1
20342,20426,1
20342,20430,3
20342,20445,2
20342,20475,1
20342,20481,1
20342,20483,1
20342,20495,1
20343,20043,1
20343,20163,3
20343,20198,2
20343,20218,1
20343,20296,4
20343,20310,1
20343,20324,1
20343,20327,3
20343,20342,1
20343,20384,1
20344,20002,3
20344,20026,3
20344,20027,4
20344,20049,2
20344,20106,1
20344,20113,1
20344,20120,1
20344,20122,1
20344,20127,3
20344,20180,1
20344,20237,1
20344,20247,2
20344,20260,3
20344,20277,6
20344,20286,2
20344,20292,1
20344,20297,1
20344,20302,1
20344,20315,3
20344,20354,1
20344,20382,1
20344,20397,4
20344,20404,1
20344,20407,1
20344,20424,1
20344,20427,1
20344,20437,4
20344,20450,1
20344,20455,2
20344,20479,1
20344,20500,2
20345,20018,1
20345,20034,3
20345,20065,1
20345,20072,4
20345,20091,2
20345,20104,1
20345,20149,2
20345,20152,2
20345,20175,1
20345,20218,1
20345,20240,2
20345,20241,1
20345,20244,1
20345,20271,5
20345,20275,1
20345,20276,1
20345,20300,2
20345,20321,1
20345,20322,1
20345,20343,5
20345,20407,2
20345,20413,1
20345,20414,1
20345,20419,1
20345,20433,1
20345,20434,10
20345,20441,1
20345,20443,1
20345,20452,1
20345,20463,4
20345,20498,1
20346,20019,1
20346,20023,1
20346,20046,3
20346,20054,2
20346,20077,1
20346,20094,1
20346,20111,2
20346,20113,1
20346,20120,1
20346,20148,2
20346,20168,3
20346,20240,1
20346,20257,3
20346,20271,1
20346,20277,4
20346,20295,1
20346,20322,3
20346,20325,2
20346,20381,1
20346,20404,1
20346,20410,1
20346,20417,1
20346,20455,2
20346,20459,5
20346,20490,2
20346,20498,1
20347,20001,1
20347,20002,1
20347,20005,1
20347,20024,1
20347,20054,1
20347,20067,2
20347,20097,1
20347,20101,1
20347,20102,1
20347,20125,1
20347,20131,1
20347,20135,1
20347,20136,3
20347,20172,2
20347,20179,2
20347,20190,5
20347,20224,3
20347,20230,1
20347,20268,1
20347,20276,4
20347,20292,1
20347,20294,2
20347,20328,2
20347,20367,1
20347,20388,3
20347,20408,2
20347,20419,1
20347,20435,2
20347,20440,1
20347,20479,1
20348,20009,1
20348,20032,1
20348,20039,1
20348,20047,2
20348,20071,3
20348,20086,3
20348,20141,1
20348,20188,2
20348,20217,2
20348,20220,5
20348,20310,1
20348,20314,2
20348,20329,1
20348,20401,4
20348,20426,1
20348,20448,1
20349,20001,1
20349,20032,2
20349,20144,4
20349,20167,1
20349,20218,1
20349,20234,1
20349,20254,1
20349,20284,1
20349,20336,1
20349,20348,2
20349,20356,1
20349,20433,4
20349,20471,1
20350,20059,1
20350,20065,1
20350,20072,1
20350,20074,1
20350,20111,1
20350,20128,3
20350,20155,1
20350,20176,2
20350,20186,1
20350,20187,2
20350,20202,7
20350,20275,2
20350,20277,2
20350,20278,2
20350,20289,1
20350,20294,1
20350,20315,3
20350,20320,1
20350,20326,2
20350,20399,1
20350,20413,1
20350,20451,1
20350,20485,1
20351,20017,4
20351,20025,1
20351,20027,1
20351,20061,1
20351,20072,1
20351,20113,1
20351,20174,2
20351,20206,1
20351,20241,3
20351,20244,1
20351,20265,1
20351,20285,2
20351,20412,1
20351,20419,5
20351,20450,2
20351,20452,5
20351,20460,1
20352,20062,3
20352,20075,1
20352,20107,1
20352,20118,1
20352,20172,1
20352,20225,2
20352,20266,1
20352,20308,2
20352,20314,3
20352,20409,1
20352,20462,3
20353,20032,3
20353,20038,1
20353,20039,1
20353,20057,2
20353,20084,1
20353,20138,2
20353,20141,1
20353,20158,2
20353,20167,2
20353,20190,3
20353,20223,2
20353,20250,1
20353,20284,1
20353,20324,1
20353,20327,3
20353,20333,1
20353,20349,3
20353,20355,3
20353,20356,1
20353,20384,1
20353,20478,3
20353,20497,1
20354,20049,3
20354,20125,5
20354,20148,1
20354,20264,1
20354,20265,2
20354,20276,1
20354,20286,1
20354,20306,1
20354,20405,1
20355,20014,1
20355,20022,1
20355,20038,1
20355,20040,1
20355,20044,3
20355,20062,1
20355,20063,1
20355,20070,1
20355,20083,1
20355,20090,1
20355,20096,1
20355,20101,1
20355,20107,2
20355,20109,4
20355,20117,1
20355,20124,1
20355,20130,1
20355,20142,1
20355,20148,1
20355,20161,1
20355,20178,3
20355,20180,1
20355,20185,1
20355,20197,1
20355,20213,2
20355,20233,1
20355,20249,3
20355,20257,2
20355,20261,1
20355,20264,5
20355,20266,1
20355,20276,2
20355,20311,1
20355,20319,1
20355,20320,3
20355,20331,1
20355,20337,2
20355,20342,3
20355,20361,1
20355,20381,2
20355,20387,1
20355,20403,3
20355,20425,4
20355,20433,2
20355,20435,2
20355,20447,3
20355,20460,3
20355,20476,1
20355,20481,2
20355,20496,1
20356,20141,4
20356,20208,1
20356,20225,3
20356,20261,1
20356,20280,2
20356,20314,2
20356,20327,5
20356,20396,2
20356,20432,1
20357,20010,3
20357,20042,3
20357,20069,2
20357,20092,4
20357,20127,3
20357,20208,1
20357,20284,1
20357,20302,1
20357,20327,1
20357,20340,2
20357,20342,1
20357,20376,1
20357,20477,2
20357,20497,1
20358,20059,1
20358,20110,1
20358,20127,1
20358,20130,3
20358,20152,2
20358,20214,3
20358,20240,1
20358,20246,1
20358,20252,6
20358,20253,4
20358,20300,1
20358,20321,1
20358,20340,2
20358,20363,4
20358,20364,1
20358,20414,1
20358,20433,1
20358,20442,1
20358,20443,5
20359,20019,2
20359,20063,1
20359,20068,2
20359,20151,1
20359,20172,1
20359,20177,1
20359,20179,2
20359,20205,7
20359,20235,1
20359,20256,3
20359,20267,4
20359,20269,3
20359,20321,1
20359,20322,1
20359,20340,1
20359,20363,2
20359,20413,1
20359,20414,1
20359,20437,1
20359,20439,2
20359,20460,1
20359,20487,3
20360,20004,1
20360,20111,3
20360,20121,2
20360,20136,3
20360,20155,3
20360,20169,1
20360,20170,1
20360,20174,1
20360,20182,1
20360,20205,2
20360,20242,1
20360,20255,1
20360,20290,1
20360,20344,2
20360,20366,2
20360,20379,1
20360,20382,3
20360,20405,1
20360,20451,2
20361,20056,2
20361,20057,2
20361,20137,1
20361,20148,1
20361,20155,2
20361,20178,4
20361,20179,3
20361,20215,1
20361,20252,2
20361,20276,1
20361,20277,2
20361,20287,1
20361,20310,3
20361,20344,2
20361,20350,1
20361,20368,4
20361,20382,1
20361,20391,1
20361,20414,1
20361,20418,1
20361,20435,1
20361,20451,1
20361,20452,3
20361,20475,1
20361,20485,1
20361,20489,1
20361,20490,1
20362,20013,1
20362,20014,4
20362,20033,2
20362,20035,1
20362,20042,1
20362,20064,1
20362,20065,2
20362,20083,2
20362,20120,1
20362,20123,3
20362,20142,2
20362,20143,2
20362,20146,3
20362,20153,1
20362,20155,3
20362,20160,1
20362,20162,1
20362,20164,2
20362,20177,2
20362,20200,1
20362,20203,2
20362,20217,1
20362,20221,3
20362,20223,2
20362,20230,1
20362,20231,1
20362,20237,1
20362,20259,3
20362,20263,1
20362,20264,1
20362,20272,3
20362,20284,2
20362,20305,2
20362,20313,1
20362,20320,1
20362,20323,1
20362,20332,6
20362,20341,1
20362,20346,1
20362,20399,1
20362,20401,1
20362,20409,3
20362,20412,2
20362,20416,2
20362,20439,2
20362,20442,1
20362,20445,1
20362,20446,1
20362,20456,1
20362,20466,2
20362,20472,1
20362,20489,1
20362,20494,1
20363,20010,1
20363,20012,4
20363,20013,2
20363,20029,1
20363,20038,1
20363,20065,1
20363,20075,2
20363,20077,1
20363,20078,1
20363,20079,1
20363,20109,1
20363,20115,4
20363,20130,1
20363,20142,5
20363,20148,4
20363,20149,3
20363,20180,3
20363,20195,1
20363,20205,2
20363,20244,6
20363,20246,2
20363,20249,1
20363,20259,2
20363,20267,1
20363,20275,2
20363,20312,1
20363,20315,1
20363,20319,4
20363,20320,1
20363,20337,1
20363,20349,1
20363,20359,1
20363,20360,1
20363,20361,2
20363,20366,1
20363,20380,1
20363,20403,1
20363,20411,1
20363,20412,3
20363,20417,4
20363,20424,1
20363,20442,9
20363,20444,2
20363,20449,1
20363,20451,2
20363,20453,2
20363,20455,3
20363,20457,1
20363,20460,3
20363,20473,2
20363,20476,1
20363,20491,4
20363,20498,6
20364,20011,1
20364,20017,3
20364,20024,2
20364,20040,1
20364,20057,1
20364,20116,1
20364,20124,1
20364,20152,2
20364,20164,2
20364,20168,1
20364,20190,1
20364,20205,1
20364,20260,2
20364,20322,2
20364,20328,1
20364,20360,1
20364,20374,1
20364,20380,1
20364,20381,1
20364,20382,1
20364,20414,1
20364,20428,1
20364,20451,6
20365,20005,1
20365,20013,1
20365,20042,3
20365,20057,1
20365,20080,2
20365,20083,1
20365,20119,1
20365,20172,3
20365,20247,1
20365,20308,1
20365,20318,1
20365,20328,2
20365,20339,5
20365,20420,1
20365,20432,1
20365,20437,1
20365,20441,7
20365,20496,1
20366,20003,1
20366,20030,1
20366,20050,1
20366,20058,2
20366,20059,1
20366,20074,2
20366,20110,1
20366,20114,2
20366,20124,1
20366,20125,1
20366,20126,1
20366,20135,4
20366,20137,1
20366,20141,2
20366,20152,2
20366,20156,1
20366,20157,1
20366,20161,4
20366,20170,3
20366,20173,3
20366,20174,1
20366,20176,1
20366,20211,2
20366,20236,1
20366,20240,1
20366,20247,2
20366,20274,2
20366,20275,2
20366,20286,1
20366,20289,1
20366,20303,3
20366,20320,1
20366,20346,1
20366,20347,1
20366,20354,2
20366,20358,2
20366,20364,1
20366,20367,2
20366,20394,1
20366,20399,2
20366,20423,1
20366,20424,4
20366,20444,2
20366,20452,2
20366,20475,1
20366,20479,1
20366,20495,1
20367,20057,2
20367,20059,1
20367,20067,2
20367,20110,6
20367,20120,1
20367,20149,1
20367,20172,2
20367,20190,1
20367,20271,1
20367,20310,1
20367,20325,5
20367,20336,2
20367,20366,2
20367,20368,2
20367,20383,1
20367,20415,1
20367,20443,1
20367,20465,1
20368,20007,1
20368,20027,3
20368,20037,1
20368,20039,4
20368,20042,2
20368,20047,1
20368,20068,2
20368,20071,1
20368,20081,2
20368,20084,6
20368,20087,4
20368,20096,1
20368,20102,2
20368,20103,1
20368,20109,4
20368,20112,1
20368,20126,2
20368,20129,3
20368,20133,2
20368,20141,1
20368,20143,1
20368,20147,1
20368,20151,2
20368,20152,2
20368,20174,2
20368,20185,3
20368,20204,1
20368,20210,2
20368,20214,5
20368,20220,1
20368,20221,2
20368,20237,2
20368,20239,3
20368,20258,1
20368,20266,1
20368,20285,1
20368,20304,1
20368,20307,1
20368,20311,1
20368,20318,2
20368,20320,1
20368,20341,2
20368,20348,1
20368,20357,2
20368,20365,2
20368,20377,1
20368,20381,4
20368,20389,2
20368,20411,3
20368,20436,1
20368,20447,1
20369,20011,1
20369,20047,1
20369,20065,2
20369,20091,1
20369,20100,2
20369,20104,3
20369,20107,1
20369,20172,2
20369,20175,3
20369,20211,1
20369,20241,1
20369,20283,3
20369,20300,1
20369,20305,1
20369,20377,2
20369,20392,4
20369,20407,2
20369,20414,2
20369,20463,2
20370,20017,3
20370,20028,2
20370,20041,3
20370,20061,1
20370,20074,1
20370,20110,1
20370,20148,1
20370,20285,3
20370,20375,1
20370,20404,3
20370,20452,2
20370,20490,1
20371,20003,1
20371,20004,1
20371,20016,5
20371,20049,1
20371,20085,3
20371,20093,1
20371,20105,4
20371,20106,1
20371,20108,2
20371,20111,1
20371,20116,4
20371,20122,1
20371,20128,1
20371,20141,1
20371,20142,3
20371,20151,1
20371,20153,1
20371,20154,2
20371,20171,1
20371,20175,2
20371,20178,5
20371,20184,2
20371,20186,3
20371,20211,2
20371,20235,1
20371,20240,2
20371,20244,1
20371,20246,1
20371,20247,1
20371,20268,2
20371,20275,2
20371,20282,3
20371,20285,1
20371,20286,1
20371,20290,3
20371,20292,1
20371,20301,2
20371,20306,1
20371,20333,2
20371,20346,1
20371,20354,2
20371,20361,2
20371,20388,2
20371,20391,2
20371,20398,2
20371,20412,1
20371,20425,1
20371,20430,1
20371,20437,1
20371,20440,1
20371,20451,1
20371,20479,1
20372,20053,1
20372,20083,1
20372,20092,1
20372,20127,2
20372,20201,5
20372,20237,1
20372,20250,1
20372,20273,5
20372,20355,1
20372,20441,3
20373,20049,1
20373,20080,1
20373,20102,1
20373,20132,1
20373,20154,1
20373,20209,5
20373,20240,1
20373,20246,2
20373,20333,3
20373,20388,1
20373,20403,1
20373,20449,3
20373,20480,6
20373,20498,2
20374,20017,1
20374,20021,1
20374,20043,3
20374,20063,1
20374,20077,1
20374,20078,3
20374,20130,3
20374,20135,2
20374,20140,1
20374,20150,2
20374,20172,2
20374,20175,1
20374,20177,1
20374,20180,1
20374,20186,1
20374,20190,2
20374,20197,3
20374,20230,1
20374,20249,1
20374,20259,4
20374,20283,1
20374,20289,1
20374,20290,1
20374,20323,1
20374,20330,1
20374,20345,1
20374,20359,5
20374,20364,1
20374,20369,1
20374,20372,1
20374,20373,10
20374,20379,3
20374,20420,1
20374,20432,2
20374,20435,1
20374,20442,3
20374,20444,8
20374,20445,1
20374,20450,1
20374,20484,1
20374,20491,1
20375,20045,1
20375,20148,4
20375,20152,2
20375,20168,5
20375,20169,1
20375,20186,2
20375,20269,3
20375,20271,1
20375,20285,1
20375,20300,1
20375,20306,1
20375,20333,1
20375,20376,1
20375,20382,2
20375,20439,1
20375,20451,3
20375,20452,1
20375,20454,1
20375,20455,1
20375,20484,1
20376,20002,1
20376,20029,1
20376,20049,2
20376,20079,1
20376,20085,2
20376,20101,2
20376,20105,3
20376,20115,2
20376,20121,2
20376,20137,2
20376,20146,2
20376,20148,1
20376,20153,1
20376,20155,2
20376,20180,1
20376,20183,4
20376,20186,1
20376,20187,1
20376,20202,4
20376,20209,1
20376,20231,1
20376,20252,4
20376,20263,1
20376,20264,1
20376,20268,2
20376,20277,1
20376,20287,2
20376,20290,1
20376,20292,1
20376,20299,1
20376,20319,1
20376,20347,4
20376,20349,4
20376,20361,1
20376,20367,1
20376,20370,1
20376,20379,2
20376,20391,2
20376,20397,1
20376,20415,1
20376,20417,1
20376,20424,1
20376,20425,2
20376,20432,1
20376,20437,1
20376,20442,1
20376,20444,2
20376,20455,1
20376,20466,1
20376,20481,1
20376,20484,2
20376,20489,1
20376,20490,1
20377,20054,1
20377,20058,3
20377,20094,1
20377,20140,1
20377,20158,1
20377,20267,1
20377,20291,3
20377,20305,1
20377,20372,3
20377,20414,3
20378,20018,1
20378,20047,1
20378,20051,1
20378,20063,2
20378,20071,1
20378,20077,1
20378,20078,1
20378,20079,1
20378,20080,2
20378,20087,1
20378,20090,1
20378,20103,2
20378,20117,1
20378,20137,1
20378,20139,1
20378,20140,3
20378,20144,4
20378,20152,3
20378,20157,1
20378,20162,1
20378,20174,1
20378,20180,3
20378,20216,1
20378,20230,3
20378,20233,1
20378,20235,1
20378,20237,3
20378,20253,3
20378,20257,1
20378,20307,2
20378,20313,1
20378,20319,2
20378,20338,1
20378,20340,1
20378,20348,2
20378,20349,1
20378,20358,1
20378,20359,2
20378,20364,3
20378,20377,2
20378,20387,1
20378,20389,1
20378,20397,1
20378,20405,1
20378,20413,1
20378,20415,1
20378,20418,1
20378,20443,1
20378,20447,2
20378,20449,2
20378,20451,1
20378,20461,4
20378,20481,1
20378,20484,2
20378,20489,1
20378,20495,2
20379,20024,3
20379,20045,1
20379,20049,2
20379,20093,1
20379,20100,1
20379,20104,2
20379,20131,8
20379,20155,2
20379,20160,1
20379,20168,1
20379,20202,1
20379,20231,1
20379,20256,2
20379,20260,3
20379,20271,1
20379,20287,4
20379,20345,1
20379,20360,2
20379,20378,2
20379,20380,1
20379,20414,2
20379,20450,1
20379,20455,1
20380,20003,2
20380,20008,1
20380,20035,1
20380,20045,2
20380,20049,3
20380,20055,2
20380,20063,1
20380,20065,2
20380,20077,1
20380,20096,1
20380,20106,1
20380,20107,1
20380,20114,1
20380,20160,2
20380,20173,1
20380,20177,2
20380,20189,4
20380,20205,1
20380,20210,4
20380,20215,2
20380,20216,2
20380,20220,1
20380,20230,2
20380,20231,1
20380,20233,1
20380,20235,1
20380,20238,2
20380,20243,2
20380,20275,1
20380,20276,2
20380,20303,3
20380,20330,1
20380,20339,2
20380,20361,2
20380,20379,1
20380,20388,1
20380,20389,1
20380,20403,3
20380,20405,3
20380,20406,2
20380,20417,1
20380,20418,2
20380,20435,1
20380,20436,3
20380,20449,1
20380,20453,2
20380,20455,1
20380,20476,2
20380,20481,2
20380,20485,1
20380,20488,1
20380,20490,1
20381,20001,1
20381,20006,1
20381,20008,1
20381,20023,1
20381,20031,1
20381,20037,2
20381,20038,1
20381,20040,2
20381,20049,1
20381,20050,1
20381,20064,1
20381,20071,1
20381,20083,2
20381,20095,2
20381,20116,2
20381,20147,2
20381,20150,3
20381,20163,1
20381,20175,1
20381,20178,1
20381,20191,2
20381,20196,2
20381,20211,1
20381,20215,1
20381,20227,1
20381,20239,2
20381,20257,1
20381,20290,2
20381,20299,4
20381,20301,1
20381,20319,3
20381,20355,1
20381,20362,1
20381,20364,3
20381,20365,3
20381,20379,1
20381,20389,3
20381,20392,1
20381,20395,1
20381,20398,2
20381,20403,3
20381,20435,2
20381,20436,1
20381,20441,2
20381,20443,6
20381,20449,1
20381,20476,1
20381,20488,1
20381,20492,1
20382,20001,2
20382,20027,3
20382,20046,1
20382,20056,5
20382,20061,1
20382,20065,3
20382,20087,1
20382,20089,2
20382,20102,2
20382,20103,2
20382,20106,3
20382,20108,2
20382,20135,1
20382,20137,1
20382,20154,1
20382,20180,1
20382,20182,3
20382,20184,1
20382,20195,5
20382,20203,4
20382,20213,3
20382,20233,5
20382,20246,1
20382,20252,2
20382,20259,1
20382,20260,1
20382,20282,1
20382,20322,1
20382,20333,1
20382,20361,1
20382,20389,1
20382,20391,9
20382,20398,2
20382,20408,3
20382,20412,1
20382,20429,2
20382,20443,1
20382,20444,4
20382,20450,3
20382,20463,3
20382,20464,2
20382,20475,3
20382,20486,2
20382,20498,2
20382,20500,1
20383,20005,1
20383,20103,1
20383,20132,2
20383,20172,3
20383,20178,1
20383,20179,3
20383,20190,2
20383,20252,1
20383,20271,1
20383,20285,1
20383,20300,1
20383,20354,2
20383,20366,1
20383,20376,1
20383,20378,1
20383,20382,3
20383,20397,3
20383,20400,2
20383,20405,2
20383,20406,1
20383,20443,2
20383,20484,4
20383,20490,1
20384,20015,6
20384,20019,3
20384,20032,1
20384,20054,1
20384,20081,3
20384,20112,5
20384,20127,3
20384,20167,2
20384,20181,4
20384,20293,1
20384,20296,3
20384,20324,1
20384,20327,2
20384,20414,1
20385,20004,2
20385,20061,2
20385,20095,2
20385,20113,1
20385,20115,1
20385,20128,1
20385,20169,2
20385,20244,1
20385,20248,2
20385,20322,1
20385,20391,1
20385,20405,4
20385,20490,3
20386,20009,4
20386,20021,1
20386,20098,1
20386,20139,1
20386,20163,1
20386,20186,4
20386,20204,1
20386,20218,1
20386,20250,2
20386,20280,1
20386,20313,1
20386,20343,1
20386,20353,1
20386,20432,2
20386,20448,1
20386,20465,1
20387,20002,1
20387,20040,2
20387,20088,1
20387,20094,4
20387,20097,1
20387,20100,1
20387,20101,2
20387,20104,1
20387,20130,2
20387,20152,1
20387,20167,1
20387,20174,1
20387,20186,1
20387,20213,1
20387,20243,1
20387,20264,1
20387,20265,2
20387,20290,1
20387,20300,1
20387,20321,1
20387,20333,2
20387,20378,5
20387,20382,3
20387,20394,4
20387,20414,1
20387,20433,2
20387,20476,2
20387,20492,2
20388,20023,1
20388,20097,2
20388,20178,4
20388,20179,1
20388,20195,1
20388,20206,4
20388,20213,2
20388,20234,1
20388,20240,3
20388,20241,1
20388,20256,1
20388,20283,1
20388,20344,3
20388,20370,1
20388,20371,1
20388,20391,2
20388,20402,2
20388,20423,2
20388,20437,1
20388,20477,2
20388,20498,1
20389,20091,1
20389,20116,1
20389,20136,1
20389,20152,1
20389,20215,1
20389,20241,1
20389,20263,1
20389,20306,1
20389,20321,1
20389,20355,2
20389,20366,1
20389,20375,1
20389,20381,3
20389,20476,1
20389,20485,1
20390,20021,1
20390,20166,1
20390,20266,2
20390,20355,3
20390,20368,1
20391,20004,2
20391,20011,1
20391,20017,1
20391,20067,1
20391,20161,4
20391,20173,1
20391,20174,2
20391,20175,1
20391,20179,1
20391,20187,2
20391,20206,1
20391,20221,1
20391,20285,5
20391,20289,2
20391,20300,1
20391,20371,1
20391,20402,1
20391,20405,2
20392,20014,1
20392,20029,2
20392,20037,2
20392,20044,2
20392,20052,2
20392,20053,2
20392,20069,3
20392,20070,2
20392,20071,1
20392,20073,1
20392,20079,1
20392,20080,2
20392,20082,2
20392,20096,3
20392,20100,1
20392,20116,1
20392,20119,3
20392,20126,2
20392,20134,1
20392,20165,1
20392,20194,1
20392,20196,2
20392,20204,6
20392,20216,1
20392,20222,5
20392,20226,2
20392,20227,1
20392,20251,2
20392,20254,2
20392,20272,2
20392,20291,1
20392,20331,3
20392,20339,2
20392,20348,1
20392,20360,2
20392,20377,1
20392,20406,1
20392,20421,1
20392,20428,4
20392,20431,1
20392,20432,1
20392,20447,1
20392,20472,2
20392,20473,2
20392,20483,1
20393,20012,1
20393,20053,4
20393,20084,1
20393,20127,2
20393,20138,1
20393,20172,6
20393,20181,2
20393,20192,2
20393,20204,1
20393,20212,2
20393,20223,2
20393,20283,1
20393,20285,1
20393,20324,1
20393,20348,1
20393,20366,1
20393,20380,1
20393,20384,1
20393,20392,1
20393,20420,1
20393,20428,1
20393,20448,1
20393,20482,2
20394,20029,3
20394,20094,1
20394,20104,1
20394,20116,1
20394,20151,2
20394,20168,1
20394,20179,2
20394,20182,2
20394,20184,2
20394,20206,3
20394,20210,4
20394,20237,1
20394,20248,1
20394,20259,1
20394,20275,3
20394,20285,1
20394,20300,1
20394,20307,1
20394,20363,1
20394,20376,1
20394,20382,2
20394,20383,1
20394,20385,1
20394,20404,1
20394,20417,1
20394,20475,1
20395,20019,2
20395,20035,1
20395,20067,1
20395,20124,2
20395,20137,2
20395,20149,2
20395,20152,1
20395,20153,1
20395,20169,5
20395,20255,3
20395,20259,1
20395,20270,1
20395,20284,1
20395,20290,3
20395,20321,2
20395,20333,1
20395,20355,3
20395,20368,4
20395,20374,1
20395,20397,2
20395,20399,1
20395,20443,2
20395,20459,3
20395,20476,1
20396,20031,5
20396,20069,1
20396,20075,1
20396,20080,4
20396,20088,3
20396,20181,1
20396,20191,4
20396,20200,1
20396,20201,2
20396,20207,4
20396,20212,1
20396,20251,1
20396,20261,1
20396,20304,1
20396,20316,1
20396,20334,5
20396,20356,4
20396,20357,2
20396,20382,1
20396,20421,1
20396,20438,2
20396,20458,1
20396,20461,1
20396,20473,1
20396,20474,1
20396,20482,1
20396,20497,2
20397,20011,3
20397,20127,4
20397,20137,4
20397,20167,3
20397,20168,1
20397,20174,3
20397,20175,1
20397,20178,1
20397,20182,4
20397,20234,1
20397,20246,5
20397,20255,2
20397,20265,1
20397,20287,1
20397,20349,1
20397,20368,1
20397,20405,2
20397,20449,3
20397,20485,1
20397,20490,3
20398,20017,4
20398,20024,1
20398,20101,2
20398,20124,1
20398,20168,4
20398,20269,4
20398,20282,1
20398,20286,1
20398,20295,1
20398,20299,1
20398,20388,1
20398,20402,1
20398,20408,1
20398,20500,2
20399,20021,3
20399,20026,2
20399,20057,2
20399,20067,3
20399,20102,1
20399,20121,1
20399,20125,2
20399,20130,3
20399,20147,2
20399,20178,1
20399,20236,2
20399,20263,1
20399,20289,1
20399,20315,1
20399,20340,1
20399,20368,1
20399,20379,2
20399,20383,1
20399,20435,1
20399,20437,1
20399,20438,1
20399,20476,2
20399,20486,2
20400,20024,1
20400,20054,1
20400,20100,1
20400,20110,3
20400,20148,2
20400,20152,1
20400,20186,1
20400,20189,1
20400,20242,1
20400,20286,1
20400,20300,1
20400,20361,3
20400,20382,1
20400,20419,1
20400,20452,4
20400,20459,1
20400,20460,1
20401,20060,3
20401,20096,1
20401,20118,3
20401,20127,1
20401,20164,2
20401,20181,5
20401,20208,1
20401,20225,2
20401,20245,4
20401,20291,1
20401,20304,1
20401,20309,2
20401,20384,3
20401,20426,2
20401,20471,1
20402,20023,1
20402,20049,1
20402,20050,2
20402,20058,1
20402,20072,1
20402,20087,1
20402,20122,3
20402,20132,4
20402,20194,1
20402,20202,1
20402,20210,1
20402,20256,1
20402,20258,1
20402,20278,1
20402,20307,1
20402,20333,1
20402,20337,1
20402,20348,3
20402,20354,1
20402,20370,3
20402,20373,2
20402,20379,2
20402,20380,2
20402,20388,2
20402,20394,1
20402,20395,1
20402,20408,2
20402,20444,2
20402,20473,3
20402,20475,5
20402,20486,1
20402,20489,1
20402,20496,2
20403,20055,1
20403,20116,2
20403,20151,2
20403,20155,1
20403,20179,2
20403,20257,1
20403,20265,1
20403,20322,2
20403,20355,1
20403,20415,2
20403,20454,1
20403,20474,1
20403,20491,3
20403,20492,1
20404,20024,1
20404,20073,1
20404,20077,3
20404,20081,1
20404,20121,3
20404,20131,1
20404,20151,3
20404,20155,1
20404,20161,1
20404,20170,2
20404,20177,1
20404,20178,1
20404,20194,1
20404,20205,1
20404,20240,1
20404,20247,1
20404,20268,3
20404,20303,2
20404,20317,3
20404,20323,1
20404,20326,1
20404,20331,1
20404,20338,3
20404,20347,4
20404,20367,1
20404,20379,1
20404,20391,1
20404,20407,2
20404,20408,1
20404,20427,1
20404,20459,1
20404,20479,1
20404,20483,2
20404,20485,3
20404,20495,2
20404,20500,1
20405,20011,1
20405,20019,1
20405,20045,1
20405,20072,1
20405,20110,1
20405,20129,1
20405,20150,1
20405,20152,4
20405,20184,2
20405,20256,4
20405,20286,4
20405,20294,3
20405,20326,1
20405,20336,2
20405,20350,1
20405,20376,6
20405,20385,2
20405,20419,2
20405,20467,1
20405,20490,2
20406,20001,3
20406,20012,3
20406,20030,1
20406,20065,1
20406,20075,2
20406,20100,3
20406,20109,2
20406,20125,1
20406,20148,2
20406,20175,1
20406,20189,1
20406,20206,1
20406,20216,5
20406,20224,1
20406,20229,1
20406,20362,1
20406,20366,1
20406,20389,1
20406,20454,2
20406,20464,1
20406,20469,1
20406,20478,1
20406,20481,1
20407,20012,2
20407,20089,1
20407,20106,1
20407,20107,1
20407,20116,1
20407,20137,2
20407,20156,2
20407,20160,1
20407,20173,1
20407,20178,2
20407,20184,1
20407,20191,2
20407,20276,2
20407,20287,2
20407,20302,1
20407,20325,2
20407,20363,1
20407,20369,1
20407,20376,2
20407,20387,1
20407,20391,2
20407,20408,1
20407,20411,1
20407,20434,1
20407,20450,1
20407,20483,3
20407,20500,1
20408,20017,1
20408,20051,1
20408,20056,3
20408,20057,3
20408,20067,1
20408,20093,3
20408,20136,1
20408,20186,2
20408,20264,2
20408,20286,1
20408,20299,1
20408,20306,1
20408,20344,2
20408,20370,1
20408,20388,1
20408,20424,2
20408,20456,6
20408,20490,2
20409,20015,4
20409,20042,2
20409,20043,1
20409,20064,1
20409,20067,1
20409,20118,1
20409,20148,2
20409,20163,1
20409,20172,2
20409,20230,1
20409,20285,2
20409,20296,1
20409,20298,5
20409,20340,1
20409,20384,2
20409,20393,1
20409,20395,1
20409,20448,1
20409,20478,3
20409,20494,1
20410,20002,4
20410,20011,1
20410,20057,2
20410,20065,3
20410,20093,2
20410,20095,1
20410,20108,5
20410,20154,2
20410,20179,1
20410,20186,1
20410,20224,1
20410,20229,1
20410,20238,1
20410,20240,1
20410,20249,1
20410,20268,3
20410,20281,4
20410,20303,2
20410,20320,1
20410,20333,1
20410,20336,1
20410,20371,1
20410,20380,1
20410,20382,2
20410,20425,1
20411,20045,5
20411,20048,1
20411,20080,3
20411,20148,1
20411,20190,1
20411,20192,1
20411,20197,1
20411,20200,1
20411,20214,3
20411,20305,1
20411,20330,1
20411,20340,1
20411,20350,4
20411,20351,3
20411,20365,1
20411,20452,1
20411,20454,3
20412,20018,3
20412,20057,1
20412,20065,1
20412,20145,1
20412,20148,1
20412,20174,1
20412,20189,1
20412,20210,2
20412,20258,6
20412,20259,1
20412,20285,2
20412,20387,1
20412,20394,2
20412,20406,1
20412,20441,4
20412,20443,1
20412,20449,1
20412,20481,1
20413,20067,4
20413,20129,1
20413,20167,1
20413,20202,1
20413,20206,1
20413,20209,1
20413,20244,1
20413,20247,1
20413,20277,1
20413,20295,1
20413,20315,2
20413,20335,1
20413,20363,1
20413,20374,2
20413,20419,2
20413,20425,2
20413,20432,1
20413,20460,2
20413,20475,1
20413,20485,2
20413,20491,2
20413,20500,1
20414,20029,2
20414,20072,1
20414,20110,1
20414,20166,3
20414,20169,3
20414,20276,1
20414,20278,1
20414,20281,1
20414,20304,2
20414,20314,1
20414,20333,2
20414,20340,1
20414,20362,1
20414,20368,1
20414,20415,1
20414,20480,4
20415,20063,6
20415,20100,1
20415,20104,1
20415,20114,1
20415,20129,1
20415,20130,1
20415,20150,1
20415,20155,2
20415,20169,1
20415,20253,1
20415,20271,1
20415,20285,4
20415,20338,1
20415,20378,1
20415,20379,1
20415,20381,1
20415,20401,1
20415,20413,3
20415,20459,4
20416,20009,1
20416,20014,1
20416,20015,1
20416,20022,1
20416,20060,1
20416,20104,3
20416,20109,1
20416,20118,2
20416,20152,2
20416,20192,1
20416,20225,1
20416,20285,2
20416,20296,1
20416,20297,2
20416,20310,3
20416,20343,1
20416,20368,1
20416,20396,1
20416,20474,4
20417,20025,3
20417,20028,1
20417,20029,2
20417,20055,1
20417,20057,2
20417,20072,1
20417,20076,1
20417,20104,1
20417,20125,1
20417,20130,4
20417,20172,5
20417,20175,1
20417,20205,1
20417,20210,1
20417,20230,2
20417,20241,4
20417,20253,1
20417,20255,1
20417,20263,2
20417,20339,1
20417,20354,1
20417,20376,1
20417,20382,1
20417,20391,2
20417,20403,5
20417,20414,1
20417,20435,1
20417,20437,2
20417,20442,1
20417,20484,1
20418,20007,2
20418,20045,1
20418,20168,1
20418,20174,1
20418,20179,1
20418,20182,2
20418,20213,2
20418,20250,2
20418,20275,3
20418,20300,1
20418,20345,6
20418,20355,1
20418,20361,2
20418,20376,1
20418,20382,1
20418,20429,2
20418,20432,2
20418,20449,1
20418,20460,1
20419,20003,3
20419,20005,3
20419,20016,1
20419,20029,1
20419,20061,1
20419,20068,1
20419,20085,5
20419,20117,3
20419,20121,1
20419,20128,1
20419,20150,2
20419,20178,1
20419,20180,1
20419,20182,2
20419,20202,1
20419,20209,1
20419,20223,1
20419,20274,1
20419,20277,2
20419,20278,1
20419,20299,1
20419,20312,1
20419,20335,3
20419,20351,1
20419,20356,1
20419,20395,1
20419,20398,1
20419,20400,3
20419,20407,1
20419,20418,2
20419,20435,1
20419,20437,4
20419,20449,1
20419,20456,2
20420,20011,1
20420,20071,1
20420,20081,1
20420,20103,1
20420,20117,3
20420,20120,2
20420,20125,1
20420,20166,1
20420,20182,2
20420,20284,1
20420,20302,5
20420,20339,1
20420,20340,1
20420,20342,1
20420,20343,5
20420,20362,4
20420,20430,2
20420,20464,1
20421,20054,1
20421,20099,1
20421,20143,1
20421,20200,2
20421,20225,1
20421,20293,1
20421,20327,1
20421,20396,1
20421,20446,4
20421,20499,2
20422,20015,1
20422,20060,3
20422,20088,1
20422,20096,3
20422,20127,1
20422,20199,1
20422,20201,1
20422,20207,4
20422,20239,3
20422,20369,1
20422,20428,2
20422,20432,1
20422,20499,1
20423,20005,1
20423,20061,1
20423,20074,1
20423,20093,1
20423,20095,1
20423,20129,2
20423,20137,3
20423,20238,2
20423,20241,3
20423,20306,2
20423,20335,1
20423,20344,1
20423,20405,1
20423,20419,2
20423,20437,1
20424,20005,2
20424,20011,2
20424,20129,1
20424,20141,1
20424,20149,3
20424,20170,1
20424,20213,1
20424,20238,1
20424,20246,2
20424,20252,2
20424,20256,1
20424,20260,1
20424,20274,3
20424,20325,2
20424,20333,1
20424,20380,2
20424,20400,3
20424,20405,2
20424,20432,1
20425,20002,2
20425,20026,2
20425,20040,2
20425,20070,1
20425,20087,3
20425,20114,1
20425,20146,1
20425,20231,1
20425,20257,2
20425,20305,1
20425,20314,1
20425,20328,5
20425,20355,3
20425,20358,3
20425,20362,1
20425,20395,1
20425,20397,2
20425,20429,4
20425,20433,1
20425,20444,1
20426,20021,3
20426,20022,6
20426,20104,3
20426,20109,1
20426,20119,3
20426,20157,6
20426,20172,3
20426,20245,1
20426,20250,2
20426,20321,5
20426,20368,1
20427,20017,1
20427,20054,6
20427,20056,6
20427,20059,1
20427,20091,2
20427,20095,1
20427,20110,1
20427,20115,1
20427,20122,4
20427,20128,2
20427,20152,1
20427,20187,1
20427,20202,1
20427,20241,1
20427,20312,1
20427,20443,3
20427,20452,2
20427,20459,1
20427,20467,2
20428,20030,1
20428,20036,1
20428,20039,1
20428,20084,1
20428,20096,2
20428,20098,1
20428,20112,2
20428,20124,1
20428,20158,3
20428,20159,1
20428,20197,1
20428,20204,1
20428,20217,1
20428,20218,1
20428,20220,1
20428,20223,2
20428,20228,1
20428,20239,4
20428,20251,2
20428,20291,2
20428,20309,1
20428,20314,1
20428,20347,1
20428,20353,2
20428,20470,2
20429,20049,2
20429,20085,2
20429,20213,1
20429,20244,2
20429,20253,3
20429,20270,1
20429,20278,3
20429,20287,1
20429,20292,3
20429,20371,2
20429,20403,3
20429,20434,2
20429,20450,1
20429,20500,1
20430,20002,2
20430,20025,1
20430,20026,1
20430,20061,4
20430,20104,6
20430,20110,2
20430,20114,1
20430,20148,1
20430,20161,1
20430,20240,5
20430,20285,2
20430,20303,3
20430,20355,1
20430,20383,1
20430,20419,1
20430,20434,1
20430,20439,3
20430,20452,2
20430,20460,1
20430,20464,1
20430,20481,1
20431,20001,2
20431,20014,3
20431,20069,2
20431,20093,2
20431,20123,1
20431,20226,1
20431,20250,1
20431,20353,2
20432,20001,3
20432,20002,3
20432,20008,2
20432,20011,5
20432,20013,1
20432,20015,5
20432,20016,2
20432,20018,1
20432,20027,2
20432,20029,2
20432,20030,2
20432,20036,1
20432,20039,1
20432,20047,1
20432,20057,1
20432,20065,1
20432,20066,1
20432,20073,1
20432,20078,2
20432,20081,2
20432,20101,1
20432,20114,5
20432,20117,3
20432,20131,1
20432,20134,7
20432,20142,1
20432,20145,1
20432,20146,2
20432,20160,1
20432,20165,1
20432,20168,1
20432,20173,3
20432,20175,3
20432,20182,1
20432,20185,1
20432,20199,5
20432,20205,1
20432,20206,1
20432,20210,2
20432,20216,1
20432,20219,1
20432,20226,2
20432,20233,1
20432,20235,3
20432,20238,2
20432,20241,1
20432,20246,2
20432,20249,2
20432,20254,4
20432,20258,2
20432,20262,1
20432,20264,3
20432,20267,5
20432,20281,2
20432,20283,2
20432,20289,6
20432,20291,2
20432,20297,1
20432,20310,1
20432,20312,1
20432,20314,2
20432,20322,1
20432,20325,5
20432,20330,1
20432,20331,2
20432,20333,1
20432,20335,2
20432,20336,1
20432,20341,2
20432,20345,3
20432,20347,2
20432,20348,1
20432,20349,1
20432,20351,2
20432,20352,3
20432,20354,2
20432,20357,2
20432,20358,1
20432,20364,1
20432,20367,2
20432,20368,1
20432,20372,1
20432,20378,1
20432,20384,1
20432,20386,1
20432,20393,2
20432,20397,1
20432,20399,3
20432,20406,1
20432,20411,3
20432,20412,1
20432,20419,2
20432,20425,3
20432,20437,2
20432,20442,2
20432,20448,1
20432,20451,2
20432,20466,1
20432,20468,1
20432,20469,5
20432,20475,3
20432,20488,1
20432,20492,3
20432,20495,2
20433,20011,1
20433,20048,7
20433,20066,1
20433,20067,7
20433,20076,1
20433,20125,4
20433,20152,1
20433,20172,1
20433,20233,1
20433,20241,1
20433,20265,2
20433,20273,1
20433,20355,3
20433,20368,2
20433,20378,1
20433,20395,2
20433,20414,1
20433,20437,3
20433,20439,1
20434,20072,1
20434,20105,2
20434,20113,2
20434,20115,1
20434,20121,1
20434,20136,3
20434,20156,2
20434,20242,1
20434,20247,5
20434,20320,3
20434,20335,4
20434,20345,2
20434,20378,1
20434,20380,1
20434,20407,3
20434,20432,1
20434,20454,2
20434,20491,1
20434,20498,3
20435,20011,2
20435,20026,1
20435,20076,1
20435,20077,1
20435,20090,1
20435,20092,1
20435,20100,1
20435,20105,1
20435,20120,1
20435,20130,1
20435,20148,6
20435,20161,1
20435,20211,1
20435,20215,1
20435,20236,1
20435,20257,1
20435,20297,1
20435,20333,1
20435,20345,1
20435,20364,2
20435,20380,5
20435,20399,1
20435,20406,2
20435,20412,1
20435,20439,1
20435,20443,1
20435,20457,1
20435,20497,1
20436,20001,4
20436,20020,1
20436,20082,1
20436,20091,1
20436,20190,3
20436,20211,5
20436,20246,1
20436,20339,1
20437,20011,3
20437,20017,1
20437,20024,1
20437,20054,1
20437,20079,2
20437,20087,1
20437,20122,2
20437,20129,1
20437,20136,1
20437,20174,1
20437,20180,1
20437,20182,1
20437,20184,2
20437,20209,2
20437,20215,1
20437,20222,2
20437,20290,3
20437,20363,2
20437,20374,2
20437,20376,2
20437,20383,1
20437,20400,4
20437,20439,3
20437,20449,1
20437,20459,1
20437,20485,2
20437,20490,2
20437,20492,2
20438,20001,1
20438,20006,1
20438,20028,1
20438,20042,5
20438,20092,2
20438,20103,2
20438,20118,4
20438,20126,1
20438,20133,1
20438,20139,2
20438,20157,1
20438,20159,2
20438,20164,1
20438,20183,1
20438,20192,3
20438,20200,1
20438,20201,1
20438,20239,1
20438,20245,2
20438,20250,3
20438,20262,2
20438,20304,2
20438,20316,3
20438,20331,1
20438,20353,2
20438,20384,3
20438,20392,2
20438,20421,1
20438,20448,3
20438,20488,1
20438,20493,1
20439,20017,1
20439,20057,1
20439,20063,1
20439,20078,1
20439,20136,1
20439,20149,1
20439,20271,1
20439,20285,1
20439,20321,3
20439,20324,1
20439,20355,1
20439,20359,1
20439,20363,1
20439,20407,1
20439,20414,2
20439,20433,2
20440,20045,1
20440,20046,2
20440,20057,3
20440,20067,1
20440,20091,1
20440,20094,1
20440,20101,1
20440,20106,2
20440,20125,1
20440,20131,2
20440,20155,1
20440,20184,1
20440,20191,1
20440,20203,1
20440,20213,1
20440,20214,1
20440,20236,2
20440,20241,2
20440,20243,1
20440,20273,2
20440,20295,1
20440,20297,4
20440,20367,1
20440,20370,1
20440,20383,2
20440,20413,1
20440,20430,2
20440,20463,3
20440,20464,1
20440,20492,1
20441,20010,1
20441,20020,2
20441,20032,2
20441,20039,1
20441,20058,1
20441,20060,1
20441,20069,1
20441,20088,2
20441,20090,1
20441,20096,1
20441,20109,1
20441,20116,1
20441,20123,1
20441,20130,1
20441,20134,1
20441,20151,3
20441,20165,2
20441,20188,2
20441,20212,1
20441,20219,1
20441,20257,1
20441,20279,2
20441,20281,1
20441,20295,1
20441,20321,1
20441,20334,2
20441,20372,3
20441,20390,1
20441,20420,2
20441,20432,6
20441,20463,3
20441,20483,2
20441,20488,2
20442,20011,2
20442,20026,1
20442,20067,3
20442,20093,1
20442,20114,2
20442,20135,2
20442,20154,2
20442,20172,1
20442,20186,2
20442,20261,1
20442,20295,1
20442,20306,2
20442,20323,1
20442,20341,3
20442,20380,2
20442,20397,3
20442,20414,1
20442,20432,1
20442,20433,3
20442,20452,7
20442,20454,2
20442,20484,1
20442,20490,1
20442,20496,1
20443,20016,1
20443,20018,3
20443,20025,1
20443,20026,2
20443,20029,2
20443,20034,1
20443,20045,1
20443,20049,2
20443,20054,1
20443,20068,1
20443,20078,1
20443,20082,3
20443,20087,1
20443,20091,1
20443,20096,1
20443,20101,1
20443,20105,1
20443,20131,2
20443,20135,1
20443,20140,2
20443,20142,2
20443,20147,6
20443,20175,1
20443,20177,1
20443,20183,1
20443,20231,2
20443,20236,1
20443,20253,3
20443,20263,1
20443,20269,2
20443,20270,2
20443,20290,2
20443,20297,1
20443,20299,2
20443,20303,2
20443,20345,1
20443,20347,1
20443,20356,1
20443,20364,1
20443,20367,3
20443,20374,1
20443,20395,1
20443,20397,1
20443,20399,1
20443,20413,3
20443,20414,2
20443,20419,1
20443,20425,2
20443,20436,3
20443,20452,4
20443,20476,6
20443,20482,1
20443,20493,7
20444,20024,2
20444,20057,1
20444,20067,2
20444,20101,3
20444,20110,1
20444,20111,1
20444,20149,1
20444,20161,2
20444,20182,2
20444,20183,1
20444,20195,1
20444,20215,1
20444,20234,1
20444,20243,2
20444,20244,1
20444,20263,2
20444,20284,1
20444,20310,1
20444,20328,1
20444,20355,3
20444,20360,1
20444,20366,2
20444,20373,1
20444,20374,3
20444,20385,1
20444,20452,3
20444,20455,1
20445,20021,2
20445,20024,7
20445,20045,2
20445,20047,1
20445,20053,3
20445,20063,1
20445,20152,3
20445,20208,2
20445,20215,1
20445,20225,1
20445,20250,3
20445,20307,1
20445,20314,3
20445,20321,1
20445,20329,1
20445,20331,1
20445,20333,1
20445,20362,4
20445,20413,2
20445,20432,1
20445,20452,2
20445,20489,2
20446,20060,2
20446,20163,2
20446,20363,1
20446,20396,1
20446,20438,1
20446,20448,2
20447,20011,3
20447,20015,2
20447,20021,1
20447,20063,1
20447,20076,1
20447,20093,5
20447,20104,1
20447,20135,1
20447,20153,1
20447,20186,1
20447,20256,1
20447,20259,2
20447,20333,2
20447,20338,4
20447,20363,7
20447,20364,1
20447,20378,2
20447,20382,1
20447,20414,2
20447,20432,1
20447,20438,1
20447,20441,1
20447,20444,2
20447,20452,2
20447,20457,3
20447,20462,1
20447,20463,2
20447,20476,1
20448,20021,1
20448,20118,3
20448,20138,1
20448,20159,4
20448,20190,2
20448,20192,1
20448,20196,1
20448,20207,1
20448,20250,4
20448,20310,1
20448,20353,2
20448,20384,1
20448,20393,3
20449,20035,2
20449,20054,2
20449,20093,1
20449,20142,1
20449,20178,2
20449,20186,1
20449,20248,1
20449,20285,1
20449,20300,1
20449,20322,1
20449,20345,2
20449,20374,2
20449,20380,1
20449,20385,1
20449,20423,2
20449,20443,1
20449,20460,5
20449,20467,1
20450,20023,2
20450,20066,1
20450,20067,1
20450,20110,1
20450,20186,1
20450,20187,1
20450,20213,1
20450,20256,5
20450,20300,1
20450,20317,1
20450,20329,1
20450,20360,5
20450,20371,1
20450,20398,1
20450,20400,3
20450,20407,1
20450,20423,4
20450,20443,3
20450,20452,1
20450,20491,1
20450,20492,1
20451,20016,2
20451,20023,4
20451,20029,1
20451,20054,4
20451,20057,1
20451,20067,5
20451,20148,3
20451,20152,1
20451,20238,1
20451,20244,2
20451,20252,1
20451,20366,7
20451,20380,2
20451,20419,3
20451,20452,4
20451,20459,3
20451,20498,4
20452,20001,1
20452,20002,1
20452,20007,1
20452,20013,3
20452,20014,1
20452,20028,4
20452,20035,1
20452,20049,1
20452,20055,1
20452,20064,1
20452,20071,2
20452,20076,2
20452,20105,2
20452,20131,3
20452,20161,2
20452,20182,1
20452,20195,1
20452,20202,3
20452,20216,1
20452,20230,1
20452,20231,1
20452,20253,3
20452,20263,1
20452,20268,1
20452,20278,1
20452,20290,5
20452,20295,1
20452,20317,1
20452,20320,2
20452,20326,1
20452,20335,1
20452,20364,3
20452,20365,1
20452,20374,1
20452,20385,3
20452,20393,4
20452,20395,1
20452,20397,4
20452,20399,3
20452,20405,3
20452,20406,1
20452,20415,3
20452,20437,1
20452,20442,1
20452,20443,1
20452,20461,1
20452,20486,1
20452,20498,2
20453,20002,2
20453,20067,2
20453,20090,1
20453,20110,1
20453,20136,1
20453,20152,4
20453,20163,1
20453,20173,2
20453,20312,3
20453,20333,1
20453,20402,1
20453,20427,2
20453,20433,2
20453,20452,1
20453,20458,3
20453,20459,1
20453,20460,1
20453,20475,2
20454,20018,2
20454,20058,2
20454,20061,1
20454,20068,4
20454,20071,1
20454,20090,1
20454,20097,4
20454,20108,1
20454,20124,1
20454,20126,1
20454,20134,1
20454,20141,2
20454,20151,3
20454,20160,1
20454,20162,1
20454,20165,1
20454,20184,1
20454,20240,6
20454,20243,1
20454,20295,1
20454,20304,3
20454,20340,4
20454,20407,3
20454,20420,1
20454,20458,2
20454,20463,4
20454,20486,3
20455,20049,1
20455,20079,1
20455,20110,1
20455,20170,3
20455,20175,4
20455,20209,1
20455,20235,1
20455,20248,4
20455,20252,1
20455,20295,1
20455,20350,1
20455,20382,1
20455,20388,2
20455,20437,4
20455,20442,4
20455,20450,1
20455,20452,1
20455,20459,2
20455,20484,1
20455,20485,4
20455,20490,3
20456,20004,1
20456,20087,2
20456,20110,1
20456,20128,4
20456,20129,1
20456,20148,1
20456,20376,2
20456,20408,1
20456,20423,2
20456,20424,1
20456,20459,1
20456,20467,3
20457,20002,1
20457,20026,2
20457,20046,1
20457,20055,5
20457,20066,3
20457,20098,2
20457,20113,4
20457,20120,1
20457,20129,1
20457,20177,3
20457,20217,1
20457,20236,2
20457,20238,1
20457,20246,1
20457,20267,1
20457,20270,1
20457,20322,1
20457,20333,1
20457,20358,3
20457,20376,1
20457,20452,1
20458,20063,2
20458,20067,1
20458,20219,1
20458,20300,3
20458,20321,1
20458,20340,2
20458,20355,1
20458,20374,1
20458,20378,1
20458,20381,8
20458,20497,1
20459,20023,1
20459,20026,1
20459,20050,4
20459,20056,3
20459,20071,5
20459,20095,1
20459,20110,1
20459,20111,1
20459,20120,4
20459,20121,2
20459,20131,4
20459,20152,1
20459,20161,1
20459,20162,3
20459,20171,1
20459,20180,2
20459,20183,1
20459,20241,1
20459,20274,1
20459,20281,1
20459,20289,1
20459,20299,3
20459,20303,1
20459,20317,1
20459,20320,1
20459,20322,6
20459,20346,1
20459,20351,1
20459,20382,1
20459,20385,1
20459,20419,1
20459,20451,1
20459,20455,1
20459,20463,3
20459,20478,5
20459,20485,2
20459,20489,1
20459,20493,1
20460,20002,3
20460,20007,4
20460,20029,1
20460,20054,3
20460,20072,2
20460,20155,4
20460,20170,2
20460,20244,1
20460,20287,1
20460,20312,1
20460,20333,1
20460,20361,1
20460,20364,1
20460,20374,2
20460,20375,1
20460,20400,3
20460,20407,2
20460,20433,1
20461,20002,1
20461,20015,5
20461,20039,1
20461,20051,1
20461,20099,3
20461,20104,1
20461,20148,2
20461,20163,3
20461,20218,2
20461,20324,3
20461,20332,1
20461,20368,3
20461,20414,3
20461,20470,1
20461,20474,2
20461,20499,4
20462,20033,3
20462,20042,1
20462,20050,2
20462,20051,3
20462,20052,1
20462,20118,2
20462,20160,1
20462,20182,1
20462,20207,1
20462,20218,2
20462,20226,3
20462,20329,1
20462,20342,2
20462,20343,1
20462,20362,1
20462,20428,4
20462,20469,4
20462,20471,1
20463,20013,1
20463,20057,1
20463,20091,1
20463,20093,3
20463,20125,1
20463,20156,1
20463,20172,1
20463,20175,2
20463,20180,2
20463,20190,1
20463,20244,1
20463,20246,1
20463,20265,1
20463,20287,1
20463,20300,4
20463,20319,1
20463,20362,2
20463,20371,1
20463,20380,1
20463,20381,4
20463,20417,2
20463,20430,1
20463,20435,4
20464,20001,1
20464,20020,3
20464,20037,1
20464,20044,2
20464,20048,1
20464,20052,2
20464,20069,1
20464,20088,1
20464,20103,1
20464,20116,1
20464,20135,1
20464,20141,1
20464,20160,1
20464,20197,1
20464,20221,1
20464,20276,3
20464,20289,1
20464,20304,2
20464,20331,1
20464,20346,2
20464,20372,1
20464,20389,2
20464,20403,1
20464,20406,4
20464,20417,1
20464,20436,5
20464,20483,2
20464,20488,3
20464,20496,1
20465,20009,2
20465,20022,1
20465,20039,1
20465,20098,2
20465,20123,2
20465,20192,2
20465,20239,3
20465,20326,1
20465,20332,1
20465,20378,2
20465,20432,1
20465,20452,2
20466,20003,1
20466,20019,2
20466,20021,2
20466,20146,4
20466,20181,1
20466,20192,1
20466,20198,1
20466,20254,1
20466,20310,1
20466,20311,1
20466,20328,2
20466,20332,3
20466,20395,1
20466,20432,3
20467,20004,1
20467,20005,1
20467,20016,1
20467,20066,1
20467,20255,2
20467,20273,1
20467,20333,2
20467,20417,1
20467,20456,2
20467,20490,1
20468,20039,1
20468,20112,4
20468,20138,1
20468,20163,1
20468,20198,1
20468,20228,2
20468,20254,1
20468,20284,1
20468,20313,2
20468,20314,2
20468,20329,1
20468,20384,3
20468,20401,2
20468,20406,3
20468,20422,1
20468,20428,2
20468,20462,3
20469,20009,5
20469,20014,1
20469,20062,1
20469,20099,1
20469,20125,1
20469,20143,2
20469,20163,1
20469,20164,5
20469,20212,1
20469,20284,1
20469,20296,2
20469,20309,1
20469,20349,1
20469,20401,1
20469,20432,3
20469,20438,2
20470,20015,1
20470,20021,1
20470,20052,1
20470,20086,1
20470,20192,2
20470,20212,1
20470,20220,1
20470,20250,1
20470,20262,2
20470,20343,1
20470,20349,2
20470,20416,4
20470,20448,3
20470,20474,4
20471,20147,1
20471,20196,1
20471,20207,7
20471,20215,2
20471,20218,2
20471,20261,3
20471,20336,1
20471,20426,1
20471,20469,1
20471,20474,1
20472,20056,1
20472,20067,2
20472,20104,4
20472,20116,1
20472,20146,2
20472,20163,2
20472,20190,2
20472,20323,3
20472,20324,2
20472,20343,1
20472,20344,2
20472,20368,2
20472,20380,1
20472,20384,2
20472,20409,1
20472,20436,2
20472,20441,1
20472,20464,1
20472,20483,1
20472,20493,1
20473,20046,2
20473,20062,4
20473,20094,1
20473,20160,3
20473,20203,1
20473,20216,4
20473,20329,1
20473,20339,1
20473,20474,1
20473,20482,3
20473,20489,4
20474,20008,2
20474,20012,3
20474,20032,4
20474,20038,1
20474,20039,1
20474,20042,2
20474,20072,1
20474,20077,2
20474,20088,1
20474,20098,1
20474,20112,4
20474,20133,2
20474,20138,2
20474,20188,2
20474,20199,2
20474,20205,1
20474,20207,1
20474,20226,1
20474,20227,1
20474,20245,1
20474,20250,4
20474,20262,1
20474,20298,4
20474,20301,1
20474,20304,2
20474,20309,1
20474,20358,1
20474,20390,3
20474,20428,1
20474,20431,4
20474,20444,2
20474,20469,1
20474,20470,2
20474,20499,1
20475,20002,1
20475,20011,3
20475,20029,2
20475,20067,1
20475,20093,9
20475,20148,3
20475,20182,1
20475,20206,1
20475,20213,3
20475,20241,6
20475,20278,1
20475,20287,1
20475,20290,1
20475,20315,2
20475,20376,1
20475,20380,4
20475,20411,1
20475,20453,1
20475,20454,1
20475,20460,3
20476,20048,1
20476,20104,1
20476,20140,1
20476,20152,3
20476,20167,4
20476,20210,1
20476,20257,1
20476,20336,1
20476,20355,1
20476,20374,6
20476,20387,3
20476,20392,1
20476,20400,2
20476,20403,3
20476,20432,1
20476,20433,3
20476,20444,1
20476,20457,1
20476,20463,1
20476,20485,1
20476,20489,1
20477,20057,4
20477,20063,2
20477,20073,2
20477,20081,2
20477,20107,2
20477,20165,2
20477,20180,7
20477,20203,2
20477,20257,1
20477,20296,3
20477,20342,2
20477,20355,1
20477,20377,1
20477,20411,1
20477,20415,1
20477,20436,2
20477,20441,3
20477,20474,1
20477,20494,1
20477,20497,2
20478,20152,2
20478,20158,1
20478,20284,1
20478,20290,3
20478,20319,1
20478,20339,2
20478,20342,1
20478,20389,3
20478,20442,1
20478,20443,1
20478,20445,2
20479,20024,2
20479,20045,6
20479,20054,2
20479,20110,2
20479,20125,1
20479,20128,2
20479,20168,1
20479,20186,2
20479,20247,2
20479,20257,2
20479,20337,1
20479,20398,1
20479,20404,1
20479,20459,2
20480,20008,1
20480,20049,2
20480,20066,3
20480,20085,1
20480,20108,1
20480,20130,1
20480,20170,1
20480,20252,5
20480,20259,3
20480,20299,2
20480,20306,3
20480,20391,3
20480,20403,1
20480,20405,3
20480,20440,1
20480,20495,1
20481,20012,1
20481,20021,1
20481,20038,1
20481,20151,2
20481,20205,1
20481,20311,3
20481,20314,1
20481,20321,1
20481,20340,1
20481,20341,2
20481,20342,1
20481,20355,5
20481,20356,1
20481,20376,1
20481,20378,2
20481,20381,1
20481,20382,1
20481,20387,11
20481,20411,1
20481,20425,1
20481,20432,3
20481,20472,3
20482,20094,1
20482,20101,2
20482,20109,2
20482,20126,2
20482,20163,3
20482,20172,1
20482,20224,2
20482,20227,1
20482,20266,1
20482,20271,3
20482,20279,7
20482,20306,1
20482,20336,2
20482,20348,1
20482,20355,1
20482,20368,1
20482,20389,1
20482,20392,2
20482,20423,4
20482,20426,3
20482,20433,1
20482,20448,2
20482,20453,1
20483,20009,1
20483,20010,1
20483,20048,1
20483,20055,1
20483,20064,5
20483,20069,1
20483,20107,1
20483,20147,1
20483,20167,1
20483,20168,1
20483,20216,1
20483,20219,3
20483,20381,1
20483,20393,1
20483,20396,1
20483,20412,1
20483,20432,3
20483,20436,3
20483,20471,1
20483,20477,1
20484,20045,1
20484,20056,1
20484,20091,1
20484,20114,1
20484,20147,1
20484,20213,1
20484,20241,1
20484,20256,2
20484,20261,1
20484,20269,1
20484,20276,1
20484,20285,2
20484,20297,2
20484,20299,3
20484,20338,1
20484,20363,2
20484,20378,1
20484,20440,1
20484,20464,2
20484,20475,1
20484,20480,4
20485,20005,2
20485,20056,1
20485,20067,2
20485,20087,1
20485,20113,1
20485,20129,1
20485,20170,1
20485,20182,1
20485,20186,1
20485,20209,2
20485,20270,2
20485,20273,2
20485,20294,1
20485,20333,1
20485,20396,1
20485,20403,3
20485,20418,2
20485,20437,1
20485,20441,3
20485,20449,1
20486,20004,1
20486,20066,1
20486,20067,1
20486,20090,6
20486,20161,1
20486,20168,1
20486,20174,1
20486,20179,6
20486,20182,2
20486,20213,1
20486,20215,1
20486,20252,1
20486,20268,1
20486,20284,1
20486,20348,2
20486,20379,1
20486,20381,5
20486,20395,1
20486,20408,1
20486,20417,2
20486,20459,1
20486,20480,1
20486,20500,1
20487,20093,1
20487,20151,1
20487,20169,2
20487,20299,1
20487,20317,3
20487,20361,1
20487,20366,3
20487,20452,1
20487,20456,1
20488,20091,1
20488,20107,2
20488,20125,1
20488,20126,2
20488,20147,3
20488,20283,1
20488,20285,2
20488,20325,1
20488,20339,1
20488,20355,2
20488,20389,1
20488,20457,5
20488,20464,1
20489,20003,1
20489,20023,1
20489,20049,2
20489,20056,2
20489,20058,4
20489,20087,4
20489,20108,2
20489,20185,1
20489,20197,1
20489,20268,3
20489,20271,2
20489,20276,1
20489,20319,1
20489,20344,1
20489,20361,3
20489,20405,1
20489,20435,2
20489,20451,3
20489,20459,1
20489,20479,1
20489,20485,3
20490,20012,2
20490,20016,1
20490,20019,1
20490,20023,1
20490,20046,3
20490,20056,1
20490,20058,2
20490,20061,1
20490,20091,1
20490,20101,1
20490,20108,1
20490,20111,1
20490,20122,2
20490,20128,3
20490,20129,2
20490,20135,1
20490,20150,1
20490,20152,10
20490,20170,4
20490,20202,2
20490,20226,2
20490,20235,3
20490,20237,2
20490,20244,2
20490,20246,3
20490,20249,2
20490,20256,2
20490,20263,2
20490,20273,1
20490,20278,2
20490,20292,1
20490,20306,1
20490,20361,2
20490,20374,1
20490,20391,2
20490,20395,2
20490,20410,1
20490,20423,1
20490,20427,2
20490,20437,2
20490,20440,2
20490,20442,5
20490,20449,3
20490,20453,1
20490,20485,3
20490,20487,1
20490,20500,3
20491,20007,3
20491,20136,3
20491,20173,3
20491,20206,4
20491,20344,2
20491,20405,1
20491,20407,1
20491,20408,2
20491,20456,2
20491,20485,2
20491,20498,1
20492,20045,2
20492,20056,3
20492,20091,1
20492,20110,2
20492,20151,1
20492,20179,1
20492,20182,3
20492,20194,1
20492,20205,1
20492,20258,2
20492,20286,7
20492,20322,1
20492,20380,2
20492,20400,3
20492,20484,1
20492,20488,2
20492,20489,1
20493,20015,7
20493,20032,2
20493,20048,1
20493,20050,1
20493,20102,1
20493,20152,1
20493,20211,2
20493,20214,1
20493,20215,1
20493,20216,1
20493,20218,1
20493,20237,1
20493,20285,5
20493,20286,1
20493,20298,1
20493,20336,2
20493,20342,1
20493,20345,1
20493,20347,1
20493,20365,1
20493,20368,6
20493,20382,3
20493,20441,1
20493,20472,1
20494,20027,1
20494,20064,2
20494,20115,1
20494,20119,1
20494,20127,2
20494,20214,1
20494,20217,1
20494,20224,1
20494,20257,1
20494,20270,1
20494,20276,1
20494,20281,3
20494,20328,1
20494,20381,3
20494,20384,3
20494,20406,1
20494,20411,4
20494,20433,2
20494,20475,1
20495,20009,1
20495,20054,1
20495,20116,1
20495,20148,1
20495,20152,1
20495,20235,1
20495,20248,2
20495,20265,1
20495,20372,4
20495,20430,1
20495,20489,1
20496,20038,2
20496,20053,2
20496,20103,1
20496,20104,5
20496,20107,1
20496,20123,2
20496,20148,1
20496,20163,1
20496,20192,1
20496,20270,1
20496,20336,1
20496,20376,3
20496,20406,3
20496,20493,1
20497,20008,2
20497,20010,4
20497,20012,2
20497,20014,1
20497,20015,2
20497,20022,3
20497,20025,1
20497,20033,2
20497,20051,2
20497,20053,2
20497,20075,1
20497,20080,1
20497,20083,1
20497,20086,1
20497,20088,1
20497,20089,1
20497,20096,1
20497,20107,1
20497,20109,1
20497,20116,2
20497,20119,1
20497,20120,1
20497,20121,1
20497,20146,1
20497,20193,5
20497,20197,1
20497,20198,1
20497,20204,1
20497,20205,1
20497,20232,2
20497,20237,1
20497,20240,1
20497,20253,2
20497,20283,2
20497,20308,2
20497,20316,1
20497,20328,1
20497,20340,1
20497,20348,1
20497,20359,1
20497,20362,2
20497,20368,3
20497,20372,2
20497,20406,1
20497,20414,1
20497,20415,2
20497,20430,4
20497,20465,5
20497,20466,3
20497,20470,3
20497,20471,1
20497,20476,3
20497,20477,7
20497,20483,1
20497,20488,1
20497,20495,1
20497,20496,1
20498,20017,1
20498,20113,1
20498,20136,1
20498,20137,2
20498,20155,1
20498,20178,1
20498,20202,3
20498,20206,4
20498,20215,5
20498,20241,2
20498,20285,1
20498,20294,1
20498,20333,1
20498,20371,1
20498,20405,1
20498,20414,1
20498,20450,1
20498,20480,1
20499,20006,1
20499,20044,3
20499,20058,2
20499,20075,1
20499,20083,2
20499,20098,2
20499,20114,3
20499,20117,1
20499,20118,5
20499,20138,2
20499,20139,1
20499,20144,1
20499,20201,6
20499,20203,1
20499,20218,1
20499,20220,2
20499,20223,1
20499,20226,2
20499,20229,4
20499,20239,1
20499,20248,2
20499,20251,1
20499,20301,4
20499,20304,1
20499,20316,2
20499,20318,1
20499,20334,1
20499,20349,1
20499,20384,1
20499,20386,1
20499,20401,3
20499,20422,1
20499,20457,1
20499,20465,1
20499,20482,1
20500,20003,1
20500,20023,1
20500,20028,1
20500,20045,1
20500,20054,1
20500,20085,1
20500,20121,1
20500,20152,4
20500,20153,1
20500,20170,2
20500,20180,1
20500,20215,4
20500,20242,5
20500,20247,4
20500,20295,1
20500,20325,1
20500,20344,3
20500,20355,2
20500,20370,1
20500,20380,1
20500,20408,1
20500,20442,1
20500,20454,1
20500,20475,5
20500,20480,1
20501,20006,1
20501,20015,2
20501,20164,2
20501,20179,5
20501,20218,1
20501,20262,1
20501,20279,2
