synapse_id,pre_root_id,post_root_id,pre_cell_type,post_cell_type,region,x_um,y_um,z_um,size_vx
1,100052,100083,L23_pyr,L23_pyr,L2/3,292.9,216.4,117.5,110
2,100237,100151,basket,L4_exc,L4,-44.6,400.4,112.2,169
3,100068,100132,L23_pyr,L4_exc,L4,283.4,456.9,90.9,240
4,100123,100113,L4_exc,L4_exc,L4,114.5,387.5,158.8,154
5,100114,100105,L4_exc,L4_exc,L4,116.2,297.5,152.3,151
6,100172,100233,L5_pyr,basket,L2/3,215.0,85.8,273.6,81
7,100035,100254,L23_pyr,basket,L4,242.6,354.2,211.4,162
8,100235,100248,basket,basket,L2/3,256.9,298.4,99.7,234
9,100003,100001,L23_pyr,L23_pyr,L2/3,67.3,291.2,23.9,415
10,100016,100073,L23_pyr,L23_pyr,L2/3,184.8,218.4,226.5,143
11,100045,100059,L23_pyr,L23_pyr,L2/3,40.4,185.7,273.8,160
12,100274,100121,martinotti,L4_exc,L4,236.3,302.8,224.7,385
13,100255,100298,basket,vip,L4,244.0,290.9,217.3,503
14,100120,100141,L4_exc,L4_exc,L4,180.7,329.2,214.6,454
15,100246,100036,basket,L23_pyr,L2/3,165.2,178.3,-11.1,192
16,100169,100078,L5_pyr,L23_pyr,L2/3,172.9,220.4,304.4,73
17,100173,100022,L5_pyr,L23_pyr,L2/3,93.8,245.8,79.4,143
18,100110,100098,L4_exc,L4_exc,L4,290.9,414.8,190.8,118
19,100291,100042,vip,L23_pyr,L2/3,199.6,225.5,247.2,86
20,100090,100178,L23_pyr,L5_pyr,L5,270.4,570.0,210.2,304
21,100117,100282,L4_exc,martinotti,L2/3,41.1,113.5,90.2,188
22,100019,100105,L23_pyr,L4_exc,L4,96.9,336.2,188.9,230
23,100278,100206,martinotti,L5_pyr,L5,122.7,458.0,71.8,185
24,100113,100112,L4_exc,L4_exc,L4,-3.7,395.2,87.6,118
25,100007,100128,L23_pyr,L4_exc,L4,253.4,326.1,194.0,294
26,100058,100234,L23_pyr,basket,L4,204.2,323.8,39.4,699
27,100283,100271,martinotti,martinotti,L5,129.1,506.1,272.6,314
28,100117,100022,L4_exc,L23_pyr,L2/3,144.1,262.0,162.6,81
29,100082,100262,L23_pyr,martinotti,L2/3,124.4,269.8,-19.5,73
30,100272,100169,martinotti,L5_pyr,L5,11.8,518.0,216.9,100
31,100005,100234,L23_pyr,basket,L4,139.2,272.4,1.5,200
32,100250,100149,basket,L4_exc,L4,32.0,313.3,92.8,844
33,100073,100053,L23_pyr,L23_pyr,L2/3,273.4,248.7,210.6,146
34,100217,100230,L5_pyr,basket,L5,189.4,593.2,282.2,169
35,100284,100242,martinotti,,L4,218.5,362.3,250.4,344
36,100134,100266,L4_exc,martinotti,L5,291.2,496.2,123.3,141
37,100162,100171,L5_pyr,L5_pyr,L5,117.6,524.3,245.3,251
38,100075,100270,L23_pyr,martinotti,L5,187.5,481.8,274.1,93
39,100003,100109,L23_pyr,L4_exc,L4,32.7,385.8,188.3,292
40,100155,100074,L4_exc,L23_pyr,L2/3,290.4,203.6,311.8,111
41,100199,100223,L5_pyr,basket,L5,243.6,646.6,253.1,210
42,100202,100210,L5_pyr,L5_pyr,L5,44.0,515.3,233.8,248
43,100013,100146,L23_pyr,L4_exc,L4,25.4,458.7,68.1,259
44,100145,100146,L4_exc,L4_exc,L4,35.3,466.5,43.7,360
45,100083,100248,L23_pyr,basket,L2/3,233.3,309.7,109.4,186
46,100022,100026,L23_pyr,L23_pyr,L2/3,137.1,298.3,305.2,321
47,100172,100285,L5_pyr,martinotti,L5,156.5,691.4,-12.4,307
48,100279,100116,martinotti,L4_exc,L4,107.2,352.6,15.4,267
49,100190,100065,L5_pyr,L23_pyr,L2/3,187.3,182.8,15.0,187
50,100019,100022,L23_pyr,L23_pyr,L2/3,99.2,259.7,110.3,63
51,100162,100163,L5_pyr,L5_pyr,L5,192.2,501.3,155.7,541
52,100185,100204,L5_pyr,L5_pyr,L5,167.3,649.0,45.5,141
53,100117,100299,L4_exc,vip,L4,56.2,317.9,200.1,203
54,100272,100082,martinotti,L23_pyr,L2/3,82.4,231.8,148.8,249
55,100115,100296,L4_exc,vip,L2/3,178.9,265.8,234.4,117
56,100282,100049,martinotti,L23_pyr,L2/3,10.8,137.1,159.2,297
57,100011,100058,L23_pyr,L23_pyr,L2/3,95.6,127.4,118.1,131
58,100096,100151,L4_exc,L4_exc,L4,26.5,421.2,116.3,184
59,100093,100085,L4_exc,L23_pyr,L2/3,16.8,286.1,50.0,168
60,100029,100275,L23_pyr,martinotti,L5,286.6,494.1,210.6,214
61,100159,100188,L4_exc,L5_pyr,L5,270.0,548.8,131.9,172
62,100104,100169,L4_exc,L5_pyr,L5,-0.1,449.3,226.8,95
63,100218,100155,L5_pyr,L4_exc,L4,193.6,421.9,60.8,109
64,100173,100261,L5_pyr,martinotti,L5,156.3,630.0,119.8,98
65,100231,100022,basket,,L2/3,136.8,243.0,92.6,494
66,100214,100161,L5_pyr,L5_pyr,L5,200.6,571.9,179.8,219
67,100152,100061,L4_exc,L23_pyr,L2/3,284.6,258.1,169.2,82
68,100076,100035,L23_pyr,L23_pyr,L2/3,253.8,168.6,266.3,478
69,100283,100174,martinotti,L5_pyr,L5,-18.2,683.1,225.7,908
70,100102,100283,L4_exc,martinotti,L5,19.0,471.8,169.6,262
71,100187,100237,L5_pyr,basket,L5,53.1,497.5,93.2,423
72,100134,100092,L4_exc,L4_exc,L4,239.1,346.4,156.8,328
73,100028,100125,L23_pyr,L4_exc,L4,245.4,376.9,14.8,193
74,100261,100184,martinotti,L5_pyr,L5,113.2,570.9,44.0,201
75,100116,100248,L4_exc,basket,L2/3,234.2,341.6,109.1,257
76,100090,100168,L23_pyr,L5_pyr,L5,71.6,483.9,287.0,199
77,100212,100204,L5_pyr,L5_pyr,L5,192.8,584.3,-13.3,136
78,100276,100092,martinotti,L4_exc,L4,255.1,425.3,125.0,237
79,100106,100232,L4_exc,basket,L2/3,302.5,197.8,99.3,219
80,100237,100236,basket,basket,L4,34.6,417.6,254.4,215
81,100197,100201,L5_pyr,L5_pyr,L5,264.1,545.0,268.2,197
82,100187,100103,L5_pyr,L4_exc,L4,118.8,316.0,277.2,691
83,100183,100181,L5_pyr,L5_pyr,L5,7.8,534.1,189.8,186
84,100179,100143,L5_pyr,L4_exc,L4,40.4,388.9,321.0,294
85,100036,100121,L23_pyr,L4_exc,L4,236.2,324.1,221.3,105
86,100016,100076,L23_pyr,L23_pyr,L2/3,86.7,164.4,201.1,121
87,100006,100123,L23_pyr,L4_exc,L4,198.8,335.9,166.9,155
88,100195,100144,L5_pyr,L4_exc,L4,323.0,345.9,216.0,33
89,100235,100201,basket,L5_pyr,L5,286.0,544.3,273.6,395
90,100170,100229,L5_pyr,basket,L2/3,265.2,262.7,170.5,112
91,100281,100179,martinotti,L5_pyr,L5,186.4,555.1,259.3,338
92,100004,100043,L23_pyr,L23_pyr,L2/3,173.2,107.4,163.2,164
93,100279,100170,martinotti,L5_pyr,L5,111.3,630.2,141.0,165
94,100243,100013,basket,L23_pyr,L2/3,162.7,182.4,30.6,296
95,100133,100277,L4_exc,martinotti,L4,33.8,299.9,134.8,92
96,100022,100297,L23_pyr,vip,L5,336.8,492.0,8.0,163
97,100203,100162,L5_pyr,L5_pyr,L5,34.6,642.2,53.7,172
98,100114,100035,L4_exc,L23_pyr,L2/3,280.9,106.6,253.6,109
99,100002,100033,L23_pyr,L23_pyr,L2/3,95.4,265.3,270.3,110
100,100056,100024,L23_pyr,,L2/3,62.6,185.0,54.0,48
101,100125,100166,L4_exc,L5_pyr,L5,211.3,545.0,40.5,114
102,100183,100164,L5_pyr,L5_pyr,L5,88.9,555.5,95.2,153
103,100205,100146,L5_pyr,L4_exc,L4,29.2,452.1,62.1,157
104,100007,100247,L23_pyr,basket,L2/3,4.7,114.5,9.2,275
105,100300,100085,vip,L23_pyr,L2/3,47.3,249.4,61.3,128
106,100192,100249,L5_pyr,,L4,226.6,431.6,70.9,89
107,100011,100082,L23_pyr,L23_pyr,L2/3,39.9,255.4,125.4,584
108,100105,100123,L4_exc,L4_exc,L4,152.4,325.1,157.0,115
109,100257,100270,basket,martinotti,L5,145.3,489.6,259.8,345
110,100155,100157,L4_exc,L4_exc,L4,184.6,315.5,84.7,79
111,100160,100148,L4_exc,L4_exc,L4,226.5,321.5,180.5,227
112,100083,100111,L23_pyr,L4_exc,L4,18.3,308.8,83.0,105
113,100060,100240,L23_pyr,basket,L5,152.7,448.1,156.8,62
114,100209,100285,L5_pyr,martinotti,L5,194.4,717.8,4.5,241
115,100249,100157,basket,L4_exc,L4,162.1,304.3,23.6,573
116,100076,100052,L23_pyr,L23_pyr,L2/3,318.2,246.6,67.0,198
117,100029,100073,L23_pyr,L23_pyr,L2/3,119.0,212.6,224.4,80
118,100046,100268,L23_pyr,martinotti,L4,125.6,325.6,173.8,168
119,100019,100273,L23_pyr,,L2/3,236.4,157.2,290.1,242
120,100295,100022,vip,L23_pyr,L2/3,144.8,311.5,76.4,279
121,100261,100284,martinotti,martinotti,L5,248.0,523.5,169.3,1005
122,100146,100116,L4_exc,L4_exc,L4,59.2,387.4,19.9,82
123,100169,100134,L5_pyr,L4_exc,L4,219.5,454.8,216.3,225
124,100283,100235,martinotti,basket,L5,39.8,483.9,226.0,272
125,100173,100210,L5_pyr,L5_pyr,L5,47.9,479.9,190.1,132
126,100218,100288,L5_pyr,vip,L5,77.9,460.4,202.6,140
127,100069,100046,L23_pyr,L23_pyr,L2/3,225.8,180.9,135.0,243
128,100202,100222,L5_pyr,basket,L4,299.1,403.2,24.5,208
129,100103,100209,L4_exc,L5_pyr,L5,136.6,634.9,145.0,436
130,100102,100002,L4_exc,L23_pyr,L2/3,45.2,215.1,197.3,180
131,100260,100027,basket,L23_pyr,L2/3,-3.5,297.6,151.5,121
132,100139,100270,L4_exc,martinotti,L5,155.5,538.4,240.8,88
133,100254,100047,basket,L23_pyr,L2/3,107.3,179.5,255.8,231
134,100160,100152,L4_exc,L4_exc,L4,-40.9,366.7,101.0,473
135,100123,100013,L4_exc,L23_pyr,L2/3,118.0,210.4,44.1,269
136,100157,100005,L4_exc,L23_pyr,L2/3,227.2,215.3,111.0,239
137,100219,100297,L5_pyr,vip,L5,282.0,484.2,12.4,839
138,100145,100112,L4_exc,L4_exc,L4,0.5,409.0,18.9,167
139,100175,100154,L5_pyr,L4_exc,L4,154.3,382.4,18.4,28
140,100216,100202,L5_pyr,L5_pyr,L5,126.0,448.3,241.1,181
141,100187,100063,L5_pyr,L23_pyr,L2/3,235.4,94.2,287.8,341
142,100097,100018,L4_exc,L23_pyr,L2/3,328.9,120.5,235.3,153
143,100096,100227,L4_exc,basket,L5,150.1,507.2,-10.8,351
144,100186,100212,L5_pyr,L5_pyr,L5,248.0,519.9,206.1,359
145,100167,100293,L5_pyr,vip,L4,291.3,333.7,213.7,217
146,100070,100299,L23_pyr,vip,L4,10.0,250.6,211.9,153
147,100064,100083,L23_pyr,L23_pyr,L2/3,231.5,224.7,91.6,141
148,100115,100287,L4_exc,vip,L4,250.0,304.9,-51.0,310
149,100182,100162,L5_pyr,L5_pyr,L5,19.0,640.5,137.9,298
150,100243,100202,basket,L5_pyr,L5,64.4,472.6,241.7,113
151,100209,100265,L5_pyr,martinotti,L5,181.9,677.2,-23.7,377
152,100067,100134,L23_pyr,L4_exc,L4,183.6,432.3,245.5,127
153,100250,100012,basket,L23_pyr,L2/3,158.7,127.6,159.7,840
154,100073,100094,L23_pyr,L4_exc,L4,84.0,383.8,268.3,112
155,100190,100111,L5_pyr,L4_exc,L4,-10.1,319.0,138.3,149
156,100171,100252,L5_pyr,basket,L4,49.5,345.5,201.6,189
157,100300,100070,vip,L23_pyr,L2/3,285.0,130.1,325.6,351
158,100166,100224,L5_pyr,basket,L5,96.1,544.8,167.0,121
159,100242,100084,basket,L23_pyr,L2/3,158.8,194.7,9.3,184
160,100035,100046,L23_pyr,L23_pyr,L2/3,214.1,181.9,176.2,383
161,100002,100232,L23_pyr,basket,L2/3,247.9,227.6,130.1,81
162,100206,100275,L5_pyr,martinotti,L5,271.4,478.6,238.1,190
163,100222,100140,basket,L4_exc,L4,57.3,403.0,3.3,624
164,100227,100174,basket,L5_pyr,L5,-51.6,706.8,192.9,373
165,100054,100226,L23_pyr,basket,L4,-9.9,333.6,-8.6,224
166,100176,100188,L5_pyr,L5_pyr,L5,321.1,546.5,141.6,323
167,100127,100225,L4_exc,basket,L4,214.2,383.6,260.3,78
168,100186,100224,L5_pyr,basket,L5,53.7,494.5,120.0,161
169,100136,100042,L4_exc,L23_pyr,L2/3,198.5,226.1,266.7,212
170,100139,100054,L4_exc,L23_pyr,L2/3,157.5,75.8,150.6,297
171,100030,100058,L23_pyr,L23_pyr,L2/3,75.1,187.1,106.0,107
172,100271,100012,martinotti,L23_pyr,L2/3,141.5,106.4,127.3,398
173,100003,100267,L23_pyr,martinotti,L2/3,121.1,137.1,-51.9,252
174,100249,100226,basket,basket,L4,-1.5,378.0,10.9,1150
175,100107,100201,L4_exc,L5_pyr,L5,239.9,544.2,269.7,171
176,100276,100139,martinotti,,L4,280.1,440.4,204.8,699
177,100040,100083,L23_pyr,L23_pyr,L2/3,226.8,282.0,151.0,224
178,100264,100300,martinotti,vip,L2/3,164.8,105.8,105.5,265
179,100024,100015,L23_pyr,L23_pyr,L2/3,213.2,141.3,86.6,159
180,100283,100078,martinotti,L23_pyr,L2/3,154.9,227.7,301.8,132
181,100114,100088,L4_exc,L23_pyr,L2/3,45.8,247.8,174.7,266
182,100078,100119,L23_pyr,L4_exc,L4,244.7,348.2,114.3,176
183,100127,100279,L4_exc,martinotti,L5,111.9,661.5,216.2,329
184,100223,100214,basket,L5_pyr,L5,155.8,538.5,223.0,308
185,100259,100106,basket,L4_exc,L4,240.4,305.8,112.9,135
186,100159,100288,L4_exc,vip,L5,100.4,457.3,193.4,124
187,100136,100108,L4_exc,L4_exc,L4,150.1,361.4,57.9,298
188,100093,100155,L4_exc,L4_exc,L4,226.5,361.7,58.9,268
189,100253,100221,basket,basket,L4,159.8,351.4,108.7,265
190,100078,100266,L23_pyr,martinotti,L5,304.4,458.2,130.4,263
191,100009,100090,L23_pyr,L23_pyr,L2/3,-15.4,269.8,284.1,80
192,100131,100227,L4_exc,basket,L5,130.8,519.0,21.9,309
193,100067,100066,L23_pyr,,L2/3,10.8,287.0,72.5,117
194,100296,100155,vip,,L4,215.9,414.1,-13.4,129
195,100212,100110,L5_pyr,L4_exc,L4,188.4,383.2,149.5,256
196,100238,100112,basket,L4_exc,L4,32.5,408.5,66.5,302
197,100047,100007,L23_pyr,L23_pyr,L2/3,226.6,272.5,111.0,123
198,100136,100220,L4_exc,L5_pyr,L5,251.2,570.2,91.6,266
199,100073,100047,L23_pyr,L23_pyr,L2/3,136.0,187.8,261.8,365
200,100081,100007,L23_pyr,L23_pyr,L2/3,219.9,246.8,82.2,181
201,100050,100156,L23_pyr,L4_exc,L4,123.0,367.9,122.0,163
202,100268,100075,martinotti,L23_pyr,L2/3,130.5,298.1,285.8,127
203,100006,100016,L23_pyr,L23_pyr,L2/3,216.9,272.8,127.0,179
204,100135,100164,L4_exc,L5_pyr,L5,145.3,545.1,122.4,151
205,100201,100169,L5_pyr,L5_pyr,L5,23.8,480.4,266.9,134
206,100186,100227,L5_pyr,basket,L5,103.9,506.2,12.9,115
207,100079,100274,L23_pyr,martinotti,L2/3,223.2,204.4,119.0,48
208,100131,100199,L4_exc,L5_pyr,L5,86.0,683.6,63.1,129
209,100239,100165,basket,L5_pyr,L5,183.1,554.0,236.5,308
210,100243,100280,basket,martinotti,L2/3,135.7,112.1,-25.6,112
211,100014,100090,L23_pyr,L23_pyr,L2/3,-8.5,296.1,268.7,183
212,100164,100219,L5_pyr,L5_pyr,L5,142.2,640.0,91.0,231
213,100246,100076,basket,L23_pyr,L2/3,60.2,188.4,249.4,215
214,100155,100239,L4_exc,basket,L2/3,122.6,162.1,255.2,167
215,100195,100259,L5_pyr,basket,L5,306.8,689.2,190.7,262
216,100280,100164,martinotti,L5_pyr,L5,114.4,536.5,109.9,163
217,100182,100170,L5_pyr,L5_pyr,L5,189.6,661.8,148.3,33
218,100094,100293,L4_exc,vip,L4,331.4,379.3,173.1,215
219,100105,100150,L4_exc,L4_exc,L4,102.5,449.7,127.5,244
220,100247,100010,basket,L23_pyr,L2/3,209.7,156.2,172.9,485
221,100105,100271,L4_exc,martinotti,L5,110.1,512.0,264.4,282
222,100117,100190,L4_exc,L5_pyr,L5,255.5,485.0,207.7,403
223,100017,100063,L23_pyr,L23_pyr,L2/3,253.1,128.1,281.4,113
224,100208,100279,L5_pyr,martinotti,L5,139.2,686.1,178.4,141
225,100135,100276,L4_exc,martinotti,L4,208.6,478.0,43.0,92
226,100268,100078,martinotti,L23_pyr,L2/3,194.8,219.0,269.3,210
227,100124,100202,L4_exc,L5_pyr,L5,77.2,477.6,302.3,82
228,100150,100129,L4_exc,,L4,232.5,428.9,116.5,116
229,100222,100005,basket,L23_pyr,L2/3,236.9,206.4,117.1,310
230,100281,100283,martinotti,martinotti,L5,37.9,465.1,190.6,243
231,100108,100099,L4_exc,L4_exc,L4,102.7,461.2,299.4,123
232,100276,100145,martinotti,L4_exc,L4,143.6,282.5,17.2,241
233,100070,100074,L23_pyr,L23_pyr,L2/3,225.0,216.8,288.3,128
234,100254,100082,basket,L23_pyr,L2/3,103.7,228.2,179.1,297
235,100196,100019,L5_pyr,L23_pyr,L2/3,166.9,168.5,320.2,236
236,100016,100291,L23_pyr,vip,L4,301.6,385.6,86.5,644
237,100034,100005,L23_pyr,L23_pyr,L2/3,211.9,256.3,149.9,219
238,100149,100059,L4_exc,L23_pyr,L2/3,45.4,172.5,282.0,457
239,100229,100070,basket,L23_pyr,L2/3,267.9,173.0,250.9,276
240,100206,100268,L5_pyr,martinotti,L4,176.4,333.6,164.5,180
241,100223,100023,basket,L23_pyr,L2/3,307.9,268.4,157.0,145
242,100191,100242,L5_pyr,basket,L4,222.4,357.4,272.3,559
243,100209,100270,L5_pyr,martinotti,L5,167.0,526.9,333.8,326
244,100058,100239,L23_pyr,basket,L2/3,136.8,145.3,302.8,123
245,100287,100264,vip,martinotti,L2/3,184.9,237.0,20.4,187
246,100264,100184,martinotti,L5_pyr,L5,97.9,544.9,30.9,266
247,100124,100076,L4_exc,L23_pyr,L2/3,77.0,173.8,181.8,199
248,100169,100215,L5_pyr,L5_pyr,L5,-14.5,552.0,255.9,231
249,100238,100127,basket,L4_exc,L4,160.3,352.6,-13.5,87
250,100182,100228,L5_pyr,basket,L5,150.1,682.7,68.9,92
251,100123,100035,L4_exc,L23_pyr,L2/3,277.7,131.4,274.1,164
252,100218,100181,L5_pyr,L5_pyr,L5,116.8,523.6,168.6,174
253,100086,100088,L23_pyr,L23_pyr,L2/3,88.1,208.8,188.6,319
254,100071,100086,L23_pyr,L23_pyr,L2/3,159.3,277.3,122.9,165
255,100093,100041,L4_exc,L23_pyr,L2/3,20.6,285.4,246.6,75
256,100120,100254,L4_exc,basket,L4,255.8,402.7,178.4,121
257,100068,100236,L23_pyr,basket,L4,75.1,362.0,250.9,135
258,100102,100154,L4_exc,L4_exc,L4,131.7,379.6,-26.0,215
259,100117,100221,L4_exc,basket,L4,202.5,368.6,96.6,241
260,100036,100008,L23_pyr,L23_pyr,L2/3,155.3,200.4,200.5,140
261,100104,100122,L4_exc,L4_exc,L4,285.1,412.8,46.7,363
262,100084,100157,L23_pyr,L4_exc,L4,187.2,292.0,10.8,519
263,100078,100045,L23_pyr,L23_pyr,L2/3,30.7,120.3,291.5,59
264,100128,100298,L4_exc,vip,L4,259.3,337.4,250.4,267
265,100013,100107,L23_pyr,L4_exc,L4,81.9,315.0,75.6,313
266,100160,100127,L4_exc,L4_exc,L4,178.9,347.7,81.2,136
267,100212,100148,L5_pyr,L4_exc,L4,179.2,323.8,160.2,202
268,100288,100050,vip,L23_pyr,L2/3,33.7,163.8,74.2,231
269,100070,100170,L23_pyr,L5_pyr,L5,215.9,651.2,138.8,170
270,100276,100171,martinotti,L5_pyr,L5,144.4,495.6,248.5,180
271,100269,100101,martinotti,L4_exc,L4,272.8,327.9,91.0,479
272,100119,100113,L4_exc,L4_exc,L4,85.8,415.8,172.5,111
273,100128,100293,L4_exc,vip,L4,298.0,367.5,175.8,171
274,100108,100034,L4_exc,L23_pyr,L2/3,269.0,275.1,180.1,82
275,100299,100268,vip,martinotti,L4,168.8,311.3,187.4,299
276,100194,100250,L5_pyr,basket,L4,280.4,323.4,190.7,297
277,100072,100053,L23_pyr,L23_pyr,L2/3,240.2,275.3,196.5,179
278,100109,100022,L4_exc,L23_pyr,L2/3,113.2,272.0,54.2,171
279,100271,100067,martinotti,L23_pyr,L2/3,63.7,284.6,111.3,419
280,100066,100082,L23_pyr,L23_pyr,L2/3,10.4,257.4,126.6,181
281,100149,100295,L4_exc,vip,L2/3,59.8,300.3,109.3,155
282,100030,100266,L23_pyr,martinotti,L5,288.3,424.6,86.4,55
283,100244,100080,basket,L23_pyr,L2/3,139.0,157.5,213.0,528
284,100104,100186,L4_exc,,L5,98.0,641.4,172.1,277
285,100290,100260,vip,basket,L4,193.5,369.9,324.6,456
286,100169,100125,L5_pyr,L4_exc,L4,148.7,419.0,12.0,125
287,100232,100097,basket,L4_exc,L4,106.9,288.5,70.5,128
288,100045,100206,L23_pyr,L5_pyr,L5,128.1,476.9,113.6,171
289,100170,100207,L5_pyr,L5_pyr,L5,-5.7,608.1,81.8,255
290,100150,100113,L4_exc,L4_exc,L4,69.8,360.1,106.8,325
291,100059,100076,L23_pyr,L23_pyr,L2/3,29.4,223.4,219.5,75
292,100124,100169,L4_exc,L5_pyr,L5,3.6,507.9,200.3,137
293,100216,100284,L5_pyr,martinotti,L5,205.1,561.0,165.0,304
294,100170,100299,L5_pyr,vip,L4,33.8,274.7,194.3,71
295,100284,100200,martinotti,,L5,42.7,604.0,244.1,172
296,100129,100248,L4_exc,basket,L2/3,190.5,347.7,109.9,132
297,100032,100247,L23_pyr,basket,L2/3,-5.1,109.3,-15.9,56
298,100041,100256,L23_pyr,basket,L2/3,-0.8,241.1,284.2,332
299,100082,100234,L23_pyr,basket,L4,170.4,308.6,43.5,235
300,100270,100149,martinotti,L4_exc,L4,-26.6,332.6,36.4,416
301,100033,100153,L23_pyr,L4_exc,L4,76.2,347.6,240.3,215
302,100142,100116,L4_exc,L4_exc,L4,106.1,371.5,23.5,110
303,100267,100112,martinotti,L4_exc,L4,-7.5,409.6,46.9,197
304,100205,100220,L5_pyr,L5_pyr,L5,233.3,587.6,143.3,116
305,100260,100111,basket,L4_exc,L4,42.0,327.9,89.9,121
306,100239,100245,basket,basket,L2/3,81.7,265.9,254.9,324
307,100232,100010,basket,L23_pyr,L2/3,243.4,165.0,180.8,663
308,100088,100143,L23_pyr,L4_exc,L4,33.2,371.6,311.0,78
309,100227,100169,basket,L5_pyr,L5,48.1,485.1,215.1,287
310,100039,100276,L23_pyr,martinotti,L4,229.9,465.0,55.9,178
311,100233,100281,basket,martinotti,L4,6.2,419.4,171.7,356
312,100053,100130,L23_pyr,L4_exc,L4,256.7,341.2,258.4,69
313,100083,100299,L23_pyr,vip,L4,-22.4,309.2,188.7,217
314,100053,100025,L23_pyr,L23_pyr,L2/3,95.3,195.3,133.1,99
315,100137,100202,L4_exc,L5_pyr,L5,81.8,501.7,282.5,49
316,100280,100069,martinotti,L23_pyr,L2/3,195.7,142.4,245.3,1057
317,100098,100238,L4_exc,basket,L4,118.8,427.3,284.9,184
318,100214,100219,L5_pyr,L5_pyr,L5,149.5,626.3,144.8,254
319,100086,100226,L23_pyr,basket,L4,-20.5,344.1,22.0,158
320,100075,100067,L23_pyr,L23_pyr,L2/3,106.0,231.2,124.8,71
321,100120,100269,L4_exc,martinotti,L5,-44.9,461.0,240.8,448
322,100278,100239,martinotti,basket,L2/3,78.6,166.5,288.9,182
323,100043,100126,L23_pyr,L4_exc,L4,47.0,416.3,-3.2,153
324,100044,100043,L23_pyr,L23_pyr,L2/3,213.6,151.0,135.2,50
325,100078,100239,L23_pyr,basket,L2/3,114.9,88.6,261.0,162
326,100271,100200,martinotti,L5_pyr,L5,35.6,621.1,288.7,176
327,100151,100263,L4_exc,martinotti,L4,21.8,382.5,195.3,183
328,100111,100248,L4_exc,basket,L2/3,240.1,294.0,83.1,375
329,100071,100124,L23_pyr,L4_exc,L4,51.7,300.6,124.7,106
330,100131,100232,L4_exc,basket,L2/3,253.8,223.4,76.0,169
331,100219,100210,L5_pyr,L5_pyr,L5,5.0,541.1,216.5,107
332,100063,100066,L23_pyr,L23_pyr,L2/3,46.0,288.8,80.7,313
333,100117,100033,L4_exc,L23_pyr,L2/3,3.1,264.4,240.5,77
334,100049,100155,L23_pyr,L4_exc,L4,249.8,394.4,43.5,139
335,100268,100038,martinotti,L23_pyr,L2/3,44.9,294.2,127.1,243
336,100136,100159,L4_exc,L4_exc,L4,280.9,296.7,316.3,83
337,100296,100166,vip,L5_pyr,L5,143.4,544.1,61.7,462
338,100132,100144,L4_exc,L4_exc,L4,248.7,383.2,265.1,222
339,100282,100050,martinotti,L23_pyr,L2/3,106.5,222.9,127.0,136
340,100287,100229,vip,basket,L2/3,269.9,240.2,211.8,445
341,100135,100140,L4_exc,L4_exc,L4,71.0,381.1,11.8,169
342,100023,100061,L23_pyr,L23_pyr,L2/3,336.3,247.6,166.7,139
343,100170,100294,L5_pyr,vip,L5,233.0,564.1,268.5,112
344,100249,100150,basket,L4_exc,L4,57.7,449.1,149.0,159
345,100092,100168,L4_exc,L5_pyr,L5,18.9,528.2,297.5,244
346,100209,100154,L5_pyr,L4_exc,L4,101.2,360.1,45.7,308
347,100012,100212,L23_pyr,L5_pyr,L5,224.4,539.6,177.8,293
348,100158,100191,L4_exc,L5_pyr,L5,170.4,550.9,318.1,122
349,100185,100212,L5_pyr,L5_pyr,L5,238.4,551.0,217.4,78
350,100001,100185,L23_pyr,L5_pyr,L5,299.6,703.3,247.2,147
351,100020,100132,L23_pyr,L4_exc,L4,287.9,441.9,94.7,63
352,100012,100089,L23_pyr,L23_pyr,L2/3,72.0,70.1,186.5,115
353,100099,100240,L4_exc,basket,L5,170.8,422.4,145.0,359
354,100237,100190,basket,,L5,272.2,446.6,233.7,196
355,100297,100095,vip,L4_exc,L4,175.5,388.5,208.0,888
356,100173,100217,L5_pyr,L5_pyr,L5,88.8,554.4,173.3,187
357,100099,100293,L4_exc,vip,L4,291.7,394.7,163.5,138
358,100180,100125,L5_pyr,L4_exc,L4,189.6,413.2,-2.9,286
359,100234,100094,basket,L4_exc,L4,79.5,341.8,321.0,260
360,100271,100155,martinotti,L4_exc,L4,232.0,340.1,3.1,667
361,100189,100126,L5_pyr,L4_exc,L4,89.8,422.3,-45.8,376
362,100258,100100,basket,L4_exc,L4,306.6,322.1,240.7,241
363,100274,100276,martinotti,martinotti,L4,194.3,435.0,63.9,190
364,100119,100297,L4_exc,vip,L5,258.2,525.5,-7.1,108
365,100110,100230,L4_exc,basket,L5,140.2,643.0,301.1,255
366,100104,100021,L4_exc,L23_pyr,L2/3,111.9,196.2,82.5,213
367,100072,100231,L23_pyr,basket,L2/3,102.5,275.5,84.8,267
368,100173,100279,L5_pyr,martinotti,L5,134.2,678.5,154.7,126
369,100026,100212,L23_pyr,L5_pyr,L5,197.6,583.0,222.3,151
370,100094,100272,L4_exc,martinotti,L2/3,61.3,257.1,170.5,238
371,100137,100114,L4_exc,L4_exc,L4,65.9,353.6,316.6,141
372,100267,100036,martinotti,L23_pyr,L2/3,175.3,188.5,-35.8,520
373,100159,100073,L4_exc,L23_pyr,L2/3,116.4,326.2,208.1,265
374,100015,100221,L23_pyr,basket,L4,213.9,405.1,96.4,179
375,100286,100084,vip,L23_pyr,L2/3,117.1,235.5,1.2,781
376,100209,100181,L5_pyr,L5_pyr,L5,92.5,480.4,240.0,612
377,100136,100225,L4_exc,basket,L4,226.3,422.0,310.7,68
378,100272,100237,martinotti,basket,L5,69.2,498.2,106.4,292
379,100023,100229,L23_pyr,basket,L2/3,324.1,242.9,190.5,103
380,100136,100104,L4_exc,L4_exc,L4,46.5,444.8,318.0,225
381,100051,100245,L23_pyr,basket,L2/3,37.2,275.4,262.2,128
382,100159,100142,L4_exc,L4_exc,L4,294.9,403.6,66.9,74
383,100210,100298,L5_pyr,vip,L4,256.2,294.6,285.1,546
384,100230,100035,basket,L23_pyr,L2/3,280.7,105.6,243.5,160
385,100015,100075,L23_pyr,L23_pyr,L2/3,98.7,291.8,244.6,132
386,100042,100242,L23_pyr,basket,L4,221.1,343.5,236.0,135
387,100288,100113,vip,L4_exc,L4,103.2,399.4,116.8,269
388,100251,100178,basket,L5_pyr,L5,264.9,571.3,131.1,136
389,100230,100253,basket,basket,L2/3,245.1,209.9,195.5,744
390,100247,100004,basket,L23_pyr,L2/3,47.5,127.4,76.0,230
391,100252,100202,basket,L5_pyr,L5,117.7,404.2,260.1,88
392,100213,100227,L5_pyr,basket,L5,174.2,442.1,6.5,109
393,100248,100096,basket,L4_exc,L4,39.5,300.3,182.8,367
394,100172,100219,L5_pyr,L5_pyr,L5,146.5,592.2,149.9,111
395,100010,100095,L23_pyr,L4_exc,L4,174.1,427.1,262.1,215
396,100297,100281,vip,martinotti,L4,53.8,436.3,173.8,1004
397,100258,100247,basket,basket,L2/3,9.5,135.5,7.9,182
398,100274,100226,martinotti,basket,L4,-26.4,333.1,5.1,221
399,100173,100221,L5_pyr,basket,L4,126.6,379.5,93.6,146
400,100228,100268,basket,martinotti,L4,96.1,358.8,119.4,216
401,100131,100205,L4_exc,L5_pyr,L5,85.6,620.2,81.2,118
402,100087,100189,L23_pyr,L5_pyr,L5,9.2,509.9,202.7,409
403,100214,100119,L5_pyr,L4_exc,L4,264.6,380.6,114.5,123
404,100204,100165,L5_pyr,L5_pyr,L5,155.3,499.8,246.3,196
405,100044,100070,L23_pyr,L23_pyr,L2/3,352.5,182.6,284.1,218
406,100208,100241,L5_pyr,basket,L5,234.6,692.7,243.5,229
407,100223,100272,basket,martinotti,L2/3,81.4,187.6,221.1,130
408,100160,100196,L4_exc,L5_pyr,L5,44.7,655.1,173.9,224
409,100179,100184,L5_pyr,L5_pyr,L5,108.8,515.2,83.2,284
410,100006,100262,L23_pyr,martinotti,L2/3,172.9,294.4,23.0,106
411,100135,100069,L4_exc,L23_pyr,L2/3,157.0,123.0,303.0,106
412,100049,100112,L23_pyr,L4_exc,L4,-23.8,405.3,61.7,63
413,100070,100234,L23_pyr,basket,L4,159.6,328.7,13.6,293
414,100093,100197,L4_exc,L5_pyr,L5,110.2,609.8,111.2,42
415,100264,100252,martinotti,basket,L4,71.5,400.9,198.1,415
416,100233,100264,basket,martinotti,L2/3,153.0,229.1,7.0,254
417,100225,100250,basket,basket,L4,216.6,326.6,189.4,494
418,100230,100185,basket,L5_pyr,L5,223.0,643.6,225.6,767
419,100028,100253,L23_pyr,basket,L2/3,240.2,200.4,147.4,279
420,100009,100058,L23_pyr,L23_pyr,L2/3,79.7,180.3,152.4,115
421,100043,100151,L23_pyr,L4_exc,L4,-7.3,426.9,46.8,285
422,100108,100242,L4_exc,basket,L4,189.6,342.8,286.3,74
423,100033,100202,L23_pyr,L5_pyr,L5,97.3,527.8,291.2,203
424,100265,100234,martinotti,basket,L4,207.2,365.8,77.7,305
425,100091,100220,L4_exc,L5_pyr,L5,276.2,578.9,162.3,48
426,100181,100113,L5_pyr,L4_exc,L4,67.5,374.3,136.8,172
427,100257,100025,basket,L23_pyr,L2/3,152.8,289.7,178.8,240
428,100002,100254,L23_pyr,basket,L4,319.8,421.7,189.0,147
429,100203,100245,L5_pyr,basket,L2/3,22.5,295.1,232.2,148
430,100214,100170,L5_pyr,L5_pyr,L5,174.7,583.6,138.0,216
431,100023,100051,L23_pyr,L23_pyr,L2/3,21.5,167.5,149.6,134
432,100287,100078,vip,L23_pyr,L2/3,198.0,227.1,247.3,1042
433,100070,100224,L23_pyr,basket,L5,83.7,507.4,151.4,496
434,100018,100251,L23_pyr,basket,L2/3,259.3,138.2,203.4,162
435,100083,100138,L23_pyr,L4_exc,L4,272.3,355.1,166.9,173
436,100184,100288,L5_pyr,vip,L5,75.6,434.7,151.2,252
437,100256,100068,basket,L23_pyr,L2/3,51.7,111.7,185.2,132
438,100069,100295,L23_pyr,vip,L2/3,100.7,296.9,151.8,320
439,100223,100281,basket,martinotti,L4,-31.9,435.8,148.0,403
440,100168,100082,L5_pyr,L23_pyr,L2/3,94.8,257.2,102.3,277
441,100051,100269,L23_pyr,martinotti,L5,17.7,548.3,273.7,149
442,100217,100168,L5_pyr,L5_pyr,L5,48.2,503.0,242.3,201
443,100058,100038,L23_pyr,,L2/3,114.6,291.3,78.5,167
444,100207,100186,L5_pyr,L5_pyr,L5,102.0,633.0,178.4,112
445,100139,100101,L4_exc,L4_exc,L4,295.6,370.2,108.5,665
446,100145,100194,L4_exc,L5_pyr,L5,252.6,561.4,88.6,501
447,100032,100059,L23_pyr,L23_pyr,L2/3,55.5,131.2,244.2,255
448,100084,100050,L23_pyr,L23_pyr,L2/3,38.7,190.2,66.1,203
449,100132,100011,L4_exc,L23_pyr,L2/3,-7.4,139.4,-6.7,474
450,100286,100128,vip,L4_exc,L4,313.3,333.2,163.0,969
451,100272,100054,martinotti,L23_pyr,L2/3,105.3,126.9,132.0,179
452,100049,100240,L23_pyr,basket,L5,91.7,426.1,137.0,204
453,100025,100282,L23_pyr,martinotti,L2/3,1.2,170.9,113.4,91
454,100076,100042,L23_pyr,L23_pyr,L2/3,169.5,208.1,260.2,118
455,100191,100271,L5_pyr,martinotti,L5,94.3,490.9,298.6,434
456,100235,100283,basket,martinotti,L5,70.8,508.8,138.9,517
457,100297,100190,vip,L5_pyr,L5,304.5,475.2,198.4,122
458,100165,100040,L5_pyr,L23_pyr,L2/3,243.1,113.1,179.5,378
459,100119,100092,L4_exc,L4_exc,L4,224.0,414.3,118.3,184
460,100052,100019,L23_pyr,L23_pyr,L2/3,113.9,197.4,334.1,253
461,100232,100192,basket,L5_pyr,L5,-9.2,591.3,90.8,165
462,100158,100277,L4_exc,martinotti,L4,-7.4,279.5,158.6,329
463,100279,100150,martinotti,,L4,138.0,420.3,163.4,498
464,100027,100295,L23_pyr,vip,L2/3,107.5,297.5,172.4,380
465,100270,100167,martinotti,L5_pyr,L5,275.5,519.7,225.0,340
466,100195,100206,L5_pyr,L5_pyr,L5,180.7,465.8,123.2,141
467,100134,100293,L4_exc,vip,L4,294.2,352.8,187.5,168
468,100092,100187,L4_exc,L5_pyr,L5,1.3,671.3,41.4,141
469,100209,100192,L5_pyr,L5_pyr,L5,10.3,623.7,109.6,234
470,100026,100047,L23_pyr,L23_pyr,L2/3,102.0,211.9,236.8,212
471,100210,100090,L5_pyr,L23_pyr,L2/3,22.3,276.6,293.3,147
472,100033,100296,L23_pyr,vip,L2/3,189.5,268.0,212.4,86
473,100186,100133,L5_pyr,L4_exc,L4,7.4,447.0,37.1,200
474,100273,100045,martinotti,L23_pyr,L2/3,-34.4,171.7,271.3,315
475,100216,100073,L5_pyr,,L2/3,158.5,244.0,221.0,141
476,100242,100100,basket,L4_exc,L4,297.5,352.9,304.0,335
477,100171,100227,L5_pyr,basket,L5,140.3,526.2,-58.5,247
478,100170,100269,L5_pyr,martinotti,L5,23.0,492.1,242.8,145
479,100228,100200,basket,L5_pyr,L5,17.3,573.5,321.8,682
480,100236,100253,basket,basket,L2/3,232.8,232.3,138.8,437
481,100109,100292,L4_exc,vip,L2/3,22.2,268.7,263.8,152
482,100275,100051,martinotti,L23_pyr,L2/3,17.9,120.7,223.1,169
483,100200,100057,L5_pyr,L23_pyr,L2/3,95.1,149.7,237.0,198
484,100183,100142,L5_pyr,L4_exc,L4,304.8,316.1,51.7,79
485,100055,100129,L23_pyr,L4_exc,L4,167.5,390.4,132.7,184
486,100159,100078,L4_exc,L23_pyr,L2/3,136.0,271.1,286.4,475
487,100022,100241,L23_pyr,basket,L5,224.4,684.9,225.8,108
488,100169,100236,L5_pyr,basket,L4,33.9,393.2,258.2,200
489,100273,100169,martinotti,L5_pyr,L5,32.1,468.8,242.1,135
490,100049,100084,L23_pyr,L23_pyr,L2/3,153.9,164.0,51.9,209
491,100237,100188,basket,L5_pyr,L5,244.7,563.8,182.2,335
492,100157,100293,L4_exc,vip,L4,353.4,387.8,167.8,603
493,100121,100050,L4_exc,L23_pyr,L2/3,15.4,217.3,98.6,310
494,100005,100010,L23_pyr,L23_pyr,L2/3,250.1,204.3,182.4,147
495,100285,100234,martinotti,basket,L4,179.3,321.2,6.6,182
496,100208,100259,L5_pyr,basket,L5,237.0,713.2,201.9,155
497,100159,100114,L4_exc,L4_exc,L4,89.5,333.1,295.6,125
498,100052,100203,L23_pyr,L5_pyr,L5,244.7,473.6,59.5,196
499,100185,100128,L5_pyr,L4_exc,L4,289.1,332.4,194.2,84
500,100176,100287,L5_pyr,vip,L4,188.9,352.5,-4.9,78
501,100134,100194,L4_exc,L5_pyr,L5,229.6,502.9,125.9,137
502,100244,100076,basket,L23_pyr,L2/3,98.5,175.8,221.9,598
503,100010,100224,L23_pyr,basket,L5,7.3,524.6,171.9,120
504,100115,100015,L4_exc,L23_pyr,L2/3,191.7,164.3,91.9,139
505,100245,100055,basket,L23_pyr,L2/3,62.2,114.4,231.6,123
506,100113,100250,L4_exc,basket,L4,221.0,335.9,180.1,105
507,100184,100218,L5_pyr,L5_pyr,L5,253.6,493.6,6.5,245
508,100194,100052,L5_pyr,,L2/3,277.7,274.7,121.8,109
509,100201,100275,L5_pyr,martinotti,L5,315.5,479.2,221.4,133
510,100221,100162,basket,L5_pyr,L5,7.6,652.9,56.7,163
511,100028,100035,L23_pyr,L23_pyr,L2/3,292.7,105.8,282.4,298
512,100279,100219,martinotti,L5_pyr,L5,146.5,614.2,110.6,137
513,100187,100013,L5_pyr,,L2/3,112.5,187.6,50.5,362
514,100155,100121,L4_exc,L4_exc,L4,257.7,332.8,217.1,40
515,100150,100197,L4_exc,L5_pyr,L5,144.2,620.4,66.5,189
516,100112,100161,L4_exc,L5_pyr,L5,179.7,534.1,219.6,124
517,100154,100103,L4_exc,L4_exc,L4,96.9,313.0,265.3,261
518,100212,100250,L5_pyr,basket,L4,232.3,312.2,172.5,460
519,100188,100252,L5_pyr,basket,L4,82.4,375.6,154.8,268
520,100233,100128,basket,L4_exc,L4,266.4,255.3,142.5,439
521,100184,100284,L5_pyr,martinotti,L5,209.6,542.8,174.1,395
522,100121,100120,L4_exc,L4_exc,L4,234.8,407.2,131.3,631
523,100078,100179,L23_pyr,L5_pyr,L5,154.2,490.7,273.4,155
524,100237,100213,basket,L5_pyr,L5,75.2,475.1,129.9,140
525,100021,100091,L23_pyr,L4_exc,L4,271.0,476.3,246.2,209
526,100282,100028,martinotti,L23_pyr,L2/3,60.0,126.3,110.5,211
527,100183,100203,L5_pyr,L5_pyr,L5,247.1,507.3,65.1,319
528,100131,100230,L4_exc,basket,L5,148.2,637.7,303.0,169
529,100080,100246,L23_pyr,basket,L2/3,152.7,125.6,82.4,129
530,100108,100172,L4_exc,L5_pyr,L5,256.6,658.1,105.1,305
531,100256,100012,basket,L23_pyr,L2/3,132.9,140.1,197.9,130
532,100079,100244,L23_pyr,basket,L2/3,36.5,276.0,102.7,252
533,100056,100122,L23_pyr,L4_exc,L4,257.6,347.2,39.9,370
534,100169,100240,L5_pyr,basket,L5,159.1,446.2,158.6,77
535,100083,100254,L23_pyr,basket,L4,244.4,404.1,203.6,171
536,100164,100259,L5_pyr,basket,L5,297.9,700.2,192.2,130
537,100282,100151,martinotti,L4_exc,L4,-28.9,409.0,72.6,119
538,100228,100285,basket,martinotti,L5,133.7,701.6,4.3,251
539,100102,100276,L4_exc,martinotti,L4,212.7,446.7,43.7,391
540,100120,100047,L4_exc,L23_pyr,L2/3,64.7,215.0,304.5,176
541,100284,100139,martinotti,L4_exc,L4,285.0,444.9,154.8,406
542,100279,100175,martinotti,L5_pyr,L5,204.3,671.1,151.1,235
543,100209,100214,L5_pyr,L5_pyr,L5,104.1,537.4,193.7,145
544,100238,100262,basket,martinotti,L2/3,159.4,246.8,96.4,159
545,100189,100116,L5_pyr,L4_exc,L4,76.0,378.2,53.5,263
546,100100,100201,L4_exc,L5_pyr,L5,251.8,512.1,239.9,45
547,100261,100136,martinotti,L4_exc,L4,289.4,382.6,227.3,394
548,100067,100236,L23_pyr,basket,L4,49.8,404.6,265.3,85
549,100283,100270,martinotti,martinotti,L5,153.5,526.6,306.5,524
550,100159,100074,L4_exc,L23_pyr,L2/3,263.6,227.3,269.1,362
551,100078,100260,L23_pyr,basket,L4,106.3,355.1,236.8,98
552,100099,100124,L4_exc,L4_exc,L4,43.8,300.3,154.3,157
553,100045,100117,L23_pyr,L4_exc,L4,62.3,376.1,186.3,197
554,100151,100215,L4_exc,L5_pyr,L5,-18.8,589.0,271.7,102
555,100182,100285,L5_pyr,martinotti,L5,148.3,701.6,14.5,102
556,100139,100229,L4_exc,basket,L2/3,335.2,226.1,170.3,278
557,100022,100143,L23_pyr,L4_exc,L4,9.5,379.0,306.4,272
558,100031,100155,L23_pyr,L4_exc,L4,178.1,325.5,41.9,86
559,100170,100228,L5_pyr,basket,L5,157.5,677.7,30.6,99
560,100224,100202,basket,L5_pyr,L5,110.3,462.0,303.3,83
561,100116,100235,L4_exc,basket,L5,0.6,483.3,221.2,102
562,100271,100183,martinotti,L5_pyr,L5,143.4,495.9,209.8,349
563,100254,100039,basket,L23_pyr,L2/3,300.3,228.6,214.9,156
564,100130,100242,L4_exc,basket,L4,189.2,327.5,256.4,99
565,100252,100080,basket,L23_pyr,L2/3,119.8,182.0,207.6,121
566,100089,100155,L23_pyr,L4_exc,L4,216.7,393.4,79.2,890
567,100065,100262,L23_pyr,martinotti,L2/3,152.2,228.0,41.7,378
568,100067,100229,L23_pyr,basket,L2/3,290.9,227.3,138.9,144
569,100044,100194,L23_pyr,L5_pyr,L5,153.6,547.9,142.9,148
570,100246,100046,basket,L23_pyr,L2/3,238.0,177.9,179.1,137
571,100171,100252,L5_pyr,basket,L4,97.0,295.3,174.6,296
572,100298,100044,vip,L23_pyr,L2/3,245.8,175.7,184.5,424
573,100148,100296,L4_exc,vip,L2/3,146.4,210.5,196.7,144
574,100070,100088,L23_pyr,L23_pyr,L2/3,78.7,279.7,196.4,84
575,100178,100206,L5_pyr,L5_pyr,L5,125.2,469.8,144.4,162
576,100116,100023,L4_exc,L23_pyr,L2/3,322.8,223.6,239.5,177
577,100082,100226,L23_pyr,basket,L4,13.4,335.5,-13.9,212
578,100131,100107,L4_exc,L4_exc,L4,130.2,313.0,113.4,197
579,100061,100238,L23_pyr,basket,L4,80.4,404.6,266.1,195
580,100055,100229,L23_pyr,basket,L2/3,304.4,247.9,147.4,196
581,100004,100127,L23_pyr,L4_exc,L4,137.2,377.5,63.0,111
582,100064,100045,L23_pyr,L23_pyr,L2/3,-21.5,171.4,322.4,135
583,100296,100013,vip,L23_pyr,L2/3,146.8,214.2,41.5,203
584,100234,100097,basket,L4_exc,L4,141.3,317.9,77.3,119
585,100045,100052,L23_pyr,L23_pyr,L2/3,288.0,263.2,102.3,270
586,100183,100221,L5_pyr,basket,L4,168.8,368.2,114.7,164
587,100054,100293,L23_pyr,vip,L4,320.7,316.1,203.0,544
588,100024,100290,L23_pyr,vip,L5,22.8,502.9,161.6,857
589,100240,100193,basket,L5_pyr,L5,272.7,659.7,279.2,331
590,100038,100140,L23_pyr,L4_exc,L4,8.5,405.0,22.8,282
591,100262,100253,martinotti,basket,L2/3,259.2,171.4,177.4,469
592,100145,100030,L4_exc,L23_pyr,L2/3,260.5,228.3,-4.1,170
593,100025,100295,L23_pyr,vip,L2/3,-1.8,268.3,109.2,130
594,100010,100157,L23_pyr,L4_exc,L4,203.9,286.6,80.1,261
595,100170,100092,L5_pyr,,L4,285.4,383.4,119.3,145
596,100017,100244,L23_pyr,basket,L2/3,12.3,257.5,117.0,313
597,100152,100076,L4_exc,L23_pyr,L2/3,43.1,168.7,222.2,164
598,100157,100258,L4_exc,basket,L2/3,189.2,156.2,37.9,148
599,100222,100288,basket,vip,L5,81.1,457.4,163.5,338
600,100253,100103,basket,L4_exc,L4,142.0,288.6,275.4,492
601,100127,100248,L4_exc,basket,L2/3,257.4,294.9,80.9,80
602,100005,100054,L23_pyr,L23_pyr,L2/3,157.3,128.9,96.7,226
603,100248,100275,basket,martinotti,L5,226.1,464.3,224.1,466
604,100052,100128,L23_pyr,L4_exc,L4,263.8,317.6,171.0,310
605,100173,100165,L5_pyr,L5_pyr,L5,144.7,491.4,218.4,146
606,100241,100125,basket,L4_exc,L4,171.4,410.6,-10.4,290
607,100167,100223,L5_pyr,basket,L5,291.1,686.2,243.8,434
608,100114,100252,L4_exc,basket,L4,67.0,286.7,179.4,347
609,100035,100122,L23_pyr,L4_exc,L4,269.3,359.9,67.0,141
610,100072,100229,L23_pyr,basket,L2/3,300.9,197.4,143.3,162
611,100176,100222,L5_pyr,basket,L4,297.5,377.2,49.3,200
612,100005,100056,L23_pyr,L23_pyr,L2/3,75.9,134.6,213.8,52
613,100242,100181,basket,L5_pyr,L5,48.2,486.3,185.2,371
614,100228,100112,basket,L4_exc,L4,41.3,408.6,24.4,271
615,100181,100107,L5_pyr,L4_exc,L4,54.9,279.0,95.7,111
616,100110,100209,L4_exc,L5_pyr,L5,86.3,602.7,162.3,112
617,100039,100056,L23_pyr,L23_pyr,L2/3,64.7,187.8,294.5,201
618,100137,100209,L4_exc,L5_pyr,L5,111.1,599.4,209.4,122
619,100218,100126,L5_pyr,L4_exc,L4,30.0,424.4,7.6,156
620,100160,100240,L4_exc,basket,L5,107.0,414.9,137.2,205
621,100177,100200,L5_pyr,L5_pyr,L5,34.9,573.9,281.6,134
622,100022,100106,L23_pyr,L4_exc,L4,166.0,326.0,71.0,114
623,100190,100263,L5_pyr,martinotti,L4,-1.0,348.2,131.5,272
624,100200,100109,L5_pyr,L4_exc,L4,33.2,334.5,214.4,264
625,100021,100093,L23_pyr,L4_exc,L4,197.3,381.9,79.9,204
626,100229,100266,basket,martinotti,L5,300.6,513.0,128.1,140
627,100119,100213,L4_exc,L5_pyr,L5,44.2,427.0,75.4,209
628,100284,100171,martinotti,L5_pyr,L5,96.8,471.2,244.4,260
629,100053,100279,L23_pyr,martinotti,L5,133.1,680.4,227.1,221
630,100098,100265,L4_exc,martinotti,L5,226.3,710.9,11.5,64
631,100071,100001,L23_pyr,L23_pyr,L2/3,96.9,251.3,-9.9,152
632,100181,100164,L5_pyr,L5_pyr,L5,128.0,475.5,82.7,191
633,100279,100195,martinotti,L5_pyr,L5,81.4,670.3,193.3,89
634,100261,100014,martinotti,L23_pyr,L2/3,40.8,271.9,194.0,116
635,100023,100271,L23_pyr,martinotti,L5,90.5,503.4,269.4,173
636,100107,100157,L4_exc,L4_exc,L4,181.8,322.4,93.0,99
637,100162,100261,L5_pyr,martinotti,L5,139.2,544.8,128.1,125
638,100146,100217,L4_exc,L5_pyr,L5,86.8,543.0,170.6,122
639,100053,100242,L23_pyr,basket,L4,223.4,379.5,304.8,254
640,100222,100039,basket,L23_pyr,L2/3,279.3,268.9,190.7,750
641,100125,100145,L4_exc,L4_exc,L4,175.0,258.0,-18.6,87
642,100072,100079,L23_pyr,L23_pyr,L2/3,264.9,206.8,179.6,349
643,100023,100233,L23_pyr,basket,L2/3,241.3,152.8,294.8,153
644,100284,100096,martinotti,L4_exc,L4,74.2,346.9,199.9,50
645,100035,100105,L23_pyr,L4_exc,L4,117.6,333.7,165.8,108
646,100233,100060,basket,L23_pyr,L2/3,15.7,130.6,266.6,160
647,100020,100245,L23_pyr,basket,L2/3,80.2,250.8,253.2,116
648,100124,100053,L4_exc,L23_pyr,L2/3,249.6,290.2,193.5,113
649,100249,100044,basket,L23_pyr,L2/3,253.2,229.6,194.4,443
650,100191,100293,L5_pyr,vip,L4,268.7,331.9,190.4,229
651,100062,100019,L23_pyr,L23_pyr,L2/3,122.1,132.4,339.7,46
652,100197,100056,L5_pyr,L23_pyr,L2/3,87.4,161.2,202.7,161
653,100095,100047,L4_exc,L23_pyr,L2/3,68.5,216.5,268.9,208
654,100294,100205,vip,L5_pyr,L5,117.6,614.7,59.0,303
655,100182,100178,L5_pyr,L5_pyr,L5,273.6,570.5,164.6,267
656,100152,100299,L4_exc,vip,L4,73.2,290.7,178.5,531
657,100194,100102,L5_pyr,L4_exc,L4,69.8,380.0,56.1,522
658,100234,100268,basket,martinotti,L4,136.2,301.9,166.9,178
659,100184,100041,L5_pyr,L23_pyr,L2/3,10.3,293.0,245.4,105
660,100198,100283,L5_pyr,martinotti,L5,3.9,478.8,155.6,177
661,100294,100241,vip,basket,L5,253.7,687.1,208.8,255
662,100147,100034,L4_exc,L23_pyr,L2/3,250.9,250.2,147.1,251
663,100072,100121,L23_pyr,L4_exc,L4,266.5,309.3,246.4,246
664,100184,100219,L5_pyr,L5_pyr,L5,149.6,577.8,107.2,372
665,100203,100215,L5_pyr,L5_pyr,L5,-33.6,579.3,229.5,57
666,100237,100279,basket,martinotti,L5,120.0,635.3,186.8,140
667,100185,100272,L5_pyr,martinotti,L2/3,110.2,209.6,187.4,18
668,100156,100185,L4_exc,L5_pyr,L5,224.4,713.8,227.6,182
669,100178,100109,L5_pyr,L4_exc,L4,40.5,391.7,225.6,192
670,100066,100168,L23_pyr,L5_pyr,L5,77.2,523.1,278.3,520
671,100186,100293,L5_pyr,vip,L4,270.2,368.3,165.9,186
672,100067,100008,L23_pyr,L23_pyr,L2/3,130.1,194.3,201.7,165
673,100286,100124,vip,L4_exc,L4,57.4,303.2,152.1,160
674,100237,100025,basket,L23_pyr,L2/3,137.3,249.8,157.0,726
675,100197,100142,L5_pyr,L4_exc,L4,264.9,359.6,-12.3,273
676,100291,100072,vip,L23_pyr,L2/3,296.6,222.5,244.4,440
677,100220,100191,L5_pyr,L5_pyr,L5,168.1,487.2,263.5,140
678,100082,100026,L23_pyr,L23_pyr,L2/3,168.1,250.3,209.8,273
679,100135,100011,L4_exc,L23_pyr,L2/3,-18.6,137.6,26.9,90
680,100056,100244,L23_pyr,basket,L2/3,37.8,296.7,102.3,124
681,100209,100235,L5_pyr,basket,L5,41.9,531.0,203.6,325
682,100252,100094,basket,L4_exc,L4,46.8,349.2,252.0,325
683,100287,100142,vip,,L4,220.0,373.0,27.1,298
684,100008,100021,L23_pyr,L23_pyr,L2/3,100.9,186.4,103.0,92
685,100233,100057,basket,L23_pyr,L2/3,115.6,170.6,230.6,216
686,100256,100093,basket,L4_exc,L4,219.0,380.6,109.1,165
687,100124,100255,L4_exc,basket,L4,275.4,327.0,121.8,217
688,100202,100180,L5_pyr,L5_pyr,L5,238.5,506.6,201.8,87
689,100188,100223,L5_pyr,basket,L5,270.9,674.2,260.7,144
690,100145,100268,L4_exc,martinotti,L4,211.6,328.0,170.1,428
691,100216,100271,L5_pyr,martinotti,L5,136.9,508.1,249.2,508
692,100210,100219,L5_pyr,L5_pyr,L5,104.7,566.3,123.3,132
693,100238,100121,basket,L4_exc,L4,233.1,269.8,221.0,260
694,100193,100194,L5_pyr,L5_pyr,L5,171.3,542.3,120.6,259
695,100075,100015,L23_pyr,L23_pyr,L2/3,192.8,117.1,82.7,420
696,100052,100050,L23_pyr,L23_pyr,L2/3,48.2,234.0,64.0,126
697,100067,100143,L23_pyr,L4_exc,L4,64.0,351.1,299.1,110
698,100218,100103,L5_pyr,L4_exc,L4,109.1,378.5,268.1,134
699,100103,100263,L4_exc,martinotti,L4,-44.7,374.0,206.9,285
700,100032,100123,L23_pyr,L4_exc,L4,167.8,294.8,189.6,124
701,100076,100180,L23_pyr,L5_pyr,L5,227.5,515.0,193.8,133
702,100274,100249,martinotti,basket,L4,214.0,429.1,81.6,311
703,100017,100282,L23_pyr,martinotti,L2/3,24.6,156.1,109.0,153
704,100012,100277,L23_pyr,martinotti,L4,-24.2,321.7,166.0,88
705,100199,100254,L5_pyr,basket,L4,264.5,388.2,241.0,238
706,100067,100243,L23_pyr,basket,L2/3,21.0,248.2,79.7,205
707,100192,100007,L5_pyr,L23_pyr,L2/3,251.1,264.9,81.9,240
708,100186,100284,L5_pyr,martinotti,L5,209.3,556.3,113.6,208
709,100243,100031,basket,L23_pyr,L2/3,82.3,259.1,-2.9,194
710,100162,100138,L5_pyr,L4_exc,L4,274.9,345.0,187.7,214
711,100012,100260,L23_pyr,basket,L4,181.9,401.6,296.5,72
712,100140,100148,L4_exc,L4_exc,L4,164.8,282.7,185.7,148
713,100018,100020,L23_pyr,L23_pyr,L2/3,134.7,217.7,146.0,93
714,100111,100181,L4_exc,L5_pyr,L5,7.3,527.2,169.6,461
715,100076,100280,L23_pyr,martinotti,L2/3,169.5,82.5,15.8,549
716,100217,100198,L5_pyr,L5_pyr,L5,54.7,619.4,32.3,148
717,100183,100278,L5_pyr,martinotti,L2/3,212.4,279.0,168.9,215
718,100029,100025,L23_pyr,L23_pyr,L2/3,157.5,226.9,166.1,177
719,100003,100064,L23_pyr,L23_pyr,L2/3,232.6,236.3,273.9,319
720,100072,100035,L23_pyr,L23_pyr,L2/3,295.9,135.8,278.3,65
721,100072,100293,L23_pyr,vip,L4,250.6,370.7,224.5,74
722,100079,100014,L23_pyr,L23_pyr,L2/3,45.6,238.2,228.7,170
723,100171,100200,L5_pyr,L5_pyr,L5,49.5,601.8,303.6,373
724,100066,100183,L23_pyr,L5_pyr,L5,181.5,507.3,194.8,123
725,100014,100277,L23_pyr,martinotti,L4,1.6,298.5,137.6,136
726,100270,100005,martinotti,L23_pyr,L2/3,200.6,198.2,156.9,155
727,100231,100087,basket,L23_pyr,L2/3,315.4,246.9,101.0,563
728,100034,100159,L23_pyr,L4_exc,L4,274.7,255.5,267.8,146
729,100036,100198,L23_pyr,L5_pyr,L5,79.2,597.3,10.4,148
730,100054,100246,L23_pyr,basket,L2/3,161.6,92.0,71.1,314
731,100182,100125,L5_pyr,L4_exc,L4,195.0,422.2,69.0,209
732,100112,100223,L4_exc,basket,L5,299.4,721.9,240.1,126
733,100009,100277,L23_pyr,martinotti,L4,-10.4,257.6,168.2,507
734,100189,100262,L5_pyr,martinotti,L2/3,150.1,247.1,4.5,591
735,100016,100245,L23_pyr,basket,L2/3,39.4,286.2,290.1,206
736,100294,100224,vip,basket,L5,101.6,528.2,102.5,327
737,100254,100077,basket,L23_pyr,L2/3,267.3,146.2,148.7,145
738,100155,100295,L4_exc,vip,L2/3,92.8,272.7,158.2,533
739,100146,100224,L4_exc,basket,L5,63.7,536.1,135.7,218
740,100102,100288,L4_exc,vip,L5,-2.1,426.3,203.0,200
741,100126,100037,L4_exc,L23_pyr,L2/3,165.3,217.2,2.8,370
742,100047,100070,L23_pyr,L23_pyr,L2/3,276.4,199.7,311.8,120
743,100022,100092,L23_pyr,L4_exc,L4,247.6,435.2,178.3,439
744,100069,100057,L23_pyr,L23_pyr,L2/3,166.5,164.3,183.9,382
745,100218,100026,L5_pyr,L23_pyr,L2/3,146.5,291.7,266.2,77
746,100082,100009,L23_pyr,L23_pyr,L2/3,56.0,96.4,243.8,191
747,100099,100115,L4_exc,L4_exc,L4,135.6,386.3,246.1,165
748,100015,100170,L23_pyr,L5_pyr,L5,158.0,636.6,97.0,281
749,100143,100288,L4_exc,vip,L5,59.6,421.0,213.6,77
750,100022,100016,L23_pyr,L23_pyr,L2/3,233.4,229.8,73.3,233
751,100228,100227,basket,basket,L5,153.5,540.3,2.1,121
752,100087,100025,L23_pyr,L23_pyr,L2/3,101.4,228.6,167.8,279
753,100063,100272,L23_pyr,martinotti,L2/3,40.0,222.3,200.0,73
754,100144,100188,L4_exc,L5_pyr,L5,325.0,540.2,159.2,40
755,100096,100085,L4_exc,L23_pyr,L2/3,52.4,317.1,71.6,214
756,100072,100021,L23_pyr,L23_pyr,L2/3,77.9,239.6,116.3,253
757,100146,100249,L4_exc,basket,L4,196.6,467.1,27.6,91
758,100210,100102,L5_pyr,L4_exc,L4,76.4,291.6,99.1,415
759,100271,100152,martinotti,L4_exc,L4,23.3,421.9,121.3,210
760,100175,100182,L5_pyr,L5_pyr,L5,217.1,679.2,44.8,151
761,100114,100036,L4_exc,L23_pyr,L2/3,224.5,106.1,24.6,392
762,100273,100072,martinotti,L23_pyr,L2/3,276.2,239.1,303.4,307
763,100103,100274,L4_exc,martinotti,L2/3,239.0,218.8,117.2,207
764,100217,100156,L5_pyr,L4_exc,L4,76.7,385.1,86.9,81
765,100281,100226,martinotti,basket,L4,9.3,347.4,-21.4,162
766,100075,100206,L23_pyr,L5_pyr,L5,109.6,475.9,115.4,88
767,100259,100201,basket,L5_pyr,L5,254.6,540.2,257.1,120
768,100251,100046,basket,L23_pyr,L2/3,232.7,209.7,132.0,225
769,100162,100197,L5_pyr,L5_pyr,L5,128.0,620.9,54.1,233
770,100082,100054,L23_pyr,L23_pyr,L2/3,177.5,124.1,158.9,101
771,100111,100233,L4_exc,basket,L2/3,193.8,128.2,342.8,242
772,100145,100173,L4_exc,L5_pyr,L5,11.4,601.9,250.5,257
773,100175,100228,L5_pyr,basket,L5,114.1,669.7,37.4,109
774,100294,100193,vip,L5_pyr,L5,318.9,673.8,302.8,182
775,100141,100281,L4_exc,martinotti,L4,5.6,434.7,146.1,70
776,100206,100027,L5_pyr,L23_pyr,L2/3,20.6,326.2,158.0,212
777,100168,100209,L5_pyr,L5_pyr,L5,122.2,615.3,212.2,100
778,100066,100135,L23_pyr,L4_exc,L4,241.4,444.4,45.2,147
779,100175,100260,L5_pyr,basket,L4,167.0,383.6,241.4,314
780,100112,100127,L4_exc,L4_exc,L4,147.7,381.6,23.2,305
781,100046,100239,L23_pyr,basket,L2/3,111.7,155.6,275.2,438
782,100282,100005,martinotti,L23_pyr,L2/3,272.9,207.8,186.5,236
783,100236,100217,basket,L5_pyr,L5,62.3,484.2,173.6,274
784,100154,100127,L4_exc,L4_exc,L4,130.1,384.9,58.6,194
785,100055,100021,L23_pyr,L23_pyr,L2/3,115.6,234.1,125.6,390
786,100198,100144,L5_pyr,L4_exc,L4,276.0,316.4,193.6,187
787,100245,100055,basket,L23_pyr,L2/3,62.9,98.7,184.9,187
788,100055,100120,L23_pyr,L4_exc,L4,194.7,372.9,197.0,108
789,100280,100160,martinotti,L4_exc,L4,258.8,292.6,122.0,501
790,100053,100220,L23_pyr,L5_pyr,L5,254.8,596.9,137.9,151
791,100262,100108,martinotti,L4_exc,L4,164.8,402.1,114.0,310
792,100111,100286,L4_exc,vip,L5,165.3,577.1,112.7,189
793,100193,100286,L5_pyr,vip,L5,233.1,545.7,111.5,98
794,100133,100267,L4_exc,martinotti,L2/3,128.2,152.1,42.8,412
795,100077,100072,L23_pyr,L23_pyr,L2/3,297.8,213.2,317.9,304
796,100036,100141,L23_pyr,L4_exc,L4,234.1,365.1,221.5,79
797,100151,100184,L4_exc,L5_pyr,L5,108.2,589.7,72.5,392
798,100141,100014,L4_exc,L23_pyr,L2/3,-19.5,308.5,216.0,164
799,100222,100159,basket,L4_exc,L4,325.1,321.2,285.7,204
800,100193,100186,L5_pyr,L5_pyr,L5,96.3,655.8,179.7,20
801,100026,100018,L23_pyr,L23_pyr,L2/3,285.6,149.0,260.7,162
802,100006,100258,L23_pyr,basket,L2/3,191.7,140.6,27.0,133
803,100175,100194,L5_pyr,L5_pyr,L5,190.2,544.1,116.2,78
804,100075,100168,L23_pyr,L5_pyr,L5,43.0,550.3,248.3,129
805,100210,100147,L5_pyr,L4_exc,L4,143.8,354.7,173.8,270
806,100040,100018,L23_pyr,L23_pyr,L2/3,296.5,126.1,288.2,130
807,100142,100095,L4_exc,L4_exc,L4,190.0,420.9,278.4,471
808,100290,100202,vip,L5_pyr,L5,115.6,471.5,261.6,277
809,100202,100084,L5_pyr,L23_pyr,L2/3,143.8,174.4,60.3,503
810,100075,100300,L23_pyr,vip,L2/3,117.0,81.0,65.4,150
811,100011,100281,L23_pyr,martinotti,L4,25.3,443.1,162.9,155
812,100047,100059,L23_pyr,L23_pyr,L2/3,87.7,218.4,228.7,118
813,100193,100209,L5_pyr,L5_pyr,L5,118.5,571.8,187.3,93
814,100285,100126,martinotti,L4_exc,L4,43.8,401.5,3.4,493
815,100282,100056,martinotti,L23_pyr,L2/3,-27.3,196.6,205.5,179
816,100134,100179,L4_exc,L5_pyr,L5,122.0,554.3,298.5,139
817,100214,100108,L5_pyr,,L4,184.9,410.0,87.5,191
818,100272,100117,martinotti,L4_exc,L4,59.4,350.3,232.0,349
819,100139,100116,L4_exc,L4_exc,L4,118.2,363.8,9.4,179
820,100198,100184,L5_pyr,L5_pyr,L5,153.6,546.8,55.2,289
821,100003,100247,L23_pyr,basket,L2/3,27.9,108.6,16.1,72
822,100095,100126,L4_exc,L4_exc,L4,126.3,394.9,10.4,270
823,100247,100002,basket,L23_pyr,L2/3,62.2,164.5,226.4,261
824,100250,100083,basket,L23_pyr,L2/3,249.8,238.1,63.6,280
825,100259,100252,basket,basket,L4,72.4,379.2,191.9,312
826,100255,100134,basket,L4_exc,L4,215.5,483.8,275.4,356
827,100271,100254,martinotti,basket,L4,253.1,411.8,243.5,380
828,100096,100220,L4_exc,L5_pyr,L5,288.4,574.9,106.2,314
829,100219,100291,L5_pyr,vip,L4,299.8,398.8,70.4,87
830,100198,100228,L5_pyr,basket,L5,111.4,679.7,98.3,144
831,100292,100120,vip,L4_exc,L4,241.5,448.6,155.6,127
832,100279,100117,martinotti,L4_exc,L4,79.0,347.0,187.5,108
833,100071,100251,L23_pyr,basket,L2/3,210.7,108.8,223.6,556
834,100010,100293,L23_pyr,vip,L4,330.3,390.5,196.4,93
835,100005,100151,L23_pyr,L4_exc,L4,1.0,427.8,88.2,350
836,100293,100098,vip,L4_exc,L4,283.6,403.5,203.5,345
837,100176,100116,L5_pyr,L4_exc,L4,75.1,392.5,25.7,869
838,100180,100127,L5_pyr,L4_exc,L4,144.2,372.0,61.4,204
839,100226,100287,basket,vip,L4,240.4,343.2,30.6,524
840,100214,100067,L5_pyr,L23_pyr,L2/3,78.0,250.6,104.4,216
841,100075,100005,L23_pyr,L23_pyr,L2/3,209.5,201.9,160.5,96
842,100281,100105,martinotti,L4_exc,L4,98.7,325.0,206.2,53
843,100170,100275,L5_pyr,martinotti,L5,292.2,492.7,182.7,431
844,100046,100155,L23_pyr,L4_exc,L4,245.5,359.0,72.5,233
845,100016,100087,L23_pyr,L23_pyr,L2/3,270.3,221.2,44.9,245
846,100109,100073,L4_exc,L23_pyr,L2/3,125.8,272.7,231.0,99
847,100201,100144,L5_pyr,L4_exc,L4,300.1,356.4,193.1,161
848,100143,100294,L4_exc,vip,L5,203.3,518.4,239.9,89
849,100261,100176,martinotti,L5_pyr,L5,310.2,589.0,164.4,257
850,100116,100126,L4_exc,L4_exc,L4,127.4,416.3,-0.6,150
851,100073,100037,L23_pyr,L23_pyr,L2/3,184.6,175.5,98.7,82
852,100115,100064,L4_exc,L23_pyr,L2/3,255.7,265.9,308.8,114
853,100050,100046,L23_pyr,L23_pyr,L2/3,222.9,202.4,133.0,105
854,100297,100052,vip,L23_pyr,L2/3,274.5,253.7,107.4,242
855,100157,100213,L4_exc,L5_pyr,L5,43.7,523.5,75.3,342
856,100020,100260,L23_pyr,basket,L4,185.6,337.7,293.6,177
857,100242,100128,basket,L4_exc,L4,237.2,312.4,197.1,248
858,100191,100036,L5_pyr,L23_pyr,L2/3,200.3,163.2,6.6,103
859,100186,100190,L5_pyr,L5_pyr,L5,270.5,508.1,187.5,174
860,100276,100180,martinotti,L5_pyr,L5,213.0,526.9,195.3,510
861,100070,100244,L23_pyr,basket,L2/3,15.3,275.1,75.9,114
862,100091,100261,L4_exc,martinotti,L5,156.9,600.9,113.0,409
863,100136,100065,L4_exc,L23_pyr,L2/3,226.4,249.7,13.7,268
864,100060,100225,L23_pyr,basket,L4,203.7,388.1,281.7,164
865,100265,100215,martinotti,L5_pyr,L5,9.0,593.2,243.8,1420
866,100163,100241,L5_pyr,basket,L5,285.8,691.2,210.1,208
867,100106,100098,L4_exc,L4_exc,L4,293.2,402.6,142.2,57
868,100206,100064,L5_pyr,L23_pyr,L2/3,248.9,282.4,266.7,270
869,100204,100290,L5_pyr,vip,L5,16.5,520.7,184.3,347
870,100221,100115,basket,L4_exc,L4,207.8,375.2,271.4,258
871,100239,100118,basket,L4_exc,L4,105.4,334.3,248.8,241
872,100156,100135,L4_exc,L4_exc,L4,208.3,415.2,11.2,245
873,100277,100197,martinotti,L5_pyr,L5,128.0,641.9,71.8,190
874,100193,100161,L5_pyr,L5_pyr,L5,183.7,554.1,156.8,143
875,100245,100145,basket,L4_exc,L4,102.1,295.9,-19.7,496
876,100036,100049,L23_pyr,L23_pyr,L2/3,-12.0,179.3,76.4,129
877,100285,100208,martinotti,L5_pyr,L5,267.0,619.2,98.8,102
878,100094,100139,L4_exc,L4_exc,L4,250.1,417.5,209.2,59
879,100074,100038,L23_pyr,L23_pyr,L2/3,82.3,213.7,134.0,208
880,100124,100033,L4_exc,L23_pyr,L2/3,5.3,245.1,221.8,190
881,100243,100165,basket,L5_pyr,L5,139.8,448.6,263.4,178
882,100114,100102,L4_exc,L4_exc,L4,74.0,325.5,84.9,232
883,100173,100025,L5_pyr,L23_pyr,L2/3,174.1,235.4,178.1,204
884,100268,100138,martinotti,L4_exc,L4,311.6,347.8,166.3,313
885,100189,100259,L5_pyr,basket,L5,303.9,694.0,208.2,225
886,100072,100291,L23_pyr,vip,L4,313.2,345.9,83.5,131
887,100299,100108,vip,L4_exc,L4,188.7,356.1,93.1,201
888,100248,100287,basket,vip,L4,222.9,313.5,31.6,166
889,100053,100244,L23_pyr,basket,L2/3,7.3,259.3,95.8,172
890,100094,100062,L4_exc,L23_pyr,L2/3,52.8,195.3,109.7,153
891,100182,100248,L5_pyr,basket,L2/3,218.0,316.3,101.3,309
892,100158,100141,L4_exc,L4_exc,L4,192.4,333.0,211.9,139
893,100081,100157,L23_pyr,,L4,170.4,287.9,64.7,313
894,100077,100039,L23_pyr,L23_pyr,L2/3,333.2,218.2,209.3,174
895,100254,100039,basket,L23_pyr,L2/3,279.2,312.2,212.1,281
896,100014,100256,L23_pyr,basket,L2/3,8.0,291.2,304.9,114
897,100112,100281,L4_exc,martinotti,L4,49.2,445.8,142.9,101
898,100065,100260,L23_pyr,basket,L4,171.6,360.9,302.7,212
899,100204,100238,L5_pyr,basket,L4,143.6,404.4,248.2,93
900,100173,100263,L5_pyr,martinotti,L4,-14.4,384.0,199.0,281
901,100162,100043,L5_pyr,L23_pyr,L2/3,171.9,183.0,110.9,171
902,100216,100261,L5_pyr,martinotti,L5,172.6,578.6,77.7,62
903,100121,100227,L4_exc,basket,L5,121.9,494.3,16.0,520
904,100085,100252,L23_pyr,basket,L4,147.6,324.2,213.4,189
905,100011,100089,L23_pyr,L23_pyr,L2/3,65.8,91.4,164.4,59
906,100033,100121,L23_pyr,L4_exc,L4,229.1,351.1,285.6,306
907,100182,100283,L5_pyr,martinotti,L5,59.3,463.1,179.6,224
908,100045,100012,L23_pyr,L23_pyr,L2/3,121.2,170.7,172.4,236
909,100214,100224,L5_pyr,basket,L5,61.0,559.1,63.9,147
910,100267,100109,martinotti,,L4,81.9,388.9,201.1,177
911,100150,100114,L4_exc,L4_exc,L4,64.1,373.3,278.5,139
912,100162,100285,L5_pyr,martinotti,L5,146.7,649.6,-17.9,383
913,100058,100019,L23_pyr,L23_pyr,L2/3,121.9,128.7,307.7,140
914,100217,100134,L5_pyr,L4_exc,L4,190.5,414.5,235.0,268
915,100225,100064,basket,L23_pyr,L2/3,291.0,266.1,265.8,229
916,100300,100037,vip,L23_pyr,L2/3,191.1,243.0,57.7,502
917,100080,100059,L23_pyr,L23_pyr,L2/3,19.1,178.5,270.6,256
918,100019,100243,L23_pyr,basket,L2/3,22.6,241.1,45.6,170
919,100126,100229,L4_exc,basket,L2/3,275.9,208.8,119.0,298
920,100114,100051,L4_exc,L23_pyr,L2/3,53.8,113.1,198.6,100
921,100148,100080,L4_exc,L23_pyr,L2/3,99.7,127.4,208.1,123
922,100269,100186,martinotti,L5_pyr,L5,118.9,645.3,92.9,220
923,100157,100262,L4_exc,martinotti,L2/3,173.4,239.3,39.6,64
924,100099,100119,L4_exc,L4_exc,L4,228.0,399.4,86.6,124
925,100137,100232,L4_exc,basket,L2/3,238.7,229.9,104.3,217
926,100235,100268,basket,martinotti,L4,161.3,316.3,132.8,319
927,100169,100110,L5_pyr,L4_exc,L4,189.1,423.0,151.8,78
928,100241,100202,basket,L5_pyr,L5,88.5,489.6,260.2,661
929,100095,100238,L4_exc,basket,L4,50.4,391.6,258.8,109
930,100033,100034,L23_pyr,L23_pyr,L2/3,265.9,254.5,144.1,288
931,100223,100195,basket,L5_pyr,L5,155.8,705.0,111.0,161
932,100086,100274,L23_pyr,martinotti,L2/3,276.2,144.3,125.0,77
933,100150,100288,L4_exc,vip,L5,54.4,458.0,201.7,268
934,100029,100244,L23_pyr,basket,L2/3,71.5,283.6,93.6,288
935,100157,100298,L4_exc,vip,L4,241.7,290.7,246.7,163
936,100041,100136,L23_pyr,L4_exc,L4,286.2,429.9,227.4,246
937,100048,100280,L23_pyr,martinotti,L2/3,111.7,151.3,23.4,189
938,100298,100137,vip,,L4,50.4,407.3,275.7,183
939,100167,100252,L5_pyr,basket,L4,138.7,357.6,179.0,75
940,100067,100235,L23_pyr,basket,L5,31.2,498.3,204.8,476
941,100244,100002,basket,L23_pyr,L2/3,45.6,186.5,254.8,183
942,100054,100006,L23_pyr,L23_pyr,L2/3,231.4,169.0,208.8,280
943,100085,100201,L23_pyr,L5_pyr,L5,279.2,488.0,243.0,224
944,100036,100295,L23_pyr,vip,L2/3,67.6,323.9,167.6,369
945,100212,100064,L5_pyr,L23_pyr,L2/3,287.4,261.7,263.1,137
946,100227,100037,basket,L23_pyr,L2/3,145.2,196.5,47.4,145
947,100295,100033,vip,L23_pyr,L2/3,30.0,244.0,245.9,131
948,100001,100237,L23_pyr,basket,L5,25.0,548.4,129.5,67
949,100154,100280,L4_exc,martinotti,L2/3,141.1,82.7,-4.6,373
950,100227,100230,basket,basket,L5,179.4,609.6,255.7,190
951,100076,100242,L23_pyr,basket,L4,207.3,328.7,216.0,153
952,100124,100137,L4_exc,L4_exc,L4,34.7,451.1,304.0,118
953,100063,100208,L23_pyr,,L5,293.0,655.3,63.1,186
954,100195,100100,L5_pyr,L4_exc,L4,300.7,379.7,244.5,100
955,100165,100183,L5_pyr,L5_pyr,L5,159.2,519.0,181.1,153
956,100249,100022,basket,L23_pyr,L2/3,134.4,231.5,43.9,265
957,100200,100283,L5_pyr,martinotti,L5,64.2,490.8,100.4,221
958,100032,100063,L23_pyr,L23_pyr,L2/3,286.4,107.1,238.1,288
959,100129,100012,L4_exc,L23_pyr,L2/3,128.9,73.2,222.4,352
960,100043,100278,L23_pyr,martinotti,L2/3,227.2,260.6,220.3,117
961,100246,100058,basket,L23_pyr,L2/3,130.5,208.4,105.8,510
962,100073,100248,L23_pyr,basket,L2/3,209.3,263.2,73.9,87
963,100184,100209,L5_pyr,L5_pyr,L5,114.1,631.1,129.8,259
964,100174,100298,L5_pyr,vip,L4,250.8,322.9,260.1,111
965,100283,100118,martinotti,L4_exc,L4,88.9,413.4,248.6,648
966,100142,100128,L4_exc,L4_exc,L4,247.8,294.5,162.9,791
967,100289,100074,vip,L23_pyr,L2/3,230.6,223.6,303.6,147
968,100016,100292,L23_pyr,vip,L2/3,32.5,269.4,270.7,245
969,100032,100073,L23_pyr,L23_pyr,L2/3,124.0,309.0,243.5,181
970,100169,100158,L5_pyr,L4_exc,L4,30.6,381.3,133.7,126
971,100182,100274,L5_pyr,martinotti,L2/3,244.6,239.6,117.1,431
972,100004,100266,L23_pyr,martinotti,L5,276.1,525.0,109.0,118
973,100056,100065,L23_pyr,L23_pyr,L2/3,176.1,214.5,-15.1,357
974,100224,100237,basket,basket,L5,86.2,493.9,101.8,1058
975,100050,100294,L23_pyr,vip,L5,175.3,544.3,234.8,109
976,100192,100261,L5_pyr,martinotti,L5,133.8,632.1,101.2,146
977,100214,100018,L5_pyr,L23_pyr,L2/3,282.0,119.1,227.8,456
978,100168,100123,L5_pyr,L4_exc,L4,110.0,325.1,119.8,132
979,100193,100274,L5_pyr,martinotti,L2/3,231.5,199.1,102.7,97
980,100279,100270,martinotti,martinotti,L5,169.9,506.7,345.4,265
981,100037,100053,L23_pyr,L23_pyr,L2/3,204.4,214.0,176.7,316
982,100239,100050,basket,L23_pyr,L2/3,38.2,225.5,81.8,509
983,100284,100134,martinotti,L4_exc,L4,166.8,423.4,258.1,76
984,100129,100128,L4_exc,L4_exc,L4,255.4,276.4,207.7,145
985,100290,100150,vip,L4_exc,L4,95.7,399.9,166.2,241
986,100245,100117,basket,L4_exc,L4,65.1,333.1,199.2,607
987,100300,100232,vip,basket,L2/3,274.8,219.2,88.7,220
988,100280,100163,martinotti,L5_pyr,L5,197.3,504.4,132.9,172
989,100024,100240,L23_pyr,basket,L5,150.6,399.4,188.5,189
990,100248,100084,basket,L23_pyr,L2/3,128.8,182.5,56.0,1192
991,100129,100284,L4_exc,martinotti,L5,198.9,554.8,161.9,118
992,100088,100272,L23_pyr,martinotti,L2/3,45.5,203.8,245.3,124
993,100235,100236,basket,basket,L4,32.2,397.9,262.2,551
994,100019,100288,L23_pyr,vip,L5,97.4,428.5,204.7,134
995,100180,100139,L5_pyr,L4_exc,L4,318.8,424.6,178.5,305
996,100161,100285,L5_pyr,martinotti,L5,107.8,646.8,53.9,211
997,100218,100188,L5_pyr,L5_pyr,L5,213.3,545.0,131.7,199
998,100192,100276,L5_pyr,martinotti,L4,207.6,486.1,32.5,49
999,100275,100006,martinotti,L23_pyr,L2/3,227.7,155.0,194.8,236
1000,100036,100010,L23_pyr,L23_pyr,L2/3,233.1,217.6,224.9,395
1001,100052,100130,L23_pyr,L4_exc,L4,226.5,346.4,241.9,420
1002,100300,100048,vip,L23_pyr,L2/3,53.4,132.5,83.2,59
1003,100134,100137,L4_exc,L4_exc,L4,34.0,439.4,301.0,118
1004,100133,100153,L4_exc,L4_exc,L4,95.2,404.9,235.6,134
1005,100048,100059,L23_pyr,L23_pyr,L2/3,36.5,204.2,244.7,55
1006,100123,100148,L4_exc,L4_exc,L4,220.2,275.8,223.4,118
1007,100048,100021,L23_pyr,L23_pyr,L2/3,80.5,209.1,97.1,147
1008,100145,100012,L4_exc,L23_pyr,L2/3,157.3,140.4,170.1,242
1009,100142,100291,L4_exc,vip,L4,275.5,388.2,21.0,157
1010,100216,100141,L5_pyr,L4_exc,L4,168.7,349.4,220.2,54
1011,100099,100046,L4_exc,L23_pyr,L2/3,204.5,205.4,103.3,182
1012,100231,100124,basket,L4_exc,L4,19.3,305.6,168.3,648
1013,100213,100030,L5_pyr,L23_pyr,L2/3,221.5,288.5,37.4,181
1014,100234,100103,basket,L4_exc,L4,116.6,299.0,244.1,553
1015,100145,100250,L4_exc,basket,L4,235.9,320.1,226.5,508
1016,100225,100136,basket,L4_exc,L4,272.0,370.7,207.2,122
1017,100112,100236,L4_exc,basket,L4,62.7,376.9,246.3,318
1018,100184,100148,L5_pyr,L4_exc,L4,199.6,329.3,199.4,133
1019,100291,100061,vip,L23_pyr,L2/3,243.0,268.2,130.9,314
1020,100282,100120,martinotti,L4_exc,L4,237.2,392.1,200.9,222
1021,100074,100015,L23_pyr,L23_pyr,L2/3,180.2,161.3,60.7,189
1022,100079,100023,L23_pyr,L23_pyr,L2/3,328.7,246.1,257.5,91
1023,100027,100048,L23_pyr,L23_pyr,L2/3,27.2,142.0,110.6,199
1024,100026,100233,L23_pyr,basket,L2/3,179.3,93.3,311.7,240
1025,100053,100294,L23_pyr,vip,L5,217.3,542.0,207.7,178
1026,100226,100032,basket,L23_pyr,L2/3,76.1,313.7,227.8,364
1027,100005,100071,L23_pyr,L23_pyr,L2/3,78.9,236.6,165.6,120
1028,100254,100188,basket,L5_pyr,L5,272.0,551.5,109.4,219
1029,100224,100184,basket,L5_pyr,L5,79.7,542.8,31.2,131
1030,100246,100043,basket,L23_pyr,L2/3,157.0,139.9,87.0,308
1031,100098,100293,L4_exc,vip,L4,308.0,386.3,222.8,167
1032,100182,100244,L5_pyr,basket,L2/3,30.3,311.6,89.3,410
1033,100151,100114,L4_exc,L4_exc,L4,61.1,317.0,243.8,80
1034,100070,100171,L23_pyr,L5_pyr,L5,152.6,530.5,223.6,64
1035,100021,100075,L23_pyr,L23_pyr,L2/3,91.4,267.9,307.1,65
1036,100147,100078,L4_exc,L23_pyr,L2/3,157.3,231.6,294.1,246
1037,100054,100037,L23_pyr,L23_pyr,L2/3,190.3,228.6,77.6,202
1038,100206,100122,L5_pyr,L4_exc,L4,318.9,390.8,45.3,172
1039,100260,100137,basket,L4_exc,L4,50.5,443.2,287.2,214
1040,100076,100236,L23_pyr,basket,L4,54.4,444.3,266.5,60
1041,100182,100184,L5_pyr,L5_pyr,L5,127.8,565.6,95.6,225
1042,100208,100223,L5_pyr,basket,L5,316.0,636.7,266.2,217
1043,100055,100075,L23_pyr,L23_pyr,L2/3,114.4,287.9,265.9,236
1044,100297,100072,vip,L23_pyr,L2/3,297.8,246.2,279.9,757
1045,100143,100044,L4_exc,L23_pyr,L2/3,249.2,243.4,223.7,49
1046,100160,100060,L4_exc,L23_pyr,L2/3,74.6,149.3,254.2,190
1047,100248,100147,basket,L4_exc,L4,186.1,367.8,142.1,304
1048,100180,100193,L5_pyr,L5_pyr,L5,279.7,671.7,279.2,79
1049,100236,100268,basket,martinotti,L4,183.7,298.5,179.3,443
1050,100110,100260,L4_exc,basket,L4,151.5,386.6,260.3,96
1051,100219,100187,L5_pyr,L5_pyr,L5,5.2,668.6,2.6,82
1052,100251,100055,basket,L23_pyr,L2/3,69.9,155.3,187.7,574
1053,100022,100258,L23_pyr,basket,L2/3,185.1,147.0,47.4,115
1054,100200,100244,L5_pyr,basket,L2/3,6.0,329.7,120.6,97
1055,100256,100063,basket,L23_pyr,L2/3,266.2,107.4,222.2,343
1056,100126,100193,L4_exc,L5_pyr,L5,275.3,682.3,298.6,52
1057,100054,100156,L23_pyr,L4_exc,L4,56.9,345.1,92.7,188
1058,100076,100236,L23_pyr,basket,L4,45.0,434.0,282.9,77
1059,100169,100113,L5_pyr,L4_exc,L4,120.2,397.1,135.1,673
1060,100130,100098,L4_exc,L4_exc,L4,296.9,394.2,174.4,167
1061,100277,100020,martinotti,L23_pyr,L2/3,149.2,144.7,123.7,119
1062,100018,100255,L23_pyr,basket,L4,245.6,351.5,75.8,84
1063,100124,100165,L4_exc,L5_pyr,L5,88.9,479.2,262.3,90
1064,100249,100115,basket,L4_exc,L4,185.9,388.7,299.9,230
1065,100240,100195,basket,L5_pyr,L5,100.9,691.6,73.7,299
1066,100093,100008,L4_exc,L23_pyr,L2/3,160.4,171.8,181.3,175
1067,100222,100119,basket,L4_exc,L4,208.1,383.3,110.0,456
1068,100270,100225,martinotti,basket,L4,224.0,362.6,313.6,231
1069,100070,100039,L23_pyr,L23_pyr,L2/3,317.1,283.2,219.7,182
1070,100203,100119,L5_pyr,L4_exc,L4,236.9,404.3,126.7,490
1071,100086,100067,L23_pyr,L23_pyr,L2/3,91.1,310.1,85.0,110
1072,100237,100090,basket,L23_pyr,L2/3,-22.2,265.1,265.9,329
1073,100166,100130,L5_pyr,L4_exc,L4,264.0,319.4,234.8,190
1074,100241,100209,basket,L5_pyr,L5,104.0,627.2,236.0,708
1075,100056,100055,L23_pyr,L23_pyr,L2/3,48.0,174.3,196.7,127
1076,100110,100294,L4_exc,vip,L5,235.8,576.7,286.6,285
1077,100233,100075,basket,,L2/3,126.0,269.9,304.3,411
1078,100093,100145,L4_exc,L4_exc,L4,142.4,294.7,17.2,329
1079,100250,100160,basket,L4_exc,L4,289.9,367.2,166.4,1226
1080,100260,100082,basket,L23_pyr,L2/3,115.9,248.5,135.6,151
1081,100107,100289,L4_exc,vip,L5,-19.1,631.0,152.2,130
1082,100031,100176,L23_pyr,L5_pyr,L5,305.5,590.3,181.6,186
1083,100087,100018,L23_pyr,L23_pyr,L2/3,328.9,152.8,227.2,368
1084,100246,100237,basket,basket,L5,86.7,459.7,106.0,184
1085,100014,100211,L23_pyr,L5_pyr,L5,154.5,702.9,147.8,85
1086,100150,100194,L4_exc,L5_pyr,L5,187.7,541.9,132.1,77
1087,100267,100015,martinotti,L23_pyr,L2/3,163.6,136.9,105.7,139
1088,100049,100002,L23_pyr,L23_pyr,L2/3,45.8,230.2,248.4,208
1089,100058,100263,L23_pyr,martinotti,L4,37.5,393.4,177.6,308
1090,100285,100126,martinotti,L4_exc,L4,58.3,403.8,-14.4,193
1091,100034,100275,L23_pyr,martinotti,L5,303.5,449.0,181.1,205
1092,100170,100219,L5_pyr,L5_pyr,L5,132.6,605.4,139.5,118
1093,100262,100119,martinotti,L4_exc,L4,283.1,408.5,119.5,212
1094,100133,100152,L4_exc,L4_exc,L4,30.8,380.7,66.5,180
1095,100295,100039,vip,L23_pyr,L2/3,256.6,265.5,197.2,194
1096,100086,100199,L23_pyr,L5_pyr,L5,123.7,621.2,40.4,152
1097,100262,100234,martinotti,basket,L4,209.4,300.5,32.2,129
1098,100167,100138,L5_pyr,L4_exc,L4,328.3,335.8,177.5,112
1099,100059,100066,L23_pyr,L23_pyr,L2/3,15.2,312.3,125.6,129
1100,100090,100272,L23_pyr,martinotti,L2/3,10.5,260.1,248.9,224
1101,100253,100003,basket,L23_pyr,L2/3,125.1,147.1,123.2,326
1102,100286,100235,vip,basket,L5,12.8,510.2,170.7,332
1103,100117,100109,L4_exc,L4_exc,L4,32.1,367.5,243.4,230
1104,100140,100246,L4_exc,basket,L2/3,210.4,128.5,133.5,350
1105,100011,100053,L23_pyr,L23_pyr,L2/3,243.4,272.3,216.5,281
1106,100092,100161,L4_exc,L5_pyr,L5,194.5,563.8,172.5,288
1107,100288,100187,vip,L5_pyr,L5,3.1,622.5,118.0,95
1108,100014,100141,L23_pyr,L4_exc,L4,199.0,299.5,230.4,117
1109,100298,100119,vip,L4_exc,L4,214.6,410.8,125.7,180
1110,100292,100025,vip,L23_pyr,L2/3,143.0,257.4,136.7,171
1111,100106,100017,L4_exc,L23_pyr,L2/3,100.8,192.3,68.1,178
1112,100254,100159,basket,L4_exc,L4,251.5,308.2,302.9,333
1113,100120,100194,L4_exc,L5_pyr,L5,234.5,554.7,108.5,88
1114,100249,100232,basket,basket,L2/3,276.3,205.8,124.5,430
1115,100125,100225,L4_exc,basket,L4,231.0,399.6,271.9,251
1116,100282,100248,martinotti,basket,L2/3,273.5,313.1,90.6,312
1117,100261,100217,martinotti,L5_pyr,L5,92.8,499.8,152.9,383
1118,100113,100269,L4_exc,martinotti,L5,-0.7,516.3,274.5,232
1119,100229,100058,basket,L23_pyr,L2/3,130.0,191.9,192.6,414
1120,100159,100123,L4_exc,L4_exc,L4,181.4,330.7,121.3,178
1121,100044,100227,L23_pyr,basket,L5,138.8,477.1,23.4,107
1122,100211,100299,L5_pyr,vip,L4,73.7,288.5,176.8,332
1123,100038,100194,L23_pyr,L5_pyr,L5,173.4,571.4,172.5,202
1124,100011,100022,L23_pyr,L23_pyr,L2/3,127.3,228.0,75.8,228
1125,100023,100139,L23_pyr,L4_exc,L4,246.5,491.5,201.3,350
1126,100279,100131,martinotti,,L4,170.6,436.2,93.4,163
1127,100066,100073,L23_pyr,L23_pyr,L2/3,125.9,305.2,221.5,180
1128,100167,100197,L5_pyr,L5_pyr,L5,109.8,606.1,62.1,211
1129,100236,100120,basket,L4_exc,L4,245.2,375.2,227.9,157
1130,100152,100113,L4_exc,L4_exc,L4,105.8,364.3,81.6,288
1131,100134,100079,L4_exc,L23_pyr,L2/3,268.5,193.9,214.3,123
1132,100291,100124,vip,L4_exc,L4,68.0,290.2,155.5,906
1133,100133,100066,L4_exc,L23_pyr,L2/3,25.7,293.4,125.9,182
1134,100092,100065,L4_exc,L23_pyr,L2/3,146.0,259.6,36.5,254
1135,100136,100100,L4_exc,L4_exc,L4,271.3,340.6,250.0,305
1136,100060,100165,L23_pyr,L5_pyr,L5,120.6,499.3,236.7,207
1137,100171,100198,L5_pyr,L5_pyr,L5,42.8,591.7,-9.5,182
1138,100053,100212,L23_pyr,L5_pyr,L5,271.7,563.4,223.3,195
1139,100140,100207,L4_exc,L5_pyr,L5,-9.8,570.7,113.9,376
1140,100279,100117,martinotti,L4_exc,L4,100.8,322.5,183.4,251
1141,100036,100222,L23_pyr,basket,L4,280.8,408.4,25.5,206
1142,100278,100006,martinotti,L23_pyr,L2/3,216.6,121.8,135.3,215
1143,100129,100163,L4_exc,L5_pyr,L5,184.5,514.0,158.6,142
1144,100126,100161,L4_exc,L5_pyr,L5,204.7,528.9,167.7,298
1145,100069,100225,L23_pyr,basket,L4,202.9,326.0,288.6,382
1146,100138,100095,L4_exc,L4_exc,L4,169.4,472.1,266.1,112
1147,100060,100134,L23_pyr,L4_exc,L4,141.4,417.9,257.5,471
1148,100232,100137,basket,L4_exc,L4,33.9,473.0,269.5,228
1149,100084,100264,L23_pyr,martinotti,L2/3,153.7,200.1,-23.4,144
1150,100259,100120,basket,L4_exc,L4,254.2,458.6,133.9,67
1151,100136,100291,L4_exc,vip,L4,317.6,358.9,36.6,163
1152,100068,100145,L23_pyr,L4_exc,L4,127.9,295.9,38.2,692
1153,100272,100158,martinotti,L4_exc,L4,2.1,389.0,159.8,449
1154,100134,100224,L4_exc,basket,L5,94.7,581.6,130.6,105
1155,100200,100104,L5_pyr,L4_exc,L4,7.4,430.9,288.8,71
1156,100277,100273,martinotti,martinotti,L2/3,269.8,149.9,270.0,149
1157,100016,100300,L23_pyr,vip,L2/3,127.0,120.5,113.1,108
1158,100019,100143,L23_pyr,L4_exc,L4,75.5,361.6,235.2,184
1159,100276,100058,martinotti,L23_pyr,L2/3,94.0,200.7,150.5,96
1160,100261,100197,martinotti,L5_pyr,L5,126.8,579.9,137.9,116
1161,100128,100090,L4_exc,L23_pyr,L2/3,3.8,265.2,285.1,219
1162,100160,100147,L4_exc,L4_exc,L4,175.5,305.9,150.7,252
1163,100096,100231,L4_exc,basket,L2/3,80.1,286.8,89.4,145
1164,100070,100244,L23_pyr,basket,L2/3,10.8,298.5,68.6,436
1165,100287,100085,vip,L23_pyr,L2/3,18.1,329.4,3.1,165
1166,100057,100245,L23_pyr,basket,L2/3,72.7,242.9,237.7,54
1167,100003,100072,L23_pyr,L23_pyr,L2/3,330.1,233.0,289.8,195
1168,100029,100095,L23_pyr,L4_exc,L4,201.4,409.4,247.3,206
1169,100186,100162,L5_pyr,L5_pyr,L5,11.3,618.3,51.2,51
1170,100232,100249,basket,basket,L4,172.4,440.5,86.8,628
1171,100075,100062,L23_pyr,L23_pyr,L2/3,30.7,156.2,174.6,52
1172,100020,100036,L23_pyr,L23_pyr,L2/3,173.5,191.2,5.9,306
1173,100268,100096,martinotti,L4_exc,L4,59.4,313.9,185.3,293
1174,100021,100035,L23_pyr,L23_pyr,L2/3,287.3,85.8,269.9,527
1175,100171,100242,L5_pyr,basket,L4,189.3,340.7,253.9,182
1176,100094,100095,L4_exc,L4_exc,L4,172.8,395.9,233.1,292
1177,100020,100242,L23_pyr,basket,L4,203.5,282.9,275.9,285
1178,100044,100273,L23_pyr,martinotti,L2/3,264.3,129.7,240.8,115
1179,100110,100136,L4_exc,L4_exc,L4,290.9,367.1,208.1,327
1180,100076,100254,L23_pyr,basket,L4,262.3,383.7,226.4,344
1181,100200,100266,L5_pyr,martinotti,L5,330.0,432.2,143.5,183
1182,100196,100205,L5_pyr,L5_pyr,L5,95.0,619.2,39.8,57
1183,100264,100031,martinotti,L23_pyr,L2/3,83.7,271.4,-28.3,196
1184,100137,100181,L4_exc,L5_pyr,L5,21.9,486.1,221.5,91
1185,100146,100001,L4_exc,L23_pyr,L2/3,146.1,212.3,75.7,147
1186,100284,100279,martinotti,martinotti,L5,150.4,628.0,221.1,233
1187,100209,100297,L5_pyr,vip,L5,265.2,523.7,4.6,196
1188,100049,100170,L23_pyr,L5_pyr,L5,129.8,622.5,105.8,319
1189,100025,100094,L23_pyr,,L4,91.0,281.8,260.0,129
1190,100030,100106,L23_pyr,L4_exc,L4,195.2,335.5,100.1,58
1191,100228,100110,basket,L4_exc,L4,232.1,380.7,141.9,165
1192,100244,100126,basket,L4_exc,L4,52.5,449.8,-8.2,471
1193,100236,100263,basket,martinotti,L4,19.0,380.4,178.6,266
1194,100097,100236,L4_exc,basket,L4,9.7,409.2,220.0,125
1195,100071,100186,L23_pyr,L5_pyr,L5,118.6,623.4,179.7,242
1196,100074,100011,L23_pyr,L23_pyr,L2/3,-6.5,124.5,6.9,288
1197,100018,100157,L23_pyr,L4_exc,L4,122.7,295.4,84.3,269
1198,100248,100108,basket,L4_exc,L4,229.8,347.8,55.7,242
1199,100291,100238,vip,basket,L4,84.3,379.9,215.7,228
1200,100195,100267,L5_pyr,martinotti,L2/3,120.2,140.8,6.4,67
1201,100100,100274,L4_exc,martinotti,L2/3,249.2,212.9,176.3,606
1202,100050,100022,L23_pyr,L23_pyr,L2/3,131.2,243.3,51.6,148
1203,100116,100221,L4_exc,basket,L4,191.4,411.5,78.3,171
1204,100148,100265,L4_exc,martinotti,L5,200.2,674.4,30.0,356
1205,100066,100003,L23_pyr,L23_pyr,L2/3,137.5,148.7,117.7,158
1206,100040,100228,L23_pyr,basket,L5,147.8,691.5,62.1,55
1207,100255,100206,basket,L5_pyr,L5,84.1,488.3,96.0,299
1208,100139,100274,L4_exc,martinotti,L2/3,283.5,217.6,140.9,186
1209,100165,100095,L5_pyr,L4_exc,L4,160.3,386.4,206.7,173
1210,100215,100271,L5_pyr,martinotti,L5,171.7,489.8,320.8,50
1211,100299,100294,vip,vip,L5,220.8,494.4,283.6,139
1212,100094,100262,L4_exc,martinotti,L2/3,208.1,199.9,-0.5,412
1213,100037,100145,L23_pyr,L4_exc,L4,160.2,289.7,3.8,365
1214,100145,100255,L4_exc,,L4,243.7,311.6,155.0,184
1215,100129,100095,L4_exc,L4_exc,L4,165.1,440.3,273.9,100
1216,100153,100109,L4_exc,L4_exc,L4,68.2,373.1,213.5,72
1217,100273,100038,martinotti,L23_pyr,L2/3,88.9,260.3,106.4,155
1218,100209,100190,L5_pyr,L5_pyr,L5,252.6,506.1,165.3,284
1219,100010,100150,L23_pyr,L4_exc,L4,73.9,370.2,128.1,220
1220,100280,100043,martinotti,L23_pyr,L2/3,171.6,201.0,189.5,411
1221,100127,100248,L4_exc,basket,L2/3,247.1,255.7,91.3,656
1222,100105,100268,L4_exc,martinotti,L4,129.3,307.1,146.7,186
1223,100055,100034,L23_pyr,L23_pyr,L2/3,282.8,263.9,172.7,125
1224,100282,100048,martinotti,L23_pyr,L2/3,49.1,136.5,108.6,489
1225,100074,100060,L23_pyr,L23_pyr,L2/3,114.6,152.2,269.0,162
1226,100098,100182,L4_exc,L5_pyr,L5,188.6,700.6,1.6,262
1227,100221,100106,basket,L4_exc,L4,168.4,268.1,108.9,246
1228,100138,100083,L4_exc,L23_pyr,L2/3,271.4,263.3,105.0,107
1229,100058,100111,L23_pyr,L4_exc,L4,27.2,267.5,103.6,79
1230,100279,100146,martinotti,L4_exc,L4,55.4,434.4,29.7,249
1231,100241,100207,basket,L5_pyr,L5,-44.8,582.7,79.9,530
1232,100216,100140,L5_pyr,L4_exc,L4,41.7,411.1,1.1,72
1233,100273,100063,martinotti,L23_pyr,L2/3,271.4,92.0,274.8,171
1234,100105,100204,L4_exc,L5_pyr,L5,134.9,595.0,25.5,74
1235,100104,100058,L4_exc,L23_pyr,L2/3,120.3,145.2,156.2,453
1236,100229,100035,basket,L23_pyr,L2/3,276.3,66.5,312.2,116
1237,100117,100221,L4_exc,basket,L4,182.1,399.3,138.6,102
1238,100251,100226,basket,basket,L4,17.4,362.6,25.7,480
1239,100134,100142,L4_exc,L4_exc,L4,297.3,349.5,37.4,128
1240,100240,100278,basket,martinotti,L2/3,259.5,269.7,192.3,126
1241,100181,100231,L5_pyr,basket,L2/3,109.0,268.0,51.9,666
1242,100271,100119,martinotti,L4_exc,L4,266.6,365.6,133.2,508
1243,100226,100092,basket,L4_exc,L4,262.4,394.6,152.2,273
1244,100158,100064,L4_exc,L23_pyr,L2/3,219.0,300.7,234.0,231
1245,100144,100128,L4_exc,L4_exc,L4,263.9,299.1,185.6,145
1246,100107,100245,L4_exc,basket,L2/3,90.9,312.1,231.0,509
1247,100288,100237,vip,basket,L5,75.6,477.0,71.7,410
1248,100067,100179,L23_pyr,L5_pyr,L5,161.6,544.2,293.1,75
1249,100131,100229,L4_exc,basket,L2/3,300.7,254.7,185.9,168
1250,100272,100097,martinotti,L4_exc,L4,118.9,273.8,85.7,107
1251,100163,100270,L5_pyr,martinotti,L5,109.7,512.4,296.1,286
1252,100054,100030,L23_pyr,L23_pyr,L2/3,285.1,263.5,77.6,353
1253,100029,100224,L23_pyr,basket,L5,74.4,513.9,128.4,495
1254,100024,100038,L23_pyr,L23_pyr,L2/3,63.8,289.3,52.4,144
1255,100011,100287,L23_pyr,vip,L4,247.4,284.4,5.1,100
1256,100160,100250,L4_exc,basket,L4,259.4,304.3,187.8,312
1257,100008,100114,L23_pyr,L4_exc,L4,85.9,296.1,258.0,143
1258,100107,100234,L4_exc,basket,L4,152.3,312.9,25.0,905
1259,100044,100123,L23_pyr,L4_exc,L4,182.4,323.4,106.0,516
1260,100089,100245,L23_pyr,basket,L2/3,71.3,278.1,276.4,121
1261,100083,100159,L23_pyr,L4_exc,L4,294.0,258.8,275.2,242
1262,100212,100026,L5_pyr,L23_pyr,L2/3,184.8,263.2,260.4,148
1263,100148,100111,L4_exc,L4_exc,L4,37.6,264.6,125.4,95
1264,100005,100046,L23_pyr,L23_pyr,L2/3,241.9,213.9,153.5,307
1265,100283,100116,martinotti,L4_exc,L4,138.5,352.3,31.6,104
1266,100253,100104,basket,L4_exc,L4,42.6,464.6,283.4,276
1267,100098,100186,L4_exc,L5_pyr,L5,119.3,643.1,147.2,135
1268,100183,100119,L5_pyr,L4_exc,L4,230.5,384.1,119.1,114
1269,100145,100105,L4_exc,L4_exc,L4,146.0,336.7,125.3,214
1270,100170,100288,L5_pyr,vip,L5,58.4,441.0,167.3,101
1271,100120,100278,L4_exc,martinotti,L2/3,277.5,239.5,231.5,87
1272,100013,100154,L23_pyr,L4_exc,L4,135.8,432.5,1.8,672
1273,100135,100286,L4_exc,vip,L5,184.6,503.0,115.7,120
1274,100152,100048,L4_exc,L23_pyr,L2/3,7.2,130.0,49.2,226
1275,100030,100015,L23_pyr,L23_pyr,L2/3,212.9,163.3,68.2,179
1276,100091,100073,L4_exc,L23_pyr,L2/3,157.6,270.7,231.7,183
1277,100179,100114,L5_pyr,L4_exc,L4,62.5,403.5,294.1,389
1278,100255,100068,basket,L23_pyr,L2/3,3.5,65.4,227.9,265
1279,100088,100295,L23_pyr,vip,L2/3,84.5,340.4,158.1,121
1280,100181,100204,L5_pyr,L5_pyr,L5,169.5,636.9,87.5,159
1281,100103,100251,L4_exc,basket,L2/3,244.0,145.3,169.8,354
1282,100210,100076,L5_pyr,L23_pyr,L2/3,104.0,184.3,236.1,51
1283,100247,100089,basket,L23_pyr,L2/3,100.0,79.5,189.7,312
1284,100249,100142,basket,L4_exc,L4,275.4,369.4,55.8,157
1285,100175,100285,L5_pyr,martinotti,L5,197.7,658.5,-36.0,133
1286,100215,100156,L5_pyr,L4_exc,L4,10.9,347.7,107.4,156
1287,100009,100258,L23_pyr,basket,L2/3,203.4,110.0,56.0,521
1288,100097,100247,L4_exc,basket,L2/3,75.3,78.6,-12.6,305
1289,100015,100145,L23_pyr,L4_exc,L4,121.7,291.9,10.6,242
1290,100191,100284,L5_pyr,martinotti,L5,196.1,533.2,142.7,79
1291,100011,100121,L23_pyr,L4_exc,L4,255.9,297.4,224.1,227
1292,100240,100092,basket,L4_exc,L4,284.8,418.1,162.6,190
1293,100143,100026,L4_exc,L23_pyr,L2/3,180.3,289.5,230.9,80
1294,100224,100232,basket,basket,L2/3,229.6,199.5,84.9,122
1295,100153,100104,L4_exc,L4_exc,L4,-7.0,414.5,281.0,130
1296,100285,100184,martinotti,L5_pyr,L5,118.3,574.6,71.9,174
1297,100181,100050,L5_pyr,L23_pyr,L2/3,89.9,224.0,108.1,132
1298,100115,100023,L4_exc,L23_pyr,L2/3,311.5,302.5,236.4,49
1299,100195,100255,L5_pyr,basket,L4,303.4,309.4,167.0,203
1300,100060,100176,L23_pyr,L5_pyr,L5,297.3,539.0,189.5,339
1301,100048,100051,L23_pyr,L23_pyr,L2/3,-8.5,82.2,194.7,896
1302,100298,100183,vip,L5_pyr,L5,170.4,481.0,200.0,299
1303,100149,100260,L4_exc,basket,L4,149.9,342.3,282.6,220
1304,100283,100191,martinotti,L5_pyr,L5,147.5,544.4,282.0,75
1305,100184,100123,L5_pyr,L4_exc,L4,137.5,317.7,159.2,235
1306,100139,100105,L4_exc,L4_exc,L4,146.4,302.0,178.3,69
1307,100286,100044,vip,L23_pyr,L2/3,187.9,230.3,231.7,322
1308,100182,100197,L5_pyr,L5_pyr,L5,118.0,565.4,108.5,146
1309,100106,100105,L4_exc,L4_exc,L4,148.7,301.2,205.3,257
1310,100216,100260,L5_pyr,basket,L4,166.2,320.6,272.7,217
1311,100257,100085,basket,L23_pyr,L2/3,31.3,310.1,74.4,289
1312,100241,100085,basket,L23_pyr,L2/3,50.0,265.8,73.2,587
1313,100273,100028,martinotti,L23_pyr,L2/3,57.5,114.3,99.6,164
1314,100067,100151,L23_pyr,L4_exc,L4,-16.0,405.9,84.9,98
1315,100158,100123,L4_exc,L4_exc,L4,114.8,356.0,131.8,104
1316,100097,100295,L4_exc,vip,L2/3,98.0,304.2,183.3,114
1317,100243,100140,basket,L4_exc,L4,46.1,417.5,27.2,100
1318,100240,100077,basket,L23_pyr,L2/3,266.9,105.3,133.9,345
1319,100166,100067,L5_pyr,L23_pyr,L2/3,70.0,229.9,56.0,221
1320,100122,100061,L4_exc,L23_pyr,L2/3,332.4,255.0,162.1,158
1321,100097,100066,L4_exc,L23_pyr,L2/3,-17.3,281.8,101.7,117
1322,100261,100072,martinotti,L23_pyr,L2/3,306.7,257.4,249.6,254
1323,100010,100253,L23_pyr,basket,L2/3,254.8,232.1,144.1,183
1324,100116,100158,L4_exc,L4_exc,L4,29.0,416.7,183.3,238
1325,100209,100279,L5_pyr,martinotti,L5,157.6,700.7,200.4,358
1326,100292,100030,vip,L23_pyr,L2/3,249.5,299.6,103.1,64
1327,100150,100039,L4_exc,L23_pyr,L2/3,307.6,276.5,242.2,89
1328,100050,100162,L23_pyr,L5_pyr,L5,-3.4,624.6,123.0,88
1329,100264,100250,martinotti,basket,L4,199.0,332.5,160.8,724
1330,100006,100135,L23_pyr,L4_exc,L4,227.6,408.0,21.9,187
1331,100260,100097,basket,,L4,153.3,306.5,91.1,253
1332,100175,100206,L5_pyr,L5_pyr,L5,134.0,483.6,131.9,216
1333,100244,100008,basket,L23_pyr,L2/3,155.7,218.8,231.2,219
1334,100251,100074,basket,L23_pyr,L2/3,230.1,272.7,281.6,496
1335,100196,100059,L5_pyr,L23_pyr,L2/3,58.9,224.0,262.9,105
1336,100043,100231,L23_pyr,basket,L2/3,55.6,197.4,99.3,193
1337,100119,100291,L4_exc,vip,L4,270.2,397.3,51.9,446
1338,100028,100190,L23_pyr,L5_pyr,L5,297.4,517.6,201.9,148
1339,100205,100281,L5_pyr,martinotti,L4,4.1,435.1,171.6,335
1340,100060,100215,L23_pyr,L5_pyr,L5,10.1,553.7,265.2,184
1341,100196,100136,L5_pyr,L4_exc,L4,279.1,378.8,246.8,210
1342,100091,100286,L4_exc,vip,L5,230.5,592.6,80.6,219
1343,100112,100085,L4_exc,L23_pyr,L2/3,68.3,273.6,58.6,94
1344,100291,100013,vip,L23_pyr,L2/3,100.8,239.3,65.2,334
1345,100295,100070,vip,L23_pyr,L2/3,304.6,160.4,272.2,207
1346,100172,100140,L5_pyr,L4_exc,L4,15.8,408.6,-1.3,75
1347,100136,100178,L4_exc,L5_pyr,L5,299.5,585.1,182.9,109
1348,100286,100073,vip,L23_pyr,L2/3,104.3,285.3,219.9,270
1349,100038,100052,L23_pyr,L23_pyr,L2/3,241.9,244.8,113.7,44
1350,100018,100050,L23_pyr,L23_pyr,L2/3,81.3,226.9,81.0,63
1351,100201,100278,L5_pyr,martinotti,L2/3,214.1,268.8,187.9,227
1352,100255,100031,basket,L23_pyr,L2/3,116.9,312.3,10.7,181
1353,100285,100119,martinotti,L4_exc,L4,230.7,400.9,116.8,228
1354,100042,100003,L23_pyr,L23_pyr,L2/3,75.6,132.3,120.9,196
1355,100206,100159,L5_pyr,L4_exc,L4,272.5,348.7,295.9,126
1356,100149,100046,L4_exc,L23_pyr,L2/3,217.9,155.0,142.7,134
1357,100100,100273,L4_exc,martinotti,L2/3,332.8,129.4,245.3,236
1358,100297,100227,vip,basket,L5,145.2,479.7,12.0,236
1359,100151,100268,L4_exc,martinotti,L4,180.7,322.1,214.6,119
1360,100250,100034,basket,L23_pyr,L2/3,215.1,237.6,152.0,256
1361,100238,100153,basket,,L4,42.8,386.2,215.8,491
1362,100185,100259,L5_pyr,basket,L5,278.4,665.4,236.8,132
1363,100014,100186,L23_pyr,L5_pyr,L5,116.1,699.2,196.6,168
1364,100261,100277,martinotti,martinotti,L4,-7.8,293.8,139.3,315
1365,100010,100057,L23_pyr,L23_pyr,L2/3,205.0,181.2,231.4,58
1366,100221,100158,basket,L4_exc,L4,16.3,429.1,213.0,136
1367,100168,100125,L5_pyr,L4_exc,L4,184.2,411.6,-23.8,148
1368,100011,100068,L23_pyr,L23_pyr,L2/3,2.4,129.4,157.5,274
1369,100133,100196,L4_exc,L5_pyr,L5,-8.6,672.1,101.5,225
1370,100266,100039,martinotti,,L2/3,314.7,265.6,224.0,523
1371,100120,100288,L4_exc,vip,L5,78.4,422.2,177.2,145
1372,100082,100020,L23_pyr,L23_pyr,L2/3,139.4,157.2,167.9,180
1373,100256,100081,basket,L23_pyr,L2/3,-0.6,220.2,120.1,200
1374,100240,100169,basket,L5_pyr,L5,7.6,493.3,271.8,226
1375,100067,100263,L23_pyr,martinotti,L4,54.3,374.8,223.4,77
1376,100231,100035,basket,L23_pyr,L2/3,244.5,98.1,220.5,160
1377,100241,100091,basket,L4_exc,L4,301.2,459.7,299.9,189
1378,100228,100205,basket,L5_pyr,L5,96.5,610.6,91.8,248
1379,100051,100239,L23_pyr,basket,L2/3,77.4,122.6,317.4,93
1380,100227,100249,basket,basket,L4,163.1,469.6,75.5,275
1381,100085,100296,L23_pyr,vip,L2/3,167.7,256.9,183.0,307
1382,100108,100132,L4_exc,L4_exc,L4,313.6,445.7,62.6,256
1383,100172,100265,L5_pyr,martinotti,L5,192.5,667.0,35.9,317
1384,100058,100253,L23_pyr,basket,L2/3,218.1,159.3,169.4,384
1385,100280,100029,martinotti,L23_pyr,L2/3,81.3,155.7,95.3,428
1386,100224,100262,basket,martinotti,L2/3,161.2,210.1,-59.8,363
1387,100043,100054,L23_pyr,L23_pyr,L2/3,107.1,65.2,85.6,250
1388,100222,100195,basket,L5_pyr,L5,94.6,693.1,134.2,254
1389,100102,100156,L4_exc,L4_exc,L4,72.3,324.4,91.3,187
1390,100231,100081,basket,L23_pyr,L2/3,13.8,237.8,113.7,239
1391,100235,100270,basket,martinotti,L5,159.0,512.9,266.5,102
1392,100207,100212,L5_pyr,L5_pyr,L5,250.6,483.1,241.7,320
1393,100081,100051,L23_pyr,L23_pyr,L2/3,-6.0,118.1,181.9,69
1394,100155,100267,L4_exc,martinotti,L2/3,66.2,119.1,38.0,241
1395,100222,100106,basket,L4_exc,L4,170.9,342.5,75.4,353
1396,100103,100014,L4_exc,L23_pyr,L2/3,35.0,306.7,225.5,242
1397,100053,100047,L23_pyr,L23_pyr,L2/3,67.6,193.1,286.7,91
1398,100157,100118,L4_exc,L4_exc,L4,109.3,409.7,244.0,240
1399,100103,100123,L4_exc,L4_exc,L4,173.0,343.9,207.2,162
1400,100036,100255,L23_pyr,basket,L4,237.1,315.5,110.2,140
1401,100101,100297,L4_exc,vip,L5,230.7,496.9,30.2,111
1402,100199,100188,L5_pyr,L5_pyr,L5,243.6,599.4,151.1,217
1403,100173,100044,L5_pyr,L23_pyr,L2/3,226.4,205.6,172.2,94
1404,100069,100088,L23_pyr,,L2/3,135.8,220.7,230.5,169
1405,100101,100264,L4_exc,martinotti,L2/3,141.6,198.0,14.7,243
1406,100206,100150,L5_pyr,L4_exc,L4,116.5,432.2,96.8,108
1407,100267,100024,martinotti,L23_pyr,L2/3,147.3,173.8,-0.4,960
1408,100040,100128,L23_pyr,L4_exc,L4,279.4,335.1,223.6,147
1409,100094,100224,L4_exc,basket,L5,115.4,520.1,151.2,180
1410,100205,100181,L5_pyr,L5_pyr,L5,31.3,487.9,206.1,319
1411,100101,100263,L4_exc,martinotti,L4,4.4,381.1,135.9,91
1412,100128,100242,L4_exc,basket,L4,210.1,281.8,254.3,125
1413,100185,100279,L5_pyr,martinotti,L5,128.4,638.9,202.2,494
1414,100292,100149,vip,L4_exc,L4,15.6,271.9,127.1,411
1415,100195,100243,L5_pyr,basket,L2/3,39.0,289.7,80.7,172
1416,100059,100264,L23_pyr,martinotti,L2/3,125.7,169.8,19.8,212
1417,100002,100229,L23_pyr,basket,L2/3,316.9,232.1,148.2,93
1418,100085,100083,L23_pyr,L23_pyr,L2/3,225.8,204.1,101.3,90
1419,100085,100227,L23_pyr,basket,L5,158.3,452.2,-16.7,198
1420,100123,100080,L4_exc,L23_pyr,L2/3,155.9,131.3,202.7,300
1421,100063,100020,L23_pyr,L23_pyr,L2/3,189.0,190.3,179.0,106
1422,100257,100217,basket,L5_pyr,L5,107.3,547.7,184.3,343
1423,100189,100223,L5_pyr,basket,L5,271.0,693.1,248.9,98
1424,100029,100058,L23_pyr,L23_pyr,L2/3,95.6,193.8,133.3,142
1425,100205,100223,L5_pyr,basket,L5,241.7,671.9,261.1,337
1426,100267,100107,martinotti,L4_exc,L4,79.7,367.6,124.5,308
1427,100034,100024,L23_pyr,L23_pyr,L2/3,112.6,167.1,58.8,137
1428,100173,100281,L5_pyr,martinotti,L4,-1.4,403.5,161.6,90
1429,100030,100292,L23_pyr,vip,L2/3,27.8,280.3,197.4,289
1430,100056,100031,L23_pyr,L23_pyr,L2/3,123.5,237.0,-38.6,162
1431,100252,100102,basket,L4_exc,L4,72.8,391.2,76.4,282
1432,100175,100194,L5_pyr,L5_pyr,L5,180.6,597.1,131.5,309
1433,100248,100057,basket,L23_pyr,L2/3,141.8,157.0,230.5,617
1434,100182,100066,L5_pyr,L23_pyr,L2/3,45.9,324.5,76.7,139
1435,100111,100050,L4_exc,L23_pyr,L2/3,25.8,239.7,88.4,217
1436,100190,100208,L5_pyr,L5_pyr,L5,281.7,640.2,77.8,276
1437,100245,100228,basket,basket,L5,130.8,700.8,15.7,263
1438,100240,100260,basket,basket,L4,163.9,348.6,287.8,469
1439,100021,100076,L23_pyr,L23_pyr,L2/3,9.8,196.6,275.8,205
1440,100037,100152,L23_pyr,L4_exc,L4,-4.6,377.1,122.2,180
1441,100163,100111,L5_pyr,L4_exc,L4,92.2,309.8,59.6,145
1442,100110,100141,L4_exc,L4_exc,L4,213.0,330.4,223.9,202
1443,100225,100282,basket,martinotti,L2/3,21.4,112.1,83.6,279
1444,100205,100243,L5_pyr,basket,L2/3,48.9,319.2,103.4,197
1445,100141,100274,L4_exc,martinotti,L2/3,269.5,232.6,121.7,180
1446,100024,100244,L23_pyr,basket,L2/3,55.6,291.0,90.2,132
1447,100086,100246,L23_pyr,basket,L2/3,237.1,92.4,75.3,133
1448,100213,100197,L5_pyr,L5_pyr,L5,104.1,584.6,82.2,315
1449,100280,100018,martinotti,L23_pyr,L2/3,257.4,72.6,214.7,135
1450,100006,100153,L23_pyr,L4_exc,L4,84.6,402.2,249.4,191
1451,100113,100214,L4_exc,L5_pyr,L5,125.1,568.7,228.4,153
1452,100163,100039,L5_pyr,L23_pyr,L2/3,294.5,283.2,155.9,128
1453,100108,100176,L4_exc,L5_pyr,L5,300.4,648.5,191.4,153
1454,100188,100092,L5_pyr,L4_exc,L4,262.9,422.1,136.0,215
1455,100057,100066,L23_pyr,L23_pyr,L2/3,32.4,233.8,74.2,144
1456,100273,100261,martinotti,martinotti,L5,136.2,539.2,84.0,126
1457,100044,100148,L23_pyr,L4_exc,L4,178.5,335.2,191.4,82
1458,100033,100229,L23_pyr,basket,L2/3,314.6,273.3,174.3,137
1459,100232,100200,basket,L5_pyr,L5,58.6,556.8,307.7,273
1460,100040,100039,L23_pyr,L23_pyr,L2/3,264.6,287.2,205.7,126
1461,100100,100118,L4_exc,L4_exc,L4,39.6,352.0,274.9,139
1462,100014,100123,L23_pyr,L4_exc,L4,158.3,305.9,145.1,118
1463,100118,100114,L4_exc,L4_exc,L4,48.9,320.2,258.4,211
1464,100143,100244,L4_exc,basket,L2/3,-34.2,287.4,93.1,270
1465,100159,100092,L4_exc,L4_exc,L4,251.3,417.4,115.9,186
1466,100135,100074,L4_exc,L23_pyr,L2/3,255.9,228.4,282.5,229
1467,100286,100261,vip,martinotti,L5,122.4,548.8,115.9,320
1468,100147,100103,L4_exc,L4_exc,L4,140.1,308.7,336.3,342
1469,100213,100262,L5_pyr,martinotti,L2/3,143.3,254.2,19.7,203
1470,100201,100251,L5_pyr,basket,L2/3,214.2,47.6,232.1,125
1471,100240,100131,basket,L4_exc,L4,106.9,412.2,110.1,402
1472,100132,100148,L4_exc,L4_exc,L4,231.4,319.3,150.2,294
1473,100130,100267,L4_exc,martinotti,L2/3,78.2,175.2,7.9,237
1474,100157,100215,L4_exc,L5_pyr,L5,-0.7,618.7,252.0,193
1475,100027,100268,L23_pyr,martinotti,L4,134.1,360.1,207.8,100
1476,100054,100073,L23_pyr,L23_pyr,L2/3,163.7,267.7,245.5,378
1477,100258,100017,basket,L23_pyr,L2/3,104.6,170.7,71.6,224
1478,100290,100073,vip,L23_pyr,L2/3,182.1,308.5,252.5,210
1479,100231,100076,basket,L23_pyr,L2/3,54.8,227.3,320.6,290
1480,100139,100254,L4_exc,basket,L4,241.0,387.1,220.2,158
1481,100168,100264,L5_pyr,martinotti,L2/3,161.6,192.7,-17.7,194
1482,100271,100103,martinotti,L4_exc,L4,106.3,283.4,282.1,514
1483,100172,100265,L5_pyr,martinotti,L5,219.2,677.2,17.3,235
1484,100077,100115,L23_pyr,L4_exc,L4,155.3,362.7,189.6,177
1485,100051,100251,L23_pyr,basket,L2/3,228.9,91.2,224.5,155
1486,100257,100270,basket,martinotti,L5,165.4,492.5,313.4,560
1487,100025,100213,L23_pyr,L5_pyr,L5,110.5,475.8,74.2,207
1488,100150,100268,L4_exc,martinotti,L4,123.0,345.7,162.1,191
1489,100082,100132,L23_pyr,L4_exc,L4,280.5,421.8,94.4,92
1490,100088,100019,L23_pyr,L23_pyr,L2/3,91.0,186.4,289.0,402
1491,100223,100145,basket,L4_exc,L4,144.9,307.0,29.8,177
1492,100110,100217,L4_exc,L5_pyr,L5,111.5,578.3,166.7,308
1493,100300,100008,vip,L23_pyr,L2/3,148.2,186.9,236.8,234
1494,100007,100136,L23_pyr,L4_exc,L4,283.2,370.3,231.2,427
1495,100032,100295,L23_pyr,vip,L2/3,88.4,276.8,151.9,107
1496,100105,100175,L4_exc,L5_pyr,L5,114.3,675.4,135.7,112
1497,100108,100230,L4_exc,basket,L5,134.4,646.1,242.1,455
1498,100266,100274,martinotti,martinotti,L2/3,306.0,212.8,121.8,630
1499,100060,100006,L23_pyr,L23_pyr,L2/3,219.5,184.2,199.1,307
1500,100062,100238,L23_pyr,basket,L4,113.9,435.4,241.8,175
1501,100296,100004,vip,L23_pyr,L2/3,61.8,135.8,85.5,209
1502,100186,100162,L5_pyr,L5_pyr,L5,40.1,664.5,96.3,302
1503,100044,100084,L23_pyr,,L2/3,121.8,195.1,14.6,182
1504,100288,100231,vip,basket,L2/3,88.4,259.0,74.6,204
1505,100189,100074,L5_pyr,L23_pyr,L2/3,224.4,252.0,302.2,108
1506,100008,100264,L23_pyr,martinotti,L2/3,186.7,257.1,0.7,72
1507,100249,100129,basket,L4_exc,L4,204.3,458.9,132.9,264
1508,100253,100210,basket,L5_pyr,L5,25.5,489.8,266.6,293
1509,100163,100255,L5_pyr,basket,L4,273.4,336.3,124.1,175
1510,100238,100242,basket,basket,L4,179.7,329.1,251.1,234
1511,100006,100041,L23_pyr,L23_pyr,L2/3,5.2,301.0,220.3,85
1512,100215,100230,L5_pyr,basket,L5,143.0,616.3,298.5,53
1513,100079,100266,L23_pyr,martinotti,L5,259.2,464.5,167.1,219
1514,100055,100058,L23_pyr,L23_pyr,L2/3,147.1,166.1,169.3,83
1515,100207,100220,L5_pyr,L5_pyr,L5,258.4,588.3,130.5,132
1516,100002,100111,L23_pyr,L4_exc,L4,-23.7,321.7,102.1,187
1517,100009,100001,L23_pyr,L23_pyr,L2/3,108.7,199.0,51.7,321
1518,100263,100194,martinotti,L5_pyr,L5,167.9,571.4,159.7,359
1519,100292,100236,vip,basket,L4,59.8,357.2,252.8,473
1520,100135,100066,L4_exc,L23_pyr,L2/3,50.9,274.6,58.7,233
1521,100287,100234,vip,basket,L4,206.3,314.7,19.5,123
1522,100275,100255,martinotti,basket,L4,257.7,329.8,122.8,115
1523,100141,100076,L4_exc,L23_pyr,L2/3,30.6,193.7,218.1,124
1524,100096,100263,L4_exc,martinotti,L4,-18.7,392.1,171.3,163
1525,100176,100134,L5_pyr,L4_exc,L4,183.7,452.0,252.4,203
1526,100205,100237,L5_pyr,basket,L5,41.3,518.5,107.9,392
1527,100063,100272,L23_pyr,martinotti,L2/3,91.7,246.5,197.2,107
1528,100263,100117,martinotti,L4_exc,L4,113.1,387.4,160.8,1356
1529,100105,100250,L4_exc,basket,L4,238.6,306.8,180.8,207
1530,100228,100194,basket,L5_pyr,L5,224.1,527.1,110.7,158
1531,100133,100094,L4_exc,L4_exc,L4,75.3,305.6,263.0,69
1532,100294,100268,vip,martinotti,L4,171.1,304.9,193.6,771
1533,100051,100053,L23_pyr,L23_pyr,L2/3,238.3,295.1,208.3,414
1534,100248,100271,basket,martinotti,L5,90.6,549.4,294.1,905
1535,100074,100113,L23_pyr,L4_exc,L4,91.1,415.2,107.2,136
1536,100201,100212,L5_pyr,L5_pyr,L5,254.3,601.6,202.0,192
1537,100022,100024,L23_pyr,L23_pyr,L2/3,114.5,178.8,70.8,153
1538,100190,100106,L5_pyr,L4_exc,L4,174.2,350.8,71.6,474
1539,100013,100081,L23_pyr,,L2/3,16.4,232.7,78.5,202
1540,100269,100032,martinotti,L23_pyr,L2/3,55.5,301.1,190.0,102
1541,100255,100088,basket,L23_pyr,L2/3,113.3,233.5,206.8,717
1542,100089,100145,L23_pyr,L4_exc,L4,159.3,315.3,-33.7,190
1543,100252,100053,basket,L23_pyr,L2/3,249.9,322.5,196.0,236
1544,100082,100093,L23_pyr,L4_exc,L4,201.0,356.4,124.1,429
1545,100164,100227,L5_pyr,basket,L5,113.9,415.0,-10.7,272
1546,100299,100155,vip,L4_exc,L4,234.7,398.7,37.6,192
1547,100066,100148,L23_pyr,L4_exc,L4,193.0,329.1,161.6,151
1548,100100,100016,L4_exc,L23_pyr,L2/3,173.2,222.0,106.3,136
1549,100239,100040,basket,L23_pyr,L2/3,256.3,171.5,186.7,492
1550,100066,100239,L23_pyr,basket,L2/3,129.4,161.6,280.7,278
1551,100015,100231,L23_pyr,basket,L2/3,77.7,303.3,65.7,131
1552,100017,100282,L23_pyr,martinotti,L2/3,-3.7,135.8,112.1,55
1553,100207,100163,L5_pyr,L5_pyr,L5,233.6,528.0,151.2,205
1554,100093,100255,L4_exc,basket,L4,231.9,335.9,165.8,310
1555,100031,100091,L23_pyr,L4_exc,L4,281.6,468.1,238.2,180
1556,100100,100151,L4_exc,L4_exc,L4,16.2,433.2,78.7,135
1557,100112,100047,L4_exc,L23_pyr,L2/3,97.0,219.8,252.9,128
1558,100089,100066,L23_pyr,L23_pyr,L2/3,8.2,314.6,63.7,412
1559,100172,100265,L5_pyr,martinotti,L5,177.0,703.0,13.8,112
1560,100094,100097,L4_exc,L4_exc,L4,138.5,299.6,58.7,233
1561,100244,100034,basket,L23_pyr,L2/3,241.2,231.8,181.5,112
1562,100266,100003,martinotti,L23_pyr,L2/3,123.6,190.1,92.2,98
1563,100261,100265,martinotti,martinotti,L5,250.2,676.1,50.1,992
1564,100057,100070,L23_pyr,L23_pyr,L2/3,315.4,147.6,275.1,237
1565,100194,100211,L5_pyr,L5_pyr,L5,206.9,633.8,134.4,404
1566,100002,100034,L23_pyr,L23_pyr,L2/3,244.0,242.1,180.7,216
1567,100265,100164,martinotti,L5_pyr,L5,118.8,517.7,103.2,107
1568,100036,100231,L23_pyr,basket,L2/3,81.1,234.6,104.3,128
1569,100173,100198,L5_pyr,L5_pyr,L5,39.3,588.3,1.3,66
1570,100160,100107,L4_exc,L4_exc,L4,109.2,371.9,126.0,165
1571,100103,100269,L4_exc,martinotti,L5,29.6,459.9,299.7,153
1572,100184,100238,L5_pyr,basket,L4,105.9,384.9,263.1,339
1573,100080,100030,L23_pyr,L23_pyr,L2/3,269.8,219.5,71.5,124
1574,100023,100028,L23_pyr,L23_pyr,L2/3,40.8,109.5,160.8,97
1575,100107,100083,L4_exc,L23_pyr,L2/3,239.5,229.9,108.4,107
1576,100229,100216,basket,,L5,322.1,699.4,161.5,409
1577,100005,100139,L23_pyr,L4_exc,L4,303.4,485.1,222.1,114
1578,100262,100067,martinotti,L23_pyr,L2/3,61.8,284.9,96.7,188
1579,100279,100259,martinotti,basket,L5,313.2,657.3,249.1,320
1580,100136,100076,L4_exc,L23_pyr,L2/3,41.9,191.8,177.9,79
1581,100116,100248,L4_exc,,L2/3,224.7,245.2,139.0,425
1582,100112,100224,L4_exc,basket,L5,97.4,516.8,88.5,150
1583,100064,100139,L23_pyr,,L4,298.7,423.3,201.4,339
1584,100112,100225,L4_exc,,L4,190.7,416.7,315.4,353
1585,100258,100014,basket,L23_pyr,L2/3,17.4,272.0,231.1,193
1586,100081,100021,L23_pyr,L23_pyr,L2/3,74.1,203.4,137.6,249
1587,100222,100202,basket,L5_pyr,L5,93.8,447.1,282.9,88
1588,100188,100221,L5_pyr,basket,L4,208.0,355.0,122.6,236
1589,100049,100043,L23_pyr,L23_pyr,L2/3,170.4,143.7,116.4,729
1590,100217,100277,L5_pyr,martinotti,L4,-23.5,358.5,116.0,227
1591,100268,100077,martinotti,L23_pyr,L2/3,293.1,109.7,144.2,173
1592,100167,100288,L5_pyr,vip,L5,67.7,406.8,189.2,231
1593,100162,100183,L5_pyr,L5_pyr,L5,205.9,458.3,214.3,217
1594,100213,100265,L5_pyr,martinotti,L5,195.7,682.2,31.1,189
1595,100201,100129,L5_pyr,L4_exc,L4,196.7,404.7,148.0,127
1596,100162,100174,L5_pyr,,L5,36.9,658.6,217.8,266
1597,100019,100256,L23_pyr,basket,L2/3,-60.2,277.5,320.2,321
1598,100046,100144,L23_pyr,L4_exc,L4,329.4,357.5,196.8,119
1599,100292,100026,vip,L23_pyr,L2/3,164.5,281.8,243.1,337
1600,100287,100141,vip,L4_exc,L4,195.3,318.2,209.6,288
1601,100066,100109,L23_pyr,L4_exc,L4,57.2,375.3,185.0,154
1602,100075,100252,L23_pyr,basket,L4,91.7,306.0,191.4,211
1603,100203,100064,L5_pyr,L23_pyr,L2/3,258.3,295.1,221.4,234
1604,100117,100138,L4_exc,L4_exc,L4,269.2,337.8,194.1,107
1605,100253,100209,basket,L5_pyr,L5,102.7,609.1,177.7,175
1606,100043,100246,L23_pyr,basket,L2/3,198.3,83.2,107.4,536
1607,100167,100278,L5_pyr,martinotti,L2/3,239.7,310.0,239.9,285
1608,100297,100142,vip,L4_exc,L4,280.1,384.9,36.6,85
1609,100084,100019,L23_pyr,L23_pyr,L2/3,98.0,169.2,267.2,106
1610,100002,100021,L23_pyr,L23_pyr,L2/3,84.4,190.3,108.0,466
1611,100200,100296,L5_pyr,vip,L2/3,143.1,272.6,238.4,99
1612,100252,100082,basket,L23_pyr,L2/3,102.0,269.0,145.5,93
1613,100024,100141,L23_pyr,L4_exc,L4,174.7,313.9,259.1,242
1614,100055,100021,L23_pyr,L23_pyr,L2/3,126.1,197.0,115.9,125
1615,100191,100281,L5_pyr,martinotti,L4,10.8,425.2,135.5,154
1616,100198,100274,L5_pyr,martinotti,L2/3,251.4,222.6,124.6,412
1617,100027,100133,L23_pyr,L4_exc,L4,-21.0,407.5,29.2,55
1618,100066,100247,L23_pyr,basket,L2/3,37.5,110.9,33.4,103
1619,100207,100090,L5_pyr,L23_pyr,L2/3,9.8,270.9,235.2,281
1620,100124,100238,L4_exc,basket,L4,87.9,375.0,296.4,321
1621,100257,100174,basket,L5_pyr,L5,9.9,679.2,233.6,168
1622,100039,100141,L23_pyr,L4_exc,L4,189.3,336.0,214.7,167
1623,100180,100276,L5_pyr,martinotti,L4,215.4,444.9,81.0,109
1624,100120,100047,L4_exc,L23_pyr,L2/3,120.3,251.4,291.7,33
1625,100187,100237,L5_pyr,basket,L5,82.4,517.1,105.9,269
1626,100140,100126,L4_exc,L4_exc,L4,98.6,397.9,0.3,243
1627,100252,100097,basket,L4_exc,L4,127.1,297.5,104.6,165
1628,100002,100116,L23_pyr,L4_exc,L4,136.9,378.7,11.1,372
1629,100169,100178,L5_pyr,L5_pyr,L5,269.9,588.9,202.4,141
1630,100024,100010,L23_pyr,L23_pyr,L2/3,237.6,200.6,241.5,307
1631,100292,100045,vip,L23_pyr,L2/3,-39.5,150.2,276.1,317
1632,100244,100075,basket,L23_pyr,L2/3,127.7,264.6,249.8,445
1633,100283,100190,martinotti,L5_pyr,L5,310.9,485.0,194.0,737
1634,100034,100296,L23_pyr,vip,L2/3,149.2,249.0,198.7,307
1635,100043,100021,L23_pyr,L23_pyr,L2/3,100.8,242.4,115.5,186
1636,100226,100116,basket,L4_exc,L4,117.3,372.4,37.9,219
1637,100094,100256,L4_exc,,L2/3,46.1,266.8,324.0,145
1638,100090,100128,L23_pyr,L4_exc,L4,336.8,252.4,148.5,393
1639,100003,100252,L23_pyr,basket,L4,125.5,309.7,176.2,259
1640,100032,100138,L23_pyr,L4_exc,L4,246.4,338.1,207.2,42
1641,100145,100255,L4_exc,basket,L4,306.5,296.1,144.4,104
1642,100120,100194,L4_exc,L5_pyr,L5,111.7,571.0,124.9,157
1643,100007,100261,L23_pyr,martinotti,L5,139.0,589.9,122.0,131
1644,100227,100127,basket,L4_exc,L4,118.1,325.1,89.3,485
1645,100144,100212,L4_exc,L5_pyr,L5,197.3,530.3,229.0,330
1646,100023,100073,L23_pyr,L23_pyr,L2/3,162.7,242.6,250.5,214
1647,100059,100148,L23_pyr,L4_exc,L4,218.0,304.2,231.3,323
1648,100085,100217,L23_pyr,L5_pyr,L5,86.0,534.9,139.2,241
1649,100021,100001,L23_pyr,L23_pyr,L2/3,53.8,246.3,-7.5,158
1650,100210,100177,L5_pyr,L5_pyr,L5,92.5,470.5,237.3,120
1651,100172,100232,L5_pyr,basket,L2/3,269.8,205.8,101.7,58
1652,100035,100235,L23_pyr,basket,L5,-18.3,521.9,192.5,165
1653,100142,100279,L4_exc,martinotti,L5,175.6,645.6,212.6,271
1654,100057,100065,L23_pyr,L23_pyr,L2/3,146.2,275.2,-16.0,83
1655,100050,100115,L23_pyr,L4_exc,L4,235.8,392.7,269.3,97
1656,100213,100100,L5_pyr,L4_exc,L4,279.0,349.9,233.3,115
1657,100152,100090,L4_exc,L23_pyr,L2/3,22.2,275.3,260.5,327
1658,100064,100257,L23_pyr,basket,L5,8.2,737.3,289.1,339
1659,100235,100199,basket,L5_pyr,L5,96.7,676.8,22.9,92
1660,100032,100263,L23_pyr,martinotti,L4,24.8,415.7,205.7,109
1661,100130,100116,L4_exc,L4_exc,L4,115.0,345.7,26.1,49
1662,100167,100087,L5_pyr,L23_pyr,L2/3,312.0,181.5,111.1,124
1663,100207,100113,L5_pyr,L4_exc,L4,125.2,405.5,87.3,97
1664,100043,100013,L23_pyr,L23_pyr,L2/3,98.6,195.2,51.3,375
1665,100206,100204,L5_pyr,L5_pyr,L5,167.2,654.7,57.4,93
1666,100296,100171,vip,,L5,110.4,514.7,224.0,553
1667,100149,100276,L4_exc,martinotti,L4,202.5,503.7,83.1,301
1668,100016,100251,L23_pyr,basket,L2/3,241.0,106.8,207.5,111
1669,100085,100222,L23_pyr,basket,L4,330.3,387.2,42.7,103
1670,100101,100224,L4_exc,basket,L5,67.7,550.3,117.1,256
1671,100062,100278,L23_pyr,martinotti,L2/3,258.9,226.8,192.3,207
1672,100050,100006,L23_pyr,L23_pyr,L2/3,230.7,143.8,236.9,210
1673,100193,100235,L5_pyr,basket,L5,-7.2,513.2,215.9,89
1674,100289,100252,vip,basket,L4,68.0,336.7,210.2,101
1675,100173,100255,L5_pyr,basket,L4,241.1,319.4,157.4,87
1676,100086,100233,L23_pyr,basket,L2/3,215.9,114.2,255.1,296
1677,100253,100201,basket,L5_pyr,L5,267.9,563.3,266.0,107
1678,100221,100275,basket,martinotti,L5,260.9,449.6,214.7,346
1679,100092,100176,L4_exc,L5_pyr,L5,295.7,581.8,174.3,132
1680,100157,100236,L4_exc,basket,L4,80.1,398.6,292.4,124
1681,100070,100254,L23_pyr,basket,L4,257.8,351.6,233.3,396
1682,100149,100174,L4_exc,L5_pyr,L5,53.7,674.9,213.2,175
1683,100258,100101,basket,L4_exc,L4,221.8,365.4,87.1,969
1684,100257,100166,basket,L5_pyr,L5,140.6,586.8,94.2,239
1685,100244,100112,basket,L4_exc,L4,36.9,418.4,59.7,1017
1686,100020,100251,L23_pyr,basket,L2/3,211.8,122.1,193.4,241
1687,100004,100094,L23_pyr,L4_exc,L4,44.5,308.8,226.0,117
1688,100188,100215,L5_pyr,L5_pyr,L5,21.7,608.6,256.0,132
1689,100204,100126,L5_pyr,L4_exc,L4,98.5,405.2,-0.8,70
1690,100183,100081,L5_pyr,L23_pyr,L2/3,41.3,226.5,111.6,112
1691,100216,100092,L5_pyr,L4_exc,L4,273.4,356.9,167.6,148
1692,100129,100205,L4_exc,L5_pyr,L5,92.4,632.8,90.9,73
1693,100207,100022,L5_pyr,L23_pyr,L2/3,161.2,279.7,119.9,136
1694,100017,100298,L23_pyr,vip,L4,259.9,288.8,321.7,110
1695,100128,100042,L4_exc,L23_pyr,L2/3,164.3,236.4,240.7,269
1696,100124,100081,L4_exc,L23_pyr,L2/3,7.9,216.9,110.4,209
1697,100151,100292,L4_exc,vip,L2/3,43.8,245.4,280.6,151
1698,100023,100130,L23_pyr,L4_exc,L4,218.3,276.5,232.6,116
1699,100201,100120,L5_pyr,L4_exc,L4,220.2,452.4,193.6,527
1700,100221,100031,basket,L23_pyr,L2/3,46.4,273.3,-27.1,494
1701,100219,100201,L5_pyr,L5_pyr,L5,285.3,548.3,283.2,200
1702,100227,100148,basket,L4_exc,L4,196.1,314.1,169.2,249
1703,100145,100209,L4_exc,L5_pyr,L5,82.6,617.0,198.0,72
1704,100206,100061,L5_pyr,L23_pyr,L2/3,297.3,221.2,134.8,138
1705,100098,100216,L4_exc,L5_pyr,L5,277.6,720.4,147.4,247
1706,100040,100156,L23_pyr,L4_exc,L4,55.9,369.3,48.8,91
1707,100221,100210,basket,L5_pyr,L5,86.9,448.9,209.8,103
1708,100128,100119,L4_exc,L4_exc,L4,258.9,417.4,155.5,386
1709,100159,100010,L4_exc,L23_pyr,L2/3,241.0,232.6,190.7,147
1710,100232,100038,basket,L23_pyr,L2/3,46.0,306.8,85.0,108
1711,100136,100185,L4_exc,L5_pyr,L5,231.0,699.5,223.4,265
1712,100292,100290,vip,vip,L5,-1.4,522.5,204.1,213
1713,100261,100265,martinotti,martinotti,L5,226.1,646.3,-6.4,148
1714,100044,100137,L23_pyr,L4_exc,L4,9.1,451.7,290.5,118
1715,100166,100096,L5_pyr,L4_exc,L4,32.0,367.4,171.2,63
1716,100296,100034,vip,L23_pyr,L2/3,294.4,203.1,168.0,251
1717,100018,100065,L23_pyr,L23_pyr,L2/3,162.7,260.6,29.8,128
1718,100242,100027,basket,L23_pyr,L2/3,36.2,288.5,159.5,165
1719,100069,100057,L23_pyr,L23_pyr,L2/3,152.4,160.9,236.8,205
1720,100196,100224,L5_pyr,basket,L5,80.9,525.7,147.1,257
1721,100110,100087,L4_exc,L23_pyr,L2/3,279.2,176.9,105.5,271
1722,100047,100188,L23_pyr,L5_pyr,L5,264.4,561.7,195.8,236
1723,100171,100294,L5_pyr,vip,L5,245.9,558.5,273.9,194
1724,100263,100235,martinotti,basket,L5,9.1,534.7,179.7,231
1725,100283,100201,martinotti,L5_pyr,L5,241.0,546.6,277.8,226
1726,100087,100097,L23_pyr,L4_exc,L4,187.9,285.7,80.7,203
1727,100238,100075,basket,L23_pyr,L2/3,120.4,248.3,240.2,177
1728,100121,100251,L4_exc,basket,L2/3,238.4,117.7,221.8,203
1729,100205,100276,L5_pyr,martinotti,L4,194.8,416.9,45.7,61
1730,100056,100218,L23_pyr,L5_pyr,L5,227.9,484.4,12.7,408
1731,100291,100135,vip,L4_exc,L4,236.4,433.6,-16.7,172
1732,100008,100298,L23_pyr,vip,L4,266.5,271.9,275.3,324
1733,100042,100210,L23_pyr,L5_pyr,L5,-28.4,549.5,236.0,281
1734,100003,100248,L23_pyr,basket,L2/3,247.2,309.2,95.0,287
1735,100252,100018,basket,L23_pyr,L2/3,278.7,106.4,232.9,188
1736,100062,100168,L23_pyr,L5_pyr,L5,25.6,518.0,272.5,215
1737,100036,100157,L23_pyr,L4_exc,L4,194.1,262.2,51.8,99
1738,100266,100268,martinotti,martinotti,L4,183.4,351.2,199.0,390
1739,100246,100037,basket,L23_pyr,L2/3,246.0,224.7,108.0,165
1740,100235,100099,basket,L4_exc,L4,70.1,461.1,302.8,496
1741,100138,100074,L4_exc,L23_pyr,L2/3,239.3,250.2,265.2,75
1742,100270,100213,martinotti,L5_pyr,L5,52.8,472.2,13.3,224
1743,100233,100103,basket,L4_exc,L4,107.1,310.9,263.4,321
1744,100073,100047,L23_pyr,L23_pyr,L2/3,124.2,233.7,254.4,540
1745,100165,100076,L5_pyr,L23_pyr,L2/3,36.6,176.5,203.9,131
1746,100171,100106,L5_pyr,L4_exc,L4,162.8,352.1,80.7,260
1747,100238,100200,basket,L5_pyr,L5,16.8,599.6,311.0,348
1748,100084,100268,L23_pyr,martinotti,L4,140.4,307.0,172.4,350
1749,100075,100156,L23_pyr,L4_exc,L4,97.3,334.4,84.7,251
1750,100169,100266,L5_pyr,martinotti,L5,295.4,516.0,86.8,266
1751,100213,100227,L5_pyr,basket,L5,106.0,435.3,-20.9,135
1752,100145,100240,L4_exc,basket,L5,154.0,437.2,156.6,62
1753,100195,100277,L5_pyr,martinotti,L4,-46.1,330.3,93.7,151
1754,100198,100140,L5_pyr,L4_exc,L4,10.6,424.6,-1.1,600
1755,100009,100019,L23_pyr,L23_pyr,L2/3,108.9,171.1,279.8,104
1756,100052,100244,L23_pyr,basket,L2/3,28.4,278.3,88.8,73
1757,100210,100171,L5_pyr,L5_pyr,L5,157.6,469.3,255.6,195
1758,100072,100046,L23_pyr,L23_pyr,L2/3,286.5,212.8,127.4,168
1759,100165,100156,L5_pyr,L4_exc,L4,85.6,370.8,107.2,191
1760,100126,100146,L4_exc,L4_exc,L4,16.7,402.8,54.8,214
1761,100200,100131,L5_pyr,L4_exc,L4,141.6,398.4,85.8,198
1762,100285,100216,martinotti,L5_pyr,L5,324.1,698.3,180.1,109
1763,100077,100026,L23_pyr,L23_pyr,L2/3,164.9,302.5,285.6,198
1764,100257,100031,basket,L23_pyr,L2/3,78.6,262.1,-36.2,308
1765,100266,100207,martinotti,L5_pyr,L5,7.8,568.1,88.5,201
1766,100049,100038,L23_pyr,L23_pyr,L2/3,42.7,246.7,110.1,225
1767,100201,100150,L5_pyr,L4_exc,L4,115.0,384.5,145.6,236
1768,100291,100145,vip,L4_exc,L4,184.5,313.3,30.6,611
1769,100030,100037,L23_pyr,L23_pyr,L2/3,119.1,194.7,56.5,236
1770,100029,100028,L23_pyr,L23_pyr,L2/3,99.6,142.2,87.8,330
1771,100112,100022,L4_exc,L23_pyr,L2/3,121.2,268.4,104.0,270
1772,100058,100138,L23_pyr,,L4,207.1,404.7,185.7,132
1773,100268,100008,martinotti,L23_pyr,L2/3,157.9,203.1,272.5,429
1774,100240,100171,basket,L5_pyr,L5,130.6,467.8,260.1,965
1775,100026,100064,L23_pyr,L23_pyr,L2/3,271.5,303.8,272.9,194
1776,100061,100087,L23_pyr,L23_pyr,L2/3,293.2,215.7,78.0,451
1777,100214,100261,L5_pyr,martinotti,L5,142.3,679.1,91.4,349
1778,100004,100006,L23_pyr,L23_pyr,L2/3,236.4,163.1,154.9,353
1779,100102,100066,L4_exc,L23_pyr,L2/3,66.0,250.5,68.0,230
1780,100042,100225,L23_pyr,basket,L4,259.0,355.4,316.6,273
1781,100031,100106,L23_pyr,L4_exc,L4,168.1,319.4,89.2,251
1782,100096,100176,L4_exc,L5_pyr,L5,297.5,573.6,180.4,239
1783,100204,100091,L5_pyr,L4_exc,L4,255.8,470.3,235.6,221
1784,100043,100110,L23_pyr,L4_exc,L4,218.7,395.0,131.0,267
1785,100162,100196,L5_pyr,L5_pyr,L5,3.5,668.6,132.5,325
1786,100097,100047,L4_exc,L23_pyr,L2/3,97.3,207.6,261.6,93
1787,100096,100278,L4_exc,martinotti,L2/3,238.4,262.8,234.8,138
1788,100001,100273,L23_pyr,martinotti,L2/3,255.2,200.9,254.2,106
1789,100228,100279,basket,martinotti,L5,121.4,646.7,163.0,104
1790,100140,100139,L4_exc,L4_exc,L4,297.7,474.2,177.5,256
1791,100267,100021,martinotti,L23_pyr,L2/3,128.5,180.8,57.8,501
1792,100108,100266,L4_exc,martinotti,L5,258.8,466.2,145.2,118
1793,100042,100102,L23_pyr,L4_exc,L4,113.8,339.0,99.1,89
1794,100051,100007,L23_pyr,L23_pyr,L2/3,160.7,209.5,119.6,80
1795,100060,100107,L23_pyr,L4_exc,L4,114.8,323.8,69.8,121
1796,100068,100284,L23_pyr,martinotti,L5,219.2,592.8,206.5,147
1797,100037,100274,L23_pyr,martinotti,L2/3,276.1,240.7,145.3,150
1798,100228,100128,basket,L4_exc,L4,258.0,292.4,179.9,190
1799,100098,100289,L4_exc,vip,L5,-2.8,718.7,186.0,233
1800,100009,100041,L23_pyr,L23_pyr,L2/3,-39.8,286.8,312.0,336
1801,100157,100266,L4_exc,martinotti,L5,230.7,493.5,133.1,169
1802,100015,100243,L23_pyr,basket,L2/3,28.7,288.0,88.4,193
1803,100256,100252,basket,basket,L4,116.6,333.9,191.8,470
1804,100181,100215,L5_pyr,L5_pyr,L5,-6.8,547.9,233.5,228
1805,100083,100122,L23_pyr,L4_exc,L4,252.0,403.1,79.7,243
1806,100066,100138,L23_pyr,L4_exc,L4,270.1,352.4,139.0,139
1807,100250,100153,basket,L4_exc,L4,37.2,379.1,273.3,321
1808,100168,100282,L5_pyr,martinotti,L2/3,42.8,129.1,90.9,140
1809,100216,100146,L5_pyr,,L4,-13.4,456.2,89.5,148
1810,100094,100283,L4_exc,martinotti,L5,52.5,481.3,143.7,206
1811,100002,100254,L23_pyr,basket,L4,259.5,416.2,207.3,103
1812,100252,100272,basket,martinotti,L2/3,23.8,230.9,182.9,553
1813,100155,100037,L4_exc,L23_pyr,L2/3,104.0,243.1,57.7,142
1814,100002,100276,L23_pyr,martinotti,L4,170.9,446.0,44.6,312
1815,100027,100252,L23_pyr,basket,L4,96.2,290.3,238.5,384
1816,100101,100291,L4_exc,vip,L4,275.0,402.0,50.3,311
1817,100015,100106,L23_pyr,L4_exc,L4,201.7,331.5,55.7,342
1818,100138,100262,L4_exc,martinotti,L2/3,154.7,214.1,8.8,79
1819,100025,100097,L23_pyr,L4_exc,L4,157.5,332.7,101.2,205
1820,100298,100257,vip,basket,L5,44.6,713.1,294.7,306
1821,100058,100051,L23_pyr,L23_pyr,L2/3,37.1,170.1,207.8,183
1822,100230,100173,basket,L5_pyr,L5,37.1,630.5,258.8,113
1823,100034,100249,L23_pyr,basket,L4,204.9,475.1,44.1,172
1824,100126,100004,L4_exc,L23_pyr,L2/3,48.8,166.8,74.0,71
1825,100180,100250,L5_pyr,,L4,202.5,343.1,191.3,136
1826,100272,100021,martinotti,L23_pyr,L2/3,130.2,203.6,105.4,358
1827,100253,100130,basket,L4_exc,L4,256.4,299.7,212.1,258
1828,100031,100038,L23_pyr,L23_pyr,L2/3,92.7,245.8,108.9,148
1829,100149,100030,L4_exc,L23_pyr,L2/3,288.3,269.0,29.3,114
1830,100181,100113,L5_pyr,L4_exc,L4,108.2,361.0,122.9,135
1831,100177,100040,L5_pyr,L23_pyr,L2/3,262.4,117.9,175.4,230
1832,100293,100165,vip,L5_pyr,L5,121.5,472.3,257.1,147
1833,100206,100281,L5_pyr,martinotti,L4,29.3,484.0,144.9,126
1834,100113,100040,L4_exc,,L2/3,283.6,164.9,177.9,148
1835,100141,100078,L4_exc,L23_pyr,L2/3,151.8,229.5,272.8,324
1836,100080,100144,L23_pyr,L4_exc,L4,276.6,346.0,213.0,139
1837,100041,100190,L23_pyr,L5_pyr,L5,292.2,492.2,197.4,127
1838,100096,100189,L4_exc,,L5,45.7,525.5,161.9,478
1839,100164,100152,L5_pyr,L4_exc,L4,-26.1,388.5,113.3,265
1840,100246,100103,basket,L4_exc,L4,97.2,303.6,246.7,421
1841,100285,100026,martinotti,L23_pyr,L2/3,133.5,238.9,268.8,217
1842,100212,100238,L5_pyr,basket,L4,96.5,378.6,216.2,217
1843,100214,100018,L5_pyr,L23_pyr,L2/3,278.2,115.6,257.1,117
1844,100043,100256,L23_pyr,basket,L2/3,48.6,307.0,268.0,140
1845,100056,100047,L23_pyr,L23_pyr,L2/3,90.3,198.2,283.4,249
1846,100289,100210,vip,L5_pyr,L5,47.7,466.6,284.0,407
1847,100235,100238,basket,basket,L4,85.1,436.6,210.1,379
1848,100063,100037,L23_pyr,L23_pyr,L2/3,133.8,197.5,50.1,140
1849,100057,100121,L23_pyr,L4_exc,L4,269.3,309.4,214.1,75
1850,100112,100126,L4_exc,L4_exc,L4,50.6,387.0,-0.4,213
1851,100280,100022,martinotti,L23_pyr,L2/3,107.6,301.2,129.2,349
1852,100168,100228,L5_pyr,basket,L5,128.3,695.1,78.8,186
1853,100269,100092,martinotti,L4_exc,L4,232.4,351.2,151.5,315
1854,100049,100011,L23_pyr,L23_pyr,L2/3,-57.7,121.6,36.2,365
1855,100198,100228,L5_pyr,basket,L5,176.2,720.7,57.7,148
1856,100283,100209,martinotti,L5_pyr,L5,102.0,612.3,162.2,394
1857,100181,100275,L5_pyr,martinotti,L5,301.0,469.5,195.8,61
1858,100285,100187,martinotti,L5_pyr,L5,10.4,670.4,19.9,1034
1859,100271,100188,martinotti,L5_pyr,L5,323.7,574.7,188.2,206
1860,100219,100116,L5_pyr,L4_exc,L4,106.8,370.5,24.0,47
1861,100192,100146,L5_pyr,L4_exc,L4,20.0,448.5,61.2,52
1862,100246,100243,basket,basket,L2/3,21.4,300.9,79.4,264
1863,100135,100281,L4_exc,martinotti,L4,10.0,432.3,138.0,330
1864,100144,100007,L4_exc,L23_pyr,L2/3,184.1,278.6,123.7,232
1865,100044,100091,L23_pyr,L4_exc,L4,262.8,492.0,213.2,175
1866,100201,100004,L5_pyr,L23_pyr,L2/3,43.8,134.3,100.4,164
1867,100295,100150,vip,L4_exc,L4,64.0,373.1,133.4,378
1868,100291,100047,vip,,L2/3,88.7,239.2,232.0,551
1869,100035,100006,L23_pyr,L23_pyr,L2/3,265.7,163.2,168.5,137
1870,100172,100193,L5_pyr,L5_pyr,L5,281.0,655.6,266.0,153
1871,100187,100255,L5_pyr,basket,L4,243.6,348.5,130.3,170
1872,100123,100255,L4_exc,basket,L4,231.4,334.6,143.2,280
1873,100267,100224,martinotti,basket,L5,78.5,590.4,149.1,157
1874,100262,100084,martinotti,L23_pyr,L2/3,155.5,212.5,85.7,99
1875,100220,100261,L5_pyr,martinotti,L5,190.3,579.4,53.7,180
1876,100102,100277,L4_exc,martinotti,L4,17.2,324.3,118.3,350
1877,100115,100259,L4_exc,basket,L5,264.1,725.3,213.4,86
1878,100022,100131,L23_pyr,L4_exc,L4,160.2,419.1,107.4,80
1879,100014,100203,L23_pyr,L5_pyr,L5,288.8,526.0,90.0,227
1880,100214,100238,L5_pyr,basket,L4,120.7,391.6,241.4,128
1881,100012,100010,L23_pyr,L23_pyr,L2/3,285.8,182.6,238.2,496
1882,100293,100224,vip,basket,L5,48.7,565.9,142.9,121
1883,100054,100099,L23_pyr,L4_exc,L4,99.2,386.0,255.7,117
1884,100163,100092,L5_pyr,L4_exc,L4,266.2,406.7,121.8,729
1885,100258,100127,basket,L4_exc,L4,136.8,344.2,59.0,370
1886,100067,100059,L23_pyr,L23_pyr,L2/3,1.8,220.9,234.1,135
1887,100113,100001,L4_exc,L23_pyr,L2/3,161.4,227.0,25.6,133
1888,100242,100091,basket,L4_exc,L4,238.9,490.7,260.5,180
1889,100133,100099,L4_exc,L4_exc,L4,105.0,450.6,305.2,263
1890,100025,100249,L23_pyr,basket,L4,214.0,445.4,52.4,95
1891,100033,100133,L23_pyr,L4_exc,L4,-14.0,493.8,42.1,245
1892,100001,100244,L23_pyr,basket,L2/3,64.5,254.1,59.6,318
1893,100178,100164,L5_pyr,L5_pyr,L5,32.7,538.7,73.2,73
1894,100054,100094,L23_pyr,L4_exc,L4,55.8,318.2,327.5,74
1895,100011,100019,L23_pyr,L23_pyr,L2/3,118.8,215.9,320.0,421
1896,100093,100222,L4_exc,basket,L4,262.3,390.5,45.3,117
1897,100119,100248,L4_exc,basket,L2/3,243.6,318.8,129.3,168
1898,100236,100024,basket,L23_pyr,L2/3,99.9,156.6,67.4,1198
1899,100010,100196,L23_pyr,L5_pyr,L5,-40.4,690.8,106.9,470
1900,100144,100036,L4_exc,L23_pyr,L2/3,177.1,191.5,54.4,211
1901,100297,100249,vip,basket,L4,252.1,445.2,89.9,228
1902,100264,100086,martinotti,L23_pyr,L2/3,154.3,275.4,119.6,451
1903,100013,100044,L23_pyr,L23_pyr,L2/3,238.8,187.1,176.6,207
1904,100006,100010,L23_pyr,L23_pyr,L2/3,214.4,199.1,203.0,136
1905,100077,100132,L23_pyr,L4_exc,L4,284.6,453.4,93.2,172
1906,100168,100271,L5_pyr,martinotti,L5,83.5,556.7,253.3,189
1907,100120,100274,L4_exc,martinotti,L2/3,289.5,163.6,66.3,90
1908,100274,100278,martinotti,martinotti,L2/3,265.0,261.3,184.8,282
1909,100163,100164,L5_pyr,L5_pyr,L5,135.1,506.7,65.4,136
1910,100159,100102,L4_exc,L4_exc,L4,75.3,280.3,107.6,186
1911,100118,100088,L4_exc,L23_pyr,L2/3,84.4,308.5,162.6,120
1912,100255,100164,basket,L5_pyr,L5,136.1,522.1,108.6,216
1913,100166,100229,L5_pyr,basket,L2/3,304.7,296.6,113.4,495
1914,100193,100250,L5_pyr,basket,L4,236.7,363.7,155.3,170
1915,100245,100260,basket,basket,L4,126.5,358.2,266.9,243
1916,100239,100096,basket,L4_exc,L4,58.0,364.4,151.8,179
1917,100222,100205,basket,L5_pyr,L5,95.4,602.6,110.1,91
1918,100220,100197,L5_pyr,L5_pyr,L5,179.6,579.9,99.3,443
1919,100180,100126,L5_pyr,L4_exc,L4,61.0,419.0,-47.4,484
1920,100209,100258,L5_pyr,basket,L2/3,174.9,128.7,32.2,167
1921,100219,100220,L5_pyr,L5_pyr,L5,236.4,542.0,111.8,124
1922,100187,100266,L5_pyr,martinotti,L5,301.9,448.7,115.6,136
1923,100169,100296,L5_pyr,,L2/3,169.6,258.1,204.2,284
1924,100101,100180,L4_exc,L5_pyr,L5,297.1,492.3,212.1,150
1925,100163,100234,L5_pyr,basket,L4,148.9,325.0,25.5,687
1926,100183,100041,L5_pyr,L23_pyr,L2/3,0.5,332.5,248.4,125
1927,100177,100269,L5_pyr,martinotti,L5,33.0,485.0,231.9,165
1928,100240,100161,basket,L5_pyr,L5,182.4,619.6,191.0,263
1929,100136,100230,L4_exc,basket,L5,185.4,610.2,288.1,109
1930,100245,100071,basket,L23_pyr,L2/3,8.2,244.2,159.3,355
1931,100115,100153,L4_exc,L4_exc,L4,63.6,346.1,221.5,146
1932,100187,100285,L5_pyr,martinotti,L5,187.7,690.2,-62.7,233
1933,100060,100273,L23_pyr,martinotti,L2/3,262.3,133.3,282.6,127
1934,100283,100276,martinotti,martinotti,L4,213.6,472.3,30.0,111
1935,100040,100258,L23_pyr,basket,L2/3,209.6,117.6,38.7,199
1936,100069,100117,L23_pyr,L4_exc,L4,106.1,354.5,241.0,145
1937,100102,100075,L4_exc,L23_pyr,L2/3,99.0,274.7,301.6,77
1938,100084,100138,L23_pyr,L4_exc,L4,296.5,348.9,190.5,144
1939,100117,100204,L4_exc,L5_pyr,L5,167.3,572.1,70.3,146
1940,100255,100066,basket,L23_pyr,L2/3,22.8,280.5,81.9,211
1941,100093,100082,L4_exc,L23_pyr,L2/3,88.8,184.1,123.1,46
1942,100065,100240,L23_pyr,basket,L5,135.5,447.6,167.7,431
1943,100225,100268,basket,martinotti,L4,162.7,272.8,179.5,357
1944,100250,100123,basket,L4_exc,L4,195.7,333.4,166.8,439
1945,100178,100179,L5_pyr,L5_pyr,L5,143.6,489.4,231.1,154
1946,100106,100281,L4_exc,martinotti,L4,4.0,369.0,149.0,209
1947,100177,100028,L5_pyr,L23_pyr,L2/3,118.0,94.5,121.9,111
1948,100263,100102,martinotti,L4_exc,L4,75.9,318.9,83.0,191
1949,100068,100252,L23_pyr,basket,L4,68.7,338.2,211.3,251
1950,100123,100165,L4_exc,L5_pyr,L5,135.3,488.6,265.4,411
1951,100229,100127,basket,L4_exc,L4,144.1,392.8,-4.0,205
1952,100283,100210,martinotti,L5_pyr,L5,5.1,491.8,175.4,1141
1953,100192,100292,L5_pyr,vip,L2/3,54.6,192.4,240.3,131
1954,100081,100041,L23_pyr,L23_pyr,L2/3,20.0,297.3,276.1,112
1955,100103,100150,L4_exc,L4_exc,L4,148.9,424.1,81.9,157
1956,100081,100036,L23_pyr,L23_pyr,L2/3,160.9,196.4,-23.2,205
1957,100218,100250,L5_pyr,basket,L4,260.1,330.7,154.4,84
1958,100206,100139,L5_pyr,L4_exc,L4,329.1,470.2,221.5,125
1959,100107,100173,L4_exc,L5_pyr,L5,-31.7,629.1,248.7,128
1960,100010,100049,L23_pyr,L23_pyr,L2/3,19.4,146.6,115.2,120
1961,100050,100048,L23_pyr,L23_pyr,L2/3,26.0,129.4,120.9,155
1962,100292,100059,vip,L23_pyr,L2/3,43.7,149.3,295.2,219
1963,100147,100293,L4_exc,vip,L4,325.0,372.9,217.0,79
1964,100200,100227,L5_pyr,basket,L5,137.5,478.9,-1.2,141
1965,100188,100284,L5_pyr,martinotti,L5,227.8,539.0,151.8,278
1966,100290,100219,vip,L5_pyr,L5,136.4,611.2,79.2,209
1967,100221,100134,basket,L4_exc,L4,178.4,429.6,301.0,364
1968,100079,100122,L23_pyr,L4_exc,L4,306.2,354.2,71.2,231
1969,100253,100116,basket,L4_exc,L4,97.1,381.5,40.9,371
1970,100119,100297,L4_exc,vip,L5,241.0,499.7,94.2,161
1971,100193,100286,L5_pyr,vip,L5,267.4,522.7,96.7,743
1972,100117,100233,L4_exc,basket,L2/3,169.5,127.8,347.0,755
1973,100165,100145,L5_pyr,L4_exc,L4,239.0,318.8,32.0,97
1974,100163,100209,L5_pyr,L5_pyr,L5,124.1,617.6,145.5,150
1975,100161,100218,L5_pyr,L5_pyr,L5,261.3,491.5,49.2,135
1976,100118,100107,L4_exc,L4_exc,L4,95.1,346.9,140.5,38
1977,100228,100168,basket,L5_pyr,L5,45.4,563.3,251.7,761
1978,100242,100150,basket,L4_exc,L4,144.5,443.7,124.4,556
1979,100148,100082,L4_exc,L23_pyr,L2/3,104.0,230.6,129.2,143
1980,100155,100203,L4_exc,L5_pyr,L5,269.9,476.1,71.4,105
1981,100213,100234,L5_pyr,basket,L4,215.4,343.5,31.2,231
1982,100118,100154,L4_exc,L4_exc,L4,163.1,409.7,18.0,124
1983,100081,100139,L23_pyr,L4_exc,L4,317.7,435.5,213.5,282
1984,100280,100106,martinotti,L4_exc,L4,186.7,370.3,41.9,120
1985,100085,100201,L23_pyr,L5_pyr,L5,282.4,554.2,283.5,205
1986,100230,100048,basket,L23_pyr,L2/3,70.2,109.5,122.5,463
1987,100148,100118,L4_exc,L4_exc,L4,105.6,377.6,240.2,340
1988,100288,100149,vip,L4_exc,L4,72.1,350.1,66.4,425
1989,100117,100032,L4_exc,L23_pyr,L2/3,77.2,292.9,229.8,255
1990,100143,100053,L4_exc,L23_pyr,L2/3,287.1,275.3,186.4,318
1991,100160,100276,L4_exc,martinotti,L4,199.1,469.7,2.3,91
1992,100290,100230,vip,basket,L5,161.3,620.7,258.7,130
1993,100038,100149,L23_pyr,L4_exc,L4,68.4,284.9,122.9,181
1994,100247,100157,basket,L4_exc,L4,196.4,272.6,77.3,108
1995,100263,100109,martinotti,L4_exc,L4,83.9,365.9,187.1,170
1996,100268,100035,martinotti,L23_pyr,L2/3,334.4,104.0,267.3,240
1997,100163,100032,L5_pyr,L23_pyr,L2/3,68.5,292.5,177.4,292
1998,100158,100227,L4_exc,basket,L5,119.4,484.8,-9.9,195
1999,100126,100270,L4_exc,martinotti,L5,142.3,538.2,322.7,387
2000,100253,100272,basket,martinotti,L2/3,76.4,209.7,207.9,1016
2001,100252,100149,basket,L4_exc,L4,52.2,321.7,105.4,264
2002,100247,100296,basket,vip,L2/3,102.8,277.7,212.7,67
2003,100044,100298,L23_pyr,vip,L4,301.3,253.9,293.0,370
2004,100135,100227,L4_exc,basket,L5,131.6,491.6,14.7,227
2005,100296,100221,vip,basket,L4,132.4,362.7,99.4,377
2006,100072,100092,L23_pyr,L4_exc,L4,213.4,367.2,179.7,294
2007,100115,100245,L4_exc,basket,L2/3,63.1,286.8,280.4,250
2008,100020,100226,L23_pyr,basket,L4,-67.2,314.8,12.9,164
2009,100215,100129,L5_pyr,L4_exc,L4,131.8,428.6,111.6,205
2010,100202,100033,L5_pyr,L23_pyr,L2/3,93.4,256.2,293.6,113
2011,100285,100176,martinotti,L5_pyr,L5,298.8,602.4,225.6,680
2012,100173,100198,L5_pyr,L5_pyr,L5,26.3,631.7,14.0,101
2013,100167,100270,L5_pyr,martinotti,L5,164.3,522.1,263.2,229
2014,100175,100186,L5_pyr,L5_pyr,L5,138.6,645.1,153.5,175
2015,100164,100023,L5_pyr,L23_pyr,L2/3,325.5,286.6,227.3,595
2016,100238,100128,basket,L4_exc,L4,281.6,295.5,151.8,145
2017,100147,100120,L4_exc,L4_exc,L4,206.9,411.2,201.1,86
2018,100018,100112,L23_pyr,L4_exc,L4,52.8,415.7,113.2,42
2019,100069,100282,L23_pyr,martinotti,L2/3,-6.6,126.3,91.8,269
2020,100055,100068,L23_pyr,L23_pyr,L2/3,25.9,107.4,219.0,260
2021,100212,100202,L5_pyr,L5_pyr,L5,108.5,479.4,259.5,45
2022,100279,100212,martinotti,L5_pyr,L5,251.4,497.8,179.1,354
2023,100228,100128,basket,L4_exc,L4,269.8,304.8,171.7,133
2024,100177,100141,L5_pyr,L4_exc,L4,135.6,313.6,238.9,109
2025,100198,100192,L5_pyr,L5_pyr,L5,42.0,657.3,97.3,144
2026,100001,100196,L23_pyr,L5_pyr,L5,19.3,648.1,136.3,253
2027,100061,100116,L23_pyr,L4_exc,L4,104.3,359.4,53.2,162
2028,100089,100018,L23_pyr,L23_pyr,L2/3,318.1,134.9,222.7,465
2029,100032,100009,L23_pyr,L23_pyr,L2/3,106.1,146.0,253.1,90
2030,100185,100161,L5_pyr,L5_pyr,L5,204.2,549.2,152.6,69
2031,100297,100127,vip,L4_exc,L4,138.0,361.7,17.2,370
2032,100124,100226,L4_exc,basket,L4,-0.8,294.7,26.1,619
2033,100159,100221,L4_exc,basket,L4,201.0,390.9,127.5,293
2034,100265,100176,martinotti,L5_pyr,L5,311.8,588.4,208.3,363
2035,100199,100285,L5_pyr,martinotti,L5,198.6,690.3,-12.8,159
2036,100242,100136,basket,L4_exc,L4,332.0,346.2,205.8,429
2037,100119,100228,L4_exc,basket,L5,183.9,712.6,34.3,136
2038,100223,100136,basket,L4_exc,L4,314.8,378.7,246.1,336
2039,100163,100281,L5_pyr,martinotti,L4,31.8,441.7,114.7,385
2040,100234,100015,basket,L23_pyr,L2/3,206.8,142.5,92.1,283
2041,100005,100132,L23_pyr,L4_exc,L4,252.6,420.5,116.3,239
2042,100206,100090,L5_pyr,L23_pyr,L2/3,-9.3,263.5,290.6,135
2043,100162,100246,L5_pyr,basket,L2/3,185.0,139.1,92.3,317
2044,100022,100127,L23_pyr,L4_exc,L4,159.3,325.2,37.7,175
2045,100291,100113,vip,L4_exc,L4,67.8,389.6,107.5,201
2046,100073,100093,L23_pyr,L4_exc,L4,173.3,397.9,102.5,477
2047,100239,100152,basket,L4_exc,L4,14.2,376.2,114.6,56
2048,100009,100042,L23_pyr,L23_pyr,L2/3,145.1,270.4,246.3,226
2049,100272,100138,martinotti,L4_exc,L4,255.4,372.7,159.7,150
2050,100115,100250,L4_exc,,L4,264.6,342.5,176.7,410
2051,100212,100236,L5_pyr,basket,L4,52.7,443.3,313.0,142
2052,100162,100285,L5_pyr,martinotti,L5,118.3,662.1,20.5,254
2053,100111,100237,L4_exc,basket,L5,45.1,524.4,137.8,180
2054,100173,100056,L5_pyr,L23_pyr,L2/3,37.6,154.9,194.8,117
2055,100100,100256,L4_exc,basket,L2/3,9.4,277.2,314.4,239
2056,100245,100079,basket,L23_pyr,L2/3,268.1,250.4,209.7,580
2057,100113,100150,L4_exc,L4_exc,L4,164.9,382.2,162.9,114
2058,100178,100259,L5_pyr,basket,L5,313.8,738.2,209.5,91
2059,100054,100229,L23_pyr,basket,L2/3,279.7,242.5,198.9,79
2060,100298,100131,vip,L4_exc,L4,132.9,412.5,118.8,597
2061,100253,100149,basket,L4_exc,L4,43.5,315.6,105.7,310
2062,100236,100129,basket,L4_exc,L4,188.5,438.0,106.8,360
2063,100027,100082,L23_pyr,L23_pyr,L2/3,65.3,227.0,140.5,153
2064,100291,100264,vip,martinotti,L2/3,124.4,205.4,6.7,132
2065,100079,100107,L23_pyr,L4_exc,L4,61.3,292.8,114.8,110
2066,100205,100165,L5_pyr,L5_pyr,L5,183.7,511.7,182.8,216
2067,100033,100163,L23_pyr,L5_pyr,L5,197.2,514.2,187.3,457
2068,100183,100079,L5_pyr,L23_pyr,L2/3,265.8,174.6,230.4,158
2069,100197,100141,L5_pyr,L4_exc,L4,180.9,341.4,211.5,210
2070,100105,100264,L4_exc,martinotti,L2/3,140.3,246.8,12.2,237
2071,100168,100112,L5_pyr,L4_exc,L4,25.4,433.7,88.3,109
2072,100040,100154,L23_pyr,L4_exc,L4,129.1,408.2,14.2,96
2073,100235,100177,basket,L5_pyr,L5,66.2,508.6,243.8,197
2074,100010,100231,L23_pyr,basket,L2/3,112.3,215.6,92.4,180
2075,100123,100293,L4_exc,vip,L4,275.9,380.5,185.6,134
2076,100150,100160,L4_exc,L4_exc,L4,258.2,341.0,185.0,102
2077,100202,100236,L5_pyr,basket,L4,68.5,354.8,231.1,240
2078,100080,100009,L23_pyr,L23_pyr,L2/3,74.4,139.3,230.2,81
2079,100109,100105,L4_exc,L4_exc,L4,179.9,318.6,185.1,170
2080,100214,100149,L5_pyr,L4_exc,L4,89.1,347.0,119.5,142
2081,100035,100006,L23_pyr,L23_pyr,L2/3,213.8,137.2,185.3,610
2082,100049,100245,L23_pyr,basket,L2/3,24.2,225.1,200.7,100
2083,100295,100142,vip,L4_exc,L4,290.9,393.9,40.9,430
2084,100144,100180,L4_exc,L5_pyr,L5,223.4,520.8,196.1,208
2085,100046,100280,L23_pyr,martinotti,L2/3,138.9,86.2,46.8,200
2086,100242,100077,basket,L23_pyr,L2/3,232.7,110.8,146.6,389
2087,100099,100117,L4_exc,L4_exc,L4,99.5,383.1,181.7,108
2088,100146,100261,L4_exc,martinotti,L5,153.3,575.3,100.2,170
2089,100064,100100,L23_pyr,L4_exc,L4,285.7,333.1,232.4,91
2090,100213,100283,L5_pyr,martinotti,L5,11.4,444.5,197.0,393
2091,100130,100240,L4_exc,basket,L5,179.8,505.2,207.4,71
2092,100241,100005,basket,L23_pyr,L2/3,176.8,223.2,106.4,158
2093,100298,100183,vip,L5_pyr,L5,162.2,510.4,205.4,351
2094,100253,100127,basket,L4_exc,L4,123.4,405.2,33.2,111
2095,100031,100109,L23_pyr,L4_exc,L4,35.4,335.3,235.3,136
2096,100235,100197,basket,L5_pyr,L5,214.5,586.4,87.3,584
2097,100128,100018,L4_exc,L23_pyr,L2/3,271.9,107.7,231.2,107
2098,100141,100071,L4_exc,L23_pyr,L2/3,62.7,249.2,141.3,348
2099,100225,100186,basket,L5_pyr,L5,98.8,659.9,192.4,200
2100,100041,100145,L23_pyr,L4_exc,L4,150.9,319.5,17.8,132
2101,100112,100124,L4_exc,L4_exc,L4,97.8,294.0,185.2,227
2102,100225,100188,basket,L5_pyr,L5,231.5,544.9,157.1,128
2103,100111,100206,L4_exc,L5_pyr,L5,114.8,484.0,77.6,261
2104,100188,100126,L5_pyr,L4_exc,L4,75.9,396.8,39.6,167
2105,100146,100205,L4_exc,L5_pyr,L5,54.1,573.5,95.4,114
2106,100038,100097,L23_pyr,L4_exc,L4,180.2,269.0,88.7,118
2107,100155,100140,L4_exc,L4_exc,L4,71.5,423.1,17.5,296
2108,100022,100252,L23_pyr,basket,L4,68.3,298.3,219.9,169
2109,100116,100278,L4_exc,martinotti,L2/3,274.2,271.1,246.8,346
2110,100278,100075,martinotti,L23_pyr,L2/3,86.3,271.5,277.3,165
2111,100047,100033,L23_pyr,L23_pyr,L2/3,40.0,269.1,252.2,169
2112,100200,100287,L5_pyr,vip,L4,239.9,321.4,39.3,159
2113,100147,100272,L4_exc,martinotti,L2/3,47.3,210.6,223.4,241
2114,100227,100120,basket,L4_exc,L4,242.9,442.2,202.1,289
2115,100128,100159,L4_exc,L4_exc,L4,253.0,266.9,322.7,199
2116,100066,100277,L23_pyr,martinotti,L4,2.4,310.8,96.4,83
2117,100095,100178,L4_exc,L5_pyr,L5,279.0,582.9,196.6,259
2118,100012,100082,L23_pyr,L23_pyr,L2/3,88.3,239.5,127.2,167
2119,100210,100284,L5_pyr,martinotti,L5,144.7,553.9,193.3,214
2120,100046,100053,L23_pyr,L23_pyr,L2/3,258.5,249.7,224.4,185
2121,100246,100280,basket,,L2/3,99.6,96.9,75.9,295
2122,100107,100257,L4_exc,basket,L5,38.6,691.6,269.6,141
2123,100167,100139,L5_pyr,L4_exc,L4,298.7,437.1,157.9,215
2124,100100,100116,L4_exc,L4_exc,L4,77.2,369.2,49.7,325
2125,100211,100297,L5_pyr,vip,L5,257.5,478.9,64.9,238
2126,100074,100061,L23_pyr,L23_pyr,L2/3,292.8,265.3,185.6,264
2127,100061,100155,L23_pyr,L4_exc,L4,253.0,374.6,22.5,301
2128,100059,100072,L23_pyr,L23_pyr,L2/3,307.1,193.8,281.9,90
2129,100094,100129,L4_exc,L4_exc,L4,212.1,427.3,160.8,185
2130,100105,100291,L4_exc,vip,L4,298.9,441.6,47.8,205
2131,100022,100092,L23_pyr,L4_exc,L4,257.8,416.5,97.4,393
2132,100035,100027,L23_pyr,L23_pyr,L2/3,56.6,243.0,207.8,277
2133,100202,100238,L5_pyr,basket,L4,113.0,379.3,230.7,181
2134,100153,100146,L4_exc,L4_exc,L4,-24.2,489.9,85.2,159
2135,100234,100103,basket,L4_exc,L4,83.1,315.2,309.6,182
2136,100040,100060,L23_pyr,L23_pyr,L2/3,90.4,102.7,282.9,264
2137,100025,100037,L23_pyr,L23_pyr,L2/3,213.8,188.9,52.8,78
2138,100125,100173,L4_exc,L5_pyr,L5,62.1,584.3,252.8,188
2139,100021,100240,L23_pyr,basket,L5,167.4,498.3,156.8,472
2140,100199,100288,L5_pyr,vip,L5,85.6,464.3,214.0,150
2141,100218,100154,L5_pyr,L4_exc,L4,126.3,397.8,0.4,165
2142,100092,100075,L4_exc,L23_pyr,L2/3,153.4,310.6,283.7,221
2143,100227,100249,basket,basket,L4,183.4,413.6,46.9,307
2144,100281,100116,martinotti,L4_exc,L4,160.1,336.6,61.9,351
2145,100118,100146,L4_exc,L4_exc,L4,45.6,437.0,44.2,297
2146,100231,100157,basket,L4_exc,L4,155.7,297.4,63.9,403
2147,100140,100290,L4_exc,vip,L5,31.8,544.9,196.9,239
2148,100171,100259,L5_pyr,basket,L5,309.0,690.2,199.4,178
2149,100205,100150,L5_pyr,L4_exc,L4,137.3,436.6,124.2,197
2150,100068,100028,L23_pyr,L23_pyr,L2/3,72.7,106.8,72.0,406
2151,100245,100103,basket,L4_exc,L4,105.8,290.4,292.1,121
2152,100083,100060,L23_pyr,L23_pyr,L2/3,70.4,129.0,278.1,121
2153,100064,100159,L23_pyr,L4_exc,L4,329.0,311.7,299.5,209
2154,100052,100272,L23_pyr,martinotti,L2/3,46.0,226.6,171.6,254
2155,100147,100202,L4_exc,L5_pyr,L5,80.7,465.6,251.5,374
2156,100281,100150,martinotti,L4_exc,L4,147.5,418.2,149.3,123
2157,100002,100053,L23_pyr,,L2/3,238.2,281.5,153.8,287
2158,100061,100226,L23_pyr,basket,L4,-21.1,372.8,21.0,147
2159,100140,100295,L4_exc,vip,L2/3,92.4,272.4,180.4,71
2160,100295,100073,vip,L23_pyr,L2/3,214.3,274.3,222.7,306
2161,100187,100295,L5_pyr,vip,L2/3,43.0,310.0,149.2,71
2162,100105,100287,L4_exc,vip,L4,237.1,328.3,17.0,108
2163,100155,100259,L4_exc,basket,L5,280.0,708.0,253.0,339
2164,100060,100027,L23_pyr,L23_pyr,L2/3,26.0,275.6,178.7,238
2165,100164,100226,L5_pyr,basket,L4,-49.1,391.1,40.0,202
2166,100284,100086,martinotti,L23_pyr,L2/3,118.4,285.9,142.0,223
2167,100275,100022,martinotti,L23_pyr,L2/3,111.3,262.3,68.5,162
2168,100250,100014,basket,L23_pyr,L2/3,1.1,295.6,244.4,115
2169,100223,100266,basket,martinotti,L5,298.9,501.6,135.6,77
2170,100039,100128,L23_pyr,L4_exc,L4,292.9,350.9,210.3,128
2171,100284,100188,martinotti,L5_pyr,L5,237.4,567.9,169.3,418
2172,100035,100296,L23_pyr,vip,L2/3,152.8,252.8,210.5,290
2173,100212,100139,L5_pyr,L4_exc,L4,313.4,479.0,150.0,113
2174,100216,100241,L5_pyr,basket,L5,267.7,677.3,231.2,110
2175,100082,100299,L23_pyr,vip,L4,62.6,323.5,216.8,119
2176,100078,100300,L23_pyr,vip,L2/3,118.3,131.2,58.5,206
2177,100033,100082,L23_pyr,L23_pyr,L2/3,41.3,223.6,145.9,175
2178,100198,100027,L5_pyr,L23_pyr,L2/3,75.6,282.7,167.9,68
2179,100271,100196,martinotti,L5_pyr,L5,1.4,655.4,112.4,208
2180,100061,100004,L23_pyr,L23_pyr,L2/3,38.5,139.2,86.0,167
2181,100154,100287,L4_exc,vip,L4,234.8,309.1,16.9,282
2182,100098,100150,L4_exc,L4_exc,L4,112.1,374.9,153.2,265
2183,100260,100023,basket,L23_pyr,L2/3,248.5,225.7,250.3,1197
2184,100038,100014,L23_pyr,L23_pyr,L2/3,13.0,273.0,226.6,104
2185,100171,100163,L5_pyr,L5_pyr,L5,173.1,520.6,124.4,661
2186,100265,100156,martinotti,L4_exc,L4,64.7,342.5,72.1,332
2187,100206,100116,L5_pyr,L4_exc,L4,87.0,378.0,6.7,281
2188,100300,100090,vip,L23_pyr,L2/3,41.6,238.5,283.3,145
2189,100124,100213,L4_exc,L5_pyr,L5,79.7,510.8,43.2,64
2190,100145,100292,L4_exc,vip,L2/3,27.2,298.0,206.0,145
2191,100221,100249,basket,basket,L4,203.5,465.2,58.3,167
2192,100055,100281,L23_pyr,martinotti,L4,-27.3,418.6,121.4,64
2193,100237,100025,basket,L23_pyr,L2/3,160.7,216.6,115.5,397
2194,100193,100042,L5_pyr,L23_pyr,L2/3,184.1,245.3,239.9,98
2195,100149,100202,L4_exc,L5_pyr,L5,129.1,502.3,245.4,153
2196,100047,100028,L23_pyr,L23_pyr,L2/3,93.4,89.3,52.9,63
2197,100170,100159,L5_pyr,L4_exc,L4,331.9,343.0,272.0,205
2198,100211,100284,L5_pyr,martinotti,L5,242.6,558.4,171.4,261
2199,100004,100232,L23_pyr,basket,L2/3,314.5,157.7,111.4,92
2200,100162,100235,L5_pyr,basket,L5,47.0,501.5,189.4,253
2201,100102,100254,L4_exc,basket,L4,267.4,380.1,250.1,186
2202,100254,100112,basket,L4_exc,L4,22.3,409.3,91.9,416
2203,100081,100027,L23_pyr,L23_pyr,L2/3,35.9,289.4,181.0,234
2204,100031,100051,L23_pyr,L23_pyr,L2/3,65.3,122.5,227.1,85
2205,100005,100064,L23_pyr,L23_pyr,L2/3,288.6,289.8,266.5,252
2206,100108,100203,L4_exc,L5_pyr,L5,217.2,512.9,41.0,136
2207,100044,100043,L23_pyr,L23_pyr,L2/3,137.0,191.4,134.5,47
2208,100118,100260,L4_exc,basket,L4,183.9,387.6,307.7,176
2209,100291,100294,vip,vip,L5,240.8,537.9,246.7,429
2210,100025,100206,L23_pyr,L5_pyr,L5,143.1,453.9,92.1,264
2211,100299,100055,vip,L23_pyr,L2/3,57.8,105.8,180.1,461
2212,100105,100093,L4_exc,L4_exc,L4,224.1,353.2,79.0,593
2213,100221,100263,basket,martinotti,L4,8.3,381.9,140.8,605
2214,100203,100065,L5_pyr,L23_pyr,L2/3,195.8,291.3,-8.6,134
2215,100146,100277,L4_exc,martinotti,L4,-6.1,277.0,95.5,480
2216,100248,100058,basket,L23_pyr,L2/3,120.2,221.3,146.7,1330
2217,100273,100141,martinotti,L4_exc,L4,187.9,333.1,206.1,182
2218,100052,100106,L23_pyr,L4_exc,L4,164.0,341.0,71.4,238
2219,100017,100002,L23_pyr,L23_pyr,L2/3,-10.9,188.5,228.8,108
2220,100133,100158,L4_exc,L4_exc,L4,59.1,401.0,191.4,161
2221,100016,100030,L23_pyr,L23_pyr,L2/3,266.8,276.4,-20.6,63
2222,100006,100246,L23_pyr,basket,L2/3,255.8,106.5,68.7,83
2223,100081,100294,L23_pyr,vip,L5,192.6,513.8,268.2,257
2224,100286,100180,vip,L5_pyr,L5,225.5,492.9,146.7,155
2225,100068,100177,L23_pyr,L5_pyr,L5,118.3,450.0,226.3,371
2226,100042,100293,L23_pyr,,L4,307.6,367.8,180.1,162
2227,100150,100211,L4_exc,L5_pyr,L5,205.7,654.4,120.7,339
2228,100204,100274,L5_pyr,martinotti,L2/3,260.3,239.0,98.1,197
2229,100101,100271,L4_exc,martinotti,L5,112.4,487.1,242.1,317
2230,100013,100052,L23_pyr,L23_pyr,L2/3,286.6,243.9,43.2,73
2231,100006,100175,L23_pyr,L5_pyr,L5,215.7,675.4,161.2,78
2232,100166,100130,L5_pyr,L4_exc,L4,257.8,307.5,239.6,100
2233,100260,100128,basket,L4_exc,L4,280.8,284.3,191.7,111
2234,100014,100218,L23_pyr,L5_pyr,L5,246.2,509.9,56.6,93
2235,100200,100014,L5_pyr,L23_pyr,L2/3,37.9,343.8,237.2,415
2236,100081,100066,L23_pyr,L23_pyr,L2/3,31.1,233.8,90.0,107
2237,100145,100148,L4_exc,L4_exc,L4,224.9,289.3,204.8,202
2238,100087,100295,L23_pyr,vip,L2/3,77.3,298.9,130.3,313
2239,100098,100144,L4_exc,L4_exc,L4,301.8,336.7,228.0,104
2240,100033,100078,L23_pyr,L23_pyr,L2/3,154.1,207.1,261.8,268
2241,100041,100290,L23_pyr,vip,L5,6.8,493.8,203.1,80
2242,100267,100075,martinotti,L23_pyr,L2/3,79.8,307.2,279.2,228
2243,100282,100293,martinotti,vip,L4,311.9,375.6,221.2,143
2244,100124,100210,L4_exc,L5_pyr,L5,-6.2,495.0,188.0,272
2245,100197,100205,L5_pyr,,L5,63.4,625.5,51.3,307
2246,100100,100144,L4_exc,L4_exc,L4,294.6,369.4,219.6,103
2247,100135,100052,L4_exc,L23_pyr,L2/3,229.5,220.1,116.8,504
2248,100297,100147,vip,L4_exc,L4,188.1,348.4,172.7,198
2249,100023,100252,L23_pyr,basket,L4,84.4,276.5,180.3,651
2250,100102,100117,L4_exc,L4_exc,L4,100.9,337.5,215.7,74
2251,100220,100275,L5_pyr,martinotti,L5,267.4,513.0,161.9,38
2252,100031,100226,L23_pyr,basket,L4,50.3,335.8,1.8,291
2253,100234,100149,basket,L4_exc,L4,51.9,314.6,89.4,471
2254,100050,100252,L23_pyr,basket,L4,29.2,332.8,257.7,63
2255,100262,100180,martinotti,L5_pyr,L5,317.2,527.4,178.7,202
2256,100114,100010,L4_exc,L23_pyr,L2/3,280.2,193.8,231.4,82
2257,100164,100188,L5_pyr,L5_pyr,L5,274.0,509.1,177.3,254
2258,100276,100185,martinotti,L5_pyr,L5,222.5,677.2,281.3,241
2259,100254,100189,basket,L5_pyr,L5,66.4,535.9,154.3,843
2260,100280,100272,martinotti,martinotti,L2/3,90.0,213.1,186.3,172
2261,100006,100020,L23_pyr,L23_pyr,L2/3,149.0,184.9,155.4,101
2262,100180,100193,L5_pyr,L5_pyr,L5,328.3,633.1,245.6,70
2263,100281,100188,martinotti,L5_pyr,L5,327.1,565.9,180.6,297
2264,100002,100244,L23_pyr,basket,L2/3,45.1,312.6,79.2,271
2265,100151,100261,L4_exc,martinotti,L5,143.8,628.0,149.1,363
2266,100277,100118,martinotti,L4_exc,L4,78.1,395.4,268.4,103
2267,100258,100130,basket,L4_exc,L4,308.9,289.7,242.3,172
2268,100169,100123,L5_pyr,L4_exc,L4,192.3,297.3,184.2,188
2269,100279,100215,martinotti,L5_pyr,L5,-10.2,554.7,229.9,764
2270,100183,100227,L5_pyr,basket,L5,170.3,507.1,19.0,88
2271,100060,100144,L23_pyr,L4_exc,L4,302.5,333.9,229.2,131
2272,100022,100267,L23_pyr,martinotti,L2/3,114.5,163.6,44.7,165
2273,100094,100253,L4_exc,basket,L2/3,233.9,180.8,163.5,94
2274,100246,100049,basket,L23_pyr,L2/3,19.0,149.8,140.0,186
2275,100254,100249,basket,basket,L4,202.8,435.1,79.0,120
2276,100125,100148,L4_exc,L4_exc,L4,184.9,278.3,130.5,129
2277,100233,100026,basket,L23_pyr,L2/3,168.7,232.2,286.9,236
2278,100054,100084,L23_pyr,L23_pyr,L2/3,153.2,206.4,48.2,202
2279,100220,100168,L5_pyr,L5_pyr,L5,85.0,488.5,298.9,100
2280,100002,100278,L23_pyr,martinotti,L2/3,262.8,305.5,231.0,87
2281,100172,100250,L5_pyr,basket,L4,219.2,332.2,208.2,150
2282,100292,100227,vip,basket,L5,115.2,472.4,-3.3,239
2283,100135,100078,L4_exc,L23_pyr,L2/3,179.8,269.7,284.8,172
2284,100263,100021,martinotti,L23_pyr,L2/3,129.7,246.7,102.5,238
2285,100197,100104,L5_pyr,L4_exc,L4,26.5,447.0,293.6,654
2286,100183,100261,L5_pyr,martinotti,L5,164.7,594.9,100.1,222
2287,100252,100043,basket,L23_pyr,L2/3,201.5,174.0,119.4,255
2288,100128,100108,L4_exc,L4_exc,L4,236.4,366.3,99.8,99
2289,100140,100254,L4_exc,basket,L4,249.3,300.9,258.0,111
2290,100166,100240,L5_pyr,,L5,109.8,469.4,110.2,355
2291,100175,100215,L5_pyr,L5_pyr,L5,25.8,571.7,276.4,400
2292,100172,100177,L5_pyr,L5_pyr,L5,61.8,477.2,270.3,499
2293,100004,100020,L23_pyr,L23_pyr,L2/3,138.6,179.9,114.0,207
2294,100012,100151,L23_pyr,L4_exc,L4,31.7,423.2,78.5,145
2295,100130,100224,L4_exc,basket,L5,93.6,532.6,92.3,94
2296,100226,100001,basket,L23_pyr,L2/3,100.7,240.4,17.5,532
2297,100205,100187,L5_pyr,L5_pyr,L5,26.3,655.1,66.5,188
2298,100073,100075,L23_pyr,L23_pyr,L2/3,67.9,284.1,253.6,75
2299,100109,100116,L4_exc,L4_exc,L4,128.4,355.3,25.1,42
2300,100219,100286,L5_pyr,vip,L5,231.6,499.3,119.7,89
2301,100171,100205,L5_pyr,L5_pyr,L5,48.7,634.7,8.1,194
2302,100049,100149,L23_pyr,L4_exc,L4,78.8,320.2,85.4,141
2303,100050,100231,L23_pyr,basket,L2/3,60.0,300.1,96.9,256
2304,100073,100071,L23_pyr,L23_pyr,L2/3,72.2,232.6,187.0,209
2305,100275,100191,martinotti,L5_pyr,L5,164.2,536.0,283.7,391
2306,100161,100166,L5_pyr,L5_pyr,L5,187.6,525.2,78.7,96
2307,100022,100124,L23_pyr,L4_exc,L4,50.3,337.4,156.3,157
2308,100042,100168,L23_pyr,,L5,61.6,515.9,234.0,274
2309,100061,100107,L23_pyr,L4_exc,L4,106.2,299.7,125.4,283
2310,100079,100038,L23_pyr,L23_pyr,L2/3,35.3,258.5,90.2,212
2311,100255,100123,basket,L4_exc,L4,202.0,326.8,152.4,492
2312,100061,100125,L23_pyr,L4_exc,L4,161.5,402.1,14.4,190
2313,100099,100070,L4_exc,L23_pyr,L2/3,308.9,156.8,285.1,187
2314,100039,100079,L23_pyr,L23_pyr,L2/3,223.4,214.9,197.2,94
2315,100251,100203,basket,L5_pyr,L5,260.0,478.4,77.5,718
2316,100011,100067,L23_pyr,L23_pyr,L2/3,45.2,244.8,98.5,156
2317,100236,100114,basket,L4_exc,L4,76.2,380.5,268.2,1457
2318,100040,100248,L23_pyr,basket,L2/3,289.5,304.4,101.8,202
2319,100158,100055,L4_exc,L23_pyr,L2/3,41.3,119.6,192.4,226
2320,100128,100246,L4_exc,basket,L2/3,202.0,89.1,56.2,128
2321,100076,100274,L23_pyr,martinotti,L2/3,272.6,258.8,121.1,362
2322,100079,100171,L23_pyr,L5_pyr,L5,126.7,494.7,198.8,169
2323,100294,100057,vip,L23_pyr,L2/3,102.1,157.1,193.9,129
2324,100112,100116,L4_exc,L4_exc,L4,87.8,378.0,23.3,270
2325,100174,100090,L5_pyr,L23_pyr,L2/3,-2.1,267.6,290.6,90
2326,100218,100129,L5_pyr,L4_exc,L4,167.3,444.6,134.2,106
2327,100150,100242,L4_exc,basket,L4,240.9,329.5,288.8,161
2328,100263,100083,martinotti,L23_pyr,L2/3,230.3,263.3,122.6,318
2329,100101,100234,L4_exc,basket,L4,172.8,299.6,-9.9,107
2330,100156,100224,L4_exc,basket,L5,48.0,526.8,129.3,445
2331,100190,100139,L5_pyr,L4_exc,L4,275.1,429.1,208.7,422
2332,100268,100278,martinotti,martinotti,L2/3,225.3,265.7,200.2,790
2333,100246,100040,basket,L23_pyr,L2/3,257.2,170.9,157.0,141
2334,100220,100270,L5_pyr,martinotti,L5,146.9,505.3,279.7,294
2335,100159,100136,L4_exc,L4_exc,L4,268.2,379.4,241.6,347
2336,100082,100208,L23_pyr,L5_pyr,L5,301.4,651.2,89.8,236
2337,100145,100300,L4_exc,vip,L2/3,166.7,131.0,85.0,135
2338,100219,100168,L5_pyr,L5_pyr,L5,48.5,511.7,246.9,473
2339,100210,100169,L5_pyr,L5_pyr,L5,-41.9,464.4,268.1,254
2340,100158,100272,L4_exc,martinotti,L2/3,3.6,195.2,212.3,229
2341,100190,100284,L5_pyr,martinotti,L5,232.8,483.4,160.1,160
2342,100195,100261,L5_pyr,martinotti,L5,180.0,534.4,136.4,41
2343,100185,100041,L5_pyr,L23_pyr,L2/3,32.2,291.3,260.2,716
2344,100246,100159,basket,L4_exc,L4,260.0,304.9,287.2,311
2345,100264,100263,martinotti,martinotti,L4,-15.6,380.0,178.3,174
2346,100209,100049,L5_pyr,L23_pyr,L2/3,4.3,156.8,89.8,183
2347,100047,100253,L23_pyr,basket,L2/3,251.2,192.8,181.0,145
2348,100200,100287,L5_pyr,vip,L4,223.4,318.6,14.3,334
2349,100015,100253,L23_pyr,basket,L2/3,243.7,198.9,145.9,200
2350,100146,100149,L4_exc,L4_exc,L4,46.0,295.6,108.5,68
2351,100020,100250,L23_pyr,basket,L4,222.6,272.9,148.1,179
2352,100005,100130,L23_pyr,L4_exc,L4,291.2,328.1,203.5,72
2353,100121,100263,L4_exc,martinotti,L4,53.3,408.4,138.2,56
2354,100059,100229,L23_pyr,basket,L2/3,275.3,227.4,164.5,426
2355,100197,100188,L5_pyr,L5_pyr,L5,338.7,540.4,187.7,357
2356,100265,100266,martinotti,martinotti,L5,312.6,538.8,114.7,583
2357,100023,100063,L23_pyr,L23_pyr,L2/3,239.1,90.2,278.3,541
2358,100215,100112,L5_pyr,L4_exc,L4,34.1,414.7,31.0,97
2359,100033,100292,L23_pyr,vip,L2/3,31.4,239.7,249.1,204
2360,100113,100108,L4_exc,L4_exc,L4,198.3,366.1,84.8,124
2361,100275,100189,martinotti,L5_pyr,L5,27.8,473.7,183.9,84
2362,100123,100213,L4_exc,,L5,75.7,483.9,64.8,87
2363,100122,100239,L4_exc,basket,L2/3,109.5,200.1,314.5,125
2364,100026,100202,L23_pyr,L5_pyr,L5,82.3,486.5,280.8,135
2365,100005,100094,L23_pyr,L4_exc,L4,109.7,336.7,289.5,195
2366,100075,100027,L23_pyr,L23_pyr,L2/3,62.2,275.5,217.2,102
2367,100001,100096,L23_pyr,,L4,72.3,329.4,177.7,132
2368,100171,100160,L5_pyr,L4_exc,L4,327.0,307.7,176.6,86
2369,100059,100263,L23_pyr,martinotti,L4,2.5,372.9,219.7,334
2370,100235,100281,basket,martinotti,L4,18.4,449.3,159.1,124
2371,100062,100300,L23_pyr,vip,L2/3,122.8,98.1,155.2,121
2372,100175,100205,L5_pyr,L5_pyr,L5,75.2,647.0,86.0,129
2373,100006,100244,L23_pyr,basket,L2/3,36.4,279.5,97.0,73
2374,100025,100065,L23_pyr,L23_pyr,L2/3,106.1,234.1,5.8,167
2375,100256,100159,basket,L4_exc,L4,209.5,304.8,259.8,227
2376,100265,100220,martinotti,L5_pyr,L5,242.4,567.5,155.5,242
2377,100055,100178,L23_pyr,L5_pyr,L5,289.7,587.1,172.4,520
2378,100240,100127,basket,L4_exc,L4,184.8,324.5,115.9,53
2379,100202,100169,L5_pyr,L5_pyr,L5,-0.4,452.2,202.6,219
2380,100201,100153,L5_pyr,L4_exc,L4,40.0,405.8,246.3,161
2381,100093,100169,L4_exc,L5_pyr,L5,15.3,474.9,250.2,298
2382,100035,100251,L23_pyr,basket,L2/3,262.6,111.3,211.9,169
2383,100026,100090,L23_pyr,L23_pyr,L2/3,22.5,217.8,277.7,227
2384,100174,100202,L5_pyr,L5_pyr,L5,41.2,439.4,277.3,179
2385,100079,100239,L23_pyr,basket,L2/3,106.7,125.0,299.9,184
2386,100166,100267,L5_pyr,martinotti,L2/3,93.8,168.7,-22.4,133
2387,100098,100205,L4_exc,L5_pyr,L5,119.3,621.6,86.8,144
2388,100256,100163,basket,L5_pyr,L5,176.2,499.0,148.1,180
2389,100199,100014,L5_pyr,L23_pyr,L2/3,49.0,292.9,271.1,263
2390,100095,100032,L4_exc,L23_pyr,L2/3,63.5,253.9,208.4,174
2391,100296,100262,vip,martinotti,L2/3,120.8,285.8,17.1,163
2392,100014,100148,L23_pyr,L4_exc,L4,186.5,314.1,174.3,113
2393,100176,100129,L5_pyr,L4_exc,L4,251.1,434.1,115.7,239
2394,100095,100126,L4_exc,L4_exc,L4,47.6,407.1,32.2,153
2395,100294,100123,vip,L4_exc,L4,180.7,314.0,157.2,145
2396,100202,100032,L5_pyr,L23_pyr,L2/3,55.5,296.7,209.3,267
2397,100165,100185,L5_pyr,L5_pyr,L5,266.3,621.4,237.2,81
2398,100094,100092,L4_exc,L4_exc,L4,222.5,418.4,117.7,110
2399,100254,100298,basket,vip,L4,249.2,312.3,243.1,83
2400,100085,100231,L23_pyr,basket,L2/3,93.2,233.3,47.2,276
2401,100293,100243,vip,basket,L2/3,59.7,273.0,61.9,187
2402,100147,100288,L4_exc,vip,L5,83.5,457.4,206.7,670
2403,100199,100152,L5_pyr,L4_exc,L4,-24.0,379.7,103.9,246
2404,100274,100035,martinotti,L23_pyr,L2/3,284.7,104.5,279.8,406
2405,100163,100189,L5_pyr,L5_pyr,L5,43.4,501.5,204.5,335
2406,100286,100249,vip,basket,L4,172.5,494.0,14.9,175
2407,100287,100006,vip,L23_pyr,L2/3,230.8,143.8,158.7,241
2408,100073,100245,L23_pyr,basket,L2/3,38.0,310.0,280.3,93
2409,100048,100042,L23_pyr,L23_pyr,L2/3,172.4,226.9,234.0,119
2410,100264,100248,martinotti,basket,L2/3,243.0,267.4,115.4,201
2411,100227,100030,basket,L23_pyr,L2/3,255.6,323.7,2.4,192
2412,100107,100254,L4_exc,basket,L4,216.7,394.1,209.0,219
2413,100095,100054,L4_exc,L23_pyr,L2/3,135.9,128.4,119.8,345
2414,100047,100134,L23_pyr,L4_exc,L4,155.3,461.4,254.7,304
2415,100015,100034,L23_pyr,L23_pyr,L2/3,258.9,200.1,188.2,255
2416,100019,100012,L23_pyr,L23_pyr,L2/3,142.3,128.6,171.6,74
2417,100016,100038,L23_pyr,L23_pyr,L2/3,122.3,276.8,113.7,213
2418,100228,100227,basket,basket,L5,120.9,498.3,-12.1,329
2419,100210,100290,L5_pyr,vip,L5,-2.0,472.4,208.2,74
2420,100201,100275,L5_pyr,martinotti,L5,265.9,492.7,243.2,190
2421,100135,100228,L4_exc,basket,L5,112.6,728.4,5.8,68
2422,100261,100158,martinotti,L4_exc,L4,54.1,404.0,168.0,328
2423,100003,100206,L23_pyr,L5_pyr,L5,181.2,477.5,95.4,129
2424,100269,100253,martinotti,basket,L2/3,226.4,206.9,95.0,57
2425,100170,100296,L5_pyr,vip,L2/3,160.3,243.5,210.6,312
2426,100030,100022,L23_pyr,L23_pyr,L2/3,135.2,223.5,83.0,1961
2427,100195,100014,L5_pyr,L23_pyr,L2/3,43.7,268.2,244.3,98
2428,100231,100007,basket,L23_pyr,L2/3,158.5,267.1,60.5,254
2429,100027,100095,L23_pyr,L4_exc,L4,178.8,399.9,269.7,65
2430,100078,100274,L23_pyr,martinotti,L2/3,224.3,229.9,129.4,347
2431,100125,100286,L4_exc,vip,L5,219.3,552.8,114.7,146
2432,100011,100111,L23_pyr,L4_exc,L4,7.5,278.1,61.8,277
2433,100045,100019,L23_pyr,L23_pyr,L2/3,112.1,156.8,335.6,122
2434,100074,100071,L23_pyr,L23_pyr,L2/3,4.3,222.5,149.2,182
2435,100264,100017,martinotti,L23_pyr,L2/3,91.1,217.7,44.4,364
2436,100253,100218,basket,L5_pyr,L5,203.0,463.7,26.4,320
2437,100171,100128,L5_pyr,L4_exc,L4,302.1,280.8,187.7,185
2438,100065,100084,L23_pyr,L23_pyr,L2/3,117.3,213.7,51.7,155
2439,100209,100220,L5_pyr,L5_pyr,L5,223.6,541.8,121.0,233
2440,100102,100101,L4_exc,L4_exc,L4,273.5,342.5,103.8,166
2441,100134,100153,L4_exc,L4_exc,L4,91.6,330.3,242.7,210
2442,100165,100137,L5_pyr,L4_exc,L4,43.6,382.9,230.5,99
2443,100275,100151,martinotti,L4_exc,L4,69.7,390.1,110.0,558
2444,100022,100044,L23_pyr,L23_pyr,L2/3,223.1,252.5,209.1,158
2445,100264,100085,martinotti,,L2/3,21.4,279.2,25.1,343
2446,100206,100235,L5_pyr,basket,L5,3.0,517.0,219.7,169
2447,100084,100158,L23_pyr,L4_exc,L4,46.7,396.5,172.6,102
2448,100247,100022,basket,L23_pyr,L2/3,117.6,252.9,51.6,592
2449,100274,100057,martinotti,L23_pyr,L2/3,123.4,152.2,250.8,237
2450,100272,100090,martinotti,L23_pyr,L2/3,21.9,296.8,285.4,265
2451,100042,100138,L23_pyr,L4_exc,L4,293.6,344.1,177.1,310
2452,100251,100174,basket,L5_pyr,L5,18.1,679.3,174.6,659
2453,100144,100286,L4_exc,vip,L5,166.3,577.7,146.2,319
2454,100291,100025,vip,L23_pyr,L2/3,196.4,273.3,174.0,349
2455,100150,100089,L4_exc,,L2/3,114.2,79.1,184.6,254
2456,100002,100046,L23_pyr,L23_pyr,L2/3,248.2,217.6,82.6,260
2457,100113,100217,L4_exc,L5_pyr,L5,112.6,566.6,168.8,259
2458,100174,100238,L5_pyr,basket,L4,111.9,446.2,251.1,150
2459,100275,100040,martinotti,L23_pyr,L2/3,235.0,126.7,174.6,215
2460,100023,100061,L23_pyr,L23_pyr,L2/3,327.3,287.8,145.5,258
2461,100108,100276,L4_exc,martinotti,L4,195.0,417.1,55.8,431
2462,100149,100085,L4_exc,L23_pyr,L2/3,15.2,281.3,51.9,470
2463,100009,100048,L23_pyr,,L2/3,23.2,125.0,108.0,163
2464,100057,100296,L23_pyr,vip,L2/3,172.0,271.2,195.2,224
2465,100275,100108,martinotti,L4_exc,L4,165.2,385.6,61.2,367
2466,100297,100067,vip,L23_pyr,L2/3,57.7,294.8,108.8,156
2467,100141,100131,L4_exc,L4_exc,L4,212.8,448.6,66.7,288
2468,100172,100188,L5_pyr,L5_pyr,L5,265.9,538.2,168.2,144
2469,100083,100013,L23_pyr,L23_pyr,L2/3,120.5,211.5,25.4,277
2470,100112,100022,L4_exc,L23_pyr,L2/3,107.4,235.8,95.4,183
2471,100147,100240,L4_exc,basket,L5,174.3,471.1,169.6,371
2472,100012,100066,L23_pyr,L23_pyr,L2/3,10.7,266.4,92.1,172
2473,100013,100156,L23_pyr,L4_exc,L4,81.7,335.3,57.1,57
2474,100290,100034,vip,L23_pyr,L2/3,262.7,198.9,130.7,92
2475,100191,100175,L5_pyr,L5_pyr,L5,179.1,653.5,183.4,97
2476,100265,100217,martinotti,L5_pyr,L5,110.9,494.0,151.2,136
2477,100114,100159,L4_exc,L4_exc,L4,310.0,310.2,282.4,198
2478,100136,100266,L4_exc,martinotti,L5,298.7,508.8,139.0,65
2479,100106,100249,L4_exc,basket,L4,219.4,422.1,73.4,237
2480,100075,100137,L23_pyr,,L4,46.5,385.0,258.4,121
2481,100160,100284,L4_exc,martinotti,L5,191.2,559.1,171.8,77
2482,100040,100009,L23_pyr,L23_pyr,L2/3,59.7,108.1,260.1,93
2483,100052,100129,L23_pyr,L4_exc,L4,167.6,456.2,125.2,146
2484,100080,100005,L23_pyr,L23_pyr,L2/3,238.2,203.5,145.2,64
2485,100018,100086,L23_pyr,L23_pyr,L2/3,167.4,236.1,72.5,78
2486,100032,100013,L23_pyr,L23_pyr,L2/3,76.7,219.3,29.3,109
2487,100178,100216,L5_pyr,L5_pyr,L5,292.1,641.4,151.1,99
2488,100274,100272,martinotti,martinotti,L2/3,66.7,211.1,230.8,688
2489,100101,100160,L4_exc,L4_exc,L4,318.8,330.5,120.2,94
2490,100226,100031,basket,L23_pyr,L2/3,143.3,303.2,-11.1,173
2491,100065,100231,L23_pyr,basket,L2/3,97.6,248.0,89.6,120
2492,100057,100246,L23_pyr,basket,L2/3,203.4,83.5,82.4,98
2493,100254,100143,basket,L4_exc,L4,31.3,378.0,282.7,349
2494,100178,100208,L5_pyr,L5_pyr,L5,252.4,627.6,96.7,142
2495,100275,100176,martinotti,L5_pyr,L5,283.7,553.5,218.2,350
2496,100163,100195,L5_pyr,L5_pyr,L5,124.5,685.8,142.7,169
2497,100112,100102,L4_exc,L4_exc,L4,89.5,290.3,41.7,151
2498,100182,100297,L5_pyr,vip,L5,277.8,547.7,45.7,216
2499,100129,100075,L4_exc,L23_pyr,L2/3,98.3,313.2,309.5,128
2500,100268,100154,martinotti,L4_exc,L4,113.7,400.0,25.3,122
2501,100285,100157,martinotti,L4_exc,L4,141.3,318.4,28.0,103
2502,100113,100150,L4_exc,L4_exc,L4,120.5,414.7,85.5,424
2503,100106,100244,L4_exc,basket,L2/3,-4.2,228.8,96.2,190
2504,100121,100154,L4_exc,L4_exc,L4,207.0,436.3,49.2,111
2505,100251,100139,basket,L4_exc,L4,298.9,445.2,258.3,303
2506,100265,100178,martinotti,L5_pyr,L5,289.3,564.7,187.8,89
2507,100071,100253,L23_pyr,basket,L2/3,243.8,169.5,148.7,68
2508,100148,100218,L4_exc,L5_pyr,L5,203.9,485.0,74.7,204
2509,100289,100060,vip,L23_pyr,L2/3,63.6,138.9,258.0,334
2510,100051,100011,L23_pyr,L23_pyr,L2/3,22.9,84.5,30.9,130
2511,100113,100137,L4_exc,L4_exc,L4,31.7,470.3,297.2,159
2512,100216,100058,L5_pyr,L23_pyr,L2/3,104.3,205.0,95.3,154
2513,100264,100051,martinotti,L23_pyr,L2/3,4.4,109.5,133.0,393
2514,100112,100260,L4_exc,basket,L4,94.1,390.3,271.0,109
2515,100128,100114,L4_exc,L4_exc,L4,85.8,385.3,252.2,128
2516,100059,100108,L23_pyr,L4_exc,L4,171.7,407.3,69.6,313
2517,100151,100140,L4_exc,L4_exc,L4,28.8,418.8,45.3,112
2518,100148,100223,L4_exc,basket,L5,284.9,646.3,285.3,111
2519,100268,100169,martinotti,L5_pyr,L5,39.3,465.9,203.7,129
2520,100122,100274,L4_exc,martinotti,L2/3,236.8,249.2,114.5,105
2521,100093,100163,L4_exc,L5_pyr,L5,155.6,518.7,189.6,369
2522,100078,100250,L23_pyr,basket,L4,205.4,351.6,196.9,156
2523,100295,100123,vip,L4_exc,L4,127.4,322.5,113.7,326
2524,100226,100183,basket,L5_pyr,L5,174.6,512.8,206.7,232
2525,100095,100180,L4_exc,L5_pyr,L5,280.6,493.4,248.7,181
2526,100245,100128,basket,L4_exc,L4,245.1,290.9,182.0,418
2527,100032,100085,L23_pyr,L23_pyr,L2/3,20.4,302.5,41.3,55
2528,100130,100105,L4_exc,L4_exc,L4,120.0,321.7,152.3,209
2529,100009,100232,L23_pyr,basket,L2/3,245.3,213.6,81.7,69
2530,100039,100057,L23_pyr,L23_pyr,L2/3,134.4,181.1,260.0,341
2531,100161,100140,L5_pyr,L4_exc,L4,28.2,390.9,23.2,98
2532,100230,100218,basket,L5_pyr,L5,210.3,471.1,39.7,120
2533,100119,100140,L4_exc,L4_exc,L4,2.2,382.3,2.1,153
2534,100060,100264,L23_pyr,martinotti,L2/3,169.3,193.6,-22.8,194
2535,100211,100225,L5_pyr,basket,L4,156.6,441.3,316.2,101
2536,100108,100103,L4_exc,L4_exc,L4,84.7,315.0,277.6,62
2537,100005,100241,L23_pyr,basket,L5,296.2,698.0,226.9,545
2538,100286,100166,vip,L5_pyr,L5,216.9,541.2,28.8,107
2539,100243,100003,basket,L23_pyr,L2/3,98.2,221.6,149.1,140
2540,100110,100259,L4_exc,basket,L5,284.9,686.2,222.2,438
2541,100282,100122,martinotti,L4_exc,L4,257.2,379.1,57.7,205
2542,100016,100040,L23_pyr,L23_pyr,L2/3,278.8,154.5,167.9,111
2543,100170,100246,L5_pyr,basket,L2/3,197.0,88.6,37.2,109
2544,100225,100242,basket,basket,L4,216.4,330.4,273.0,254
2545,100273,100032,martinotti,L23_pyr,L2/3,91.1,291.0,236.6,227
2546,100157,100240,L4_exc,basket,L5,133.1,462.0,180.4,203
2547,100279,100173,martinotti,L5_pyr,L5,41.0,627.4,255.9,231
2548,100144,100012,L4_exc,L23_pyr,L2/3,171.1,157.6,170.1,75
2549,100176,100108,L5_pyr,L4_exc,L4,203.1,415.3,91.9,101
2550,100252,100123,basket,L4_exc,L4,150.1,323.4,164.6,262
2551,100025,100262,L23_pyr,martinotti,L2/3,185.4,203.8,7.1,257
2552,100074,100234,L23_pyr,basket,L4,128.1,305.9,19.3,199
2553,100287,100084,vip,L23_pyr,L2/3,141.9,178.5,8.3,296
2554,100173,100137,L5_pyr,L4_exc,L4,15.5,429.5,325.1,153
2555,100177,100119,L5_pyr,L4_exc,L4,249.1,439.4,144.2,109
2556,100158,100210,L4_exc,L5_pyr,L5,-30.6,498.4,225.6,218
2557,100103,100142,L4_exc,L4_exc,L4,262.7,343.5,3.3,164
2558,100046,100267,L23_pyr,martinotti,L2/3,83.3,141.0,24.3,431
2559,100236,100117,basket,L4_exc,L4,114.7,339.9,254.1,201
2560,100094,100232,L4_exc,basket,L2/3,307.2,171.5,73.4,260
2561,100076,100272,L23_pyr,martinotti,L2/3,49.4,273.8,220.9,185
2562,100186,100045,L5_pyr,L23_pyr,L2/3,63.1,133.6,312.7,64
2563,100294,100188,vip,L5_pyr,L5,274.3,522.3,177.8,150
2564,100112,100126,L4_exc,L4_exc,L4,75.2,354.4,49.5,122
2565,100234,100091,basket,L4_exc,L4,252.1,395.3,195.4,279
2566,100264,100226,martinotti,basket,L4,44.7,321.6,-12.0,380
2567,100065,100028,L23_pyr,L23_pyr,L2/3,49.5,61.9,87.2,255
2568,100173,100180,L5_pyr,,L5,273.9,508.3,172.3,139
2569,100101,100274,L4_exc,martinotti,L2/3,257.3,182.3,123.0,169
2570,100254,100207,basket,L5_pyr,L5,-15.1,555.1,50.2,145
2571,100044,100087,L23_pyr,L23_pyr,L2/3,262.1,138.4,55.0,235
2572,100032,100218,L23_pyr,L5_pyr,L5,263.7,503.8,44.7,437
2573,100118,100277,L4_exc,martinotti,L4,30.7,318.0,125.0,290
2574,100132,100155,L4_exc,L4_exc,L4,190.6,347.8,64.3,109
2575,100272,100043,martinotti,L23_pyr,L2/3,147.6,164.9,171.7,243
2576,100055,100252,L23_pyr,basket,L4,93.6,321.0,289.7,150
2577,100115,100239,L4_exc,basket,L2/3,70.5,126.2,277.8,106
2578,100002,100278,L23_pyr,martinotti,L2/3,233.4,293.7,193.2,122
2579,100216,100175,L5_pyr,L5_pyr,L5,168.0,636.2,146.3,273
2580,100034,100267,L23_pyr,martinotti,L2/3,86.9,135.8,-7.1,297
2581,100260,100088,basket,L23_pyr,L2/3,104.6,256.1,204.1,60
2582,100033,100109,L23_pyr,L4_exc,L4,28.4,352.2,255.3,237
2583,100178,100090,L5_pyr,L23_pyr,L2/3,29.4,274.3,281.6,142
2584,100028,100048,L23_pyr,L23_pyr,L2/3,30.0,94.9,72.4,165
2585,100170,100211,L5_pyr,L5_pyr,L5,193.2,717.6,120.1,89
2586,100078,100059,L23_pyr,L23_pyr,L2/3,49.2,237.3,276.9,218
2587,100072,100243,L23_pyr,,L2/3,50.8,342.1,67.8,1014
2588,100104,100215,L4_exc,L5_pyr,L5,3.2,555.6,270.0,131
2589,100246,100037,basket,L23_pyr,L2/3,134.8,190.9,50.0,301
2590,100245,100171,basket,L5_pyr,L5,121.2,511.2,227.5,102
2591,100127,100244,L4_exc,basket,L2/3,34.1,275.1,135.4,124
2592,100228,100104,basket,L4_exc,L4,13.7,403.5,269.4,217
2593,100011,100189,L23_pyr,L5_pyr,L5,74.8,490.4,160.4,277
2594,100275,100263,martinotti,martinotti,L4,44.0,403.8,142.9,331
2595,100174,100221,L5_pyr,basket,L4,170.6,394.2,91.1,415
2596,100171,100276,L5_pyr,martinotti,L4,220.0,440.9,48.6,294
2597,100266,100262,martinotti,martinotti,L2/3,159.1,285.7,-11.5,182
2598,100296,100258,vip,basket,L2/3,209.6,176.2,24.4,355
2599,100267,100269,martinotti,martinotti,L5,10.2,509.8,270.4,255
2600,100038,100124,L23_pyr,L4_exc,L4,50.0,336.9,157.9,131
2601,100248,100022,basket,L23_pyr,L2/3,86.4,229.8,103.5,327
2602,100085,100244,L23_pyr,basket,L2/3,3.5,267.3,112.4,173
2603,100006,100197,L23_pyr,,L5,137.7,636.1,103.9,565
2604,100099,100151,L4_exc,L4_exc,L4,-9.5,411.9,98.1,119
2605,100088,100292,L23_pyr,vip,L2/3,70.8,258.6,214.9,241
2606,100085,100063,L23_pyr,L23_pyr,L2/3,259.1,122.1,245.3,115
2607,100127,100061,L4_exc,L23_pyr,L2/3,276.1,273.3,170.4,231
2608,100065,100168,L23_pyr,L5_pyr,L5,65.5,568.2,264.1,231
2609,100169,100157,L5_pyr,L4_exc,L4,165.3,340.4,67.3,156
2610,100290,100168,vip,L5_pyr,L5,88.2,495.8,282.9,344
2611,100292,100226,vip,basket,L4,-69.0,350.0,36.8,79
2612,100070,100103,L23_pyr,L4_exc,L4,107.9,368.4,280.3,152
2613,100072,100274,L23_pyr,martinotti,L2/3,280.3,183.6,159.6,91
2614,100129,100176,L4_exc,L5_pyr,L5,278.0,597.2,206.3,125
2615,100047,100028,L23_pyr,L23_pyr,L2/3,80.4,146.0,83.7,68
2616,100002,100281,L23_pyr,martinotti,L4,14.7,408.3,172.2,231
2617,100285,100204,martinotti,L5_pyr,L5,224.5,609.8,72.0,436
2618,100267,100084,martinotti,L23_pyr,L2/3,136.6,179.7,56.1,854
2619,100053,100023,L23_pyr,L23_pyr,L2/3,310.0,240.6,227.1,66
2620,100294,100143,vip,L4_exc,L4,19.1,360.5,269.2,281
2621,100056,100047,L23_pyr,L23_pyr,L2/3,72.0,235.6,256.5,110
2622,100223,100025,basket,L23_pyr,L2/3,156.2,249.5,144.7,343
2623,100260,100115,basket,L4_exc,L4,164.3,392.5,232.1,138
2624,100239,100250,basket,basket,L4,303.1,297.5,167.4,98
2625,100200,100024,L5_pyr,L23_pyr,L2/3,93.4,179.6,30.5,111
2626,100248,100108,basket,,L4,139.9,395.7,55.6,166
2627,100287,100145,vip,,L4,169.5,347.8,-23.6,211
2628,100262,100066,martinotti,L23_pyr,L2/3,49.6,271.0,99.3,624
2629,100277,100134,martinotti,L4_exc,L4,224.6,457.7,286.6,517
2630,100244,100042,basket,L23_pyr,L2/3,213.6,265.5,229.1,95
2631,100250,100057,basket,L23_pyr,L2/3,163.4,166.4,211.4,262
2632,100165,100120,L5_pyr,L4_exc,L4,260.1,379.0,153.6,195
2633,100248,100018,basket,L23_pyr,L2/3,336.3,113.2,260.7,897
2634,100011,100126,L23_pyr,L4_exc,L4,71.1,438.0,23.7,147
2635,100256,100049,basket,L23_pyr,L2/3,-23.7,173.4,156.5,65
2636,100087,100162,L23_pyr,L5_pyr,L5,10.3,660.0,131.7,77
2637,100049,100212,L23_pyr,L5_pyr,L5,193.5,535.6,216.6,137
2638,100063,100245,L23_pyr,basket,L2/3,39.6,319.8,256.6,130
2639,100250,100095,basket,L4_exc,L4,187.7,389.7,226.2,408
2640,100215,100140,L5_pyr,L4_exc,L4,30.0,408.0,32.6,78
2641,100216,100228,L5_pyr,basket,L5,169.7,711.0,73.8,265
2642,100231,100003,basket,L23_pyr,L2/3,101.6,246.2,104.3,133
2643,100114,100063,L4_exc,L23_pyr,L2/3,226.1,101.6,275.9,269
2644,100154,100108,L4_exc,L4_exc,L4,214.1,420.7,97.0,91
2645,100172,100003,L5_pyr,L23_pyr,L2/3,132.0,191.9,75.7,229
2646,100254,100081,basket,L23_pyr,L2/3,-6.0,198.1,122.9,575
2647,100138,100292,L4_exc,vip,L2/3,0.3,274.5,242.7,110
2648,100125,100268,L4_exc,martinotti,L4,172.6,299.0,152.5,646
2649,100054,100239,L23_pyr,basket,L2/3,104.0,98.8,240.0,224
2650,100046,100261,L23_pyr,martinotti,L5,178.4,571.0,147.8,207
2651,100292,100072,vip,L23_pyr,L2/3,300.7,222.9,266.8,846
2652,100054,100171,L23_pyr,L5_pyr,L5,96.7,498.1,238.0,368
2653,100295,100203,vip,L5_pyr,L5,292.9,495.8,73.0,249
2654,100092,100007,L4_exc,L23_pyr,L2/3,272.1,265.5,108.1,140
2655,100125,100135,L4_exc,L4_exc,L4,253.0,430.7,30.9,119
2656,100174,100192,L5_pyr,L5_pyr,L5,68.8,653.3,96.5,332
2657,100082,100104,L23_pyr,L4_exc,L4,12.2,420.0,293.4,290
2658,100061,100056,L23_pyr,L23_pyr,L2/3,-22.3,200.4,201.8,203
2659,100044,100017,L23_pyr,L23_pyr,L2/3,88.8,191.8,93.3,256
2660,100024,100248,L23_pyr,basket,L2/3,233.3,287.2,63.3,174
2661,100250,100273,basket,martinotti,L2/3,286.5,196.8,221.7,174
2662,100113,100139,L4_exc,L4_exc,L4,276.6,438.0,217.8,99
2663,100250,100027,basket,L23_pyr,L2/3,69.1,288.2,146.3,99
2664,100066,100157,L23_pyr,L4_exc,L4,159.8,312.1,26.2,218
2665,100072,100240,L23_pyr,basket,L5,131.4,471.0,137.4,155
2666,100065,100105,L23_pyr,L4_exc,L4,136.6,316.8,179.3,168
2667,100042,100073,L23_pyr,L23_pyr,L2/3,191.8,267.7,283.2,92
2668,100284,100104,martinotti,L4_exc,L4,-0.1,435.8,294.9,184
2669,100154,100262,L4_exc,martinotti,L2/3,127.0,254.0,-16.3,229
2670,100289,100195,vip,L5_pyr,L5,118.9,688.5,134.3,604
2671,100289,100211,vip,L5_pyr,L5,138.0,662.2,164.4,283
2672,100290,100240,vip,basket,L5,175.4,445.7,188.8,196
2673,100165,100281,L5_pyr,martinotti,L4,-4.0,421.5,164.6,163
2674,100013,100001,L23_pyr,L23_pyr,L2/3,151.9,243.6,-10.1,313
2675,100077,100072,L23_pyr,L23_pyr,L2/3,329.1,224.8,281.6,159
2676,100165,100249,L5_pyr,basket,L4,175.4,451.4,89.2,122
2677,100192,100195,L5_pyr,L5_pyr,L5,85.9,712.0,134.4,206
2678,100085,100124,L23_pyr,L4_exc,L4,49.7,335.4,164.4,172
2679,100076,100062,L23_pyr,L23_pyr,L2/3,11.5,125.9,142.5,94
2680,100203,100038,L5_pyr,L23_pyr,L2/3,60.3,258.8,83.4,225
2681,100171,100192,L5_pyr,L5_pyr,L5,49.3,651.1,118.7,55
2682,100027,100169,L23_pyr,L5_pyr,L5,15.4,455.5,220.9,193
2683,100092,100078,L4_exc,L23_pyr,L2/3,165.2,274.3,301.3,108
2684,100127,100105,L4_exc,L4_exc,L4,160.4,337.0,100.9,186
2685,100016,100247,L23_pyr,basket,L2/3,-10.8,126.1,1.5,562
2686,100140,100123,L4_exc,L4_exc,L4,175.8,313.4,140.5,132
2687,100108,100291,L4_exc,vip,L4,316.9,388.4,34.8,318
2688,100008,100019,L23_pyr,L23_pyr,L2/3,134.7,194.1,266.5,524
2689,100281,100147,martinotti,L4_exc,L4,194.7,360.6,167.9,620
2690,100151,100022,L4_exc,L23_pyr,L2/3,180.4,294.2,86.9,225
2691,100206,100164,L5_pyr,L5_pyr,L5,123.5,539.2,104.5,93
2692,100187,100116,L5_pyr,L4_exc,L4,139.6,415.4,8.8,282
2693,100226,100198,basket,L5_pyr,L5,69.3,656.3,23.3,76
2694,100281,100226,martinotti,basket,L4,21.5,346.6,0.2,365
2695,100102,100064,L4_exc,L23_pyr,L2/3,217.5,214.2,295.6,245
2696,100267,100107,martinotti,L4_exc,L4,82.8,392.2,91.7,286
2697,100054,100072,L23_pyr,L23_pyr,L2/3,323.3,221.4,244.5,305
2698,100019,100127,L23_pyr,L4_exc,L4,112.1,339.4,46.9,158
2699,100137,100238,L4_exc,basket,L4,87.6,411.3,232.0,71
2700,100259,100203,basket,L5_pyr,L5,294.5,490.1,41.5,329
2701,100037,100227,L23_pyr,basket,L5,114.6,466.7,0.2,87
2702,100170,100016,L5_pyr,,L2/3,186.4,243.1,63.0,86
2703,100185,100194,L5_pyr,L5_pyr,L5,205.6,536.2,135.9,488
2704,100223,100185,basket,L5_pyr,L5,239.6,642.7,263.8,239
2705,100057,100175,L23_pyr,L5_pyr,L5,209.9,707.2,176.1,192
2706,100103,100064,L4_exc,L23_pyr,L2/3,279.3,267.0,250.4,60
2707,100213,100217,L5_pyr,L5_pyr,L5,127.3,529.2,109.3,97
2708,100061,100175,L23_pyr,L5_pyr,L5,211.9,720.8,175.4,292
2709,100236,100170,basket,L5_pyr,L5,143.1,625.7,130.3,161
2710,100005,100127,L23_pyr,L4_exc,L4,163.5,396.3,30.2,313
2711,100090,100256,L23_pyr,basket,L2/3,23.2,317.2,314.3,250
2712,100162,100275,L5_pyr,martinotti,L5,287.3,497.4,208.9,199
2713,100271,100046,martinotti,L23_pyr,L2/3,216.1,219.3,126.5,533
2714,100085,100244,L23_pyr,basket,L2/3,60.9,259.8,80.1,329
2715,100256,100089,basket,L23_pyr,L2/3,23.9,119.9,193.4,257
2716,100064,100223,L23_pyr,basket,L5,254.4,700.3,226.2,91
2717,100065,100299,L23_pyr,vip,L4,-2.2,317.8,222.9,133
2718,100166,100044,L5_pyr,L23_pyr,L2/3,209.4,207.7,171.6,167
2719,100106,100242,L4_exc,basket,L4,207.8,329.1,289.6,105
2720,100147,100275,L4_exc,martinotti,L5,274.3,470.2,243.2,265
2721,100076,100235,L23_pyr,basket,L5,-8.0,477.6,211.9,185
2722,100272,100018,martinotti,L23_pyr,L2/3,339.4,126.1,254.5,311
2723,100194,100023,L5_pyr,L23_pyr,L2/3,346.2,293.4,228.5,109
2724,100060,100258,L23_pyr,basket,L2/3,205.9,186.6,41.6,222
2725,100124,100252,L4_exc,,L4,142.0,352.9,212.4,102
2726,100010,100238,L23_pyr,basket,L4,99.0,394.1,295.7,109
2727,100073,100225,L23_pyr,basket,L4,224.7,421.1,303.4,194
2728,100185,100174,L5_pyr,L5_pyr,L5,1.5,708.2,193.2,195
2729,100285,100182,martinotti,L5_pyr,L5,202.6,686.7,34.1,149
2730,100067,100037,L23_pyr,L23_pyr,L2/3,178.0,223.8,57.9,300
2731,100071,100136,L23_pyr,L4_exc,L4,295.7,411.6,201.0,120
2732,100246,100079,basket,,L2/3,263.9,248.4,190.9,386
2733,100214,100155,L5_pyr,L4_exc,L4,242.1,355.3,12.3,244
2734,100115,100097,L4_exc,L4_exc,L4,155.6,285.4,33.6,906
2735,100164,100255,L5_pyr,basket,L4,230.7,315.6,123.6,280
2736,100061,100115,L23_pyr,L4_exc,L4,211.5,365.4,256.5,218
2737,100242,100141,basket,L4_exc,L4,234.7,317.8,207.4,1045
2738,100145,100044,L4_exc,L23_pyr,L2/3,220.2,238.6,183.6,158
2739,100135,100180,L4_exc,L5_pyr,L5,256.9,506.2,219.9,283
2740,100230,100175,basket,L5_pyr,L5,182.4,676.1,136.7,144
2741,100240,100212,basket,L5_pyr,L5,242.3,543.8,193.9,377
2742,100047,100264,L23_pyr,martinotti,L2/3,161.1,193.9,56.2,169
2743,100064,100225,L23_pyr,basket,L4,257.6,376.2,276.6,248
2744,100048,100243,L23_pyr,basket,L2/3,25.9,282.5,41.8,165
2745,100034,100082,L23_pyr,L23_pyr,L2/3,34.3,269.1,126.3,118
2746,100195,100279,L5_pyr,martinotti,L5,141.0,681.4,189.2,265
2747,100144,100253,L4_exc,basket,L2/3,231.9,204.4,108.7,456
2748,100152,100082,L4_exc,L23_pyr,L2/3,17.4,217.4,139.7,192
2749,100015,100260,L23_pyr,basket,L4,163.0,403.6,238.0,231
2750,100183,100249,L5_pyr,basket,L4,199.5,457.6,54.6,177
2751,100153,100183,L4_exc,L5_pyr,L5,141.7,519.5,222.4,251
2752,100003,100107,L23_pyr,L4_exc,L4,84.1,362.0,95.5,269
2753,100245,100102,basket,L4_exc,L4,52.3,340.3,53.6,142
2754,100048,100253,L23_pyr,basket,L2/3,235.6,242.2,199.5,232
2755,100013,100217,L23_pyr,L5_pyr,L5,66.3,569.4,209.4,260
2756,100204,100202,L5_pyr,L5_pyr,L5,98.0,423.1,242.7,288
2757,100060,100002,L23_pyr,L23_pyr,L2/3,60.5,217.3,188.5,64
2758,100251,100035,basket,,L2/3,284.0,114.3,267.7,276
2759,100236,100121,basket,L4_exc,L4,256.4,297.6,253.6,553
2760,100014,100009,L23_pyr,L23_pyr,L2/3,130.3,76.2,257.1,273
2761,100167,100058,L5_pyr,L23_pyr,L2/3,121.2,211.0,133.4,446
2762,100212,100133,L5_pyr,L4_exc,L4,-11.8,420.6,56.0,286
2763,100243,100133,basket,L4_exc,L4,53.1,400.5,78.7,230
2764,100117,100076,L4_exc,L23_pyr,L2/3,54.9,231.0,239.9,174
2765,100226,100275,basket,martinotti,L5,319.5,539.3,210.7,216
2766,100172,100219,L5_pyr,L5_pyr,L5,133.6,625.3,106.2,254
2767,100007,100155,L23_pyr,L4_exc,L4,231.0,383.7,36.8,152
2768,100125,100231,L4_exc,basket,L2/3,111.4,284.5,63.9,173
2769,100158,100055,L4_exc,L23_pyr,L2/3,41.0,93.1,221.3,362
2770,100081,100287,L23_pyr,vip,L4,243.0,310.4,9.8,380
2771,100100,100284,L4_exc,martinotti,L5,171.2,550.7,202.4,601
2772,100086,100295,L23_pyr,vip,L2/3,91.2,326.3,166.6,162
2773,100235,100177,basket,L5_pyr,L5,126.3,491.1,265.1,702
2774,100153,100109,L4_exc,L4_exc,L4,110.8,385.6,182.4,130
2775,100065,100293,L23_pyr,vip,L4,310.4,379.2,198.4,397
2776,100296,100094,vip,L4_exc,L4,108.2,283.2,283.3,284
2777,100127,100234,L4_exc,basket,L4,216.9,289.8,49.5,137
2778,100165,100295,L5_pyr,vip,L2/3,84.5,327.4,133.1,300
2779,100017,100054,L23_pyr,L23_pyr,L2/3,128.6,138.0,156.6,75
2780,100003,100292,L23_pyr,vip,L2/3,61.4,249.6,244.7,57
2781,100136,100013,L4_exc,L23_pyr,L2/3,119.5,162.4,116.8,230
2782,100215,100284,L5_pyr,martinotti,L5,232.7,596.8,205.8,44
2783,100299,100071,vip,L23_pyr,L2/3,44.7,211.8,169.7,222
2784,100045,100236,L23_pyr,basket,L4,50.1,370.2,251.5,58
2785,100093,100025,L4_exc,L23_pyr,L2/3,110.8,238.8,172.6,279
2786,100065,100015,L23_pyr,L23_pyr,L2/3,197.9,79.2,91.4,346
2787,100131,100093,L4_exc,L4_exc,L4,216.1,348.6,104.9,193
2788,100101,100012,L4_exc,L23_pyr,L2/3,148.9,167.8,164.9,182
2789,100093,100032,L4_exc,L23_pyr,L2/3,81.2,286.1,192.4,143
2790,100220,100178,L5_pyr,L5_pyr,L5,279.4,576.5,192.1,94
2791,100293,100294,vip,vip,L5,199.6,508.6,212.1,237
2792,100291,100221,vip,basket,L4,105.2,382.8,166.8,483
2793,100097,100240,L4_exc,basket,L5,160.8,445.0,139.3,317
2794,100098,100265,L4_exc,martinotti,L5,234.6,701.5,13.4,165
2795,100247,100011,basket,L23_pyr,L2/3,8.1,163.0,61.9,277
2796,100089,100234,L23_pyr,basket,L4,222.5,305.6,6.2,139
2797,100269,100071,martinotti,L23_pyr,L2/3,62.9,264.3,142.2,100
2798,100141,100033,L4_exc,L23_pyr,L2/3,-28.3,296.3,284.7,357
2799,100249,100276,basket,martinotti,L4,182.7,444.2,29.6,157
2800,100087,100297,L23_pyr,vip,L5,292.4,489.8,73.9,303
2801,100262,100146,martinotti,L4_exc,L4,42.6,386.9,44.4,238
2802,100254,100167,basket,L5_pyr,L5,242.6,501.4,224.3,357
2803,100136,100300,L4_exc,vip,L2/3,147.0,109.6,67.4,327
2804,100015,100233,L23_pyr,basket,L2/3,171.9,144.2,303.3,64
2805,100157,100126,L4_exc,L4_exc,L4,11.3,442.3,13.7,137
2806,100083,100231,L23_pyr,basket,L2/3,112.1,287.3,104.8,52
2807,100277,100009,martinotti,L23_pyr,L2/3,96.7,122.2,227.1,115
2808,100224,100238,basket,basket,L4,68.8,390.6,287.8,172
2809,100209,100279,L5_pyr,martinotti,L5,88.4,712.7,227.4,214
2810,100155,100267,L4_exc,martinotti,L2/3,78.9,153.0,-16.3,272
2811,100201,100172,L5_pyr,L5_pyr,L5,297.5,670.6,83.4,137
2812,100040,100070,L23_pyr,L23_pyr,L2/3,301.1,112.3,295.5,294
2813,100029,100028,L23_pyr,L23_pyr,L2/3,49.9,116.9,97.7,278
2814,100188,100031,L5_pyr,L23_pyr,L2/3,86.0,283.0,-5.2,256
2815,100091,100224,L4_exc,basket,L5,107.9,485.3,170.2,85
2816,100119,100243,L4_exc,basket,L2/3,67.8,262.9,105.8,66
2817,100217,100197,L5_pyr,L5_pyr,L5,150.7,582.7,92.5,203
2818,100211,100023,L5_pyr,L23_pyr,L2/3,330.5,217.4,239.3,48
2819,100172,100218,L5_pyr,L5_pyr,L5,264.2,511.1,42.2,94
2820,100278,100171,martinotti,L5_pyr,L5,130.3,522.1,251.2,89
2821,100041,100115,L23_pyr,L4_exc,L4,170.0,424.3,270.7,214
2822,100225,100016,basket,L23_pyr,L2/3,184.8,226.7,115.2,96
2823,100130,100255,L4_exc,basket,L4,279.3,337.4,124.8,98
2824,100118,100165,L4_exc,L5_pyr,L5,123.4,561.1,214.9,96
2825,100149,100091,L4_exc,L4_exc,L4,183.9,468.4,278.3,725
2826,100210,100269,L5_pyr,martinotti,L5,42.5,522.4,268.7,114
2827,100080,100218,L23_pyr,L5_pyr,L5,225.6,461.2,12.2,219
2828,100191,100271,L5_pyr,martinotti,L5,62.8,519.5,253.9,392
2829,100200,100289,L5_pyr,vip,L5,-11.9,693.4,135.2,204
2830,100295,100190,vip,L5_pyr,L5,202.0,481.1,192.6,770
2831,100028,100152,L23_pyr,L4_exc,L4,13.0,378.8,128.3,199
2832,100098,100177,L4_exc,L5_pyr,L5,121.1,493.5,217.2,299
2833,100037,100101,L23_pyr,L4_exc,L4,278.5,401.8,68.0,124
2834,100029,100214,L23_pyr,L5_pyr,L5,125.9,557.0,176.2,264
2835,100044,100135,L23_pyr,L4_exc,L4,211.1,457.1,30.6,311
2836,100258,100222,basket,basket,L4,303.3,351.4,2.4,512
2837,100227,100127,basket,L4_exc,L4,135.5,363.8,49.5,177
2838,100257,100200,basket,L5_pyr,L5,68.3,544.8,289.7,1577
2839,100092,100073,L4_exc,L23_pyr,L2/3,163.9,259.3,248.6,91
2840,100210,100169,L5_pyr,L5_pyr,L5,-13.3,492.0,205.9,231
2841,100105,100293,L4_exc,vip,L4,279.4,357.4,175.7,89
2842,100279,100235,martinotti,basket,L5,-12.7,528.0,237.9,143
2843,100012,100212,L23_pyr,L5_pyr,L5,185.7,536.8,210.4,155
2844,100149,100173,L4_exc,L5_pyr,L5,36.6,544.9,252.8,72
2845,100013,100227,L23_pyr,basket,L5,151.9,471.7,31.7,79
2846,100098,100221,L4_exc,,L4,225.4,402.7,140.2,217
2847,100164,100128,L5_pyr,L4_exc,L4,308.5,320.8,197.2,574
2848,100252,100083,basket,L23_pyr,L2/3,256.4,269.1,101.4,215
2849,100182,100131,L5_pyr,L4_exc,L4,127.0,404.5,113.5,106
2850,100235,100152,basket,L4_exc,L4,4.2,382.7,46.4,136
2851,100061,100072,L23_pyr,L23_pyr,L2/3,297.1,219.3,268.2,66
2852,100046,100102,L23_pyr,,L4,29.9,334.3,85.2,135
2853,100130,100132,L4_exc,L4_exc,L4,293.8,420.1,83.3,559
2854,100259,100205,basket,L5_pyr,L5,85.2,577.6,60.1,81
2855,100160,100085,L4_exc,L23_pyr,L2/3,8.6,293.9,9.1,112
2856,100217,100224,L5_pyr,basket,L5,79.2,507.4,76.2,316
2857,100087,100122,L23_pyr,L4_exc,L4,253.7,360.6,34.4,217
2858,100178,100005,L5_pyr,L23_pyr,L2/3,264.8,219.4,134.2,164
2859,100163,100074,L5_pyr,L23_pyr,L2/3,257.6,212.5,275.5,131
2860,100101,100231,L4_exc,basket,L2/3,88.2,289.7,106.8,158
2861,100243,100084,basket,L23_pyr,L2/3,150.1,221.6,41.3,718
2862,100145,100186,L4_exc,L5_pyr,L5,138.7,644.8,136.6,210
2863,100219,100288,L5_pyr,vip,L5,49.8,474.1,213.0,181
2864,100291,100093,vip,L4_exc,L4,256.2,393.5,48.1,336
2865,100131,100219,L4_exc,L5_pyr,L5,162.8,585.7,107.3,216
2866,100014,100069,L23_pyr,L23_pyr,L2/3,148.4,94.8,243.5,125
2867,100263,100085,martinotti,L23_pyr,L2/3,19.1,263.5,63.7,273
2868,100026,100273,L23_pyr,martinotti,L2/3,279.1,171.2,255.9,223
2869,100198,100196,L5_pyr,L5_pyr,L5,26.8,627.7,134.1,264
2870,100155,100102,L4_exc,,L4,101.1,340.3,124.5,319
2871,100056,100096,L23_pyr,L4_exc,L4,51.1,307.7,177.5,119
2872,100030,100158,L23_pyr,L4_exc,L4,29.7,389.3,161.5,197
2873,100091,100298,L4_exc,vip,L4,279.9,339.3,236.7,108
2874,100030,100273,L23_pyr,martinotti,L2/3,303.5,135.3,235.9,294
2875,100161,100131,L5_pyr,L4_exc,L4,151.4,411.8,78.2,146
2876,100184,100220,L5_pyr,L5_pyr,L5,258.8,547.4,112.0,125
2877,100093,100180,L4_exc,L5_pyr,L5,257.1,477.4,181.9,252
2878,100288,100134,vip,,L4,162.9,483.2,252.2,439
2879,100127,100166,L4_exc,L5_pyr,L5,183.9,562.8,101.4,377
2880,100040,100045,L23_pyr,L23_pyr,L2/3,4.3,162.9,293.8,431
2881,100023,100259,L23_pyr,basket,L5,252.9,668.4,217.8,388
2882,100153,100067,L4_exc,L23_pyr,L2/3,93.6,264.6,135.5,98
2883,100164,100248,L5_pyr,basket,L2/3,264.6,245.9,105.8,123
2884,100145,100137,L4_exc,L4_exc,L4,49.3,401.4,303.0,119
2885,100255,100065,basket,L23_pyr,L2/3,171.4,257.9,19.7,143
2886,100064,100061,L23_pyr,L23_pyr,L2/3,309.7,249.1,121.4,230
2887,100206,100021,L5_pyr,L23_pyr,L2/3,79.0,189.6,94.6,128
2888,100277,100195,martinotti,L5_pyr,L5,101.9,696.3,154.7,350
2889,100288,100237,vip,basket,L5,38.4,548.5,53.7,196
2890,100029,100009,L23_pyr,L23_pyr,L2/3,56.5,115.4,244.2,323
2891,100172,100138,L5_pyr,L4_exc,L4,321.8,312.1,161.9,53
2892,100170,100236,L5_pyr,basket,L4,39.9,415.2,271.8,175
2893,100084,100227,L23_pyr,basket,L5,121.2,472.6,-27.3,117
2894,100150,100235,L4_exc,basket,L5,8.0,509.4,163.9,84
2895,100168,100252,L5_pyr,basket,L4,86.1,354.8,214.8,215
2896,100152,100226,L4_exc,basket,L4,5.9,335.9,-28.2,383
2897,100276,100102,martinotti,L4_exc,L4,111.4,352.5,104.5,273
2898,100078,100251,L23_pyr,basket,L2/3,250.7,157.6,273.2,217
2899,100298,100014,vip,L23_pyr,L2/3,49.1,359.4,229.1,433
2900,100135,100190,L4_exc,L5_pyr,L5,245.7,450.6,229.0,117
2901,100228,100172,basket,L5_pyr,L5,262.2,670.9,103.7,194
2902,100004,100082,L23_pyr,L23_pyr,L2/3,118.4,240.5,132.3,176
2903,100234,100084,basket,L23_pyr,L2/3,138.2,173.5,45.3,70
2904,100127,100269,L4_exc,martinotti,L5,7.9,479.5,247.4,173
2905,100022,100222,L23_pyr,basket,L4,286.8,354.0,18.2,627
2906,100296,100120,vip,L4_exc,L4,246.1,405.8,230.9,186
2907,100048,100273,L23_pyr,martinotti,L2/3,274.5,193.8,260.0,124
2908,100231,100012,basket,L23_pyr,L2/3,116.3,168.1,89.9,156
2909,100069,100046,L23_pyr,L23_pyr,L2/3,235.3,233.6,150.5,189
2910,100010,100064,L23_pyr,L23_pyr,L2/3,255.8,247.3,254.7,219
2911,100094,100006,L4_exc,L23_pyr,L2/3,204.3,144.0,168.9,393
2912,100006,100039,L23_pyr,L23_pyr,L2/3,318.0,250.8,189.6,84
2913,100236,100233,basket,basket,L2/3,195.2,150.9,297.0,492
2914,100253,100186,basket,L5_pyr,L5,87.6,707.2,160.3,480
2915,100032,100044,L23_pyr,L23_pyr,L2/3,232.5,249.3,185.4,265
2916,100224,100108,basket,L4_exc,L4,207.6,390.3,57.1,264
2917,100213,100170,L5_pyr,L5_pyr,L5,136.9,635.6,126.4,166
2918,100272,100239,martinotti,basket,L2/3,92.0,120.6,233.3,200
2919,100161,100269,L5_pyr,martinotti,L5,62.0,509.5,266.0,132
2920,100217,100274,L5_pyr,martinotti,L2/3,268.7,247.5,167.5,64
2921,100083,100151,L23_pyr,L4_exc,L4,-0.2,400.1,74.1,177
2922,100263,100106,martinotti,L4_exc,L4,192.3,324.9,86.3,440
2923,100040,100273,L23_pyr,martinotti,L2/3,283.5,189.8,303.6,108
2924,100107,100231,L4_exc,basket,L2/3,90.3,264.4,71.5,189
2925,100181,100240,L5_pyr,basket,L5,129.5,484.0,177.8,136
2926,100271,100032,martinotti,L23_pyr,L2/3,66.4,271.6,220.1,526
2927,100267,100011,martinotti,L23_pyr,L2/3,18.0,162.9,4.7,579
2928,100045,100240,L23_pyr,basket,L5,123.7,463.2,156.3,74
2929,100029,100042,L23_pyr,L23_pyr,L2/3,151.9,237.2,237.9,361
2930,100037,100096,L23_pyr,L4_exc,L4,37.8,344.0,189.7,341
2931,100132,100167,L4_exc,L5_pyr,L5,249.5,507.1,213.3,325
2932,100234,100128,basket,L4_exc,L4,288.5,227.9,171.2,285
2933,100150,100230,L4_exc,basket,L5,159.7,630.3,299.4,223
2934,100028,100293,L23_pyr,vip,L4,303.7,314.9,197.8,145
2935,100240,100106,basket,L4_exc,L4,180.2,325.5,15.2,599
2936,100096,100085,L4_exc,L23_pyr,L2/3,-8.6,263.3,54.6,80
2937,100033,100162,L23_pyr,L5_pyr,L5,56.4,619.7,82.1,179
2938,100099,100261,L4_exc,martinotti,L5,116.7,575.0,117.6,615
2939,100108,100251,L4_exc,basket,L2/3,237.9,118.5,211.9,127
2940,100222,100130,basket,L4_exc,L4,267.8,299.6,250.3,210
2941,100075,100116,L23_pyr,L4_exc,L4,105.1,402.2,16.5,450
2942,100030,100183,L23_pyr,L5_pyr,L5,189.7,507.9,174.8,314
2943,100196,100240,L5_pyr,basket,L5,148.6,482.5,140.4,149
2944,100062,100262,L23_pyr,martinotti,L2/3,181.5,246.5,13.3,406
2945,100099,100088,L4_exc,L23_pyr,L2/3,100.2,220.3,224.2,544
2946,100265,100017,martinotti,L23_pyr,L2/3,169.2,197.1,66.6,241
2947,100176,100175,L5_pyr,L5_pyr,L5,170.4,640.0,159.0,71
2948,100128,100151,L4_exc,L4_exc,L4,3.1,378.9,72.1,115
2949,100197,100289,L5_pyr,vip,L5,29.9,703.1,184.0,346
2950,100090,100293,L23_pyr,vip,L4,299.0,361.1,202.7,115
2951,100120,100190,L4_exc,L5_pyr,L5,260.2,439.0,190.1,67
2952,100108,100061,L4_exc,L23_pyr,L2/3,276.5,266.2,139.8,167
2953,100159,100255,L4_exc,basket,L4,217.2,348.2,144.2,616
2954,100039,100169,L23_pyr,L5_pyr,L5,19.4,513.9,220.2,98
2955,100258,100107,basket,L4_exc,L4,86.4,316.3,125.5,221
2956,100003,100267,L23_pyr,martinotti,L2/3,84.1,149.8,28.1,142
2957,100116,100140,L4_exc,L4_exc,L4,40.4,424.9,31.0,128
2958,100116,100196,L4_exc,L5_pyr,L5,26.3,653.8,124.8,259
2959,100273,100239,martinotti,basket,L2/3,156.6,110.2,338.7,98
2960,100187,100271,L5_pyr,martinotti,L5,84.1,553.8,275.5,235
2961,100296,100039,vip,L23_pyr,L2/3,315.1,255.5,194.0,195
2962,100222,100275,basket,martinotti,L5,290.5,422.5,215.0,295
2963,100044,100109,L23_pyr,L4_exc,L4,83.4,332.3,209.8,63
2964,100213,100047,L5_pyr,L23_pyr,L2/3,128.5,215.9,260.6,117
2965,100208,100093,L5_pyr,L4_exc,L4,255.9,396.1,59.9,183
2966,100236,100037,basket,L23_pyr,L2/3,205.3,209.2,30.1,419
2967,100202,100166,L5_pyr,L5_pyr,L5,173.3,590.2,24.2,215
2968,100136,100161,L4_exc,L5_pyr,L5,197.5,600.0,161.2,308
2969,100246,100042,basket,L23_pyr,L2/3,183.5,215.7,266.0,280
2970,100068,100004,L23_pyr,L23_pyr,L2/3,59.0,146.6,88.9,130
2971,100107,100265,L4_exc,martinotti,L5,204.6,656.1,-12.2,127
2972,100248,100093,basket,L4_exc,L4,192.2,320.3,78.4,439
2973,100036,100131,L23_pyr,L4_exc,L4,142.9,405.0,57.4,103
2974,100187,100299,L5_pyr,,L4,44.0,301.7,209.5,122
2975,100188,100178,L5_pyr,L5_pyr,L5,307.1,561.5,176.4,52
2976,100031,100011,L23_pyr,L23_pyr,L2/3,39.1,145.1,12.5,148
2977,100078,100282,L23_pyr,martinotti,L2/3,-13.5,113.7,99.9,110
2978,100174,100175,L5_pyr,L5_pyr,L5,190.4,676.2,157.3,258
2979,100213,100092,L5_pyr,L4_exc,L4,235.4,386.8,126.9,299
2980,100191,100148,L5_pyr,L4_exc,L4,199.6,332.5,140.6,174
2981,100016,100263,L23_pyr,martinotti,L4,30.4,400.4,211.8,121
2982,100196,100223,L5_pyr,basket,L5,289.6,694.4,234.4,184
2983,100112,100201,L4_exc,L5_pyr,L5,283.9,488.2,263.1,222
2984,100236,100099,basket,L4_exc,L4,52.3,452.1,293.8,162
2985,100014,100100,L23_pyr,,L4,285.5,364.6,243.3,56
2986,100168,100252,L5_pyr,basket,L4,72.5,301.6,211.1,182
2987,100068,100060,L23_pyr,L23_pyr,L2/3,104.5,143.4,222.7,277
2988,100266,100275,martinotti,martinotti,L5,272.3,468.7,241.1,264
2989,100084,100025,L23_pyr,L23_pyr,L2/3,144.0,248.0,118.2,155
2990,100270,100167,martinotti,L5_pyr,L5,233.7,568.7,226.2,218
2991,100287,100089,vip,L23_pyr,L2/3,115.8,137.2,198.9,285
2992,100119,100200,L4_exc,L5_pyr,L5,90.4,529.3,297.3,1273
2993,100064,100245,L23_pyr,basket,L2/3,71.8,294.5,295.9,191
2994,100192,100214,L5_pyr,L5_pyr,L5,121.4,563.7,216.5,247
2995,100110,100254,L4_exc,basket,L4,225.3,389.9,238.2,39
2996,100143,100248,L4_exc,basket,L2/3,252.7,297.5,114.2,224
2997,100041,100159,L23_pyr,L4_exc,L4,273.8,311.6,251.6,122
2998,100218,100105,L5_pyr,L4_exc,L4,83.9,312.9,183.5,317
2999,100035,100023,L23_pyr,L23_pyr,L2/3,272.8,251.9,194.8,363
3000,100175,100279,L5_pyr,martinotti,L5,139.9,681.4,186.9,106
