synapse_id,pre_id,post_id,compartment,gray_type,x_um,y_um,z_um
1,30001,30036,soma,symmetric,69.9,310.3,373.5
2,30001,30036,uncertain,uncertain,138.0,303.3,326.0
3,30001,30036,soma,symmetric,55.7,313.8,315.2
4,30001,30036,soma,symmetric,91.6,354.7,392.4
5,30001,30036,uncertain,uncertain,138.1,335.7,405.7
6,30001,30036,proximal_dendrite,symmetric,39.7,292.1,341.5
7,30001,30060,soma,symmetric,132.6,490.5,423.9
8,30001,30084,soma,symmetric,373.2,407.6,77.5
9,30001,30084,soma,symmetric,341.2,439.8,64.8
10,30001,30084,soma,symmetric,454.2,426.2,105.6
11,30001,30084,soma,symmetric,295.3,418.1,173.8
12,30001,30084,soma,symmetric,380.1,479.7,96.5
13,30001,30089,distal_dendrite,symmetric,22.6,214.3,289.3
14,30001,30093,proximal_dendrite,symmetric,229.3,270.3,16.0
15,30001,30093,proximal_dendrite,symmetric,241.3,248.9,-45.9
16,30001,30100,distal_dendrite,symmetric,69.5,197.8,174.6
17,30001,30105,soma,symmetric,351.3,345.5,121.6
18,30001,30105,soma,symmetric,350.7,337.4,154.9
19,30001,30106,soma,symmetric,53.5,468.0,425.5
20,30001,30106,uncertain,uncertain,-1.7,519.2,416.5
21,30001,30106,soma,symmetric,61.8,502.9,402.3
22,30001,30106,distal_dendrite,symmetric,71.2,449.4,375.7
23,30001,30108,proximal_dendrite,symmetric,224.6,408.2,92.4
24,30001,30122,proximal_dendrite,symmetric,137.4,427.4,48.2
25,30001,30129,soma,symmetric,121.0,286.9,155.6
26,30001,30129,soma,uncertain,154.7,297.6,150.1
27,30001,30130,soma,symmetric,38.4,410.5,285.2
28,30001,30146,soma,symmetric,137.1,489.1,350.6
29,30001,30156,distal_dendrite,symmetric,218.2,475.9,150.9
30,30001,30172,proximal_dendrite,symmetric,411.1,312.6,218.6
31,30001,30173,proximal_dendrite,symmetric,178.0,134.6,386.7
32,30001,30173,soma,symmetric,180.0,257.0,306.5
33,30001,30173,soma,uncertain,184.7,189.9,379.5
34,30001,30174,distal_dendrite,uncertain,374.9,379.0,263.1
35,30001,30192,soma,symmetric,409.9,311.9,60.6
36,30001,30199,soma,symmetric,211.2,196.4,185.8
37,30001,30199,soma,symmetric,160.0,235.3,100.6
38,30002,30003,soma,symmetric,85.7,252.2,115.5
39,30002,30040,proximal_dendrite,symmetric,237.4,436.5,249.4
40,30002,30072,proximal_dendrite,symmetric,33.5,506.0,343.8
41,30002,30083,soma,symmetric,41.7,259.0,198.3
42,30002,30094,soma,symmetric,230.6,291.8,298.0
43,30002,30108,proximal_dendrite,symmetric,232.1,402.6,74.1
44,30002,30123,soma,symmetric,296.7,383.4,388.5
45,30002,30123,proximal_dendrite,symmetric,343.3,486.3,358.3
46,30002,30129,soma,symmetric,89.8,309.5,102.6
47,30002,30129,soma,symmetric,171.5,298.4,93.0
48,30002,30143,soma,uncertain,297.9,342.3,15.1
49,30002,30158,distal_dendrite,symmetric,316.6,451.2,311.6
50,30002,30158,soma,symmetric,354.3,398.7,301.0
51,30002,30158,soma,symmetric,311.0,391.8,310.5
52,30002,30158,uncertain,uncertain,347.1,421.0,309.1
53,30002,30158,soma,symmetric,364.8,414.4,291.8
54,30002,30158,proximal_dendrite,symmetric,384.1,474.5,256.7
55,30002,30158,soma,symmetric,369.9,364.5,279.7
56,30002,30164,distal_dendrite,symmetric,276.7,347.2,139.5
57,30002,30164,soma,symmetric,276.8,317.0,109.1
58,30002,30174,soma,symmetric,411.3,418.7,227.6
59,30002,30174,proximal_dendrite,symmetric,342.0,455.6,265.5
60,30002,30185,proximal_dendrite,symmetric,127.0,393.5,63.5
61,30002,30186,distal_dendrite,symmetric,173.8,379.7,9.6
62,30002,30186,soma,symmetric,260.4,379.2,77.8
63,30002,30190,proximal_dendrite,symmetric,208.0,237.6,123.7
64,30002,30190,soma,symmetric,237.2,394.8,133.8
65,30002,30190,proximal_dendrite,symmetric,258.6,313.4,91.2
66,30002,30190,soma,symmetric,244.8,328.7,95.7
67,30002,30191,soma,uncertain,170.2,467.3,303.3
68,30002,30191,soma,symmetric,171.3,463.7,310.7
69,30002,30192,soma,symmetric,329.0,269.2,59.6
70,30002,30192,proximal_dendrite,symmetric,371.9,299.5,12.0
71,30003,30028,spine,uncertain,393.5,163.2,259.8
72,30003,30028,proximal_dendrite,asymmetric,381.8,150.1,246.5
73,30003,30028,spine,asymmetric,376.9,138.7,220.7
74,30003,30028,spine,asymmetric,421.3,182.4,247.3
75,30003,30029,spine,asymmetric,272.0,296.7,29.1
76,30003,30032,proximal_dendrite,asymmetric,52.5,396.0,202.2
77,30003,30049,distal_dendrite,asymmetric,89.7,182.4,177.2
78,30003,30049,distal_dendrite,asymmetric,81.6,207.5,144.1
79,30003,30049,proximal_dendrite,asymmetric,33.9,186.5,203.2
80,30003,30049,proximal_dendrite,asymmetric,33.1,227.0,187.3
81,30003,30049,soma,asymmetric,3.6,279.9,265.4
82,30003,30049,distal_dendrite,asymmetric,49.7,235.3,184.7
83,30003,30097,proximal_dendrite,uncertain,17.9,378.6,205.7
84,30003,30097,proximal_dendrite,asymmetric,-14.8,388.5,212.2
85,30003,30127,spine,asymmetric,158.5,170.9,55.3
86,30003,30169,proximal_dendrite,asymmetric,-2.3,272.6,228.4
87,30003,30169,proximal_dendrite,asymmetric,-0.2,278.3,226.4
88,30003,30169,proximal_dendrite,asymmetric,11.4,276.9,166.4
89,30003,30169,proximal_dendrite,asymmetric,58.3,273.2,218.6
90,30003,30169,soma,asymmetric,48.6,305.9,254.3
91,30003,30170,spine,asymmetric,120.9,363.9,23.6
92,30003,30198,spine,asymmetric,15.4,234.1,226.8
93,30004,30020,distal_dendrite,asymmetric,171.5,211.9,340.8
94,30004,30044,spine,asymmetric,317.9,491.7,384.5
95,30004,30049,soma,asymmetric,61.7,189.0,203.3
96,30004,30049,proximal_dendrite,asymmetric,85.0,203.4,171.0
97,30004,30049,distal_dendrite,asymmetric,35.3,166.6,272.8
98,30004,30049,proximal_dendrite,asymmetric,50.9,233.2,236.8
99,30004,30050,spine,asymmetric,65.1,185.2,241.4
100,30004,30066,proximal_dendrite,asymmetric,200.8,393.8,20.5
101,30004,30066,proximal_dendrite,asymmetric,204.0,429.6,-34.4
102,30004,30066,soma,uncertain,147.7,432.9,79.7
103,30004,30072,proximal_dendrite,asymmetric,86.8,409.1,388.7
104,30004,30093,spine,uncertain,235.9,299.4,6.6
105,30004,30093,distal_dendrite,asymmetric,240.0,318.6,25.4
106,30004,30093,spine,uncertain,219.5,319.1,-42.8
107,30004,30093,spine,asymmetric,270.6,298.4,50.1
108,30004,30142,proximal_dendrite,asymmetric,38.9,393.2,196.9
109,30004,30142,proximal_dendrite,asymmetric,6.7,345.2,302.7
110,30004,30145,spine,asymmetric,225.5,458.1,172.0
111,30004,30145,spine,uncertain,247.8,449.3,170.2
112,30004,30145,spine,asymmetric,248.1,481.0,144.6
113,30004,30145,spine,asymmetric,262.8,456.6,210.5
114,30004,30145,spine,asymmetric,212.5,440.4,151.0
115,30004,30196,proximal_dendrite,asymmetric,68.8,341.2,198.0
116,30004,30197,proximal_dendrite,asymmetric,382.2,400.6,239.5
117,30005,30134,proximal_dendrite,asymmetric,359.5,320.5,137.1
118,30005,30151,distal_dendrite,asymmetric,306.1,371.4,297.5
119,30005,30151,proximal_dendrite,asymmetric,360.0,389.7,233.3
120,30005,30151,spine,asymmetric,320.0,375.2,233.8
121,30005,30151,distal_dendrite,asymmetric,382.7,400.0,284.7
122,30005,30151,spine,asymmetric,370.3,392.7,271.7
123,30006,30118,distal_dendrite,uncertain,279.8,202.6,429.6
124,30006,30118,soma,asymmetric,258.5,229.0,419.3
125,30006,30200,spine,asymmetric,366.1,30.8,81.5
126,30007,30015,spine,asymmetric,129.1,475.8,232.9
127,30007,30054,distal_dendrite,asymmetric,55.6,242.7,320.1
128,30007,30074,spine,uncertain,19.2,111.7,55.2
129,30007,30074,spine,asymmetric,34.6,178.2,75.7
130,30007,30074,spine,asymmetric,29.3,142.2,71.0
131,30007,30163,distal_dendrite,asymmetric,33.7,299.1,281.6
132,30007,30163,soma,uncertain,81.3,365.5,339.0
133,30007,30169,distal_dendrite,asymmetric,32.2,266.9,226.3
134,30008,30034,proximal_dendrite,asymmetric,81.7,316.3,257.3
135,30008,30034,soma,asymmetric,123.1,301.7,312.0
136,30008,30034,proximal_dendrite,asymmetric,89.9,297.6,299.2
137,30008,30064,spine,asymmetric,39.6,210.3,159.8
138,30008,30079,distal_dendrite,asymmetric,83.7,368.7,247.5
139,30008,30079,spine,asymmetric,142.0,317.7,220.4
140,30008,30079,spine,asymmetric,126.0,355.5,206.1
141,30008,30097,proximal_dendrite,asymmetric,-9.5,401.1,153.1
142,30008,30097,distal_dendrite,asymmetric,-16.2,330.1,193.2
143,30008,30100,spine,asymmetric,36.1,222.0,86.5
144,30008,30100,spine,asymmetric,24.8,187.3,120.6
145,30008,30100,spine,asymmetric,36.9,174.8,148.4
146,30008,30100,spine,asymmetric,87.1,142.2,135.8
147,30008,30100,spine,asymmetric,55.2,205.3,127.9
148,30008,30100,spine,asymmetric,70.7,189.7,113.0
149,30009,30012,distal_dendrite,symmetric,410.2,452.3,297.2
150,30009,30012,spine,symmetric,345.8,481.5,388.4
151,30009,30040,distal_dendrite,symmetric,270.7,451.2,275.5
152,30009,30040,uncertain,uncertain,252.2,421.5,214.9
153,30009,30040,spine,symmetric,259.1,432.9,279.0
154,30009,30045,uncertain,uncertain,328.4,263.5,131.9
155,30009,30046,distal_dendrite,symmetric,310.7,401.5,191.2
156,30009,30065,spine,symmetric,162.8,409.3,94.8
157,30009,30104,distal_dendrite,symmetric,202.3,266.9,191.4
158,30009,30104,distal_dendrite,symmetric,234.3,255.1,218.8
159,30009,30131,distal_dendrite,symmetric,148.0,303.3,30.1
160,30009,30131,distal_dendrite,symmetric,234.4,290.5,84.5
161,30009,30131,distal_dendrite,symmetric,246.5,299.1,16.1
162,30009,30131,spine,symmetric,202.9,292.1,30.5
163,30009,30151,distal_dendrite,symmetric,332.1,349.9,291.9
164,30009,30151,distal_dendrite,uncertain,376.8,337.9,262.3
165,30009,30151,distal_dendrite,symmetric,342.8,413.8,236.5
166,30009,30151,spine,uncertain,324.8,384.1,238.8
167,30009,30151,distal_dendrite,symmetric,352.6,352.5,240.2
168,30009,30159,distal_dendrite,symmetric,18.6,495.3,48.3
169,30009,30165,distal_dendrite,symmetric,344.6,366.1,86.1
170,30010,30005,proximal_dendrite,symmetric,306.4,111.3,-8.7
171,30010,30005,distal_dendrite,symmetric,383.7,127.3,78.5
172,30010,30017,proximal_dendrite,symmetric,82.2,283.0,194.3
173,30010,30026,proximal_dendrite,symmetric,269.4,94.1,261.3
174,30010,30026,soma,symmetric,252.5,126.4,241.6
175,30010,30029,soma,symmetric,297.0,290.6,35.6
176,30010,30029,soma,symmetric,266.6,228.7,-2.4
177,30010,30030,proximal_dendrite,symmetric,320.9,196.2,2.7
178,30010,30048,soma,symmetric,128.9,249.4,279.6
179,30010,30061,proximal_dendrite,symmetric,19.8,259.5,56.8
180,30010,30076,soma,symmetric,31.1,218.5,231.9
181,30010,30081,soma,symmetric,139.5,109.1,26.4
182,30010,30081,uncertain,uncertain,151.8,118.5,2.9
183,30010,30081,proximal_dendrite,symmetric,150.2,87.4,-47.5
184,30010,30081,soma,symmetric,150.8,146.7,20.8
185,30010,30081,proximal_dendrite,symmetric,188.2,103.2,-19.7
186,30010,30088,soma,symmetric,261.1,233.6,62.3
187,30010,30088,soma,symmetric,274.3,250.2,99.8
188,30010,30088,soma,symmetric,340.7,223.2,16.2
189,30010,30088,proximal_dendrite,symmetric,331.6,267.0,49.0
190,30010,30094,soma,symmetric,219.0,190.7,276.5
191,30010,30094,soma,uncertain,256.9,150.1,281.1
192,30010,30094,uncertain,uncertain,212.3,116.3,206.0
193,30010,30094,soma,symmetric,237.1,238.6,256.0
194,30010,30094,soma,symmetric,240.9,121.1,216.0
195,30010,30094,soma,symmetric,248.2,162.2,221.2
196,30010,30129,proximal_dendrite,symmetric,122.2,302.5,106.2
197,30010,30129,proximal_dendrite,symmetric,176.5,273.4,91.1
198,30010,30135,soma,uncertain,132.5,134.1,-38.1
199,30010,30155,soma,symmetric,107.8,141.4,99.3
200,30010,30155,proximal_dendrite,symmetric,72.0,57.7,96.9
201,30010,30170,soma,symmetric,89.6,323.6,-28.2
202,30010,30170,distal_dendrite,symmetric,77.4,346.6,41.6
203,30010,30186,soma,symmetric,226.9,373.6,82.5
204,30010,30198,distal_dendrite,symmetric,19.1,226.4,212.6
205,30010,30199,soma,symmetric,236.2,282.6,123.1
206,30010,30199,soma,symmetric,204.7,268.1,100.4
207,30010,30200,soma,symmetric,380.8,135.2,36.6
208,30010,30200,soma,uncertain,410.6,112.8,46.5
209,30010,30200,proximal_dendrite,symmetric,329.5,139.7,56.4
210,30010,30200,soma,symmetric,361.0,147.0,141.7
211,30010,30200,soma,symmetric,373.7,180.5,53.4
212,30011,30012,proximal_dendrite,uncertain,439.6,483.9,311.7
213,30011,30030,soma,asymmetric,364.5,194.5,116.9
214,30011,30030,distal_dendrite,asymmetric,305.8,148.7,80.6
215,30011,30030,distal_dendrite,asymmetric,341.7,132.7,73.8
216,30011,30110,proximal_dendrite,asymmetric,290.6,262.9,255.0
217,30011,30111,proximal_dendrite,asymmetric,213.7,395.4,107.5
218,30011,30111,proximal_dendrite,asymmetric,236.4,364.0,32.0
219,30011,30129,spine,asymmetric,113.2,257.6,197.0
220,30011,30129,proximal_dendrite,asymmetric,140.5,324.4,167.0
221,30011,30129,spine,asymmetric,83.8,325.6,111.5
222,30011,30144,proximal_dendrite,asymmetric,172.9,270.9,123.8
223,30011,30144,spine,asymmetric,167.3,217.9,142.6
224,30011,30157,proximal_dendrite,asymmetric,309.0,519.1,176.1
225,30011,30187,soma,asymmetric,184.8,217.9,170.4
226,30012,30033,distal_dendrite,symmetric,370.9,423.8,329.0
227,30012,30033,distal_dendrite,uncertain,405.3,319.7,403.8
228,30012,30053,uncertain,uncertain,206.5,391.1,338.9
229,30012,30053,spine,uncertain,255.7,445.3,319.4
230,30012,30053,distal_dendrite,symmetric,245.6,403.5,307.0
231,30012,30053,distal_dendrite,symmetric,304.3,428.0,356.5
232,30012,30053,uncertain,uncertain,210.0,471.3,305.5
233,30012,30053,distal_dendrite,symmetric,249.4,373.8,308.6
234,30012,30144,distal_dendrite,symmetric,155.3,223.3,214.8
235,30012,30157,distal_dendrite,symmetric,322.6,520.8,220.9
236,30012,30172,uncertain,uncertain,374.3,377.7,259.8
237,30013,30005,spine,asymmetric,360.8,143.3,17.3
238,30013,30028,spine,asymmetric,428.8,102.9,192.1
239,30013,30028,spine,asymmetric,404.8,135.9,214.5
240,30013,30043,spine,asymmetric,246.4,271.2,350.7
241,30013,30187,distal_dendrite,asymmetric,193.1,167.9,247.1
242,30013,30189,spine,asymmetric,130.6,171.6,267.7
243,30013,30189,distal_dendrite,asymmetric,43.1,151.1,273.8
244,30013,30189,spine,asymmetric,119.5,127.0,296.1
245,30013,30192,spine,asymmetric,408.3,312.8,84.3
246,30013,30192,spine,asymmetric,415.5,323.6,30.5
247,30014,30020,proximal_dendrite,asymmetric,212.2,227.1,284.1
248,30014,30026,spine,asymmetric,300.5,192.0,251.1
249,30014,30110,soma,asymmetric,323.7,237.7,228.9
250,30014,30152,spine,asymmetric,322.3,341.2,247.5
251,30014,30152,spine,asymmetric,390.0,324.8,254.8
252,30014,30152,spine,asymmetric,410.6,370.2,223.0
253,30014,30184,proximal_dendrite,asymmetric,145.8,266.4,197.5
254,30014,30184,proximal_dendrite,asymmetric,76.4,261.3,136.0
255,30015,30097,proximal_dendrite,asymmetric,-30.2,335.0,157.8
256,30015,30111,proximal_dendrite,asymmetric,255.8,366.0,50.2
257,30015,30142,distal_dendrite,asymmetric,62.4,376.0,168.9
258,30015,30147,proximal_dendrite,asymmetric,120.8,380.3,177.0
259,30015,30147,distal_dendrite,asymmetric,86.4,464.4,118.7
260,30015,30192,spine,asymmetric,364.6,295.9,92.8
261,30016,30014,distal_dendrite,asymmetric,268.2,88.7,244.9
262,30016,30020,proximal_dendrite,asymmetric,199.1,241.4,348.8
263,30016,30020,proximal_dendrite,asymmetric,188.3,236.2,305.9
264,30016,30032,distal_dendrite,asymmetric,41.5,423.9,219.3
265,30016,30032,proximal_dendrite,asymmetric,67.4,336.6,262.0
266,30016,30032,proximal_dendrite,asymmetric,87.5,350.0,244.2
267,30016,30032,soma,asymmetric,87.4,391.4,216.5
268,30016,30032,proximal_dendrite,asymmetric,16.4,354.5,232.2
269,30016,30032,proximal_dendrite,asymmetric,48.1,427.9,208.2
270,30016,30032,proximal_dendrite,asymmetric,74.4,418.0,168.2
271,30016,30032,distal_dendrite,asymmetric,83.2,369.7,240.1
272,30016,30064,spine,asymmetric,-2.9,176.5,170.9
273,30016,30080,proximal_dendrite,asymmetric,169.2,197.8,208.2
274,30016,30080,distal_dendrite,asymmetric,97.1,291.1,240.4
275,30016,30080,proximal_dendrite,asymmetric,129.4,292.8,218.3
276,30016,30080,proximal_dendrite,uncertain,183.5,281.2,241.6
277,30016,30080,distal_dendrite,asymmetric,156.3,241.3,175.7
278,30016,30131,spine,asymmetric,229.0,316.2,64.1
279,30016,30131,spine,asymmetric,217.9,319.5,81.5
280,30016,30131,distal_dendrite,asymmetric,209.8,333.6,59.4
281,30016,30157,proximal_dendrite,asymmetric,335.2,504.0,249.9
282,30016,30157,proximal_dendrite,asymmetric,306.6,468.7,265.3
283,30017,30040,spine,asymmetric,237.7,408.5,245.5
284,30017,30040,spine,asymmetric,211.8,392.2,234.4
285,30017,30040,proximal_dendrite,asymmetric,186.2,458.9,265.4
286,30017,30040,spine,asymmetric,216.6,400.9,247.3
287,30017,30048,proximal_dendrite,asymmetric,102.3,263.7,185.0
288,30017,30078,spine,asymmetric,135.9,131.5,378.5
289,30017,30078,spine,asymmetric,125.0,184.4,341.5
290,30017,30078,spine,asymmetric,133.1,108.1,395.1
291,30017,30078,spine,asymmetric,91.6,85.2,387.7
292,30017,30102,proximal_dendrite,asymmetric,136.2,354.9,226.9
293,30017,30102,distal_dendrite,asymmetric,139.1,273.4,258.1
294,30017,30168,proximal_dendrite,asymmetric,228.5,474.4,106.2
295,30017,30194,proximal_dendrite,asymmetric,-5.6,442.4,273.1
296,30017,30198,spine,asymmetric,6.0,279.2,191.3
297,30018,30012,proximal_dendrite,asymmetric,366.3,475.0,450.6
298,30018,30024,proximal_dendrite,asymmetric,430.8,369.2,200.8
299,30018,30044,spine,asymmetric,294.0,484.9,341.0
300,30018,30108,spine,asymmetric,238.6,395.8,55.0
301,30018,30111,proximal_dendrite,asymmetric,203.9,362.1,50.6
302,30018,30174,spine,asymmetric,369.7,425.2,259.3
303,30018,30176,spine,asymmetric,193.0,239.6,346.3
304,30018,30176,spine,asymmetric,252.3,339.8,400.3
305,30018,30176,spine,asymmetric,285.3,225.3,392.8
306,30018,30176,spine,asymmetric,297.2,233.6,329.4
307,30019,30070,distal_dendrite,asymmetric,201.0,362.9,17.3
308,30020,30006,distal_dendrite,symmetric,363.1,276.1,349.3
309,30020,30018,uncertain,uncertain,391.0,379.7,228.2
310,30020,30021,distal_dendrite,uncertain,-22.2,484.2,228.6
311,30020,30021,distal_dendrite,symmetric,8.2,481.7,238.8
312,30020,30024,distal_dendrite,symmetric,398.4,434.4,181.0
313,30020,30024,distal_dendrite,symmetric,365.5,427.7,228.0
314,30020,30026,distal_dendrite,symmetric,304.2,134.5,236.1
315,30020,30053,distal_dendrite,symmetric,250.7,390.6,294.5
316,30020,30055,distal_dendrite,symmetric,278.4,404.6,305.0
317,30020,30055,distal_dendrite,symmetric,321.3,416.4,274.5
318,30020,30055,distal_dendrite,symmetric,324.1,365.0,254.9
319,30020,30055,uncertain,uncertain,343.0,360.7,266.4
320,30020,30055,spine,symmetric,364.5,443.5,270.5
321,30020,30056,distal_dendrite,symmetric,238.4,505.2,212.0
322,30020,30056,distal_dendrite,symmetric,195.5,454.9,193.7
323,30020,30067,distal_dendrite,symmetric,188.0,225.5,221.7
324,30020,30089,uncertain,uncertain,117.4,212.3,254.7
325,30020,30089,distal_dendrite,symmetric,111.4,183.9,245.3
326,30020,30089,distal_dendrite,symmetric,68.9,123.7,210.7
327,30020,30091,uncertain,uncertain,84.4,164.0,402.9
328,30020,30123,distal_dendrite,symmetric,324.8,393.6,360.7
329,30020,30127,distal_dendrite,symmetric,201.4,187.8,43.5
330,30020,30129,distal_dendrite,symmetric,134.9,270.4,83.1
331,30020,30157,distal_dendrite,symmetric,321.5,489.2,223.3
332,30020,30157,distal_dendrite,symmetric,298.9,464.7,220.0
333,30020,30157,distal_dendrite,symmetric,315.1,470.5,248.7
334,30020,30157,distal_dendrite,symmetric,341.4,467.5,208.2
335,30020,30157,distal_dendrite,uncertain,331.6,482.5,262.7
336,30020,30164,distal_dendrite,symmetric,322.5,353.3,128.3
337,30020,30172,distal_dendrite,uncertain,408.2,358.3,238.3
338,30020,30173,distal_dendrite,symmetric,167.8,180.7,310.5
339,30020,30183,distal_dendrite,uncertain,151.4,183.2,241.4
340,30020,30183,spine,symmetric,134.6,168.8,299.7
341,30020,30187,uncertain,uncertain,158.8,144.6,160.8
342,30021,30126,spine,asymmetric,184.8,312.4,52.0
343,30021,30126,spine,asymmetric,124.7,335.0,108.4
344,30021,30133,spine,asymmetric,12.0,345.3,241.1
345,30021,30163,proximal_dendrite,asymmetric,80.3,323.4,299.1
346,30021,30169,proximal_dendrite,asymmetric,33.1,298.1,173.4
347,30021,30169,distal_dendrite,asymmetric,55.7,273.7,169.9
348,30021,30191,spine,asymmetric,176.9,491.5,290.3
349,30021,30191,distal_dendrite,asymmetric,136.6,454.7,262.5
350,30021,30191,spine,asymmetric,158.6,411.5,255.1
351,30021,30194,proximal_dendrite,asymmetric,22.5,427.9,192.0
352,30021,30194,soma,asymmetric,-34.8,398.4,274.4
353,30021,30194,proximal_dendrite,asymmetric,49.6,443.8,236.3
354,30021,30194,proximal_dendrite,asymmetric,64.3,426.0,226.3
355,30021,30194,proximal_dendrite,asymmetric,77.4,412.5,297.4
356,30022,30012,distal_dendrite,symmetric,410.5,431.8,366.5
357,30022,30046,proximal_dendrite,symmetric,244.4,448.2,169.5
358,30022,30046,distal_dendrite,symmetric,242.4,485.9,189.1
359,30022,30056,proximal_dendrite,symmetric,253.0,477.5,129.0
360,30022,30056,distal_dendrite,uncertain,247.1,468.6,156.2
361,30022,30056,distal_dendrite,symmetric,227.1,423.1,164.4
362,30022,30056,proximal_dendrite,symmetric,250.3,450.0,175.6
363,30022,30110,proximal_dendrite,symmetric,375.9,280.0,271.0
364,30022,30134,proximal_dendrite,symmetric,371.3,328.7,171.6
365,30022,30134,proximal_dendrite,symmetric,330.1,321.6,131.0
366,30022,30160,proximal_dendrite,symmetric,362.4,411.7,228.3
367,30023,30005,distal_dendrite,asymmetric,358.3,125.9,47.8
368,30023,30005,spine,asymmetric,363.1,158.7,1.4
369,30023,30005,distal_dendrite,uncertain,361.7,127.8,51.3
370,30023,30005,proximal_dendrite,asymmetric,418.2,148.5,75.9
371,30023,30080,distal_dendrite,asymmetric,178.0,245.4,192.2
372,30023,30132,proximal_dendrite,asymmetric,82.6,386.4,82.0
373,30023,30132,distal_dendrite,asymmetric,86.3,419.9,104.0
374,30023,30132,distal_dendrite,asymmetric,81.9,337.6,39.5
375,30023,30157,soma,asymmetric,335.5,477.4,224.4
376,30023,30157,proximal_dendrite,asymmetric,305.8,509.4,233.0
377,30023,30157,proximal_dendrite,asymmetric,321.7,485.2,190.6
378,30023,30173,spine,asymmetric,125.1,127.0,315.6
379,30023,30173,spine,uncertain,207.2,140.5,330.8
380,30023,30182,spine,asymmetric,141.2,247.3,14.1
381,30024,30009,soma,symmetric,238.2,402.7,153.8
382,30024,30027,proximal_dendrite,symmetric,295.9,240.0,233.7
383,30024,30031,soma,symmetric,429.6,366.5,23.5
384,30024,30031,proximal_dendrite,symmetric,429.0,317.2,24.4
385,30024,30031,proximal_dendrite,symmetric,428.4,370.4,34.3
386,30024,30031,soma,symmetric,373.8,363.6,52.4
387,30024,30136,soma,symmetric,299.4,397.6,-13.5
388,30024,30136,proximal_dendrite,symmetric,319.5,371.0,95.6
389,30024,30163,soma,uncertain,136.2,332.1,382.8
390,30024,30172,soma,symmetric,361.3,359.8,261.3
391,30024,30172,proximal_dendrite,uncertain,365.3,301.3,256.6
392,30024,30175,soma,uncertain,77.8,323.1,349.7
393,30024,30188,soma,symmetric,311.1,449.4,8.2
394,30024,30188,soma,symmetric,277.6,467.6,-15.6
395,30024,30188,distal_dendrite,symmetric,261.3,407.4,19.5
396,30024,30197,proximal_dendrite,symmetric,356.7,318.1,161.2
397,30024,30197,distal_dendrite,symmetric,324.1,408.7,175.7
398,30024,30197,soma,symmetric,363.8,358.5,126.5
399,30025,30001,proximal_dendrite,asymmetric,113.5,525.8,245.6
400,30025,30034,proximal_dendrite,asymmetric,143.9,323.2,307.5
401,30025,30034,soma,asymmetric,67.8,348.4,280.4
402,30025,30034,soma,asymmetric,104.8,325.1,275.0
403,30025,30071,proximal_dendrite,asymmetric,142.0,66.6,187.5
404,30025,30110,proximal_dendrite,asymmetric,355.1,271.6,268.3
405,30025,30111,distal_dendrite,asymmetric,260.7,427.5,16.6
406,30025,30111,proximal_dendrite,asymmetric,277.7,387.0,118.1
407,30025,30177,spine,asymmetric,222.2,396.5,259.4
408,30025,30186,distal_dendrite,asymmetric,270.5,335.7,49.8
409,30025,30186,spine,asymmetric,154.5,360.6,64.3
410,30025,30186,spine,asymmetric,234.4,354.4,106.1
411,30025,30190,distal_dendrite,asymmetric,260.5,287.8,147.7
412,30026,30009,proximal_dendrite,asymmetric,235.8,391.9,205.0
413,30026,30034,proximal_dendrite,asymmetric,151.7,362.5,276.2
414,30026,30034,proximal_dendrite,asymmetric,116.1,295.8,310.6
415,30026,30034,proximal_dendrite,asymmetric,135.0,296.5,240.1
416,30026,30034,proximal_dendrite,asymmetric,127.9,352.5,268.3
417,30026,30162,spine,asymmetric,125.1,158.7,174.9
418,30026,30162,proximal_dendrite,asymmetric,155.0,176.2,201.0
419,30026,30183,proximal_dendrite,asymmetric,149.2,202.8,325.0
420,30026,30183,spine,asymmetric,144.3,158.9,337.8
421,30026,30183,spine,asymmetric,128.7,216.5,296.3
422,30027,30054,spine,uncertain,66.9,238.7,361.7
423,30027,30140,proximal_dendrite,asymmetric,56.7,312.0,397.9
424,30027,30168,distal_dendrite,asymmetric,225.6,413.4,99.2
425,30027,30168,proximal_dendrite,asymmetric,183.9,438.6,20.3
426,30028,30001,proximal_dendrite,asymmetric,146.8,505.9,248.6
427,30028,30071,spine,asymmetric,188.3,131.7,235.5
428,30028,30071,spine,asymmetric,147.1,106.6,207.0
429,30028,30071,distal_dendrite,asymmetric,193.2,134.4,155.2
430,30028,30071,spine,asymmetric,99.6,118.3,240.7
431,30028,30071,spine,asymmetric,85.8,102.4,161.6
432,30028,30071,proximal_dendrite,asymmetric,156.8,45.5,161.7
433,30028,30071,spine,asymmetric,138.1,102.1,165.5
434,30028,30149,spine,asymmetric,381.7,234.8,130.5
435,30028,30149,spine,asymmetric,349.4,208.4,144.8
436,30028,30149,spine,asymmetric,392.8,195.6,133.1
437,30028,30149,spine,asymmetric,386.3,247.5,122.1
438,30028,30149,spine,asymmetric,385.7,210.5,97.6
439,30029,30184,proximal_dendrite,asymmetric,28.4,222.5,188.0
440,30029,30192,spine,asymmetric,340.5,330.1,0.9
441,30029,30192,distal_dendrite,asymmetric,354.0,301.0,66.0
442,30030,30013,distal_dendrite,symmetric,457.4,216.6,248.6
443,30030,30038,distal_dendrite,uncertain,396.4,123.9,184.7
444,30030,30038,distal_dendrite,uncertain,393.0,141.4,186.8
445,30030,30048,distal_dendrite,symmetric,124.3,252.7,279.7
446,30030,30048,distal_dendrite,uncertain,100.0,282.3,280.2
447,30030,30051,spine,symmetric,355.8,328.6,185.2
448,30030,30073,uncertain,uncertain,200.3,96.1,130.6
449,30030,30073,distal_dendrite,symmetric,184.0,111.6,92.1
450,30030,30107,uncertain,uncertain,279.7,309.3,-5.3
451,30030,30107,distal_dendrite,symmetric,242.1,269.7,-7.2
452,30030,30111,distal_dendrite,symmetric,225.2,393.9,56.1
453,30030,30124,spine,symmetric,376.1,171.2,186.5
454,30030,30129,distal_dendrite,symmetric,82.6,342.5,112.6
455,30030,30150,distal_dendrite,symmetric,340.1,268.8,222.7
456,30031,30157,distal_dendrite,asymmetric,302.8,458.2,284.4
457,30031,30181,spine,asymmetric,182.7,492.0,111.4
458,30031,30181,distal_dendrite,asymmetric,146.0,452.0,58.4
459,30032,30018,soma,symmetric,428.4,382.0,273.6
460,30032,30018,soma,symmetric,381.3,363.0,190.9
461,30032,30018,proximal_dendrite,symmetric,410.3,355.4,200.2
462,30032,30019,soma,symmetric,3.5,483.4,176.9
463,30032,30025,soma,uncertain,217.9,344.8,259.3
464,30032,30027,soma,uncertain,265.6,320.7,319.1
465,30032,30027,proximal_dendrite,symmetric,287.6,303.8,283.9
466,30032,30027,soma,symmetric,260.2,340.1,290.2
467,30032,30027,soma,symmetric,283.8,304.3,278.6
468,30032,30035,soma,uncertain,81.4,380.7,128.6
469,30032,30035,soma,symmetric,47.9,284.8,166.3
470,30032,30035,soma,symmetric,41.1,331.3,144.5
471,30032,30052,proximal_dendrite,symmetric,48.1,365.5,300.1
472,30032,30063,soma,symmetric,123.6,363.1,192.7
473,30032,30063,distal_dendrite,symmetric,111.8,400.8,167.5
474,30032,30078,soma,symmetric,157.2,160.1,408.0
475,30032,30129,soma,symmetric,138.5,299.3,130.2
476,30032,30133,soma,symmetric,-42.2,328.4,224.3
477,30032,30133,soma,symmetric,98.5,313.3,249.8
478,30032,30139,proximal_dendrite,symmetric,47.1,354.7,139.1
479,30032,30139,proximal_dendrite,symmetric,-4.1,362.8,122.2
480,30032,30139,proximal_dendrite,symmetric,-45.3,354.4,85.1
481,30032,30173,soma,symmetric,156.2,195.3,375.5
482,30032,30173,proximal_dendrite,symmetric,150.8,181.2,347.2
483,30032,30190,soma,symmetric,251.0,316.4,121.6
484,30032,30190,soma,symmetric,244.0,321.7,96.3
485,30032,30190,distal_dendrite,symmetric,291.4,357.5,132.8
486,30032,30195,distal_dendrite,symmetric,260.9,466.5,7.0
487,30032,30196,soma,symmetric,77.8,393.6,184.8
488,30033,30001,soma,asymmetric,140.3,505.1,197.9
489,30033,30013,spine,asymmetric,385.5,149.2,216.9
490,30033,30013,spine,asymmetric,401.6,168.8,209.8
491,30033,30013,spine,uncertain,375.6,179.4,176.3
492,30033,30069,distal_dendrite,asymmetric,423.1,371.7,376.0
493,30033,30080,soma,asymmetric,116.5,250.2,249.4
494,30033,30121,distal_dendrite,asymmetric,327.4,356.3,232.6
495,30033,30121,spine,asymmetric,321.5,400.3,245.3
496,30033,30121,spine,asymmetric,336.1,368.2,253.5
497,30033,30121,distal_dendrite,asymmetric,293.0,378.5,225.0
498,30033,30121,distal_dendrite,asymmetric,326.1,375.6,230.3
499,30033,30121,spine,asymmetric,314.3,361.9,209.5
500,30033,30123,spine,asymmetric,371.5,430.2,370.4
501,30033,30123,spine,asymmetric,329.0,421.2,362.9
502,30033,30141,distal_dendrite,asymmetric,263.5,180.2,363.6
503,30033,30141,spine,asymmetric,254.6,203.0,292.5
504,30033,30141,spine,asymmetric,273.2,260.3,350.9
505,30033,30171,spine,asymmetric,411.5,373.7,346.1
506,30034,30011,soma,symmetric,346.0,142.2,208.9
507,30034,30015,soma,symmetric,88.0,374.2,256.3
508,30034,30015,uncertain,uncertain,86.6,432.8,275.9
509,30034,30015,distal_dendrite,symmetric,52.4,468.7,230.1
510,30034,30015,distal_dendrite,symmetric,79.3,466.0,323.6
511,30034,30035,soma,symmetric,-10.4,312.6,133.0
512,30034,30035,soma,symmetric,3.9,339.8,157.6
513,30034,30040,soma,symmetric,242.0,392.9,285.3
514,30034,30048,proximal_dendrite,symmetric,196.8,257.8,257.1
515,30034,30048,soma,symmetric,149.9,294.1,296.0
516,30034,30053,proximal_dendrite,uncertain,231.9,376.7,362.9
517,30034,30080,soma,symmetric,174.7,284.2,197.1
518,30034,30080,soma,symmetric,159.3,252.2,210.1
519,30034,30080,uncertain,uncertain,163.9,244.5,245.4
520,30034,30080,soma,symmetric,150.1,275.7,207.6
521,30034,30080,soma,symmetric,184.3,277.5,273.2
522,30034,30089,proximal_dendrite,symmetric,125.5,154.2,211.6
523,30034,30089,soma,symmetric,77.3,190.9,262.9
524,30034,30089,distal_dendrite,symmetric,99.4,150.2,184.7
525,30034,30089,distal_dendrite,symmetric,55.7,134.0,209.1
526,30034,30112,distal_dendrite,symmetric,269.1,162.9,236.8
527,30034,30130,soma,symmetric,79.9,458.4,203.3
528,30034,30130,distal_dendrite,symmetric,118.9,400.7,211.5
529,30034,30130,soma,symmetric,107.7,408.7,251.2
530,30034,30130,soma,symmetric,86.5,374.4,253.2
531,30034,30130,proximal_dendrite,symmetric,99.9,446.2,199.8
532,30034,30139,soma,symmetric,-5.0,364.8,118.3
533,30034,30141,soma,symmetric,270.5,250.0,329.8
534,30034,30141,distal_dendrite,symmetric,188.7,282.4,327.3
535,30034,30154,soma,symmetric,80.2,242.3,282.6
536,30034,30156,soma,symmetric,178.9,481.1,90.0
537,30034,30163,proximal_dendrite,symmetric,37.7,317.4,271.0
538,30034,30163,soma,symmetric,68.6,327.4,289.5
539,30034,30163,soma,symmetric,87.0,310.4,329.4
540,30034,30166,proximal_dendrite,symmetric,158.7,258.7,336.8
541,30034,30166,proximal_dendrite,symmetric,175.7,296.4,385.4
542,30034,30166,soma,symmetric,111.3,345.9,328.8
543,30034,30175,soma,symmetric,-4.2,282.5,263.4
544,30034,30175,distal_dendrite,symmetric,8.2,367.1,363.3
545,30034,30175,soma,symmetric,33.3,272.5,315.9
546,30034,30175,soma,symmetric,56.9,301.5,279.1
547,30034,30178,proximal_dendrite,symmetric,222.1,416.4,273.7
548,30034,30178,soma,symmetric,367.9,472.8,305.0
549,30034,30180,proximal_dendrite,uncertain,383.0,448.4,213.4
550,30034,30181,proximal_dendrite,symmetric,214.0,496.3,16.8
551,30034,30197,proximal_dendrite,symmetric,344.8,346.9,212.6
552,30034,30198,soma,symmetric,8.6,223.7,182.5
553,30034,30198,proximal_dendrite,symmetric,-6.8,230.9,196.4
554,30034,30198,soma,symmetric,-5.3,245.8,187.3
555,30035,30069,proximal_dendrite,asymmetric,330.5,433.3,384.6
556,30035,30128,proximal_dendrite,asymmetric,143.9,530.1,177.9
557,30035,30128,proximal_dendrite,asymmetric,197.5,533.1,120.0
558,30035,30156,spine,asymmetric,251.6,545.7,150.9
559,30035,30163,soma,asymmetric,56.6,354.4,283.0
560,30035,30164,spine,asymmetric,286.9,321.8,141.2
561,30035,30169,distal_dendrite,asymmetric,21.5,310.9,162.7
562,30035,30169,proximal_dendrite,asymmetric,29.3,252.8,171.8
563,30035,30169,proximal_dendrite,asymmetric,55.2,270.9,177.6
564,30036,30027,spine,asymmetric,273.9,338.5,324.4
565,30036,30046,proximal_dendrite,asymmetric,293.7,458.9,195.6
566,30036,30057,distal_dendrite,asymmetric,289.0,277.7,369.9
567,30036,30140,proximal_dendrite,asymmetric,34.1,295.4,369.6
568,30036,30148,spine,asymmetric,269.0,147.7,196.0
569,30036,30194,distal_dendrite,asymmetric,12.4,441.9,249.3
570,30036,30196,soma,asymmetric,66.6,417.9,213.6
571,30036,30196,proximal_dendrite,asymmetric,26.9,378.8,260.9
572,30037,30057,proximal_dendrite,asymmetric,265.3,359.5,318.6
573,30037,30057,proximal_dendrite,asymmetric,269.2,327.9,373.7
574,30037,30057,soma,asymmetric,324.8,346.6,305.7
575,30037,30098,distal_dendrite,asymmetric,193.1,450.9,54.7
576,30037,30098,proximal_dendrite,asymmetric,124.0,387.6,-19.8
577,30037,30134,proximal_dendrite,asymmetric,292.0,276.4,156.0
578,30037,30134,distal_dendrite,asymmetric,326.5,321.2,158.7
579,30037,30134,proximal_dendrite,asymmetric,324.4,268.1,93.4
580,30038,30005,spine,asymmetric,318.6,153.2,14.3
581,30038,30011,spine,asymmetric,266.2,189.6,235.1
582,30038,30011,spine,asymmetric,275.0,168.2,249.5
583,30038,30013,distal_dendrite,asymmetric,413.2,215.0,234.7
584,30038,30013,spine,asymmetric,387.0,207.9,220.6
585,30038,30109,spine,asymmetric,366.6,155.2,157.3
586,30038,30111,proximal_dendrite,asymmetric,217.8,384.1,27.6
587,30038,30111,proximal_dendrite,asymmetric,230.7,384.7,60.1
588,30039,30001,distal_dendrite,asymmetric,104.8,512.9,201.0
589,30039,30001,distal_dendrite,asymmetric,85.1,550.9,222.2
590,30039,30022,proximal_dendrite,asymmetric,392.8,456.9,223.8
591,30039,30022,proximal_dendrite,asymmetric,374.2,358.6,202.3
592,30039,30022,proximal_dendrite,asymmetric,391.4,414.9,224.1
593,30039,30022,proximal_dendrite,asymmetric,361.1,447.2,214.5
594,30039,30022,distal_dendrite,asymmetric,382.5,456.8,221.3
595,30039,30022,distal_dendrite,asymmetric,321.9,386.5,228.3
596,30039,30022,proximal_dendrite,asymmetric,307.3,414.5,252.0
597,30039,30045,spine,asymmetric,350.7,289.3,128.1
598,30039,30072,proximal_dendrite,asymmetric,83.1,445.0,366.5
599,30039,30072,soma,asymmetric,99.6,429.6,348.2
600,30039,30072,distal_dendrite,asymmetric,46.8,414.5,376.4
601,30039,30072,soma,asymmetric,109.4,416.7,334.4
602,30039,30072,proximal_dendrite,asymmetric,81.0,449.3,349.8
603,30039,30074,spine,asymmetric,25.6,106.4,63.1
604,30039,30074,spine,asymmetric,29.6,155.2,8.2
605,30039,30074,spine,asymmetric,53.5,137.8,47.4
606,30039,30115,distal_dendrite,asymmetric,327.1,505.3,49.0
607,30039,30115,spine,asymmetric,334.6,478.2,87.1
608,30039,30122,distal_dendrite,asymmetric,130.3,441.8,87.8
609,30039,30128,proximal_dendrite,asymmetric,153.1,520.3,87.4
610,30039,30128,distal_dendrite,asymmetric,161.2,488.1,82.0
611,30039,30128,proximal_dendrite,asymmetric,142.2,561.5,135.3
612,30039,30128,soma,asymmetric,147.6,496.0,170.9
613,30039,30128,soma,asymmetric,131.0,509.3,55.9
614,30039,30147,distal_dendrite,asymmetric,133.3,386.8,140.5
615,30039,30147,proximal_dendrite,uncertain,79.2,415.0,122.3
616,30039,30147,distal_dendrite,asymmetric,150.9,333.8,158.7
617,30039,30160,distal_dendrite,asymmetric,312.3,374.7,183.0
618,30039,30160,soma,asymmetric,289.9,420.3,138.4
619,30039,30160,distal_dendrite,asymmetric,327.9,358.2,182.0
620,30040,30002,proximal_dendrite,asymmetric,289.9,417.5,183.8
621,30040,30017,spine,asymmetric,57.8,254.2,290.5
622,30040,30025,spine,asymmetric,180.9,394.4,266.8
623,30040,30025,spine,asymmetric,205.1,396.2,302.2
624,30040,30046,soma,asymmetric,225.5,518.9,199.4
625,30040,30057,distal_dendrite,asymmetric,338.0,355.5,314.9
626,30040,30057,proximal_dendrite,asymmetric,325.8,296.1,384.0
627,30040,30063,spine,asymmetric,192.0,370.9,210.7
628,30040,30063,distal_dendrite,asymmetric,149.6,362.2,202.5
629,30040,30085,spine,asymmetric,181.8,352.8,348.7
630,30040,30136,spine,asymmetric,341.9,424.0,91.1
631,30040,30140,proximal_dendrite,asymmetric,20.3,348.4,348.5
632,30040,30140,proximal_dendrite,asymmetric,103.6,355.2,337.5
633,30040,30140,distal_dendrite,asymmetric,8.7,305.6,383.3
634,30040,30140,distal_dendrite,asymmetric,42.3,344.4,409.2
635,30041,30009,proximal_dendrite,symmetric,238.1,276.9,213.5
636,30041,30009,soma,symmetric,233.3,366.9,180.8
637,30041,30009,proximal_dendrite,symmetric,240.2,398.3,188.7
638,30041,30036,soma,symmetric,102.5,343.9,408.2
639,30041,30036,soma,symmetric,174.0,264.8,429.8
640,30041,30085,soma,symmetric,173.9,342.4,340.1
641,30041,30107,soma,symmetric,249.8,313.2,31.2
642,30041,30116,soma,symmetric,344.2,131.3,32.5
643,30041,30116,soma,symmetric,323.7,97.4,74.7
644,30041,30122,soma,symmetric,101.2,431.0,114.1
645,30041,30122,soma,symmetric,112.1,482.6,98.5
646,30041,30122,proximal_dendrite,symmetric,195.4,460.7,73.9
647,30041,30130,soma,symmetric,115.0,424.6,263.5
648,30041,30130,soma,symmetric,66.7,435.7,278.8
649,30041,30156,soma,symmetric,168.4,489.7,181.4
650,30041,30156,soma,symmetric,212.1,512.6,133.4
651,30041,30156,distal_dendrite,symmetric,219.4,472.6,142.9
652,30041,30156,soma,symmetric,212.0,490.3,211.5
653,30041,30157,soma,symmetric,288.6,490.3,214.2
654,30041,30157,proximal_dendrite,symmetric,281.4,470.9,305.9
655,30041,30159,soma,symmetric,64.6,450.1,84.4
656,30041,30159,uncertain,uncertain,4.1,456.4,81.0
657,30042,30056,proximal_dendrite,asymmetric,231.7,449.7,106.8
658,30042,30085,distal_dendrite,uncertain,140.9,372.0,352.7
659,30042,30097,proximal_dendrite,asymmetric,3.4,397.0,176.7
660,30042,30114,spine,asymmetric,140.9,447.4,89.7
661,30043,30002,proximal_dendrite,uncertain,296.3,420.0,114.4
662,30043,30009,distal_dendrite,asymmetric,248.2,395.9,175.9
663,30043,30056,distal_dendrite,asymmetric,230.6,454.0,172.1
664,30043,30071,spine,asymmetric,158.7,108.1,206.3
665,30043,30087,spine,asymmetric,173.5,231.1,115.2
666,30043,30099,spine,asymmetric,368.6,93.8,93.7
667,30043,30158,distal_dendrite,asymmetric,345.7,404.8,270.5
668,30043,30176,distal_dendrite,asymmetric,283.6,227.5,339.1
669,30043,30176,spine,asymmetric,213.0,250.6,371.8
670,30043,30190,spine,asymmetric,214.9,338.6,147.3
671,30044,30012,soma,asymmetric,373.6,515.7,398.0
672,30044,30032,proximal_dendrite,asymmetric,45.1,409.3,282.4
673,30044,30032,proximal_dendrite,asymmetric,63.5,345.4,210.9
674,30044,30032,soma,asymmetric,43.2,397.8,233.6
675,30044,30032,distal_dendrite,asymmetric,102.2,368.7,214.8
676,30044,30032,proximal_dendrite,asymmetric,31.7,395.5,217.2
677,30045,30018,distal_dendrite,asymmetric,347.9,350.6,164.5
678,30045,30018,spine,asymmetric,366.9,381.6,186.6
679,30045,30022,proximal_dendrite,asymmetric,365.6,477.2,259.2
680,30045,30024,proximal_dendrite,asymmetric,356.9,446.7,206.7
681,30045,30034,proximal_dendrite,asymmetric,141.3,350.7,309.8
682,30045,30055,spine,asymmetric,227.1,383.7,249.5
683,30045,30055,spine,asymmetric,377.4,383.4,268.1
684,30045,30070,distal_dendrite,asymmetric,254.3,386.3,101.0
685,30045,30070,distal_dendrite,asymmetric,234.0,479.2,31.2
686,30045,30084,spine,asymmetric,380.2,384.8,109.8
687,30045,30118,proximal_dendrite,asymmetric,251.4,312.6,369.1
688,30045,30118,distal_dendrite,asymmetric,239.0,300.3,398.9
689,30045,30118,proximal_dendrite,asymmetric,263.9,259.5,437.8
690,30045,30118,distal_dendrite,asymmetric,194.5,243.6,397.5
691,30045,30168,proximal_dendrite,asymmetric,179.8,459.6,92.5
692,30045,30168,proximal_dendrite,asymmetric,233.3,433.9,32.3
693,30045,30168,proximal_dendrite,asymmetric,172.3,425.5,159.7
694,30045,30168,proximal_dendrite,asymmetric,207.5,448.7,54.7
695,30045,30168,distal_dendrite,asymmetric,236.9,431.3,88.3
696,30045,30168,proximal_dendrite,asymmetric,198.7,415.9,71.1
697,30045,30168,proximal_dendrite,asymmetric,161.6,451.9,109.9
698,30045,30200,spine,asymmetric,364.5,168.9,17.0
699,30046,30033,distal_dendrite,symmetric,357.8,331.2,384.3
700,30046,30053,distal_dendrite,symmetric,257.8,375.0,361.9
701,30046,30053,distal_dendrite,symmetric,290.8,403.4,309.5
702,30046,30106,distal_dendrite,symmetric,9.7,490.9,359.0
703,30046,30106,distal_dendrite,symmetric,24.9,476.8,369.3
704,30046,30111,distal_dendrite,symmetric,240.8,381.9,79.4
705,30046,30123,distal_dendrite,symmetric,355.0,449.0,398.5
706,30046,30144,distal_dendrite,symmetric,137.2,266.1,150.7
707,30046,30151,distal_dendrite,symmetric,380.2,446.8,267.2
708,30046,30151,distal_dendrite,symmetric,359.9,379.5,260.4
709,30046,30151,distal_dendrite,symmetric,357.9,386.1,250.0
710,30046,30151,distal_dendrite,symmetric,308.9,370.6,218.7
711,30046,30156,distal_dendrite,symmetric,216.7,478.0,64.8
712,30046,30156,spine,uncertain,175.3,476.9,166.0
713,30046,30164,distal_dendrite,symmetric,318.3,323.7,84.8
714,30046,30164,distal_dendrite,symmetric,301.7,317.2,82.7
715,30046,30164,distal_dendrite,symmetric,330.2,309.7,63.1
716,30047,30037,soma,symmetric,152.4,446.8,14.6
717,30047,30037,soma,symmetric,166.1,446.5,45.4
718,30047,30037,soma,symmetric,107.8,410.8,57.4
719,30047,30084,soma,symmetric,352.3,433.6,81.9
720,30047,30085,soma,symmetric,238.6,373.2,270.8
721,30047,30085,soma,symmetric,212.5,402.2,368.6
722,30047,30085,soma,symmetric,157.6,433.1,282.1
723,30047,30085,uncertain,uncertain,186.9,366.4,328.4
724,30047,30125,soma,symmetric,260.4,398.2,341.4
725,30047,30164,soma,symmetric,391.3,351.9,149.9
726,30047,30164,soma,symmetric,333.8,345.4,80.0
727,30047,30164,proximal_dendrite,symmetric,290.8,351.4,62.9
728,30047,30164,proximal_dendrite,symmetric,328.8,342.3,76.1
729,30047,30181,proximal_dendrite,symmetric,201.8,420.0,96.2
730,30047,30181,proximal_dendrite,symmetric,152.4,418.0,78.5
731,30047,30181,soma,symmetric,149.2,412.2,73.9
732,30047,30181,soma,uncertain,160.8,481.0,59.7
733,30047,30181,soma,symmetric,149.3,456.5,106.2
734,30047,30190,soma,symmetric,244.7,321.4,177.3
735,30047,30191,distal_dendrite,symmetric,119.1,470.2,266.4
736,30047,30191,soma,symmetric,240.6,450.2,285.4
737,30047,30198,uncertain,uncertain,15.1,273.4,146.9
738,30047,30198,proximal_dendrite,symmetric,6.1,273.4,204.5
739,30048,30071,spine,asymmetric,145.9,47.1,179.6
740,30048,30118,proximal_dendrite,asymmetric,227.7,296.6,382.5
741,30048,30140,distal_dendrite,asymmetric,80.6,345.6,338.3
742,30048,30140,soma,asymmetric,71.2,329.2,305.1
743,30048,30140,distal_dendrite,asymmetric,23.2,302.6,327.4
744,30048,30140,proximal_dendrite,asymmetric,33.4,287.0,455.9
745,30048,30153,distal_dendrite,asymmetric,120.4,127.1,352.2
746,30048,30153,proximal_dendrite,asymmetric,158.5,146.0,372.7
747,30048,30175,distal_dendrite,asymmetric,48.4,321.2,338.0
748,30048,30189,spine,asymmetric,64.8,128.4,256.5
749,30049,30080,distal_dendrite,symmetric,104.9,263.1,242.2
750,30049,30080,proximal_dendrite,symmetric,165.1,281.7,172.8
751,30049,30080,proximal_dendrite,uncertain,125.8,220.4,214.4
752,30049,30080,distal_dendrite,symmetric,161.1,277.1,227.1
753,30049,30097,distal_dendrite,symmetric,-17.1,374.2,191.0
754,30049,30169,distal_dendrite,uncertain,49.0,332.8,190.0
755,30049,30184,proximal_dendrite,symmetric,67.3,241.6,162.5
756,30049,30184,proximal_dendrite,uncertain,63.3,262.6,213.1
757,30049,30184,distal_dendrite,symmetric,76.3,244.5,134.6
758,30050,30020,proximal_dendrite,asymmetric,227.1,240.4,333.7
759,30050,30032,proximal_dendrite,asymmetric,107.8,400.8,214.5
760,30050,30032,distal_dendrite,asymmetric,94.6,359.2,223.8
761,30050,30049,distal_dendrite,asymmetric,49.8,255.1,213.3
762,30050,30095,spine,asymmetric,107.2,126.0,167.7
763,30050,30095,spine,asymmetric,88.6,95.7,176.8
764,30050,30095,spine,uncertain,84.3,113.4,167.0
765,30050,30095,distal_dendrite,asymmetric,48.2,143.7,170.0
766,30050,30132,soma,asymmetric,81.4,311.3,36.9
767,30050,30132,proximal_dendrite,asymmetric,66.9,408.3,112.3
768,30050,30132,proximal_dendrite,asymmetric,119.4,359.6,70.2
769,30050,30132,distal_dendrite,asymmetric,82.6,373.9,54.5
770,30050,30183,proximal_dendrite,asymmetric,184.9,208.7,305.1
771,30050,30183,spine,asymmetric,110.4,252.9,343.1
772,30050,30183,spine,asymmetric,169.2,183.9,238.6
773,30050,30183,spine,asymmetric,109.4,182.8,281.7
774,30051,30045,distal_dendrite,asymmetric,286.2,374.3,123.3
775,30051,30045,spine,asymmetric,269.7,339.8,51.9
776,30051,30111,soma,asymmetric,211.4,354.8,25.7
777,30051,30147,proximal_dendrite,asymmetric,87.6,355.8,129.2
778,30051,30147,proximal_dendrite,asymmetric,79.0,416.1,144.4
779,30051,30160,proximal_dendrite,asymmetric,317.9,321.7,173.0
780,30051,30160,soma,uncertain,299.9,375.2,185.5
781,30051,30160,proximal_dendrite,asymmetric,275.8,338.1,129.3
782,30052,30066,proximal_dendrite,uncertain,218.3,367.4,23.8
783,30052,30072,distal_dendrite,asymmetric,86.9,465.0,342.1
784,30052,30072,soma,uncertain,93.2,381.3,347.6
785,30052,30132,proximal_dendrite,asymmetric,73.9,321.2,32.3
786,30052,30142,distal_dendrite,asymmetric,78.0,389.6,238.5
787,30052,30142,proximal_dendrite,asymmetric,28.5,392.5,189.5
788,30052,30142,distal_dendrite,asymmetric,121.9,369.9,250.6
789,30052,30142,proximal_dendrite,uncertain,62.2,381.6,246.5
790,30052,30142,proximal_dendrite,asymmetric,84.4,327.7,206.6
791,30052,30146,soma,asymmetric,146.6,421.1,375.3
792,30053,30077,spine,asymmetric,368.0,260.6,302.9
793,30053,30077,distal_dendrite,asymmetric,340.0,274.1,328.5
794,30053,30080,proximal_dendrite,asymmetric,174.2,294.0,235.8
795,30053,30184,proximal_dendrite,asymmetric,81.7,185.1,173.1
796,30053,30196,proximal_dendrite,asymmetric,35.0,407.4,157.6
797,30053,30196,soma,asymmetric,69.9,384.5,238.4
798,30053,30200,spine,asymmetric,346.2,107.2,28.5
799,30054,30076,spine,asymmetric,45.7,257.1,178.6
800,30054,30076,spine,asymmetric,-18.8,183.6,160.6
801,30054,30154,distal_dendrite,asymmetric,117.6,218.6,342.7
802,30054,30154,spine,asymmetric,81.9,241.6,304.6
803,30054,30160,proximal_dendrite,asymmetric,335.8,344.5,118.6
804,30054,30160,proximal_dendrite,asymmetric,292.8,404.7,104.7
805,30054,30163,proximal_dendrite,asymmetric,69.8,272.7,293.8
806,30054,30163,soma,asymmetric,33.9,303.2,291.6
807,30054,30184,distal_dendrite,uncertain,111.2,277.5,161.9
808,30054,30184,soma,asymmetric,127.3,208.0,121.3
809,30054,30196,distal_dendrite,asymmetric,67.7,358.8,204.0
810,30054,30196,distal_dendrite,uncertain,54.5,352.9,186.7
811,30054,30196,distal_dendrite,asymmetric,10.8,380.4,274.7
812,30054,30196,distal_dendrite,asymmetric,52.1,423.4,236.6
813,30054,30196,distal_dendrite,asymmetric,116.6,365.1,236.0
814,30054,30196,proximal_dendrite,asymmetric,56.4,330.1,194.0
815,30054,30196,proximal_dendrite,asymmetric,146.9,349.9,214.3
816,30055,30022,proximal_dendrite,asymmetric,337.1,446.0,272.5
817,30055,30022,proximal_dendrite,asymmetric,395.5,422.7,231.5
818,30055,30022,distal_dendrite,asymmetric,352.6,429.7,221.7
819,30055,30041,proximal_dendrite,asymmetric,135.5,551.7,79.7
820,30055,30041,distal_dendrite,asymmetric,168.4,463.0,102.3
821,30055,30076,spine,asymmetric,41.1,195.9,235.7
822,30055,30076,spine,asymmetric,2.1,229.2,118.0
823,30055,30076,spine,asymmetric,45.2,220.2,185.2
824,30055,30076,spine,asymmetric,38.8,214.9,179.2
825,30055,30196,distal_dendrite,asymmetric,54.8,360.3,206.5
826,30056,30013,soma,symmetric,365.0,169.3,199.8
827,30056,30028,soma,symmetric,475.0,113.8,234.8
828,30056,30028,uncertain,uncertain,384.0,213.6,263.0
829,30056,30030,distal_dendrite,symmetric,307.5,132.2,88.9
830,30056,30030,proximal_dendrite,symmetric,288.6,159.1,85.0
831,30056,30030,proximal_dendrite,uncertain,390.2,131.6,105.2
832,30056,30030,soma,symmetric,322.5,175.6,84.0
833,30056,30042,distal_dendrite,uncertain,28.6,422.7,118.9
834,30056,30122,proximal_dendrite,symmetric,110.4,497.0,98.4
835,30056,30129,soma,symmetric,119.9,300.7,135.7
836,30056,30129,distal_dendrite,symmetric,95.5,347.0,148.0
837,30056,30136,proximal_dendrite,symmetric,277.6,391.3,62.2
838,30056,30145,distal_dendrite,symmetric,255.4,461.2,203.2
839,30056,30156,soma,symmetric,178.2,440.5,122.7
840,30056,30156,proximal_dendrite,symmetric,138.1,470.3,173.1
841,30056,30190,soma,uncertain,234.4,294.6,178.6
842,30056,30190,proximal_dendrite,symmetric,250.9,313.7,99.8
843,30056,30190,soma,symmetric,247.5,341.1,104.1
844,30056,30193,proximal_dendrite,symmetric,66.1,466.4,367.4
845,30057,30013,proximal_dendrite,symmetric,360.8,162.3,170.2
846,30057,30016,proximal_dendrite,uncertain,406.3,262.1,382.5
847,30057,30016,proximal_dendrite,symmetric,400.9,310.8,350.8
848,30057,30016,soma,uncertain,405.4,270.2,393.2
849,30057,30036,distal_dendrite,symmetric,108.6,263.0,346.7
850,30057,30036,soma,symmetric,84.0,287.7,344.1
851,30057,30036,soma,symmetric,147.7,306.3,320.7
852,30057,30036,proximal_dendrite,symmetric,132.5,274.5,357.2
853,30057,30036,soma,symmetric,192.9,306.9,307.0
854,30057,30036,uncertain,uncertain,122.0,326.7,338.9
855,30057,30037,proximal_dendrite,uncertain,118.1,456.3,22.7
856,30057,30044,soma,symmetric,327.6,455.1,352.1
857,30057,30044,soma,symmetric,298.6,481.0,331.8
858,30057,30060,soma,symmetric,162.4,481.1,406.0
859,30057,30077,distal_dendrite,symmetric,344.0,282.6,331.2
860,30057,30079,soma,symmetric,105.5,371.5,232.8
861,30057,30094,proximal_dendrite,symmetric,286.5,212.7,252.1
862,30057,30094,soma,symmetric,249.3,164.5,240.1
863,30057,30104,proximal_dendrite,symmetric,235.4,183.6,192.7
864,30057,30104,soma,symmetric,196.6,213.4,197.1
865,30057,30114,proximal_dendrite,symmetric,92.7,478.0,119.8
866,30057,30114,soma,symmetric,114.1,473.0,131.7
867,30057,30114,soma,symmetric,82.4,500.0,127.3
868,30057,30114,soma,symmetric,125.4,392.8,113.0
869,30057,30118,soma,symmetric,237.3,249.0,376.5
870,30057,30118,soma,symmetric,251.1,312.1,438.4
871,30057,30125,soma,symmetric,270.6,497.5,360.5
872,30057,30125,soma,symmetric,293.4,423.6,316.4
873,30057,30131,uncertain,uncertain,147.3,314.2,60.9
874,30057,30131,soma,symmetric,198.3,265.5,24.0
875,30057,30141,soma,symmetric,181.8,250.7,348.9
876,30057,30148,soma,symmetric,317.7,116.2,247.8
877,30057,30148,soma,symmetric,364.4,103.6,275.2
878,30057,30152,distal_dendrite,uncertain,429.9,340.1,300.2
879,30057,30152,soma,symmetric,412.4,337.6,318.4
880,30057,30158,distal_dendrite,symmetric,332.1,384.3,234.8
881,30057,30161,soma,symmetric,311.6,216.2,299.5
882,30057,30172,proximal_dendrite,symmetric,362.2,394.4,187.6
883,30057,30173,proximal_dendrite,symmetric,191.1,205.6,301.9
884,30057,30173,proximal_dendrite,symmetric,122.6,222.8,337.6
885,30057,30173,soma,symmetric,171.6,183.8,360.2
886,30057,30177,soma,symmetric,283.6,390.6,275.0
887,30057,30177,soma,symmetric,213.1,341.1,249.5
888,30057,30177,soma,symmetric,225.8,385.1,350.4
889,30057,30177,uncertain,uncertain,203.0,378.7,273.5
890,30057,30177,soma,symmetric,223.3,401.7,319.8
891,30057,30177,soma,symmetric,173.1,390.4,335.0
892,30057,30197,soma,symmetric,332.8,344.8,204.0
893,30058,30071,spine,asymmetric,214.6,142.2,193.2
894,30058,30097,soma,asymmetric,29.4,389.8,165.6
895,30058,30131,spine,asymmetric,157.6,337.0,31.7
896,30058,30134,distal_dendrite,asymmetric,337.8,309.4,105.9
897,30058,30149,spine,asymmetric,392.4,187.0,136.3
898,30058,30149,spine,asymmetric,323.5,229.2,127.9
899,30058,30160,distal_dendrite,asymmetric,294.5,390.8,146.4
900,30058,30160,proximal_dendrite,asymmetric,301.3,367.5,162.8
901,30058,30160,soma,asymmetric,284.7,405.5,142.1
902,30058,30184,proximal_dendrite,asymmetric,69.9,211.5,154.6
903,30059,30013,distal_dendrite,asymmetric,360.1,272.4,276.0
904,30059,30120,distal_dendrite,uncertain,316.3,320.8,-18.0
905,30060,30017,spine,asymmetric,116.3,255.9,259.5
906,30060,30017,spine,asymmetric,49.9,306.1,244.5
907,30060,30017,spine,asymmetric,64.5,336.2,274.0
908,30060,30017,spine,asymmetric,85.7,264.8,222.1
909,30060,30072,proximal_dendrite,asymmetric,90.5,418.2,335.8
910,30060,30111,distal_dendrite,asymmetric,198.6,321.6,121.5
911,30060,30111,proximal_dendrite,asymmetric,236.5,402.4,6.2
912,30060,30111,proximal_dendrite,asymmetric,193.8,402.8,30.8
913,30060,30146,distal_dendrite,asymmetric,185.1,451.8,349.1
914,30060,30146,proximal_dendrite,asymmetric,115.9,421.2,378.6
915,30060,30146,distal_dendrite,asymmetric,139.8,485.6,351.7
916,30060,30146,distal_dendrite,asymmetric,85.3,477.7,386.5
917,30060,30146,distal_dendrite,asymmetric,97.3,463.7,317.3
918,30060,30146,proximal_dendrite,asymmetric,76.1,443.9,395.0
919,30060,30184,soma,asymmetric,146.6,258.9,136.1
920,30060,30184,distal_dendrite,asymmetric,69.8,260.2,183.7
921,30061,30064,distal_dendrite,asymmetric,67.7,195.2,170.6
922,30061,30100,spine,asymmetric,69.1,152.3,95.9
923,30061,30100,spine,asymmetric,28.4,119.8,124.8
924,30061,30100,spine,asymmetric,29.6,170.5,153.8
925,30061,30100,spine,asymmetric,40.8,189.9,121.1
926,30061,30100,spine,asymmetric,65.0,152.4,152.1
927,30061,30168,proximal_dendrite,asymmetric,212.6,459.5,77.7
928,30061,30168,soma,asymmetric,200.9,427.0,68.1
929,30061,30168,proximal_dendrite,asymmetric,246.1,463.7,107.7
930,30062,30064,spine,asymmetric,-12.9,199.5,159.3
931,30062,30064,spine,uncertain,-33.7,135.6,121.7
932,30062,30080,soma,asymmetric,129.0,351.6,211.4
933,30062,30080,proximal_dendrite,asymmetric,147.0,282.7,209.7
934,30062,30116,spine,asymmetric,320.2,140.2,58.9
935,30062,30116,spine,asymmetric,348.9,123.2,75.4
936,30062,30116,spine,asymmetric,342.9,164.6,88.1
937,30062,30166,spine,asymmetric,135.5,285.4,353.4
938,30062,30179,distal_dendrite,asymmetric,387.1,390.9,227.1
939,30062,30179,soma,asymmetric,350.8,422.9,181.0
940,30062,30196,proximal_dendrite,asymmetric,121.5,391.2,215.0
941,30063,30015,spine,asymmetric,46.1,469.5,334.2
942,30063,30032,distal_dendrite,asymmetric,8.6,425.8,221.2
943,30063,30032,proximal_dendrite,asymmetric,119.8,449.3,175.5
944,30063,30050,spine,uncertain,43.2,165.3,198.1
945,30063,30054,spine,asymmetric,43.2,231.7,306.4
946,30063,30067,spine,asymmetric,201.2,222.8,322.1
947,30063,30067,spine,asymmetric,226.3,222.6,299.0
948,30063,30072,distal_dendrite,asymmetric,67.7,470.9,382.7
949,30063,30072,soma,asymmetric,85.2,406.2,285.0
950,30063,30072,distal_dendrite,asymmetric,97.7,418.3,329.7
951,30063,30097,proximal_dendrite,asymmetric,-5.8,425.0,216.7
952,30063,30098,proximal_dendrite,asymmetric,206.2,413.3,61.4
953,30063,30110,proximal_dendrite,asymmetric,320.6,297.8,295.2
954,30063,30122,proximal_dendrite,asymmetric,138.7,402.1,72.8
955,30063,30164,distal_dendrite,asymmetric,396.0,305.1,99.9
956,30063,30194,distal_dendrite,asymmetric,37.6,407.1,251.0
957,30063,30196,proximal_dendrite,asymmetric,109.1,393.8,219.9
958,30063,30196,distal_dendrite,asymmetric,53.5,382.2,196.4
959,30063,30196,proximal_dendrite,asymmetric,111.8,381.2,193.0
960,30063,30196,proximal_dendrite,asymmetric,126.8,406.1,237.9
961,30064,30026,spine,asymmetric,288.6,153.4,269.5
962,30064,30026,distal_dendrite,asymmetric,262.6,185.9,258.5
963,30064,30026,spine,asymmetric,295.5,196.8,233.2
964,30064,30026,distal_dendrite,asymmetric,318.4,187.1,255.6
965,30064,30026,spine,asymmetric,279.8,158.2,296.3
966,30064,30163,proximal_dendrite,asymmetric,151.9,314.3,288.7
967,30064,30169,proximal_dendrite,asymmetric,-13.4,259.8,209.5
968,30064,30173,spine,asymmetric,153.3,258.9,309.5
969,30065,30042,proximal_dendrite,asymmetric,19.3,462.5,141.5
970,30065,30042,spine,asymmetric,49.5,480.6,159.2
971,30065,30042,spine,asymmetric,29.4,504.8,181.6
972,30065,30047,distal_dendrite,asymmetric,276.2,468.1,47.7
973,30065,30050,spine,asymmetric,30.0,177.4,205.7
974,30065,30056,distal_dendrite,asymmetric,257.5,489.9,193.3
975,30065,30056,distal_dendrite,asymmetric,247.5,455.2,93.2
976,30065,30056,proximal_dendrite,uncertain,185.7,456.0,121.5
977,30065,30071,spine,asymmetric,178.5,96.7,169.4
978,30065,30071,spine,asymmetric,153.0,103.2,166.0
979,30065,30071,spine,asymmetric,158.7,95.4,184.7
980,30065,30071,spine,asymmetric,143.3,126.7,199.0
981,30065,30088,distal_dendrite,asymmetric,312.0,199.5,63.2
982,30065,30122,distal_dendrite,asymmetric,159.4,475.9,79.8
983,30065,30122,proximal_dendrite,asymmetric,190.2,431.1,99.9
984,30065,30168,soma,asymmetric,231.0,459.2,58.2
985,30065,30170,spine,asymmetric,89.3,294.3,16.3
986,30065,30170,spine,asymmetric,122.2,311.4,12.0
987,30066,30019,distal_dendrite,symmetric,46.2,474.6,165.8
988,30066,30019,distal_dendrite,symmetric,9.2,444.6,225.7
989,30066,30046,distal_dendrite,symmetric,271.4,478.3,197.9
990,30066,30079,distal_dendrite,symmetric,91.2,351.8,235.5
991,30066,30093,distal_dendrite,uncertain,249.9,268.0,-29.6
992,30066,30099,distal_dendrite,symmetric,246.8,109.4,84.9
993,30066,30099,distal_dendrite,symmetric,287.3,73.0,110.3
994,30066,30111,distal_dendrite,symmetric,248.8,321.2,53.5
995,30066,30126,spine,symmetric,196.8,362.6,76.8
996,30066,30126,distal_dendrite,symmetric,223.7,362.2,49.8
997,30066,30126,spine,symmetric,168.0,388.3,76.3
998,30066,30164,distal_dendrite,symmetric,331.8,337.5,104.7
999,30066,30167,distal_dendrite,symmetric,286.2,312.0,171.1
1000,30066,30167,uncertain,uncertain,329.3,285.1,138.6
1001,30066,30168,distal_dendrite,symmetric,218.4,412.6,144.9
1002,30066,30181,distal_dendrite,symmetric,171.7,462.6,64.5
1003,30067,30049,proximal_dendrite,uncertain,2.2,183.9,241.4
1004,30067,30049,distal_dendrite,asymmetric,36.4,237.2,184.2
1005,30067,30102,proximal_dendrite,asymmetric,146.5,325.3,262.6
1006,30067,30118,distal_dendrite,asymmetric,211.8,265.2,424.1
1007,30067,30118,proximal_dendrite,asymmetric,221.3,265.8,380.3
1008,30067,30131,spine,asymmetric,170.8,303.5,79.1
1009,30067,30138,spine,uncertain,278.5,124.7,413.5
1010,30067,30144,spine,asymmetric,129.6,199.6,166.4
1011,30067,30144,spine,asymmetric,160.2,287.8,126.5
1012,30067,30168,soma,asymmetric,166.2,498.0,70.6
1013,30067,30168,proximal_dendrite,asymmetric,166.8,466.6,57.6
1014,30067,30175,spine,asymmetric,61.9,267.3,335.5
1015,30067,30184,soma,asymmetric,55.6,239.9,187.3
1016,30068,30002,soma,asymmetric,232.8,423.6,99.9
1017,30068,30002,soma,asymmetric,297.8,424.8,88.2
1018,30068,30002,distal_dendrite,asymmetric,272.9,430.3,111.6
1019,30068,30019,spine,asymmetric,7.6,511.9,152.3
1020,30068,30101,spine,asymmetric,-10.0,331.8,20.4
1021,30068,30144,proximal_dendrite,asymmetric,175.7,262.4,109.5
1022,30068,30144,spine,asymmetric,180.5,237.6,179.6
1023,30068,30144,spine,asymmetric,173.0,276.0,147.8
1024,30069,30007,proximal_dendrite,symmetric,33.0,345.4,347.2
1025,30069,30007,distal_dendrite,symmetric,48.8,280.9,350.9
1026,30069,30016,distal_dendrite,symmetric,342.8,329.4,380.3
1027,30069,30016,soma,symmetric,427.5,280.2,293.7
1028,30069,30026,proximal_dendrite,symmetric,321.2,163.3,282.3
1029,30069,30026,soma,symmetric,278.4,214.9,206.3
1030,30069,30026,distal_dendrite,symmetric,304.3,177.9,315.0
1031,30069,30026,proximal_dendrite,symmetric,282.8,203.0,269.7
1032,30069,30026,soma,symmetric,288.2,133.6,179.7
1033,30069,30026,soma,symmetric,343.9,169.8,254.8
1034,30069,30026,proximal_dendrite,uncertain,226.8,162.0,196.5
1035,30069,30026,soma,symmetric,304.1,195.9,257.4
1036,30069,30040,soma,symmetric,208.6,434.7,217.7
1037,30069,30040,soma,uncertain,222.4,426.9,256.7
1038,30069,30040,soma,symmetric,220.6,428.8,228.0
1039,30069,30040,soma,symmetric,193.3,444.7,244.0
1040,30069,30055,distal_dendrite,symmetric,341.7,422.6,266.5
1041,30069,30075,soma,symmetric,88.9,295.4,303.1
1042,30069,30075,soma,symmetric,28.5,274.8,350.4
1043,30069,30075,soma,symmetric,5.9,184.4,406.4
1044,30069,30075,soma,symmetric,23.6,278.2,404.0
1045,30069,30075,soma,symmetric,10.3,247.7,341.1
1046,30069,30079,soma,symmetric,80.3,341.2,155.3
1047,30069,30079,soma,symmetric,85.6,370.9,171.3
1048,30069,30079,soma,symmetric,70.1,341.4,271.0
1049,30069,30094,distal_dendrite,symmetric,212.8,214.7,305.5
1050,30069,30096,soma,symmetric,303.6,445.2,341.5
1051,30069,30152,soma,symmetric,427.7,316.6,232.8
1052,30069,30171,proximal_dendrite,symmetric,402.1,421.4,386.3
1053,30069,30191,proximal_dendrite,symmetric,213.0,507.1,316.2
1054,30070,30023,uncertain,uncertain,95.9,398.9,92.3
1055,30070,30023,soma,symmetric,92.2,401.5,106.5
1056,30070,30039,soma,symmetric,97.7,493.5,7.4
1057,30070,30042,soma,symmetric,65.7,428.8,153.7
1058,30070,30087,soma,symmetric,194.4,189.4,138.7
1059,30070,30093,soma,symmetric,293.2,291.6,18.7
1060,30070,30093,soma,symmetric,218.3,254.3,49.1
1061,30070,30095,proximal_dendrite,symmetric,36.6,86.0,197.4
1062,30070,30108,soma,symmetric,250.0,340.8,65.4
1063,30070,30122,proximal_dendrite,symmetric,203.9,447.9,80.1
1064,30070,30122,soma,symmetric,113.9,408.1,54.6
1065,30070,30122,soma,symmetric,102.5,447.1,29.7
1066,30070,30151,soma,symmetric,307.3,409.5,237.3
1067,30070,30151,proximal_dendrite,symmetric,336.0,406.8,253.0
1068,30070,30156,soma,symmetric,161.4,501.9,144.6
1069,30070,30172,uncertain,uncertain,371.3,363.3,245.8
1070,30070,30172,soma,symmetric,374.7,337.2,207.8
1071,30070,30181,proximal_dendrite,symmetric,203.7,463.3,94.2
1072,30070,30188,proximal_dendrite,symmetric,304.0,433.8,-5.5
1073,30071,30010,distal_dendrite,asymmetric,120.6,73.6,83.6
1074,30071,30017,spine,asymmetric,125.3,277.6,169.5
1075,30071,30017,spine,asymmetric,68.6,286.6,299.5
1076,30071,30017,spine,asymmetric,63.9,305.4,221.1
1077,30072,30015,distal_dendrite,symmetric,71.7,424.3,269.6
1078,30072,30015,distal_dendrite,uncertain,73.0,451.2,284.9
1079,30072,30017,distal_dendrite,symmetric,58.3,350.7,216.2
1080,30072,30019,distal_dendrite,symmetric,-63.5,461.3,177.8
1081,30072,30040,distal_dendrite,symmetric,214.5,517.5,238.3
1082,30072,30051,uncertain,uncertain,311.6,312.9,169.2
1083,30072,30051,spine,symmetric,259.7,295.7,174.7
1084,30072,30052,distal_dendrite,uncertain,71.4,353.0,349.0
1085,30072,30052,uncertain,uncertain,82.0,382.7,381.3
1086,30072,30052,distal_dendrite,symmetric,8.1,413.4,343.5
1087,30072,30067,distal_dendrite,symmetric,251.3,274.4,325.1
1088,30072,30067,distal_dendrite,symmetric,225.0,272.8,269.2
1089,30072,30077,distal_dendrite,symmetric,357.4,254.4,294.4
1090,30072,30077,distal_dendrite,symmetric,383.4,247.8,336.9
1091,30072,30079,distal_dendrite,symmetric,87.6,336.2,169.8
1092,30072,30079,distal_dendrite,symmetric,53.5,288.6,227.3
1093,30072,30079,distal_dendrite,symmetric,55.8,360.8,201.6
1094,30072,30082,distal_dendrite,symmetric,37.1,509.9,317.8
1095,30072,30103,distal_dendrite,symmetric,37.0,478.9,366.7
1096,30072,30125,distal_dendrite,symmetric,327.7,499.9,338.6
1097,30072,30125,spine,symmetric,360.9,455.0,315.0
1098,30072,30125,distal_dendrite,symmetric,260.5,426.5,368.6
1099,30072,30125,distal_dendrite,uncertain,248.3,413.4,260.5
1100,30072,30125,distal_dendrite,symmetric,294.8,421.5,354.2
1101,30072,30162,distal_dendrite,uncertain,148.8,115.0,217.2
1102,30073,30011,spine,asymmetric,296.0,162.4,202.8
1103,30073,30011,spine,asymmetric,321.6,215.7,192.0
1104,30073,30020,proximal_dendrite,uncertain,165.0,277.4,313.1
1105,30073,30020,distal_dendrite,asymmetric,217.7,258.1,277.1
1106,30073,30032,proximal_dendrite,asymmetric,80.9,373.7,232.1
1107,30073,30032,proximal_dendrite,asymmetric,28.5,397.5,233.9
1108,30073,30032,proximal_dendrite,asymmetric,78.6,469.4,244.6
1109,30073,30097,distal_dendrite,asymmetric,0.3,387.4,160.3
1110,30073,30097,proximal_dendrite,asymmetric,-17.6,383.4,213.9
1111,30073,30097,proximal_dendrite,asymmetric,-19.4,356.4,220.2
1112,30073,30097,proximal_dendrite,asymmetric,54.5,364.0,246.3
1113,30073,30142,proximal_dendrite,asymmetric,36.3,338.6,276.4
1114,30073,30169,proximal_dendrite,asymmetric,61.9,253.7,248.0
1115,30074,30117,spine,asymmetric,156.9,98.1,187.7
1116,30075,30069,proximal_dendrite,asymmetric,322.9,445.4,365.1
1117,30075,30069,distal_dendrite,asymmetric,348.2,367.5,345.9
1118,30075,30069,distal_dendrite,asymmetric,345.7,387.6,377.2
1119,30075,30071,spine,asymmetric,199.2,128.7,194.9
1120,30075,30078,distal_dendrite,asymmetric,102.6,148.9,357.5
1121,30075,30078,spine,asymmetric,73.6,141.0,322.9
1122,30075,30078,spine,asymmetric,99.8,126.7,340.2
1123,30075,30102,proximal_dendrite,asymmetric,135.7,254.4,235.2
1124,30075,30102,distal_dendrite,asymmetric,165.3,326.7,269.2
1125,30075,30102,proximal_dendrite,asymmetric,96.1,320.8,256.6
1126,30075,30196,proximal_dendrite,asymmetric,11.4,374.0,154.1
1127,30076,30017,spine,asymmetric,76.3,298.5,262.0
1128,30076,30032,proximal_dendrite,asymmetric,55.5,404.6,232.0
1129,30076,30032,proximal_dendrite,asymmetric,85.0,396.0,204.0
1130,30076,30032,distal_dendrite,asymmetric,35.8,460.1,299.7
1131,30076,30032,soma,asymmetric,25.2,367.1,232.6
1132,30076,30065,distal_dendrite,asymmetric,154.5,434.9,75.6
1133,30076,30065,spine,asymmetric,146.7,325.9,65.9
1134,30076,30117,spine,asymmetric,190.0,146.9,151.7
1135,30076,30128,soma,asymmetric,179.6,473.2,68.0
1136,30076,30128,soma,asymmetric,109.7,487.7,148.1
1137,30076,30128,distal_dendrite,asymmetric,122.4,502.9,118.6
1138,30076,30128,proximal_dendrite,asymmetric,154.5,522.8,112.3
1139,30077,30030,proximal_dendrite,asymmetric,392.5,173.3,83.9
1140,30077,30094,spine,asymmetric,165.8,204.5,273.2
1141,30077,30110,distal_dendrite,asymmetric,308.3,268.5,271.9
1142,30077,30110,soma,asymmetric,359.5,248.7,271.3
1143,30077,30143,spine,asymmetric,317.0,307.2,19.5
1144,30078,30034,distal_dendrite,asymmetric,86.6,338.1,291.0
1145,30078,30059,spine,asymmetric,367.4,213.0,195.8
1146,30078,30059,proximal_dendrite,asymmetric,389.8,197.3,223.4
1147,30078,30059,spine,asymmetric,363.5,167.5,218.3
1148,30078,30072,proximal_dendrite,asymmetric,60.1,406.7,346.6
1149,30078,30072,distal_dendrite,asymmetric,80.2,414.1,313.9
1150,30078,30104,spine,asymmetric,279.3,226.6,179.3
1151,30078,30104,spine,asymmetric,258.8,232.9,179.9
1152,30078,30123,spine,asymmetric,333.5,409.3,374.8
1153,30079,30025,spine,asymmetric,129.3,381.7,304.7
1154,30079,30032,distal_dendrite,asymmetric,79.0,390.7,222.1
1155,30079,30110,proximal_dendrite,uncertain,283.4,264.8,308.9
1156,30079,30114,spine,asymmetric,55.2,448.4,165.2
1157,30079,30142,proximal_dendrite,asymmetric,116.8,373.3,285.3
1158,30079,30142,distal_dendrite,asymmetric,31.3,296.8,251.3
1159,30079,30142,proximal_dendrite,asymmetric,77.8,327.5,265.0
1160,30079,30163,distal_dendrite,asymmetric,131.3,338.4,342.8
1161,30079,30163,distal_dendrite,asymmetric,45.4,280.6,304.2
1162,30079,30168,soma,asymmetric,191.2,405.1,92.2
1163,30079,30168,proximal_dendrite,asymmetric,160.4,452.5,84.2
1164,30079,30196,proximal_dendrite,asymmetric,69.0,356.5,247.7
1165,30080,30003,uncertain,uncertain,89.1,250.8,121.7
1166,30080,30017,distal_dendrite,symmetric,98.0,292.8,202.0
1167,30080,30064,uncertain,uncertain,-2.6,154.7,159.7
1168,30080,30064,distal_dendrite,symmetric,38.5,190.8,123.9
1169,30080,30065,distal_dendrite,symmetric,145.9,322.2,10.6
1170,30080,30086,distal_dendrite,symmetric,69.2,132.4,274.4
1171,30080,30092,distal_dendrite,symmetric,429.8,213.1,313.9
1172,30080,30092,distal_dendrite,uncertain,320.7,201.5,317.9
1173,30080,30092,spine,symmetric,347.4,215.3,297.7
1174,30080,30092,distal_dendrite,uncertain,382.2,210.1,310.4
1175,30080,30092,distal_dendrite,symmetric,393.5,169.0,341.9
1176,30080,30092,uncertain,uncertain,321.3,201.6,319.0
1177,30080,30092,distal_dendrite,symmetric,366.8,213.9,339.5
1178,30080,30093,spine,symmetric,234.4,265.8,6.2
1179,30080,30093,distal_dendrite,symmetric,264.8,305.6,-9.6
1180,30080,30095,distal_dendrite,symmetric,77.2,191.2,223.7
1181,30080,30100,uncertain,uncertain,17.7,169.6,143.4
1182,30080,30100,distal_dendrite,symmetric,-7.5,133.4,112.5
1183,30080,30102,distal_dendrite,uncertain,141.2,304.4,235.7
1184,30080,30104,distal_dendrite,symmetric,228.1,169.3,236.6
1185,30080,30104,distal_dendrite,uncertain,176.6,231.8,182.6
1186,30080,30104,distal_dendrite,uncertain,235.3,215.0,233.9
1187,30080,30104,distal_dendrite,symmetric,211.8,256.2,187.2
1188,30080,30104,uncertain,uncertain,233.1,173.4,190.0
1189,30080,30105,distal_dendrite,symmetric,362.2,378.0,142.5
1190,30080,30109,distal_dendrite,symmetric,360.2,102.9,199.7
1191,30080,30109,distal_dendrite,symmetric,402.6,176.4,162.0
1192,30080,30121,distal_dendrite,symmetric,311.8,377.2,270.7
1193,30080,30121,spine,symmetric,283.3,322.3,256.5
1194,30080,30144,uncertain,uncertain,180.8,259.7,128.8
1195,30080,30144,uncertain,uncertain,127.0,223.7,155.0
1196,30080,30183,distal_dendrite,symmetric,158.1,157.8,301.6
1197,30080,30187,distal_dendrite,symmetric,218.4,133.8,209.3
1198,30080,30187,distal_dendrite,symmetric,158.7,160.2,180.6
1199,30080,30192,distal_dendrite,uncertain,382.7,314.3,80.7
1200,30080,30192,distal_dendrite,symmetric,377.6,327.2,88.6
1201,30080,30192,distal_dendrite,symmetric,359.5,278.1,46.7
1202,30080,30192,uncertain,uncertain,448.7,315.3,34.5
1203,30080,30199,distal_dendrite,uncertain,231.6,276.3,58.8
1204,30080,30199,distal_dendrite,symmetric,202.0,307.6,136.4
1205,30080,30199,uncertain,uncertain,209.2,232.4,155.4
1206,30082,30025,spine,asymmetric,129.1,355.3,245.4
1207,30082,30025,distal_dendrite,asymmetric,206.2,416.6,292.8
1208,30082,30128,proximal_dendrite,asymmetric,145.2,523.5,137.0
1209,30082,30128,distal_dendrite,asymmetric,118.9,487.1,73.9
1210,30082,30128,proximal_dendrite,asymmetric,167.8,496.2,83.1
1211,30082,30128,distal_dendrite,asymmetric,232.2,483.2,67.8
1212,30083,30006,spine,asymmetric,390.4,234.6,322.4
1213,30083,30006,spine,asymmetric,371.6,220.9,308.5
1214,30083,30029,distal_dendrite,asymmetric,272.4,269.9,30.5
1215,30083,30036,spine,asymmetric,137.2,343.3,313.9
1216,30083,30045,spine,asymmetric,284.8,286.8,126.2
1217,30083,30048,spine,asymmetric,149.1,232.5,281.9
1218,30083,30089,distal_dendrite,asymmetric,22.2,181.7,280.8
1219,30083,30089,spine,asymmetric,46.0,178.0,237.3
1220,30083,30089,spine,asymmetric,20.9,200.6,245.2
1221,30083,30089,spine,asymmetric,62.0,153.1,229.3
1222,30083,30089,distal_dendrite,asymmetric,51.8,122.0,241.8
1223,30083,30134,proximal_dendrite,asymmetric,291.0,328.0,186.6
1224,30083,30134,proximal_dendrite,asymmetric,391.9,327.0,181.6
1225,30083,30134,distal_dendrite,asymmetric,353.8,268.4,193.4
1226,30083,30153,distal_dendrite,uncertain,88.4,167.0,370.3
1227,30084,30022,proximal_dendrite,asymmetric,356.0,448.1,172.5
1228,30084,30024,proximal_dendrite,asymmetric,403.4,463.4,237.2
1229,30084,30024,proximal_dendrite,asymmetric,400.2,450.1,203.8
1230,30084,30024,proximal_dendrite,asymmetric,406.5,429.0,222.7
1231,30084,30024,proximal_dendrite,asymmetric,370.2,370.1,211.9
1232,30084,30024,proximal_dendrite,asymmetric,405.0,423.1,169.8
1233,30084,30028,spine,asymmetric,426.1,167.7,278.2
1234,30084,30041,proximal_dendrite,asymmetric,146.4,477.3,124.9
1235,30084,30049,proximal_dendrite,asymmetric,78.6,256.2,148.5
1236,30084,30069,soma,asymmetric,364.6,386.4,369.8
1237,30084,30069,proximal_dendrite,asymmetric,369.5,318.4,379.9
1238,30084,30102,distal_dendrite,asymmetric,145.5,340.5,204.4
1239,30084,30179,proximal_dendrite,asymmetric,346.3,384.2,137.4
1240,30084,30179,distal_dendrite,asymmetric,331.1,427.0,93.9
1241,30084,30179,distal_dendrite,asymmetric,345.3,348.5,154.2
1242,30084,30190,spine,asymmetric,256.5,355.3,117.5
1243,30084,30190,spine,asymmetric,225.3,324.1,113.0
1244,30084,30192,spine,asymmetric,391.2,277.4,87.9
1245,30084,30192,spine,asymmetric,383.6,331.2,73.9
1246,30084,30200,spine,asymmetric,387.9,116.9,-5.1
1247,30084,30200,spine,asymmetric,324.6,165.3,4.6
1248,30085,30002,soma,asymmetric,234.9,388.6,74.0
1249,30085,30002,distal_dendrite,asymmetric,299.0,401.3,81.5
1250,30085,30002,distal_dendrite,asymmetric,300.0,362.0,88.8
1251,30085,30002,distal_dendrite,asymmetric,315.7,403.5,57.4
1252,30085,30002,distal_dendrite,asymmetric,297.8,421.6,51.7
1253,30085,30002,proximal_dendrite,asymmetric,240.4,407.4,177.5
1254,30085,30027,spine,asymmetric,298.5,276.1,265.7
1255,30085,30027,distal_dendrite,asymmetric,285.4,292.7,318.5
1256,30085,30032,proximal_dendrite,asymmetric,100.4,434.0,190.5
1257,30085,30055,proximal_dendrite,asymmetric,397.8,370.8,250.7
1258,30085,30067,spine,asymmetric,220.4,290.1,322.5
1259,30085,30067,distal_dendrite,asymmetric,178.8,287.0,241.5
1260,30085,30069,distal_dendrite,asymmetric,333.1,388.9,338.7
1261,30085,30069,proximal_dendrite,asymmetric,383.0,418.8,356.2
1262,30085,30080,soma,asymmetric,139.9,286.3,229.7
1263,30085,30103,spine,asymmetric,66.7,462.3,293.0
1264,30085,30110,proximal_dendrite,asymmetric,261.0,209.9,249.3
1265,30085,30110,proximal_dendrite,asymmetric,324.1,248.3,295.8
1266,30085,30110,proximal_dendrite,asymmetric,342.2,275.4,290.9
1267,30085,30172,spine,asymmetric,387.6,347.3,231.8
1268,30085,30172,spine,asymmetric,398.9,338.5,214.0
1269,30085,30172,spine,asymmetric,401.5,349.3,262.3
1270,30085,30172,spine,asymmetric,321.5,388.8,254.9
1271,30085,30172,spine,asymmetric,394.9,334.1,270.6
1272,30085,30172,spine,asymmetric,314.3,341.1,213.6
1273,30085,30172,spine,asymmetric,390.4,318.1,181.0
1274,30085,30172,proximal_dendrite,asymmetric,410.5,328.7,319.6
1275,30085,30177,distal_dendrite,asymmetric,167.0,381.4,209.9
1276,30086,30071,spine,asymmetric,142.2,107.6,196.5
1277,30086,30097,distal_dendrite,asymmetric,4.3,318.8,172.7
1278,30086,30097,distal_dendrite,asymmetric,-30.4,365.0,205.8
1279,30086,30102,distal_dendrite,asymmetric,154.8,286.3,206.2
1280,30086,30102,distal_dendrite,asymmetric,141.6,309.9,204.4
1281,30086,30102,distal_dendrite,asymmetric,162.7,387.9,237.6
1282,30086,30102,distal_dendrite,asymmetric,156.4,319.3,245.7
1283,30086,30102,distal_dendrite,asymmetric,145.1,295.7,177.0
1284,30086,30138,distal_dendrite,asymmetric,298.7,149.3,418.5
1285,30086,30138,spine,asymmetric,323.6,148.8,362.8
1286,30086,30150,spine,asymmetric,355.8,258.3,174.3
1287,30086,30150,spine,asymmetric,332.9,254.6,217.7
1288,30086,30150,spine,asymmetric,359.6,206.2,203.3
1289,30086,30167,spine,asymmetric,294.9,338.4,160.4
1290,30086,30167,spine,asymmetric,317.6,394.4,251.8
1291,30086,30167,spine,asymmetric,365.3,339.8,114.9
1292,30086,30167,spine,asymmetric,310.1,354.4,175.3
1293,30086,30173,proximal_dendrite,asymmetric,103.4,173.2,270.6
1294,30086,30173,spine,asymmetric,167.5,192.5,335.5
1295,30086,30173,spine,asymmetric,169.5,228.7,349.5
1296,30086,30173,spine,asymmetric,224.7,157.6,301.4
1297,30086,30173,distal_dendrite,asymmetric,222.3,178.7,291.5
1298,30086,30173,distal_dendrite,asymmetric,232.5,177.3,312.3
1299,30086,30173,spine,asymmetric,120.1,130.7,369.7
1300,30087,30003,distal_dendrite,asymmetric,117.8,226.5,160.5
1301,30087,30045,spine,asymmetric,291.7,271.2,70.2
1302,30087,30045,spine,asymmetric,259.1,292.0,141.7
1303,30087,30045,distal_dendrite,asymmetric,301.7,260.8,153.2
1304,30087,30049,soma,asymmetric,-39.9,238.5,145.3
1305,30087,30062,spine,asymmetric,132.9,76.0,124.8
1306,30087,30131,spine,asymmetric,212.0,314.9,24.2
1307,30087,30172,distal_dendrite,asymmetric,372.5,382.5,178.0
1308,30087,30172,spine,asymmetric,378.7,398.3,248.0
1309,30087,30182,spine,asymmetric,168.8,259.0,-15.4
1310,30087,30182,spine,asymmetric,191.3,256.0,49.6
1311,30087,30182,spine,asymmetric,177.1,296.0,-74.0
1312,30087,30182,spine,asymmetric,136.1,254.0,-0.2
1313,30087,30199,spine,asymmetric,172.0,329.9,66.3
1314,30088,30028,spine,asymmetric,364.2,106.2,178.0
1315,30088,30028,spine,asymmetric,341.9,117.7,216.8
1316,30088,30028,distal_dendrite,asymmetric,405.4,167.9,218.3
1317,30088,30030,proximal_dendrite,asymmetric,282.0,207.2,94.6
1318,30088,30030,proximal_dendrite,asymmetric,313.8,196.9,72.6
1319,30088,30051,spine,asymmetric,333.9,304.1,166.9
1320,30088,30110,distal_dendrite,asymmetric,291.5,226.4,203.5
1321,30088,30110,distal_dendrite,asymmetric,327.3,221.6,333.3
1322,30088,30110,distal_dendrite,asymmetric,389.6,280.7,234.8
1323,30088,30143,distal_dendrite,uncertain,303.0,290.3,33.4
1324,30089,30020,proximal_dendrite,asymmetric,276.7,224.5,364.5
1325,30089,30048,spine,uncertain,133.0,263.0,270.8
1326,30089,30062,spine,asymmetric,125.8,83.6,138.9
1327,30089,30097,distal_dendrite,asymmetric,-9.5,341.4,159.4
1328,30089,30097,proximal_dendrite,asymmetric,-47.6,323.1,238.2
1329,30089,30187,proximal_dendrite,asymmetric,285.6,131.9,198.9
1330,30090,30002,proximal_dendrite,asymmetric,229.2,425.5,126.3
1331,30090,30002,soma,asymmetric,285.6,395.7,63.5
1332,30090,30002,proximal_dendrite,asymmetric,248.8,351.0,84.9
1333,30090,30113,soma,asymmetric,228.9,178.5,337.2
1334,30090,30113,distal_dendrite,uncertain,215.3,131.1,378.5
1335,30090,30113,distal_dendrite,asymmetric,203.7,137.2,353.8
1336,30090,30133,proximal_dendrite,asymmetric,44.3,358.8,296.8
1337,30090,30133,spine,asymmetric,8.4,322.2,244.7
1338,30090,30140,proximal_dendrite,asymmetric,45.5,325.7,353.3
1339,30090,30141,spine,asymmetric,265.2,221.1,322.5
1340,30090,30141,spine,asymmetric,282.9,262.5,351.8
1341,30090,30141,distal_dendrite,uncertain,287.7,251.8,390.5
1342,30090,30187,proximal_dendrite,asymmetric,265.8,214.5,194.5
1343,30091,30004,spine,asymmetric,92.9,379.1,297.3
1344,30091,30004,spine,asymmetric,51.3,392.6,262.9
1345,30091,30010,proximal_dendrite,asymmetric,126.7,155.5,65.1
1346,30091,30010,proximal_dendrite,asymmetric,190.5,106.0,123.4
1347,30091,30010,proximal_dendrite,asymmetric,155.8,149.1,110.7
1348,30091,30010,soma,asymmetric,144.5,172.1,111.6
1349,30091,30010,proximal_dendrite,asymmetric,201.6,138.9,93.1
1350,30091,30154,spine,asymmetric,133.8,276.6,294.8
1351,30091,30154,distal_dendrite,asymmetric,106.0,287.7,358.4
1352,30091,30154,spine,uncertain,111.0,292.6,302.7
1353,30091,30173,spine,asymmetric,123.6,250.7,308.0
1354,30091,30183,spine,asymmetric,130.9,174.8,326.9
1355,30091,30189,distal_dendrite,asymmetric,91.5,117.9,270.4
1356,30091,30189,distal_dendrite,asymmetric,104.3,170.2,237.9
1357,30091,30189,spine,asymmetric,90.5,131.2,250.3
1358,30093,30026,spine,asymmetric,353.4,206.4,251.6
1359,30093,30026,spine,asymmetric,322.7,154.2,291.8
1360,30093,30026,spine,asymmetric,294.3,192.2,251.5
1361,30093,30041,proximal_dendrite,uncertain,157.8,448.0,84.9
1362,30093,30070,distal_dendrite,asymmetric,220.9,423.1,-10.5
1363,30093,30111,proximal_dendrite,asymmetric,200.8,370.3,98.2
1364,30093,30136,spine,asymmetric,321.4,338.2,45.8
1365,30093,30187,proximal_dendrite,asymmetric,226.6,163.7,145.5
1366,30093,30187,proximal_dendrite,asymmetric,186.7,152.6,203.9
1367,30093,30187,proximal_dendrite,asymmetric,212.7,138.2,150.7
1368,30093,30187,distal_dendrite,asymmetric,169.3,95.6,193.5
1369,30093,30187,soma,asymmetric,204.3,121.1,184.9
1370,30093,30187,distal_dendrite,asymmetric,239.8,154.6,138.4
1371,30094,30080,proximal_dendrite,uncertain,148.3,246.4,246.0
1372,30094,30090,spine,asymmetric,219.9,196.2,309.7
1373,30094,30169,proximal_dendrite,asymmetric,55.1,268.4,215.9
1374,30094,30169,proximal_dendrite,asymmetric,43.9,234.2,236.3
1375,30094,30194,proximal_dendrite,asymmetric,27.2,415.7,253.6
1376,30094,30194,proximal_dendrite,asymmetric,14.9,430.4,239.6
1377,30095,30001,distal_dendrite,asymmetric,144.2,509.8,233.2
1378,30095,30001,proximal_dendrite,asymmetric,99.3,495.0,202.1
1379,30095,30001,proximal_dendrite,asymmetric,110.1,440.7,217.7
1380,30095,30074,spine,asymmetric,8.4,192.6,51.4
1381,30095,30074,spine,uncertain,-13.1,163.0,-0.5
1382,30095,30100,spine,asymmetric,-4.1,174.3,124.4
1383,30095,30100,spine,asymmetric,97.6,201.4,132.1
1384,30095,30100,spine,asymmetric,41.5,201.1,145.1
1385,30095,30100,proximal_dendrite,asymmetric,76.9,146.1,101.2
1386,30095,30135,spine,asymmetric,147.0,154.1,15.9
1387,30095,30137,distal_dendrite,asymmetric,92.6,201.8,71.8
1388,30095,30179,proximal_dendrite,asymmetric,414.3,375.0,125.9
1389,30096,30034,distal_dendrite,asymmetric,118.2,329.5,291.5
1390,30096,30034,proximal_dendrite,asymmetric,129.9,351.8,257.3
1391,30096,30048,proximal_dendrite,asymmetric,164.5,263.7,278.1
1392,30096,30048,spine,asymmetric,206.4,282.1,268.1
1393,30096,30051,spine,asymmetric,310.4,341.8,174.6
1394,30096,30051,spine,asymmetric,305.4,305.2,166.7
1395,30096,30077,spine,asymmetric,362.2,281.3,340.4
1396,30096,30153,spine,asymmetric,104.3,169.1,314.4
1397,30097,30007,soma,symmetric,57.9,330.0,416.6
1398,30097,30036,soma,symmetric,100.9,348.8,318.4
1399,30097,30063,proximal_dendrite,symmetric,190.1,321.0,176.2
1400,30097,30063,soma,symmetric,178.8,428.1,218.5
1401,30097,30063,proximal_dendrite,symmetric,123.2,412.5,202.1
1402,30097,30063,proximal_dendrite,symmetric,214.7,337.3,232.9
1403,30097,30063,soma,symmetric,184.3,393.1,183.3
1404,30097,30063,proximal_dendrite,symmetric,159.3,388.5,157.9
1405,30097,30063,proximal_dendrite,symmetric,200.5,346.0,219.6
1406,30097,30079,soma,symmetric,114.4,380.9,240.0
1407,30097,30079,soma,symmetric,95.2,375.7,217.9
1408,30097,30095,proximal_dendrite,symmetric,98.5,84.3,127.0
1409,30097,30136,soma,symmetric,348.3,380.6,103.3
1410,30097,30150,soma,symmetric,382.2,263.6,196.5
1411,30097,30184,soma,symmetric,49.6,214.6,156.4
1412,30098,30023,soma,symmetric,79.0,409.0,78.5
1413,30098,30027,soma,symmetric,275.0,318.3,278.2
1414,30098,30039,soma,symmetric,112.8,501.3,34.2
1415,30098,30048,soma,symmetric,179.9,250.0,287.8
1416,30098,30048,soma,symmetric,128.4,237.7,302.1
1417,30098,30048,soma,symmetric,152.2,258.5,344.2
1418,30098,30063,soma,symmetric,167.3,403.4,199.3
1419,30098,30063,soma,symmetric,140.5,383.7,228.1
1420,30098,30063,soma,symmetric,120.0,379.3,217.7
1421,30098,30063,soma,uncertain,161.9,322.5,205.0
1422,30098,30065,proximal_dendrite,symmetric,176.3,343.4,33.8
1423,30098,30065,proximal_dendrite,symmetric,165.1,403.9,50.4
1424,30098,30065,proximal_dendrite,symmetric,118.1,367.2,57.2
1425,30098,30065,soma,symmetric,149.7,374.0,8.4
1426,30098,30070,distal_dendrite,symmetric,235.8,421.4,41.4
1427,30098,30077,soma,symmetric,334.2,254.2,341.4
1428,30098,30108,proximal_dendrite,symmetric,234.4,358.5,38.4
1429,30098,30181,soma,symmetric,129.8,473.9,70.2
1430,30098,30181,soma,symmetric,193.6,383.0,79.0
1431,30099,30062,distal_dendrite,asymmetric,86.7,125.3,226.4
1432,30099,30062,distal_dendrite,asymmetric,140.1,73.8,142.0
1433,30099,30062,proximal_dendrite,asymmetric,168.4,119.7,173.7
1434,30099,30169,proximal_dendrite,asymmetric,5.8,267.1,240.6
1435,30099,30187,proximal_dendrite,asymmetric,219.9,174.7,172.4
1436,30100,30030,proximal_dendrite,asymmetric,389.5,175.7,57.6
1437,30100,30030,distal_dendrite,asymmetric,320.4,160.6,78.3
1438,30100,30113,distal_dendrite,asymmetric,204.6,123.5,327.7
1439,30100,30113,proximal_dendrite,asymmetric,251.2,97.3,377.4
1440,30100,30113,distal_dendrite,asymmetric,132.9,143.3,386.5
1441,30100,30137,proximal_dendrite,asymmetric,126.9,209.5,-4.9
1442,30100,30137,proximal_dendrite,asymmetric,74.5,185.9,52.3
1443,30100,30137,distal_dendrite,asymmetric,104.5,169.3,11.9
1444,30100,30137,distal_dendrite,asymmetric,141.5,162.3,23.5
1445,30100,30137,soma,asymmetric,85.8,137.8,54.1
1446,30100,30137,distal_dendrite,asymmetric,99.5,182.8,-9.2
1447,30100,30141,distal_dendrite,asymmetric,255.2,289.5,347.2
1448,30100,30141,distal_dendrite,asymmetric,242.7,257.3,389.0
1449,30100,30141,spine,asymmetric,187.3,208.6,326.7
1450,30100,30141,distal_dendrite,asymmetric,286.7,297.8,364.0
1451,30100,30155,spine,asymmetric,135.4,119.7,74.9
1452,30101,30054,spine,asymmetric,106.1,290.5,340.2
1453,30101,30054,spine,asymmetric,107.7,277.6,319.6
1454,30101,30054,spine,asymmetric,95.5,224.0,336.1
1455,30101,30054,spine,asymmetric,109.5,303.9,290.8
1456,30101,30079,spine,asymmetric,87.6,423.5,268.8
1457,30101,30102,proximal_dendrite,asymmetric,126.2,290.4,241.8
1458,30101,30102,soma,asymmetric,81.1,270.0,193.8
1459,30101,30102,proximal_dendrite,asymmetric,139.3,260.5,252.6
1460,30101,30102,proximal_dendrite,uncertain,144.7,292.7,247.8
1461,30101,30102,distal_dendrite,asymmetric,153.7,279.5,233.0
1462,30101,30102,distal_dendrite,asymmetric,125.8,325.5,231.0
1463,30101,30102,proximal_dendrite,asymmetric,137.8,296.4,215.8
1464,30101,30102,distal_dendrite,asymmetric,217.7,350.6,265.0
1465,30101,30102,proximal_dendrite,asymmetric,175.4,315.5,217.8
1466,30101,30111,proximal_dendrite,asymmetric,266.2,377.9,103.9
1467,30101,30139,spine,asymmetric,-78.1,383.9,105.5
1468,30101,30139,spine,asymmetric,-49.9,323.8,62.6
1469,30101,30139,spine,asymmetric,-1.2,376.8,98.8
1470,30101,30139,distal_dendrite,asymmetric,-17.1,380.0,134.7
1471,30101,30139,spine,asymmetric,4.6,410.8,79.3
1472,30101,30139,spine,asymmetric,-5.6,324.2,109.5
1473,30101,30196,distal_dendrite,asymmetric,57.1,366.8,160.4
1474,30101,30196,distal_dendrite,asymmetric,52.8,264.4,255.9
1475,30101,30196,proximal_dendrite,asymmetric,100.4,387.6,218.8
1476,30101,30196,proximal_dendrite,asymmetric,46.0,286.0,208.1
1477,30101,30196,proximal_dendrite,asymmetric,4.3,432.8,229.9
1478,30102,30018,soma,symmetric,357.1,404.4,205.6
1479,30102,30018,soma,symmetric,404.2,376.9,187.1
1480,30102,30019,proximal_dendrite,symmetric,11.0,474.9,216.7
1481,30102,30025,soma,symmetric,209.3,354.8,253.1
1482,30102,30051,proximal_dendrite,symmetric,332.6,279.9,199.0
1483,30102,30052,proximal_dendrite,symmetric,95.9,386.3,309.3
1484,30102,30067,soma,symmetric,195.8,233.3,213.6
1485,30102,30067,uncertain,uncertain,230.0,213.9,290.2
1486,30102,30067,proximal_dendrite,symmetric,240.9,261.4,313.4
1487,30102,30067,soma,symmetric,183.6,312.0,249.0
1488,30102,30074,soma,symmetric,5.4,145.3,72.7
1489,30102,30074,soma,symmetric,16.3,126.1,69.3
1490,30102,30074,proximal_dendrite,symmetric,70.6,165.6,60.7
1491,30102,30074,soma,symmetric,47.7,137.6,107.3
1492,30102,30077,proximal_dendrite,symmetric,369.2,238.7,329.3
1493,30102,30087,soma,symmetric,148.0,283.7,113.3
1494,30102,30092,soma,symmetric,389.2,119.6,325.4
1495,30102,30095,soma,symmetric,107.6,130.2,203.4
1496,30102,30099,proximal_dendrite,symmetric,300.8,76.3,157.8
1497,30102,30107,soma,symmetric,285.3,276.5,12.5
1498,30102,30107,soma,symmetric,276.3,257.1,29.8
1499,30102,30120,soma,symmetric,324.7,344.7,55.1
1500,30102,30120,proximal_dendrite,symmetric,358.5,365.1,13.0
1501,30102,30120,soma,symmetric,343.1,307.2,57.7
1502,30102,30148,distal_dendrite,symmetric,347.3,156.7,256.9
1503,30102,30154,proximal_dendrite,symmetric,131.0,244.8,326.4
1504,30102,30162,proximal_dendrite,symmetric,184.0,170.5,175.9
1505,30102,30177,distal_dendrite,symmetric,180.5,404.3,258.9
1506,30102,30177,distal_dendrite,symmetric,235.2,341.6,238.4
1507,30102,30177,soma,symmetric,211.5,377.4,260.4
1508,30102,30177,proximal_dendrite,symmetric,188.9,409.2,263.9
1509,30102,30177,proximal_dendrite,symmetric,237.5,383.4,241.4
1510,30102,30177,soma,symmetric,234.9,351.5,290.8
1511,30102,30187,distal_dendrite,symmetric,225.1,136.6,152.4
1512,30102,30187,proximal_dendrite,symmetric,179.5,143.4,173.6
1513,30102,30190,proximal_dendrite,symmetric,222.6,362.4,111.8
1514,30102,30199,proximal_dendrite,symmetric,201.9,289.1,93.9
1515,30103,30001,distal_dendrite,asymmetric,112.6,484.3,212.4
1516,30103,30015,spine,asymmetric,11.4,439.1,268.3
1517,30103,30015,spine,asymmetric,81.2,401.6,287.0
1518,30103,30047,distal_dendrite,asymmetric,359.8,527.2,24.0
1519,30103,30102,proximal_dendrite,asymmetric,118.0,265.5,231.4
1520,30103,30106,spine,asymmetric,21.8,491.6,420.2
1521,30103,30106,spine,asymmetric,-16.5,548.0,394.9
1522,30103,30106,distal_dendrite,asymmetric,53.3,490.3,364.1
1523,30103,30106,spine,asymmetric,93.3,527.1,404.5
1524,30103,30106,spine,asymmetric,54.8,470.1,386.3
1525,30103,30106,spine,asymmetric,13.9,476.9,344.7
1526,30103,30119,spine,asymmetric,27.9,443.8,156.6
1527,30103,30119,spine,asymmetric,34.9,427.5,236.3
1528,30104,30012,distal_dendrite,asymmetric,394.5,448.8,331.1
1529,30104,30012,distal_dendrite,asymmetric,371.0,453.0,326.4
1530,30104,30083,distal_dendrite,asymmetric,99.2,241.9,172.3
1531,30104,30083,spine,asymmetric,54.5,270.8,183.6
1532,30104,30110,distal_dendrite,asymmetric,337.7,257.9,284.7
1533,30104,30110,distal_dendrite,asymmetric,310.0,254.4,244.1
1534,30104,30161,spine,asymmetric,288.1,243.6,290.2
1535,30104,30161,spine,asymmetric,357.7,297.9,233.0
1536,30104,30161,distal_dendrite,asymmetric,366.2,266.5,231.7
1537,30105,30001,distal_dendrite,asymmetric,162.1,485.1,273.5
1538,30105,30001,soma,asymmetric,114.9,483.2,236.3
1539,30105,30001,proximal_dendrite,asymmetric,85.1,474.2,203.2
1540,30105,30027,proximal_dendrite,asymmetric,269.8,323.6,310.3
1541,30105,30031,spine,asymmetric,386.0,344.2,46.0
1542,30105,30031,distal_dendrite,asymmetric,403.2,338.0,11.9
1543,30105,30047,proximal_dendrite,asymmetric,291.4,473.4,45.3
1544,30105,30047,proximal_dendrite,asymmetric,333.1,498.4,-8.9
1545,30105,30047,distal_dendrite,asymmetric,306.1,455.5,20.7
1546,30105,30132,proximal_dendrite,asymmetric,72.6,365.9,71.5
1547,30105,30132,distal_dendrite,asymmetric,54.3,355.7,71.4
1548,30105,30132,soma,asymmetric,65.2,403.4,73.1
1549,30105,30132,soma,asymmetric,82.1,365.2,56.3
1550,30105,30157,soma,asymmetric,275.1,476.9,224.3
1551,30105,30167,spine,asymmetric,325.0,263.1,217.4
1552,30105,30183,spine,asymmetric,111.1,234.7,294.1
1553,30105,30183,spine,asymmetric,133.9,194.9,275.3
1554,30105,30193,spine,asymmetric,75.6,454.6,379.6
1555,30106,30118,distal_dendrite,asymmetric,270.7,268.5,435.2
1556,30106,30118,proximal_dendrite,asymmetric,211.7,202.6,460.0
1557,30106,30118,proximal_dendrite,asymmetric,246.2,236.5,373.2
1558,30106,30118,proximal_dendrite,asymmetric,289.7,289.0,411.1
1559,30106,30118,proximal_dendrite,asymmetric,236.1,294.8,420.6
1560,30107,30024,distal_dendrite,asymmetric,372.0,441.2,157.3
1561,30107,30120,spine,asymmetric,349.4,367.3,-15.6
1562,30107,30120,spine,asymmetric,343.6,319.9,-1.7
1563,30107,30184,distal_dendrite,asymmetric,79.9,280.9,177.0
1564,30107,30184,proximal_dendrite,asymmetric,81.8,264.8,174.0
1565,30107,30184,proximal_dendrite,asymmetric,55.3,240.2,181.9
1566,30107,30184,soma,asymmetric,64.5,247.6,262.0
1567,30107,30184,proximal_dendrite,asymmetric,145.3,295.5,118.1
1568,30108,30021,distal_dendrite,asymmetric,33.6,480.1,221.1
1569,30108,30063,spine,asymmetric,163.1,368.0,207.4
1570,30108,30063,spine,asymmetric,149.7,363.9,219.5
1571,30108,30063,proximal_dendrite,asymmetric,176.9,315.9,163.4
1572,30108,30063,spine,asymmetric,163.4,291.7,200.1
1573,30108,30063,spine,asymmetric,120.8,322.9,151.4
1574,30108,30063,spine,asymmetric,134.5,322.3,205.7
1575,30108,30131,spine,asymmetric,159.7,255.3,-4.3
1576,30108,30136,spine,asymmetric,267.5,371.0,116.2
1577,30108,30141,spine,asymmetric,203.1,232.4,368.2
1578,30108,30146,distal_dendrite,asymmetric,144.9,469.3,410.0
1579,30108,30146,soma,asymmetric,136.6,467.3,326.8
1580,30108,30159,soma,uncertain,21.8,507.6,18.5
1581,30108,30159,distal_dendrite,asymmetric,27.9,446.5,46.9
1582,30108,30159,proximal_dendrite,asymmetric,95.2,445.8,4.7
1583,30108,30188,spine,asymmetric,211.6,431.2,-24.4
1584,30108,30199,distal_dendrite,asymmetric,215.3,263.3,96.9
1585,30108,30199,spine,asymmetric,251.6,253.2,49.1
1586,30109,30013,spine,asymmetric,357.0,236.5,152.2
1587,30109,30026,distal_dendrite,uncertain,286.0,125.5,217.0
1588,30109,30078,spine,asymmetric,137.2,178.3,360.6
1589,30109,30089,spine,asymmetric,72.5,210.8,297.4
1590,30109,30089,spine,asymmetric,62.7,160.2,239.6
1591,30109,30135,proximal_dendrite,asymmetric,167.6,169.0,7.2
1592,30109,30135,spine,asymmetric,182.6,85.3,28.4
1593,30109,30141,spine,asymmetric,240.1,237.9,355.1
1594,30109,30187,proximal_dendrite,asymmetric,168.5,83.2,147.1
1595,30110,30015,soma,symmetric,129.1,428.2,252.0
1596,30110,30015,soma,symmetric,80.5,445.4,211.6
1597,30110,30017,soma,symmetric,49.1,300.4,227.2
1598,30110,30017,proximal_dendrite,symmetric,136.6,320.1,232.3
1599,30110,30026,proximal_dendrite,symmetric,274.2,102.3,216.7
1600,30110,30048,proximal_dendrite,symmetric,153.1,268.7,279.2
1601,30110,30067,proximal_dendrite,symmetric,222.7,261.5,292.4
1602,30110,30067,soma,symmetric,241.1,218.9,279.5
1603,30110,30072,soma,uncertain,100.4,420.0,359.6
1604,30110,30086,distal_dendrite,symmetric,92.7,189.3,322.5
1605,30110,30086,soma,symmetric,110.7,150.0,391.8
1606,30110,30086,proximal_dendrite,symmetric,98.9,194.7,305.8
1607,30110,30086,uncertain,uncertain,104.3,210.2,320.1
1608,30110,30090,soma,symmetric,301.1,149.9,330.5
1609,30110,30112,proximal_dendrite,symmetric,266.7,118.6,233.5
1610,30110,30115,soma,symmetric,311.1,438.9,75.4
1611,30110,30115,soma,uncertain,295.4,478.1,40.2
1612,30110,30127,proximal_dendrite,symmetric,168.9,194.2,121.6
1613,30110,30127,proximal_dendrite,symmetric,165.5,205.0,9.2
1614,30110,30133,distal_dendrite,symmetric,-37.2,414.6,210.6
1615,30110,30133,soma,symmetric,9.2,353.2,228.8
1616,30110,30133,proximal_dendrite,symmetric,20.8,331.3,222.8
1617,30110,30133,soma,symmetric,6.2,376.1,244.8
1618,30110,30141,soma,symmetric,222.5,258.2,333.1
1619,30110,30143,soma,symmetric,320.6,286.0,8.7
1620,30110,30148,soma,symmetric,306.3,144.4,191.1
1621,30110,30148,soma,symmetric,291.8,106.1,295.6
1622,30110,30149,distal_dendrite,symmetric,347.9,256.6,154.5
1623,30110,30154,proximal_dendrite,symmetric,96.2,290.7,332.3
1624,30110,30154,soma,symmetric,23.7,247.6,359.3
1625,30110,30154,proximal_dendrite,symmetric,150.2,173.0,321.3
1626,30110,30174,proximal_dendrite,symmetric,407.7,439.5,239.9
1627,30111,30093,proximal_dendrite,symmetric,254.3,331.3,23.4
1628,30111,30093,proximal_dendrite,symmetric,219.2,293.2,-1.7
1629,30111,30093,proximal_dendrite,symmetric,239.8,298.1,-19.2
1630,30111,30093,distal_dendrite,symmetric,276.7,293.5,-31.1
1631,30111,30095,distal_dendrite,symmetric,101.9,77.0,175.8
1632,30111,30132,proximal_dendrite,symmetric,5.7,397.1,77.4
1633,30111,30168,proximal_dendrite,symmetric,202.3,409.1,66.7
1634,30112,30028,spine,asymmetric,416.5,76.2,296.0
1635,30112,30041,soma,asymmetric,163.6,463.8,90.3
1636,30112,30041,distal_dendrite,asymmetric,135.4,433.5,103.4
1637,30112,30041,distal_dendrite,asymmetric,151.9,527.2,129.0
1638,30112,30102,soma,asymmetric,150.4,334.2,237.9
1639,30112,30110,proximal_dendrite,asymmetric,338.9,262.8,214.9
1640,30112,30124,proximal_dendrite,asymmetric,370.4,138.3,136.7
1641,30112,30124,distal_dendrite,asymmetric,340.6,131.1,123.8
1642,30112,30124,proximal_dendrite,asymmetric,334.4,128.0,110.8
1643,30113,30026,distal_dendrite,symmetric,297.6,169.1,285.7
1644,30113,30043,distal_dendrite,symmetric,267.1,218.9,360.6
1645,30113,30083,distal_dendrite,symmetric,91.8,279.5,191.5
1646,30113,30083,distal_dendrite,symmetric,76.5,287.1,151.1
1647,30113,30083,distal_dendrite,symmetric,77.5,267.5,220.5
1648,30113,30083,distal_dendrite,symmetric,117.7,241.3,190.1
1649,30113,30123,spine,symmetric,326.8,468.2,386.2
1650,30113,30123,distal_dendrite,symmetric,333.3,469.1,388.6
1651,30113,30141,distal_dendrite,symmetric,272.9,294.3,356.0
1652,30113,30162,uncertain,uncertain,111.3,176.0,181.3
1653,30113,30199,distal_dendrite,uncertain,247.5,335.6,25.8
1654,30114,30001,soma,asymmetric,112.6,505.0,252.9
1655,30114,30009,proximal_dendrite,uncertain,287.8,389.6,158.7
1656,30114,30009,proximal_dendrite,asymmetric,233.9,401.5,194.4
1657,30114,30009,distal_dendrite,asymmetric,231.8,432.2,165.4
1658,30114,30024,proximal_dendrite,asymmetric,380.1,386.5,148.4
1659,30114,30024,distal_dendrite,asymmetric,388.7,442.1,206.6
1660,30114,30024,proximal_dendrite,asymmetric,402.6,469.3,154.9
1661,30114,30024,distal_dendrite,asymmetric,443.4,390.4,230.7
1662,30114,30036,spine,asymmetric,122.2,334.8,378.3
1663,30114,30042,spine,asymmetric,-45.7,439.5,113.6
1664,30114,30049,distal_dendrite,asymmetric,18.5,232.8,205.8
1665,30114,30072,distal_dendrite,asymmetric,34.8,386.4,301.8
1666,30114,30072,distal_dendrite,asymmetric,81.5,419.6,370.0
1667,30114,30097,distal_dendrite,asymmetric,-14.7,422.8,195.4
1668,30114,30097,proximal_dendrite,asymmetric,35.5,385.6,186.4
1669,30114,30147,distal_dendrite,asymmetric,105.4,360.4,117.2
1670,30114,30147,proximal_dendrite,asymmetric,54.6,378.6,152.2
1671,30114,30147,proximal_dendrite,asymmetric,89.9,456.5,194.2
1672,30114,30157,distal_dendrite,asymmetric,289.0,492.5,201.4
1673,30115,30030,proximal_dendrite,asymmetric,309.3,165.5,101.8
1674,30115,30132,soma,asymmetric,92.2,414.5,77.0
1675,30115,30132,proximal_dendrite,uncertain,113.8,392.2,88.8
1676,30115,30132,proximal_dendrite,asymmetric,84.2,367.9,27.1
1677,30115,30156,distal_dendrite,asymmetric,224.1,481.8,115.7
1678,30115,30156,spine,asymmetric,234.0,455.0,97.7
1679,30115,30156,spine,asymmetric,226.6,473.8,155.2
1680,30115,30156,spine,asymmetric,170.6,492.6,147.9
1681,30115,30156,spine,asymmetric,203.8,494.0,169.7
1682,30115,30156,spine,asymmetric,214.8,442.5,161.3
1683,30115,30156,spine,asymmetric,261.3,428.0,112.0
1684,30115,30156,spine,asymmetric,207.7,461.9,111.1
1685,30115,30160,distal_dendrite,asymmetric,292.7,416.1,144.6
1686,30115,30160,distal_dendrite,asymmetric,302.0,391.9,199.2
1687,30115,30177,spine,uncertain,179.4,395.0,254.5
1688,30116,30030,proximal_dendrite,asymmetric,348.8,181.5,47.3
1689,30116,30030,distal_dendrite,asymmetric,336.1,144.7,92.9
1690,30116,30038,spine,asymmetric,392.9,138.7,203.6
1691,30116,30038,distal_dendrite,asymmetric,350.3,185.2,127.1
1692,30116,30038,spine,asymmetric,444.7,179.7,125.2
1693,30116,30064,spine,asymmetric,-9.1,150.1,135.9
1694,30116,30064,distal_dendrite,asymmetric,19.7,155.0,193.4
1695,30116,30064,spine,asymmetric,-17.1,221.1,127.2
1696,30116,30087,spine,asymmetric,182.9,188.8,143.9
1697,30116,30104,spine,asymmetric,244.8,250.8,220.0
1698,30116,30104,spine,asymmetric,249.5,149.0,134.5
1699,30116,30152,spine,asymmetric,379.1,353.8,277.6
1700,30117,30001,distal_dendrite,asymmetric,130.3,452.6,214.8
1701,30117,30069,proximal_dendrite,asymmetric,336.8,284.4,392.3
1702,30117,30122,proximal_dendrite,asymmetric,109.8,425.8,25.2
1703,30117,30122,distal_dendrite,asymmetric,192.2,495.6,147.7
1704,30117,30134,proximal_dendrite,asymmetric,388.3,339.1,135.9
1705,30117,30134,distal_dendrite,asymmetric,331.1,326.1,146.1
1706,30117,30134,soma,asymmetric,323.6,363.3,162.1
1707,30117,30187,proximal_dendrite,asymmetric,288.4,94.6,172.0
1708,30117,30189,spine,asymmetric,61.8,78.7,264.8
1709,30117,30189,spine,asymmetric,100.2,141.3,258.7
1710,30118,30009,proximal_dendrite,uncertain,223.8,357.7,189.8
1711,30118,30009,proximal_dendrite,symmetric,290.6,345.9,221.7
1712,30118,30055,proximal_dendrite,symmetric,334.0,403.9,231.1
1713,30118,30166,proximal_dendrite,symmetric,170.6,369.8,324.1
1714,30118,30166,distal_dendrite,symmetric,166.5,249.0,313.8
1715,30119,30053,spine,asymmetric,204.4,422.6,315.7
1716,30119,30053,spine,asymmetric,242.8,425.2,324.7
1717,30120,30032,soma,asymmetric,79.5,413.6,206.2
1718,30120,30032,proximal_dendrite,asymmetric,34.5,359.4,253.2
1719,30120,30122,soma,asymmetric,123.8,380.4,97.6
1720,30120,30122,soma,asymmetric,191.5,494.2,109.0
1721,30120,30122,distal_dendrite,asymmetric,124.0,465.2,55.2
1722,30121,30024,proximal_dendrite,asymmetric,380.8,467.3,151.3
1723,30121,30034,proximal_dendrite,asymmetric,149.5,351.8,293.1
1724,30121,30034,proximal_dendrite,asymmetric,150.0,338.3,317.3
1725,30121,30046,proximal_dendrite,asymmetric,232.0,505.7,212.9
1726,30121,30049,distal_dendrite,asymmetric,63.6,241.0,206.8
1727,30121,30098,soma,asymmetric,173.1,438.8,27.5
1728,30121,30098,proximal_dendrite,asymmetric,160.5,478.7,71.7
1729,30121,30098,proximal_dendrite,asymmetric,155.9,501.6,39.5
1730,30121,30098,proximal_dendrite,asymmetric,148.1,443.4,11.9
1731,30121,30151,spine,asymmetric,358.5,379.6,277.0
1732,30121,30160,distal_dendrite,asymmetric,302.5,340.8,180.2
1733,30122,30001,proximal_dendrite,symmetric,90.6,490.6,192.6
1734,30122,30001,distal_dendrite,symmetric,130.8,449.1,252.2
1735,30122,30001,uncertain,uncertain,113.9,486.3,276.6
1736,30122,30001,proximal_dendrite,symmetric,123.7,468.7,192.3
1737,30122,30001,proximal_dendrite,symmetric,110.8,467.2,214.6
1738,30122,30001,uncertain,uncertain,115.2,471.3,191.9
1739,30122,30004,distal_dendrite,symmetric,127.6,331.0,237.4
1740,30122,30004,distal_dendrite,symmetric,15.8,318.1,272.1
1741,30122,30004,distal_dendrite,symmetric,83.2,318.0,302.6
1742,30122,30004,proximal_dendrite,symmetric,23.1,400.9,266.9
1743,30122,30004,proximal_dendrite,symmetric,89.5,339.4,268.6
1744,30122,30004,uncertain,uncertain,104.0,375.4,288.4
1745,30122,30004,distal_dendrite,symmetric,56.8,340.2,278.4
1746,30122,30004,distal_dendrite,symmetric,83.9,381.1,247.0
1747,30122,30004,distal_dendrite,symmetric,88.4,352.7,254.3
1748,30122,30049,distal_dendrite,symmetric,69.3,280.6,209.1
1749,30122,30056,distal_dendrite,symmetric,219.3,426.5,139.6
1750,30122,30056,proximal_dendrite,symmetric,232.8,543.5,117.5
1751,30122,30070,distal_dendrite,symmetric,226.2,399.6,-7.1
1752,30122,30111,distal_dendrite,symmetric,183.2,394.9,25.5
1753,30122,30128,distal_dendrite,symmetric,185.8,494.9,140.7
1754,30122,30128,distal_dendrite,symmetric,195.8,474.3,127.6
1755,30122,30128,distal_dendrite,symmetric,190.5,491.8,67.4
1756,30122,30159,proximal_dendrite,symmetric,79.3,492.4,46.3
1757,30122,30168,distal_dendrite,symmetric,177.9,424.7,86.9
1758,30122,30168,proximal_dendrite,symmetric,217.7,459.5,45.5
1759,30123,30057,distal_dendrite,uncertain,291.9,314.0,340.3
1760,30123,30057,proximal_dendrite,asymmetric,303.4,332.0,296.8
1761,30123,30057,distal_dendrite,asymmetric,311.9,331.9,315.6
1762,30123,30102,proximal_dendrite,asymmetric,119.7,321.7,186.6
1763,30123,30114,spine,asymmetric,107.4,426.8,151.6
1764,30123,30114,spine,uncertain,90.1,462.0,157.3
1765,30123,30114,distal_dendrite,asymmetric,81.6,499.9,117.5
1766,30123,30118,proximal_dendrite,asymmetric,262.0,261.0,366.2
1767,30123,30121,spine,asymmetric,274.8,359.6,201.4
1768,30123,30121,spine,asymmetric,354.3,390.9,225.9
1769,30123,30146,proximal_dendrite,asymmetric,159.0,454.7,353.0
1770,30123,30146,proximal_dendrite,asymmetric,128.7,448.1,338.8
1771,30123,30146,distal_dendrite,asymmetric,141.6,481.7,376.4
1772,30123,30167,spine,asymmetric,341.6,283.9,187.9
1773,30123,30167,spine,asymmetric,311.8,297.6,169.3
1774,30123,30171,spine,asymmetric,308.4,400.5,419.2
1775,30124,30005,distal_dendrite,symmetric,352.9,149.4,30.5
1776,30124,30011,distal_dendrite,symmetric,321.0,103.2,248.3
1777,30124,30011,spine,symmetric,304.5,147.5,218.2
1778,30124,30011,distal_dendrite,symmetric,267.1,193.8,210.4
1779,30124,30011,distal_dendrite,symmetric,318.2,164.4,259.0
1780,30124,30011,distal_dendrite,uncertain,260.5,159.1,235.1
1781,30124,30011,distal_dendrite,symmetric,306.3,199.5,253.7
1782,30124,30011,uncertain,uncertain,298.1,184.3,296.7
1783,30124,30028,distal_dendrite,symmetric,390.2,111.7,223.9
1784,30124,30028,distal_dendrite,symmetric,374.4,185.8,198.3
1785,30124,30038,distal_dendrite,symmetric,416.9,213.6,116.1
1786,30124,30059,distal_dendrite,symmetric,365.8,154.5,184.8
1787,30124,30090,spine,uncertain,200.1,127.6,325.5
1788,30124,30090,distal_dendrite,symmetric,221.6,202.7,312.8
1789,30124,30094,distal_dendrite,symmetric,237.4,159.5,300.2
1790,30124,30094,distal_dendrite,uncertain,189.3,187.2,250.1
1791,30124,30094,distal_dendrite,symmetric,208.5,142.0,301.7
1792,30124,30094,distal_dendrite,symmetric,275.1,190.6,201.6
1793,30124,30094,distal_dendrite,symmetric,224.7,140.7,280.6
1794,30124,30099,spine,symmetric,269.0,134.8,128.8
1795,30124,30099,distal_dendrite,symmetric,307.8,129.9,134.9
1796,30124,30105,distal_dendrite,symmetric,303.6,305.6,127.9
1797,30124,30115,distal_dendrite,symmetric,262.7,492.4,85.5
1798,30124,30119,uncertain,uncertain,64.0,495.0,132.7
1799,30124,30119,distal_dendrite,symmetric,60.8,468.8,203.0
1800,30124,30127,spine,symmetric,167.2,170.0,82.3
1801,30124,30148,distal_dendrite,symmetric,284.6,119.9,256.5
1802,30124,30184,distal_dendrite,symmetric,75.3,219.7,153.3
1803,30124,30184,distal_dendrite,symmetric,110.7,266.5,143.0
1804,30125,30006,spine,asymmetric,381.3,202.3,287.4
1805,30125,30006,spine,asymmetric,301.4,224.9,361.3
1806,30125,30009,proximal_dendrite,asymmetric,210.1,385.1,241.0
1807,30125,30009,proximal_dendrite,asymmetric,257.7,343.4,164.0
1808,30125,30078,distal_dendrite,asymmetric,96.1,110.2,378.2
1809,30125,30078,spine,asymmetric,124.0,83.5,347.8
1810,30125,30082,spine,asymmetric,21.7,470.3,366.4
1811,30125,30118,soma,asymmetric,253.3,236.1,357.3
1812,30125,30122,proximal_dendrite,asymmetric,123.9,361.3,103.7
1813,30125,30197,spine,uncertain,353.5,369.8,181.5
1814,30125,30197,spine,asymmetric,388.8,399.5,115.5
1815,30125,30197,spine,asymmetric,354.7,376.3,120.6
1816,30125,30197,spine,asymmetric,412.2,361.1,204.2
1817,30125,30197,spine,asymmetric,377.0,355.0,161.8
1818,30126,30002,proximal_dendrite,asymmetric,257.5,368.7,92.9
1819,30126,30029,proximal_dendrite,asymmetric,320.9,259.3,-45.8
1820,30126,30029,proximal_dendrite,asymmetric,319.2,288.0,60.5
1821,30126,30029,spine,asymmetric,290.0,252.7,22.7
1822,30126,30040,spine,asymmetric,205.1,389.3,280.8
1823,30126,30134,proximal_dendrite,asymmetric,373.7,331.3,138.7
1824,30126,30136,spine,asymmetric,340.3,363.5,118.2
1825,30126,30136,spine,asymmetric,314.3,386.3,73.1
1826,30126,30136,spine,asymmetric,287.1,347.9,129.1
1827,30126,30136,spine,asymmetric,349.5,394.2,124.0
1828,30126,30168,proximal_dendrite,asymmetric,200.2,426.8,90.0
1829,30126,30194,soma,asymmetric,12.8,414.4,224.1
1830,30127,30029,spine,asymmetric,307.2,273.3,10.6
1831,30127,30029,proximal_dendrite,asymmetric,332.3,227.3,86.8
1832,30127,30029,spine,asymmetric,271.4,253.6,42.1
1833,30127,30030,distal_dendrite,asymmetric,403.2,139.9,18.1
1834,30127,30030,distal_dendrite,asymmetric,325.3,200.0,90.4
1835,30127,30064,spine,asymmetric,18.8,126.6,191.1
1836,30127,30071,spine,asymmetric,118.4,94.9,181.0
1837,30127,30104,spine,asymmetric,246.9,247.6,145.9
1838,30127,30104,spine,asymmetric,236.2,201.9,210.9
1839,30127,30131,distal_dendrite,asymmetric,190.3,295.7,-2.6
1840,30127,30131,distal_dendrite,asymmetric,277.6,298.4,-7.1
1841,30127,30148,spine,asymmetric,305.5,143.7,223.4
1842,30127,30148,spine,asymmetric,297.9,160.0,249.7
1843,30127,30167,spine,asymmetric,344.4,336.4,134.6
1844,30127,30169,proximal_dendrite,asymmetric,7.5,280.0,182.8
1845,30127,30170,spine,asymmetric,76.4,319.2,-25.4
1846,30127,30170,spine,asymmetric,35.9,346.9,-0.6
1847,30127,30170,spine,asymmetric,116.4,281.7,9.8
1848,30127,30179,proximal_dendrite,asymmetric,357.2,440.5,128.9
1849,30127,30179,proximal_dendrite,asymmetric,370.5,421.0,172.5
1850,30128,30049,proximal_dendrite,symmetric,13.3,196.2,224.5
1851,30128,30049,proximal_dendrite,symmetric,125.1,195.6,207.7
1852,30128,30049,distal_dendrite,symmetric,103.9,204.0,197.0
1853,30128,30049,proximal_dendrite,symmetric,75.7,196.2,192.6
1854,30128,30098,distal_dendrite,symmetric,195.3,446.0,18.0
1855,30128,30105,proximal_dendrite,symmetric,363.8,352.7,97.6
1856,30128,30105,uncertain,uncertain,424.7,321.5,185.4
1857,30128,30168,distal_dendrite,symmetric,188.5,461.7,71.5
1858,30128,30168,proximal_dendrite,symmetric,211.1,471.1,134.1
1859,30128,30168,distal_dendrite,symmetric,209.1,440.5,60.2
1860,30128,30168,uncertain,uncertain,235.6,478.2,102.0
1861,30128,30168,distal_dendrite,symmetric,241.7,458.1,85.2
1862,30129,30097,distal_dendrite,asymmetric,-29.6,385.4,232.5
1863,30129,30097,proximal_dendrite,asymmetric,0.7,410.7,174.7
1864,30129,30127,spine,asymmetric,144.7,203.8,-15.6
1865,30129,30137,proximal_dendrite,asymmetric,113.1,162.9,24.2
1866,30129,30137,proximal_dendrite,asymmetric,106.3,166.3,74.1
1867,30129,30157,proximal_dendrite,asymmetric,278.5,448.4,219.8
1868,30129,30196,distal_dendrite,asymmetric,62.5,342.8,197.9
1869,30130,30128,proximal_dendrite,asymmetric,180.9,448.4,129.6
1870,30130,30135,spine,asymmetric,146.1,106.0,70.0
1871,30130,30135,spine,uncertain,142.5,134.4,-2.0
1872,30130,30182,spine,asymmetric,150.4,266.8,5.4
1873,30130,30182,spine,asymmetric,178.7,244.6,33.2
1874,30130,30182,spine,asymmetric,192.0,259.6,24.5
1875,30130,30194,proximal_dendrite,asymmetric,2.5,370.9,244.0
1876,30130,30194,proximal_dendrite,asymmetric,56.0,395.3,221.4
1877,30130,30196,proximal_dendrite,asymmetric,49.5,360.5,202.5
1878,30131,30009,distal_dendrite,asymmetric,268.0,370.8,172.6
1879,30131,30032,proximal_dendrite,asymmetric,66.5,382.3,219.9
1880,30131,30035,distal_dendrite,asymmetric,43.4,333.0,131.6
1881,30131,30048,spine,asymmetric,187.8,272.1,298.9
1882,30131,30069,proximal_dendrite,asymmetric,401.5,414.9,368.2
1883,30131,30069,proximal_dendrite,asymmetric,386.0,404.9,338.3
1884,30131,30109,spine,asymmetric,318.1,150.0,213.9
1885,30131,30109,spine,asymmetric,303.0,119.9,200.3
1886,30131,30134,distal_dendrite,asymmetric,297.7,300.4,153.4
1887,30131,30182,spine,asymmetric,157.2,271.8,24.9
1888,30131,30182,spine,asymmetric,193.0,223.0,19.1
1889,30131,30182,spine,asymmetric,191.7,278.0,40.3
1890,30131,30182,distal_dendrite,uncertain,189.1,210.8,-25.4
1891,30131,30182,spine,asymmetric,211.0,255.8,-11.6
1892,30131,30182,spine,asymmetric,224.1,286.8,30.6
1893,30132,30016,soma,symmetric,402.7,289.2,334.0
1894,30132,30053,uncertain,uncertain,257.7,347.6,284.8
1895,30132,30053,soma,symmetric,266.9,459.3,294.7
1896,30132,30065,proximal_dendrite,symmetric,133.5,324.1,68.9
1897,30132,30070,proximal_dendrite,symmetric,187.2,421.4,35.5
1898,30132,30087,soma,symmetric,203.0,225.3,133.4
1899,30132,30087,soma,symmetric,168.5,258.4,95.2
1900,30132,30087,soma,symmetric,228.3,221.0,150.8
1901,30132,30101,soma,symmetric,-5.6,357.3,76.9
1902,30132,30108,distal_dendrite,symmetric,191.1,367.4,-3.8
1903,30132,30108,soma,symmetric,194.0,417.3,22.3
1904,30132,30127,soma,symmetric,147.5,171.1,61.2
1905,30132,30129,soma,symmetric,86.4,273.9,127.0
1906,30132,30129,distal_dendrite,symmetric,115.9,333.0,198.4
1907,30132,30129,distal_dendrite,symmetric,118.7,272.7,86.6
1908,30132,30131,soma,uncertain,292.8,291.4,25.5
1909,30132,30131,soma,symmetric,194.0,314.6,72.1
1910,30132,30138,soma,symmetric,308.6,131.7,413.6
1911,30132,30159,distal_dendrite,symmetric,14.8,483.3,-5.9
1912,30132,30169,distal_dendrite,symmetric,27.9,272.5,197.4
1913,30132,30169,soma,symmetric,61.4,325.0,169.4
1914,30132,30169,soma,symmetric,11.3,209.4,194.8
1915,30132,30174,distal_dendrite,symmetric,369.9,449.4,170.8
1916,30132,30175,proximal_dendrite,symmetric,49.5,318.2,332.8
1917,30132,30199,soma,symmetric,221.9,280.9,139.2
1918,30132,30199,soma,symmetric,186.7,296.3,121.5
1919,30132,30199,soma,uncertain,194.2,243.9,46.0
1920,30133,30032,distal_dendrite,asymmetric,88.2,373.8,205.9
1921,30133,30032,distal_dendrite,asymmetric,-12.2,435.9,258.0
1922,30133,30032,proximal_dendrite,asymmetric,58.1,387.5,271.2
1923,30133,30034,proximal_dendrite,asymmetric,162.0,300.4,283.3
1924,30133,30064,spine,asymmetric,-5.4,206.5,159.3
1925,30133,30070,distal_dendrite,asymmetric,164.8,404.1,76.4
1926,30133,30070,proximal_dendrite,asymmetric,206.4,449.7,29.6
1927,30133,30072,proximal_dendrite,asymmetric,81.0,426.9,299.1
1928,30133,30072,distal_dendrite,asymmetric,43.1,434.0,338.4
1929,30133,30118,proximal_dendrite,asymmetric,261.0,299.5,457.1
1930,30133,30142,proximal_dendrite,asymmetric,18.8,367.8,271.9
1931,30133,30142,distal_dendrite,asymmetric,44.1,371.0,178.3
1932,30133,30147,proximal_dendrite,asymmetric,145.1,419.6,132.4
1933,30133,30164,spine,asymmetric,344.1,362.8,158.7
1934,30133,30164,spine,asymmetric,362.5,356.9,100.4
1935,30133,30164,spine,uncertain,358.0,313.4,151.3
1936,30133,30164,distal_dendrite,asymmetric,323.2,348.1,89.3
1937,30133,30169,distal_dendrite,asymmetric,44.5,265.5,180.4
1938,30133,30169,distal_dendrite,asymmetric,47.8,312.2,220.3
1939,30133,30169,proximal_dendrite,asymmetric,63.3,201.1,202.9
1940,30134,30024,distal_dendrite,symmetric,343.0,410.9,221.2
1941,30134,30057,proximal_dendrite,symmetric,308.1,335.9,352.4
1942,30134,30066,proximal_dendrite,symmetric,217.7,396.6,52.2
1943,30134,30066,distal_dendrite,uncertain,244.5,414.5,18.6
1944,30134,30066,distal_dendrite,symmetric,227.4,404.6,-7.4
1945,30134,30066,distal_dendrite,symmetric,175.6,379.4,17.8
1946,30134,30066,proximal_dendrite,uncertain,218.6,505.7,-17.6
1947,30134,30066,distal_dendrite,symmetric,219.3,402.2,31.9
1948,30134,30163,proximal_dendrite,symmetric,57.5,346.2,316.5
1949,30135,30010,soma,asymmetric,167.6,133.3,99.2
1950,30135,30010,proximal_dendrite,asymmetric,120.3,194.5,177.6
1951,30135,30010,distal_dendrite,asymmetric,181.3,145.7,116.9
1952,30135,30024,distal_dendrite,asymmetric,388.7,432.8,264.6
1953,30135,30024,distal_dendrite,asymmetric,399.3,417.5,245.5
1954,30135,30050,spine,uncertain,39.3,177.2,202.9
1955,30135,30050,proximal_dendrite,asymmetric,95.7,201.6,194.6
1956,30135,30050,spine,asymmetric,82.4,178.2,214.1
1957,30135,30050,proximal_dendrite,asymmetric,93.8,157.9,199.0
1958,30135,30091,spine,asymmetric,92.8,175.8,355.2
1959,30135,30138,spine,asymmetric,252.7,185.5,400.0
1960,30135,30138,distal_dendrite,asymmetric,315.7,171.6,356.3
1961,30135,30142,distal_dendrite,uncertain,76.3,409.5,195.7
1962,30135,30142,soma,asymmetric,107.0,367.9,240.4
1963,30135,30147,distal_dendrite,asymmetric,123.3,373.8,152.8
1964,30135,30170,spine,asymmetric,89.1,342.8,52.3
1965,30135,30170,spine,asymmetric,89.7,316.1,5.5
1966,30135,30170,distal_dendrite,asymmetric,64.0,398.4,14.3
1967,30136,30001,distal_dendrite,asymmetric,142.0,494.4,202.8
1968,30136,30001,proximal_dendrite,asymmetric,124.3,510.8,271.0
1969,30136,30001,proximal_dendrite,asymmetric,120.9,451.4,239.8
1970,30136,30037,spine,asymmetric,190.8,429.5,42.6
1971,30136,30037,spine,uncertain,142.9,417.0,-15.5
1972,30136,30047,distal_dendrite,asymmetric,260.3,543.6,24.9
1973,30136,30047,proximal_dendrite,asymmetric,268.1,486.7,66.4
1974,30136,30093,proximal_dendrite,asymmetric,231.4,261.6,-5.1
1975,30136,30101,distal_dendrite,asymmetric,44.8,392.7,2.3
1976,30136,30106,spine,asymmetric,68.5,474.9,420.9
1977,30136,30106,spine,asymmetric,21.6,482.2,376.4
1978,30136,30106,spine,asymmetric,-2.8,482.3,400.3
1979,30136,30106,spine,asymmetric,23.9,507.7,375.7
1980,30136,30160,distal_dendrite,asymmetric,292.8,403.1,140.7
1981,30136,30179,proximal_dendrite,asymmetric,418.5,374.9,183.6
1982,30136,30179,proximal_dendrite,asymmetric,375.6,413.7,104.0
1983,30136,30179,proximal_dendrite,asymmetric,422.7,399.5,156.3
1984,30136,30179,proximal_dendrite,asymmetric,415.0,346.5,87.6
1985,30136,30179,distal_dendrite,asymmetric,355.0,447.1,137.4
1986,30136,30179,distal_dendrite,asymmetric,384.2,347.0,126.6
1987,30136,30179,distal_dendrite,asymmetric,376.7,411.4,194.7
1988,30136,30179,proximal_dendrite,asymmetric,429.5,371.9,129.8
1989,30136,30186,spine,asymmetric,216.3,395.0,49.1
1990,30137,30003,distal_dendrite,symmetric,119.0,241.8,142.4
1991,30137,30006,distal_dendrite,symmetric,396.1,251.0,380.2
1992,30137,30006,distal_dendrite,symmetric,390.8,264.8,457.1
1993,30137,30006,distal_dendrite,symmetric,347.2,210.9,368.4
1994,30137,30006,distal_dendrite,symmetric,355.8,214.9,374.6
1995,30137,30006,distal_dendrite,symmetric,362.6,207.7,366.7
1996,30137,30006,distal_dendrite,symmetric,385.1,213.0,400.0
1997,30137,30006,distal_dendrite,symmetric,340.7,207.0,350.2
1998,30137,30010,distal_dendrite,symmetric,184.9,183.2,75.4
1999,30137,30010,distal_dendrite,symmetric,141.7,107.9,148.9
2000,30137,30010,spine,uncertain,140.7,196.0,51.4
2001,30137,30024,distal_dendrite,symmetric,348.5,408.0,250.9
2002,30137,30024,distal_dendrite,symmetric,411.3,417.1,194.9
2003,30137,30074,distal_dendrite,symmetric,0.3,155.0,41.9
2004,30137,30076,distal_dendrite,symmetric,-19.1,235.7,143.6
2005,30137,30076,distal_dendrite,symmetric,57.5,245.9,194.9
2006,30137,30076,distal_dendrite,symmetric,42.9,224.7,167.7
2007,30137,30076,distal_dendrite,symmetric,4.9,174.6,215.4
2008,30137,30076,distal_dendrite,symmetric,3.9,197.4,212.3
2009,30137,30099,distal_dendrite,symmetric,291.4,146.3,137.5
2010,30137,30118,spine,symmetric,189.6,301.9,344.6
2011,30137,30118,distal_dendrite,symmetric,235.1,214.0,378.7
2012,30137,30118,distal_dendrite,symmetric,253.4,261.5,410.6
2013,30137,30133,distal_dendrite,symmetric,-16.5,319.9,232.6
2014,30137,30133,distal_dendrite,uncertain,25.9,314.5,236.2
2015,30137,30135,distal_dendrite,symmetric,151.5,131.7,77.2
2016,30137,30142,distal_dendrite,symmetric,79.7,329.1,204.4
2017,30137,30189,distal_dendrite,symmetric,98.0,169.2,244.2
2018,30137,30189,distal_dendrite,symmetric,118.4,123.9,268.4
2019,30137,30189,distal_dendrite,symmetric,135.7,136.0,213.9
2020,30137,30189,distal_dendrite,symmetric,85.0,130.4,255.1
2021,30137,30189,distal_dendrite,symmetric,88.5,165.7,257.3
2022,30137,30189,distal_dendrite,symmetric,69.0,143.9,257.7
2023,30137,30189,uncertain,uncertain,99.3,183.6,273.3
2024,30137,30189,uncertain,uncertain,115.3,112.2,276.3
2025,30138,30059,spine,asymmetric,396.6,136.9,257.0
2026,30138,30113,proximal_dendrite,asymmetric,225.2,160.9,356.3
2027,30138,30166,spine,asymmetric,174.5,256.0,376.9
2028,30139,30003,spine,asymmetric,81.9,248.5,108.1
2029,30139,30062,spine,asymmetric,151.3,81.6,182.0
2030,30139,30062,spine,asymmetric,138.4,44.8,189.4
2031,30139,30127,spine,uncertain,166.7,240.9,79.9
2032,30139,30149,spine,asymmetric,334.9,184.5,123.1
2033,30139,30196,distal_dendrite,asymmetric,91.5,377.2,246.8
2034,30139,30196,soma,asymmetric,112.8,460.9,238.2
2035,30139,30196,soma,asymmetric,40.8,409.6,203.4
2036,30139,30196,proximal_dendrite,uncertain,104.6,376.4,238.6
2037,30140,30006,distal_dendrite,symmetric,334.2,196.9,346.7
2038,30140,30006,distal_dendrite,symmetric,304.5,203.5,307.2
2039,30140,30006,distal_dendrite,symmetric,332.6,249.1,399.2
2040,30140,30006,distal_dendrite,symmetric,360.8,231.4,349.2
2041,30140,30006,distal_dendrite,symmetric,347.4,186.6,348.5
2042,30140,30006,distal_dendrite,symmetric,364.2,221.6,381.7
2043,30140,30006,distal_dendrite,symmetric,422.7,285.7,367.7
2044,30140,30006,distal_dendrite,symmetric,372.8,240.4,379.5
2045,30140,30007,distal_dendrite,symmetric,49.9,361.0,360.2
2046,30140,30007,distal_dendrite,symmetric,61.1,357.7,316.3
2047,30140,30064,distal_dendrite,symmetric,29.8,223.0,89.2
2048,30140,30064,uncertain,uncertain,10.6,189.0,179.4
2049,30140,30078,distal_dendrite,symmetric,107.2,152.9,313.5
2050,30140,30109,distal_dendrite,symmetric,299.8,92.1,236.1
2051,30140,30109,distal_dendrite,symmetric,352.5,141.1,190.4
2052,30140,30109,distal_dendrite,symmetric,352.7,128.8,246.6
2053,30140,30109,distal_dendrite,symmetric,359.9,169.7,245.5
2054,30140,30126,spine,symmetric,195.5,333.8,72.3
2055,30140,30126,distal_dendrite,symmetric,191.3,365.5,125.6
2056,30140,30148,distal_dendrite,symmetric,296.5,132.8,230.5
2057,30140,30148,distal_dendrite,symmetric,331.7,158.4,234.2
2058,30140,30166,distal_dendrite,symmetric,196.4,292.8,337.6
2059,30141,30020,proximal_dendrite,asymmetric,187.3,281.4,291.3
2060,30141,30091,spine,asymmetric,150.7,180.6,412.8
2061,30141,30118,distal_dendrite,asymmetric,216.1,287.1,413.6
2062,30141,30163,distal_dendrite,uncertain,48.1,287.6,228.5
2063,30141,30163,soma,asymmetric,33.7,292.1,341.7
2064,30141,30163,proximal_dendrite,asymmetric,47.3,329.9,300.5
2065,30141,30163,proximal_dendrite,uncertain,65.8,323.0,291.3
2066,30141,30163,soma,asymmetric,99.7,292.5,254.8
2067,30141,30187,proximal_dendrite,asymmetric,253.0,119.2,177.8
2068,30142,30017,proximal_dendrite,symmetric,50.0,333.8,185.6
2069,30142,30017,soma,symmetric,75.2,290.6,217.2
2070,30142,30017,soma,symmetric,118.6,289.4,214.3
2071,30142,30017,soma,symmetric,98.0,304.3,239.6
2072,30142,30017,proximal_dendrite,symmetric,48.6,294.2,218.2
2073,30142,30018,soma,symmetric,381.4,378.5,242.4
2074,30142,30019,soma,symmetric,31.1,520.4,198.5
2075,30142,30019,proximal_dendrite,symmetric,-23.3,416.6,181.4
2076,30142,30019,soma,symmetric,-11.5,496.2,179.6
2077,30142,30019,soma,symmetric,34.7,488.0,214.4
2078,30142,30049,soma,uncertain,57.1,200.9,205.1
2079,30142,30049,proximal_dendrite,symmetric,30.8,188.6,216.8
2080,30142,30049,proximal_dendrite,symmetric,25.4,222.1,182.2
2081,30142,30052,proximal_dendrite,symmetric,25.0,452.4,322.7
2082,30142,30060,uncertain,uncertain,45.1,440.5,359.3
2083,30142,30060,proximal_dendrite,symmetric,107.6,503.7,365.3
2084,30142,30076,proximal_dendrite,symmetric,12.9,225.5,216.9
2085,30142,30076,soma,symmetric,47.8,248.2,140.4
2086,30142,30076,proximal_dendrite,symmetric,12.1,239.1,172.9
2087,30142,30076,proximal_dendrite,symmetric,70.1,224.2,197.3
2088,30142,30076,soma,symmetric,-9.5,234.2,189.5
2089,30142,30082,proximal_dendrite,symmetric,53.1,442.8,315.9
2090,30142,30086,soma,symmetric,110.7,182.1,321.7
2091,30142,30086,proximal_dendrite,symmetric,119.3,209.5,318.9
2092,30142,30093,distal_dendrite,symmetric,245.5,288.2,-56.6
2093,30142,30100,proximal_dendrite,symmetric,87.1,205.3,91.2
2094,30142,30100,soma,symmetric,-1.3,177.5,72.3
2095,30142,30100,soma,symmetric,53.2,153.4,94.8
2096,30142,30106,proximal_dendrite,symmetric,68.3,496.1,364.9
2097,30142,30110,soma,uncertain,314.4,274.7,289.9
2098,30142,30116,proximal_dendrite,symmetric,335.6,55.7,0.4
2099,30142,30130,soma,symmetric,107.2,384.9,261.7
2100,30142,30133,proximal_dendrite,symmetric,8.3,361.8,281.7
2101,30142,30133,soma,symmetric,-4.3,324.8,233.6
2102,30142,30133,soma,symmetric,24.8,348.1,246.6
2103,30142,30139,soma,symmetric,54.7,376.8,158.0
2104,30142,30184,distal_dendrite,symmetric,109.1,261.0,204.4
2105,30142,30184,soma,symmetric,180.7,279.7,143.5
2106,30142,30197,soma,symmetric,364.2,382.9,167.4
2107,30142,30199,soma,symmetric,219.9,261.3,95.9
2108,30142,30199,distal_dendrite,symmetric,184.4,216.7,74.1
2109,30142,30199,distal_dendrite,symmetric,190.3,239.6,97.8
2110,30143,30093,spine,asymmetric,214.0,316.4,-2.0
2111,30143,30093,spine,asymmetric,260.1,292.7,-15.8
2112,30143,30093,spine,asymmetric,312.5,320.0,-1.5
2113,30143,30093,spine,asymmetric,227.0,283.2,-50.0
2114,30143,30093,distal_dendrite,asymmetric,306.0,291.8,5.5
2115,30143,30102,proximal_dendrite,asymmetric,159.9,269.0,217.1
2116,30143,30102,proximal_dendrite,asymmetric,156.9,298.4,200.9
2117,30143,30102,proximal_dendrite,asymmetric,129.6,321.5,208.2
2118,30143,30102,proximal_dendrite,asymmetric,130.5,308.7,199.5
2119,30143,30136,spine,asymmetric,299.1,390.1,105.5
2120,30143,30136,spine,asymmetric,327.7,429.5,54.7
2121,30143,30136,spine,asymmetric,316.6,338.8,100.8
2122,30143,30164,spine,asymmetric,334.8,293.1,95.2
2123,30144,30083,distal_dendrite,asymmetric,130.0,282.0,211.0
2124,30144,30098,distal_dendrite,asymmetric,224.6,462.5,41.3
2125,30144,30098,distal_dendrite,asymmetric,146.3,470.9,48.8
2126,30144,30107,spine,asymmetric,232.2,305.4,62.7
2127,30144,30107,spine,asymmetric,245.9,285.9,16.0
2128,30144,30154,spine,asymmetric,74.9,197.4,307.5
2129,30144,30163,distal_dendrite,asymmetric,48.4,310.7,350.0
2130,30144,30184,distal_dendrite,asymmetric,134.2,185.8,159.9
2131,30144,30186,spine,asymmetric,149.7,367.2,57.2
2132,30145,30018,proximal_dendrite,asymmetric,373.3,365.1,158.3
2133,30145,30018,spine,asymmetric,383.9,400.0,219.4
2134,30145,30018,spine,asymmetric,368.8,415.4,267.5
2135,30145,30018,spine,uncertain,320.4,395.1,238.3
2136,30145,30050,spine,asymmetric,94.7,127.9,234.8
2137,30145,30050,spine,asymmetric,86.3,205.0,215.9
2138,30145,30050,spine,asymmetric,73.0,155.5,268.7
2139,30145,30065,spine,asymmetric,147.3,375.3,49.8
2140,30145,30093,distal_dendrite,asymmetric,238.8,267.9,-7.4
2141,30145,30093,spine,asymmetric,218.8,271.1,10.2
2142,30145,30093,spine,asymmetric,212.8,237.2,34.4
2143,30145,30111,proximal_dendrite,asymmetric,206.7,430.1,28.9
2144,30145,30121,spine,asymmetric,294.3,431.0,246.9
2145,30145,30129,spine,uncertain,107.2,289.8,141.4
2146,30145,30148,spine,uncertain,277.7,154.0,259.3
2147,30145,30168,proximal_dendrite,asymmetric,195.2,393.4,42.4
2148,30145,30168,proximal_dendrite,asymmetric,203.2,423.1,14.4
2149,30145,30168,proximal_dendrite,asymmetric,195.8,499.8,90.8
2150,30145,30185,spine,asymmetric,100.2,491.1,71.7
2151,30146,30005,proximal_dendrite,symmetric,389.9,147.3,23.9
2152,30146,30015,soma,symmetric,103.3,431.4,337.9
2153,30146,30015,soma,symmetric,65.7,451.6,216.3
2154,30146,30021,soma,symmetric,-15.4,475.5,192.8
2155,30146,30021,soma,symmetric,38.9,504.0,197.2
2156,30146,30021,soma,symmetric,-7.9,487.3,195.7
2157,30146,30025,soma,symmetric,189.3,407.8,233.3
2158,30146,30034,uncertain,uncertain,112.8,327.2,317.8
2159,30146,30034,proximal_dendrite,symmetric,120.3,302.5,328.8
2160,30146,30035,proximal_dendrite,symmetric,51.4,374.2,204.6
2161,30146,30052,soma,symmetric,67.0,381.6,345.1
2162,30146,30052,proximal_dendrite,symmetric,24.6,476.1,374.0
2163,30146,30052,soma,symmetric,98.9,424.3,344.1
2164,30146,30058,distal_dendrite,symmetric,225.1,232.3,74.7
2165,30146,30060,distal_dendrite,symmetric,120.3,443.9,358.2
2166,30146,30060,soma,symmetric,125.8,468.9,328.5
2167,30146,30085,distal_dendrite,symmetric,187.3,329.0,309.3
2168,30146,30098,soma,symmetric,188.1,430.3,26.1
2169,30146,30106,proximal_dendrite,symmetric,42.8,514.6,344.2
2170,30146,30106,soma,symmetric,34.3,482.7,371.4
2171,30146,30108,distal_dendrite,symmetric,223.1,404.9,16.4
2172,30146,30119,proximal_dendrite,symmetric,101.5,512.9,213.0
2173,30146,30130,soma,symmetric,74.3,417.0,228.6
2174,30146,30130,proximal_dendrite,symmetric,85.8,442.2,217.7
2175,30146,30145,proximal_dendrite,symmetric,221.2,530.4,161.7
2176,30147,30019,proximal_dendrite,symmetric,34.5,455.1,162.0
2177,30147,30019,proximal_dendrite,symmetric,10.0,436.1,159.3
2178,30147,30037,soma,symmetric,158.9,473.1,65.7
2179,30147,30037,soma,symmetric,148.5,464.9,23.3
2180,30147,30037,soma,uncertain,100.8,502.2,38.9
2181,30147,30037,proximal_dendrite,uncertain,96.3,467.1,62.1
2182,30147,30081,distal_dendrite,symmetric,153.2,145.9,71.4
2183,30147,30081,proximal_dendrite,uncertain,161.8,115.2,22.9
2184,30147,30094,proximal_dendrite,symmetric,178.5,170.5,311.5
2185,30147,30098,proximal_dendrite,symmetric,184.2,469.3,32.9
2186,30147,30100,proximal_dendrite,symmetric,27.2,165.1,101.8
2187,30147,30114,soma,symmetric,104.6,438.0,110.9
2188,30147,30117,proximal_dendrite,symmetric,160.0,119.3,146.2
2189,30147,30122,soma,uncertain,140.7,446.6,60.6
2190,30147,30122,soma,symmetric,127.8,414.0,91.4
2191,30147,30133,soma,symmetric,-21.1,341.5,278.9
2192,30147,30133,soma,symmetric,12.1,331.0,234.6
2193,30147,30133,proximal_dendrite,symmetric,65.1,310.1,234.6
2194,30147,30144,soma,symmetric,167.5,194.2,128.1
2195,30147,30151,soma,uncertain,314.4,307.5,229.4
2196,30147,30151,soma,symmetric,306.7,339.6,278.7
2197,30147,30151,soma,symmetric,308.7,420.0,259.8
2198,30147,30156,soma,symmetric,165.2,479.4,168.4
2199,30147,30156,soma,symmetric,164.7,478.7,145.8
2200,30147,30156,proximal_dendrite,uncertain,136.4,441.6,178.4
2201,30147,30167,distal_dendrite,symmetric,348.4,305.6,147.0
2202,30147,30167,soma,symmetric,302.4,351.8,165.1
2203,30147,30181,proximal_dendrite,symmetric,169.3,467.7,80.0
2204,30147,30181,proximal_dendrite,symmetric,160.2,479.9,71.7
2205,30147,30181,proximal_dendrite,symmetric,197.8,441.6,92.9
2206,30147,30181,soma,symmetric,189.4,466.7,71.8
2207,30147,30185,soma,symmetric,150.9,520.4,83.0
2208,30147,30185,proximal_dendrite,symmetric,165.6,448.4,101.0
2209,30147,30191,proximal_dendrite,symmetric,227.8,382.5,287.5
2210,30147,30197,soma,symmetric,371.0,337.9,232.4
2211,30148,30069,soma,asymmetric,408.9,362.7,371.5
2212,30148,30069,proximal_dendrite,asymmetric,305.7,351.2,366.6
2213,30148,30080,proximal_dendrite,asymmetric,145.6,226.3,231.5
2214,30148,30080,distal_dendrite,asymmetric,104.1,255.7,208.6
2215,30149,30041,proximal_dendrite,uncertain,206.8,496.8,86.8
2216,30149,30041,distal_dendrite,asymmetric,181.7,497.6,100.7
2217,30149,30041,proximal_dendrite,asymmetric,180.2,509.1,96.2
2218,30149,30041,soma,asymmetric,155.4,502.2,51.4
2219,30149,30041,soma,asymmetric,160.7,469.9,80.5
2220,30149,30041,distal_dendrite,asymmetric,185.7,463.9,77.5
2221,30149,30041,proximal_dendrite,asymmetric,156.4,469.9,123.9
2222,30149,30057,proximal_dendrite,asymmetric,386.2,334.2,300.7
2223,30149,30057,distal_dendrite,asymmetric,352.7,391.1,292.1
2224,30149,30057,proximal_dendrite,asymmetric,338.3,345.4,363.5
2225,30149,30057,proximal_dendrite,asymmetric,318.3,366.3,376.3
2226,30149,30057,proximal_dendrite,asymmetric,342.8,354.8,322.6
2227,30149,30150,spine,asymmetric,361.2,248.7,157.1
2228,30149,30150,spine,asymmetric,359.7,262.5,171.9
2229,30149,30150,spine,asymmetric,266.1,293.3,154.2
2230,30149,30150,spine,asymmetric,373.6,288.4,193.8
2231,30149,30175,spine,asymmetric,76.7,331.6,329.1
2232,30149,30175,spine,asymmetric,42.0,388.4,313.1
2233,30150,30009,distal_dendrite,asymmetric,237.6,346.6,130.8
2234,30150,30009,proximal_dendrite,asymmetric,199.9,346.0,201.4
2235,30150,30092,spine,asymmetric,356.5,185.3,295.0
2236,30150,30092,distal_dendrite,asymmetric,400.3,211.6,279.8
2237,30150,30092,spine,asymmetric,356.2,183.2,262.9
2238,30150,30092,spine,asymmetric,375.3,190.0,258.4
2239,30150,30116,spine,asymmetric,372.8,126.0,-6.5
2240,30150,30116,spine,asymmetric,335.0,169.5,81.7
2241,30150,30116,distal_dendrite,asymmetric,330.3,135.4,69.9
2242,30150,30161,spine,asymmetric,308.6,245.3,269.1
2243,30150,30161,distal_dendrite,asymmetric,324.6,249.4,248.1
2244,30151,30002,distal_dendrite,asymmetric,268.1,435.1,94.1
2245,30151,30002,distal_dendrite,asymmetric,263.7,348.5,109.4
2246,30151,30020,distal_dendrite,asymmetric,219.7,237.2,331.1
2247,30151,30020,distal_dendrite,asymmetric,164.3,300.7,322.1
2248,30151,30020,proximal_dendrite,asymmetric,196.5,252.0,330.9
2249,30151,30020,proximal_dendrite,asymmetric,212.3,278.1,336.2
2250,30151,30020,distal_dendrite,asymmetric,242.9,236.2,264.3
2251,30151,30020,distal_dendrite,asymmetric,166.0,273.4,368.0
2252,30151,30021,spine,asymmetric,25.1,479.4,171.5
2253,30151,30040,spine,asymmetric,192.9,443.4,205.3
2254,30151,30045,spine,asymmetric,237.6,230.7,134.0
2255,30151,30048,proximal_dendrite,asymmetric,118.6,230.3,271.6
2256,30151,30048,spine,asymmetric,169.2,237.5,267.2
2257,30151,30071,distal_dendrite,asymmetric,212.8,72.7,128.6
2258,30151,30118,distal_dendrite,asymmetric,289.5,272.9,377.7
2259,30151,30124,proximal_dendrite,asymmetric,347.9,144.1,143.2
2260,30151,30124,proximal_dendrite,asymmetric,345.9,108.0,134.5
2261,30151,30124,distal_dendrite,asymmetric,381.2,174.9,155.8
2262,30151,30124,soma,asymmetric,362.1,175.0,136.0
2263,30151,30124,distal_dendrite,asymmetric,376.6,155.8,178.0
2264,30151,30179,proximal_dendrite,asymmetric,331.4,372.0,207.4
2265,30151,30179,proximal_dendrite,asymmetric,446.8,401.0,92.2
2266,30151,30179,distal_dendrite,asymmetric,374.9,431.6,197.1
2267,30151,30179,soma,asymmetric,350.8,386.4,169.8
2268,30151,30191,spine,uncertain,153.9,412.2,322.2
2269,30151,30199,spine,asymmetric,198.0,256.5,124.6
2270,30151,30199,distal_dendrite,asymmetric,213.1,273.6,83.4
2271,30152,30140,distal_dendrite,asymmetric,11.1,295.3,373.8
2272,30153,30036,spine,asymmetric,139.0,252.4,395.6
2273,30153,30036,spine,uncertain,86.8,302.6,408.9
2274,30153,30036,spine,asymmetric,61.0,358.8,308.0
2275,30153,30036,spine,asymmetric,63.5,251.6,341.5
2276,30153,30069,proximal_dendrite,asymmetric,354.5,433.9,362.6
2277,30153,30078,spine,asymmetric,115.3,149.3,373.7
2278,30153,30080,distal_dendrite,asymmetric,134.3,284.1,192.2
2279,30153,30080,distal_dendrite,asymmetric,151.0,326.6,210.8
2280,30153,30090,spine,uncertain,273.0,273.8,306.0
2281,30153,30100,spine,asymmetric,-3.1,186.2,162.1
2282,30153,30100,spine,asymmetric,80.6,199.0,99.3
2283,30153,30140,distal_dendrite,asymmetric,34.2,308.6,349.2
2284,30153,30140,soma,asymmetric,73.0,313.2,342.9
2285,30153,30140,distal_dendrite,asymmetric,80.9,342.1,427.2
2286,30153,30140,proximal_dendrite,asymmetric,14.0,286.3,313.5
2287,30154,30100,spine,asymmetric,42.0,168.6,110.8
2288,30154,30100,spine,uncertain,-14.0,194.8,95.8
2289,30154,30100,spine,asymmetric,28.6,176.3,124.3
2290,30154,30127,spine,asymmetric,105.7,188.6,80.2
2291,30154,30127,spine,asymmetric,174.9,179.2,94.5
2292,30154,30127,spine,asymmetric,244.6,169.8,52.1
2293,30154,30127,distal_dendrite,asymmetric,167.1,148.8,59.5
2294,30154,30140,distal_dendrite,asymmetric,33.9,345.6,350.5
2295,30154,30183,spine,asymmetric,159.0,253.0,342.0
2296,30154,30183,spine,asymmetric,129.3,213.6,340.7
2297,30154,30183,spine,asymmetric,119.3,164.2,301.6
2298,30154,30183,spine,asymmetric,162.6,196.8,338.3
2299,30154,30183,spine,asymmetric,119.9,232.9,286.9
2300,30155,30010,proximal_dendrite,asymmetric,166.0,176.7,90.5
2301,30155,30010,soma,asymmetric,224.2,125.3,96.6
2302,30155,30010,distal_dendrite,asymmetric,127.9,159.6,131.2
2303,30155,30010,proximal_dendrite,asymmetric,139.2,122.9,101.5
2304,30155,30010,proximal_dendrite,asymmetric,156.6,117.8,136.9
2305,30155,30034,soma,asymmetric,142.1,319.0,283.7
2306,30155,30113,proximal_dendrite,asymmetric,238.5,178.3,302.0
2307,30155,30113,distal_dendrite,asymmetric,226.3,159.0,393.4
2308,30155,30182,spine,asymmetric,170.6,267.3,-37.2
2309,30155,30182,spine,asymmetric,166.1,260.2,14.8
2310,30155,30187,proximal_dendrite,asymmetric,217.3,137.7,174.6
2311,30155,30196,proximal_dendrite,asymmetric,79.7,379.0,230.4
2312,30156,30022,proximal_dendrite,asymmetric,398.8,447.6,231.0
2313,30156,30046,proximal_dendrite,asymmetric,209.7,487.0,178.7
2314,30156,30056,proximal_dendrite,asymmetric,244.9,477.2,104.7
2315,30156,30105,spine,asymmetric,352.4,320.5,167.6
2316,30156,30190,proximal_dendrite,asymmetric,240.6,351.2,186.7
2317,30156,30194,proximal_dendrite,asymmetric,46.1,383.3,228.4
2318,30156,30194,distal_dendrite,asymmetric,-28.3,408.3,208.6
2319,30156,30194,soma,uncertain,40.7,421.7,225.5
2320,30156,30194,soma,asymmetric,37.9,369.2,249.3
2321,30157,30018,distal_dendrite,symmetric,355.2,423.2,124.4
2322,30157,30023,distal_dendrite,symmetric,124.7,432.8,124.7
2323,30157,30025,distal_dendrite,symmetric,141.5,375.1,340.3
2324,30157,30025,distal_dendrite,symmetric,174.4,396.9,253.1
2325,30157,30025,distal_dendrite,symmetric,187.0,415.1,255.3
2326,30157,30025,distal_dendrite,symmetric,181.8,397.5,255.1
2327,30157,30039,distal_dendrite,symmetric,99.0,432.3,11.6
2328,30157,30039,distal_dendrite,symmetric,157.2,441.1,62.0
2329,30157,30047,distal_dendrite,symmetric,303.0,502.7,41.4
2330,30157,30047,distal_dendrite,symmetric,284.6,479.7,13.8
2331,30157,30050,distal_dendrite,symmetric,53.9,198.1,225.4
2332,30157,30050,distal_dendrite,symmetric,25.9,195.9,187.6
2333,30157,30050,distal_dendrite,symmetric,38.7,214.2,269.3
2334,30157,30050,distal_dendrite,symmetric,85.4,181.2,201.6
2335,30157,30050,distal_dendrite,symmetric,66.6,168.5,276.4
2336,30157,30119,distal_dendrite,symmetric,84.1,507.9,232.8
2337,30157,30119,distal_dendrite,symmetric,88.4,509.6,232.4
2338,30157,30119,distal_dendrite,symmetric,26.8,498.4,188.2
2339,30157,30121,distal_dendrite,symmetric,379.7,361.0,219.1
2340,30157,30125,distal_dendrite,symmetric,343.1,463.6,341.0
2341,30157,30125,distal_dendrite,symmetric,277.5,411.4,342.3
2342,30157,30145,distal_dendrite,symmetric,248.9,474.5,190.5
2343,30157,30165,distal_dendrite,symmetric,393.2,336.0,68.3
2344,30157,30167,distal_dendrite,symmetric,262.4,317.8,225.7
2345,30157,30171,distal_dendrite,symmetric,339.0,398.7,363.0
2346,30157,30171,distal_dendrite,uncertain,387.0,418.0,390.6
2347,30157,30172,distal_dendrite,symmetric,342.9,388.8,213.8
2348,30157,30172,uncertain,uncertain,403.5,325.2,229.6
2349,30157,30174,uncertain,uncertain,488.8,422.3,250.5
2350,30157,30174,distal_dendrite,symmetric,410.4,398.9,258.5
2351,30157,30178,distal_dendrite,symmetric,228.8,461.4,180.2
2352,30157,30190,distal_dendrite,symmetric,265.6,397.7,151.2
2353,30158,30005,spine,asymmetric,290.4,118.2,36.1
2354,30158,30022,soma,uncertain,335.1,433.8,234.3
2355,30158,30022,proximal_dendrite,asymmetric,390.2,473.7,199.0
2356,30158,30024,proximal_dendrite,asymmetric,408.6,478.4,217.8
2357,30158,30024,proximal_dendrite,asymmetric,380.9,383.8,219.0
2358,30158,30054,spine,asymmetric,91.0,246.9,306.4
2359,30158,30054,distal_dendrite,asymmetric,83.2,255.4,358.0
2360,30158,30123,spine,asymmetric,275.2,464.8,351.5
2361,30158,30127,spine,asymmetric,143.9,164.2,78.9
2362,30158,30127,spine,asymmetric,157.3,222.4,38.7
2363,30158,30127,spine,asymmetric,179.1,234.9,85.2
2364,30158,30127,spine,asymmetric,164.6,275.0,43.8
2365,30158,30144,distal_dendrite,asymmetric,192.2,201.7,119.2
2366,30158,30148,spine,uncertain,314.1,171.6,233.2
2367,30158,30154,spine,asymmetric,111.5,236.7,351.3
2368,30158,30154,spine,asymmetric,109.7,338.1,356.5
2369,30158,30154,spine,asymmetric,101.6,331.1,301.2
2370,30158,30156,distal_dendrite,asymmetric,225.7,455.7,136.7
2371,30158,30179,proximal_dendrite,asymmetric,335.2,371.0,114.8
2372,30158,30179,distal_dendrite,asymmetric,396.3,377.0,106.4
2373,30159,30019,spine,symmetric,48.2,406.1,115.1
2374,30159,30022,distal_dendrite,symmetric,374.1,457.3,266.0
2375,30159,30022,uncertain,uncertain,398.4,459.9,239.5
2376,30159,30061,distal_dendrite,symmetric,50.6,193.3,84.3
2377,30159,30115,distal_dendrite,symmetric,254.9,484.1,70.3
2378,30159,30186,uncertain,uncertain,202.1,379.6,71.8
2379,30159,30186,distal_dendrite,symmetric,150.5,347.9,27.6
2380,30159,30186,distal_dendrite,uncertain,218.2,394.4,47.5
2381,30159,30186,spine,symmetric,205.2,355.1,-6.6
2382,30159,30199,uncertain,uncertain,237.0,254.8,109.7
2383,30160,30018,uncertain,uncertain,357.1,408.4,158.5
2384,30160,30018,distal_dendrite,uncertain,405.1,400.9,211.7
2385,30160,30028,soma,symmetric,460.4,184.7,206.2
2386,30160,30028,soma,symmetric,408.1,96.4,237.1
2387,30160,30065,soma,symmetric,213.4,372.5,38.3
2388,30160,30065,soma,symmetric,123.8,328.9,40.4
2389,30160,30092,soma,symmetric,364.2,179.5,330.5
2390,30160,30093,proximal_dendrite,symmetric,259.9,288.1,22.5
2391,30160,30093,soma,symmetric,296.8,319.7,8.2
2392,30160,30093,uncertain,uncertain,279.6,297.5,-3.6
2393,30160,30093,soma,symmetric,283.9,298.2,-43.0
2394,30160,30108,distal_dendrite,symmetric,239.7,370.2,76.3
2395,30160,30108,uncertain,uncertain,228.4,365.7,50.7
2396,30160,30108,soma,uncertain,288.1,390.1,47.2
2397,30160,30115,proximal_dendrite,uncertain,298.2,459.0,65.3
2398,30160,30125,proximal_dendrite,symmetric,350.0,420.8,319.5
2399,30160,30125,soma,uncertain,267.8,462.1,362.6
2400,30160,30125,proximal_dendrite,symmetric,298.0,374.0,349.0
2401,30160,30125,uncertain,uncertain,292.6,373.0,299.6
2402,30160,30125,uncertain,uncertain,302.8,405.0,318.3
2403,30160,30125,uncertain,uncertain,275.8,469.6,349.6
2404,30160,30125,distal_dendrite,symmetric,268.5,440.4,316.9
2405,30160,30127,soma,symmetric,157.3,142.2,53.1
2406,30160,30127,soma,symmetric,165.1,196.2,63.4
2407,30160,30127,proximal_dendrite,symmetric,175.0,201.1,75.4
2408,30160,30145,soma,symmetric,244.0,447.6,149.1
2409,30160,30148,uncertain,uncertain,324.3,130.9,260.3
2410,30160,30150,soma,symmetric,345.8,262.8,184.8
2411,30160,30151,soma,symmetric,405.6,443.2,229.0
2412,30160,30152,soma,symmetric,404.9,309.9,282.1
2413,30160,30165,soma,symmetric,396.5,368.0,3.3
2414,30160,30173,proximal_dendrite,symmetric,214.1,177.1,355.8
2415,30160,30191,soma,symmetric,144.2,468.4,281.1
2416,30160,30191,proximal_dendrite,symmetric,187.7,454.1,209.5
2417,30160,30195,soma,symmetric,347.6,387.1,22.0
2418,30160,30197,uncertain,uncertain,359.9,359.9,163.2
2419,30160,30197,distal_dendrite,symmetric,385.5,363.0,188.5
2420,30160,30197,proximal_dendrite,symmetric,380.6,388.1,202.0
2421,30161,30014,distal_dendrite,asymmetric,317.2,120.6,276.3
2422,30161,30014,distal_dendrite,asymmetric,247.4,75.8,231.6
2423,30161,30014,spine,asymmetric,272.4,103.0,232.1
2424,30161,30014,spine,asymmetric,237.6,112.7,267.2
2425,30161,30014,spine,asymmetric,286.6,127.6,223.7
2426,30161,30016,spine,asymmetric,412.5,289.1,350.5
2427,30161,30016,spine,asymmetric,386.3,255.6,402.6
2428,30161,30020,proximal_dendrite,asymmetric,242.8,284.2,317.5
2429,30161,30020,distal_dendrite,asymmetric,227.1,211.3,327.4
2430,30161,30157,soma,asymmetric,338.4,464.0,220.0
2431,30161,30157,proximal_dendrite,asymmetric,283.8,431.2,254.7
2432,30161,30200,spine,asymmetric,386.2,110.6,2.8
2433,30161,30200,spine,asymmetric,394.1,118.1,20.2
2434,30161,30200,spine,asymmetric,349.2,165.5,22.7
2435,30161,30200,spine,asymmetric,370.1,128.5,35.2
2436,30161,30200,proximal_dendrite,asymmetric,361.9,178.3,77.2
2437,30161,30200,spine,asymmetric,395.0,154.1,35.4
2438,30162,30005,spine,asymmetric,317.7,120.3,10.9
2439,30162,30005,spine,asymmetric,375.1,154.3,-8.5
2440,30162,30005,spine,asymmetric,327.2,123.7,14.8
2441,30162,30005,spine,asymmetric,362.4,152.2,-11.6
2442,30162,30073,distal_dendrite,asymmetric,187.7,119.0,170.1
2443,30162,30083,distal_dendrite,asymmetric,108.6,266.3,236.5
2444,30162,30083,distal_dendrite,asymmetric,102.4,296.6,254.9
2445,30162,30083,spine,asymmetric,104.5,299.2,252.6
2446,30162,30083,spine,asymmetric,88.3,290.0,199.4
2447,30162,30102,distal_dendrite,asymmetric,170.8,274.5,198.3
2448,30162,30102,proximal_dendrite,asymmetric,104.7,270.0,200.7
2449,30163,30010,proximal_dendrite,symmetric,163.4,103.7,100.3
2450,30163,30032,proximal_dendrite,uncertain,50.8,384.0,177.8
2451,30163,30046,proximal_dendrite,symmetric,224.4,455.2,220.1
2452,30163,30046,distal_dendrite,symmetric,265.1,488.6,188.8
2453,30163,30046,distal_dendrite,symmetric,246.2,444.7,257.4
2454,30163,30046,proximal_dendrite,symmetric,239.6,471.6,171.1
2455,30163,30046,distal_dendrite,symmetric,250.0,425.3,171.7
2456,30163,30046,distal_dendrite,symmetric,260.7,451.4,184.2
2457,30163,30046,uncertain,uncertain,274.5,515.1,187.1
2458,30163,30134,distal_dendrite,uncertain,391.6,273.7,152.2
2459,30163,30134,distal_dendrite,symmetric,368.5,299.5,151.8
2460,30163,30134,distal_dendrite,symmetric,313.7,299.5,174.5
2461,30163,30140,distal_dendrite,symmetric,68.5,287.8,325.0
2462,30164,30002,soma,asymmetric,285.0,466.6,65.5
2463,30164,30030,proximal_dendrite,asymmetric,281.0,141.9,112.0
2464,30164,30030,proximal_dendrite,asymmetric,302.2,165.8,70.3
2465,30164,30030,distal_dendrite,asymmetric,343.1,163.3,106.3
2466,30164,30030,distal_dendrite,asymmetric,297.9,126.4,109.5
2467,30164,30048,spine,asymmetric,125.3,266.3,262.4
2468,30164,30048,spine,uncertain,121.4,268.5,315.0
2469,30164,30048,spine,asymmetric,117.8,271.9,297.6
2470,30164,30135,spine,asymmetric,150.6,78.6,44.2
2471,30164,30135,spine,uncertain,129.5,162.0,13.9
2472,30164,30135,spine,asymmetric,144.4,60.7,80.3
2473,30164,30135,spine,asymmetric,182.1,105.9,1.7
2474,30164,30139,spine,asymmetric,-42.7,357.6,120.8
2475,30164,30139,spine,asymmetric,5.4,332.6,103.9
2476,30164,30182,spine,asymmetric,149.0,230.0,-33.4
2477,30164,30182,spine,asymmetric,212.2,248.3,12.6
2478,30165,30002,proximal_dendrite,asymmetric,273.4,409.0,143.4
2479,30165,30024,soma,asymmetric,373.8,394.4,212.7
2480,30165,30032,distal_dendrite,asymmetric,28.5,386.3,237.5
2481,30165,30032,proximal_dendrite,uncertain,65.9,392.3,262.4
2482,30166,30020,distal_dendrite,asymmetric,172.3,248.4,338.9
2483,30166,30036,distal_dendrite,asymmetric,130.5,308.3,329.4
2484,30166,30036,spine,asymmetric,91.3,278.7,314.5
2485,30166,30036,distal_dendrite,asymmetric,121.6,338.2,369.2
2486,30166,30036,distal_dendrite,asymmetric,119.0,275.2,300.5
2487,30166,30036,spine,asymmetric,143.9,283.5,382.1
2488,30166,30091,spine,asymmetric,145.1,130.0,374.0
2489,30166,30091,spine,asymmetric,93.4,116.7,426.0
2490,30166,30104,spine,asymmetric,244.6,209.2,198.3
2491,30166,30104,spine,asymmetric,235.5,244.2,205.1
2492,30166,30104,spine,asymmetric,194.2,225.3,206.2
2493,30166,30104,spine,asymmetric,231.8,242.8,164.6
2494,30166,30104,spine,asymmetric,240.3,216.5,200.3
2495,30166,30175,spine,asymmetric,-5.6,290.4,343.6
2496,30166,30175,spine,asymmetric,57.7,298.0,314.0
2497,30166,30176,distal_dendrite,asymmetric,181.9,195.5,368.0
2498,30167,30006,spine,asymmetric,339.3,239.7,308.2
2499,30167,30022,proximal_dendrite,asymmetric,364.4,473.3,251.3
2500,30167,30045,spine,asymmetric,255.2,254.7,147.2
2501,30167,30045,spine,asymmetric,335.4,276.4,213.9
2502,30167,30045,spine,asymmetric,326.5,280.9,100.6
2503,30167,30045,spine,asymmetric,290.3,378.8,76.4
2504,30167,30045,spine,asymmetric,251.6,243.9,115.8
2505,30167,30073,proximal_dendrite,asymmetric,188.9,156.9,143.0
2506,30167,30073,spine,asymmetric,179.7,74.5,142.4
2507,30167,30073,spine,asymmetric,160.3,95.1,110.3
2508,30167,30086,spine,asymmetric,118.3,188.1,335.6
2509,30167,30086,spine,asymmetric,29.5,195.6,350.9
2510,30167,30128,proximal_dendrite,asymmetric,176.1,487.4,60.9
2511,30167,30134,soma,asymmetric,321.7,322.9,178.8
2512,30167,30134,proximal_dendrite,asymmetric,303.6,293.3,160.2
2513,30167,30160,distal_dendrite,asymmetric,317.0,340.2,148.4
2514,30167,30160,soma,asymmetric,324.8,388.1,172.3
2515,30167,30160,proximal_dendrite,asymmetric,318.3,391.4,178.8
2516,30168,30012,distal_dendrite,symmetric,374.8,456.8,414.6
2517,30168,30012,distal_dendrite,symmetric,386.9,484.3,315.4
2518,30168,30012,distal_dendrite,symmetric,352.4,463.5,296.9
2519,30168,30023,uncertain,uncertain,79.8,316.3,85.0
2520,30168,30029,distal_dendrite,symmetric,379.1,266.9,27.9
2521,30168,30041,distal_dendrite,symmetric,172.2,490.1,119.7
2522,30168,30054,distal_dendrite,symmetric,106.4,254.9,338.3
2523,30168,30059,distal_dendrite,symmetric,404.4,237.5,179.8
2524,30168,30070,distal_dendrite,symmetric,247.0,396.0,32.9
2525,30168,30108,spine,symmetric,233.8,448.9,97.3
2526,30168,30108,distal_dendrite,symmetric,239.5,392.5,72.2
2527,30168,30108,distal_dendrite,symmetric,202.8,376.4,79.4
2528,30168,30108,distal_dendrite,symmetric,243.2,370.8,19.7
2529,30168,30108,distal_dendrite,symmetric,248.0,303.4,17.5
2530,30168,30122,distal_dendrite,symmetric,115.0,420.5,60.3
2531,30168,30128,spine,symmetric,147.9,447.1,93.3
2532,30168,30128,distal_dendrite,symmetric,144.9,545.2,-0.6
2533,30168,30170,distal_dendrite,symmetric,68.0,334.4,23.9
2534,30168,30175,distal_dendrite,symmetric,-18.8,289.2,332.9
2535,30168,30175,distal_dendrite,symmetric,-11.2,323.9,357.2
2536,30168,30181,distal_dendrite,symmetric,124.1,440.4,52.7
2537,30168,30181,distal_dendrite,symmetric,173.0,463.8,43.1
2538,30168,30181,distal_dendrite,symmetric,169.2,425.8,48.1
2539,30168,30186,uncertain,uncertain,218.9,372.9,57.7
2540,30168,30192,uncertain,uncertain,404.4,339.4,54.2
2541,30169,30020,proximal_dendrite,symmetric,178.4,207.8,323.2
2542,30169,30020,proximal_dendrite,symmetric,247.9,231.8,251.9
2543,30169,30041,distal_dendrite,symmetric,156.8,495.7,65.8
2544,30169,30072,proximal_dendrite,symmetric,75.1,454.7,345.1
2545,30169,30114,proximal_dendrite,symmetric,146.4,456.2,135.2
2546,30169,30142,proximal_dendrite,symmetric,66.9,364.6,239.6
2547,30169,30142,uncertain,uncertain,89.8,433.5,228.5
2548,30169,30142,distal_dendrite,uncertain,89.4,350.2,241.2
2549,30169,30142,uncertain,uncertain,73.4,343.1,211.0
2550,30169,30142,proximal_dendrite,symmetric,97.0,381.6,252.7
2551,30170,30076,spine,asymmetric,8.8,235.0,182.0
2552,30170,30128,proximal_dendrite,asymmetric,220.5,527.4,144.7
2553,30170,30128,distal_dendrite,asymmetric,182.8,432.0,23.1
2554,30170,30163,proximal_dendrite,asymmetric,122.3,297.1,294.2
2555,30170,30163,soma,asymmetric,108.4,306.4,314.8
2556,30171,30152,spine,asymmetric,371.5,276.9,285.8
2557,30171,30152,spine,asymmetric,395.0,394.1,223.7
2558,30171,30152,spine,asymmetric,435.6,275.9,257.2
2559,30171,30158,distal_dendrite,asymmetric,368.8,390.1,243.1
2560,30171,30158,spine,asymmetric,336.7,414.0,283.1
2561,30172,30057,proximal_dendrite,asymmetric,318.0,386.0,283.9
2562,30172,30057,proximal_dendrite,asymmetric,321.2,326.0,323.5
2563,30172,30080,proximal_dendrite,asymmetric,111.9,288.7,209.1
2564,30172,30111,distal_dendrite,asymmetric,264.7,368.2,98.8
2565,30172,30111,soma,asymmetric,207.0,326.2,56.7
2566,30172,30134,distal_dendrite,asymmetric,323.5,336.9,142.4
2567,30172,30134,soma,asymmetric,352.9,274.0,117.2
2568,30172,30157,distal_dendrite,asymmetric,302.6,437.7,202.4
2569,30172,30157,proximal_dendrite,uncertain,348.8,461.3,261.3
2570,30173,30078,spine,asymmetric,140.5,146.1,349.7
2571,30173,30078,proximal_dendrite,asymmetric,75.2,108.3,409.8
2572,30173,30085,spine,asymmetric,183.8,405.0,395.4
2573,30173,30085,spine,asymmetric,181.3,337.8,341.9
2574,30173,30085,spine,asymmetric,191.4,380.6,309.2
2575,30173,30085,distal_dendrite,asymmetric,213.5,385.9,338.7
2576,30173,30085,spine,asymmetric,159.8,341.4,282.6
2577,30173,30091,spine,asymmetric,116.8,155.4,371.4
2578,30173,30113,distal_dendrite,asymmetric,293.0,130.6,388.1
2579,30173,30149,spine,asymmetric,403.9,202.9,126.5
2580,30173,30149,spine,asymmetric,368.7,278.9,138.5
2581,30173,30149,spine,asymmetric,407.5,160.9,120.1
2582,30173,30149,spine,asymmetric,377.2,243.0,150.7
2583,30173,30149,spine,asymmetric,403.4,140.8,125.7
2584,30174,30006,spine,uncertain,364.2,197.1,417.6
2585,30174,30006,spine,uncertain,387.4,209.5,374.8
2586,30174,30006,spine,asymmetric,365.0,182.2,415.4
2587,30174,30022,distal_dendrite,asymmetric,351.8,425.5,202.1
2588,30174,30055,spine,asymmetric,374.5,368.2,225.9
2589,30174,30069,proximal_dendrite,asymmetric,341.3,373.9,349.8
2590,30174,30069,proximal_dendrite,asymmetric,333.3,377.6,279.3
2591,30174,30069,distal_dendrite,asymmetric,357.2,371.9,383.0
2592,30174,30069,soma,asymmetric,360.7,369.1,351.8
2593,30174,30069,soma,asymmetric,360.5,361.7,358.4
2594,30174,30179,soma,asymmetric,359.0,398.8,63.4
2595,30174,30179,soma,asymmetric,358.8,404.5,154.4
2596,30175,30009,proximal_dendrite,asymmetric,231.1,414.8,238.5
2597,30175,30091,spine,asymmetric,89.4,182.5,346.1
2598,30175,30091,spine,asymmetric,97.9,193.0,372.7
2599,30175,30091,spine,asymmetric,118.3,109.1,366.5
2600,30175,30091,distal_dendrite,asymmetric,122.2,142.1,321.3
2601,30175,30091,spine,asymmetric,144.2,152.7,401.3
2602,30175,30101,distal_dendrite,asymmetric,-46.4,371.0,77.8
2603,30175,30101,spine,asymmetric,46.4,311.0,30.4
2604,30175,30101,spine,asymmetric,-21.5,383.4,93.9
2605,30175,30101,spine,asymmetric,-16.1,369.8,65.1
2606,30175,30117,distal_dendrite,asymmetric,123.5,169.5,196.6
2607,30175,30194,proximal_dendrite,asymmetric,-24.2,429.1,216.3
2608,30175,30194,distal_dendrite,asymmetric,19.0,410.3,276.4
2609,30176,30020,distal_dendrite,asymmetric,148.5,221.5,361.9
2610,30176,30027,spine,asymmetric,257.0,338.2,293.3
2611,30176,30027,spine,asymmetric,216.9,349.4,231.2
2612,30176,30027,spine,asymmetric,268.9,390.1,259.4
2613,30176,30075,spine,asymmetric,20.3,292.1,386.6
2614,30176,30080,proximal_dendrite,asymmetric,102.5,285.9,208.6
2615,30176,30118,soma,asymmetric,289.2,338.4,380.9
2616,30176,30187,proximal_dendrite,asymmetric,254.8,154.9,150.4
2617,30176,30187,proximal_dendrite,asymmetric,200.0,134.4,236.6
2618,30176,30187,distal_dendrite,uncertain,242.6,155.2,159.0
2619,30177,30072,distal_dendrite,asymmetric,103.2,463.8,358.7
2620,30177,30072,proximal_dendrite,asymmetric,53.9,451.6,416.2
2621,30177,30072,soma,asymmetric,70.6,455.6,377.5
2622,30177,30085,spine,asymmetric,181.4,396.8,331.3
2623,30177,30118,distal_dendrite,asymmetric,227.9,264.3,412.9
2624,30177,30138,spine,asymmetric,331.4,114.9,362.4
2625,30177,30138,spine,asymmetric,317.5,124.9,378.7
2626,30177,30138,spine,asymmetric,285.8,142.7,380.0
2627,30177,30138,spine,asymmetric,239.8,181.5,348.4
2628,30177,30154,spine,asymmetric,141.7,213.0,291.7
2629,30177,30154,spine,asymmetric,132.6,200.6,318.0
2630,30177,30154,distal_dendrite,asymmetric,117.1,285.9,302.1
2631,30177,30154,spine,asymmetric,66.8,289.6,337.9
2632,30177,30154,spine,asymmetric,131.5,289.3,375.5
2633,30177,30154,spine,asymmetric,82.2,288.5,325.9
2634,30177,30154,spine,asymmetric,133.1,207.0,342.4
2635,30177,30154,spine,asymmetric,132.2,301.7,301.3
2636,30177,30154,spine,asymmetric,78.9,268.4,313.8
2637,30177,30182,distal_dendrite,asymmetric,192.7,263.8,26.7
2638,30177,30196,distal_dendrite,asymmetric,82.3,357.4,178.3
2639,30177,30196,distal_dendrite,uncertain,49.3,390.9,208.5
2640,30177,30196,soma,asymmetric,82.1,363.3,227.5
2641,30177,30196,soma,asymmetric,-10.9,421.6,234.6
2642,30177,30196,distal_dendrite,asymmetric,100.0,381.9,183.5
2643,30178,30070,soma,asymmetric,158.0,396.6,22.8
2644,30178,30070,distal_dendrite,asymmetric,145.8,441.6,17.5
2645,30178,30070,proximal_dendrite,asymmetric,242.4,371.4,-16.8
2646,30178,30131,spine,asymmetric,206.1,317.6,61.6
2647,30178,30131,spine,asymmetric,186.0,236.4,54.4
2648,30178,30131,distal_dendrite,asymmetric,229.1,246.3,19.2
2649,30178,30163,proximal_dendrite,uncertain,123.9,325.1,317.4
2650,30178,30163,proximal_dendrite,asymmetric,118.6,300.5,284.1
2651,30178,30191,proximal_dendrite,asymmetric,152.0,480.3,305.7
2652,30178,30191,spine,asymmetric,176.4,524.8,304.0
2653,30178,30194,proximal_dendrite,asymmetric,-3.7,381.3,277.0
2654,30178,30194,distal_dendrite,asymmetric,32.0,421.6,208.8
2655,30179,30024,soma,symmetric,422.9,420.3,240.1
2656,30179,30024,soma,symmetric,390.3,452.5,191.6
2657,30179,30031,proximal_dendrite,symmetric,395.5,307.2,15.2
2658,30179,30053,soma,symmetric,263.7,403.2,313.1
2659,30179,30088,soma,symmetric,262.3,244.0,57.5
2660,30179,30105,uncertain,uncertain,334.7,360.7,188.0
2661,30179,30105,proximal_dendrite,symmetric,354.0,351.2,114.6
2662,30179,30105,soma,symmetric,338.1,377.0,184.1
2663,30179,30116,soma,symmetric,274.6,129.6,85.5
2664,30179,30116,soma,symmetric,316.3,115.8,115.2
2665,30179,30116,soma,symmetric,296.2,135.4,16.7
2666,30179,30117,soma,uncertain,253.2,153.6,173.6
2667,30179,30127,soma,symmetric,124.8,184.8,11.5
2668,30179,30127,soma,uncertain,197.6,164.9,55.9
2669,30179,30127,soma,symmetric,156.3,221.3,85.6
2670,30179,30127,soma,symmetric,154.4,253.6,97.8
2671,30179,30158,soma,symmetric,347.8,406.4,264.4
2672,30179,30165,proximal_dendrite,symmetric,353.1,338.6,39.9
2673,30179,30165,proximal_dendrite,symmetric,361.4,403.6,27.2
2674,30179,30178,proximal_dendrite,symmetric,249.5,448.1,307.2
2675,30179,30178,soma,symmetric,259.2,432.4,240.2
2676,30179,30180,proximal_dendrite,symmetric,361.2,425.8,183.1
2677,30179,30199,distal_dendrite,symmetric,156.2,263.1,82.0
2678,30180,30009,soma,asymmetric,250.6,385.5,223.2
2679,30180,30047,distal_dendrite,asymmetric,271.9,503.9,79.5
2680,30180,30047,distal_dendrite,asymmetric,288.1,530.7,13.8
2681,30180,30057,soma,asymmetric,243.3,395.3,384.2
2682,30180,30057,proximal_dendrite,asymmetric,328.0,384.9,328.2
2683,30180,30064,spine,asymmetric,-16.8,175.8,141.7
2684,30180,30064,spine,asymmetric,33.9,190.0,135.6
2685,30180,30064,proximal_dendrite,asymmetric,28.6,175.6,149.1
2686,30180,30064,spine,asymmetric,95.3,191.6,117.7
2687,30180,30064,spine,asymmetric,17.4,187.4,158.3
2688,30180,30115,spine,asymmetric,303.5,472.3,13.3
2689,30180,30115,spine,asymmetric,299.5,514.8,46.4
2690,30181,30002,proximal_dendrite,asymmetric,250.2,443.1,143.7
2691,30181,30002,proximal_dendrite,asymmetric,260.6,338.9,66.6
2692,30181,30002,distal_dendrite,asymmetric,291.2,391.7,67.0
2693,30181,30002,distal_dendrite,asymmetric,268.5,421.3,63.9
2694,30181,30002,proximal_dendrite,asymmetric,270.5,433.6,97.0
2695,30181,30002,proximal_dendrite,asymmetric,251.3,467.0,111.8
2696,30181,30002,proximal_dendrite,asymmetric,316.7,393.1,93.2
2697,30181,30002,soma,asymmetric,255.7,343.3,128.2
2698,30181,30002,proximal_dendrite,asymmetric,197.4,364.4,96.4
2699,30181,30009,distal_dendrite,asymmetric,259.6,334.4,157.2
2700,30181,30010,proximal_dendrite,asymmetric,170.4,152.7,89.5
2701,30181,30010,proximal_dendrite,asymmetric,155.3,146.8,74.2
2702,30181,30041,distal_dendrite,asymmetric,192.9,510.2,99.8
2703,30181,30047,distal_dendrite,asymmetric,289.6,487.1,47.2
2704,30181,30047,proximal_dendrite,asymmetric,265.1,497.6,51.3
2705,30181,30047,distal_dendrite,asymmetric,306.2,505.7,86.7
2706,30181,30056,distal_dendrite,asymmetric,251.2,434.5,162.6
2707,30181,30056,distal_dendrite,asymmetric,218.5,435.5,116.5
2708,30181,30098,proximal_dendrite,asymmetric,175.7,476.4,34.3
2709,30181,30098,proximal_dendrite,asymmetric,185.5,408.2,30.8
2710,30181,30098,distal_dendrite,asymmetric,207.5,440.5,31.0
2711,30181,30098,distal_dendrite,asymmetric,229.9,465.0,41.5
2712,30181,30098,proximal_dendrite,asymmetric,197.6,496.2,6.2
2713,30181,30098,proximal_dendrite,asymmetric,179.9,496.0,38.6
2714,30181,30146,distal_dendrite,asymmetric,92.7,501.8,335.1
2715,30181,30152,spine,asymmetric,389.6,286.1,236.3
2716,30182,30005,spine,asymmetric,433.0,57.2,36.6
2717,30182,30062,spine,asymmetric,149.4,126.2,157.5
2718,30182,30080,distal_dendrite,asymmetric,135.3,269.6,228.6
2719,30182,30080,proximal_dendrite,asymmetric,134.0,251.9,240.3
2720,30182,30080,proximal_dendrite,asymmetric,179.0,292.9,224.7
2721,30182,30080,distal_dendrite,asymmetric,192.1,282.0,216.6
2722,30182,30119,spine,asymmetric,59.2,478.2,235.6
2723,30182,30119,distal_dendrite,asymmetric,52.1,470.5,135.6
2724,30182,30119,spine,asymmetric,64.2,435.8,171.2
2725,30182,30119,spine,asymmetric,63.6,451.6,212.3
2726,30182,30119,proximal_dendrite,asymmetric,71.8,474.0,188.9
2727,30183,30083,spine,asymmetric,104.3,283.1,208.8
2728,30183,30083,spine,asymmetric,93.4,288.1,214.5
2729,30183,30083,spine,asymmetric,49.7,249.1,155.4
2730,30183,30134,distal_dendrite,asymmetric,341.1,268.9,160.5
2731,30183,30159,distal_dendrite,asymmetric,8.9,416.5,-6.0
2732,30183,30159,proximal_dendrite,asymmetric,57.1,461.4,28.4
2733,30183,30194,proximal_dendrite,asymmetric,39.7,445.2,276.2
2734,30183,30194,distal_dendrite,asymmetric,67.3,474.1,252.8
2735,30183,30194,distal_dendrite,asymmetric,19.4,422.2,269.5
2736,30184,30003,proximal_dendrite,symmetric,17.6,200.3,133.4
2737,30184,30004,soma,symmetric,76.1,362.0,291.0
2738,30184,30004,proximal_dendrite,symmetric,68.1,315.3,336.3
2739,30184,30006,soma,symmetric,385.4,197.6,335.1
2740,30184,30017,proximal_dendrite,symmetric,104.7,264.0,192.7
2741,30184,30017,soma,symmetric,142.3,307.7,249.4
2742,30184,30035,soma,uncertain,-0.9,289.6,129.7
2743,30184,30035,distal_dendrite,symmetric,42.6,340.8,217.6
2744,30184,30048,soma,symmetric,140.3,222.1,208.3
2745,30184,30056,soma,symmetric,198.8,448.6,148.8
2746,30184,30056,soma,symmetric,259.0,493.9,137.8
2747,30184,30061,proximal_dendrite,symmetric,14.1,245.7,96.5
2748,30184,30061,proximal_dendrite,symmetric,-34.0,225.2,80.8
2749,30184,30065,soma,symmetric,115.8,349.4,39.3
2750,30184,30078,distal_dendrite,symmetric,27.2,137.5,369.3
2751,30184,30129,soma,symmetric,99.0,264.9,164.0
2752,30184,30129,soma,symmetric,112.2,288.0,104.9
2753,30184,30129,soma,symmetric,106.3,281.0,113.9
2754,30184,30129,soma,symmetric,102.0,280.6,87.3
2755,30184,30144,proximal_dendrite,symmetric,139.5,229.1,168.7
2756,30184,30144,proximal_dendrite,symmetric,173.3,215.1,126.8
2757,30184,30178,proximal_dendrite,symmetric,188.5,449.5,241.8
2758,30184,30178,soma,symmetric,213.6,471.4,172.6
2759,30185,30001,distal_dendrite,uncertain,62.9,468.0,252.7
2760,30185,30022,soma,uncertain,427.2,433.6,233.9
2761,30185,30061,spine,asymmetric,-15.5,256.5,69.9
2762,30185,30159,distal_dendrite,asymmetric,24.2,442.2,48.1
2763,30185,30159,distal_dendrite,asymmetric,26.7,459.2,-16.3
2764,30185,30179,distal_dendrite,asymmetric,375.4,393.5,143.3
2765,30185,30179,soma,asymmetric,413.4,423.6,141.4
2766,30185,30179,soma,asymmetric,455.1,408.5,135.5
2767,30185,30179,distal_dendrite,asymmetric,357.1,384.1,116.9
2768,30186,30034,proximal_dendrite,asymmetric,140.0,352.9,283.8
2769,30186,30042,spine,asymmetric,12.1,509.1,101.9
2770,30186,30052,spine,asymmetric,58.3,383.4,344.6
2771,30186,30053,proximal_dendrite,asymmetric,230.6,399.4,360.7
2772,30186,30053,spine,asymmetric,222.6,319.9,256.3
2773,30186,30053,spine,asymmetric,160.8,382.9,320.5
2774,30186,30066,distal_dendrite,asymmetric,183.1,399.3,-3.9
2775,30186,30066,soma,asymmetric,147.0,368.2,-20.1
2776,30186,30066,soma,asymmetric,213.0,406.7,45.4
2777,30186,30066,distal_dendrite,asymmetric,196.4,383.3,36.3
2778,30186,30098,soma,asymmetric,195.8,438.9,17.3
2779,30186,30098,distal_dendrite,asymmetric,214.2,460.2,62.9
2780,30186,30098,distal_dendrite,asymmetric,227.4,467.2,30.7
2781,30186,30119,spine,asymmetric,44.6,483.0,185.2
2782,30186,30119,proximal_dendrite,asymmetric,43.5,463.6,161.7
2783,30186,30119,distal_dendrite,asymmetric,44.3,483.4,168.2
2784,30186,30121,distal_dendrite,asymmetric,289.1,368.7,296.1
2785,30186,30160,proximal_dendrite,asymmetric,274.5,371.9,127.5
2786,30186,30160,distal_dendrite,asymmetric,307.9,329.3,153.9
2787,30186,30160,proximal_dendrite,asymmetric,257.5,324.9,118.4
2788,30186,30160,proximal_dendrite,asymmetric,388.4,373.7,158.4
2789,30186,30160,soma,asymmetric,340.3,374.4,222.1
2790,30187,30019,proximal_dendrite,symmetric,18.2,408.5,172.3
2791,30187,30019,soma,symmetric,-2.2,463.1,192.2
2792,30187,30026,uncertain,uncertain,254.8,134.8,300.9
2793,30187,30028,soma,symmetric,403.0,125.5,238.4
2794,30187,30028,soma,symmetric,377.1,176.2,216.0
2795,30187,30028,soma,symmetric,431.1,109.6,233.3
2796,30187,30028,soma,symmetric,418.8,117.6,230.2
2797,30187,30028,distal_dendrite,symmetric,384.3,132.0,191.5
2798,30187,30028,proximal_dendrite,uncertain,437.2,137.5,188.9
2799,30187,30032,distal_dendrite,symmetric,58.3,377.0,186.7
2800,30187,30054,proximal_dendrite,symmetric,75.5,282.6,292.0
2801,30187,30054,proximal_dendrite,symmetric,92.2,210.4,349.9
2802,30187,30059,proximal_dendrite,symmetric,322.6,161.1,223.7
2803,30187,30071,uncertain,uncertain,205.9,146.9,183.2
2804,30187,30071,soma,symmetric,111.7,85.6,175.9
2805,30187,30073,soma,symmetric,200.7,71.0,141.2
2806,30187,30073,soma,symmetric,203.8,70.7,119.7
2807,30187,30073,distal_dendrite,symmetric,212.1,88.3,175.8
2808,30187,30073,proximal_dendrite,uncertain,218.3,165.2,141.9
2809,30187,30073,soma,symmetric,163.8,128.0,136.8
2810,30187,30078,soma,uncertain,109.4,141.9,306.0
2811,30187,30092,soma,symmetric,364.0,156.6,285.3
2812,30187,30092,soma,symmetric,340.6,159.1,352.4
2813,30187,30092,soma,symmetric,331.6,175.6,299.4
2814,30187,30107,proximal_dendrite,symmetric,288.7,281.9,40.9
2815,30187,30107,proximal_dendrite,symmetric,263.2,251.4,24.3
2816,30187,30107,soma,symmetric,287.3,301.7,-13.5
2817,30187,30107,proximal_dendrite,symmetric,246.9,328.0,58.3
2818,30187,30113,distal_dendrite,symmetric,227.4,134.5,362.1
2819,30187,30113,proximal_dendrite,symmetric,196.3,128.3,408.6
2820,30187,30114,proximal_dendrite,symmetric,50.0,470.3,102.9
2821,30187,30114,soma,symmetric,84.1,433.4,138.5
2822,30187,30136,soma,symmetric,280.0,344.4,64.1
2823,30187,30167,soma,symmetric,329.3,270.4,155.1
2824,30187,30167,proximal_dendrite,symmetric,322.4,360.6,198.9
2825,30187,30170,soma,symmetric,23.4,320.0,-43.5
2826,30187,30170,soma,symmetric,88.4,393.4,-40.9
2827,30187,30199,soma,symmetric,209.2,308.5,54.9
2828,30187,30199,proximal_dendrite,symmetric,156.7,255.7,99.6
2829,30187,30200,proximal_dendrite,symmetric,340.9,129.5,36.0
2830,30188,30054,distal_dendrite,asymmetric,102.7,289.7,197.4
2831,30188,30056,proximal_dendrite,asymmetric,263.3,500.1,174.9
2832,30188,30056,proximal_dendrite,asymmetric,238.7,428.6,134.9
2833,30188,30070,proximal_dendrite,asymmetric,210.3,389.6,42.2
2834,30188,30104,spine,asymmetric,234.8,207.9,196.3
2835,30188,30182,proximal_dendrite,asymmetric,124.1,175.4,31.1
2836,30189,30010,proximal_dendrite,asymmetric,96.1,192.2,101.2
2837,30189,30010,distal_dendrite,asymmetric,210.4,121.2,96.1
2838,30189,30010,distal_dendrite,asymmetric,162.8,172.9,129.6
2839,30189,30049,soma,asymmetric,42.4,262.2,162.4
2840,30189,30049,distal_dendrite,asymmetric,26.9,225.9,188.1
2841,30189,30049,distal_dendrite,asymmetric,17.6,200.5,182.9
2842,30189,30072,proximal_dendrite,asymmetric,127.1,406.1,382.3
2843,30189,30072,proximal_dendrite,asymmetric,61.8,471.6,324.0
2844,30189,30078,spine,asymmetric,66.2,179.7,323.8
2845,30189,30078,spine,asymmetric,73.7,108.3,412.2
2846,30189,30078,distal_dendrite,asymmetric,115.8,104.6,389.8
2847,30189,30087,spine,asymmetric,152.0,225.3,153.6
2848,30189,30087,spine,asymmetric,169.2,206.8,155.4
2849,30189,30087,spine,asymmetric,171.5,233.3,167.2
2850,30189,30091,spine,asymmetric,124.7,199.9,353.2
2851,30189,30091,spine,asymmetric,146.8,163.5,398.4
2852,30189,30118,proximal_dendrite,asymmetric,260.8,274.1,371.1
2853,30189,30118,distal_dendrite,asymmetric,231.2,307.0,418.0
2854,30189,30167,spine,asymmetric,301.7,305.1,194.7
2855,30189,30167,spine,asymmetric,345.9,282.9,136.9
2856,30190,30045,spine,asymmetric,340.1,316.3,94.4
2857,30190,30059,spine,asymmetric,383.6,160.7,196.0
2858,30190,30059,spine,uncertain,382.0,172.1,239.2
2859,30190,30168,soma,asymmetric,231.8,477.2,50.8
2860,30191,30015,spine,asymmetric,53.9,432.9,324.0
2861,30191,30015,spine,asymmetric,73.6,408.8,291.3
2862,30191,30015,spine,asymmetric,107.9,420.7,287.2
2863,30191,30040,spine,asymmetric,186.2,460.1,286.3
2864,30191,30060,spine,asymmetric,137.2,492.6,360.4
2865,30191,30060,distal_dendrite,asymmetric,119.3,487.1,382.9
2866,30191,30060,spine,asymmetric,104.2,510.7,365.7
2867,30191,30060,proximal_dendrite,asymmetric,165.3,470.5,317.8
2868,30191,30060,distal_dendrite,asymmetric,88.4,457.9,388.3
2869,30191,30156,distal_dendrite,asymmetric,181.6,484.9,167.5
2870,30191,30156,spine,uncertain,217.1,483.9,105.4
2871,30191,30156,distal_dendrite,asymmetric,179.3,471.0,136.8
2872,30192,30013,spine,asymmetric,411.8,240.9,234.1
2873,30192,30013,spine,asymmetric,375.1,185.3,219.4
2874,30192,30069,soma,asymmetric,367.1,423.8,400.2
2875,30192,30152,spine,asymmetric,419.0,307.5,234.1
2876,30192,30152,spine,asymmetric,429.2,315.5,305.5
2877,30192,30160,proximal_dendrite,asymmetric,328.4,328.9,156.2
2878,30192,30160,proximal_dendrite,uncertain,346.4,441.8,192.0
2879,30192,30160,distal_dendrite,asymmetric,302.2,411.8,143.4
2880,30192,30160,soma,asymmetric,325.1,388.2,217.3
2881,30193,30060,spine,asymmetric,102.7,453.5,376.9
2882,30193,30060,spine,asymmetric,136.5,438.4,349.4
2883,30193,30102,distal_dendrite,asymmetric,185.5,279.4,248.0
2884,30193,30106,spine,uncertain,46.3,507.8,404.8
2885,30193,30110,distal_dendrite,asymmetric,294.3,233.4,310.7
2886,30193,30110,proximal_dendrite,asymmetric,328.3,269.3,277.0
2887,30193,30110,soma,asymmetric,285.7,248.0,256.0
2888,30193,30142,proximal_dendrite,asymmetric,52.5,417.7,209.5
2889,30194,30001,uncertain,uncertain,177.3,448.8,192.9
2890,30194,30004,proximal_dendrite,symmetric,102.1,321.9,269.1
2891,30194,30004,proximal_dendrite,symmetric,107.7,351.2,266.8
2892,30194,30004,soma,symmetric,90.0,328.6,293.2
2893,30194,30019,proximal_dendrite,symmetric,29.2,411.7,205.7
2894,30194,30019,proximal_dendrite,symmetric,-38.2,460.7,215.5
2895,30194,30019,proximal_dendrite,symmetric,23.3,452.9,219.1
2896,30194,30019,distal_dendrite,symmetric,9.3,426.1,205.0
2897,30194,30043,distal_dendrite,symmetric,252.8,249.8,352.5
2898,30194,30043,soma,symmetric,266.3,253.2,376.1
2899,30194,30048,soma,symmetric,150.8,224.7,248.6
2900,30194,30048,soma,symmetric,100.7,266.6,304.6
2901,30194,30048,soma,symmetric,122.6,266.1,252.1
2902,30194,30048,soma,symmetric,139.1,327.7,244.8
2903,30194,30048,soma,symmetric,162.5,301.3,281.3
2904,30194,30050,proximal_dendrite,symmetric,40.7,165.7,162.6
2905,30194,30060,distal_dendrite,uncertain,94.1,500.0,373.8
2906,30194,30082,soma,symmetric,11.9,418.3,363.9
2907,30194,30114,uncertain,uncertain,80.5,428.3,105.9
2908,30194,30115,distal_dendrite,symmetric,229.8,504.8,51.0
2909,30194,30115,soma,uncertain,285.3,466.4,33.6
2910,30194,30175,distal_dendrite,symmetric,82.7,294.2,255.9
2911,30194,30175,proximal_dendrite,symmetric,49.8,321.6,285.2
2912,30194,30185,proximal_dendrite,uncertain,136.4,537.0,61.4
2913,30194,30193,soma,symmetric,63.3,453.6,392.9
2914,30195,30002,proximal_dendrite,asymmetric,329.5,390.4,120.8
2915,30195,30004,proximal_dendrite,asymmetric,114.7,373.4,275.2
2916,30195,30024,distal_dendrite,asymmetric,398.7,399.4,186.5
2917,30195,30024,proximal_dendrite,asymmetric,388.5,438.9,221.4
2918,30195,30026,spine,asymmetric,299.4,133.4,241.0
2919,30195,30026,distal_dendrite,asymmetric,262.4,155.3,229.6
2920,30195,30026,spine,asymmetric,303.7,142.0,260.3
2921,30195,30122,soma,asymmetric,131.5,432.1,112.2
2922,30195,30122,proximal_dendrite,asymmetric,194.3,437.7,30.8
2923,30195,30122,proximal_dendrite,asymmetric,157.0,413.6,71.5
2924,30195,30133,spine,uncertain,20.6,397.0,254.4
2925,30195,30133,spine,asymmetric,15.0,390.2,289.1
2926,30195,30133,proximal_dendrite,uncertain,-8.5,341.4,256.4
2927,30195,30135,spine,uncertain,124.9,143.6,-1.3
2928,30195,30161,spine,asymmetric,335.4,206.9,260.1
2929,30195,30165,spine,asymmetric,392.3,404.6,6.5
2930,30195,30190,spine,asymmetric,238.2,352.3,162.1
2931,30196,30001,distal_dendrite,symmetric,148.1,504.1,172.8
2932,30196,30001,proximal_dendrite,symmetric,92.1,459.0,253.5
2933,30196,30001,distal_dendrite,symmetric,129.1,465.4,174.5
2934,30196,30032,distal_dendrite,symmetric,60.8,422.7,183.1
2935,30196,30032,distal_dendrite,symmetric,79.3,385.6,169.5
2936,30196,30032,distal_dendrite,symmetric,114.2,383.1,214.3
2937,30196,30032,uncertain,uncertain,29.3,412.9,196.9
2938,30196,30041,proximal_dendrite,symmetric,150.4,443.2,134.4
2939,30196,30049,proximal_dendrite,symmetric,47.7,252.9,179.7
2940,30196,30072,distal_dendrite,symmetric,46.8,419.5,334.3
2941,30196,30072,distal_dendrite,symmetric,69.9,433.1,297.4
2942,30196,30140,distal_dendrite,symmetric,40.3,305.5,380.0
2943,30196,30184,distal_dendrite,uncertain,117.4,204.5,204.6
2944,30197,30001,proximal_dendrite,asymmetric,83.7,517.2,277.2
2945,30197,30022,proximal_dendrite,asymmetric,366.4,429.0,257.6
2946,30197,30077,spine,asymmetric,334.3,295.0,318.9
2947,30197,30080,proximal_dendrite,asymmetric,174.2,255.9,235.3
2948,30197,30112,proximal_dendrite,asymmetric,274.4,158.8,258.7
2949,30197,30157,distal_dendrite,asymmetric,352.6,480.1,226.8
2950,30197,30168,distal_dendrite,asymmetric,197.2,440.1,63.3
2951,30197,30168,distal_dendrite,asymmetric,183.8,447.4,140.1
2952,30197,30168,distal_dendrite,asymmetric,267.5,433.1,125.6
2953,30197,30168,soma,asymmetric,213.5,449.4,65.0
2954,30197,30168,proximal_dendrite,asymmetric,214.9,421.9,116.0
2955,30197,30168,proximal_dendrite,asymmetric,231.0,441.7,78.0
2956,30197,30192,spine,asymmetric,446.7,331.1,75.1
2957,30197,30192,proximal_dendrite,asymmetric,417.4,296.1,33.1
2958,30197,30192,spine,asymmetric,397.0,275.5,33.8
2959,30197,30199,spine,asymmetric,202.4,306.5,116.4
2960,30198,30032,distal_dendrite,asymmetric,68.4,400.5,200.5
2961,30198,30075,spine,asymmetric,-30.0,305.0,314.2
2962,30198,30076,spine,asymmetric,-40.4,216.3,242.8
2963,30198,30076,spine,asymmetric,30.2,269.5,168.7
2964,30198,30196,soma,asymmetric,50.2,347.1,209.8
2965,30198,30196,proximal_dendrite,asymmetric,-11.9,433.5,182.9
2966,30199,30111,proximal_dendrite,asymmetric,199.9,394.0,43.6
2967,30199,30117,spine,asymmetric,210.5,165.0,146.4
2968,30199,30117,proximal_dendrite,asymmetric,202.1,189.6,179.3
2969,30199,30117,spine,asymmetric,179.4,142.9,240.6
2970,30199,30117,spine,asymmetric,166.0,164.9,171.3
2971,30199,30172,spine,asymmetric,318.7,363.8,180.3
2972,30199,30184,distal_dendrite,asymmetric,120.8,223.8,187.1
2973,30199,30184,soma,asymmetric,126.8,216.9,176.1
2974,30200,30030,distal_dendrite,asymmetric,287.1,135.7,123.4
2975,30200,30030,distal_dendrite,asymmetric,292.4,188.3,84.8
2976,30200,30137,soma,asymmetric,111.0,168.6,62.9
2977,30200,30137,proximal_dendrite,asymmetric,86.2,191.0,13.1
2978,30200,30137,soma,asymmetric,113.8,209.8,52.4
2979,30200,30137,proximal_dendrite,asymmetric,114.3,190.1,54.3
