10.1523/jneurosci.09-08-02982.1989	Dendritic spines of CA 1 pyramidal cells in the rat hippocampus: serial electron microscopy with reference to their biophysical characteristics	Journal of Neuroscience	Serial electron microscopy and 3-D reconstructions of dendritic spines from hippocampal area CA 1 dendrites were obtained to evaluate 2 questions about relationships between spine geometry and synaptic efficacy. First, under what biophysical conditions are the
10.1016/s0959-4388(96)80125-5	Saturation of postsynaptic receptors at central synapses?	Current Opinion in Neurobiology	A fundamental issue in synaptic physiology is whether the postsynaptic response to a quantum of transmitter is limited by the number of receptors available. Fierce debate over the past few years has yielded no consensus. The majority of evidence suggests that 
10.1016/j.neuron.2011.02.006	Synaptic integration gradients in single cortical pyramidal cell dendrites	Neuron	Cortical pyramidal neurons receive thousands of synaptic inputs, arriving at different dendritic locations with varying degrees of temporal synchrony. It is not known if different locations along single cortical dendrites integrate excitatory inputs in differe
10.1038/s41593-026-02343-8	Neural timescales from a computational perspective	Nature Neuroscience	Neural activity fluctuates over a wide range of timescales within and across brain areas. Experimental observations suggest that diverse neural timescales reflect information in dynamic environments. However, the definitions and measurements of timescales deri
10.1016/s0896-6273(00)81044-2	Dendritic GABA release depresses excitatory transmission between layer 2/3 pyramidal and bitufted neurons in rat neocortex.	Neuron	GABAergic, somatostatin-containing bitufted interneurons in layer 2/3 of rat neocortex are excited via glutamatergic excitatory postsynaptic potentials (EPSPs) by pyramidal neurons located in the same cortical layer. Pair recordings showed that short bursts of
10.1111/cgf.14532	Barrio: Customizable Spatial Neighborhood Analysis and Comparison for Nanoscale Brain Structures	Computer graphics forum (Print)	High‐resolution electron microscopy imaging allows neuroscientists to reconstruct not just entire cells but individual cell substructures (i.e., cell organelles) as well. Based on these data, scientists hope to get a better understanding of brain function and 
10.1002/cne.23523	Synapses lacking astrocyte appear in the amygdala during consolidation of Pavlovian threat conditioning	The Journal of comparative neurology	There is growing evidence that astrocytes, long held to merely provide metabolic support in the adult brain, participate in both synaptic plasticity and learning and memory. Astrocytic processes are sometimes present at the synaptic cleft, suggesting that they
10.1038/s41467-017-00037-1	Reactive astrocytes function as phagocytes after brain ischemia via ABCA1-mediated pathway	Nature Communications	Astrocytes become reactive following various brain insults; however, the functions of reactive astrocytes are poorly understood. Here, we show that reactive astrocytes function as phagocytes after transient ischemic injury and appear in a limited spatiotempora
10.1016/j.cub.2021.10.026	Neural development: The role of spontaneous activity.	Current Biology	Developing nervous systems exhibit spontaneous activity. Two new studies identify the instructive influence such activity has on the formation of functionally appropriate circuits.
10.1101/2025.09.15.676403	Developmental Connectomics of the Mouse Cerebellum	bioRxiv	To uncover the developmental processes that establish the precise patterns of synaptic connectivity in the CNS, we employed a connectomic approach in the mouse cerebellar cortex between birth and 2 weeks of age. There were dramatic quantitative and qualitative
10.3389/fncel.2014.00008	Genetic dissection of GABAergic neural circuits in mouse neocortex	Frontiers in Cellular Neuroscience	Diverse and flexible cortical functions rely on the ability of neural circuits to perform multiple types of neuronal computations. GABAergic inhibitory interneurons significantly contribute to this task by regulating the balance of activity, synaptic integrati
10.1371/journal.pone.0145034	Correlative Fluorescence and Scanning Electron Microscopy of Labelled Core Fucosylated Glycans Using Cryosections Mounted on Carbon-Patterned Glass Sl	PLoS ONE	The aim of the study is co-localization of N-glycans with fucose attached to N-acetylglucosamine in α1,3 linkage, that belong to immunogenic carbohydrate epitopes in humans, and N-glycans with α1,6-core fucose typical for mammalian type of N-linked glycosylati
10.1523/jneurosci.3062-05.2006	Calcium Spikes in Basal Dendrites of Layer 5 Pyramidal Neurons during Action Potential Bursts	Journal of Neuroscience	Patch-clamp recording from dendrites has lead to a significant increase in our understanding of the mechanisms underlying signal integration and propagation in neurons. The majority of synaptic input to neurons, however, is made onto small-diameter dendrites, 
10.1038/s41598-026-50758-x	Telecommunication-inspired network models of healthy and diseased brains	Scientific Reports	Recent advances in nanoelectronics have spurred increased interest in the human brain and its complex functions. Numerous studies have explored brain behavior in varying levels of detail, from individual neurons to entire lobes. Intricately structured, the bra
10.3390/biomimetics11030188	Bio-Inspired Feedback Visual Network for Robust Small-Target Motion Detection in Complex Environments	Biomimetics	In dynamic and complex real-world environments, artificial intelligence (AI) vision systems continue to face significant challenges in accurately detecting and tracking small objects. The core difficulty lies in the fact that small targets usually exhibit limi
10.1016/j.neuron.2012.06.009	Development and Plasticity of the Primary Visual Cortex	Neuron	Hubel and Wiesel began the modern study of development and plasticity of primary visual cortex (V1), discovering response properties of cortical neurons that distinguished them from their inputs and that were arranged in a functional architecture. Their findin
10.1038/nn.3488	Tuned Thalamic Excitation is Amplified by Visual Cortical Circuits	Nature Neuroscience	Cortical neurons in thalamic recipient layers receive excitation from the thalamus and the cortex. The relative contribution of these two sources of excitation to sensory tuning is poorly understood. We optogenetically silenced the visual cortex of mice to iso
10.1007/s12264-022-00819-8	Optimal Timing of a Commonly-Used Rabies Virus for Neural Recording and Manipulation	Neuroscience Bulletin	
10.1371/journal.pone.0035603	High-Throughput Single-Cell Manipulation in Brain Tissue	PLoS ONE	The complexity of neurons and neuronal circuits in brain tissue requires the genetic manipulation, labeling, and tracking of single cells. However, current methods for manipulating cells in brain tissue are limited to either bulk techniques, lacking single-cel
10.7554/elife.62567	Circuits for integrating learned and innate valences in the insect brain	eLife	Animal behavior is shaped both by evolution and by individual experience. Parallel brain pathways encode innate and learned valences of cues, but the way in which they are integrated during action-selection is not well understood. We used electron microscopy t
10.3389/fncir.2026.1870424	Volume electron microscopy in axon regeneration research: insights into mitochondria, endoplasmic reticulum, and membrane contacts	Frontiers in Neural Circuits	Analysing organelle structures in tissue samples that preserve the in vivo environment, rather than in isolated cells, can provide valuable information on the mechanisms underlying nerve recovery and repair. However, determining organelle ultrastructure within
10.1016/j.neuron.2014.04.008	Chemogenetic synaptic silencing of neural circuits localizes a hypothalamus→midbrain pathway for feeding behavior.	Neuron	Brain function is mediated by neural circuit connectivity, and elucidating the role of connections is aided by techniques to block their output. We developed cell-type-selective, reversible synaptic inhibition tools for mammalian neural circuits by leveraging 
10.1073/pnas.2608896123	Fly navigational responses exploit plume-specific odor motion and gradient cues	Proceedings of the National Academy of S	Odor cues guide animals to food and mates. Different environmental conditions can create differently patterned odor plumes, making navigation more challenging. Prior work has shown that animals turn upwind when they detect odor and cast crosswind when they los
10.1101/293019	High-resolution data-driven model of the mouse connectome	bioRxiv	Knowledge of mesoscopic brain connectivity is important for understanding inter- and intra-region information processing. Models of structural connectivity are typically constructed and analyzed with the assumption that regions are homogeneous. We instead use 
10.1093/cercor/bhh019	Enhanced temporal non-linearities in human object-related occipito-temporal cortex.	Cerebral Cortex	To what extent does neural activation in human visual cortex follow the temporal dynamics of the optical retinal stimulus? Specifically, to what extent does stimulus evoked neural activation persist after stimulus termination? In the present study, we used fun
10.1016/j.isci.2025.114507	A distribution-aware semi-supervised pipeline for cost-effective neuron segmentation	bioRxiv	Semi-supervised learning offers a cost-effective approach for neuron segmentation in electron microscopy (EM) volumes. This technique leverages extensive unlabeled data to regularize supervised training for more robust predictions of neuron boundaries. However
10.1111/j.1365-2818.2012.03638.x	High resolution imaging of neuronal connectivity	Journal of Microscopy	Summary Connectomics is an emerging field that aims to generate and analyse neuronal connectivity data with high‐throughput to gain knowledge about the brain. The realization of this goal largely depends on the development of innovative microscopy techniques t
10.1002/glia.24290	Focused ion beam‐scanning electron microscopy links pathological myelin outfoldings to axonal changes in mice lacking Plp1 or Mag	Glia	Healthy myelin sheaths consist of multiple compacted membrane layers closely encasing the underlying axon. The ultrastructure of CNS myelin requires specialized structural myelin proteins, including the transmembrane‐tetraspan proteolipid protein (PLP) and the
10.1016/j.nbd.2022.105981	Local diffusion in the extracellular space of the brain.	Neurobiology of Disease	The brain extracellular space (ECS) is a vast interstitial reticulum of extreme morphological complexity, composed of narrow gaps separated by local expansions, enabling interconnected highways between neural cells. Constituting on average 20% of brain volume,
10.1016/j.neuron.2014.11.016	Fmr1 KO and Fenobam Treatment Differentially Impact Distinct Synapse Populations of Mouse Neocortex	Neuron	SUMMARY Cognitive deficits in fragile X syndrome (FXS) are attributed to molecular abnormalities of the brain’s vast and heterogeneous synapse populations. Unfortunately, the density of synapses coupled with their molecular heterogeneity presents formidable ch
10.7554/elife.63532	Glia actively sculpt sensory neurons by controlled phagocytosis to tune animal behavior	bioRxiv	Glia in the central nervous system engulf neuron fragments during synapse remodeling and recycling of photoreceptor outer-segments. Whether glia passively clear shed neuronal debris, or actively remove neuron fragments is unknown. How pruning of single-neuron 
10.3389/fnsyn.2021.754814	Towards a Comprehensive Optical Connectome at Single Synapse Resolution via Expansion Microscopy	Frontiers in Synaptic Neuroscience	Mapping and determining the molecular identity of individual synapses is a crucial step towards the comprehensive reconstruction of neuronal circuits. Throughout the history of neuroscience, microscopy has been a key technology for mapping brain circuits. Howe
10.7554/elife.98171	Individuality across environmental context in Drosophila melanogaster	eLife	Animal behavior is individually variable, and this variability is often consistent over time, a phenomenon called individuality or personality when multiple traits are involved. However, most studies test individuality in only one environment, even though beha
10.1113/jp270979	Binaural blood flow control by astrocytes: listening to synapses and the vasculature	Journal of Physiology	Abstract Astrocytes are the most common glial cells in the brain with fine processes and endfeet that intimately contact both neuronal synapses and the cerebral vasculature. They play an important role in mediating neurovascular coupling (NVC) via several astr
10.1038/s41593-022-01219-x	A whole-brain monosynaptic input connectome to neuron classes in mouse visual cortex	bioRxiv	The authors developed an optimized rabies tracing system for generating brain-wide monosynaptic input connectomes, and applied it in mouse visual cortex to reveal topographically organized subnetworks co-defined by visual areas, layers and cell classes. Identi
10.1152/jn.00124.2017	Adaptation modulates correlated subthreshold response variability in visual cortex.	Journal of Neurophysiology	Correlated response variability has profound implications for stimulus encoding, yet our understanding of this phenomenon is based largely on spike data. Here, we investigate the dynamics and mechanisms of membrane potential-correlated variability (CC) in visu
10.1101/2025.07.08.663701	Deep mapping of the endomembrane system of cerebellar Purkinje neurons	bioRxiv	Neuronal function relies on the precise spatial organization of intracellular membrane-bounded organelles involved in anabolism and Ca2+ sequestration, such as the Golgi apparatus, mitochondria and the endoplasmic reticulum (ER), along with structures involved
10.1016/bs.mcb.2019.04.007	Computational methods for stitching, alignment, and artifact correction of serial section data.	Methods in Cell Biology	Imaging large samples at the resolution offered by electron microscopy is typically achieved by sequentially recording overlapping tiles that are later combined to seamless mosaics. Mosaics of serial sections are aligned to reconstruct three-dimensional volume
10.1111/1744-7917.13270	Deciphering the cellular heterogeneity of the insect brain with single‐cell RNA sequencing	Insect Science	Insects show highly complicated adaptive and sophisticated behaviors, including spatial orientation skills, learning ability, and social interaction. These behaviors are controlled by the insect brain, the central part of the nervous system. The tiny insect br
10.1101/2025.02.10.633538	Self-supervised image restoration in coherent X-ray neuronal microscopy		ABSTRACT Coherent X-ray microscopy is emerging as a transformative technology for neuronal imaging, with the potential to offer a scalable solution for reconstruction of neural circuits in millimeter sized tissue volumes. Specifically, X-ray holographic nanoto
10.1371/journal.pcbi.1013733	Axon collateralization and focal myelin dystrophy alter action potential propagation in multicompartment pyramidal neuron models	PLoS Computational Biology	Action potentials (APs) propagate along axons to enable precise and rapid neuronal communication. Axon collaterals extend a given neuron’s range by distributing signals to multiple targets, but also increase its electrical demands. Myelination facilitates salt
10.64898/2026.01.18.700161	Divergent excitatory and inhibitory signaling in a head direction circuit	bioRxiv	Neural cell types are often clustered into inhibitory, excitatory, or neuromodulatory populations. However, the signaling mechanism between two neurons ultimately depends on their neurotransmitter-receptor pairings. Here, we demonstrate an example of a glutama
10.1109/cvpr.2018.00971	Guided Proofreading of Automatic Segmentations for Connectomics	2018 IEEE/CVF Conference on Computer Vis	Automatic cell image segmentation methods in connectomics produce merge and split errors, which require correction through proofreading. Previous research has identified the visual search for these errors as the bottleneck in interactive proofreading. To aid e
10.3389/fendo.2020.00461	Drosophila Insulin-Like Peptide 8 (DILP8) in Ovarian Follicle Cells Regulates Ovulation and Metabolism	bioRxiv	In Drosophila eight insulin-like peptides (DILP1-8) are encoded on separate genes. These DILPs are characterized by unique spatial and temporal expression patterns during the lifecycle. Whereas functions of several of the DILPs have been extensively investigat
10.1101/2025.09.05.674544	A cortical output channel for perceptual categorization	bioRxiv	Perceptual categorization allows the brain to transform diverse sensory inputs into discrete representations that support flexible behavior [1–7]. Auditory cortex (ACtx) has been implicated in this process [8–14], but the cell-type-specific circuits that imple
10.1145/2484838.2484870	The Open Connectome Project Data Cluster: Scalable Analysis and Vision for High-Throughput Neuroscience	International Conference on Statistical 	We describe a scalable database cluster for the spatial analysis and annotation of high-throughput brain imaging data, initially for 3-d electron microscopy image stacks, but for time-series and multi-channel data as well. The system was designed primarily for
10.1007/s00422-009-0343-4	Emergence of network structure due to spike-timing-dependent plasticity in recurrent neuronal networks III: Partially connected neurons driven by spon	Biological cybernetics	In contrast to a feed-forward architecture, the weight dynamics induced by spike-timing-dependent plasticity (STDP) in a recurrent neuronal network is not yet well understood. In this article, we extend a previous study of the impact of additive STDP in a recu
10.1016/s0896-6273(00)80788-6	Efficacy of thalamocortical and intracortical synaptic connections: quanta, innervation, and reliability.	Neuron	Thalamocortical (TC) synapses carry information into the neocortex, but they are far outnumbered by excitatory intracortical (IC) synapses. We measured the synaptic properties that determine the efficacy of TC and IC axons converging onto spiny neurons of laye
10.1038/s41586-022-04418-5	A global timing mechanism regulates cell-type-specific wiring programmes	Nature	The assembly of neural circuits is dependent on precise spatiotemporal expression of cell recognition molecules1–5. Factors controlling cell type specificity have been identified6–8, but how timing is determined remains unknown. Here we describe induction of a
10.1111/ejn.12813	Type 2 wide‐field amacrine cells in TH::GFP mice show a homogenous synapse distribution and contact small ganglion cells	European Journal of Neuroscience	Abstract In vertebrate retinas, wide‐field amacrine cells represent a diverse class of interneurons, important for the extraction of selective features, like motion or objects, from the visual scene. Most types of wide‐field amacrine cells lack dedicated outpu
10.3788/cjl240730	面向神经功能环路解析的全光生理技术	Chinese Journal of Lasers	构建神经联接图谱是揭示脑工作原理的关键，被认为是全面理解认知神经基础的必由之路。近年来，得益于光学技术和功能蛋白的发展，人们已经可以利用基于功能指示蛋白的荧光成像技术进行神经活动观测，同时也可以利用基于光敏蛋白的光遗传技术进行神经活动调控。全光生理技术将上述基于光学技术的神经活动观测与调控相结合，相比于常规电生理技术具有低侵入性、高空间分辨率、高通量等优点，成为在体神经功能环路解析的理想手段。针对面向神经功能环路解析的全光生理技术，本文首先回顾了目前常用功能蛋白的原理和类型，然后介绍了不同类型全光生理系统的组成及特
10.1101/lm.053918.124	An integrative sensor of body states: how the mushroom body modulates behavior depending on physiological context	Learning & memory (Cold Spring Harbor, N	The brain constantly compares past and present experiences to predict the future, thereby enabling instantaneous and future behavioral adjustments. Integration of external information with the animal's current internal needs and behavioral state represents a k
10.1038/nature12107	Structural and molecular interrogation of intact biological systems	Nature	Obtaining high-resolution information from a complex system, while maintaining the global perspective needed to understand system function, represents a key challenge in biology. Here we address this challenge with a method (termed CLARITY) for the transformat
10.1038/s41593-026-02257-5	Neural sequences underlying directed turning in Caenorhabditis elegans	Nature Neuroscience	Complex behaviors, such as navigation, rely on sequenced motor outputs that combine to generate effective movement. The brain-wide organization of the circuits that integrate sensory signals to select appropriate motor sequences remains poorly understood. Here
10.1177/1073858412468794	Genetically Encoded Calcium Indicators and Astrocyte Calcium Microdomains	The Neuroscientist	The discovery of intracellular Ca 2+ signals within astrocytes has changed our view of how these ubiquitous cells contribute to brain function. Classically thought merely to serve supportive functions, astrocytes are increasingly thought to respond to, and reg
10.1038/s41587-021-00986-5	High-throughput mapping of a whole rhesus monkey brain at micrometer resolution	Nature Biotechnology	Whole-brain mesoscale mapping in primates has been hindered by large brain sizes and the relatively low throughput of available microscopy methods. Here, we present an approach that combines primate-optimized tissue sectioning and clearing with ultrahigh-speed
10.1016/j.cell.2013.08.060	Asymmetric inheritance of centrosome-associated primary cilium membrane directs ciliogenesis after cell division.	Cell	Primary cilia are key sensory organelles that are thought to be disassembled prior to mitosis. Inheritance of the mother centriole, which nucleates the primary cilium, in relation to asymmetric daughter cell behavior has previously been studied. However, the f
10.1016/j.cell.2015.11.025	Simple, scalable proteomic imaging for high-dimensional profiling of intact systems	Cell	SUMMARY Combined measurement of diverse molecular and anatomical traits that span multiple levels remains a major challenge in biology. Here, we introduce a simple method that enables proteomic imaging for scalable, integrated, high-dimensional phenotyping of 
10.1007/s00441-021-03482-z	A micro-CT-based standard brain atlas of the bumblebee	Cell and Tissue Research	In recent years, bumblebees have become a prominent insect model organism for a variety of biological disciplines, particularly to investigate learning behaviors as well as visual performance. Understanding these behaviors and their underlying neurobiological 
10.1016/j.bbamcr.2022.119428	A multifunctional peroxidase-based reaction for imaging, sensing and networking of spatial biology.	Biochimica et biophysica acta. Molecular	Peroxidase is a heme-containing enzyme that reduces hydrogen peroxide to water by extracting electron(s) from aromatic compounds via a sequential turnover reaction. This reaction can generate various aromatic radicals in the form of short-lived "spray" molecul
10.1038/d41586-025-00908-4	A map of neural signals and circuits traces the logic of brain computation	Nature	
10.1038/s41467-017-02560-7	Architecture of a mammalian glomerular domain revealed by novel volume electroporation using nanoengineered microelectrodes	Nature Communications	Dense microcircuit reconstruction techniques have begun to provide ultrafine insight into the architecture of small-scale networks. However, identifying the totality of cells belonging to such neuronal modules, the “inputs” and “outputs,” remains a major chall
10.3389/fnsys.2018.00006	Neural Control of Startle-Induced Locomotion by the Mushroom Bodies and Associated Neurons in Drosophila	Frontiers in Systems Neuroscience	Startle-induced locomotion is commonly used in Drosophila research to monitor locomotor reactivity and its progressive decline with age or under various neuropathological conditions. A widely used paradigm is startle-induced negative geotaxis (SING), in which 
10.1017/s0952523800002315	Development of morphological types and distribution patterns of amacrine cells immunoreactive to tyrosine hydroxylase in the cat retina	Visual Neuroscience	Abstract Using an antibody against tyrosine hydroxylase on newborn to 30-day kitten retinas, we have been able to follow the development of the dopaminergic amacrine cells of the cat retina by light-microscopical investigations of retinal wholemounts. The Type
10.1111/adb.13304	Alcohol sensitivity and tolerance encoding in sleep regulatory circadian neurons in Drosophila	Addiction Biology	Alcohol tolerance is a simple form of behavioural and neural plasticity that occurs with the first drink. Neural plasticity in tolerance is likely a substrate for longer term adaptations that can lead to alcohol use disorder. Drosophila develop tolerance with 
10.1016/j.softx.2025.102081	MitoSeg: Mitochondria Segmentation Tool	SoftwareX	Recent studies suggest a potential link between the physical structure of mitochondria and neurodegenerative diseases. With advances in Electron Microscopy techniques, it has become possible to visualize the boundary and internal membrane structures of mitocho
10.1073/pnas.0701519104	Network structure of cerebral cortex shapes functional connectivity on multiple time scales	Proceedings of the National Academy of S	Neuronal dynamics unfolding within the cerebral cortex exhibit complex spatial and temporal patterns even in the absence of external input. Here we use a computational approach in an attempt to relate these features of spontaneous cortical dynamics to the unde
10.3390/genes12040592	Neuromesodermal Lineage Contribution to CNS Development in Invertebrate and Vertebrate Chordates	Genes	Ascidians are invertebrate chordates and the closest living relative to vertebrates. In ascidian embryos a large part of the central nervous system arises from cells associated with mesoderm rather than ectoderm lineages. This seems at odds with the traditiona
10.1016/j.ymeth.2015.06.002	Visualizing Viral Protein Structures in Cells Using Genetic Probes for Correlated Light and Electron Microscopy	Methods	Structural studies of viral proteins most often use high-resolution techniques such as X-ray crystallography, nuclear magnetic resonance, single particle negative stain, or cryo-electron microscopy (EM) to reveal atomic interactions of soluble, homogeneous vir
10.1038/s41598-018-22077-3	Associative properties of structural plasticity based on firing rate homeostasis in recurrent neuronal networks	Scientific Reports	Correlation-based Hebbian plasticity is thought to shape neuronal connectivity during development and learning, whereas homeostatic plasticity would stabilize network activity. Here we investigate another, new aspect of this dichotomy: Can Hebbian associative 
10.1016/j.jsb.2011.12.014	X-ray mosaic nanotomography of large microorganisms.	Journal of Structural Biology	Full-field X-ray microscopy is a valuable tool for 3D observation of biological systems. In the soft X-ray domain organelles can be visualized in individual cells while hard X-ray microscopes excel in imaging of larger complex biological tissue. The field of v
10.1038/s41592-018-0144-6	Transparent Danionella translucida as a genetically tractable vertebrate brain model	Nature Methods	Understanding how distributed neuronal circuits integrate sensory information and generate behavior is a central goal of neuroscience. However, it has been difficult to study neuronal networks at single-cell resolution across the entire adult brain in vertebra
10.1101/055533	Living Neural Networks: Dynamic Network Analysis of Developing Neural Progenitor Cells	bioRxiv	The architecture of the mammalian brain has been characterized through decades of innovation in the field of network neuroscience. However, the assembly of the brain from progenitor cells is an immensely complex process, and a quantitative understanding of how
10.1523/jneurosci.4695-08.2008	SynGAP regulates steady state and activity-dependent phosphorylation of cofilin	Journal of Neuroscience	SynGAP, a prominent Ras/Rap GTPase-activating protein in the postsynaptic density, regulates the timing of spine formation and trafficking of glutamate receptors in cultured neurons. However, the molecular mechanisms by which it does this are unknown. Here, we
10.1002/9781119086420.ch1	It's a Small, Small World	Correlative Imaging	Light microscopy (LM) is arguably the oldest technology still used in scientific research today. In the eighteenth and nineteenth centuries, microscopes became progressively more powerful, lens design was improved to remove aberrations, and innovations such as
10.1016/0165-3806(88)90120-4	Time course of stratification of the dendritic fields of ganglion cells in the retina of the cat.	Brain research. Developmental brain rese	The inner plexiform layer (IPL) of the retina has been shown by previous workers to comprise a number of sublayers (sublaminae or strata), each containing a distinct component of its circuitry. Using horseradish peroxidase applied to cultured whole retinas, we
10.1016/j.media.2023.102920	Segmentation in large-scale cellular electron microscopy with deep learning: A literature survey	Medical Image Anal.	Electron microscopy (EM) enables high-resolution imaging of tissues and cells based on 2D and 3D imaging techniques. Due to the laborious and time-consuming nature of manual segmentation of large-scale EM datasets, automated segmentation approaches are crucial
10.1093/mam/ozaf047	Three-Dimensional Reconstruction of Serial Block-Face Scanning Electron Microscopy Using Semantic Segmentation based on Semi-Supervised Deep Learning.	Microscopy and Microanalysis	Serial block-face scanning electron microscopy (SBF-SEM) is employed to achieve high-resolution volume reconstructions and detailed ultrastructural analyses of complex organelles. The performance of SBF-SEM is evaluated according to the accuracy of segmentatio
10.1007/s00795-018-0194-y	Methods for array tomography with correlative light and electron microscopy	Medical Molecular Morphology	The three-dimensional ultra-structure is the comprehensive structure that cannot be observed from a two-dimensional electron micrograph. Array tomography is one method for three-dimensional electron microscopy. In this method, to obtain consecutive cross secti
10.1101/2020.12.29.424583	A unified theory for the computational and mechanistic origins of grid cells	bioRxiv	The discovery of entorhinal grid cells has generated considerable interest in how and why hexagonal firing fields might mechanistically emerge in a generic manner from neural circuits, and what their computational significance might be. Here we forge an intima
10.7554/elife.99005	Sensorimotor delays constrain robust locomotion in a 3D kinematic model of fly walking	eLife	Walking animals must maintain stability in the presence of external perturbations, despite significant temporal delays in neural signaling and muscle actuation. Here, we develop a 3D kinematic model with a layered control architecture to investigate how sensor
10.1096/fj.13-237537	Photoreceptor phagocytosis is mediated by phosphoinositide signaling	The FASEB Journal	Circadian oscillations in peripheral tissues, such as the retinal compartment of the eye, are critical to anticipating changing metabolic demands. Circadian shedding of retinal photoreceptor cell discs with subsequent phagocytosis by the neighboring retinal pi
10.1101/2021.06.14.448271	MorphVAE: Generating Neural Morphologies from 3D-Walks using a Variational Autoencoder with Spherical Latent Space	bioRxiv	For the past century, the anatomy of a neuron has been considered one of its defining features: The shape of a neuron’s dendrites and axon fundamentally determines what other neurons it can connect to. These neurites have been described using mathematical tool
10.1016/j.neuron.2025.11.005	Synchrony timescales underlie irregular neocortical spiking	Neuron	SUMMARY Cortical neurons are characterized by their variable spiking patterns. Here, we examine the specific hypothesis that cortical synchrony drives spiking variability in vivo. Using dynamic clamps, we demonstrate that intrinsic neuronal properties do not c
10.1016/j.cell.2020.11.017	Generation of Functional Human 3D Cortico-Motor Assembloids	Cell	SUMMARY Neurons in the cerebral cortex connect through descending pathways to hindbrain and spinal cord to activate muscle and generate movement. Although components of this pathway have been previously generated and studied in vitro, the assembly of this mult
10.1038/s41593-023-01549-4	Single-cell transcriptomics reveals that glial cells integrate homeostatic and circadian processes to drive sleep–wake cycles	bioRxiv	The sleep-wake cycle is determined by circadian and sleep homeostatic processes. However, the molecular impact of these processes and their interaction in different brain cell populations remain unknown. To fill this gap, we profiled the single-cell transcript
10.1007/978-3-030-01421-6_4	A Model for Detection of Angular Velocity of Image Motion Based on the Temporal Tuning of the Drosophila	International Conference on Artificial N	We propose a new bio-plausible model based on the visual systems of Drosophila for estimating angular velocity of image motion in insects’ eyes. The model implements both preferred direction motion enhancement and non-preferred direction motion suppression whi
10.1101/294637	High-throughput mapping of long-range neuronal projection using in situ sequencing	bioRxiv	Understanding neural circuits requires deciphering the interactions of myriad cell types defined by connectivity, spatial organization, gene expression, and other properties. Resolving these cell types requires both single neuron resolution and high throughput
10.1016/j.jbc.2022.101866	Understanding the physical basis of memory: Molecular mechanisms of the engram	Journal of Biological Chemistry	Memory, defined as the storage and use of learned information in the brain, is necessary to modulate behavior and critical for animals to adapt to their environments and survive. Despite being a cornerstone of brain function, questions surrounding the molecula
10.1038/s42003-019-0589-x	Bright split red fluorescent proteins for the visualization of endogenous proteins and synapses	Communications Biology	Self-associating split fluorescent proteins (FPs) are split FPs whose two fragments spontaneously associate to form a functional FP. They have been widely used for labeling proteins, scaffolding protein assembly and detecting cell-cell contacts. Recently devel
10.7554/elife.20762	Frazzled promotes growth cone attachment at the source of a Netrin gradient in the Drosophila visual system	eLife	Axon guidance is proposed to act through a combination of long- and short-range attractive and repulsive cues. The ligand-receptor pair, Netrin (Net) and Frazzled (Fra) (DCC, Deleted in Colorectal Cancer, in vertebrates), is recognized as the prototypical effe
10.1007/978-3-662-03733-1	Cortex: Statistics and Geometry of Neuronal Connectivity		
10.1002/dneu.22408	Gap junctions in C. elegans: Their roles in behavior and development	Developmental Neurobiology	The nematode Caenorhabditis elegans utilizes gap junctions in different fashions in virtually all of its cells. This model animal has a surprisingly large number of innexin genes within its genome, and many nematode cell types can express multiple innexins at 
10.1371/journal.pcbi.1005984	Self-crowding of AMPA receptors in the excitatory postsynaptic density can effectuate anomalous receptor sub-diffusion	PLoS Comput. Biol.	AMPA receptors (AMPARs) and their associations with auxiliary transmembrane proteins are bulky structures with large steric-exclusion volumes. Hence, self-crowding of AMPARs, depending on the local density, may affect their lateral diffusion in the postsynapti
10.1038/s41598-021-83759-z	On the structural connectivity of large-scale models of brain networks at cellular level	Scientific Reports	The brain’s structural connectivity plays a fundamental role in determining how neuron networks generate, process, and transfer information within and between brain regions. The underlying mechanisms are extremely difficult to study experimentally and, in many
10.1111/jns.70019	New Approaches Based on Serial‐Block Face Electron Microscopy to Investigate the Peripheral Nervous System	Journal of the peripheral nervous system	Serial block face scanning electron microscopy (SBF‐SEM) enables automated 3D imaging of specimens with ultrastructural resolution. However, its application is often restricted due to the complex and labor‐intensive nature of the processes involved. This study
10.1109/tnnls.2024.3443413	Deep Graph Reinforcement Learning for Solving Multicut Problem	IEEE Transactions on Neural Networks and	The multicut problem, also known as correlation clustering, is a classic combinatorial optimization problem that aims to optimize graph partitioning given only node (dis)similarities on edges. It serves as an elegant generalization for several graph partitioni
10.1016/j.tins.2024.01.003	The emergence of multiscale connectomics-based approaches in stroke recovery.	Trends in Neurosciences	Stroke is a leading cause of adult disability. Understanding stroke damage and recovery requires deciphering changes in complex brain networks across different spatiotemporal scales. While recent developments in brain readout technologies and progress in compl
10.1016/j.plrev.2020.05.004	The growth of cognition: Free energy minimization and the embryogenesis of cortical computation.	Physics of Life Reviews	The assumption that during cortical embryogenesis neurons and synaptic connections are selected to form an ensemble maximising synchronous oscillation explains mesoscopic cortical development, and a mechanism for cortical information processing is implied by c
10.1038/s41377-022-00731-w	Chip-based multimodal super-resolution microscopy for histological investigations of cryopreserved tissue sections	Light: Science & Applications	Histology involves the observation of structural features in tissues using a microscope. While diffraction-limited optical microscopes are commonly used in histological investigations, their resolving capabilities are insufficient to visualize details at subce
10.1557/mrs.2014.52	Recent advances in focused ion beam technology and applications	MRS bulletin	Abstract
10.1093/jmicro/dfv015	Ultrathin sectioning with DUV-pulsed laser ablation: development of a laser ablation nano tome.	Microscopy	The electrically automated ultrathin sectioning apparatus, which has been developed in recent years, can produce consecutive ultrathin sections with a diamond knife and a gallium ion beam. These newly developed apparatuses, however, have several shortcomings, 
10.1007/978-3-030-01225-0_34	The Mutex Watershed: Efficient, Parameter-Free Image Partitioning	European Conference on Computer Vision	
10.1093/mam/ozae044.328	BIB-mSTEM Approach for Large Scale Acquisition of Brain Tissue	Microscopy and Microanalysis	Volume electron microscopy is the only technique to date that provides both sufficient resolution (<20 nm) and sufficient field of view (>100 μm) for the dense reconstruction of neuronal wiring diagrams. Currently, there exist two systems that have already del
10.1523/jneurosci.4884-03.2004	Endocannabinoid-Independent Retrograde Signaling at Inhibitory Synapses in Layer 2/3 of Neocortex: Involvement of Vesicular Glutamate Transporter 3	Journal of Neuroscience	Recent studies implicate dendritic endocannabinoid release from subsynaptic dendrites and subsequent inhibition of neurotransmitter release from nerve terminals as a means of retrograde signaling in multiple brain regions. Here we show that type 1 cannabinoid 
10.3390/insects13040332	Multimodal Information Processing and Associative Learning in the Insect Brain	Insects	Simple Summary Insect behaviors are a great indicator of evolution and provide useful information about the complexity of organisms. The realistic sensory scene of an environment is complex and replete with multisensory inputs, making the study of sensory inte
10.1073/pnas.1515623112	Proteomic mapping in live Drosophila tissues using an engineered ascorbate peroxidase	Proceedings of the National Academy of S	Significance We use a protein labeling technique based on an engineered ascorbate peroxidase (APEX) to map the proteome of the mitochondrial matrix in live tissues. The approach allows us to establish MitoMax, a comprehensive database providing a high-quality 
10.1101/319830	Synchronization dependent on spatial structures of a mesoscopic whole-brain network	bioRxiv	We study how the spatial structure of connectivity shapes synchronization in a system of coupled phase oscillators on a mammalian whole-brain network at the mesoscopic level. Complex structural connectivity of the mammalian brain is believed to underlie the ve
10.1093/cercor/bhs210	Axo-dendritic overlap and laminar projection can explain interneuron connectivity to pyramidal cells.	Cerebral Cortex	Neocortical GABAergic interneurons have important roles in the normal and pathological states of the circuit. Recent work has revealed that somatostatin-positive (SOM) and parvalbumin-positive (PV) interneurons connect promiscuously to pyramidal cells (PCs). W
10.1038/ncomms5486	Microglial displacement of inhibitory synapses provides neuroprotection in the adult brain	Nature Communications	Microglia actively survey the brain microenvironment and play essential roles in sculpting synaptic connections during brain development. While microglial functions in the adult brain are less clear, activated microglia can closely appose neuronal cell bodies 
10.1002/glia.23120	Astrocyte lipid metabolism is critical for synapse development and function in vivo	Glia	Abstract The brain is considered to be autonomous in lipid synthesis with astrocytes producing lipids far more efficiently than neurons. Accordingly, it is generally assumed that astrocyte‐derived lipids are taken up by neurons to support synapse formation and
10.1093/cercor/bhr252	Dissociating frontotemporal contributions to semantic ambiguity resolution in spoken sentences.	Cerebral Cortex	Comprehension of sentences containing semantically ambiguous words requires listeners to select appropriate interpretations, maintain linguistic material in working memory, and to reinterpret sentences that have been misinterpreted. All these functions appear 
10.1523/jneurosci.0171-15.2015	Neuropeptide Receptor Transcript Expression Levels and Magnitude of Ionic Current Responses Show Cell Type-Specific Differences in a Small Motor Circu	Journal of Neuroscience	We studied the relationship between neuropeptide receptor transcript expression and current responses in the stomatogastric ganglion (STG) of the crab, Cancer borealis. We identified a transcript with high sequence similarity to crustacean cardioactive peptide
10.1101/2023.05.31.543109	Short-term Hebbian learning can implement transformer-like attention	bioRxiv	Transformers have revolutionized machine learning models of language and vision, but their connection with neuroscience remains tenuous. Built from attention layers, they require a mass comparison of queries and keys that is difficult to perform using traditio
10.3389/fninf.2014.00027	Polarity-specific high-level information propagation in neural networks	Front. Neuroinform.	Analyzing the connectome of a nervous system provides valuable information about the functions of its subsystems. Although much has been learned about the architectures of neural networks in various organisms by applying analytical tools developed for general 
10.7554/elife.108675	SynaptoTagMe, a toolkit for in vivo mapping and modulating neurotransmission at single-cell resolution	eLife	Understanding the organization and regulation of neurotransmission at the level of individual neurons and synapses requires tools that can track and manipulate transmitter-specific vesicles in vivo. Here, we present SynaptoTagMe, a suite of genetic tools in Ca
10.1098/rsob.250165	FLP-15 modulates the amplitude of body-bends during locomotion in Caenorhabditis elegans	bioRxiv	Locomotion is essential for executing most behaviours. In Caenorhabditis elegans. Efficient locomotion is exhibited as a result of the coordination of excitatory and inhibitory signals from the nervous system onto the body-wall muscles. Although neurotransmitt
10.1103/shvm-x4x6	How random connectivity shapes the fluctuating dynamics of finite-size neural populations		Mesoscopic models of finite-size neuronal populations are crucial to understand the dynamics of neural networks in the brain, especially their fluctuations and response to stimuli. However, current theories to derive such models are based on homogeneous all-to
10.1016/j.neuron.2011.02.025	Dense inhibitory connectivity in neocortex	Neuron	Summary The connectivity diagram of neocortical circuits is still unknown, and there are conflicting data as to whether cortical neurons are wired specifically or not. To investigate the basic structure of cortical microcircuits, we use a novel two-photon phot
10.1111/ejn.13074	Optogenetic stimulation of astrocytes in the posterior hypothalamus increases sleep at night in C57BL/6J mice	European Journal of Neuroscience	A distributed network of neurons regulates wake, non‐rapid eye movement (NREM) sleep, and REM sleep. However, there are also glia in the brain, and there is growing evidence that neurons and astroglia communicate intimately to regulate behaviour. To identify t
10.1371/journal.pgen.1010219	OLA-1, an Obg-like ATPase, integrates hunger with temperature information in sensory neurons in C. elegans	PLoS Genetics	Animals detect changes in both their environment and their internal state and modify their behavior accordingly. Yet, it remains largely to be clarified how information of environment and internal state is integrated and how such integrated information modifie
10.1038/nprot.2015.122	Whole-body tissue stabilization and selective extractions via tissue-hydrogel hybrids for high-resolution intact circuit mapping and phenotyping	Nature Protocols	To facilitate fine-scale phenotyping of whole specimens, we describe here a set of tissue fixation-embedding, detergent-clearing and staining protocols that can be used to transform excised organs and whole organisms into optically transparent samples within 1
10.1016/j.pneurobio.2023.102541	STED microscopy reveals dendrite-specificity of spines in turtle cortex.	Progress in neurobiology	Dendritic spines are key structures for neural communication, learning and memory. Spine size and shape probably reflect synaptic strength and learning. Imaging with superresolution STED microscopy the detailed shape of the majority of the spines of individual
10.1101/2021.04.29.442028	Non-preferred contrast responses in the Drosophila motion pathways reveal a receptive field structure that explains a common visual illusion	bioRxiv	Diverse sensory systems, from audition to thermosensation, feature a separation of inputs into ON (increments) and OFF (decrements) signals. In the Drosophila visual system, separate ON and OFF pathways compute the direction of motion, yet anatomical and funct
10.5772/67891	Introductory Chapter: Mechanisms and Function of Synaptic Plasticity	Synaptic Plasticity	
10.1016/b978-0-12-801075-4.00016-1	Correlative in vivo 2-photon imaging and focused ion beam scanning electron microscopy: 3D analysis of neuronal ultrastructure.	Methods in Cell Biology	This protocol describes how dendrites and axons, imaged in vivo, can subsequently be analyzed in 3D using focused ion beam scanning electron microscopy (FIBSEM). The fluorescent structures are identified after chemical fixation and their position highlighted u
10.1016/j.cub.2022.03.066	Connectome of the lamina reveals the circuit for early color processing in the visual pathway of a butterfly.	Current Biology	Connectomics has become a standard neuroscience methodology in a few model animals,1 with the visual system being a popular target of study.2-5 Combining connectomics with circuit and behavioral physiology, recent studies on the color vision of the fruit fly D
10.1038/s41598-026-39358-x	Excitatory GABA receptors shape locomotor circuit organization in C. elegans	Scientific Reports	Caenorhabditis elegans encodes 102 cys-loop ligand-gated ion channels (LGICs) via the lgc gene family, including excitatory γ-aminobutyric acid (GABA) receptors not found in vertebrates. Although GABA is classically inhibitory, in C. elegans it can also elicit
10.1073/pnas.1904338118	Extrasynaptic acetylcholine signaling through a muscarinic receptor regulates cell migration	Proceedings of the National Academy of S	Significance Although ACh is best known for its role in neurotransmission, it also plays a role in cell migration. ACh promotes various cell migrations in vitro, but little is known how it affects cell migration inside an organism where multiple environmental 
10.3389/fnsyn.2016.00029	Organelle-Specific Sensors for Monitoring Ca2+ Dynamics in Neurons	Frontiers in Synaptic Neuroscience	Calcium (Ca2+) plays innumerable critical functions in neurons ranging from regulation of neurotransmitter release and synaptic plasticity to activity-dependent transcription. Therefore, more than any other cell types, neurons are critically dependent on spati
10.1002/(sici)1096-9861(19970414)380:3<373::aid-cne6>3.0.co;2-#	Spatial training in a complex environment and isolation alter the spine distribution differently in rat CA1 pyramidal cells	Journal of Comparative Neurology	The hippocampus is critically involved in spatial learning. Spatial training in adult rats, which improved their spatial learning ability, increased the number of excitatory hippocampal CA1 spine synapses on basal dendrites as compared with either isolated or 
10.1007/s00418-018-1632-6	A small protein probe for correlated microscopy of endogenous proteins	Histochemistry and Cell Biology	Probes are essential to visualize proteins in their cellular environment, both using light microscopy as well as electron microscopy (EM). Correlated light microscopy and electron microscopy (CLEM) requires probes that can be imaged simultaneously by both opti
10.1186/1471-2202-11-122	Cross-approximate entropy of cortical local field potentials quantifies effects of anesthesia - a pilot study in rats	BMC Neuroscience	BackgroundAnesthetics dose-dependently shift electroencephalographic (EEG) activity towards high-amplitude, slow rhythms, indicative of a synchronization of neuronal activity in thalamocortical networks. Additionally, they uncouple brain areas in higher (gamma
10.1101/2022.10.03.510694	Domain-adaptive matching bridges synthetic and in vivo neural dynamics for neural circuit connectivity inference	bioRxiv	Abstract Accurately inferring neural circuit connectivity from in vivo recordings is essential for understanding the computations that support behavior and cognition. However, current deep learning approaches are limited by incomplete observability and the lac
10.1093/cercor/bhu268	Functional Local Input to Layer 5 Pyramidal Neurons in the Rat Visual Cortex.	Cerebral Cortex	Pyramidal neurons in layer 5 of the neocortex can be differentiated into 3 cell subtypes: 1) short regular spiking (SH), 2) tall regular spiking (TR), and 3) tall burst spiking (TB), based on their morphological and electrophysiological properties. We characte
10.1371/journal.pone.0315069	Ethanol alters mechanosensory habituation in C. elegans by way of the BK potassium channel through a novel mechanism	PLoS ONE	In this research, we investigated how alcohol modulates the simplest form of learning, habituation, in Caenorhabditis elegans. We used our high throughput Multi-Worm Tracker to conduct a large scale study of more than 21,000 wild-type worms to assess the effec
10.1371/journal.pbio.2005513	Multiple origins and modularity in the spatiotemporal emergence of cerebellar astrocyte heterogeneity	PLoS Biology	The morphological, molecular, and functional heterogeneity of astrocytes is under intense scrutiny, but how this diversity is ontogenetically achieved remains largely unknown. Here, by quantitative in vivo clonal analyses and proliferation studies, we demonstr
10.1098/rstb.2012.0215	What is comparable in comparative cognition?	Philosophical Transactions of the Royal 	To understand how complex, or ‘advanced’ various forms of cognition are, and to compare them between species for evolutionary studies, we need to understand the diversity of neural–computational mechanisms that may be involved, and to identify the genetic chan
10.1016/j.isci.2020.101514	Mitochondrial Protrusions in Neuronal Cells	iScience	Summary Mitochondrial function relies on multiple quality control mechanisms, including the release of mitochondrial vesicles. To investigate the ultrastructure and prevalence of mitochondrial membranous protrusions (and, by extension, vesicles) in neurons, we
10.1371/journal.pcbi.1014673	Modeling the influences of non-local connectomic projections on geometrically constrained cortical dynamics.	PLoS Computational Biology	The function and dynamics of the cortex are fundamentally shaped by the specific wiring configurations of its constituent axonal fibers, also known as the connectome. However, many dynamical properties of macroscale cortical activity are well captured by inste
10.1017/s0952523816000183	Random Spatial Patterning of Cone Bipolar Cell Mosaics in the Mouse Retina	Visual Neuroscience	Abstract Retinal bipolar cells spread their dendritic arbors to tile the retinal surface, extending them to the tips of the dendritic fields of their homotypic neighbors, minimizing dendritic overlap. Such uniform nonredundant dendritic coverage of these popul
10.15252/embj.201899771	Postsynaptic localization and regulation of AMPA receptors and Cav1.2 by β2 adrenergic receptor/PKA and Ca2+/CaMKII signaling	EMBO Journal	The synapse transmits, processes, and stores data within its tiny space. Effective and specific signaling requires precise alignment of the relevant components. This review examines current insights into mechanisms of AMPAR and NMDAR localization by PSD‐95 and
10.1016/j.ydbio.2019.10.012	Effector gene expression underlying neuron subtype-specific traits in the Motor Ganglion of Ciona	Developmental Biology	The central nervous system of the Ciona larva contains only 177 neurons. The precise regulation of neuron subtype-specific morphogenesis and differentiation observed during the formation of this minimal connectome offers a unique opportunity to dissect gene re
10.1523/jneurosci.4423-12.2013	Layer specific experience-dependent rewiring of thalamocortical circuits	Journal of Neuroscience	Thalamocortical circuits are central to sensory and cognitive processing. Recent work suggests that the thalamocortical inputs onto L4 and L6, the main input layers of neocortex, are activated differently by visual stimulation. Whether these differences depend
10.1021/acsabm.3c00063	Neuroanatomical Tract Tracers: Not Just for Neural Tracing Anymore.	ACS Applied Bio Materials	Neuroanatomical tract tracers (NaTTs) have been used for neural circuit tracing for decades and now find recent applications in disease diagnosis and drug and gene delivery. In this Review, first the different subclasses of NaTTs including nonviral and viral t
10.1021/ja411338t	Flash Memory: Photochemical Imprinting of Neuronal Action Potentials onto a Microbial Rhodopsin	Journal of the American Chemical Society	We developed a technique, “flash memory”, to record a photochemical imprint of the activity state—firing or not firing—of a neuron at a user-selected moment in time. The key element is an engineered microbial rhodopsin protein with three states. Two nonfluores
10.7554/elife.81958	Homeostatic regulation through strengthening of neuronal network-correlated synaptic inputs	bioRxiv	Homeostatic regulation is essential for neuronal function. Several synaptic mechanisms of homeostatic plasticity have been described, but the functional properties of synapses involved in homeostasis are unknown. We used longitudinal two-photon functional imag
10.3389/fncel.2023.1306006	Trophoblast glycoprotein is required for efficient synaptic vesicle exocytosis from retinal rod bipolar cells	bioRxiv	Rod bipolar cells (RBCs) faithfully transmit light-driven signals from rod photoreceptors in the outer retina to third order neurons in the inner retina. Recently, significant work has focused on the role of leucine-rich repeat (LRR) proteins in synaptic devel
10.1016/j.neuron.2019.07.017	Reliable Sequential Activation of Neural Assemblies by Single Pyramidal Cells in a Three-Layered Cortex.	Neuron	Recent studies reveal the occasional impact of single neurons on surround firing statistics and even simple behaviors. Exploiting the advantages of a simple cortex, we examined the influence of single pyramidal neurons on surrounding cortical circuits. Brief a
10.1126/sciadv.abg4617	An asymmetric mechanical code ciphers curvature-dependent proprioceptor activity	Science Advances	Functional compartmentalization of sensory axons by mechanical compression and extension tunes neuronal activity in C. elegans.
10.1016/j.tim.2018.11.011	The Pathogen-Host Interface in Three Dimensions: Correlative FIB/SEM Applications.	Trends in Microbiology	Pathogens survive and propagate within host cells through a wide array of complex interactions. Tracking the molecular and cellular events by multidimensional fluorescence microscopy has been a widespread tool for research on intracellular pathogens. Through m
10.1016/s0306-4522(00)00225-6	Laminar differences in recurrent excitatory transmission in the rat entorhinal cortex in vitro.	Neuroscience	Paired intracellular recordings were used to investigate recurrent excitatory transmission in layers II, III and V of the rat entorhinal cortex in vitro. There was a relatively high probability of finding a recurrent connection between pairs of pyramidal neuro
10.1111/jmi.12700	Automated detection of fluorescent cells in in‐resin fluorescence sections for integrated light and electron microscopy	Journal of Microscopy	Integrated array tomography combines fluorescence and electron imaging of ultrathin sections in one microscope, and enables accurate high‐resolution correlation of fluorescent proteins to cell organelles and membranes. Large numbers of serial sections can be i
10.1038/nature21394	Inhibition decorrelates visual feature representations in the inner retina	Nature	The retina extracts visual features for transmission to the brain. Different types of bipolar cell split the photoreceptor input into parallel channels and provide the excitatory drive for downstream visual circuits. Mouse bipolar cell types have been describe
10.1038/srep18631	ACT-PRESTO: Rapid and consistent tissue clearing and labeling method for 3-dimensional (3D) imaging	Scientific Reports	Understanding the structural organization of organs and organisms at the cellular level is a fundamental challenge in biology. This task has been approached by reconstructing three-dimensional structure from images taken from serially sectioned tissues, which 
10.1177/0271678x251337630	Regulation of synaptic mitochondria by extracellular vesicles and its implications for neuronal metabolism and synaptic plasticity	Journal of Cerebral Blood Flow and Metab	Mitochondrial metabolism in neurons is necessary for energetically costly processes like synaptic transmission and plasticity. As post-mitotic cells, neurons are therefore faced with the challenge of maintaining healthy functioning mitochondria throughout life
10.1002/jemt.20777	A novel approach for correlative light electron microscopy analysis	Microscopy research and technique (Print	Abstract Correlative light and electron microscopy (CLEM) is a multimodal technique of increasing utilization in functional, biochemical, and molecular biology. CLEM attempts to combine multidimensional information from the complementary fluorescence light mic
10.1016/j.conb.2020.08.013	Brain-wide, scale-wide physiology underlying behavioral flexibility in zebrafish.	Current Opinion in Neurobiology	The brain is tasked with choosing actions that maximize an animal's chances of survival and reproduction. These choices must be flexible and informed by the current state of the environment, the needs of the body, and the outcomes of past actions. This informa
10.1073/pnas.1219256110	In vivo single branch axotomy induces GAP-43–dependent sprouting and synaptic remodeling in cerebellar cortex	Proceedings of the National Academy of S	Plasticity in the central nervous system in response to injury is a complex process involving axonal remodeling regulated by specific molecular pathways. Here, we dissected the role of growth-associated protein 43 (GAP-43; also known as neuromodulin and B-50) 
10.1111/jmi.12179	High resolution SEM imaging of gold nanoparticles in cells and tissues	Journal of Microscopy	Summary The growing demand of gold nanoparticles in medical applications increases the need for simple and efficient characterization methods of the interaction between the nanoparticles and biological systems. Due to its nanometre resolution, modern scanning 
10.1038/s41567-026-03306-3	Simple input-output dependencies explain neuronal activity	Nature Physics	Our understanding of neural computation is founded on the assumption that neurons fire in response to a linear summation of inputs. However, experiments demonstrate that some neurons are capable of complex functions that require interactions between inputs. He
10.1152/jn.00283.2003	Two dynamically distinct inhibitory networks in layer 4 of the neocortex.	Journal of Neurophysiology	Normal operations of the neocortex depend critically on several types of inhibitory interneurons, but the specific function of each type is unknown. One possibility is that interneurons are differentially engaged by patterns of activity that vary in frequency 
10.1101/2020.10.24.353409	A meta-learning approach to (re)discover plasticity rules that carve a desired function into a neural network	bioRxiv	The search for biologically faithful synaptic plasticity rules has resulted in a large body of models. They are usually inspired by – and fitted to – experimental data, but they rarely produce neural dynamics that serve complex functions. These failures sugges
10.1111/ejn.15092	An ultrastructural connectomic analysis of a higher‐order thalamocortical circuit in the mouse	European Journal of Neuroscience	Many studies exist of thalamocortical synapses in primary sensory cortex, but much less in known about higher‐order thalamocortical projections to higher‐order cortical areas. We begin to address this gap using genetic labeling combined with large volume seria
10.1117/1.nph.11.2.024203	Bioluminescence as a functional tool for visualizing and controlling neuronal activity in vivo	Neurophotonics	Abstract. The use of bioluminescence as a reporter for physiology in neuroscience is as old as the discovery of the calcium-dependent photon emission of aequorin. Over the years, luciferases have been largely replaced by fluorescent reporters, but recently, th
10.1038/nn.3901	Surface diffusion of astrocytic glutamate transporters shapes synaptic transmission	Nature Neuroscience	Control of the glutamate time course in the synapse is crucial for excitatory transmission. This process is mainly ensured by astrocytic transporters, high expression of which is essential to compensate for their slow transport cycle. Although molecular mechan
10.1016/j.neunet.2024.107079	Chaotic recurrent neural networks for brain modelling: A review	Neural Networks	Even in the absence of external stimuli, the brain is spontaneously active. Indeed, most cortical activity is internally generated by recurrence. Both theoretical and experimental studies suggest that chaotic dynamics characterize this spontaneous activity. Wh
10.1523/jneurosci.4013-15.2016	Retinal Circuitry Balances Contrast Tuning of Excitation and Inhibition to Enable Reliable Computation of Direction Selectivity	Journal of Neuroscience	Feedforward (FF) inhibition is a common motif in many neural networks. Typically, excitatory inputs drive both principal neurons and interneurons; the interneurons then inhibit the principal neurons, thereby regulating the strength and timing of the FF signal.
10.1016/bs.mcb.2020.09.002	On-section correlative light and electron microscopy of large cellular volumes using STEM tomography.	Methods in Cell Biology	The application of both fluorescence and electron microscopy results in a powerful combination of imaging modalities called "correlative light and electron microscopy" (CLEM). Whereas conventional transmission electron microscopy (TEM) tomography is only able 
10.1007/978-3-319-68997-5_5	Volume Scanning Electron Microscopy: Serial Block-Face Scanning Electron Microscopy Focussed Ion Beam Scanning Electron Microscopy	Biological and Medical Physics, Biomedic	
10.3390/jimaging5090075	Segmentation and Modelling of the Nuclear Envelope of HeLa Cells Imaged with Serial Block Face Scanning Electron Microscopy	Journal of Imaging	This paper describes an unsupervised algorithm, which segments the nuclear envelope of HeLa cells imaged by Serial Block Face Scanning Electron Microscopy. The algorithm exploits the variations of pixel intensity in different cellular regions by calculating ed
10.1109/isbi.2015.7163922	Post-acquisition image based compensation for thickness variation in microscopy section series	IEEE International Symposium on Biomedic	Serial section Microscopy is an established method for volumetric anatomy reconstruction. Section series imaged with Electron Microscopy are currently vital for the reconstruction of the synaptic connectivity of entire animal brains such as that of Drosophila 
10.1007/978-3-319-66185-8_16	Deep Learning for Isotropic Super-Resolution from Non-isotropic 3D Electron Microscopy	Lecture Notes in Computer Science	
10.1038/s42003-026-09719-3	Dendritic heterosynaptic plasticity arises from calcium-based input learning	Communications Biology	Stimulus-triggered synaptic plasticity is the foundation of learning and crucial cognitive abilities. Although numerous computational models have investigated plasticity within networks of point neurons, dendritic integration confers superior computational cap
10.1038/s41596-025-01153-9	Correlative light and electron microscopy for human brain and other biological models	Nature Protocols	Correlative light and electron microscopy (CLEM) combines light microscopy, for identifying a target via genetic labels, dyes, antibodies and morphological features, with electron microscopy, for analyzing high-resolution subcellular ultrastructures. Here, we 
10.3389/fnana.2020.00012	Understanding the Molecular and Cell Biological Mechanisms of Electrical Synapse Formation	Frontiers in Neuroanatomy	In this review article, we will describe the recent advances made towards understanding the molecular and cell biological mechanisms of electrical synapse formation. New evidence indicates that electrical synapses, which are gap junctions between neurons, can 
10.1103/47h5-fbyy	Synaptic shot noise triggers fast and slow global oscillations in balanced neural networks.	Physical Review E	Neural dynamics is determined by the transmission of discrete synaptic pulses (synaptic shot noise) among neurons. However, the neural responses are usually obtained within the diffusion approximation modeling synaptic inputs as continuous Gaussian noise. Here
10.1016/j.cub.2023.01.032	Neuronal excitability as a regulator of circuit remodeling	Current Biology	Summary Postnatal remodeling of neuronal connectivity shapes mature nervous systems.1,2,3 The pruning of exuberant connections involves cell-autonomous and non-cell-autonomous mechanisms, such as neuronal activity. Indeed, experience-dependent competition scul
10.1186/s12859-017-1635-7	An extensive assessment of network alignment algorithms for comparison of brain connectomes	BMC Bioinformatics	Recently the study of the complex system of connections in neural systems, i.e. the connectome, has gained a central role in neurosciences. The modeling and analysis of connectomes are therefore a growing area. Here we focus on the representation of connectome
10.64898/2026.06.05.730298	iSBEM: An Open-Source Workflow for Automated ROI Targeting in Volume Electron Microscopy	bioRxiv	Serial Block Face – Scanning Electron Microscopy (SBF-SEM) is a volume EM method suited to investigate the 3D architecture of tissues and even entire organisms at high resolution. However, imaging large volumes in their entirety is time-consuming and not alway
10.1371/journal.pcbi.1005141	Scaling Properties of Dimensionality Reduction for Neural Populations and Network Models	PLoS Comput. Biol.	Recent studies have applied dimensionality reduction methods to understand how the multi-dimensional structure of neural population activity gives rise to brain function. It is unclear, however, how the results obtained from dimensionality reduction generalize
10.1038/s41593-024-01676-6	Fear learning induces synaptic potentiation between engram neurons in the rat lateral amygdala	Nature Neuroscience	The lateral amygdala (LA) encodes fear memories by potentiating sensory inputs associated with threats and, in the process, recruits 10–30% of its neurons per fear memory engram. However, how the local network within the LA processes this information and wheth
10.1038/s41467-017-00740-z	Modeling somatic and dendritic spike mediated plasticity at the single neuron and network level	Nature Communications	Synaptic plasticity is thought to be the principal neuronal mechanism underlying learning. Models of plastic networks typically combine point neurons with spike-timing-dependent plasticity (STDP) as the learning rule. However, a point neuron does not capture t
10.3389/fcell.2021.629503	Brain Ultrastructure: Putting the Pieces Together	Frontiers in Cell and Developmental Biol	Unraveling the fine structure of the brain is important to provide a better understanding of its normal and abnormal functioning. Application of high-resolution electron microscopic techniques gives us an unprecedented opportunity to discern details of the bra
10.1016/j.neuroimage.2022.119277	Neurite Exchange Imaging (NEXI): A minimal model of diffusion in gray matter with inter-compartment water exchange	NeuroImage	Biophysical models of diffusion in white matter have been center-stage over the past two decades and are essentially based on what is now commonly referred to as the “Standard Model” (SM) of non-exchanging anisotropic compartments with Gaussian diffusion. In t
10.1523/jneurosci.4222-09.2010	Reconciling Coherent Oscillation with Modulation of Irregular Spiking Activity in Selective Attention: Gamma-Range Synchronization between Sensory and	Journal of Neuroscience	In this computational work, we investigated gamma-band synchronization across cortical circuits associated with selective attention. The model explicitly instantiates a reciprocally connected loop of spiking neurons between a sensory-type (area MT) and an exec
10.64898/2026.06.14.729168	A Structural Principle for Macroscopic Neural Dynamics Correlations	bioRxiv	A central question in neuroscience is how the brain’s structural connectivity gives rise to its emergent, correlated dynamics. These large-scale dynamical correlations underlie functional networks that support cognitive functions. Here, we identify coupling co
10.3389/fcell.2022.866472	One for All, All for One: A Close Look at In-Resin Fluorescence Protocols for CLEM	Frontiers in Cell and Developmental Biol	Sample preparation is the novel bottleneck for high throughput correlative light and electron microscopy (CLEM). Protocols suitable for both imaging methods must therefore balance the requirements of each technique. For fluorescence light microscopy, a structu
10.1002/(sici)1096-9861(20000424)420:1<52::aid-cne4>3.0.co;2-o	Intrinsic connections in the caudal subdivision of the dorsolateral visual area (DLC) in squirrel monkeys	The Journal of comparative neurology	Patterns of intrinsic connections and features of individual intrinsic axons in the caudal subdivision of the dorsolateral visual area (DL(C)) were investigated in four squirrel monkeys (Saimiri) following extracellular injections of the tracers biocytin, biot
10.3389/fnins.2019.00890	Functional Scaffolding for Brain Implants: Engineered Neuronal Network by Microfabrication and iPSC Technology	Frontiers in Neuroscience	Neuroengineering methods can be effectively used in the design of new approaches to treat central nervous system and brain injury caused by neurotrauma, ischemia, or neurodegenerative disorders. During the last decade, significant results were achieved in the 
10.1038/ncomms5342	Virtual finger boosts three-dimensional imaging and microsurgery as well as terabyte volume image visualization and analysis	Nature Communications	Three-dimensional (3D) bioimaging, visualization and data analysis are in strong need of powerful 3D exploration techniques. We develop virtual finger (VF) to generate 3D curves, points and regions-of-interest in the 3D space of a volumetric image with a singl
10.1101/2024.05.24.595748	The fruit fly, Drosophila melanogaster, as a micro-robotics platform	bioRxiv	Engineering small autonomous agents capable of operating in the microscale environment remains a key challenge, with current systems still evolving. Our study explores the fruit fly, Drosophila melanogaster, a classic model system in biology and a species adep
10.1002/glia.23284	Alterations in CA1 hippocampal synapses in a mouse model of Fragile X Syndrome	Glia	Fragile X Syndrome (FXS) is the major cause of inherited mental retardation and the leading genetic cause of Autism spectrum disorders. FXS is caused by mutations in the Fragile X Mental Retardation 1 (Fmr1) gene, which results in transcriptional silencing of 
10.1152/jn.00067.2017	Transcribing the connectome: roles for transcription factors and chromatin regulators in activity-dependent synapse development.	Journal of Neurophysiology	The wiring of synaptic connections in the developing mammalian brain is shaped by both intrinsic and extrinsic signals. One point where these regulatory pathways converge is via the sensory experience-dependent regulation of new gene transcription. Recent stud
10.7554/elife.13715	Birth order dependent growth cone segregation determines synaptic layer identity in the Drosophila visual system	eLife	The precise recognition of appropriate synaptic partner neurons is a critical step during neural circuit assembly. However, little is known about the developmental context in which recognition specificity is important to establish synaptic contacts. We show th
10.64898/2026.03.20.713233	The digital sphinx: Can a worm brain control a fly body?	bioRxiv	Animal intelligence is not purely a product of abstract computation in the brain, but emerges from dynamic interactions between the nervous system and the body. New connectome datasets and musculoskeletal models now enable integrated, closed-loop simulations o
10.4161/worm.25546	Complex RIA calcium dynamics and its function in navigational behavior	Worm	Recently, we have reported novel and complex calcium dynamics in the RIA interneuron, which has been implicated in several navigational behaviors in C. elegans. Here, we review our findings on the compartmentalized and global calcium events in RIA and propose 
10.1152/jn.01095.2002	What determines the frequency of fast network oscillations with irregular neural discharges? I. Synaptic dynamics and excitation-inhibition balance.	Journal of Neurophysiology	When the local field potential of a cortical network displays coherent fast oscillations (∼40-Hz gamma or ∼200-Hz sharp-wave ripples), the spike trains of constituent neurons are typically irregular and sparse. The dichotomy between rhythmic local field and st
10.1016/j.neuron.2015.09.003	SegEM: Efficient Image Analysis for High-Resolution Connectomics.	Neuron	Progress in electron microscopy-based high-resolution connectomics is limited by data analysis throughput. Here, we present SegEM, a toolset for efficient semi-automated analysis of large-scale fully stained 3D-EM datasets for the reconstruction of neuronal ci
10.7554/elife.14000	Parallel encoding of sensory history and behavioral preference during Caenorhabditis elegans olfactory learning	eLife	Sensory experience modifies behavior through both associative and non-associative learning. In Caenorhabditis elegans, pairing odor with food deprivation results in aversive olfactory learning, and pairing odor with food results in appetitive learning. Aversiv
10.1523/jneurosci.5847-08.2009	Membrane Potential Changes in Dendritic Spines during Action Potentials and Synaptic Input	Journal of Neuroscience	Excitatory input onto many neurons in the brain occurs onto specialized projections called dendritic spines. Despite their potential importance in neuronal function, direct experimental evidence on electrical signaling in dendritic spines is lacking as their s
10.1109/cbms65348.2025.00062	3D Semantic Cell Segmentation via Propagation of 2D Results and Integration of Intercellular Priors	2025 IEEE 38th International Symposium o	Accurate 3D semantic cell segmentation in volumetric electron microscopy images is crucial for analyzing tissue architecture and plays a key role in studying fundamental biological processes. While current 2D semantic segmentation methods benefiting from numer
10.1038/nmeth.4331	webKnossos: efficient online 3D data annotation for connectomics	Nature Methods	We report webKnossos, an in-browser annotation tool for 3D electron microscopic data. webKnossos provides flight mode, a single-view egocentric reconstruction method enabling trained annotator crowds to reconstruct at a speed of 1.5 ± 0.6 mm/h for axons and 2.
10.1117/1.jbo.19.1.011021	Spatial cluster analysis of nanoscopically mapped serotonin receptors for classification of fixed brain tissue	Journal of Biomedical Optics	Abstract. We present a cluster spatial analysis method using nanoscopic dSTORM images to determine changes in protein cluster distributions within brain tissue. Such methods are suitable to investigate human brain tissue and will help to achieve a deeper under
10.1016/j.celrep.2024.114638	A dendritic mechanism for balancing synaptic flexibility and stability	bioRxiv	Biological and artificial neural networks learn by modifying synaptic weights, but it is unclear how these systems can retain previous knowledge and also acquire new information. Here we show that cortical pyramidal neurons can solve this plasticity-versus-sta
10.1523/jneurosci.3539-11.2011	Rich-Club Organization of the Human Connectome	Journal of Neuroscience	The human brain is a complex network of interlinked regions. Recent studies have demonstrated the existence of a number of highly connected and highly central neocortical hub regions, regions that play a key role in global information integration between diffe
10.1016/j.neubiorev.2012.02.014	Dynamic neural systems enable adaptive, flexible memories.	Neuroscience and Biobehavioral Reviews	Almost all studies on memory formation have implicitly put forward a rather static view on memory. However, memories are not stable but sensitive to changes over time. Here we argue that memory alterations arise from the inherent predictive function of memory.
10.1016/j.neuron.2012.06.032	Specifying cortical circuits: A role for cell lineage	Neuron	Summary Two recent papers, Li et al in Nature (2012) and Ohtsuki et al in this issue of Neuron (this issue), address the question of how lineage relationships between cortical neurons impact the development of specific connectivity and functional properties of
10.1038/s41586-020-03134-2	Structure and function of a neocortical synapse	Nature	In 1986, electron microscopy was used to reconstruct by hand the entire nervous system of a roundworm, the nematode Caenorhabditis elegans1. Since this landmark study, high-throughput electron-microscopic techniques have enabled reconstructions of much larger 
10.1101/2021.09.06.459091	Analysis of rod/cone gap junctions from the reconstruction of mouse photoreceptor terminals	bioRxiv	Using serial blockface-scanning electron microscopy (SBF-SEM) and focused ion beam-scanning electron microscopy (FIB-SEM), combined with confocal microscopy for the gap junction protein Cx36, we reconstructed mouse photoreceptor terminals and located the gap j
10.1073/pnas.1312691110	Cellular organization of cortical barrel columns is whisker-specific	Proceedings of the National Academy of S	Significance Cortical columns are thought to be the elementary functional building blocks of sensory cortices. Here we show that the cellular architecture of cortical “barrel” columns in rodent somatosensory cortex is not stereotypic, but specific for each whi
10.1101/812644	Mapping mesoscale axonal projections in the mouse brain using a 3D convolutional network	Proceedings of the National Academy of S	Significance Simple, high-resolution methods for visualizing complex neural circuitry in 3D in the intact mammalian brain are revolutionizing the way researchers study brain connectivity and function. However, concomitant development of robust, open-source com
10.7554/elife.29797	Neuromodulatory connectivity defines the structure of a behavioral neural network	eLife	Neural networks are typically defined by their synaptic connectivity, yet synaptic wiring diagrams often provide limited insight into network function. This is due partly to the importance of non-synaptic communication by neuromodulators, which can dynamically
10.1016/j.mcn.2004.04.001	Regulation of dendritic spine motility and stability by Rac1 and Rho kinase: evidence for two forms of spine motility.	Molecular and cellular neurosciences	Dendritic spines are major sites of excitatory synapses in the brain and display rapid motility, which is believed to be important for synapse formation and plasticity. Spine morphology was previously shown to be regulated by the Rho GTPases Rac1 and RhoA. Her
10.1371/journal.pcbi.1008836	Sparse balance: Excitatory-inhibitory networks with small bias currents and broadly distributed synaptic weights	bioRxiv	Cortical circuits generate excitatory currents that must be cancelled by strong inhibition to assure stability. The resulting excitatory-inhibitory (E-I) balance can generate spontaneous irregular activity but, in standard balanced E-I models, this requires th
10.7554/elife.71171	Differential adhesion regulates neurite placement via a retrograde zippering mechanism	eLife	During development, neurites and synapses segregate into specific neighborhoods or layers within nerve bundles. The developmental programs guiding placement of neurites in specific layers, and hence their incorporation into specific circuits, are not well unde
10.1101/pdb.prot5546	Multicolor Brainbow Imaging in Zebrafish	Cold Spring Harbor Protocols	This chapter describes how to use the Brainbow strategy to label neurons in many different hues. The Brainbow system uses a random Cre/lox recombination to create varied combinations of red, blue, and green fluorescent proteins in each cell. The differences in
10.1016/j.conb.2017.12.001	Building a state space for song learning	Current Opinion in Neurobiology	The songbird system has shed light on how the brain produces precisely timed behavioral sequences, and how the brain implements reinforcement learning (RL). RL is a powerful strategy for learning what action to produce in each state, but requires a unique repr
10.1523/eneuro.0049-14.2014	neuTube 1.0: A New Design for Efficient Neuron Reconstruction Software Based on the SWC Format	eNeuro	Compared to other existing tools, the novel software we present has some unique features such as comprehensive editing functions and the combination of seed-based tracing and path searching algorithms, as well as their availability in parallel 2D and 3D visual
10.1101/2023.01.23.525101	Neurophysiological signatures of cortical micro-architecture	bioRxiv	Systematic spatial variation in micro-architecture is observed across the cortex. These micro-architectural gradients are reflected in neural activity, which can be captured by neurophysiological time-series. How spontaneous neurophysiological dynamics are org
10.1152/jn.00287.2015	Differential encoding of spatial information among retinal on cone bipolar cells.	Journal of Neurophysiology	The retina is the first stage of visual processing. It encodes elemental features of visual scenes. Distinct cone bipolar cells provide the substrate for this to occur. They encode visual information, such as color and luminance, a principle known as parallel 
10.1016/j.jphysparis.2013.10.001	Mapping the primate lateral geniculate nucleus: A review of experiments and methods	Journal of Physiology - Paris	Mapping neuronal responses in the lateral geniculate nucleus (LGN) is key to understanding how visual information is processed in the brain. This paper focuses on our current knowledge of the dynamics the receptive field (RF) as broken down into the classical 
10.1038/s41467-021-21004-x	Asynchronous release sites align with NMDA receptors in mouse hippocampal synapses	Nature Communications	Neurotransmitter is released synchronously and asynchronously following an action potential. Our recent study indicates that the release sites of these two phases are segregated within an active zone, with asynchronous release sites enriched near the center in
10.1186/s12915-022-01424-x	Dissection of a sensorimotor circuit underlying pathogen aversion in C. elegans	BMC Biology	Background Altering animal behavior to reduce pathogen exposure is a key line of defense against pathogen attack. In Caenorhabditis elegans , alterations in intestinal physiology caused by pathogen colonization and sensation of microbial metabolites may lead t
10.1007/bf01111929	Synaptic organization of the inner plexiform layer in the retina of the tiger salamander	Journal of Neurocytology	
10.1101/2020.10.01.320978	Whole brain wiring diagram of oxytocin system in adult mice	bioRxiv	Oxytocin (OT) neurons regulate diverse physiological responses via direct connections with different neural circuits. However, the lack of comprehensive input-output wiring diagrams of OT neurons and their quantitative relationship with OT receptor (OTR) expre
10.1038/ncomms13529	Functional implications of orientation maps in primary visual cortex	Nature Communications	Stimulus orientation in the primary visual cortex of primates and carnivores is mapped as iso-orientation domains radiating from pinwheel centres, where orientation preferences of neighbouring cells change circularly. Whether this orientation map has a functio
10.1038/s41467-026-75352-7	Mechanosensory encoding of surface mechanics optimizes locomotion	Nature Communications	Locomotion - whether walking, running, or crawling - depends on the precise coordination of forces between the body and its surroundings. Two critical factors in this process are the force that resists the relative motion between two bodies, and mechanosensati
10.1007/s12021-014-9219-4	Structure-Based Neuron Retrieval Across Drosophila Brains	Neuroinformatics	Comparing local neural structures across large sets of examples is crucial when studying gene functions, and their effect in the Drosophila brain. The current practice of aligning brain volume data to a joint reference frame is based on the neuropil. However, 
10.1101/2025.09.22.677863	Comparative Connectomics Highlights Conserved Architectural Synaptic Motifs in the Drosophila Mushroom Body	bioRxiv	While the influence of synaptic plasticity on learning and memory has been extensively studied, the detailed patterns of synaptic connectivity remain incompletely mapped. Convergent synaptic motifs — a tight grouping of at least two axons whose active zones ar
10.1371/journal.pcbi.1002311	Beyond Statistical Significance: Implications of Network Structure on Neuronal Activity	PLoS Comput. Biol.	It is a common and good practice in experimental sciences to assess the statistical significance of measured outcomes. For this, the probability of obtaining the actual results is estimated under the assumption of an appropriately chosen null-hypothesis. If th
10.1007/s00429-015-1162-0	Deep sleep divides the cortex into opposite modes of anatomical–functional coupling	Brain Structure and Function	The coupling of anatomical and functional connectivity at rest suggests that anatomy is essential for wake-typical activity patterns. Here, we study the development of this coupling from wakefulness to deep sleep. Globally, similarity between whole-brain anato
10.1093/cercor/bhae312	Volume electron microscopy analysis of synapses in primary regions of the human cerebral cortex	Cerebral Cortex	Abstract Functional and structural studies investigating macroscopic connectivity in the human cerebral cortex suggest that high-order associative regions exhibit greater connectivity compared to primary ones. However, the synaptic organization of these brain 
10.1038/nrm1242	Some assembly required: the development of neuronal synapses	Nature Reviews Molecular Cell Biology	
10.1016/j.cub.2020.04.068	Object displacement-sensitive visual neurons drive freezing in Drosophila	Current Biology	Summary Visual systems are often equipped with neurons that detect small moving objects, which may represent prey, predators, or conspecifics. While the processing properties of those neurons have been studied in diverse organisms, links between the proposed a
10.1073/pnas.1305724110	Neuropeptides control life-phase transitions	Proceedings of the National Academy of S	Proceedings of the National Academy of Sciences (PNAS), a peer reviewed journal of the National Academy of Sciences (NAS) - an authoritative source of high-impact, original research that broadly spans the biological, physical, and social sciences.
10.1038/s41592-025-02794-0	CLEM-Reg: an automated point cloud-based registration algorithm for volume correlative light and electron microscopy	Nature Methods	Volume correlative light and electron microscopy (vCLEM) is a powerful imaging technique that enables the visualization of fluorescently labeled proteins within their ultrastructural context. Currently, vCLEM alignment relies on time-consuming and subjective m
10.26599/bsa.2018.2018.9050012	Changes of Synaptic Structures Associated with Learning, Memory and Diseases	Brain Science Advances	Synaptic plasticity is widely believed to be the cellular basis of learning and memory. It is influenced by various factors including development, sensory experiences, and brain disorders. Long-term synaptic plasticity is accompanied by protein synthesis and t
10.1186/s40478-024-01802-2	Disruption of the mitochondrial network in a mouse model of Huntington's disease visualized by in-tissue multiscale 3D electron microscopy	Acta Neuropathologica Communications	Huntington’s disease (HD) is an inherited neurodegenerative disorder caused by an expanded CAG repeat in the coding sequence of huntingtin protein. Initially, it predominantly affects medium-sized spiny neurons (MSSNs) of the corpus striatum. No effective trea
10.1098/rstb.2013.0596	Astroglial connexin 43 sustains glutamatergic synaptic efficacy	Philosophical Transactions of the Royal 	Astrocytes dynamic interactions with neurons play an active role in neurotransmission. The gap junction (GJ) subunits connexins 43 and 30 are strongly expressed in astrocytes and have recently been shown to regulate synaptic activity and plasticity. However, t
10.1073/pnas.2023674118	A pair of dopamine neurons mediate chronic stress signals to induce learning deficit in Drosophila melanogaster	Proceedings of the National Academy of S	Significance Chronic stressful life events could induce learning and memory impairments and increase the risk of developing psychiatric disorders such as depression. Understanding the underlying mechanism is critical for developing effective drugs and treatmen
10.1111/febs.16540	Astrocyte–synapse interactions and cell adhesion molecules	The FEBS Journal	Astrocytes are increasingly gaining attention as a major player in regulating brain functions. Not only are astrocytes important for their supporting roles in maintaining optimal neuronal activity, they also dynamically interact with synapses through their hig
10.1016/j.concog.2018.03.006	Amphioxus neurocircuits, enhanced arousal, and the origin of vertebrate consciousness.	Consciousness and Cognition	Gene expression studies have recently identified the amphioxus homolog of a domain comprising the combined caudal diencephalon plus midbrain, regions implicated in locomotory control and some forms of primary consciousness in vertebrates. The results of EM-lev
10.1002/cne.25430	Human cortical amygdala dendrites and spines morphology under open‐source three‐dimensional reconstruction procedures	The Journal of comparative neurology	Visualizing nerve cells has been fundamental for the systematic description of brain structure and function in humans and other species. Different approaches aimed to unravel the morphological features of neuron types and diversity. The inherent complexity of 
10.1534/g3.118.200726	Nuclear Transcriptomes of the Seven Neuronal Cell Types That Constitute the Drosophila Mushroom Bodies	G3: Genes, Genomes, Genetics	The insect mushroom body (MB) is a conserved brain structure that plays key roles in a diverse array of behaviors. The Drosophila melanogaster MB is the primary invertebrate model of neural circuits related to memory formation and storage, and its development,
10.1016/j.neuron.2007.07.031	Axon initial segment Kv1 channels control axonal action potential waveform and synaptic efficacy.	Neuron	Action potentials are binary signals that transmit information via their rate and temporal pattern. In this context, the axon is thought of as a transmission line, devoid of a role in neuronal computation. Here, we show a highly localized role of axonal Kv1 po
10.1007/s00429-018-1682-5	Ghrelin receptor signaling targets segregated clusters of neurons within the nucleus of the solitary tract	Brain Structure and Function	Ghrelin is a stomach-derived hormone that regulates a variety of biological functions such as food intake, gastrointestinal function and blood glucose metabolism, among others. Ghrelin acts via the growth hormone secretagogue receptor (GHSR), a G-protein-coupl
10.1038/nature09714	Cortical representations of olfactory input by transsynaptic tracing	Nature	In the mouse, each class of olfactory receptor neurons expressing a given odorant receptor has convergent axonal projections to two specific glomeruli in the olfactory bulb, thereby creating an odour map. However, it is unclear how this map is represented in t
10.1371/journal.pcbi.1006902	Rich-club connectivity, diverse population coupling, and dynamical activity patterns emerging from local cortical circuits	PLoS Comput. Biol.	Experimental studies have begun revealing essential properties of the structural connectivity and the spatiotemporal activity dynamics of cortical circuits. To integrate these properties from anatomy and physiology, and to elucidate the links between them, we 
10.1038/nrn3011	Spatiotemporal firing patterns in the cerebellum	Nature Reviews Neuroscience	Neurons are generally considered to communicate information by increasing or decreasing their firing rate. However, in principle, they could in addition convey messages by using specific spatiotemporal patterns of spiking activities and silent intervals. Here,
10.1186/s13227-018-0107-0	Developmental system drift in motor ganglion patterning between distantly related tunicates	EvoDevo	The larval nervous system of the solitary tunicate Ciona is a simple model for the study of chordate neurodevelopment. The development and connectivity of the Ciona motor ganglion have been studied in fine detail, but how this important structure develops in o
10.1038/20187	Synaptic calcium transients in single spines indicate that NMDA receptors are not saturated	Nature	At excitatory synapses in the central nervous system, the number of glutamate molecules released from a vesicle is much larger than the number of postsynaptic receptors. But does release of a single vesicle normally saturate these receptors? Answering this que
10.1016/j.cub.2014.09.051	Single serotonergic neurons that modulate aggression in Drosophila	Current Biology	SUMMARY Monoamine serotonin (5HT) has been linked to aggression for many years across species [1–3]. However, elaboration of the neurochemical pathways that govern aggression has proven difficult because monoaminergic neurons also regulate other behaviors [4, 
10.1201/b14093-9	Brain Anatomic Circuits and the Pathophysiology of Affective Disorders	Brain Imaging in Affective Disorders	These temporal domains of affective experiences are related to one another, with different temperaments yielding predispositions to varying moods, which in tum yield tendencies to diverse emotions. Influence also occurs in the opposite direction, with intense 
10.1002/bies.201100185	Beyond the connectome: How neuromodulators shape neural circuits	Bioessays	Abstract Powerful ultrastructural tools are providing new insights into neuronal circuits, revealing a wealth of anatomically‐defined synaptic connections. These wiring diagrams are incomplete, however, because functional connectivity is actively shaped by neu
10.1101/2023.12.11.570835	Lanthanide Cathodophores for Multicolor Electron Microscopy	bioRxiv	Electron microscopy (EM) and fluorescence imaging are indispensable techniques that provide complementary information on cellular organization. Combining these two modalities is a long-standing challenge in bioimaging. In principle, it should be possible to us
10.1109/cvpr52729.2023.00321	MAESTER: Masked Autoencoder Guided Segmentation at Pixel Resolution for Accurate, Self-Supervised Subcellular Structure Recognition	Computer Vision and Pattern Recognition	Accurate segmentation of cellular images remains an elusive task due to the intrinsic variability in morphology of biological structures. Complete manual segmentation is unfeasible for large datasets, and while supervised methods have been proposed to automate
10.1371/journal.pcbi.1002890	Connecting a Connectome to Behavior: An Ensemble of Neuroanatomical Models of C. elegans Klinotaxis	PLoS Comput. Biol.	Increased efforts in the assembly and analysis of connectome data are providing new insights into the principles underlying the connectivity of neural circuits. However, despite these considerable advances in connectomics, neuroanatomical data must be integrat
10.1186/1471-2105-14-294	Unsupervised segmentation of noisy electron microscopy images using salient watersheds and region merging	BMC Bioinformatics	Segmenting electron microscopy (EM) images of cellular and subcellular processes in the nervous system is a key step in many bioimaging pipelines involving classification and labeling of ultrastructures. However, fully automated techniques to segment images ar
10.1142/s0219720017500159	An automated pipeline for mitochondrial segmentation on ATUM-SEM stacks	J. Bioinform. Comput. Biol.	It is possible now to look more closely into mitochondrial physical structures due to the rapid development of electron microscope (EM). Mitochondrial physical structures play important roles in both cellular physiology and neuronal functions. Unfortunately, t
10.1101/2021.09.20.460480	Neuromuscular connectomes across development reveal synaptic ordering rules	bioRxiv	In mammals, the connections between motor neurons and muscle fibers profoundly reorganize in the early postnatal period. To better understand this synaptic rewiring we traced out all the connectivity in muscles at successive ages in the mouse using serial sect
10.1371/journal.pbio.1000473	Brief Bursts Self-Inhibit and Correlate the Pyramidal Network	PLoS Biology	A multi-cell patch clamp study reveals the summation properties of frequency-dependent disynaptic inhibition between neocortical pyramidal cells and shows how brief bursts of activity in a few cells can synchronize the entire microcircuit.
10.1016/j.cub.2024.12.001	Activity of a descending neuron associated with visually elicited flight saccades in Drosophila.	Current Biology	Approaching threats are perceived through visual looming, a rapid expansion of an image on the retina. Visual looming triggers defensive responses such as freezing, flight, turning, or take-off in a wide variety of organisms, from mice to fish to insects.1,2,3
10.1093/braincomms/fcac083	Emerging insights into synapse dysregulation in Alzheimer’s disease	Brain Communications	Alzheimer’s disease is the leading cause of dementia and a growing worldwide problem, with its incidence expected to increase in the coming years. Since synapse loss is a major pathology and is correlated with symptoms in Alzheimer’s disease, synapse dysfuncti
10.1038/s41401-025-01746-w	Neuronal mitochondrial dynamics: roles in brain disorders and therapeutic potential.	Acta Pharmacologica Sinica	Mitochondrial dynamics - processes that include fission, fusion, transport, and mitophagy - are essential for shaping mitochondrial form and function to meet neuronal homeostatic demands. Growing evidence links imbalances in these processes to the pathogenesis
10.1523/eneuro.0130-21.2021	How Blue is the Sky?	eNeuro	Abstract The recent trend toward an industrialization of brain exploration and the technological prowess of artificial intelligence algorithms and high-performance computing has caught the imagination of the public. These impressive advances are fueling an unc
10.7554/elife.68848	Corollary discharge promotes a sustained motor state in a neural circuit for navigation	bioRxiv	Animals exhibit behavioral and neural responses that persist on longer time scales than transient or fluctuating stimulus inputs. Here, we report that C. elegans uses feedback from the motor circuit to a sensory processing interneuron to sustain its motor stat
10.1101/lm.053863.123	Future avenues in Drosophila mushroom body research	Learning & memory (Cold Spring Harbor, N	How does the brain translate sensory information into complex behaviors? With relatively small neuronal numbers, readable behavioral outputs, and an unparalleled genetic toolkit, the Drosophila mushroom body (MB) offers an excellent model to address this quest
10.1101/2022.03.16.484431	Saturated reconstruction of living brain tissue	bioRxiv	Complex wiring between neurons underlies the information-processing network enabling all brain functions, including cognition and memory. For understanding how the network is structured, processes information, and changes over time, comprehensive visualization
10.1038/s41598-022-06697-4	Introducing and applying Newtonian blurring: an augmented dataset of 126,000 human connectomes at braingraph.org	Scientific Reports	Gaussian blurring is a well-established method for image data augmentation: it may generate a large set of images from a small set of pictures for training and testing purposes for Artificial Intelligence (AI) applications. When we apply AI for non-imagelike b
10.1085/jgp.68.4.465	The involvement of gamma-aminobutyric acid in the organization of cat retinal ganglion cell receptive fields. A study with picrotoxin and bicuculline	The Journal of General Physiology	The effects of picrotoxin and bicuculline upon the discharge pattern of center-surround organized cat retinal ganglion cells of X and Y type were studied. All experiments were carried out under scotopic or possibly low mesopic conditions; mostly but not exclus
10.1016/j.tins.2011.02.001	Experience-dependent Structural Plasticity in the Cortex	Trends in Neurosciences	Synapses are the fundamental units of neuronal circuits. Synaptic plasticity can occur through changes in synaptic strength, as well as through the addition/removal of synapses. Two-photon microscopy, in combination with fluorescence labeling, offers a powerfu
10.1016/j.jneumeth.2007.07.021	Contour-propagation algorithms for semi-automated reconstruction of neural processes.	Journal of Neuroscience Methods	A new technique, "serial block face scanning electron microscopy" (SBFSEM), allows for automatic sectioning and imaging of biological tissue with a scanning electron microscope. Image stacks generated with this technology have a resolution sufficient to distin
10.1007/978-1-4615-4903-1_5	The Role of Recurrent Excitation in Neocortical Circuits	Cerebral Cortex	
10.1126/science.aah5982	Ultrastructural Evidence for Synaptic Scaling Across the Wake/sleep Cycle	Science	Synapse remodeling during sleep General activity and information processing while an animal is awake drive synapse strengthening. This is counterbalanced by weakening of synapses during sleep (see the Perspective by Acsády). De Vivo et al. used serial scanning
10.7554/elife.29275	The synaptic ribbon is critical for sound encoding at high rates and with temporal precision	eLife	We studied the role of the synaptic ribbon for sound encoding at the synapses between inner hair cells (IHCs) and spiral ganglion neurons (SGNs) in mice lacking RIBEYE (RBEKO/KO). Electron and immunofluorescence microscopy revealed a lack of synaptic ribbons a
10.3389/fncom.2012.00041	Complex dynamics in recurrent cortical networks based on spatially realistic connectivities	Frontiers in Computational Neuroscience	Most studies on the dynamics of recurrent cortical networks are either based on purely random wiring or neighborhood couplings. Neuronal cortical connectivity, however, shows a complex spatial pattern composed of local and remote patchy connections. We ask to 
10.1101/2023.12.11.571103	Model-based inference of synaptic plasticity rules	bioRxiv	Inferring the synaptic plasticity rules that govern learning in the brain is a key challenge in neuroscience. We present a novel computational method to infer these rules from experimental data, applicable to both neural and behavioral data. Our approach appro
10.3390/brainsci13091316	From Brain Models to Robotic Embodied Cognition: How Does Biological Plausibility Inform Neuromorphic Systems?	Brain Science	We examine the challenging “marriage” between computational efficiency and biological plausibility—A crucial node in the domain of spiking neural networks at the intersection of neuroscience, artificial intelligence, and robotics. Through a transdisciplinary r
10.1186/1471-2202-11-3	A few strong connections: optimizing information retention in neuronal avalanches	BMC Neuroscience	BackgroundHow living neural networks retain information is still incompletely understood. Two prominent ideas on this topic have developed in parallel, but have remained somewhat unconnected. The first of these, the "synaptic hypothesis," holds that informatio
10.1038/nn760	Differential synaptic processing separates stationary from transient inputs to the auditory cortex	Nature Neuroscience	Sound features are blended together en route to the central nervous system before being discriminated for further processing by the cortical synaptic network. The mechanisms underlying this synaptic processing, however, are largely unexplored. Intracortical pr
10.1016/j.biopsych.2017.10.029	Exploring the Role of Astroglial Glutamate Release and Association with Synapses in Neuronal Function and Behavior	Biological Psychiatry	Astrocytes are stellate cells whose appearance can resemble a pointed star, especially when visualizing glial fibrillary acidic protein (GFAP), a canonical marker for astrocytes. Accordingly, there is a commonly made connection between the points of light that
10.1088/2634-4386/acc04f	A perspective on the neuromorphic control of legged locomotion in past, present, and future insect-like robots	Neuromorph. Comput. Eng.	This article is a historical perspective on how the study of the neuromechanics of insects and other arthropods has inspired the construction, and especially the control, of hexapod robots. Many hexapod robots’ control systems share common features, including:
10.1038/s41593-021-00997-0	Large-scale neural recordings with single neuron resolution using Neuropixels probes in human cortex	Nature Neuroscience	Recent advances in multi-electrode array technology have made it possible to monitor large neuronal ensembles at cellular resolution in animal models. In humans, however, current approaches restrict recordings to a few neurons per penetrating electrode or comb
10.1038/1092	Target-cell-specific facilitation and depression in neocortical circuits	Nature Neuroscience	In neocortical circuits, repetitively active neurons evoke unitary postsynaptic potentials (PSPs) whose peak amplitudes either increase (facilitate) or decrease (depress) progressively. To examine the basis for these different synaptic responses, we made simul
10.1038/s41593-018-0084-6	Single excitatory axons form clustered synapses onto CA1 pyramidal cell dendrites	Nature Neuroscience	CA1 pyramidal neurons are a major output of the hippocampus and encode features of experience that constitute episodic memories. Feature-selective firing of these neurons results from the dendritic integration of inputs from multiple brain regions. While it is
10.3389/fncir.2013.00013	Beyond the frontiers of neuronal types	Front. Neural Circuits	Cortical neurons and, particularly, inhibitory interneurons display a large diversity of morphological, synaptic, electrophysiological, and molecular properties, as well as diverse embryonic origins. Various authors have proposed alternative classification sch
10.3389/fncel.2025.1579821	Type-specific molecular signaling architectures and synaptic plasticity of Drosophila olfactory sensory neurons	Frontiers in Cellular Neuroscience	Olfactory sensory neurons (OSNs) detect odours at a wide range of intensities. In Drosophila, volatile compounds bind to specific odorant receptors (ORs), which tune the sensitivity of chemoreception. To test whether additional mechanisms underlie odour-specif
10.1038/s41598-018-34621-2	AII amacrine cells in the primate fovea contribute to photopic vision	Scientific Reports	The AII amacrine cell is known as a key interneuron in the scotopic (night-vision) pathway in the retina. Under scotopic conditions, rod signals are transmitted via rod bipolar cells to AII amacrine cells, which split the rod signal into the OFF (via glycinerg
10.1162/netn_a_00116	Questions and controversies in the study of time-varying functional connectivity in resting fMRI	Network Neuroscience	Abstract The brain is a complex, multiscale dynamical system composed of many interacting regions. Knowledge of the spatiotemporal organization of these interactions is critical for establishing a solid understanding of the brain’s functional architecture and 
10.1002/glia.20415	Plasticity of perisynaptic astroglia during synaptogenesis in the mature rat hippocampus	Glia	Abstract Astroglia are integral components of synapse formation and maturation during development. Less is known about how astroglia might influence synaptogenesis in the mature brain. Preparation of mature hippocampal slices results in synapse loss followed b
10.7554/elife.49574	Neuropeptide F regulates courtship in Drosophila through a male-specific neuronal circuit	eLife	Male courtship is provoked by perception of a potential mate. In addition, the likelihood and intensity of courtship are influenced by recent mating experience, which affects sexual drive. Using Drosophila melanogaster, we found that the homolog of mammalian n
10.1101/2025.07.14.664689	Fishexplorer: A multimodal cellular atlas platform for neuronal circuit dissection in larval zebrafish	bioRxiv	Abstract Understanding how neural circuits give rise to behavior requires comprehensive knowledge of neuronal morphology, connectivity, and function. Atlas platforms play a critical role in enabling the visualization, exploration, and dissemination of such inf
10.1126/science.aau2078	Genetic behavioral screen identifies an orphan anti-opioid system	Science	Worms yield opioid receptor insight The µ-opioid receptor (MOR) is the target of pain-reducing drugs, including morphine and the potent synthetic opioid fentanyl. Better understanding of the receptor system is needed to suppress potentially deadly side effects
10.1016/j.tcb.2013.07.007	Oligodendroglia metabolically support axons and maintain structural integrity	Trends in Cell Biology	Axons are specialized extensions of neurons that are critical for the organization of the nervous system. In order to maintain function in axons that often extend some distance from the cell body, specialized mechanisms of energy delivery are likely necessary.
10.1101/2024.09.16.613321	Biological volume EM with focused Ga ion beam depends on formation of radiation-resistant Ga-rich layer at block face	bioRxiv	Volume electron microscopy (vEM) enables biologists to visualize nanoscale 3D ultrastructure of entire eukaryotic cells and tissues processed by heavy atom staining and plastic embedding. The vEM technique with the highest resolution is focused ion-beam scanni
10.1101/2020.04.17.047167	Structured sampling of olfactory input by the fly mushroom body	bioRxiv	Associative memory formation and recall in the adult fruit fly Drosophila melanogaster is subserved by the mushroom body (MB). Upon arrival in the MB, sensory information undergoes a profound transformation. Olfactory projection neurons (PNs), the main MB inpu
10.1152/jn.00364.2007	Reinforcement learning with modulated spike timing dependent synaptic plasticity.	Journal of Neurophysiology	Spike timing–dependent synaptic plasticity (STDP) has emerged as the preferred framework linking patterns of pre- and postsynaptic activity to changes in synaptic strength. Although synaptic plasticity is widely believed to be a major component of learning, it
10.1002/glia.22997	Neuronal activity mediated regulation of glutamate transporter GLT‐1 surface diffusion in rat astrocytes in dissociated and slice cultures	Glia	The astrocytic GLT‐1 (or EAAT2) is the major glutamate transporter for clearing synaptic glutamate. While the diffusion dynamics of neurotransmitter receptors at the neuronal surface are well understood, far less is known regarding the surface trafficking of t
10.1073/pnas.2205209119	Layer 5 of cortex innervates the thalamic reticular nucleus in mice	Proceedings of the National Academy of S	Significance The thalamic reticular nucleus provides inhibition to the dorsal thalamus and thus influences the transmission of information from the dorsal thalamus to the cortex. Here, we show this area receives inputs from a cortical lamina that drives feedfo
10.1016/j.isci.2020.101865	Distinct Relations of Microtubules and Actin Filaments with Dendritic Architecture	bioRxiv	Microtubules and F-actin have long been recognized as key regulators of dendritic morphology. Nevertheless, precisely ascertaining their distinct influences on dendritic trees have been hampered until now by the lack of direct, arbor-wide cytoskeletal quantifi
10.1152/jn.00332.2019	Acute slice preparation for electrophysiology increases spine numbers equivalently in the male and female juvenile hippocampus: A DiI labeling study.	Journal of Neurophysiology	Hippocampal slices are widely used for in vitro electrophysiological experiments to study underlying mechanisms for synaptic transmission and plasticity, and there is a growing appreciation for sex differences in synaptic plasticity. To date, several studies h
10.1371/journal.pcbi.1010855	Relating local connectivity and global dynamics in recurrent excitatory-inhibitory networks	bioRxiv	How the connectivity of cortical networks determines the neural dynamics and the resulting computations is one of the key questions in neuroscience. Previous works have pursued two complementary strategies to quantify the structure in connectivity, by specifyi
10.1038/nrn1301	Structural plasticity and memory	Nature Reviews Neuroscience	
10.1371/journal.pcbi.1001066	Structural Properties of the Caenorhabditis elegans Neuronal Network	PLoS Comput. Biol.	Despite recent interest in reconstructing neuronal networks, complete wiring diagrams on the level of individual synapses remain scarce and the insights into function they can provide remain unclear. Even for Caenorhabditis elegans, whose neuronal network is r
10.1093/bioinformatics/btx188	DeepEM3D: approaching human‐level performance on 3D anisotropic EM image segmentation	Bioinform.	Abstract Motivation Progress in 3D electron microscopy (EM) imaging has greatly facilitated neuroscience research in high-throughput data acquisition. Correspondingly, high-throughput automated image analysis methods are necessary to work on par with the speed
10.1016/j.cub.2018.10.007	Decorrelation of parallel motion pathways explains the neuronal basis of an illusory motion percept	Current Biology	Summary Both vertebrates and invertebrates perceive illusory motion, known as “reverse-phi”, in visual stimuli that contain sequential luminance increments and decrements. However, increment (ON) and decrement (OFF) signals are initially processed by separate 
10.1016/s0896-6273(02)00652-9	Geometry and structural plasticity of synaptic connectivity.	Neuron	Changes in synaptic connectivity patterns through the formation and elimination of dendritic spines may contribute to structural plasticity in the brain. We characterize this contribution quantitatively by estimating the number of different synaptic connectivi
10.1016/j.neuron.2024.09.003	Transcriptomic Cell Type Specificity of Local Cortical Circuits	Neuron	Summary Complex neocortical functions rely on networks of diverse excitatory and inhibitory neurons. While local connectivity rules between major neuronal subclasses have been established, the specificity of connections at the level of transcriptomic subtypes 
10.1093/cercor/bhz304	Quantitative Three-Dimensional Reconstructions of Excitatory Synaptic Boutons in the "Barrel Field" of the Adult "Reeler" Mouse Somatosensory Neocorte	Cerebral Cortex	Synapses are key structural determinants for information processing and computations in the normal and pathologically altered brain. Here, the quantitative morphology of excitatory synaptic boutons in the "reeler" mutant, a model system for various neurologica
10.1038/s41598-022-16137-y	An interactive time series image analysis software for dendritic spines	Scientific Reports	Live fluorescence imaging has demonstrated the dynamic nature of dendritic spines, with changes in shape occurring both during development and in response to activity. The structure of a dendritic spine correlates with its functional efficacy. Learning and mem
10.1017/s0952523817000062	Organization of the dorsal lateral geniculate nucleus in the mouse	Visual Neuroscience	Abstract The dorsal lateral geniculate nucleus (dLGN) of the thalamus is the principal conduit for visual information from retina to visual cortex. Viewed initially as a simple relay, recent studies in the mouse reveal far greater complexity in the way input f
10.7554/elife.28387	Organization of the Drosophila larval visual circuit	bioRxiv	Visual systems transduce, process and transmit light-dependent environmental cues. Computation of visual features depends on the types of photoreceptor neurons (PR) present, the organization of the eye and the wiring of the underlying neural circuit. Here, we 
10.1101/2024.05.20.595075	Discriminating neural ensemble patterns through dendritic computations in randomly connected feedforward networks	bioRxiv	Co-active or temporally ordered neural ensembles are a signature of salient sensory, motor, and cognitive events. Local convergence of such patterned activity as synaptic clusters on dendrites could help single neurons harness the potential of dendritic nonlin
10.1016/j.neuroimage.2021.118250	Multi-modal imaging of a single mouse brain over five orders of magnitude of resolution	NeuroImage	Mammalian neurons operate at length scales spanning six orders of magnitude; they project millimeters to centimeters across brain regions, are composed of micrometer-scale-diameter myelinated axons, and ultimately form nanometer scale synapses. Capturing these
10.1016/j.cub.2014.09.026	A group of segmental premotor interneurons regulates the speed of axial locomotion in Drosophila larvae.	Current Biology	Background Animals control the speed of motion to meet behavioral demands. Yet, the underlying neuronal mechanisms remain poorly understood. Here we show that a class of segmentally arrayed local interneurons (period-positive median segmental interneurons, or 
10.1007/978-3-030-89439-9_9	Bringing Anatomical Information into Neuronal Network Models	Advances in Experimental Medicine and Bi	For constructing neuronal network models computational neuroscientists have access to wide-ranging anatomical data that nevertheless tend to cover only a fraction of the parameters to be determined. Finding and interpreting the most relevant data, estimating m
10.1371/journal.pcbi.1003702	CeleST: Computer Vision Software for Quantitative Analysis of C. elegans Swim Behavior Reveals Novel Features of Locomotion	PLoS Comput. Biol.	In the effort to define genes and specific neuronal circuits that control behavior and plasticity, the capacity for high-precision automated analysis of behavior is essential. We report on comprehensive computer vision software for analysis of swimming locomot
10.1016/0896-6273(94)90423-5	Saturation of postsynaptic glutamate receptors after quantal release of transmitter.	Neuron	Miniature excitatory postsynaptic currents (mEPSCs) were elicited from small numbers of release sites after brief microperfusion of Ba2+ and K+ onto proximal dendritic processes of hippocampal neurons in culture. Temporal summation of closely timed mEPSCs devi
10.1073/pnas.1716189115	Long-term potentiation expands information content of hippocampal dentate gyrus synapses	Proceedings of the National Academy of S	Significance Understanding plasticity processes in the hippocampus is critical to our understanding of the biological underpinnings of memory. By applying information theory to quantify information content at synapses, we demonstrate that induction of long-ter
10.7554/elife.03726	Synaptic organization of the Drosophila antennal lobe and its regulation by the Teneurins	eLife	Understanding information flow through neuronal circuits requires knowledge of their synaptic organization. In this study, we utilized fluorescent pre- and postsynaptic markers to map synaptic organization in the Drosophila antennal lobe, the first olfactory p
10.1002/cne.25151	Tyrosine hydroxylase immunostaining in the central complex of dicondylian insects	The Journal of comparative neurology	Dopamine acts as a neurohormone and neurotransmitter in the insect nervous system and controls a variety of physiological processes. Dopaminergic neurons also innervate the central complex (CX), a multisensory center of the insect brain involved in sky compass
10.1007/978-1-60761-783-9_21	Serial section immunoelectron microscopy of algal cells.	Methods in molecular biology	Electron microscopy when combined with immunogold labeling provides a 2D image of intracellular protein distribution. Cells are however 3D structures. We describe a method of serial section immunogold electron microscopy that allows a 3D cellular image to be r
10.1016/j.neuron.2017.12.037	The Mouse Cortical Connectome Characterized by an Ultra Dense Cortical Graph Maintains Specificity by Distinct Connectivity Profiles	Neuron	Summary The inter-areal wiring pattern of the mouse cerebral cortex was analyzed in relation to a refined parcellation of cortical areas. Twenty-seven retrograde tracer injections were made in 19 areas of a 47-area parcellation of the mouse neocortex. Flat mou
10.1038/s41467-018-03940-3	Layer-specific morphological and molecular differences in neocortical astrocytes and their dependence on neuronal layers	Nature Communications	Non-pial neocortical astrocytes have historically been thought to comprise largely a nondiverse population of protoplasmic astrocytes. Here we show that astrocytes of the mouse somatosensory cortex manifest layer-specific morphological and molecular difference
10.1002/dneu.20709	Delayed axonal pruning in the ant brain: A study of developmental trajectories	Developmental Neurobiology	Abstract The coordination of neuronal maturation and behavioral development is a vital component of survival. The degradation of excessive axonal processes and neuronal networks is a ubiquitous developmental process. In Drosophila , a great portion of axonal p
10.1177/07487304241290861	The Never Given 2022 Pittendrigh/Aschoff Lecture: The Clock Network in the Brain—Insights From Insects	Journal of Biological Rhythms	My journey into chronobiology began in 1977 with lectures and internships with Wolfgang Engelmann and Hans Erkert at the University of Tübingen in Germany. At that time, the only known animal clock gene was Period, and the location and organization of the mast
10.7554/elife.56942	Flexible motor sequence generation during stereotyped escape responses	eLife	Complex animal behaviors arise from a flexible combination of stereotyped motor primitives. Here we use the escape responses of the nematode Caenorhabditis elegans to study how a nervous system dynamically explores the action space. The initiation of the escap
10.1242/jeb.200261	Behavioral algorithms and neural mechanisms underlying odor-modulated locomotion in insects	Journal of Experimental Biology	ABSTRACT Odors released from mates and resources such as a host and food are often the first sensory signals that an animal can detect. Changes in locomotion in response to odors are an important mechanism by which animals access resources important to their s
10.1101/2025.10.24.684388	Songbird connectome reveals tunneling of migratory neurons in the adult striatum	bioRxiv	Immature neurons in the adult brain migrate and integrate into existing circuits, where they contribute to plasticity, learning, and complex behaviors. However, how these cells navigate synapse-rich regions of the adult brain remains poorly understood. While p
10.1101/472605	Olfactory and neuromodulatory signals reverse visual object avoidance to approach in Drosophila	bioRxiv	Innate behavioral reactions to sensory stimuli may be subject to modulation by contextual conditions including signals from other modalities. Whereas sensory processing by individual modalities has been well-studied, the cell circuit mechanisms by which signal
10.1016/j.cub.2023.06.002	Brain wiring: Love the one you're with.	Current Biology	Recent electron microscopy-based connectomes of the Caenorhabditis elegans nervous system provide a new opportunity to test classic models for the development of brain wiring. Statistical analyses now reveal that neuronal adjacencies (the contactome) can partl
10.1101/2025.05.09.652503	Evaluating ultrastructural preservation quality in banked brain tissue		Abstract The ultrastructural analysis of postmortem brain tissue can provide important insights into cellular architecture and disease-related changes. For example, connectomics studies offer a powerful emerging approach for understanding neural circuit organi
10.7554/elife.17686	A cellular and regulatory map of the GABAergic nervous system of C. elegans	bioRxiv	Neurotransmitter maps are important complements to anatomical maps and represent an invaluable resource to understand how signals are transmitted throughout the nervous system and how a nervous system is developmentally patterned. We report here a comprehensiv
10.1016/j.cub.2025.10.005	A positive feedback loop promotes the active internal state of the C. elegans egg-laying circuit.	Current Biology	Neural circuits generate different outputs by adopting distinct activity patterns, known as internal states, but what generates such states remains poorly understood. We analyzed how the deeply studied C. elegans egg-laying circuit switches from inactive to ac
10.1016/j.cub.2023.07.020	Body Stiffness Is A Mechanical Property that Facilitates Contact-mediated Mate Recognition in Caenorhabditis elegans	Current Biology	Summary Physical contact is prevalent in the animal kingdom to recognize suitable mates by decoding information about sex, species, and maturity. Although chemical cues for mate recognition have been extensively studied, the role of mechanical cues remains elu
10.1007/978-4-431-53933-9_16	Wiring New Neurons with Old Circuits	Neurogenesis in the Adult Brain I	
10.1002/cne.24060	Hippocampal‐like circuitry in the pallium of an electric fish: Possible substrates for recursive pattern separation and completion	The Journal of comparative neurology	Teleost fish are capable of complex behaviors, including social and spatial learning; lesion studies show that these abilities require dorsal telencephalon (pallium). The teleost telencephalon has subpallial and pallial components. The subpallium is well descr
10.1016/j.isci.2023.107238	Visualization of trans-interactions of a protocadherin-α between processes originating from single neurons	iScience	Summary Clustered protocadherin (Pcdh), a cell adhesion protein, is involved in the self-recognition and non-self-discrimination of neurons by conferring diversity on the cell surface. Although the roles of Pcdh in neurons have been elucidated, it has been cha
10.1038/nrn3293	Genetically encoded optical indicators for the analysis of neuronal circuits	Nature Reviews Neuroscience	In a departure from previous top-down or bottom-up strategies used to understand neuronal circuits, many forward-looking research programs now place the circuit itself at their centre. This has led to an emphasis on the dissection and elucidation of neuronal c
10.1002/1098-1063(2000)10:5<561::aid-hipo6>3.0.co;2-x	Analysis of spine morphological plasticity in developing hippocampal pyramidal neurons	Hippocampus	Dendritic spines are targets of most excitatory inputs in the central nervous system (CNS) and are morphologically heterogeneous. Ultrastructural studies have traditionally classified spines into four major categories (filopodia, stubby, thin, and mushroom) ba
10.1534/genetics.118.300227	Imaging Flies by Fluorescence Microscopy: Principles, Technologies, and Applications	Genetics	The development of fluorescent labels and powerful imaging technologies in the last two decades has revolutionized the field of fluorescence microscopy, which is now widely used in diverse scientific fields from biology to biomedical and materials science. Flu
10.1017/s0952523807070071	Response properties of a unique subtype of wide-field amacrine cell in the rabbit retina	Visual Neuroscience	We studied the morphology and physiology of a unique wide-field amacrine cell in the rabbit retina. These cells displayed a stereotypic dendritic morphology consisting of a large, circular and monostratified arbor that often extended over 2 mm. Their responses
10.1038/s41593-021-00980-9	Large-scale neural recordings call for new insights to link brain and behavior	Nature Neuroscience	Neuroscientists today can measure activity from more neurons than ever before, and are facing the challenge of connecting these brain-wide neural recordings to computation and behavior. In the present review, we first describe emerging tools and technologies b
10.1007/978-3-319-28549-8_10	Bioimage Informatics for Big Data	Advances in Anatomy, Embryology and Cell	Bioimage informatics is a field wherein high-throughput image informatics methods are used to solve challenging scientific problems related to biology and medicine. When the image datasets become larger and more complicated, many conventional image analysis ap
10.1093/cercor/bhaf295	Building on models—a perspective for computational neuroscience	Cerebral Cortex	Abstract Neural circuit models are essential for integrating observations of the nervous system into a consistent whole. Public sharing of well-documented codes for such models facilitates further development. Nevertheless, scientific practice in computational
10.1007/s00359-023-01633-x	The influence of stimulus history on directional coding in the monarch butterfly brain	Journal of Comparative Physiology	The central complex is a brain region in the insect brain that houses a neural network specialized to encode directional information. Directional coding has traditionally been investigated with compass cues that revolve in full rotations and at constant angula
10.1038/nn.2768	Temporally matched subpopulations of selectively interconnected principal neurons in the hippocampus	Nature Neuroscience	The extent to which individual neurons are interconnected selectively within brain circuits is an unresolved problem in neuroscience. Neurons can be organized into preferentially interconnected microcircuits, but whether this reflects genetically defined subpo
10.1016/j.neuron.2023.12.021	Beyond Hippocampus: Thalamic and Prefrontal Contributions To An Evolving Memory	Neuron	The hippocampus has long been at the center of memory research, and rightfully so. However, with emerging technological capabilities, we can increasingly appreciate memory as a more dynamic and brain-wide process. In this perspective, our goal is to begin deve
10.1038/s41467-019-10695-y	Regulation of forward and backward locomotion through intersegmental feedback circuits in Drosophila larvae	Nature Communications	Animal locomotion requires spatiotemporally coordinated contraction of muscles throughout the body. Here, we investigate how contractions of antagonistic groups of muscles are intersegmentally coordinated during bidirectional crawling of Drosophila larvae. We 
10.1016/j.plrev.2020.07.003	Synthetic connectomes at the interface: Reply to comments on "What would a synthetic connectome look like?"	Physics of Life Reviews	
10.1371/journal.pcbi.1009754	Realistic retinal modeling unravels the differential role of excitation and inhibition to starburst amacrine cells in direction selectivity	bioRxiv	Retinal direction-selectivity originates in starburst amacrine cells (SACs), which display a centrifugal preference, responding with greater depolarization to a stimulus expanding from soma to dendrites than to a collapsing stimulus. Various mechanisms were hy
10.1098/rspb.1987.0040	Alpha ganglion cells in mammalian retinae	Proceedings of the Royal Society of Lond	Abstract Retinae from species of six orders of mammals (table 1) were processed by an on-the-slide neurofibrillar staining method to establish whether alpha-type ganglion cells are generally present in placental mammals. Alpha cells of the domestic cat, where 
10.1242/jeb.250132	Osmolarity regulates Caenorhabditis elegans egg-laying behavior via chemosensory and biophysical mechanisms	Journal of Experimental Biology	ABSTRACT Animals alter their behavior in response to changes in the environment. Upon encountering hyperosmotic conditions, the nematode worm Caenorhabditis elegans initiates avoidance and cessation of egg-laying behavior. While the sensory pathway for osmotic
10.1038/srep26013	Development of passive CLARITY and immunofluorescent labelling of multiple proteins in human cerebellum: understanding mechanisms of neurodegeneration	Scientific Reports	CLARITY enables immunofluorescent labelling and imaging of large volumes of tissue to provide a better insight into the three dimensional relationship between cellular morphology and spatial interactions between different cell types. In the current study, we o
10.1016/j.biosystems.2022.104825	The molecular memory code and synaptic plasticity: A synthesis	Biosyst.	The most widely accepted view of memory in the brain holds that synapses are the storage sites of memory, and that memories are formed through associative modification of synapses. This view has been challenged on conceptual and empirical grounds. As an altern
10.1016/j.neucom.2006.10.064	Ranking neurons for mining structure-activity relations in biological neural networks: NeuronRank	Neurocomputing	
10.1126/science.1230251	The Mood of a Worm	Science	The behavioral effects of two hormones on the human brain are similar to those of a neuropeptide on sensory neurons in the worm.
10.1016/j.isci.2019.02.017	The Hidden Control Architecture of Complex Brain Networks	iScience	Summary The brain controls various cognitive functions in a robust and efficient way. What is the control architecture of brain networks that enables such robust and optimal control? Is this brain control architecture distinct from that of other complex networ
10.1038/s41566-021-00881-0	Speed scaling in multiphoton fluorescence microscopy	Nature Photonics	
10.1007/s10827-011-0360-x	A model for complex sequence learning and reproduction in neural populations	Journal of Computational Neuroscience	Temporal patterns of activity which repeat above chance level in the brains of vertebrates and in the mammalian neocortex have been reported experimentally. This temporal structure is thought to subserve functions such as movement, speech, and generation of rh
10.1371/journal.pone.0201630	BioNet: A Python interface to NEURON for modeling large-scale networks	PLoS ONE	There is a significant interest in the neuroscience community in the development of large-scale network models that would integrate diverse sets of experimental data to help elucidate mechanisms underlying neuronal activity and computations. Although powerful 
10.1093/bioinformatics/btaa461	Interactive visualization and analysis of morphological skeletons of brain vasculature networks with VessMorphoVis	Bioinform.	Abstract Motivation Accurate morphological models of brain vasculature are key to modeling and simulating cerebral blood flow in realistic vascular networks. This in silico approach is fundamental to revealing the principles of neurovascular coupling. Validati
10.1101/2025.11.25.690442	Synaptic MEMOIR: mapping individual synapses of neurons with protein barcodes	bioRxiv	Obtaining wiring diagrams of brains has been a major achievement for neuroscience. However, an underlying challenge in connectomics is the fundamental tradeoff between the imaging resolution needed to resolve synapses and the volume of the brain that can be im
10.3389/fncel.2013.00038	Multifunctional role of astrocytes as gatekeepers of neuronal energy supply	Frontiers in Cellular Neuroscience	Dynamic adjustments to neuronal energy supply in response to synaptic activity are critical for neuronal function. Glial cells known as astrocytes have processes that ensheath most central synapses and express G-protein-coupled neurotransmitter receptors and t
10.1523/jneurosci.2818-09.2009	Control of CNS synapse development by γ-protocadherin-mediated astrocyte-neuron contact	Journal of Neuroscience	Recent studies indicate that astrocytes, whose processes enwrap synaptic terminals, promote synapse formation both by releasing soluble factors and through contact-dependent mechanisms. Although astrocyte-secreted synaptogenic factors have been identified, the
10.1038/s42003-025-08431-y	Direct excitatory loop and theta resonance in the anterior cingulate-mediodorsal thalamic circuit	Communications Biology	Interactions between the prefrontal cortex and the thalamus are critical for cognitive processing, including working memory and attention. Specifically, theta oscillations in the anterior cingulate cortex (ACC) and mediodorsal thalamic nucleus (MDT) during cog
10.1007/s10827-020-00770-5	Monosynaptic inference via finely-timed spikes	Journal of Computational Neuroscience	Observations of finely-timed spike relationships in population recordings have been used to support partial reconstruction of neural microcircuit diagrams. In this approach, fine-timescale components of paired spike train interactions are isolated and subseque
10.1016/0006-8993(82)90652-7	Ganglion cells and (dye-coupled) amacrine cells in the turtle retina that have possible synaptic connection.	Brain Research	
10.36837/chapman.000521	Novel Implementation of Additive Manufacturing to Visualize the Human Brain Connectome		Additive manufacturing (AM) is an emerging technology with diverse areas of application. In this paper we explore a new application of AM that uses a subset of AM known as 3D printing, to create real life models of the human connectome. The human connectome is
10.1109/access.2025.3542634	Brain Network Dynamics and Multiscale Modeling of Neurodegenerative Disorders: A Review	IEEE Access	It is essential to understand the complex structure of the human brain to develop new treatment approaches for neurodegenerative disorders (NDDs). This review paper comprehensively discusses the challenges associated with modelling the complex brain networks a
10.1016/j.conb.2025.102994	Serotonin signaling at cilia synapses.	Current Opinion in Neurobiology	Serotonin (5-HT) is a key neuromodulator influencing cognition, mood, and sleep, yet the structural and molecular mechanisms of serotonergic signaling remain incompletely understood. Recent findings have identified a novel mode of serotonergic transmission via
10.1242/dev.158246	Drosophila Sidekick is required in developing photoreceptors to enable visual motion detection	Development	The assembly of functional neuronal circuits requires growth cones to extend in defined directions and recognize the correct synaptic partners. Homophilic adhesion between vertebrate Sidekick proteins promotes synapse formation between retinal neurons involved
10.1101/2025.06.26.661250	Neural connectome of the ctenophore statocyst	bioRxiv	Ctenophores possess a unique gravity receptor (statocyst) in their aboral organ formed by four clusters of ciliated balancer cells that collectively support a statolith. During reorientation, differential loads on the balancer cilia lead to altered beating of 
10.1126/science.ade5645	Syncytial nerve net in a ctenophore adds insights on the evolution of nervous systems	Science	A fundamental breakthrough in neurobiology has been the formulation of the neuron doctrine by Santiago Ramón y Cajal, which stated that the nervous system is composed of discrete cells. Electron microscopy later confirmed the doctrine and allowed the identific
10.1073/pnas.2320953121	Network architecture of intrinsic connectivity in a mammalian spinal cord (the central nervous system’s caudal sector)	Proceedings of the National Academy of S	Significance The spinal cord (SP) is the major central nervous system component that directly mediates sensorimotor reflex behavior for most parts of the body except the face. Here, we analyze with network neuroscience methods SP intrinsic axonal circuitry as 
10.3389/fninf.2018.00074	Neural Reconstruction Integrity: A Metric for Assessing the Connectivity Accuracy of Reconstructed Neural Networks	Front. Neuroinform.	Neuroscientists are actively pursuing high-precision maps, or graphs consisting of networks of neurons and connecting synapses in mammalian and non-mammalian brains. Such graphs, when coupled with physiological and behavioral data, are likely to facilitate gre
10.1016/j.tins.2008.07.006	Cracking neural circuits in a tiny brain: new approaches for understanding the neural circuitry of Drosophila	Trends in Neurosciences	Genetic screens in Drosophila have identified many genes involved in neural development and function. However, until recently, it has been impossible to monitor neural signals in Drosophila central neurons, and it has been difficult to make specific perturbati
10.1371/journal.pbio.3003392	Neuron-specific Agrin splicing by Nova RNA-binding proteins regulates conserved neuromuscular junction development in chordates	PLoS Biology	In mammals, neuromuscular synapses rely on clustering of acetylcholine receptors (AChRs) in the muscle plasma membrane, ensuring optimal stimulation by motor neuron-released acetylcholine neurotransmitter. This clustering depends on a complex pathway based on 
10.1016/j.cois.2019.06.005	Mechanisms of vision in the fruit fly.	Current Opinion in Insect Science	Vision is essential to maximize the efficiency of daily tasks such as feeding, avoiding predators or finding mating partners. An advantageous model is Drosophila melanogaster, since it offers tools that allow genetic and neuronal manipulation with high spatial
10.1523/jneurosci.5365-13.2014	Stimulus Dependence of Local Field Potential Spectra: Experiment versus Theory	Journal of Neuroscience	The local field potential (LFP) captures different neural processes, including integrative synaptic dynamics that cannot be observed by measuring only the spiking activity of small populations. Therefore, investigating how LFP power is modulated by external st
10.1126/science.aaz5357	Correlative three-dimensional super-resolution and block face electron microscopy of whole vitreously frozen cells	Science	Visualizing whole cells at many scales Cells need to compartmentalize thousands of distinct proteins, but the nanoscale spatial relationship of many proteins to overall intracellular ultrastructure remains poorly understood. Correlated light and electron micro
10.1073/pnas.2431073100	Contribution of astrocytes to hippocampal long-term potentiation through release of d-serine	Proceedings of the National Academy of S	Repetitive correlated activation of pre- and postsynaptic neurons induced long-term potentiation (LTP) of synaptic transmission among hippocampal neurons grown on a layer of astrocytes (mixed cultures) but not among neurons cultured in glial conditioned medium
10.1523/jneurosci.6410-09.2010	Selective changes in thin spine density and morphology in monkey prefrontal cortex correlate with aging-related cognitive impairment	Journal of Neuroscience	Age-associated memory impairment (AAMI) occurs in many mammalian species, including humans. In contrast to Alzheimer's disease (AD), in which circuit disruption occurs through neuron death, AAMI is due to circuit and synapse disruption in the absence of signif
10.3389/fncom.2020.00039	Crossing the Cleft: Communication Challenges Between Neuroscience and Artificial Intelligence	Frontiers in Computational Neuroscience	Historically, neuroscience principles have heavily influenced artificial intelligence (AI), for example the influence of the perceptron model, essentially a simple model of a biological neuron, on artificial neural networks. More recently, notable recent AI ad
10.1038/s41467-019-11891-6	Altered dendritic spine function and integration in a mouse model of fragile X syndrome	Nature Communications	Cellular and circuit hyperexcitability are core features of fragile X syndrome and related autism spectrum disorder models. However, the cellular and synaptic bases of this hyperexcitability have proved elusive. We report in a mouse model of fragile X syndrome
10.1038/s41380-024-02451-6	New rabies viral resources for multi-scale neural circuit mapping	Molecular Psychiatry	Comparisons and linkage between multiple imaging scales are essential for neural circuit connectomics. Here, we report 20 new recombinant rabies virus (RV) vectors that we have developed for multi-scale and multi-modal neural circuit mapping tools. Our new RV 
10.1007/s11071-023-09181-4	Signal transmission and energy consumption in excitatory–inhibitory cortical neuronal network	Nonlinear dynamics	
10.64898/2026.06.09.731064	Female acoustic signaling of sexual immaturity depresses male courtship in Drosophila	bioRxiv	In an early phase of life, most animals are behaviorally and physiologically not yet able to reproduce but show adaptations specific to a juvenile state. In Drosophila females, sexual maturation after metamorphosis is achieved by acquiring receptivity to male 
10.1016/j.neuron.2021.04.006	Juvenile hormone drives the maturation of spontaneous mushroom body neural activity and learned behavior	Neuron	SUMMARY Mature behaviors emerge from neural circuits sculpted by genetic programs and spontaneous and evoked neural activity. However, how neural activity is refined to drive maturation of learned behavior remains poorly understood. Here, we explore how transi
10.3389/fninf.2018.00013	A Statistically Representative Atlas for Mapping Neuronal Circuits in the Drosophila Adult Brain	Front. Neuroinform.	Imaging the expression patterns of reporter constructs is a powerful tool to dissect the neuronal circuits of perception and behavior in the adult brain of Drosophila, one of the major models for studying brain functions. To date, several Drosophila brain temp
10.1371/journal.pcbi.1007696	The SONATA data format for efficient description of large-scale network models	bioRxiv	Increasing availability of comprehensive experimental datasets and of high-performance computing resources are driving rapid growth in scale, complexity, and biological realism of computational models in neuroscience. To support construction and simulation, as
10.1038/nature03012	Cortical rewiring and information storage	Nature	Current thinking about long-term memory in the cortex is focused on changes in the strengths of connections between neurons. But ongoing structural plasticity in the adult brain, including synapse formation/elimination and remodelling of axons and dendrites, s
10.1126/science.aay6727	Coordination between stochastic and deterministic specification in the Drosophila visual system	Science	Retinal neurons play musical chairs As the retina develops in fruit flies, subtypes of certain color photoreceptors, the R7 neurons, are stochastically specified even though the downstream neurons they need to connect to, the Dm8 neurons, are not randomly spec
10.1016/j.celrep.2025.116832	Surround motion modulates the encoding properties of primate retinal ganglion cells	Cell Reports	SUMMARY Antagonistic interactions between center and surround regions of the receptive field are widely observed across sensory systems. In the early visual system, these interactions contribute to important computations such as edge detection. However, less i
10.7554/elife.100989	Glia control experience-dependent plasticity in an olfactory critical period	eLife	Sensory experience during developmental critical periods has lifelong consequences for circuit function and behavior, but the molecular and cellular mechanisms through which experience causes these changes are not well understood. The Drosophila antennal lobe 
10.1038/nrn3546	Proteostasis in complex dendrites	Nature Reviews Neuroscience	Like all cells, neurons are made of proteins that have characteristic synthesis and degradation profiles. Unlike other cells, however, neurons have a unique multipolar architecture that makes ∼10,000 synaptic contacts with other neurons. Both the stability and
10.1016/j.brainresbull.2016.09.008	Clustered structural and functional plasticity of dendritic spines	Brain Research Bulletin	The configuration of synaptic circuits underlies their ability to process and store information. Research on dendritic spines has revealed that their structural and functional alterations are clustered along the parent dendrite. Here we review the evidence sup
10.1093/cercor/bhw038	Early Development of Functional Network Segregation Revealed by Connectomic Analysis of the Preterm Human Brain	Cerebral Cortex	Human brain functional networks are topologically organized with nontrivial connectivity characteristics such as small-worldness and densely linked hubs to support highly segregated and integrated information processing. However, how they emerge and change at 
10.3390/cells10082133	Lighting Up Ca2+ Dynamics in Animal Models	Cells	Calcium (Ca2+) signaling coordinates are crucial processes in brain physiology. Particularly, fundamental aspects of neuronal function such as synaptic transmission and neuronal plasticity are regulated by Ca2+, and neuronal survival itself relies on Ca2+-depe
10.7554/elife.53518	Conservation and divergence of related neuronal lineages in the Drosophila central brain	eLife	Wiring a complex brain requires many neurons with intricate cell specificity, generated by a limited number of neural stem cells. Drosophila central brain lineages are a predetermined series of neurons, born in a specific order. To understand how lineage ident
10.1016/j.biosystems.2022.104714	Neurons as hierarchies of quantum reference frames	Biosyst.	Conceptual and mathematical models of neurons have lagged behind empirical understanding for decades. Here we extend previous work in modeling biological systems with fully scale-independent quantum information-theoretic tools to develop a uniform, scalable re
10.1016/j.neuron.2017.10.030	Divergent Connectivity of Homologous Command-like Neurons Mediates Segment-Specific Touch Responses in Drosophila.	Neuron	Animals adaptively respond to a tactile stimulus by choosing an ethologically relevant behavior depending on the location of the stimuli. Here, we investigate how somatosensory inputs on different body segments are linked to distinct motor outputs in Drosophil
10.1002/cne.903290107	Off‐alpha and OFF‐beta ganglion cells in cat retina: II. Neural circuitry as revealed by electron microscopy of HRP stains	The Journal of comparative neurology	Abstract An OFF‐center alpha and an OFF‐center beta ganglion cell in cat retina, which had been recorded from and intracellularly stained with horseradish peroxidase (HRP) were examined by serial section electron microscopy. We counted synapses and identified 
10.3389/fendo.2013.00165	GABA and Glutamate Transporters in Brain	Frontiers in Endocrinology	The mammalian genome contains four genes encoding GABA transporters (GAT1, slc6a1; GAT2, slc6a13; GAT3, slc6a11; BGT1, slc6a12) and five glutamate transporter genes (EAAT1, slc1a3; EAAT2, slc1a2; EAAT3, slc1a1; EAAT4, slc1a6; EAAT5, slc1a7). These transporters
10.1007/s11071-026-12717-z	Coupling–excitability correlation shapes macroscopic dynamics in a network of theta neurons	Nonlinear dynamics	
10.1103/physrevx.12.041007	Dynamics of Stochastic Integrate-and-Fire Networks	Physical Review X	The neural dynamics generating sensory, motor, and cognitive functions are commonly understood through field theories for neural population activity. Classic neural field theories are derived from highly simplified models of individual neurons, while biologica
10.1101/2020.11.13.381368	PSD-95 in dorsal CA1 contributes to the persistence of fear memory	bioRxiv	The ability to update and extinguish fearful memories is essential for survival. Accumulating data indicate that the dorsal CA1 area (dCA1) contributes to this process. However, the cellular and molecular basis of fear memory updating remains poorly understood
10.1126/sciadv.adf0925	Integration of reconfigurable microchannels into aligned three-dimensional neural networks for spatially controllable neuromodulation	Science Advances	Anisotropically organized neural networks are indispensable routes for functional connectivity in the brain, which remains largely unknown. While prevailing animal models require additional preparation and stimulation-applying devices and have exhibited limite
10.26481/dis.20140404rb	Brain wiring and neuronal dynamics : advances in MR imaging of focal epilepsy		ResultsThe SC-FC correlation was reduced in patients compared to controls, whereas no consistent abnormalities in structural or functional network organization were found.The SC-FC correlation progressively increased with age in the patients, but not in the co
10.1101/2023.07.19.549810	Unveiling the Odor Representation in the Inner Brain of Drosophila through Compressed Sensing	bioRxiv	The putative dimension of a space spanned by chemical stimuli is deemed enormous; however, when odorant molecules are bound to a finite number of receptor types and their information is transmitted and projected to a perceptual odor space in the brain, a subst
10.1016/j.tics.2019.10.005	Discovering the Computational Relevance of Brain Network Organization	Trends in Cognitive Sciences	Understanding neurocognitive computations will require not just localizing cognitive information distributed throughout the brain but also determining how that information got there. We review recent advances in linking empirical and simulated brain network or
10.1016/bs.ctdb.2020.08.003	One template, two outcomes: How does the sex-shared nervous system generate sex-specific behaviors?	Current Topics in Developmental Biology	Sex-specific behaviors are common in nature and are crucial for reproductive fitness and species survival. A key question in the field of sex/gender neurobiology is whether and to what degree the sex-shared nervous system differs between the sexes in the anato
10.1109/jproc.2014.2312916	Small Brains, Smart Machines: From Fly Vision to Robot Vision and Back Again	Proceedings of the IEEE	Neurobiological and neuroethological findings on insects can be used to design and construct small robots controlling their navigation on the basis of bio-inspired visual strategies and circuits. Animals' visual guidance is partly mediated by motion-sensitive 
10.1016/j.mcn.2007.08.012	Glycinergic input of small-field amacrine cells in the retinas of wildtype and glycine receptor deficient mice.	Molecular and cellular neurosciences	Amacrine cells are known to express strychnine-sensitive glycine receptors (GlyRs), however, it is not known which of the four GlyRalpha subunits (alpha1-4) are expressed in this diverse group of cells. Herein, we studied the presence of glycine activated curr
10.1371/journal.pcbi.1001011	Reconstructing the Three-Dimensional GABAergic Microcircuit of the Striatum	PLoS Comput. Biol.	A system's wiring constrains its dynamics, yet modelling of neural structures often overlooks the specific networks formed by their neurons. We developed an approach for constructing anatomically realistic networks and reconstructed the GABAergic microcircuit 
10.1371/journal.pcbi.1008374	DeepMIB: User-friendly and open-source software for training of deep learning network for biological image segmentation	bioRxiv	Deep learning approaches are highly sought after solutions for coping with large amounts of collected datasets and are expected to become an essential part of imaging workflows. However, in most cases, deep learning is still considered as a complex task that o
10.1016/j.conb.2025.102971	Emerging roles for tubulin PTMs in neuronal function and neurodegenerative disease	Current Opinion in Neurobiology	Neurons are equipped with microtubules of different stability with stable and dynamic domains often coexisting on the same microtubule. While dynamic microtubules undergo random transitions between disassembly and assembly, stable ones persist long enough to s
10.1109/escience65000.2025.00062	Synthesis of Ground Truth for Neuronal Segmentation	eScience	Segmenting neuropil data for connectomics is limited by the high cost and effort of manually labeling Electron Microscopy (EM) volumes. To address this, we propose a two-stage framework to generate large amounts of realistic image data with ground-truth segmen
10.1016/j.neuron.2022.12.034	Local 5-HT signaling bi-directionally regulates the coincidence time window for associative learning	Neuron	SUMMARY The coincidence between conditioned stimulus (CS) and unconditioned stimulus (US) is essential for associative learning; however, the mechanism regulating the duration of this temporal window remains unclear. Here, we found that serotonin (5-HT) bi-dir
10.1007/bf01188404	The synaptic organization of the dopaminergic amacrine cell in the cat retina	Journal of Neurocytology	The dopaminergic amacrine cells of the cat retina have been stained by immunocytochemistry using an antibody to tyrosine hydroxylase (Toh). The complete population of Toh+ cells has been studied by light microscopy of retinal wholemounts to evaluate morphologi
10.1038/s41586-022-04936-2	Prefrontal Feature Representations Drive Memory Recall	Nature	Memory formation involves binding of contextual features into a unitary representation1–4, whereas memory recall can occur using partial combinations of these contextual features. The neural basis underlying the relationship between a contextual memory and its
10.1016/j.neuron.2018.09.040	Towards an Understanding of Synapse Formation	Neuron	Synapses are intercellular junctions specialized for fast, point-to-point information transfer from a presynaptic neuron to a postsynaptic cell. At a synapse, a presynaptic terminal secretes neurotransmitters via a canonical release machinery, while a postsyna
10.1371/journal.pgen.1008963	Mushroom body subsets encode CREB2-dependent water-reward long-term memory in Drosophila	PLoS Genetics	Long-term memory (LTM) formation depends on the conversed cAMP response element-binding protein (CREB)-dependent gene transcription followed by de novo protein synthesis. Thirsty fruit flies can be trained to associate an odor with water reward to form water-r
10.1016/j.conb.2023.102699	Molecular and cellular mechanisms of human cortical connectivity.	Current Opinion in Neurobiology	Comparative studies of the cerebral cortex have identified various human and primate-specific changes in both local and long-range connectivity, which are thought to underlie our advanced cognitive capabilities. These changes are likely mediated by the diverge
10.64628/ab.4vmn9nfk3	The brain: a radical rethink is needed to understand it		
10.1038/350347a0	Two types of orientation-sensitive responses of amacrine cells in the mammalian retina	Nature	Neurons sensitive to the orientation of light stimuli exist throughout the mammalian visual system, suggesting that this spatial feature is a fundamental cue used by the brain to decipher visual information. The most peripheral neurons known to show orientatio
10.3389/fnana.2021.759804	Applications of Scanning Electron Microscopy Using Secondary and Backscattered Electron Signals in Neural Structure	Frontiers in Neuroanatomy	Scanning electron microscopy (SEM) has contributed to elucidating the ultrastructure of bio-specimens in three dimensions. SEM imagery detects several kinds of signals, of which secondary electrons (SEs) and backscattered electrons (BSEs) are the main electron
10.1101/385476	A genetic, genomic, and computational resource for exploring neural circuit function	bioRxiv	The anatomy of many neural circuits is being characterized with increasing resolution, but their molecular properties remain mostly unknown. Here, we characterize gene expression patterns in distinct neural cell types of the Drosophila visual system using gene
10.1098/rstb.2014.0170	The brain timewise: how timing shapes and supports brain function	Philosophical Transactions of the Royal 	We discuss the importance of timing in brain function: how temporal dynamics of the world has left its traces in the brain during evolution and how we can monitor the dynamics of the human brain with non-invasive measurements. Accurate timing is important for 
10.1162/imag_a_00544	In vivo human neurite exchange time imaging at 500 mT/m diffusion gradients	Imaging neuroscience	Evaluating tissue microstructure and membrane integrity in the living human brain through diffusion-water exchange imaging is challenging due to requirements for a high signal-to-noise ratio and short diffusion times dictated by relatively fast exchange proces
10.1523/jneurosci.3096-04.2004	Convergence and Segregation of the Multiple Rod Pathways in Mammalian Retina	Journal of Neuroscience	Using a multidisciplinary approach, we demonstrate that three different pathways are responsible for the transmission of rod signals across the mouse retina. Each pathway serves a primarily nonoverlapping range of stimulus intensities, with ganglion cells rece
10.1523/jneurosci.2104-23.2024	Celebrating the Birthday of AMPA Receptor Nanodomains: Illuminating the Nanoscale Organization of Excitatory Synapses with 10 Nanocandles	Journal of Neuroscience	A decade ago, in 2013, and over the course of 4 summer months, three separate observations were reported that each shed light independently on a new molecular organization that fundamentally reshaped our perception of excitatory synaptic transmission (Fukata e
10.1523/eneuro.0290-23.2023	Developing a Toolbox of Antibodies Validated for Array Tomography-Based Imaging of Brain Synapses	eNeuro	Abstract Antibody (Ab)-based imaging techniques rely on reagents whose performance may be application specific. Because commercial antibodies are validated for only a few purposes, users interested in other applications may have to perform extensive in-house a
10.1126/science.abh3021	Hyperexcitable arousal circuits drive sleep instability during aging	Science	Sleep quality declines with age; however, the underlying mechanisms remain elusive. We found that hyperexcitable hypocretin/orexin (Hcrt/OX) neurons drive sleep fragmentation during aging. In aged mice, Hcrt neurons exhibited more frequent neuronal activity ep
10.1109/access.2026.3691604	CST-GCNN: Spatio-Temporal Connectome Graph Network for Schizophrenia Classification	IEEE Access	Schizophrenia is increasingly understood as a disorder of large-scale brain network dysconnectivity, yet existing machine-learning and graph-based models often rely on static connectivity representations that fail to capture its dynamic and multi-relational na
10.64898/2026.06.30.735414	Connectome quality converges predictably to reveal optimal stopping points during proofreading	bioRxiv	Volumetric electron microscopy (EM) has become a critical approach to generating high-resolution reconstructions of brain tissue. As the size of EM volumes increase, use of automated image segmentation within the reconstruction pipeline has become essential, a
10.7554/elife.44753	Parallel visual circuitry in a basal chordate	bioRxiv	A common CNS architecture is observed in all chordates, from vertebrates to basal chordates like the ascidian Ciona. Currently Ciona stands apart among chordates in having a complete larval CNS connectome. Starting with visuomotor circuits predicted by the Cio
10.1016/j.cub.2025.09.011	Central clock drives foraging rhythm through modulating food odor attraction in Drosophila.	Current Biology	Animals display rhythmic foraging behavior synchronized with the Earth's 24-h cycle. However, the underlying neural mechanism remains poorly understood. In this study, we found that one group of olfactory inhibitory projection neurons (iPNs) in Drosophila, cal
10.1073/pnas.2320764121	Importance of magnetic information for neuronal plasticity in desert ants	Proceedings of the National Academy of S	Significance The Earth’s magnetic field is an essential navigational cue for many animal species. However, where in the brain magnetic information is processed is still little understood. In this paper, we analyzed structural neuronal plasticity in the brain o
10.1117/1.jbo.22.10.106015	Development of a neutral embedding resin for optical imaging of fluorescently labeled biological tissue	Journal of Biomedical Optics	Abstract. Plastic embedding is widely applied in light microscopy analyses. Previous studies have shown that embedding agents and related techniques can greatly affect the quality of biological tissue embedding and fluorescent imaging. Specifically, it is diff
10.3390/biology10020090	Anatomy and Neural Pathways Modulating Distinct Locomotor Behaviors in Drosophila Larva	Biology	Simple Summary Simple movements require the involvement of many neurons before a group of muscles receives the signal to contract and relax. The sensory system adds another layer of complexity to movement generation, as the mechanism of sensory information int
10.1007/s00422-021-00871-z	Relationships between lognormal distributions of neural properties, activity, criticality, and connectivity	Biological cybernetics	Relationships between convergence of inputs onto neurons, divergence of outputs from them, synaptic strengths, nonlinear firing response properties, and randomness of axonal ranges are systematically explored by interrelating means and variances of synaptic st
10.3389/fncom.2013.00075	Probabilistic inference of short-term synaptic plasticity in neocortical microcircuits	Frontiers in Computational Neuroscience	Short-term synaptic plasticity is highly diverse across brain area, cortical layer, cell type, and developmental stage. Since short-term plasticity (STP) strongly shapes neural dynamics, this diversity suggests a specific and essential role in neural informati
10.1038/s41593-020-0651-5	Cortical reactivations of recent sensory experiences predict bidirectional network changes during learning	Nature Neuroscience	Salient experiences are often relived in the mind. Human neuroimaging studies suggest that such experiences drive activity patterns in visual association cortex that are subsequently reactivated during quiet waking. Nevertheless, the circuit-level consequences
10.1002/cne.20075	Direct synaptic connections between rods and OFF cone bipolar cells in the rabbit retina	The Journal of comparative neurology	Abstract Mammalian retinal circuits are broadly divided into rod and cone pathways, responsible for dark‐ and light‐adapted vision, respectively. The classic rod pathway employs a single type of rod bipolar cell, which synapses with AII amacrine cells. AII ama
10.1002/cne.901750302	Development of outer segments and synapses in the rabbit retina	The Journal of comparative neurology	Abstract The peripheral retina of rabbits aged 0 to 60 days was studied by electron microscopy. Ribbon and conventional synaptogenesis was studied with serial sections, and the density of synapses of the inner plexiform layer was measured on large (1,500μm 2 )
10.1523/jneurosci.07-04-01189.1987	Visualization of endogenous glycine in cat retina: an immunocytochemical study with Fab fragments	Journal of Neuroscience	Fab fragments of a glycine antiserum were prepared and used for immunocytochemical visualization of glycine in the cat retina. The use of Fab fragments in conjunction with Fab-specific secondary and tertiary antisera improved tissue penetration and made it pos
10.1098/rspb.2010.0269	Socially induced brain development in a facultatively eusocial sweat bee Megalopta genalis (Halictidae)	Proceedings of the Royal Society of Lond	Changes in the relative size of brain regions are often dependent on experience and environmental stimulation, which includes an animal's social environment. Some studies suggest that social interactions are cognitively demanding, and have examined predictions
10.1101/2024.11.18.624135	Probing circuit mechanisms of feature selectivity in mouse visual cortex through synaptic-resolution connectomics		Feature selectivity, the ability of neurons to respond preferentially to specific stimuli, is a defining property of cortical computation. Competing theories attribute selectivity to structured, tuning-dependent “like-to-like” feedforward or recurrent connecti
10.1371/journal.pcbi.1005359	Memory replay in balanced recurrent networks	bioRxiv	Complex patterns of neural activity appear during up-states in the neocortex and sharp waves in the hippocampus, including sequences that resemble those during prior behavioral experience. The mechanisms underlying this replay are not well understood. How can 
10.1021/scimeetings.3c10021	Connectome-seq: sequencing the mammalian brain connectome using engineered protein and RNA		
10.2183/pjab.97.011	Optical manipulation of molecular function by chromophore-assisted light inactivation	Proceedings of the Japan Academy. Series	In addition to simple on/off switches for molecular activity, spatiotemporal dynamics are also thought to be important for the regulation of cellular function. However, their physiological significance and in vivo importance remain largely unknown. Fluorescenc
10.1016/b978-0-12-407908-3.00011-x	Statistical Connectomics	Annual Review of Statistics and Its Appl	The data science of networks is a rapidly developing field with myriad applications. In neuroscience, the brain is commonly modeled as a connectome, a network of nodes connected by edges. While there have been thousands of papers on connectomics, the statistic
10.1101/798439	Two brain pathways initiate distinct forward walking programs in Drosophila	bioRxiv	An animal at rest or engaged in stationary behaviors can instantaneously initiate goal-directed walking. How descending brain inputs trigger rapid transitions from a non-walking state to an appropriate walking state is unclear. Here, we identify two specific n
10.70675/119b8c81zb032z462fz9577zf223607fc499	Role of 3D chromatin conformation in gene regulation at the pupal stage and in the adult brain of Drosophila melanogaster		  Le génome des cellules eucaryotes a une organisation tridimensionnelle hautement hiérarchique. Parmi ces niveaux de compartimentation, les TADs (ou topologically associating domains) sont des régions riches en interactions chromatiniennes et sont cruciales p
10.1017/s0952523800000079	The retinae of Prototherian mammals possess neuronal types that are characteristic of non-mammalian retinae	Visual Neuroscience	Abstract This study has shown that the retinae of Prototherian (egg-laying) mammals possess two neuronal types that are present in non-mammalian retinae, but absent or morphologically different in the retinae of Eutherian (placental) mammals. First, endogenous
10.1016/j.cell.2015.06.035	Neural Circuit to Integrate Opposing Motions in the Visual Field.	Cell	When navigating in their environment, animals use visual motion cues as feedback signals that are elicited by their own motion. Such signals are provided by wide-field neurons sampling motion directions at multiple image points as the animal maneuvers. Each on
10.3389/fnmol.2015.00037	Investigating neuronal function with optically controllable proteins	Frontiers in Molecular Neuroscience	In the nervous system, protein activities are highly regulated in space and time. This regulation allows for fine modulation of neuronal structure and function during development and adaptive responses. For example, neurite extension and synaptogenesis both in
10.1038/nn.3921	The development of cortical circuits for motion discrimination	Nature Neuroscience	Stimulus discrimination depends on the selectivity and variability of neural responses, as well as the size and correlation structure of the responsive population. For direction discrimination in visual cortex, only the selectivity of neurons has been well cha
10.1038/s41467-025-59302-3	Divergent neural circuits for proprioceptive and exteroceptive sensing of the Drosophila leg	Nature Communications	Somatosensory neurons provide the nervous system with information about mechanical forces originating inside and outside the body. Here, we use connectomics from electron microscopy to reconstruct and analyze neural circuits downstream of the largest somatosen
10.24963/ijcai.2022/169	Biological Instance Segmentation with a Superpixel-Guided Graph	International Joint Conference on Artifi	Recent advanced proposal-free instance segmentation methods have made significant progress in biological images. However, existing methods are vulnerable to local imaging artifacts and similar object appearances, resulting in over-merge and over-segmentation. 
10.1523/jneurosci.22-06-02142.2002	Expression of a Variant Form of the Glutamate Transporter GLT1 in Neuronal Cultures and in Neurons and Astrocytes in the Rat Brain	Journal of Neuroscience	To identify glutamate transporters expressed in forebrain neurons, we prepared a cDNA library from rat forebrain neuronal cultures, previously shown to transport glutamate with high affinity and capacity. Using this library, we cloned two forms, varying in the
10.1016/j.bios.2023.115591	Investigation of the input-output relationship of engineered neural networks using high-density microelectrode arrays.	Biosensors & bioelectronics	Bottom-up neuroscience utilizes small, engineered biological neural networks to study neuronal activity in systems of reduced complexity. We present a platform that establishes up to six independent networks formed by primary rat neurons on planar complementar
10.1016/j.cub.2020.03.033	Homeostatic plasticity shapes the retinal response to photoreceptor degeneration	Current Biology	SUMMARY Homeostatic plasticity stabilizes input and activity levels during neural development, but whether it can restore connectivity and preserve circuit function during neurodegeneration is unknown. Photoreceptor degeneration is the most common cause of bli
10.3389/fninf.2022.884180	Deploying and Optimizing Embodied Simulations of Large-Scale Spiking Neural Networks on HPC Infrastructure	Frontiers in Neuroinformatics	Simulating the brain-body-environment trinity in closed loop is an attractive proposal to investigate how perception, motor activity and interactions with the environment shape brain activity, and vice versa. The relevance of this embodied approach, however, h
10.1002/cne.22184	Synaptic organization in the adult Drosophila mushroom body calyx	The Journal of comparative neurology	Abstract Insect mushroom bodies are critical for olfactory associative learning. We have carried out an extensive quantitative description of the synaptic organization of the calyx of adult Drosophila melanogaster , the main olfactory input region of the mushr
10.3389/fnana.2021.732506	Niwaki Instead of Random Forests: Targeted Serial Sectioning Scanning Electron Microscopy With Reimaging Capabilities for Exploring Central Nervous Sy	Frontiers in Neuroanatomy	Ultrastructural analysis of discrete neurobiological structures by volume scanning electron microscopy (SEM) often constitutes a “needle-in-the-haystack” problem and therefore relies on sophisticated search strategies. The appropriate SEM approach for a given 
10.1186/s12868-015-0203-1	Summation of connectivity strengths in the visual cortex reveals stability of neuronal microcircuits after plasticity	BMC Neuroscience	Within sensory systems, neurons are continuously affected by environmental stimulation. Recently, we showed that, on cell-pair basis, visual adaptation modulates the connectivity strength between similarly tuned neurons to orientation and we suggested that, on
10.1152/jn.90202.2008	Development of presynaptic inhibition onto retinal bipolar cell axon terminals is subclass-specific.	Journal of Neurophysiology	Synaptic integration is modulated by inhibition onto the dendrites of postsynaptic cells. However, presynaptic inhibition at axonal terminals also plays a critical role in the regulation of neurotransmission. In contrast to the development of inhibitory synaps
10.1016/j.neuron.2007.10.037	Release-dependent variations in synaptic latency: a putative code for short- and long-term synaptic dynamics.	Neuron	In the cortex, synaptic latencies display small variations ( approximately 1-2 ms) that are generally considered to be negligible. We show here that the synaptic latency at monosynaptically connected pairs of L5 and CA3 pyramidal neurons is determined by the p
10.1093/oxfordhb/9780197677131.013.12	Functional Connectome Dynamics and Brain Plasticity	The Oxford Handbook of Cognitive Enhance	Abstract This chapter explores how connectivity between distributed brain regions contributes to cognitive enhancement, with a focus on connectivity dynamics. These dynamics comprise fluctuations in the strength and spatial pattern of connectivity in the order
10.1016/j.conb.2016.06.006	Imaging of neuronal mitochondria in situ.	Current Opinion in Neurobiology	Neuronal mitochondria are receiving a rapidly increasing level of attention. This is to a significant part due to the ability to visualize neuronal mitochondria in novel ways, especially in vivo. Such an approach allows studying neuronal mitochondria in an int
10.1038/s41593-026-02376-z	A framework for comparative analysis of human and mouse cortical neuron dendrites in corresponding brain regions.	Nature Neuroscience	Cross-species comparisons of neuronal morphology can reveal evolutionary diversification of cortical organization, but they remain limited by scarce human reconstructions, uncertain regional correspondence and scale-dependent morphometrics. Here we introduce a
10.1038/s41598-020-64874-9	Nanostructural Diversity of Synapses in the Mammalian Spinal Cord	Scientific Reports	Functionally distinct synapses exhibit diverse and complex organisation at molecular and nanoscale levels. Synaptic diversity may be dependent on developmental stage, anatomical locus and the neural circuit within which synapses reside. Furthermore, astrocytes
10.1242/jeb.247003	Fantastic beasts and how to study them: rethinking experimental animal behavior	Journal of Experimental Biology	ABSTRACT Humans have been trying to understand animal behavior at least since recorded history. Recent rapid development of new technologies has allowed us to make significant progress in understanding the physiological and molecular mechanisms underlying beha
10.1098/rstb.2015.0356	The roadmap for estimation of cell-type-specific neuronal activity from non-invasive measurements	Philosophical Transactions of the Royal 	The computational properties of the human brain arise from an intricate interplay between billions of neurons connected in complex networks. However, our ability to study these networks in healthy human brain is limited by the necessity to use non-invasive tec
10.1523/jneurosci.3096-13.2014	Neurofibromin Is the Major Ras Inactivator in Dendritic Spines	Journal of Neuroscience	In dendritic spines, Ras plays a critical role in synaptic plasticity but its regulation mechanism is not fully understood. Here, using a fluorescence resonance energy transfer/fluorescence lifetime imaging microscopy-based Ras imaging technique in combination
10.1002/cne.25077	Johnston's organ and its central projections in Cataglyphis desert ants	The Journal of comparative neurology	The Johnston's organ (JO) in the insect antenna is a multisensory organ involved in several navigational tasks including wind‐compass orientation, flight control, graviception, and, possibly, magnetoreception. Here we investigate the three dimensional anatomy 
10.3390/molecules31050817	Fluorescent Labeling Methods for Brain Structure Research	Molecules	The brain is a complex structural network. The employment of fluorescent labeling techniques in conjunction with advanced imaging methodologies facilitates comprehensive analysis of multiscale brain anatomy, thereby offering insights into fundamental principle
10.1016/s0165-0173(97)00042-8	Long-term potentiation and spatial training are both associated with the generation of new excitatory synapses.	Brain research. Brain research reviews	
10.1016/j.cub.2022.05.010	Vector navigation in walking bumblebees.	Current Biology	Path integration is a computational strategy that allows an animal to maintain an internal estimate of its position relative to a point of origin. Many species use path integration to navigate back to specific locations, typically their homes, after lengthy an
10.1109/isbi53787.2023.10230759	X-Ray2EM: Uncertainty-Aware Cross-Modality Image Reconstruction from X-Ray to Electron Microscopy in Connectomics	IEEE International Symposium on Biomedic	Comprehensive, synapse-resolution imaging of the brain will be crucial for understanding neuronal computations and function. In connectomics, this has been the sole purview of volume electron microscopy (EM), which entails an excruciatingly difficult process b
10.3791/56113	Correlative Super-resolution and Electron Microscopy to Resolve Protein Localization in Zebrafish Retina	Journal of Visualized Experiments	We present a method to investigate the subcellular protein localization in the larval zebrafish retina by combining super-resolution light microscopy and scanning electron microscopy. The sub-diffraction limit resolution capabilities of super-resolution light 
10.3390/ijms25042226	The Interplay between Neurotransmitters and Calcium Dynamics in Retinal Synapses during Development, Health, and Disease	International Journal of Molecular Scien	The intricate functionality of the vertebrate retina relies on the interplay between neurotransmitter activity and calcium (Ca2+) dynamics, offering important insights into developmental processes, physiological functioning, and disease progression. Neurotrans
10.1101/2024.01.04.574141	NeoCOMM: A Neocortical Neuroinspired Computational Model for the Reconstruction and Simulation of Epileptiform Events	bioRxiv	Understanding the pathophysiological dynamics which underline interictal epileptiform events (IEEs) such as epileptic spikes, spike-and-waves or High-frequency oscillations (HFOs) is of major importance in the context of neocortical refractory epilepsy, as it 
10.1364/boe.559263	Scaling up X-ray holographic nanotomography for neuronal tissue imaging	Biomedical Optics Express	Neuronal circuit reconstruction from X-ray holographic nanotomography (XNH) images of neuronal tissue requires overcoming limits in acquisition speed, image quality, and sample size. To fully exploit the higher brilliance of the European Synchrotron’s upgraded
10.1016/j.cell.2013.06.008	Genetic and neural mechanisms that inhibit Drosophila from mating with other species	Cell	SUMMARY Genetically hard-wired neural mechanisms must enforce behavioral reproductive isolation because interspecies courtship is rare even in sexually naïve animals of most species. We find that the chemoreceptor Gr32a inhibits male D. melanogaster from court
10.1162/neco.2007.19.2.371	Reducing the Variability of Neural Responses: A Computational Theory of Spike-Timing-Dependent Plasticity	Neural Computation	Experimental studies have observed synaptic potentiation when a presynaptic neuron fires shortly before a postsynaptic neuron and synaptic depression when the presynaptic neuron fires shortly after. The dependence of synaptic modulation on the precise timing o
10.1016/j.neuron.2013.04.029	Modular use of peripheral input channels tunes motion-detecting circuitry	Neuron	SUMMARY In the visual system, peripheral processing circuits are often tuned to specific stimulus features. How this selectivity arises and how these circuits are organized to inform specific visual behaviors is incompletely understood. Using forward genetics 
10.1101/2025.06.08.658301	From Few Labels to Full Insight: 3D Semantic Segmentation of Brain White Matter Microstructures from a Sparsely Annotated X-ray Nano Holotomography Da		Abstract Morphological analysis of white matter (WM) microstructures provides invaluable insights into its function and brain health overall. Recently, synchrotron X-ray Nano Holography (XNH) imaging has gained momentum in microstructural studies owing to its 
10.3389/fnana.2013.00001	Computing the size and number of neuronal clusters in local circuits	Frontiers in Neuroanatomy	The organization of connectivity in neuronal networks is fundamental to understanding the activity and function of neural networks and information processing in the brain. Recent studies show that the neocortex is not only organized in columns and layers but a
10.1109/isbi.2009.5193257	Ultrastructural mapping of neural circuitry: A computational framework	IEEE International Symposium on Biomedic	Complete mapping of neuronal networks requires data acquisition at synaptic resolution with canonical coverage of tissues and robust neuronal classification. Transmission electron microscopy (TEM) remains the optimal tool for network mapping. However, capturin
10.1515/revneuro-2016-0051	New dimensions of connectomics and network plasticity in the central nervous system	Reviews in the Neurosciences	Abstract Cellular network architecture plays a crucial role as the structural substrate for the brain functions. Therefore, it represents the main rationale for the emerging field of connectomics, defined as the comprehensive study of all aspects of central ne
10.1371/journal.pone.0033831	Integration of Subthreshold and Suprathreshold Excitatory Barrages along the Somatodendritic Axis of Pyramidal Neurons	PLoS ONE	Neurons integrate inputs arriving in different cellular compartments to produce action potentials that are transmitted to other neurons. Because of the voltage- and time-dependent conductances in the dendrites and soma, summation of synaptic inputs is complex.
10.1101/2020.07.30.229559	Adaptation of spontaneous activity in the developing visual cortex	bioRxiv	Spontaneous activity drives the establishment of appropriate connectivity in different circuits during brain development. In the mouse primary visual cortex, two distinct patterns of spontaneous activity occur before vision onset: local low-synchronicity event
10.1016/j.neuron.2018.12.009	Layer-specific physiological features and interlaminar interactions in the primary visual cortex of the mouse	Neuron	Summary The relationship between mesoscopic local field potentials (LFP) and single neuron firing in the multi-layered neocortex is poorly understood. Simultaneous recordings from all layers in the primary visual cortex (V1) of the behaving mouse revealed func
10.1113/jphysiol.2007.127894	Light triggers expression of philanthotoxin‐insensitive Ca2+‐permeable AMPA receptors in the developing rat retina	Journal of Physiology	Ca 2 +‐permeable AMPA receptors (AMPARs) are expressed throughout the adult CNS but yet their role in development is poorly understood. In the developing retina, most investigations have focused on Ca 2+ influx through NMDARs in promoting synapse maturation an
10.1523/jneurosci.1420-19.2019	Aversive Training Induces Both Presynaptic and Postsynaptic Suppression in Drosophila	Journal of Neuroscience	The α′β′ subtype of Drosophila mushroom body neurons (MBn) is required for memory acquisition, consolidation and early memory retrieval after aversive olfactory conditioning. However, in vivo functional imaging studies have failed to detect an early forming me
10.1016/j.neuron.2014.03.029	Representing Sex in the Brain, One Module at a Time	Neuron	Summary Sexually dimorphic behaviors, qualitative or quantitative differences in behaviors between the sexes, result from the activity of a sexually differentiated nervous system. Sensory cues and sex hormones control the entire repertoire of sexually dimorphi
10.5772/67705	Synaptic Plasticity by Afferent Electrical Stimulation		The effect of afferent electrical stimulation on synaptic plasticity within the sensorimotor cortex will be discussed. Afferent electrical stimulation induces a down regulation of inhibitory neural circuits and plays a critical role in strengthening excitatory
10.1016/j.cois.2023.101034	A Cognitive Account of Trace Conditioning in Insects.	Current Opinion in Insect Science	Trace conditioning is a form of Pavlovian learning in which the conditioned stimulus (CS) and the unconditioned stimulus (US) are separated by a temporal gap. Insects learn trace associations of variable nature (appetitive, aversive) and involving CSs of diffe
10.3390/ijms252312956	Aberrant Positions of the Chemosensory Neurons in the Neurotransmitter-Release Mutant unc-13	International Journal of Molecular Scien	Secretion of neurotransmitter- and neuropeptide-containing vesicles is a regulated process orchestrated by multiple proteins. Of these, mutants, defective in the unc-13 and unc-31 genes, responsible for neurotransmitter and neuropeptide release, respectively, 
10.1038/s41586-025-08631-w	Brain-wide presynaptic networks of functionally distinct cortical neurons	Nature	Revealing the connectivity of functionally identified individual neurons is necessary to understand how activity patterns emerge and support behaviour. Yet the brain-wide presynaptic wiring rules that lay the foundation for the functional selectivity of indivi
10.3389/fncel.2014.00069	Epigenetic effect of testosterone in the behavior of C. elegans. A clue to explain androgen-dependent autistic traits?	Frontiers in Cellular Neuroscience	Current research indicates that the causes of autism spectrum disorders (ASDs) are multifactorial and include both genetic and environmental factors. To date, several works have associated ASDs with mutations in genes that encode proteins involved in neuronal 
10.1101/108035	Ciliomotor circuitry underlying whole-body coordination of ciliary activity in the Platynereis larva	bioRxiv	Ciliated surfaces harbouring synchronously beating cilia can generate fluid flow or drive locomotion. In ciliary swimmers, ciliary beating, arrests, and changes in beat frequency are often coordinated across extended or discontinuous surfaces. To understand ho
10.1371/journal.pone.0084557	Rapid Reconstruction of 3D Neuronal Morphology from Light Microscopy Images with Augmented Rayburst Sampling	PLoS ONE	Digital reconstruction of three-dimensional (3D) neuronal morphology from light microscopy images provides a powerful technique for analysis of neural circuits. It is time-consuming to manually perform this process. Thus, efficient computer-assisted approaches
10.1016/j.neuron.2019.07.019	Semaphorin 2b Regulates Sleep-Circuit Formation in the Drosophila Central Brain	Neuron	SUMMARY The fan-shaped body (FB) neuropil in the Drosophila brain central complex (CX) controls a variety of adult behaviors, including navigation and sleep. How neuronal processes are organized into precise layers and columns in the FB and how alterations in 
10.1038/s41593-019-0443-y	Dynamic nonlinearities enable direction opponency in Drosophila elementary motion detectors	Nature Neuroscience	Direction-selective neurons respond to visual motion in a preferred direction. They are direction-opponent if they are also inhibited by motion in the opposite direction. In flies and vertebrates, direction opponency has been observed in second-order direction
10.1016/j.eswa.2024.126370	ECS-Net: Extracellular space segmentation with contrastive and shape-aware loss by using cryo-electron microscopy imaging	Expert systems with applications	
10.1101/2024.01.09.574952	Diverse GABA signaling in the inner retina enables spatiotemporal coding	bioRxiv	GABA (ψ-aminobutyric acid) is the primary inhibitory neurotransmitter in the mammalian central nervous system (CNS) 1,2. There is a wide range of GABAergic neuronal types, each of which plays an important role in neural processing and the etiology of neurologi
10.3389/fninf.2022.828458	Connectomics Annotation Metadata Standardization for Increased Accessibility and Queryability	Frontiers in Neuroinformatics	Neuroscientists can leverage technological advances to image neural tissue across a range of different scales, potentially forming the basis for the next generation of brain atlases and circuit reconstructions at submicron resolution, using Electron Microscopy
10.1049/iet-ipr.2019.0025	DRU-net: a novel U-net for biomedical image segmentation	IET Image Processing	With the wide applications of biomedical images in the medical field, the segmentation of biomedical images plays an important role in clinical diagnosis, pathological analysis, and medical intervention. Full convolutional neural networks, especially U-net, ha
10.1371/journal.pone.0164004	Morphological Characteristics of Electrophysiologically Characterized Layer Vb Pyramidal Cells in Rat Barrel Cortex	PLoS ONE	Layer Vb pyramidal cells are the major output neurons of the neocortex and transmit the outcome of cortical columnar signal processing to distant target areas. At the same time they contribute to local tactile information processing by emitting recurrent axona
10.1016/j.cub.2019.05.070	Serotonergic modulation of aggression in Drosophila involves GABAergic and cholinergic opposing pathways	Current Biology	Summary Pathological aggression is commonly associated with psychiatric and neurological disorders and can impose a substantial burden and cost on human society. Serotonin (5HT) has long been implicated in the regulation of aggression in a wide variety of anim
10.3389/fncom.2013.00128	Synaptic polarity of the interneuron circuit controlling C. elegans locomotion	Frontiers in Computational Neuroscience	Caenorhabditis elegans is the only animal for which a detailed neural connectivity diagram has been constructed. However, synaptic polarities in this diagram, and thus, circuit functions are largely unknown. Here, we deciphered the likely polarities of seven p
10.1080/19336934.2024.2368336	The astrocyte-enriched gene deathstar plays a crucial role in the development, locomotion, and lifespan of D. melanogaster	Fly	ABSTRACT The Drosophila melanogaster brain is a complex organ with various cell types, orchestrating the development, physiology, and behaviors of the fly. While each cell type in Drosophila brain is known to express a unique gene set, their complete genetic p
10.1016/j.neuroscience.2005.11.038	Density and morphology of dendritic spines in mouse neocortex.	Neuroscience	Dendritic spines of pyramidal cells are the main postsynaptic targets of cortical excitatory synapses and as such, they are fundamental both in neuronal plasticity and for the integration of excitatory inputs to pyramidal neurons. There is significant variatio
10.1101/449447	Scaling principles of distributed circuits	bioRxiv	Distributed circuits like the olfactory cortex, hippocampus, and cerebellum contain sub-circuits whose inputs distribute their axons over the entire circuit creating a puzzle of how information is encoded. One method for approaching the puzzle is to view them 
10.1016/j.jsb.2011.08.013	Correlative 3D imaging of Whole Mammalian Cells with Light and Electron Microscopy	Journal of Structural Biology	We report methodological advances that extend the current capabilities of ion-abrasion scanning electron microscopy (IA–SEM), also known as focused ion beam scanning electron microscopy, a newly emerging technology for high resolution imaging of large biologic
10.1016/0896-6273(94)90057-4	Block of glutamate transporters potentiates postsynaptic excitation.	Neuron	We have studied the effects of blockers of glutamate transporters on excitatory synaptic transmission to determine whether transporters increase the clearance rate of transmitter from the synaptic cleft on the millisecond time scale. The transporter blockers L
10.1016/j.cub.2022.07.001	Systems neuroscience: Auditory processing at synaptic resolution.	Current Biology	Deeper layers of the auditory system have not been fully mapped in any model system. A new study links comprehensive connectomics of Drosophila song perception circuits to physiological response profiles.
10.3389/fncom.2012.00059	GABA release by hippocampal astrocytes	Frontiers in Computational Neuroscience	Astrocytes can directly influence neuronal activity through the release of various transmitters acting on membrane receptors expressed by neurons. However, in contrast to glutamate and ATP for instance, the release of GABA (γ-amino-butyric acid) by astrocytes 
10.1016/j.neuroimage.2009.10.003	Complex network measures of brain connectivity: Uses and interpretations	NeuroImage	Brain connectivity datasets comprise networks of brain regions connected by anatomical tracts or by functional associations. Complex network analysis-a new multidisciplinary approach to the study of complex systems-aims to characterize these brain networks wit
10.3389/fphys.2020.00997	Better Sleep at Night: How Light Influences Sleep in Drosophila	Frontiers in Physiology	Sleep-like states have been described in Drosophila and the mechanisms and factors that generate and define sleep-wake profiles in this model organism are being thoroughly investigated. Sleep is controlled by both circadian and homeostatic mechanisms, and envi
10.7554/elife.52951	Cell type composition and circuit organization of clonally related excitatory neurons in the juvenile mouse neocortex	eLife	Clones of excitatory neurons derived from a common progenitor have been proposed to serve as elementary information processing modules in the neocortex. To characterize the cell types and circuit diagram of clonally related excitatory neurons, we performed mul
10.3389/fncir.2022.949781	Flexibility of neural circuits regulating mating behaviors in mice and flies	Frontiers in Neural Circuits	Mating is essential for the reproduction of animal species. As mating behaviors are high-risk and energy-consuming processes, it is critical for animals to make adaptive mating decisions. This includes not only finding a suitable mate, but also adapting mating
10.1016/j.crmeth.2026.101512	Mapping brain-wide monosynaptic inputs to single neurons with ROInet-seq.	Cell Reports Methods	Viral projection tracing strategies help build regional connectomes of mammalian brains. G-deleted rabies virus (ΔG-RV) establishes monosynaptic input connectivity but cannot distinguish networks at cell resolution. Here, we implement a barcoded ΔG-RV for netw
10.1371/journal.pcbi.1000088	Astrocytes Optimize the Synaptic Transmission of Information	PLoS Comput. Biol.	Chemical synapses transmit information via the release of neurotransmitter-filled vesicles from the presynaptic terminal. Using computational modeling, we predict that the limited availability of neurotransmitter resources in combination with the spontaneous r