10.1038/s42003-025-09344-6	A new system for studying neuronal remodeling and its relation to behavior in Drosophila	Communications Biology	Neuronal remodeling is essential for the precise formation of mature nervous systems. Drosophila serves to study neuronal remodeling; however, existing experimental systems are insufficient for examining circuit-level neuronal remodeling and its effect on beha
10.1073/pnas.1722491115	Reporter–nanobody fusions (RANbodies) as versatile, small, sensitive immunohistochemical reagents	Proceedings of the National Academy of S	Significance Conventional antibodies are often poorly defined, limited in amount, and difficult to store permanently. Nanobodies, recombinant antigen-binding proteins derived from single-chain camelid antibodies, circumvent many of these limitations. To maximi
10.1016/0006-8993(86)91232-1	5-HT2 antagonists reduce ON responses in the rabbit retina.	Brain Research	We have investigated the effects of serotonin (5-HT2) antagonists in the rabbit retina. These antagonists reduce the ON responses of ON-center cells as well as the surround (ON) responses of OFF-center cells, and enhance the center (OFF) responses of the latte
10.1038/s41598-017-04657-x	Genetic targeting and anatomical registration of neuronal populations in the zebrafish brain with a new set of BAC transgenic tools	Scientific Reports	Genetic access to small, reproducible sets of neurons is key to an understanding of the functional wiring of the brain. Here we report the generation of a new Gal4- and Cre-driver resource for zebrafish neurobiology. Candidate genes, including cell type-specif
10.1016/j.neubiorev.2025.106525	Association: one term, five concepts.	Neuroscience and Biobehavioral Reviews	'Association' is certainly one of the most prevalent terms in the study of mind, brain and behavior. It applies to actions, stimuli, neurons, brain areas, ideas, words, etc. However, we argue that this term carries qualitatively different meanings, a largely u
10.1371/journal.pone.0130045	Graph Theoretical Analysis Reveals: Women’s Brains Are Better Connected than Men’s	PLoS ONE	Deep graph-theoretic ideas in the context with the graph of the World Wide Web led to the definition of Google’s PageRank and the subsequent rise of the most popular search engine to date. Brain graphs, or connectomes, are being widely explored today. We belie
10.1016/j.neures.2022.01.007	Monosynaptic rabies virus tracing from projection-targeted single neurons.	Neurosciences research	A single neuron integrates inputs from thousands of presynaptic neurons to generate outputs. Circuit tracing using G-deleted rabies virus (RVΔG) vectors permits the brain-wide labeling of presynaptic inputs to targeted single neurons. However, the experimental
10.1002/cne.902830203	Morphology and distribution of synapses onto a type of large field ganglion cell in the retina of the goldfish	The Journal of comparative neurology	Abstract The morphology and dendritic distribution of terminals that synapse onto a type of large‐field ganglion cell in the retina of the goldfish are described. Electron microscopy was combined with retrograde labelling of cells with horseradish peroxidase (
10.1152/jn.90417.2008	Amacrine-to-amacrine cell inhibition in the rabbit retina.	Journal of Neurophysiology	We studied the interactions between excitation and inhibition in morphologically identified amacrine cells in the light-adapted rabbit retinal slice under patch clamp. The majority of on amacrine cells received glycinergic off inhibition. About half of the off
10.1126/science.abb4534	Postnatal connectomic development of inhibition in mouse barrel cortex	Science	Building circuits, one synapse at a time As the brain develops, neurons build new connections that are refined by pruning. Gour et al. used electron microscopy to build a high-resolution study of mouse postnatal brain development. The survey reveals the detail
10.1101/2021.02.16.431388	The role of network connectivity on epileptiform activity	Scientific Reports	A number of potentially important mechanisms have been identified as key players to generate epileptiform activity, such as genetic mutations, activity-dependent alteration of synaptic functions, and functional network reorganization at the macroscopic level. 
10.1016/j.devcel.2024.03.016	scRNAseq data from the larval Drosophila ventral cord provides a resource for studying motor systems function and development	Developmental Cell	Drosophila larval ventral nerve cord (VNC) shares many similarities with the spinal cord of vertebrates and has emerged as a major model for understanding the development and function of motor systems. Here we use high quality scRNAseq, validated by anatomical
10.1242/prelights.11092	High-throughput mapping of mesoscale connectomes in individual mice		
10.1101/2023.08.25.554352	Fe-TAMLs as a new class of small molecule peroxidase probes for correlated light and electron microscopy	bioRxiv	ABSTRACT We introduce Fe-TAML, a small molecule-based peroxidase as a versatile new member of the correlated fluorescence and electron microscopy toolkit. The utility of the probe is demonstrated by high resolution imaging of newly synthesized DNA (through bio
10.1016/s0165-3806(98)00127-8	Postnatal development of parvalbumin immunoreactive amacrine cells in the rabbit retina.	Brain research. Developmental brain rese	In the adult rabbit, rat and cat retina, parvalbumin (PV) immunoreactivity is primarily localized to a population of narrow-field, bistratified amacrine cells, the AII amacrine cells-major interneurons of the rod pathway. This investigation examines the postna
10.3390/brainsci11121556	FARCI: Fast and Robust Connectome Inference	bioRxiv	The inference of neuronal connectome from large-scale neuronal activity recordings, such as two-photon Calcium imaging, represents an active area of research in computational neuroscience. In this work, we developed FARCI (Fast and Robust Connectome Inference)
10.3389/fnins.2020.570750	Current Techniques for Investigating the Brain Extracellular Space	Frontiers in Neuroscience	The brain extracellular space (ECS) is a continuous reticular compartment that lies between the cells of the brain. It is vast in extent relative to its resident cells, yet, at the same time the nano- to micrometer dimensions of its channels and reservoirs are
10.1113/jphysiol.2004.061416	Burst generation in rat pyramidal neurones by regenerative potentials elicited in a restricted part of the basilar dendritic tree	Journal of Physiology	The common preconception about central nervous system neurones is that thousands of small postsynaptic potentials sum across the entire dendritic tree to generate substantial firing rates, previously observed in in vivo experiments. We present evidence that lo
10.1109/bibm58861.2023.10385605	High performance computing requirements for the calculation of a morphology model of the human whole brain at the nanoscale	IEEE International Conference on Bioinfo	We have witnessed recently a huge explosion of human brain big projects. Despite these immense efforts and acquisitions of enormous amounts of brain data, a model of the human whole brain at the nanoscale has not yet been developed. The goal of this work is to
10.7554/elife.50566	Reliability of an interneuron response depends on an integrated sensory state	bioRxiv	The central nervous system transforms sensory information into representations that are salient to the animal. Here we define the logic of this transformation in a Caenorhabditis elegans integrating interneuron. AIA interneurons receive input from multiple che
10.1038/s41593-019-0520-2	A deep learning framework for neuroscience	Nature Neuroscience	Systems neuroscience seeks explanations for how the brain implements a wide variety of perceptual, cognitive and motor tasks. Conversely, artificial intelligence attempts to design computational systems based on the tasks they will have to solve. In artificial
10.1007/s12021-015-9274-5	EPBscore: a Novel Method for Computer-Assisted Analysis of Axonal Structure and Dynamics	Neuroinformatics	
10.1038/nature12063	Random Convergence of Olfactory Inputs in the Drosophila Mushroom Body	Nature	The mushroom body in the fruitfly Drosophila melanogaster is an associative brain centre that translates odour representations into learned behavioural responses. Kenyon cells, the intrinsic neurons of the mushroom body, integrate input from olfactory glomerul
10.1038/ncomms2925	Postsynaptic current bursts instruct action potential firing at a graded synapse	Nature Communications	Nematode neurons generally produce graded potentials instead of action potentials. It is unclear how the graded potentials control postsynaptic cells under physiological conditions. Here we show that postsynaptic currents frequently occur in bursts at the neur
10.1101/2024.09.30.615804	The first complete 3D reconstruction and morphofunctional mapping of an insect eye		Abstract The structure of compound eyes in arthropods has been the subject of many studies, revealing important biological principles. Until recently, these studies were constrained by the two-dimensional nature of available ultrastructural data. By taking adv
10.3109/01677063.2013.791692	Lessons From Sleeping Flies: Insights from Drosophila melanogaster on the Neuronal Circuitry and Importance of Sleep	Journal of neurogenetics	Sleep is a highly conserved behavior whose role is as yet unknown, although it is widely acknowledged as being important. Here we provide an overview of many vital questions regarding this behavior, that have been addressed in recent years using the geneticall
10.1038/s41467-020-16315-4	Freeze-frame imaging of synaptic activity using SynTagMA	Nature Communications	Information within the brain travels from neuron to neuron across billions of synapses. At any given moment, only a small subset of neurons and synapses are active, but finding the active synapses in brain tissue has been a technical challenge. Here we introdu
10.1371/journal.pcbi.1009088	Integration of sleep homeostasis and navigation in Drosophila	PLoS Comput. Biol.	During sleep, the brain undergoes dynamic and structural changes. In Drosophila, such changes have been observed in the central complex, a brain area important for sleep control and navigation. The connectivity of the central complex raises the question about 
10.1016/j.neuint.2019.04.005	Astrocyte dysfunction and neurovascular impairment in neurological disorders: correlation or causation?	Neurochemistry International	The neurovascular unit, consisting of neurons, astrocytes, and vascular cells, has become the focus of much discussion in the last two decades and emerging literature now suggests an association between neurovascular dysfunction and neurological disorders. In 
10.1002/cne.10359	Light and electron microscopic analysis of aquaporin 1‐like‐immunoreactive amacrine cells in the rat retina	The Journal of comparative neurology	Abstract Aquaporin 1 (AQP1; also known as CHIP , a channel‐forming integral membrane protein of 28 kDa) is the first protein to be shown to function as a water channel and has been recently shown to be present in the rat retina. We previously showed (Kim et al
10.1016/j.neuron.2023.12.014	Mapping of Multiple Neurotransmitter Receptor Subtypes and Distinct Protein Complexes to the Connectome	Neuron	Summary Neurons express various combinations of neurotransmitter receptor (NR) subunits and receive inputs from multiple neuron types expressing different neurotransmitters. Localizing NR subunits to specific synaptic inputs has been challenging. Here, we use 
10.1109/tnnls.2021.3050422	Synaptic Scaling—An Artificial Neural Network Regularization Inspired by Nature	IEEE Transactions on Neural Networks and	Nature has always inspired the human spirit and scientists frequently developed new methods based on observations from nature. Recent advances in imaging and sensing technology allow fascinating insights into biological neural processes. With the objective of 
10.1002/cne.2157	Differential synaptic organization of GABAergic bipolar cells and non‐GABAergic (glutamatergic) bipolar cells in the tiger salamander retina	The Journal of comparative neurology	Abstract The synaptic organizations of γ‐aminobutyric acid–immunoreactive (GABA‐IR, GABAergic) and non–GABA‐IR (non‐IR, glutamatergic) bipolar cells in salamander retina were compared by postembedding immunoelectron microscopy. A total of 238 presynaptic bipol
10.1371/journal.pgen.1011190	Functional labeling of individualized postsynaptic neurons using optogenetics and trans-Tango in Drosophila (FLIPSOT)	PLoS Genetics	A population of neurons interconnected by synapses constitutes a neural circuit, which performs specific functions upon activation. It is essential to identify both anatomical and functional entities of neural circuits to comprehend the components and processe
10.7554/elife.43079	Neurogenetic dissection of the Drosophila lateral horn reveals major outputs, diverse behavioural functions, and interactions with the mushroom body	eLife	Animals exhibit innate behaviours to a variety of sensory stimuli including olfactory cues. In Drosophila, one higher olfactory centre, the lateral horn (LH), is implicated in innate behaviour. However, our structural and functional understanding of the LH is 
10.1016/j.mee.2016.02.055	A high-current scanning electron microscope with multi-beam optics	Microelectronic Engineering	
10.3389/fncir.2014.00112	Input clustering and the microscale structure of local circuits	Front. Neural Circuits	The recent development of powerful tools for high-throughput mapping of synaptic networks promises major advances in understanding brain function. One open question is how circuits integrate and store information. Competing models based on random vs. structure
10.1523/jneurosci.1680-15.2015	Store-Operated Calcium Entry through Orai Is Required for Transcriptional Maturation of the Flight Circuit in Drosophila	Journal of Neuroscience	Store operated calcium entry (SOCE) is thought to primarily regulate calcium homeostasis in neurons. Subsequent to identification of Orai as the SOCE channel in nonexcitable cells, investigation of Orai function in neurons demonstrated a requirement for SOCE i
10.1111/j.1460-9568.2006.04728.x	l‐Glutamate activates RhoA GTPase leading to suppression of astrocyte stellation	European Journal of Neuroscience	Abstract The actin cytoskeleton is known to support cellular morphological changes. Rho family small GTPases function as switching molecules to promote the convergence of both extracellular and intracellular signals in regulating cytoskeletal organization. Evi
10.1111/jnc.15316	Current molecular approaches to investigate pre‐synaptic dysfunction	Journal of Neurochemistry	Over the course of the last few decades it has become clear that many neurodevelopmental and neurodegenerative disorders have a synaptic defect, which contributes to pathogenicity. A rise in new techniques, and in particular '‐omics'‐based methods providing la
10.1101/2025.02.27.640551	Physical Network Constraints Define the Multiplicative Architecture of the Brain’s Connectome		Abstract The brain has long been conceptualized as a network of neurons connected by synapses. However, attempts to describe the connectome using established network science models have yielded conflicting outcomes, leaving the architecture of neural networks 
10.1016/j.tcb.2014.09.008	Systems biology in 3D space--enter the morphome.	Trends in Cell Biology	Systems-based understanding of living organisms depends on acquiring huge datasets from arrays of genes, transcripts, proteins, and lipids. These data, referred to as 'omes', are assembled using 'omics' methodologies. Currently a comprehensive, quantitative vi
10.1186/gb-2013-14-9-213	Neurexins	Genome Biology	The neurexin family of cell adhesion proteins consists of three members in vertebrates and has homologs in several invertebrate species. In mammals, each neurexin gene encodes an α-neurexin in which the extracellular portion is long, and a β-neurexin in which 
10.1371/journal.pcbi.1012510	Structural influences on synaptic plasticity: The role of presynaptic connectivity in the emergence of E/I co-tuning	bioRxiv	Cortical neurons are versatile and efficient coding units that develop strong preferences for specific stimulus characteristics. The sharpness of tuning and coding efficiency is hypothesized to be controlled by delicately balanced excitation and inhibition. Th
10.1016/j.neuro.2018.04.016	Opportunities and challenges for using the zebrafish to study neuronal connectivity as an endpoint of developmental neurotoxicity	Neurotoxicology	HIGHLIGHTSGene‐environment interactions influence risk for neurodevelopmental disorders.Zebrafish may be useful for identifying relevant gene‐environment interactions.Altered neuronal connectivity is associated with many neurodevelopmental disorders.Neuronal c
10.64898/2025.12.11.693643	Short Excitatory Projections Promote Burst Activity and Modular Functional Organization in Neural Networks	bioRxiv	Physical constraints in the brain favor short, distance-dependent connections. How-ever, short-range projections are not merely a compromise imposed by these constraints; they also serve essential functional roles. Here, we explore networks with balanced excit
10.1016/j.micron.2011.07.001	Correlative microscopy: a powerful tool for exploring neurological cells and tissues.	Micron	Imaging tools for exploring the neurological samples have seen a rapid transformation over the last decade. Approaches that allow clear and specific delineation of targeted tissues, individual neurons, and their cell-cell connections as well as subcellular con
10.3389/fncel.2026.1819116	Identity crisis: exploring the boundaries of cell type identification in the age of single-cell transcriptomics	Frontiers in Cellular Neuroscience	The rise of single-cell transcriptomics and comprehensive reference atlases promised a unifying molecular framework to classify cell identity. Yet transcriptomic identities are often interpreted outside the environmental contexts in which they arise. Here, we 
10.1101/2024.10.03.616539	Cell-type specific projection patterns promote balanced activity in cortical microcircuits		The structure of neural networks provides the stage on which their activity unfolds. Models of cerebral cortex linking connectivity to dynamics have primarily relied on probabilistic estimates of connectivity derived from paired electrophysiological recordings
10.31234/osf.io/hqgz7	Where the genome meets the connectome: Understanding how genes shape human brain connectivity	NeuroImage	The integration of modern neuroimaging methods with genetically informative designs and data can shed light on the molecular mechanisms underlying the structural and functional organisation of the human connectome. Here, we review studies that have investigate
10.1152/jn.00542.2005	Dynamic spatiotemporal synaptic integration in cortical neurons: neuronal gain, revisited.	Journal of Neurophysiology	Gain modulation is a ubiquitous phenomenon in cortical neurons, providing flexibility to operate under changing conditions. The prevailing view is that this modulation reflects a change in the relationship between mean input and output firing rate brought abou
10.1523/jneurosci.20-07-02512.2000	NMDA Receptor Content of Synapses in Stratum Radiatum of the Hippocampal CA1 Area	Journal of Neuroscience	Glutamate receptors activated by NMDA (NMDARs) or AMPA (AMPARs) are clustered on dendritic spines of pyramidal cells. Both the AMPAR-mediated postsynaptic responses and the synaptic AMPAR immunoreactivity show a large intersynapse variability. Postsynaptic res
10.1002/nbm.3941	Ex vivo diffusion MRI of the human brain: Technical challenges and recent advances	NMR in Biomedicine	This review discusses ex vivo diffusion magnetic resonance imaging (dMRI) as an important research tool for neuroanatomical investigations and the validation of in vivo dMRI techniques, with a focus on the human brain. We review the challenges posed by the pro
10.15252/embr.202153200	Regional heterogeneity of astrocyte morphogenesis dictated by the formin protein, Daam2, modifies circuit function	EMBO Reports	Astrocytes display extraordinary morphological complexity that is essential to support brain circuit development and function. Formin proteins are key regulators of the cytoskeleton; however, their role in astrocyte morphogenesis across diverse brain regions a
10.1111/cgf.70116	Random Access Segmentation Volume Compression for Interactive Volume Rendering	Computer graphics forum (Print)	Segmentation volumes are voxel data sets often used in machine learning, connectomics, and natural sciences. Their large sizes make compression indispensable for storage and processing, including GPU video memory constrained real‐time visualization. Fast Compr
10.1101/2023.06.23.546330	New genetic tools for mushroom body output neurons in Drosophila	bioRxiv	How memories of past events influence behavior is a key question in neuroscience. The major associative learning center in Drosophila, the Mushroom Body (MB), communicates to the rest of the brain through Mushroom Body Output Neurons (MBONs). While 21 MBON cel
10.3389/fphys.2023.1091248	The making of the Drosophila mushroom body	Frontiers in Physiology	The mushroom body (MB) is a computational center in the Drosophila brain. The intricate neural circuits of the mushroom body enable it to store associative memories and process sensory and internal state information. The mushroom body is composed of diverse ty
10.1016/j.pneurobio.2015.04.003	Astrocyte physiopathology: At the crossroads of intercellular networking, inflammation and cell death.	Progress in neurobiology	Recent breakthroughs in neuroscience have led to the awareness that we should revise our traditional mode of thinking and studying the CNS, i.e. by isolating the privileged network of "intelligent" synaptic contacts. We may instead need to contemplate all the 
10.3389/fnana.2014.00116	Extracellular matrix control of dendritic spine and synapse structure and plasticity in adulthood	Frontiers in Neuroanatomy	Dendritic spines are the receptive contacts at most excitatory synapses in the central nervous system. Spines are dynamic in the developing brain, changing shape as they mature as well as appearing and disappearing as they make and break connections. Spines be
10.1371/journal.pone.0037292	Graph Theoretical Model of a Sensorimotor Connectome in Zebrafish	PLoS ONE	Mapping the detailed connectivity patterns (connectomes) of neural circuits is a central goal of neuroscience. The best quantitative approach to analyzing connectome data is still unclear but graph theory has been used with success. We present a graph theoreti
10.1016/0166-2236(86)90057-3	Microcircuitry and functional architecture of the cat retina	Trends in Neurosciences	
10.1038/s41596-020-0320-x	Preparing samples from whole cells using focused-ion-beam milling for cryo-electron tomography	Nature Protocols	Recent advances have made cryogenic (cryo) electron microscopy a key technique to achieve near-atomic-resolution structures of biochemically isolated macromolecular complexes. Cryo-electron tomography (cryo-ET) can give unprecedented insight into these complex
10.1016/j.crmeth.2023.100477	A conditional strategy for cell-type-specific labeling of endogenous excitatory synapses in Drosophila	bioRxiv	Chemical neurotransmission occurs at specialized contacts where presynaptic neurotransmitter release machinery apposes clusters of postsynaptic neurotransmitter receptors and signaling molecules. A complex program underlies recruitment of pre- and postsynaptic
10.1038/s41592-021-01088-5	Chunkflow: hybrid cloud processing of large 3D images by convolutional nets	Nature Methods	
10.1103/physrevlett.129.068101	Multiplicative Shot-Noise: A New Route to Stability of Plastic Networks.	Physical Review Letters	Fluctuations of synaptic weights, among many other physical, biological, and ecological quantities, are driven by coincident events of two "parent" processes. We propose a multiplicative shot-noise model that can capture the behaviors of a broad range of such 
10.1007/s12035-008-8018-z	Dendritic Spine Loss and Synaptic Alterations in Alzheimer’s Disease	Molecular Neurobiology	Dendritic spines are tiny protrusions along dendrites, which constitute major postsynaptic sites for excitatory synaptic transmission. These spines are highly motile and can undergo remodeling even in the adult nervous system. Spine remodeling and the formatio
10.1016/j.isci.2023.108113	Regional variation in the organization and connectivity of the first synapse in the primate night vision pathway	iScience	Summary Sensitivity of primate daylight vision varies across the visual field. This is attributed to regional variations in cone photoreceptor density and synaptic connectivity of the underlying circuitry. In contrast, we have limited understanding of how syna
10.1371/journal.pgen.1007312	The receptor protein tyrosine phosphatase CLR-1 is required for synaptic partner recognition	PLoS Genetics	During neural circuit formation, most axons are guided to complex environments, coming into contact with multiple potential synaptic partners. However, it is critical that they recognize specific neurons with which to form synapses. Here, we utilize the split 
10.1101/2025.08.30.673281	Brain-wide organization of intrinsic timescales at single-neuron resolution	bioRxiv	Variations in intrinsic neural timescales across the mammalian forebrain reflect the anatomical structure and functional specialization of brain areas and individual neurons. Yet, the organization of timescales beyond the forebrain remains unexplored. We analy
10.1038/s41598-017-05337-6	Monocular deprivation induces dendritic spine elimination in the developing mouse visual cortex	Scientific Reports	It is well established that visual deprivation has a profound impact on the responsiveness of neurons in the developing visual cortex. The effect of visual deprivation on synaptic connectivity remains unclear. Using transcranial two-photon microscopy, we exami
10.1002/cne.903330109	Developmental expression of a synaptic ribbon antigen (B16) in mouse retina	The Journal of comparative neurology	Abstract We investigated the developmental expression of the synaptic antigen B16 in the outer and inner plexiform layers in the retina. We compared the expression of this protein with published accounts of retinal ribbon synaptogenesis. The time course of B16
10.1002/9781118663233.ch10	Chemical Fixation	Biological Field Emission Scanning Elect	In most electron microscopy labs, formaldehyde is still highly valued as a fixative for immunolabelling studies. The limited power to perfectly preserve the cellular fine structure has the advantage that the proteins of interest, the antigens, are more accessi
10.1016/j.isci.2021.103506	Neuropeptide F inhibits dopamine neuron interference of long-term memory consolidation in Drosophila.	iScience	Long-term memory (LTM) formation requires consolidation processes to overcome interfering signals that erode memory formation. Olfactory memory in Drosophila involves convergent projection neuron (PN; odor) and dopaminergic neuron (DAN; reinforcement) input to
10.1038/s41593-020-00734-z	Quantifying behavior to understand the brain	Nature Neuroscience	Over the past years, numerous methods have emerged to automate the quantification of animal behavior at a resolution not previously imaginable. This has opened up a new field of computational ethology and will, in the near future, make it possible to quantify 
10.1016/j.cub.2019.09.039	Zebrafish Neuroscience: Using Artificial Neural Networks to Help Understand Brains.	Current Biology	Brains are notoriously hard to understand, and neuroscientists need all the tools they can get their hands on to have a realistic shot at it. Advances in machine learning are proving instrumental, illustrated by their recent use to shed light on navigational s
10.1609/aaai.v36i1.19984	Learning to Model Pixel-Embedded Affinity for Homogeneous Instance Segmentation	AAAI Conference on Artificial Intelligen	Homogeneous instance segmentation aims to identify each instance in an image where all interested instances belong to the same category, such as plant leaves and microscopic cells. Recently, proposal-free methods, which straightforwardly generate instance-awar
10.1038/s41586-026-10526-3	Transcription factor codes patterning neuronal groundplans of the cerebrum	Nature	Brain regions that regulate motivated behaviours, including the vertebrate hypothalamus and arthropod cerebrum, house bespoke neural circuits dedicated to perceptual and internal regulation of many behavioural states1,2. These circuits are built to purpose fro
10.1016/j.cmpb.2022.106802	gACSON software for automated segmentation and morphology analyses of myelinated axons in 3D electron microscopy	Comput. Methods Programs Biomed.	BACKGROUND AND OBJECTIVE Advances in electron microscopy (EM) now allow three-dimensional (3D) imaging of hundreds of micrometers of tissue with nanometer-scale resolution, providing new opportunities to study the ultrastructure of the brain. In this work, we 
10.1017/s0952523800011019	The rod circuit in the rabbit retina	Visual Neuroscience	Abstract Mammalian retinae have a well-defined neuronal pathway that serves rod vision. In rabbit retina, the different populations of interneurons in the rod pathway can be selectively labeled, either separately or in combination. The rod bipolar cells show p
10.1152/jn.90635.2008	Differential activity-dependent, homeostatic plasticity of two neocortical inhibitory circuits.	Journal of Neurophysiology	Chronic changes in neuronal activity homeostatically regulate excitatory circuitry. However, little is known about how activity regulates inhibitory circuits or specific inhibitory neuron types. Here, we examined the activity-dependent regulation of two neocor
10.1113/jphysiol.2012.244392	Adenosine A1 receptor activation mediates the developmental shift at layer 5 pyramidal cell synapses and is a determinant of mature synaptic strength	Journal of Physiology	•  Neocortical layer 5 pyramidal cell synapses exhibit a developmental reduction in neurotransmitter release probability. Mature synapses are weaker, less reliable and show greater facilitation than immature connections. •  Using paired intracellular recording
10.1016/j.celrep.2018.06.024	CAST/ELKS Proteins Control Voltage-Gated Ca2+ Channel Density and Synaptic Release Probability at a Mammalian Central Synapse	Cell Reports	SUMMARY In the presynaptic terminal, the magnitude and location of Ca2+ entry through voltage-gated Ca2+ channels (VGCCs) regulate the efficacy of neurotransmitter release. However, how presynaptic active zone proteins control mammalian VGCC levels and organiz
10.1016/j.compbiomed.2024.108456	Two-stage error detection to improve electron microscopy image mosaicking	Comput. Biol. Medicine	Large-scale electron microscopy (EM) has enabled the reconstruction of brain connectomes at the synaptic level by serially scanning over massive areas of sample sections. The acquired big EM data sets raise the great challenge of image mosaicking at high accur
10.3389/fnana.2016.00031	Whole Brain Imaging with Serial Two-Photon Tomography	Frontiers in Neuroanatomy	Imaging entire mouse brains at submicron resolution has historically been a challenging undertaking and largely confined to the province of dedicated atlasing initiatives. This has limited systematic investigations into important areas of neuroscience, such as
10.1159/000468974	Effects of Isometric Brain-Body Size Scaling on the Complexity of Monoaminergic Neurons in a Minute Parasitic Wasp	Brain, Behavior and Evolution	Trichogramma evanescens parasitic wasps show large phenotypic plasticity in brain and body size, resulting in a 5-fold difference in brain volume among genetically identical sister wasps. Brain volume scales linearly with body volume in these wasps. This isome
10.1016/j.cell.2016.04.044	High Throughput, High Resolution Mapping of Protein Localization in Mammalian Brain by In Vivo Genome Editing	Cell	SUMMARY A scalable and high-throughput method to identify precise subcellular localization of endogenous proteins is essential for integrative understanding of a cell at the molecular level. Here, we developed a simple and generalizable technique to image endo
10.1016/j.expneurol.2012.10.004	Superresolution imaging for neuroscience.	Experimental Neurology	The advent of superresolution fluorescence microscopy beyond the classic diffraction barrier of optical microscopy is poised to transform cell-biological research. A series of proof-of-principle studies have demonstrated its vast potential for a wide range of 
10.1038/s41586-024-07686-5	Whole-brain annotation and multi-connectome cell typing of Drosophila	Nature	The fruit fly Drosophila melanogaster has emerged as a key model organism in neuroscience, in large part due to the concentration of collaboratively generated molecular, genetic and digital resources available for it. Here we complement the approximately 140,0
10.1145/3154353.3154366	Compensating anisotropy in histological serial sections with optical flow-based interpolation	Spring conference on Computer graphics	Histological serial sections allow for 3D representation of anatomical structures in microscopic to mesoscopic range. However, due to the nature of the acquisition, they suffer from severe anisotropy: 14-to-1 in a single average microscopic paraffin section. W
10.3389/fnana.2014.00139	Automated computation of arbor densities: a step toward identifying neuronal cell types	Frontiers in Neuroanatomy	The shape and position of a neuron convey information regarding its molecular and functional identity. The identification of cell types from structure, a classic method, relies on the time-consuming step of arbor tracing. However, as genetic tools and imaging 
10.1097/wco.0000000000000220	Neuroimaging signature of neuropsychiatric disorders.	Current Opinion in Neurology	PURPOSE OF REVIEW: This review focuses on new findings related to structural and functional changes in large-scale brain networks (i.e., pathoconnectomics) that occur in neuropsychiatric disorders, particularly Parkinson's disease, Alzheimer's disease and Gill
10.7554/elife.38740	Sensorimotor pathway controlling stopping behavior during chemotaxis in the Drosophila melanogaster larva	eLife	Sensory navigation results from coordinated transitions between distinct behavioral programs. During chemotaxis in the Drosophila melanogaster larva, the detection of positive odor gradients extends runs while negative gradients promote stops and turns. This a
10.1021/acsnano.4c06103	Coupling Nanoscale Precision with Multiscale Imaging: A Multifunctional Near-Infrared Dye for the Brain.	ACS Nano	Live imaging of primary neural cells is crucial for monitoring neuronal activity, especially multiscale and multifunctional imaging that offers excellent biocompatibility. Multiscale imaging can provide insights into cellular structure and function from the na
10.1016/j.neuron.2022.03.006	Adaptive erasure of spurious sequences in sensory cortical circuits	Neuron	Summary Sequential activity reflecting previously experienced temporal sequences is considered a hallmark of learning across cortical areas. However, it is unknown how cortical circuits avoid the converse problem: producing spurious sequences that are not refl
10.1371/journal.pone.0057405	Correlative In Vivo 2 Photon and Focused Ion Beam Scanning Electron Microscopy of Cortical Neurons	PLoS ONE	Correlating in vivo imaging of neurons and their synaptic connections with electron microscopy combines dynamic and ultrastructural information. Here we describe a semi-automated technique whereby volumes of brain tissue containing axons and dendrites, previou
10.1101/2022.07.18.500505	One-to-one mapping between deep network units and real neurons uncovers a visual population code for social behavior	bioRxiv	The rich variety of behaviors observed in animals arises through the complex interplay between sensory processing and motor control. To understand these sensorimotor transformations, it is useful to build models that predict not only neural responses to sensor
10.64898/2026.06.25.734539	A robot model of compass cue calibration in the insect brain	bioRxiv	Dung beetles can use a variety of orientation cues to maintain a consistent bearing during ball-rolling. Where several cues are available, they appear to learn the spatial relationship between them, providing redundancy if some cues are removed. Mounting evide
10.1103/physrevlett.127.158302	Large-Deviation Approach to Random Recurrent Neuronal Networks: Parameter Inference and Fluctuation-Induced Transitions.	Physical Review Letters	We here unify the field-theoretical approach to neuronal networks with large deviations theory. For a prototypical random recurrent network model with continuous-valued units, we show that the effective action is identical to the rate function and derive the l
10.1002/cne.25075	Cell type‐ and layer‐specific convergence in core and shell neurons of the dorsal lateral geniculate nucleus	The Journal of comparative neurology	Over 40 distinct types of retinal ganglion cells (RGCs) generate parallel processing pathways in the visual system. In mice, two subdivisions of the dorsal lateral geniculate nucleus (dLGN), the core and the shell, organize distinct parallel channels to transm
10.48550/arxiv.2602.17997	Whole-Brain Connectomic Graph Model Enables Whole-Body Locomotion Control in Fruit Fly	arXiv.org	Animals perform coordinated whole-body movements under the control of neural systems shaped by brain-wide connectivity. The mapping of the whole-brain neural connections, or the connectomes, provides a natural graph for modeling sensorimotor information flow, 
10.3389/fnsys.2022.817962	Statistical Perspective on Functional and Causal Neural Connectomics: A Comparative Study	Frontiers in Systems Neuroscience	Representation of brain network interactions is fundamental to the translation of neural structure to brain function. As such, methodologies for mapping neural interactions into structural models, i.e., inference of functional connectome from neural recordings
10.7554/elife.53945	Different dendritic domains of the GnRH neuron underlie the pulse and surge modes of GnRH secretion in female mice	eLife	The gonadotropin-releasing hormone (GnRH) neurons exhibit pulse and surge modes of activity to control fertility. They also exhibit an unusual bipolar morphology comprised of a classical soma-proximal dendritic zone and an elongated secretory process that can 
10.1037/com0000317	Testing the role of macaque social tolerance in ability to follow human eye gaze.	Journal of Comparative Psychology	Comments on an article by R. Bettle and A. G. Rosati (see record 2022-45647-001). The testing of subjects' abilities to follow human eye gaze has been particularly well studied in nonhuman primates, and this is the question addressed by the Featured Article fo
10.3390/diagnostics10020110	SD-UNet: Stripping down U-Net for Segmentation of Biomedical Images on Platforms with Low Computational Budgets	Diagnostics	During image segmentation tasks in computer vision, achieving high accuracy performance while requiring fewer computations and faster inference is a big challenge. This is especially important in medical imaging tasks but one metric is usually compromised for 
10.1093/pnasnexus/pgac213	PEZO-1 and TRP-4 mechanosensors are involved in mating behavior in Caenorhabditis elegans	bioRxiv	Male mating in Caenorhabditis elegans is a complex behavior with a strong mechanosensory component. C. elegans has several characterized mechanotransducer proteins, but few have been shown to contribute to mating. Here, we investigated the roles of PEZO-1, a p
10.3389/fnana.2017.00075	Is There Evidence for Myelin Modeling by Astrocytes in the Normal Adult Brain?	Frontiers in Neuroanatomy	A set of astrocytic process associated with altered myelinated axons is described in the forebrain of normal adult rodents with confocal, electron microscopy, and 3D reconstructions. Each process consists of a protuberance that contains secretory organelles in
10.3389/fnana.2014.00119	Möbius-strip-like columnar functional connections are revealed in somato-sensory receptive field centroids	Frontiers in Neuroanatomy	Receptive fields of neurons in the forelimb region of areas 3b and 1 of primary somatosensory cortex, in cats and monkeys, were mapped using extracellular recordings obtained sequentially from nearly radial penetrations. Locations of the field centroids indica
10.1007/978-1-0716-0691-9_10	Using X-Ray Microscopy to Increase Targeting Accuracy in Serial Block-Face Scanning Electron Microscopy	Neuromethods	
10.1016/b978-0-12-415823-8.00009-5	Mechanosensory Learning and Memory in Caenorhabditis elegans	Handbook of Behavioral Neuroscience	
10.1016/0306-4522(92)90161-t	The integrative properties of spiny distal dendrites.	Neuroscience	The dendritic spines of many central neurons are generally thought to modulate the ability of individual synaptic conductances to depolarize the dendritic shaft. A compartmental analysis using typical spine dimensions shows that spine neck resistances are prob
10.1101/852863	Enabling FIB-SEM Systems for Large Volume Connectomics and Cell Biology	bioRxiv	Isotropic high-resolution imaging of large volumes provides unprecedented opportunities to advance connectomics and cell biology research. Conventional Focused Ion Beam Scanning Electron Microscopy (FIB-SEM) offers unique benefits such as high resolution (< 10
10.1016/j.cub.2024.11.023	Layer-specific anatomical and physiological features of the retina’s neurovascular unit	Current Biology	SUMMARY The neurovascular unit (NVU), comprising vascular, glial, and neural elements, supports the energetic demands of neural computation, but this aspect of the retina’s trilaminar vessel network is poorly understood. Only the innermost vessel layer—the sup
10.1073/pnas.1207107109	Joint control of Drosophila male courtship behavior by motion cues and activation of male-specific P1 neurons	Proceedings of the National Academy of S	Sexual behaviors in animals are governed by inputs from multiple external sensory modalities. However, how these inputs are integrated to jointly control animal behavior is still poorly understood. Whereas visual information alone is not sufficient to induce c
10.1523/jneurosci.4405-11.2012	Cortactin-Binding Protein 2 Modulates the Mobility of Cortactin and Regulates Dendritic Spine Formation and Maintenance	Journal of Neuroscience	Dendritic spines, the actin-rich protrusions emerging from dendrites, are the locations of excitatory synapses in mammalian brains. Many molecules that regulate actin dynamics also influence the morphology and/or density of dendritic spines. Since dendritic sp
10.7554/elife.13253	A circuit mechanism for the propagation of waves of muscle contraction in Drosophila	eLife	Animals move by adaptively coordinating the sequential activation of muscles. The circuit mechanisms underlying coordinated locomotion are poorly understood. Here, we report on a novel circuit for the propagation of waves of muscle contraction, using the peris
10.1101/2022.06.30.497612	Descending neuron population dynamics during odor-evoked and spontaneous limb-dependent behaviors	bioRxiv	Deciphering how the brain regulates motor circuits to control complex behaviors is an important, long-standing challenge in neuroscience. In the fly, Drosophila melanogaster, this is accomplished by a population of ∼ 1100 descending neurons (DNs). Activating o
10.1101/2023.04.14.536950	Iterative assay for transposase-accessible chromatin by sequencing to isolate functionally relevant neuronal subtypes	bioRxiv	The Drosophila brain contains tens of thousands of distinct cell types. Thousands of different transgenic lines reproducibly target specific neuron subsets, yet most still express in several cell types. Furthermore, most lines were developed without a priori k
10.3389/neuro.04.001.2008	Reconstructing the Population Activity of Olfactory Output Neurons that Innervate Identifiable Processing Units	Frontiers in Neural Circuits	We investigated the functional organization of the moth antennal lobe (AL), the primary olfactory network, by integrating single-cell electrophysiological recording data with geometrical information. The moth AL contains about 60 processing units called glomer
10.1101/2024.02.07.579245	Anti-diuretic hormone ITP signals via a guanylate cyclase receptor to modulate systemic homeostasis in Drosophila	bioRxiv	Insects have evolved a variety of neurohormones that enable them to maintain their nutrient and osmotic homeostasis. While the identities and functions of various insect metabolic and diuretic hormones have been well-established, the characterization of an ant
10.1016/s0079-6123(01)32079-4	Glial cells as active partners in synaptic functions.	Progress in Brain Research	
10.1016/j.cub.2023.04.041	Neural circuit mechanisms linking courtship and reward in Drosophila males.	Current Biology	Courtship has evolved to achieve reproductive success in animal species. However, whether courtship itself has a positive value remains unclear. In the present work, we report that courtship is innately rewarding and can induce the expression of appetitive sho
10.1016/j.cub.2017.07.023	A single set of interneurons drives opposite behaviors in C. elegans	Current Biology	Summary Many chemosensory stimuli evoke innate behavioral responses that can be either appetitive or aversive depending on an animal’s age, prior experience, nutritional status, and environment [1–9]. However, the circuit mechanisms that enable these valence c
10.1002/0471142956.cy1236s70	Correlative Fluorescence and Electron Microscopy	Current Protocols in Cytometry	Correlative fluorescence and electron microscopy (CFEM) is a multimodal technique that combines dynamic and localization information from fluorescence methods with ultrastructural data from electron microscopy, to give new information about how cellular compon
10.7554/elife.78110	Drosophila gustatory projections are segregated by taste modality and connectivity	bioRxiv	Gustatory sensory neurons detect caloric and harmful compounds in potential food and convey this information to the brain to inform feeding decisions. To examine the signals that gustatory neurons transmit and receive, we reconstructed gustatory axons and thei
10.1038/s41467-021-24986-w	The physiological basis for contrast opponency in motion computation in Drosophila	Nature Communications	In Drosophila, direction-selective neurons implement a mechanism of motion computation similar to cortical neurons, using contrast-opponent receptive fields with ON and OFF subfields. It is not clear how the presynaptic circuitry of direction-selective neurons
10.1016/j.crmeth.2024.100901	MEA-NAP: A flexible network analysis pipeline for neuronal 2D and 3D organoid multielectrode recordings	Cell Reports Methods	Summary Microelectrode array (MEA) recordings are commonly used to compare firing and burst rates in neuronal cultures. MEA recordings can also reveal microscale functional connectivity, topology, and network dynamics—patterns seen in brain networks across spa
10.1038/s41559-022-01830-y	Copy number changes in co-expressed odorant receptor genes enable selection for sensory differences in drosophilid species	Nature Ecology & Evolution	Despite numerous examples of chemoreceptor gene family expansions and contractions, how these relate to modifications in the sensory neuron populations in which they are expressed remains unclear. Drosophila melanogaster’s odorant receptor (Or) family is ideal
10.1523/jneurosci.1143-20.2020	Establishment and Maintenance of Neural Circuit Architecture	Journal of Neuroscience	The ability to sense the world, process information, and navigate the environment depends on the assembly and continuous function of neural circuits in the brain. Within the past two decades, new technologies have rapidly advanced our understanding of how neur
10.1523/jneurosci.1142-12.2012	Quantitative Regional and Ultrastructural Localization of the Cav2.3 Subunit of R-type Calcium Channel in Mouse Brain	Journal of Neuroscience	R-type calcium channels (RTCCs) are well known for their role in synaptic plasticity, but little is known about their subcellular distribution across various neuronal compartments. Using subtype-specific antibodies, we characterized the regional and subcellula
10.1002/cne.21757	Synaptic circuits of the Drosophila optic lobe: the input terminals to the medulla	The Journal of comparative neurology	Understanding the visual pathways of the fly's compound eye has been blocked for decades at the second optic neuropil, the medulla, a two‐part relay comprising 10 strata (M1–M10), and the largest neuropil in the fly's brain. Based on the modularity of its comp
10.3389/fnint.2022.862437	From Reductionism Toward Integration: Understanding How Social Behavior Emerges From Integrated Circuits	Frontiers in Integrative Neuroscience	Complex social behaviors are emergent properties of the brain’s interconnected and overlapping neural networks. Questions aimed at understanding how brain circuits produce specific and appropriate behaviors have changed over the past half century, shifting fro
10.1371/journal.pcbi.1002250	A Sparse Coding Model with Synaptically Local Plasticity and Spiking Neurons Can Account for the Diverse Shapes of V1 Simple Cell Receptive Fields	PLoS Comput. Biol.	Sparse coding algorithms trained on natural images can accurately predict the features that excite visual cortical neurons, but it is not known whether such codes can be learned using biologically realistic plasticity rules. We have developed a biophysically m
10.1007/978-3-642-23623-5_84	Detection of Neuron Membranes in Electron Microscopy Images Using Multi-scale Context and Radon-Like Features	Lecture Notes in Computer Science	Automated neural circuit reconstruction through electron microscopy (EM) images is a challenging problem. In this paper, we present a novel method that exploits multi-scale contextual information together with Radon-like features (RLF) to learn a series of dis
10.1038/s41593-017-0011-2	A Multiregional Proteomic Survey of the Postnatal Human Brain	Nature Neuroscience	Detailed observations of transcriptional, translational and post-translational events in the human brain are essential to improving our understanding of its development, function and vulnerability to disease. Here, we exploited label-free quantitative tandem m
10.1093/nsr/nwz053	Scalable volumetric imaging for ultrahigh-speed brain mapping at synaptic resolution	bioRxiv	We describe a new light-sheet microscopy method for fast, large-scale volumetric imaging. Combining synchronized scanning illumination and oblique imaging over cleared, thick tissue sections in smooth motion, our approach achieves high-speed 3D image acquisiti
10.48550/arxiv.2509.26585	Autoproof: Automated Segmentation Proofreading for Connectomics	arXiv.org	Producing connectomes from electron microscopy (EM) images has historically required a great deal of human proofreading effort. This manual annotation cost is the current bottleneck in scaling EM connectomics, for example, in making larger connectome reconstru
10.1016/j.febslet.2014.05.055	Neuronal circuits and computations: Pattern decorrelation in the olfactory bulb	FEBS Letters	Neuronal circuits in the olfactory bulb transform odor‐evoked activity patterns across the input channels, the olfactory glomeruli, into distributed activity patterns across the output neurons, the mitral cells. One computation associated with this transformat
10.3389/fnins.2026.1752724	Identifying and investigating emergent behaviour in neural systems	Frontiers in Neuroscience	The concept of emergence is key to understanding much of neurophysiology, neurodevelopment, and neurodegeneration. Many brain functions are underpinned by behaviour that emerges from interactions of components such as neurons, synapses, and glia. Perturbations
10.1016/j.biopsych.2015.12.022	Cocaine self-administration and extinction leads to reduced GFAP expression and morphometric features of astrocytes in the nucleus accumbens core	Biological Psychiatry	Background As a more detailed picture of nervous system function emerges, diversity of astrocyte function becomes more widely appreciated. While it has been shown that cocaine experience impairs astroglial glutamate uptake and release in the nucleus accumbens 
10.3389/fncir.2018.00090	Heterocellular Coupling Between Amacrine Cells and Ganglion Cells	bioRxiv	All superclasses of retinal neurons display some form of electrical coupling including the key neurons of the inner plexiform layer: bipolar cells (BCs), amacrine or axonal cells (ACs) and ganglion cells (GCs). However, coupling varies extensively by class. Fo
10.1038/s41467-024-50846-4	Fast imaging of millimeter-scale areas with beam deflection transmission electron microscopy	bioRxiv	Serial section transmission electron microscopy (TEM) has proven to be one of the leading methods for millimeter-scale 3D imaging of brain tissues at nanoscale resolution. It is important to further improve imaging efficiency to acquire larger and more brain v
10.1002/glia.20374	Astrocyte calcium waves: What they are and what they do	Glia	Abstract Several lines of evidence indicate that the elaborated calcium signals and the occurrence of calcium waves in astrocytes provide these cells with a specific form of excitability. The identification of the cellular and molecular steps involved in the t
10.1016/j.neuron.2014.04.023	Wide-field feedback neurons dynamically tune early visual processing.	Neuron	An important strategy for efficient neural coding is to match the range of cellular responses to the distribution of relevant input signals. However, the structure and relevance of sensory signals depend on behavioral state. Here, we show that behavior modifie
10.1126/science.aec2171	Hierarchical sensory processing in zebrafish thalamocortical-like circuits.	Science	Thalamocortical projections shape the functional regionalization and parallel sensory computations across the mammalian cortex. However, the principles of thalamocortical computations in non-mammalian vertebrates remain underexplored. Here we investigated how 
10.1101/2023.09.28.559939	The function of juvenile–adult transition axis in female sexual receptivity of Drosophila melanogaster	bioRxiv	Female sexual receptivity is essential for reproduction of a species. Neuropeptides play the main role in regulating female receptivity. However, whether neuropeptides regulate female sexual receptivity during the neurodevelopment is unknown. Here we found the
10.1016/j.pnpbp.2025.111332	Relationships and representations of brain structures, connectivity, dynamics and functions.	Progress in Neuro-psychopharmacology and	The review explores the complex interplay between brain structures and their associated functions, presenting a diversity of hierarchical models that enhances our understanding of these relationships. Central to this approach are structure-function flow diagra
10.1016/j.cell.2014.09.011	Chemosensation of Bacterial Secondary Metabolites Modulates Neuroendocrine Signaling and Behavior of C. elegans	Cell	Summary Discrimination among pathogenic and beneficial microbes is essential for host organism immunity and homeostasis. Here, we show that chemosensory detection of two secondary metabolites produced by Pseudomonas aeruginosa modulates a neuroendocrine signal
10.1101/2022.07.20.499976	Perisomatic Features Enable Efficient and Dataset Wide Cell-Type Classifications Across Large-Scale Electron Microscopy Volumes	bioRxiv	Mammalian neocortex contains a highly diverse set of cell types. These types have been mapped systematically using a variety of molecular, electrophysiological and morphological approaches. Each modality offers new perspectives on the variation of biological p
10.1038/s41467-018-03183-2	Genetic tagging of active neurons in auditory cortex reveals maternal plasticity of coding ultrasonic vocalizations	Nature Communications	Cortical neurons are often functionally heterogeneous even for molecularly defined subtypes. In sensory cortices, physiological responses to natural stimuli can be sparse and vary widely even for neighboring neurons. It is thus difficult to parse out circuits 
10.64898/2026.06.05.730457	Activity-Dependent Postsynaptic Mitochondrial ROS Signaling Drives Avoidance Plasticity in C. elegans	bioRxiv	ABSTRACT Reactive oxygen species (ROS) are signaling molecules involved in neuronal excitatory function, with mitochondrial ROS (mitoROS) playing key roles in metabolic regulation and stress responses. Studies have shown that neuronal activity upregulates mito
10.1073/pnas.1408545112	Coding principles of the canonical cortical microcircuit in the avian brain	Proceedings of the National Academy of S	Significance A six-layered neocortex is a hallmark feature of the mammalian brain. Connections among layers and progressive changes in the neural coding properties of each layer define a microcircuit thought to perform the computations underlying complex behav
10.1016/j.chembiol.2019.07.007	Split-miniSOG for spatially detecting intracellular protein-protein interactions by correlated light and electron microscopy	Cell Chemical Biology	Summary A protein-fragment complementation assay (PCA) for detecting and localizing intracellular protein-protein interactions (PPIs) was built by bisection of miniSOG, a fluorescent flavoprotein derived from the light, oxygen, voltage (LOV)-2 domain of Arabid
10.1016/j.isci.2024.109390	CKR-1 orchestrates two motor states from a single motoneuron in C. elegans	iScience	Summary Neuromodulation is pivotal in modifying neuronal properties and motor states. CKR-1, a homolog of the cholecystokinin receptor, modulates robust escape steering and undulation body bending in C. elegans. Nevertheless, the mechanisms through which CKR-1
10.1016/j.neuron.2025.03.007	Single-neuron projectome reveals organization of somatosensory ascending pathways in the mouse brain.	Neuron	Relay of multimodal somatosensory information from the spinal cord to the brain is critical for sensory perception, but the underlying circuit organization remains unclear. We have reconstructed mouse cervical spinal projection neurons at single-cell resolutio
10.1098/rstb.2002.1229	Silent synapses: what are they telling us about long-term potentiation?	Philosophical transactions of the Royal 	At several cortical synapses glutamate release events can be mediated exclusively by NMDA receptors, with no detectable contribution from AMPA receptors. This observation was originally made by comparing the trial-to-trial variability of the two components of 
10.1016/j.cell.2015.02.018	Feedback from network states generates variability in a probabilistic olfactory circuit.	Cell	Variability is a prominent feature of behavior and is an active element of certain behavioral strategies. To understand how neuronal circuits control variability, we examined the propagation of sensory information in a chemotaxis circuit of C. elegans where di
10.1002/hipo.1031	Differential mechanisms of Ca2+ responses in glial cells evoked by exogenous and endogenous glutamate in rat hippocampus	Hippocampus	Abstract The mechanisms of Ca 2+ responses evoked in hippocampal glial cells in situ, by local application of glutamate and by synaptic activation, were studied in slices from juvenile rats using the membrane permeant fluorescent Ca 2+ indicator fluo‐3AM and c
10.1016/j.conb.2011.06.009	The computational worm: spatial orientation and its neuronal basis in C. elegans	Current Opinion in Neurobiology	Spatial orientation behaviors in animals are fundamental for survival but poorly understood at the neuronal level. The nematode Caenorhabditis elegans orients to wide range of stimuli and has a numerically small and well-described nervous system making it adva
10.21203/rs.3.rs-3146034/v1	Full-Spectrum Neuronal Diversity and Stereotypy through Whole Brain Morphometry	Research Square	We conducted a large-scale study of whole-brain morphometry, analyzing 3.7 peta-voxels of mouse brain images at the single-cell resolution, producing one of the largest multi-morphometry databases of mammalian brains to date. We spatially registered 205 mouse 
10.1021/jacs.4c05397	Electron transfer drives the photosensitized polymerization of contrast agents by flavoprotein tags for correlative microscopy	Journal of the American Chemical Society	Singlet oxygen generation has long been considered the key feature that allows genetically-encodable fluorescent tags to produce polymeric contrast agents for electron microscopy. Optimization of the singlet oxygen sensitization quantum yield has not included 
10.1103/physrevlett.125.028101	Edge of Chaos and Avalanches in Neural Networks with Heavy-Tailed Synaptic Weight Distribution.	Physical Review Letters	We propose an analytically tractable neural connectivity model with power-law distributed synaptic strengths. When threshold neurons with biologically plausible number of incoming connections are considered, our model features a continuous transition to chaos 
10.1101/643007	Unique spatial integration in mouse primary visual cortex and higher visual areas		Abstract Neurons in the visual system integrate over a wide range of spatial scales. This diversity is thought to enable both local and global computations. To understand how spatial information is encoded across the mouse visual system, we use two-photon imag
10.1038/nn1009-1209	A night vision neuron gets a day job	Nature Neuroscience	
10.1016/j.ceb.2010.07.005	Assisted morphogenesis: glial control of dendrite shapes	Current Opinion in Cell Biology	Neurons display a myriad of dendritic architectures, reflecting their diverse roles in information processing and transduction in the nervous system. Recent findings suggest that neuronal signals may not account for all aspects of dendrite morphogenesis. Obser
10.1002/glia.23618	Glutamate versus GABA in neuron–oligodendroglia communication	Glia	In the central nervous system (CNS), myelin sheaths around axons are formed by glial cells named oligodendrocytes (OLs). In turn, OLs are generated by oligodendrocyte precursor cells (OPCs) during postnatal development and in adults, according to a process tha
10.1101/2023.06.27.546757	Stochastic coding: a conserved feature of odor representations and its implications for odor discrimination	bioRxiv	Sparse coding is thought to improve discrimination of sensory stimuli by reducing overlap between their representations. Two factors, however, can offset sparse coding’s advantages. Similar sensory stimuli have significant overlap, and responses vary across tr
10.1126/science.adx1186	Searching for partners	Science	Simplifying a three-dimensional search helps neurons find their targets.
10.1016/j.neuron.2022.02.013	A functionally ordered visual feature map in the Drosophila brain.	Neuron	Topographic maps, the systematic spatial ordering of neurons by response tuning, are common across species. In Drosophila, the lobula columnar (LC) neuron types project from the optic lobe to the central brain, where each forms a glomerulus in a distinct posit
10.3389/fncel.2023.1337768	Spike desensitisation as a mechanism for high-contrast selectivity in retinal ganglion cells	Frontiers in Cellular Neuroscience	In the vertebrate retina, several dozens of parallel channels relay information about the visual world to the brain. These channels are represented by the different types of retinal ganglion cells (RGCs), whose responses are rendered selective for distinct set
10.1017/s0952523815000358	Neural architecture of the “transient” ON directionally selective (class IIb1) ganglion cells in rabbit retina, partly co-stratified with starburst am	Visual Neuroscience	Abstract Recent physiological studies coupled with intracellular staining have subdivided ON directionally selective (DS) ganglion cells of rabbit retina into two types. One exhibits more “transient” and more “brisk” responses (ON DS-t), and the other has more
10.1016/j.cell.2019.02.037	Neuronal dynamics regulating brain and behavioral state transitions	Cell	Prolonged behavioral challenges can cause animals to switch from active to passive coping strategies, to manage effort-expenditure during stress; such normally-adaptive behavioral state transitions can become maladaptive in psychiatric disorders such as depres
10.1371/journal.pcbi.1007915	Modeling the role of gap junctions between excitatory neurons in the developing visual cortex	PLoS Comput. Biol.	Recent experiments in the developing mammalian visual cortex have revealed that gap junctions couple excitatory cells and potentially influence the formation of chemical synapses. In particular, cells that were coupled by a gap junction during development tend
10.1002/cne.24512	Neuroarchitecture of the Drosophila central complex: A catalog of nodulus and asymmetrical body neurons and a revision of the protocerebral bridge cat	The Journal of comparative neurology	The central complex, a set of neuropils in the center of the insect brain, plays a crucial role in spatial aspects of sensory integration and motor control. Stereotyped neurons interconnect these neuropils with one another and with accessory structures. We scr
10.3389/fnmol.2021.780396	Sexually Dimorphic Neurotransmitter Release at the Neuromuscular Junction in Adult Caenorhabditis elegans	Frontiers in Molecular Neuroscience	Sexually dimorphic differentiation of sex-shared behaviors is observed across the animal world, but the underlying neurobiological mechanisms are not fully understood. Here we report sexual dimorphism in neurotransmitter release at the neuromuscular junctions 
10.1371/journal.pone.0349775	A data-driven framework for modeling the dendritic spine continuum using dimensionality reduction and clustering toward understanding synaptic plastic	PLoS ONE	Dendritic spines are dynamic extensions of dendrites that change in shape and distribution in response to neuronal activity, playing central roles in memory and learning. Computational methods are widely used to characterize spine morphology, yet feature selec
10.1523/jneurosci.3741-14.2015	Dual-Channel Circuit Mapping Reveals Sensorimotor Convergence in the Primary Motor Cortex	Journal of Neuroscience	Cortical cells integrate synaptic input from multiple sources, but how these different inputs are distributed across individual neurons is largely unknown. Differences in input might account for diverse responses in neighboring neurons during behavior. We pres
10.1242/jeb.164954	Of what use is connectomics? A personal perspective on the Drosophila connectome	Journal of Experimental Biology	ABSTRACT The brain is a network of neurons and its biological output is behaviour. This is an exciting age, with a growing acknowledgement that the comprehensive compilation of synaptic circuits densely reconstructed in the brains of model species is now both 
10.1038/s41598-022-10466-8	Efficient dendritic learning as an alternative to synaptic plasticity hypothesis	Scientific Reports	Synaptic plasticity is a long-lasting core hypothesis of brain learning that suggests local adaptation between two connecting neurons and forms the foundation of machine learning. The main complexity of synaptic plasticity is that synapses and dendrites connec
10.1007/s00429-019-01844-6	Along-axon diameter variation and axonal orientation dispersion revealed with 3D electron microscopy: implications for quantifying brain white matter 	Brain Structure and Function	Tissue microstructure modeling of diffusion MRI signal is an active research area striving to bridge the gap between macroscopic MRI resolution and cellular-level tissue architecture. Such modeling in neuronal tissue relies on a number of assumptions about the
10.1016/j.neuron.2025.08.009	On astrocyte-neuron interactions: Broad insights from the striatum	Neuron	SUMMARY A long-standing question in biology and medicine concerns how astrocytes influence neurons. Here, progress concerning how astrocytes affect neurons and neural circuits is summarized by focusing on data and concepts from studies of the striatum, which h
10.1101/827535	Capturing the Continuous Complexity of Behavior in C. elegans	bioRxiv	Animal behavior is often quantified through subjective, incomplete variables that may mask essential dynamics. Here, we develop a behavioral state space in which the full instantaneous state is smoothly unfolded as a combination of short-time posture dynamics.
10.1101/2025.09.26.678648	Combinatorial protein barcodes enable self-correcting neuron tracing with nanoscale molecular context	bioRxiv	Mapping nanoscale neuronal morphology with molecular annotations is critical for understanding healthy and dysfunctional brain circuits. Current methods are constrained by image segmentation errors and by sample defects (e.g., signal gaps, section loss). Genet
10.1017/s143192761700349x	Automated Serial Section Large-field Transmission-Mode Scanning Electron Microscopy (tSEM) for Volume Analysis of Hippocampus Ultrastructure	Microscopy and Microanalysis	John M Mendenhall, Masaaki Kuwajima, Kristen M Harris; Automated Serial Section Large-field Transmission-Mode Scanning Electron Microscopy (tSEM) for Volum
10.3389/fncir.2023.1175899	Linking neural circuits to the mechanics of animal behavior in Drosophila larval locomotion	Frontiers in Neural Circuits	The motions that make up animal behavior arise from the interplay between neural circuits and the mechanical parts of the body. Therefore, in order to comprehend the operational mechanisms governing behavior, it is essential to examine not only the underlying 
10.1101/2020.03.20.000133	ZeroCostDL4Mic: an open platform to use Deep-Learning in Microscopy	bioRxiv	The resources and expertise needed to use Deep Learning (DL) in bioimaging remain significant barriers for most laboratories. We present https://github.com/HenriquesLab/ZeroCostDL4Mic/wiki, a platform simplifying access to DL by exploiting the free, cloud-base
10.1016/j.yexcr.2015.02.024	The internal architecture of dendritic spines revealed by super-resolution imaging: What did we learn so far?	Experimental Cell Research	The molecular architecture of dendritic spines defines the efficiency of signal transmission across excitatory synapses. It is therefore critical to understand the mechanisms that control the dynamic localization of the molecular constituents within spines. Ho
10.1364/boe.9.000230	Simultaneous acquisition of neuronal morphology and cytoarchitecture in the same Golgi-stained brain.	Biomedical Optics Express	Acquiring an accurate orientation reference is a prerequisite for precisely analysing the morphological features of Golgi-stained neurons in the whole brain. However, the same reflective imaging contrast of Golgi staining for morphology and Nissl staining for 
10.3389/fncir.2019.00005	DVID: Distributed Versioned Image-Oriented Dataservice	Front. Neural Circuits	Open-source software development has skyrocketed in part due to community tools like github.com, which allows publication of code as well as the ability to create branches and push accepted modifications back to the original repository. As the number and size 
10.1016/j.neuron.2010.08.001	Targeting Single Neuronal Networks for Gene Expression and Cell Labeling In Vivo	Neuron	SUMMARY To understand fine-scale structure and function of single mammalian neuronal networks, we developed and validated a novel strategy to genetically target and trace monosynaptic inputs to a single neuron in vitro and in vivo. The strategy independently t
10.1101/2024.09.24.614728	BrainScale, Enabling Scalable Online Learning in Spiking Neural Networks	bioRxiv	Spiking neural networks (SNNs) represent a promising paradigm for understanding brain functions [1, 2] and developing neuromorphic intelligence [3, 4]. However, their potential remains largely unrealized due to a fundamental limitation: the lack of a scalable 
10.1007/978-1-4419-1676-1_8	Axons Predict Neuronal Connectivity Within and Between Cortical Columns and Serve as Primary Classifiers of Interneurons in a Cortical Column	New Aspects of Axonal Structure and Func	
10.3389/fncir.2020.603397	The Drosophila Split Gal4 System for Neural Circuit Mapping	Frontiers in Neural Circuits	The diversity and dense interconnectivity of cells in the nervous system present a huge challenge to understanding how brains work. Recent progress toward such understanding, however, has been fuelled by the development of techniques for selectively monitoring
10.7554/elife.44186	Glial Ca2+signaling links endocytosis to K+ buffering around neuronal somas to regulate excitability	eLife	Glial-neuronal signaling at synapses is widely studied, but how glia interact with neuronal somas to regulate their activity is unclear. Drosophila cortex glia are restricted to brain regions devoid of synapses, providing an opportunity to characterize interac
10.1038/s41593-022-01057-x	Candelabrum cells are ubiquitous cerebellar cortex interneurons with specialized circuit properties	Nature Neuroscience	To understand how the cerebellar cortex transforms mossy fiber (MF) inputs into Purkinje cell (PC) outputs, it is vital to delineate the elements of this circuit. Candelabrum cells (CCs) are enigmatic interneurons of the cerebellar cortex that have been identi
10.1371/journal.pcbi.1003921	Linking Macroscopic with Microscopic Neuroanatomy Using Synthetic Neuronal Populations	PLoS Comput. Biol.	Dendritic morphology has been shown to have a dramatic impact on neuronal function. However, population features such as the inherent variability in dendritic morphology between cells belonging to the same neuronal type are often overlooked when studying compu
10.1101/2025.05.08.652809	Interplay between MIG-6/papilin and TGF-β signaling promotes extracellular matrix remodeling and modulates the maintenance of neuronal architecture		ABSTRACT Neuronal architecture laid out during embryogenesis persists lifelong, ensuring normal nervous system function. However, the mechanisms underlying the long-term maintenance of neuronal organization remain largely unknown. We previously uncovered that 
10.1016/j.conb.2011.08.004	The Gain in Brain: Novel Imaging Techniques and Multiplexed Proteomic Imaging of Brain Tissue Ultrastructure	Current Opinion in Neurobiology	The rapid accumulation of neuroproteomics data in recent years has prompted the emergence of novel antibody-based imaging methods which aim to understand the anatomical and functional context of the multitude of identified proteins. The pioneering field of ult
10.1039/d0nr02563a	Correlative cathodoluminescence electron microscopy bioimaging: towards single protein labelling with ultrastructural context.	Nanoscale	The understanding of living systems and their building blocks relies heavily on the assessment of structure-function relationships at the nanoscale. Ever since the development of the first optical microscope, the reliance of scientists across disciplines on mi
10.3389/fnmol.2023.1313635	Visualizing traumatic stress-induced structural plasticity in a medial amygdala pathway using mGRASP	Frontiers in Molecular Neuroscience	Traumatic stress has been shown to contribute to persistent behavioral changes, yet the underlying neural pathways are not fully explored. Structural plasticity, a form of long-lasting neural adaptability, offers a plausible mechanism. To scrutinize this, we u
10.1371/journal.pcbi.1008824	Addition of new neurons and the emergence of a local neural circuit for precise timing	bioRxiv	During development, neurons arrive at local brain areas in extended period of time, but how they form local neural circuits is unknown. Here we computationally model the emergence of a network for precise timing in the premotor nucleus HVC in songbird. We show
10.1016/j.neuron.2013.12.012	Photoreceptor-derived Activin Promotes Dendritic Termination and Restricts the Receptive Fields of First-order Interneurons in Drosophila	Neuron	SUMMARY How CNS neurons form appropriately sized dendritic fields to encounter their presynaptic partners is poorly understood. The Drosophila medulla is organized in layers and columns, and innervated by medulla neurons dendrites and photoreceptor axons. Here
10.1146/annurev-neuro-100119-110036	Toward Community-Driven Big Open Brain Science: Open Big Data and Tools for Structure, Function, and Genetics	Annual Review of Neuroscience	As acquiring bigger data becomes easier in experimental brain science, computational and statistical brain science must achieve similar advances to fully capitalize on these data. Tackling these problems will benefit from a more explicit and concerted effort t
10.1073/pnas.2422602122	Two-factor synaptic consolidation reconciles robustness with pruning and homeostatic scaling	Proceedings of the National Academy of S	Significance While most experiences are forgotten after only a few days, some memories can last an entire lifetime. The neurophysiological mechanisms that enable such memory preservation are poorly understood but are believed to be active during sleep, when ne
10.1016/j.ydbio.2024.06.011	Tissue-specific and endogenous protein labeling with split fluorescent proteins	Developmental Biology	The ability to label proteins by fusion with genetically encoded fluorescent proteins is a powerful tool for understanding dynamic biological processes. However, current approaches for expressing fluorescent protein fusions possess drawbacks, especially at the
10.7554/elife.29315	Computer assisted detection of axonal bouton structural plasticity in in vivo time-lapse images	eLife	The ability to measure minute structural changes in neural circuits is essential for long-term in vivo imaging studies. Here, we propose a methodology for detection and measurement of structural changes in axonal boutons imaged with time-lapse two-photon laser
10.1007/s10071-023-01833-7	Chemical cognition: chemoconnectomics and convergent evolution of integrative systems in animals	Animal Cognition	Neurons underpin cognition in animals. However, the roots of animal cognition are elusive from both mechanistic and evolutionary standpoints. Two conceptual frameworks both highlight and promise to address these challenges. First, we discuss evidence that anim
10.1016/j.neuron.2015.06.036	BigNeuron: Large-scale 3D Neuron Reconstruction from Optical Microscopy Images	Neuron	Understanding the structure of single neurons is critical for understanding how they function within neural circuits. BigNeuron is a new community effort that combines modern bioimaging informatics, recent leaps in labeling and microscopy, and the widely recog
10.7554/elife.06225	Reverse-correlation analysis of navigation dynamics in Drosophila larva using optogenetics	bioRxiv	Neural circuits for behavior transform sensory inputs into motor outputs in patterns with strategic value. Determining how neurons along a sensorimotor circuit contribute to this transformation is central to understanding behavior. To do this, a quantitative f
10.1093/bioadv/vbad119	SEM3De: image restoration for FIB-SEM	Bioinformatics Advances	Abstract Motivation FIB-SEM (Focused Ion Beam—Scanning Electron Microscopy) is a technique to generate 3D images of samples up to several microns in depth. The principle is based on the alternate use of SEM to image the surface of the sample (a few nanometers 
10.1002/cne.10177	Retinal organization in the bcl‐2‐overexpressing transgenic mouse	The Journal of comparative neurology	Abstract Naturally occurring cell death is believed to play a major role during the development of the nervous system in the establishment of neuronal architecture. Here we study the effects of cell death inhibition by using a transgenic mouse in which the pow
10.1109/isbi60581.2025.10980968	Improving Cell Instance Segmentation in Scanning Electron Microscopy via Semantic Image Synthesis	IEEE International Symposium on Biomedic	Understanding tumour tissue architecture is essential for advancing new therapies and necessitates accurate cell instance segmentation in serial scanning electron microscopy (SEM) images. While artificial intelligence (AI)-based methods are effective for this 
10.70675/bdae6cc1z374ez4e36z8d20zce45fe5c356e	Neuronal properties and synaptic connectivity in rodent presubiculum		  Les fonctions cognitives dépendent de la génération et du traitement de l’information dans des réseaux neuronaux spécialisés. Le présubiculum, une aire corticale située entre l’hippocampe et le cortex entorhinal, est impliqué dans le sens de l’orientation au
10.1016/j.celrep.2017.11.008	Cellular and Molecular Anatomy of the Human Neuromuscular Junction	Cell Reports	Summary The neuromuscular junction (NMJ) plays a fundamental role in transferring information from lower motor neuron to skeletal muscle to generate movement. It is also an experimentally accessible model synapse routinely studied in animal models to explore f
10.1016/j.neuroscience.2014.11.046	Seeing the whole picture: A comprehensive imaging approach to functional mapping of circuits in behaving zebrafish.	Neuroscience	In recent years, the zebrafish has emerged as an appealing model system to tackle questions relating to the neural circuit basis of behavior. This can be attributed not just to the growing use of genetically tractable model organisms, but also in large part to
10.1038/s41467-023-44354-0	Petascale pipeline for precise alignment of images from serial section electron microscopy	bioRxiv	Segmentation accuracy of serial section electron microscopy (ssEM) images can be limited by the step of aligning 2D section images to create a 3D image stack. Here the authors report a computational pipeline for aligning ssEM images and apply this to a whole f
10.1016/j.celrep.2020.108364	Fast Retrograde Access to Projection Neuron Circuits Underlying Vocal Learning in Songbirds	bioRxiv	Understanding the structure and function of neural circuits underlying speech and language is a vital step towards better treatments for diseases of these systems. Songbirds, among the few animal orders that share with humans the ability to learn vocalizations
10.1007/s12035-012-8345-y	MICRODOMAINS IN FOREBRAIN SPINES: AN ULTRASTRUCTURAL PERSPECTIVE	Molecular Neurobiology	Glutamatergic axons in the mammalian forebrain terminate predominantly onto dendritic spines. Long-term changes in the efficacy of these excitatory synapses are tightly coupled to changes in spine morphology. The reorganization of the actin cytoskeleton underl
10.1038/1609	Functional connectivity between simple cells and complex cells in cat striate cortex	Nature Neuroscience	In the cat primary visual cortex, neurons are classified into the two main categories of simple cells and complex cells based on their response properties. According to the hierarchical model, complex receptive fields derive from convergent inputs of simple ce
10.1101/2025.08.08.669341	Short-term sensory memory mediates adaptation, habituation, and a paradoxical neural-behavioral transformation in C. elegans	bioRxiv	Repeated exposure to stimuli elicits decreasing sensory neural responses over time (adaptation). However, resulting behavioral responses can either weaken over time (habituation) or remain invariant, indicating that the neural-behavioral link is not fixed. To 
10.1016/j.neuron.2023.12.008	Neuronal ensembles: building blocks of neural circuits	Neuron	Summary Neuronal ensembles, defined as groups of neurons displaying recurring patterns of coordinated activity, represent an intermediate functional level between individual neurons and brain areas. Novel methods to observe and optically manipulate the activit
10.1021/acschembio.8b00919	Directed evolution of split APEX2 peroxidase	ACS Chemical Biology	APEX is an engineered peroxidase that catalyzes the oxidation of a wide range of substrates, facilitating its use in a variety of applications, from subcellular staining for electron microscopy to proximity biotinylation for spatial proteomics and transcriptom
10.48550/arxiv.2504.21598	<NO TITLE>		As both computer vision models and biomedical datasets grow in size, there is an increasing need for efficient inference algorithms. We utilize cascade detectors to efficiently identify sparse objects in multiresolution images. Given an object's prevalence and
10.1007/s00429-024-02806-3	A strong direct link from the layer 3/4 border to layer 6 of cat primary visual cortex	Brain Structure and Function	The cat primary visual cortex (V1) is a cortical area for which we have one of the most detailed estimates of the connection ‘weights’ (expressed as number of synapses) between different neural populations in different layers (Binzegger et al in J Neurosci 24:
10.1016/j.neuroimage.2022.119146	Post mortem mapping of connectional anatomy for the validation of diffusion MRI	bioRxiv	Despite the impressive advances in diffusion MRI (dMRI) acquisition and analysis that have taken place during the Human Connectome era, dMRI tractography is still an imperfect source of information on the circuitry of the brain. In this review, we discuss meth
10.1101/2024.06.11.598365	A scalable and modular computational pipeline for axonal connectomics: automated tracing and assembly of axons across serial sections	bioRxiv	Abstract Progress in histological methods and in microscope technology has enabled dense staining and imaging of axons over large brain volumes, but tracing axons over such volumes requires new computational tools for 3D reconstruction of data acquired from se
10.1523/jneurosci.1198-07.2007	Excitatory Synaptic Transmission Persists Independently of the Glutamate–Glutamine Cycle	Journal of Neuroscience	The glutamate–glutamine cycle is thought to be integral in continuously replenishing the neurotransmitter pool of glutamate. Inhibiting glial transfer of glutamine to neurons leads to rapid impairment in physiological and behavioral function; however, the degr
10.3389/fnsys.2015.00060	Visual system plasticity in mammals: the story of monocular enucleation-induced vision loss	Frontiers in Systems Neuroscience	The groundbreaking work of Hubel and Wiesel in the 1960’s on ocular dominance plasticity instigated many studies of the visual system of mammals, enriching our understanding of how the development of its structure and function depends on high quality visual in
10.3389/fncir.2014.00022	Attractor dynamics in local neuronal networks	Front. Neural Circuits	Patterns of synaptic connectivity in various regions of the brain are characterized by the presence of synaptic motifs, defined as unidirectional and bidirectional synaptic contacts that follow a particular configuration and link together small groups of neuro
10.1038/s41467-019-12789-z	Two adhesive systems cooperatively regulate axon ensheathment and myelin growth in the CNS	Nature Communications	Central nervous system myelin is a multilayered membrane produced by oligodendrocytes to increase neural processing speed and efficiency, but the molecular mechanisms underlying axonal selection and myelin wrapping are unknown. Here, using combined morphologic
10.1038/nature14170	Thermosensory processing in the Drosophila brain	Nature	In Drosophila, just as in vertebrates, changes in external temperature are encoded by bidirectional opponent thermoreceptor cells: some cells are excited by warming and inhibited by cooling, whereas others are excited by cooling and inhibited by warming. The c
10.1016/j.cub.2010.02.039	Circuit neuroscience in zebrafish.	Current Biology	A central goal of modern neuroscience is to obtain a mechanistic understanding of higher brain functions under healthy and diseased conditions. Addressing this challenge requires rigorous experimental and theoretical analysis of neuronal circuits. Recent advan
10.3389/fninf.2020.00009	A Smart Region-Growing Algorithm for Single-Neuron Segmentation From Confocal and 2-Photon Datasets	Frontiers in Neuroinformatics	Accurately digitizing the brain at the micro-scale is crucial for investigating brain structure-function relationships and documenting morphological alterations due to neuropathies. Here we present a new Smart Region Growing algorithm (SmRG) for the segmentati
10.1038/sdata.2018.6	An open repository for single-cell reconstructions of the brain forest	Scientific Data	NeuroMorpho.Org was launched in 2006 to provide unhindered access to any and all digital tracings of neuronal morphology that researchers were willing to share freely upon request. Today this database is the largest public inventory of cellular reconstructions
10.1016/j.cub.2023.01.045	Cell morphology: Astrocyte structure at the nanoscale.	Current Biology	Astrocytes, the most abundant glial cells in the central nervous system, play vital roles in maintaining neuronal function. A new study using focused ion-beam scanning electron microscopy reveals the architecture of astrocytes at the nanoscale and provides new
10.1038/s41467-025-66104-0	Brain-wide resting-state fMRI network dynamics elicited by activation of single thalamic input	Nature Communications	Understanding how the brain rapidly processes neural information through large-scale network dynamics is fundamental to neuroscience. Resting-state fMRI (rsfMRI) captures networks by probing spontaneous neural activity fluctuations, yet whether these networks 
10.1109/tvcg.2021.3109460	NeuroConstruct: 3D Reconstruction and Visualization of Neurites in Optical Microscopy Brain Images	IEEE Transactions on Visualization and C	We introduce NeuroConstruct, a novel end-to-end application for the segmentation, registration, and visualization of brain volumes imaged using wide-field microscopy. NeuroConstruct offers a Segmentation Toolbox with various annotation helper functions that ai
10.1073/pnas.1214705110	Synapse-specific and size-dependent mechanisms of spine structural plasticity accompanying synaptic weakening	Proceedings of the National Academy of S	Refinement of neural circuits in the mammalian cerebral cortex shapes brain function during development and in the adult. However, the signaling mechanisms underlying the synapse-specific shrinkage and loss of spiny synapses when neural circuits are remodeled 
10.64898/2026.03.31.715474	State-Dependent Organization of Microscale Functional Circuitry in Visual Cortex	bioRxiv	How the cortex organizes directed functional interactions among individual neurons and how this microscale circuitry maps onto cell types and the underlying anatomy remains poorly understood. Here, we construct one of the largest single-neuron-resolution direc
10.3389/fneur.2013.00199	Synaptic Activity and Bioenergy Homeostasis: Implications in Brain Trauma and Neurodegenerative Diseases	Frontiers in Neurology	Powered by glucose metabolism, the brain is the most energy-demanding organ in our body. Adequate ATP production and regulation of the metabolic processes are essential for the maintenance of synaptic transmission and neuronal function. Glutamatergic synaptic 
10.1126/sciadv.abi7112	Populations of local direction–selective cells encode global motion patterns generated by self-motion	Science Advances	Self-motion generates visual patterns on the eye that are important for navigation. These optic flow patterns are encoded by the population of local direction–selective cells in the mouse retina, whereas in flies, local direction–selective T4/T5 cells are thou
10.64898/2026.08.14.744809	Streamlining large-scale high-resolution electron tomography with VolWeaver	bioRxiv	ABSTRACT Researchers using electron microscopy must often balance a trade-off between obtaining high-resolution structural information and preserving sufficient cellular context. At one end of this spectrum, single particle cryo-electron microscopy and cryo-el
10.1017/s1431927620015202	Neural Circuit Reconstruction Using Serial Block-face Scanning Microscopy (SBFSEM) in Mouse Retina	Microscopy and Microanalysis	How neural circuits assemble during development is a fundamental question in neuroscience. The detailed synaptic arrangement between neurons requires imaging resolution beyond light microscopy (LM). In the past decade, emerging technological advancements in vo
10.7554/elife.31657	Highly multiplexed immunofluorescence imaging of human tissues and tumors using t-CyCIF and conventional optical microscopes	eLife	The architecture of normal and diseased tissues strongly influences the development and progression of disease as well as responsiveness and resistance to therapy. We describe a tissue-based cyclic immunofluorescence (t-CyCIF) method for highly multiplexed imm
10.1002/cne.24866	The brain of a nocturnal migratory insect, the Australian Bogong moth	bioRxiv	Every year, millions of Australian Bogong moths (Agrotis infusa) complete an astonishing journey: in spring, they migrate from their breeding grounds to the alpine regions of the Snowy Mountains, where they endure the hot summer in the cool climate of alpine c
10.1016/j.conb.2019.11.015	Mini-brain computations converting dynamic olfactory inputs into orientation behavior	Current Opinion in Neurobiology	The neural logic underlying the conversion of non-stationary (dynamic) olfactory inputs into odor-search behaviors has been difficult to crack due to the distributed nature of the olfactory code —food odors typically co-activate multiple olfactory sensory neur
10.1142/s0129065715500264	Cell Assembly Signatures Defined by Short-Term Synaptic Plasticity in Cortical Networks	International Journal of Neural Systems	The cell assembly (CA) hypothesis has been used as a conceptual framework to explain how groups of neurons form memories. CAs are defined as neuronal pools with synchronous, recurrent and sequential activity patterns. However, neuronal interactions and synapti
10.7554/elife.57443	A connectome and analysis of the adult Drosophila central brain	bioRxiv	The neural circuits responsible for animal behavior remain largely unknown. We summarize new methods and present the circuitry of a large fraction of the brain of the fruit fly Drosophila melanogaster. Improved methods include new procedures to prepare, image,
10.1016/j.cub.2021.01.045	A neuronal blueprint for directional mechanosensation in larval zebrafish	Current Biology	SUMMARY Animals have a remarkable ability to use local cues to orient in space in the absence of a panoramic fixed reference frame. Here we use the mechanosensory lateral line in larval zebrafish to understand rheotaxis, an innate oriented swimming evoked by w
10.1016/j.cub.2025.12.058	A pair of interneurons that confer positive real-time valence to sweet sensation in Drosophila	Current Biology	Summary Assigning valence—appeal or aversion—to gustatory stimuli and relaying it to higher-order brain regions to guide flexible behaviors is crucial to survival. Yet the neural circuits that transform taste into motivationally relevant signals remain poorly 
10.64898/2026.06.26.734775	Random innervation of cerebellar Purkinje cells as a substrate for diverse representational learning	bioRxiv	Although the cerebellar microcircuit is among the most well-characterized systems for studying neural computation, recent connectomic analyses highlight deviations from canonical models, raising fundamental questions about connectivity, function, and learning 
10.1101/2021.09.29.462361	Higher-order olfactory neurons in the lateral horn support odor valence and odor identity coding in Drosophila	bioRxiv	Understanding neuronal representations of odor-evoked activities and their progressive transformation from the sensory level to higher brain centers features one of the major aims in olfactory neuroscience. Here, we investigated how odor information is transfo
10.1152/physrev.00016.2003	Structural contributions to short-term synaptic plasticity.	Physiological Reviews	Xu-Friedman, Matthew A., and Wade G. Regehr. Structural Contributions to Short-Term Synaptic Plasticity. Physiol Rev 84: 69–85, 2004; 10.1152/physrev.00016.2003.—Synaptic ultrastructure is critical to many basic hypotheses about synaptic transmission. Various 
10.1101/300863	Robust representation of natural images by sparse and variable population of active neurons in visual cortex	bioRxiv	Abstract Natural scenes sparsely activate neurons in the primary visual cortex (V1). However, how sparsely active neurons robustly represent natural images and how the information is optimally decoded from the representation have not been revealed. We reconstr
10.3390/math13081276	Neuronal Mesh Reconstruction from Image Stacks Using Implicit Neural Representations	Mathematics	Reconstructing neuronal morphology from microscopy image stacks is essential for understanding brain function and behavior. While existing methods are capable of tracking neuronal tree structures and creating membrane surface meshes, they often lack seamless p
10.3389/fncir.2013.00147	Mushroom body miscellanea: transgenic Drosophila strains expressing anatomical and physiological sensor proteins in Kenyon cells	Front. Neural Circuits	The fruit fly Drosophila melanogaster represents a key model organism for analyzing how neuronal circuits regulate behavior. The mushroom body in the central brain is a particularly prominent brain region that has been intensely studied in several insect speci
10.1038/nbt.3641	Multiplexed and scalable super-resolution imaging of three-dimensional protein localization in size-adjustable tissues	Nature Biotechnology	The biology of multicellular organisms is coordinated across multiple size scales, from the subnanoscale of molecules to the macroscale, tissue-wide interconnectivity of cell populations. Here we introduce a method for super-resolution imaging of the multiscal
10.4161/cam.2.4.6510	AMPA receptor trafficking pathways and links to dendritic spine morphogenesis	Cell Adhesion &amp; Migration	Alterations in synaptic strength are proposed to underlie learning and memory, and two major mechanisms utilised by neurons to bring about such changes involve regulating the number of AMPARs found at the synaptic plasma membrane, and altering the size and/or 
10.1016/0042-6989(78)90164-5	Bipolar cells of the frog retina: a Golgi study.	Vision Research	
10.1063/1.4905434	Contributed review: Review of integrated correlative light and electron microscopy.	Review of Scientific Instruments	New developments in the field of microscopy enable to acquire increasing amounts of information from large sample areas and at an increased resolution. Depending on the nature of the technique, the information may reveal morphological, structural, chemical, an
10.1038/4548	Miniature synaptic events maintain dendritic spines via AMPA receptor activation	Nature Neuroscience	We investigated the influence of synaptically released glutamate on postsynaptic structure by comparing the effects of deafferentation, receptor antagonists and blockers of glutamate release in hippocampal slice cultures. CA1 pyramidal cell spine density and l
10.1038/nn.4200	Remodeling myelination: implications for mechanisms of neural plasticity	Nature Neuroscience	One of the most significant paradigm shifts in membrane remodeling is the emerging view that membrane transformation is not exclusively controlled by cytoskeletal rearrangement, but also by biophysical constraints, adhesive forces, membrane curvature and compa
10.1038/nmeth.3225	Fixation-resistant photoactivatable fluorescent proteins for correlative light and electron microscopy	Nature Methods	Fluorescent proteins facilitate a variety of imaging paradigms in live and fixed samples. However, they lose their fluorescence after heavy fixation, hindering applications such as correlative light and electron microscopy (CLEM). Here we report engineered var
10.1126/sciadv.abb3446	Molecular atlas of the adult mouse brain	Science Advances	Whole-brain spatial transcriptomics redefines the neuroanatomical classification of the adult mouse brain. Brain maps are essential for integrating information and interpreting the structure-function relationship of circuits and behavior. We aimed to generate 
10.1002/cne.903480304	Ultrastructural and morphometric features of the acetylcholine innervation in adult rat parietal cortex: An electron microscopic study in serial secti	The Journal of comparative neurology	Abstract This study was aimed at characterizing the ultrastructural morphology of the normal acetylcholine (ACh) innervation in adult rat parietal cortex. After immunostaining with a monoclonal antibody against purified rat brain choline acetyltransferase (ChA
10.1002/dvdy.24064	Patterning of sexually dimorphic neurogenesis in the Caenorhabditis elegans ventral cord by Hox and TALE homeodomain transcription factors	Developmental Dynamics	Background: Reproduction in animals requires development of distinct neurons in each sex. In C. elegans , most ventral cord neurons (VCNs) are present in both sexes, with the exception of six hermaphrodite‐specific neurons (VCs) and nine pairs of male‐specific
10.1101/2024.02.26.582148	Neurons underlying aggressive actions that are shared by both males and females in Drosophila	bioRxiv	Abstract Aggression involves both sexually monomorphic and dimorphic actions. How the brain implements these two types of actions is poorly understood. We found that a set of neurons, which we call CL062, previously shown to mediate male aggression also mediat
10.1016/j.tice.2018.09.006	Volume microscopy in biology: FIB-SEM tomography.	Tissue & Cell	Volume microscopy has become an important method in cellular biology. In contrast to tedious serial sectioning volumes can now far more conveniently be obtained with serial-block face and focussed ion beam scanning electron microscopy. Serial-block face scanni
10.7554/elife.76003	The enteric nervous system of the C. elegans pharynx is specified by the Sine oculis-like homeobox gene ceh-34	eLife	Overarching themes in the terminal differentiation of the enteric nervous system, an autonomously acting unit of animal nervous systems, have so far eluded discovery. We describe here the overall regulatory logic of enteric nervous system differentiation of th
10.1523/jneurosci.1076-17.2017	Dedicated Hippocampal Inhibitory Networks for Locomotion and Immobility	Journal of Neuroscience	Network activity is strongly tied to animal movement; however, hippocampal circuits selectively engaged during locomotion or immobility remain poorly characterized. Here we examined whether distinct locomotor states are encoded differentially in genetically de
10.1038/s41583-026-01061-1	Brain mitochondria as key drivers of cognition and behaviour	Nature Reviews Neuroscience	Cognition and behaviour arise from computations in neural circuits, which can differ in their readiness for recruitment or in the computations and behavioural outputs that they generate. Mitochondria contribute to both circuit properties and their variability 
10.1109/cvpr.2010.5539950	Boundary Learning by Optimization with Topological Constraints	2010 IEEE Computer Society Conference on	Recent studies have shown that machine learning can improve the accuracy of detecting object boundaries in images. In the standard approach, a boundary detector is trained by minimizing its pixel-level disagreement with human boundary tracings. This naive metr
10.1371/journal.pbio.3000361	A wake-active locomotion circuit depolarizes a sleep-active neuron to switch on sleep	PLoS Biology	Sleep-active neurons depolarize during sleep to suppress wakefulness circuits. Wake-active wake-promoting neurons in turn shut down sleep-active neurons, thus forming a bipartite flip-flop switch. However, how sleep is switched on is unclear because it is not 
10.1523/jneurosci.3502-06.2006	Plasticity Compartments in Basal Dendrites of Neocortical Pyramidal Neurons	Journal of Neuroscience	Synaptic plasticity rules widely determine how cortical networks develop and store information. Using confocal imaging and dual site focal synaptic stimulation, we show that basal dendrites, which receive the majority of synapses innervating neocortical pyrami
10.1093/mictod/qaae043	Our Growing Volume Electron Microscopy Community	Microscopy Today	  Volume electron microscopy (vEM) represents a powerful group of electron microscopy workflows that enable collection of large three-dimensional volumes at ultrastructural resolution to interrogate cells and tissues across length scales. Due to the breadth of
10.1093/cercor/bhh131	Suppressed responses to self-triggered sounds in the human auditory cortex.	Cerebral Cortex	Humans are assumed to predict the sensory consequences of their own actions by means of forward models that enable discrimination between self-produced and external sensory signals. Here we tested whether responses in the human auditory cortex would differ to 
10.1371/journal.pone.0089992	Selectivity and Sparseness in Randomly Connected Balanced Networks	PLoS ONE	Neurons in sensory cortex show stimulus selectivity and sparse population response, even in cases where no strong functionally specific structure in connectivity can be detected. This raises the question whether selectivity and sparseness can be generated and 
10.1016/s0079-6123(02)36020-5	Retinal neurons: cell types and coupled networks.	Progress in Brain Research	
10.1101/2023.03.17.533028	Sensory cortical ensembles exhibit differential coupling to ripples in distinct hippocampal subregions	bioRxiv	Cortical neurons activated during recent experiences often reactivate with dorsal hippocampal CA1 sharp-wave ripples (SWRs) during subsequent rest. Less is known about cortical interactions with intermediate hippocampal CA1, whose connectivity, functions, and 
10.3389/fnsyn.2019.00020	Approaches and Limitations in the Investigation of Synaptic Transmission and Plasticity	Frontiers in Synaptic Neuroscience	The numbers and strengths of synapses in the brain change throughout development, and even into adulthood, as synaptic inputs are added, eliminated, and refined in response to ongoing neural activity. A number of experimental techniques can assess these change
10.1101/153247	Exclusive functional subnetworks of intracortical projections neurons in primary visual cortex	bioRxiv	The rules by which neurons in neocortex choose their synaptic partners are not fully understood. In sensory cortex, intermingled neurons encode different attributes of sensory inputs and relay them to different long-range targets. While neurons with similar re
10.1038/s41593-020-0699-2	Systematic errors in connectivity inferred from activity in strongly recurrent networks	Nature Neuroscience	Understanding the mechanisms of neural computation and learning will require knowledge of the underlying circuitry. Because it is difficult to directly measure the wiring diagrams of neural circuits, there has long been an interest in estimating them algorithm
10.1101/2020.09.15.297580	Sequence memory in recurrent neuronal network can develop without structured input	bioRxiv	How does spontaneous activity during development prepare cortico-cortical connections for sensory input? We here analyse the development of sequence memory, an intrinsic feature of recurrent networks that supports temporal perception. We use a recurrent neural
10.1016/j.cub.2022.06.039	A set of hub neurons and non-local connectivity features support global brain dynamics in C. elegans.	Current Biology	The wiring architecture of neuronal networks is assumed to be a strong determinant of their dynamical computations. An ongoing effort in neuroscience is therefore to generate comprehensive synapse-resolution connectomes alongside brain-wide activity maps. Howe
10.1038/s41598-025-89088-9	Connectomic analysis of taste circuits in Drosophila	bioRxiv	Our sense of taste is critical for regulating food consumption. The fruit fly Drosophila represents a highly tractable model to investigate mechanisms of taste processing, but taste circuits beyond sensory neurons are largely unidentified. Here, we use a whole
10.1016/bs.mcb.2023.01.021	Mitochondria morphometry in 3D datasets obtained from mouse brains with serial block-face scanning electron microscopy.	Methods in Cell Biology	The dysfunction of mitochondria is linked with many diseases. In the nervous system, evidence of their implication in neurodegenerative disease is growing. Mitochondria health is assessed by their impact on cellular metabolism but alterations in their morpholo
10.1016/j.neuron.2007.11.030	GFP Reconstitution Across Synaptic Partners (GRASP) defines cell contacts and synapses in living nervous systems.	Neuron	The identification of synaptic partners is challenging in dense nerve bundles, where many processes occupy regions beneath the resolution of conventional light microscopy. To address this difficulty, we have developed GRASP, a system to label membrane contacts
10.1371/journal.pcbi.1012074	The quality and complexity of pairwise maximum entropy models for large cortical populations	PLoS Comput. Biol.	We investigate the ability of the pairwise maximum entropy (PME) model to describe the spiking activity of large populations of neurons recorded from the visual, auditory, motor, and somatosensory cortices. To quantify this performance, we use (1) Kullback-Lei
10.1101/819227	The reconstruction and functional mapping of a recurrent microcircuit in Drosophila mushroom body	bioRxiv	In Drosophila melanogaster, mushroom body and anterior paired lateral (APL) neurons play important roles not only in learning and memory but also in high cognitive behavior, reversal learning. The circuit between APL neurons and Kenyon cells (KCs) in the mushr
10.1093/hmg/ddz178	Synapse diversity and synaptome architecture in human genetic disorders	Human Molecular Genetics	Abstract Over 130 brain diseases are caused by mutations that disrupt genes encoding the proteome of excitatory synapses. These include neurological and psychiatric disorders with early and late onset such as autism, schizophrenia and depression and many other
10.1016/j.neuron.2010.02.028	Retinal Parallel Processors: More than 100 Independent Microcircuits Operate within a Single Interneuron	Neuron	SUMMARY Most neurons are highly polarized cells with branched dendrites that receive and integrate synaptic inputs and extensive axons that deliver action potential output to distant targets. By contrast, amacrine cells, a diverse class of inhibitory interneur
10.1002/cne.20779	Modulation of intercellular calcium signaling by melatonin in avian and mammalian astrocytes is brain region‐specific	The Journal of comparative neurology	Calcium waves among glial cells impact many central nervous system functions, including neural integration and brain metabolism. Here, we characterized the modulatory effects of melatonin, a pineal neurohormone that mediates circadian and seasonal processes, o
10.3389/fnbeh.2022.871884	Mechanisms of Variability Underlying Odor-Guided Locomotion	Frontiers in Behavioral Neuroscience	Changes in locomotion mediated by odors (odor-guided locomotion) are an important mechanism by which animals discover resources important to their survival. Odor-guided locomotion, like most other behaviors, is highly variable. Variability in behavior can aris
10.1523/jneurosci.1774-16.2017	A Gustatory Neural Circuit of Caenorhabditis elegans Generates Memory-Dependent Behaviors in Na+ Chemotaxis	Journal of Neuroscience	Animals show various behaviors in response to environmental chemicals. These behaviors are often plastic depending on previous experiences. Caenorhabditis elegans , which has highly developed chemosensory system with a limited number of sensory neurons, is an 
10.1162/netn_a_00158	Models of communication and control for brain networks: distinctions, convergence, and future outlook	Network Neuroscience	Recent advances in computational models of signal propagation and routing in the human brain have underscored the critical role of white-matter structure. A complementary approach has utilized the framework of network control theory to better understand how wh
10.1186/s12915-016-0326-6	Establishment of high reciprocal connectivity between clonal cortical neurons is regulated by the Dnmt3b DNA methyltransferase and clustered protocadh	BMC Biology	The specificity of synaptic connections is fundamental for proper neural circuit function. Specific neuronal connections that underlie information processing in the sensory cortex are initially established without sensory experiences to a considerable extent, 
10.3389/fnins.2014.00423	Revealing neuronal function through microelectrode array recordings	Frontiers in Neuroscience	Microelectrode arrays and microprobes have been widely utilized to measure neuronal activity, both in vitro and in vivo. The key advantage is the capability to record and stimulate neurons at multiple sites simultaneously. However, unlike the single-cell or si
10.1093/cercor/bhab440	Optical analysis of glutamate spread in the neuropil	Cerebral Cortex	Abstract Fast synaptic communication uses diffusible transmitters whose spread is limited by uptake mechanisms. However, on the submicron-scale, the distance between two synapses, the extent of glutamate spread has so far remained difficult to measure. Here, w
10.1371/journal.pone.0017013	Colored Motifs Reveal Computational Building Blocks in the C. elegans Brain	PLoS ONE	Background Complex networks can often be decomposed into less complex sub-networks whose structures can give hints about the functional organization of the network as a whole. However, these structural motifs can only tell one part of the functional story beca
10.1103/physreve.97.062305	Hysteresis, neural avalanches, and critical behavior near a first-order transition of a spiking neural network.	Physical Review E	Many experimental results, both in vivo and in vitro, support the idea that the brain cortex operates near a critical point and at the same time works as a reservoir of precise spatiotemporal patterns. However, the mechanism at the basis of these observations 
10.23919/date69613.2026.11539470	A Digital Neural Array IC for Real-Time Neural Network Replication from Spike Activities	Design, Automation and Test in Europe	Growing demand to deepen understanding of the human brain has accelerated efforts to identify the structure of biological neural networks from neuronal activities. This paper presents a fully digital, tile-able neural array integrated circuit(IC) that, to our 
10.1101/2021.04.06.438718	Visualizing the organization and differentiation of the male-specific nervous system of C. elegans	bioRxiv	Sex differences in the brain are prevalent throughout the animal kingdom and particularly well appreciated in the nematode C. elegans. While 294 neurons are shared between the two sexes, the nervous system of the male contains an additional 93 malespecific neu
10.1016/j.neuron.2012.06.006	The Brain Activity Map Project and the Challenge of Functional Connectomics	Neuron	The function of neural circuits is an emergent property that arises from the coordinated activity of large numbers of neurons. To capture this, we propose launching a large-scale, international public effort, the Brain Activity Map Project, aimed at reconstruc
10.1109/tmi.2026.3658169	Neuron Segment Connectivity Prediction With Multimodal Features for Connectomics	IEEE Transactions on Medical Imaging	Reconstructing neurons from large electron microscopy (EM) datasets for connectomic analysis presents a significant challenge, particularly in segmenting neurons of complex morphologies. Previous deep learning-based neuron segmentation methods often rely on pi
10.7554/elife.24394	The comprehensive connectome of a neural substrate for ‘ON’ motion detection in Drosophila	eLife	Analysing computations in neural circuits often uses simplified models because the actual neuronal implementation is not known. For example, a problem in vision, how the eye detects image motion, has long been analysed using Hassenstein-Reichardt (HR) detector
10.1016/j.heliyon.2024.e24649	Structural and temporal dynamics analysis of neural circuit from 2002 to 2022: A bibliometric analysis	Heliyon	Background In the pursuit of causal insights into neural circuit functionality, various interventions, including electrical, genetic, and pharmacological approaches, have been applied over recent decades. This study employs a comprehensive bibliometric perspec
10.7554/elife.91627	Modeling apical and basal tree contribution to orientation selectivity in a mouse primary visual cortex layer 2/3 pyramidal cell	eLife	Pyramidal neurons, a mainstay of cortical regions, receive a plethora of inputs from various areas onto their morphologically distinct apical and basal trees. Both trees differentially contribute to the somatic response, defining distinct anatomical and possib
10.1101/2021.07.23.453511	PatchPerPixMatch for Automated 3d Search of Neuronal Morphologies in Light Microscopy	bioRxiv	Studies of individual neurons in the Drosophila nervous system are facilitated by transgenic lines that sparsely and repeatably label respective neurons of interest. Sparsity can be enhanced by means of intersectional approaches like the split-GAL4 system, whi
10.1371/journal.pgen.1009375	VER/VEGF receptors regulate AMPA receptor surface levels and glutamatergic behavior	PLoS Genetics	Several intracellular trafficking pathways contribute to the regulation of AMPA receptor (AMPAR) levels at synapses and the control of synaptic strength. While much has been learned about these intracellular trafficking pathways, a major challenge is to unders
10.1371/journal.pcbi.1014037	Dense and distributed neuropeptide network in the nerve net of Hydra vulgaris	PLoS Comput. Biol.	Neuroscience has long emphasized synaptic transmission and physical wiring as the substrate of brain function and behavior. However, an additional layer of connectivity — a “chemical connectome” formed by neuropeptide-GPCR signaling — has been increasingly rec
10.1523/jneurosci.0106-22.2022	Consolidation of Sleep-Dependent Appetitive Memory Is Mediated by a Sweet-Sensing Circuit	Journal of Neuroscience	Sleep is a universally conserved physiological state which contributes toward basic organismal functions, including cognitive operations such as learning and memory. Intriguingly, organisms can sometimes form memory even without sleep, such that Drosophila dis
10.1523/jneurosci.20-05-01722.2000	Mechanisms of Calcium Decay Kinetics in Hippocampal Spines: Role of Spine Calcium Pumps and Calcium Diffusion through the Spine Neck in Biochemical Co	Journal of Neuroscience	Dendritic spines receive most excitatory inputs in the CNS and compartmentalize calcium. Although the mechanisms of calcium influx into spines have been explored, it is unknown what determines the calcium decay kinetics in spines. With two-photon microscopy we
10.1016/j.asd.2019.100878	The Jewel Wasp Standard Brain: Average shape atlas and morphology of the female Nasonia vitripennis brain.	Arthropod structure & development	Nasonia, a genus of parasitoid wasps, is a promising model system in the study of developmental and evolutionary genetics, as well as complex traits such as learning. Of these "jewel wasps", the species Nasonia vitripennis is widely spread and widely studied. 
10.26508/lsa.201900308	MITOL deletion in the brain impairs mitochondrial structure and ER tethering leading to oxidative stress	Life Science Alliance	MITOL deletion in mouse brain impairs the morphology and ER tethering of mitochondria, resulting in enhanced oxidative stress. This study suggests a relationship between morphological abnormalities of mitochondria and developmental disorder. Mitochondrial abno
10.1016/j.semcdb.2014.06.007	Sexual modulation of neural circuits and behavior in C. elegans	Seminars in Cell and Developmental Biolo	Sex differences in behavior—both sex-specific and shared behaviors—are fundamental to nearly all animal species. One often overlooked mechanism by which these behavioral differences can be generated is through sex-specific modulation of shared circuitry (i.e.,
10.1111/tra.12538	Journey to the centre of the cell: Virtual reality immersion into scientific data	Traffic : the International Journal of I	Visualization of scientific data is crucial not only for scientific discovery but also to communicate science and medicine to both experts and a general audience. Until recently, we have been limited to visualizing the three‐dimensional (3D) world of biology i
10.1534/genetics.119.301506	The Caenorhabditis elegans Transgenic Toolbox	Genetics	The power of any genetic model organism is derived, in part, from the ease with which gene expression can be manipulated. The short generation time and invariant developmental lineage have made Caenorhabditis elegans very useful for understanding, e.g., develo
10.1098/rstb.1982.0087	The morphology of the bipolar cells, amacrine cells and ganglion cells in the retina of the turtle Pseudemys scripta elegans.	Philosophical transactions of the Royal 	Abstract The morphology of the neurons that contribute to the inner plexiform layer of the retina of the turtle Pseudemys scripta elegans has been studied by light microscopy of whole-mount material stained by the method of Golgi. Cells have been distinguished
10.1038/s41467-024-48146-y	A modular framework for multi-scale tissue imaging and neuronal segmentation	Nature Communications	The development of robust tools for segmenting cellular and sub-cellular neuronal structures lags behind the massive production of high-resolution 3D images of neurons in brain tissue. The challenges are principally related to high neuronal density and low sig
10.1073/pnas.1211467109	Efficient associative memory storage in cortical circuits of inhibitory and excitatory neurons	Proceedings of the National Academy of S	Many features of synaptic connectivity are ubiquitous among cortical systems. Cortical networks are dominated by excitatory neurons and synapses, are sparsely connected, and function with stereotypically distributed connection weights. We show that these basic
10.1113/jp282750	Formation and computational implications of assemblies in neural circuits	Journal of Physiology	In the brain, patterns of neural activity represent sensory information and store it in non‐random synaptic connectivity. A prominent theoretical hypothesis states that assemblies, groups of neurons that are strongly connected to each other, are the key comput
10.1016/j.aanat.2009.08.006	Structure and function of dendritic spines within the hippocampus	Annals of Anatomy - Anatomischer Anzeige	Most excitatory input in the hippocampus impinges on dendritic spines. Therefore, the dendritic spines are likely to be of major importance for neural processing. The morphology of dendritic spines is very diverse and changes in spine size as well as in their 
10.1111/cgf.14574	A Survey of Visualization and Analysis in High‐Resolution Connectomics	Computer graphics forum (Print)	The field of connectomics aims to reconstruct the wiring diagram of Neurons and synapses to enable new insights into the workings of the brain. Reconstructing and analyzing the Neuronal connectivity, however, relies on many individual steps, starting from high
10.1371/journal.pcbi.1004792	Training Excitatory-Inhibitory Recurrent Neural Networks for Cognitive Tasks: A Simple and Flexible Framework	PLoS Comput. Biol.	The ability to simultaneously record from large numbers of neurons in behaving animals has ushered in a new era for the study of the neural circuit mechanisms underlying cognitive functions. One promising approach to uncovering the dynamical and computational 
10.1073/pnas.2113835118	Three-dimensional virtual histology of the human hippocampus based on phase-contrast computed tomography	Proceedings of the National Academy of S	Significance We demonstrate multiscale phase-contrast X-ray computed tomography (CT) of postmortem human brain tissue. Large tissue volumes can be covered by parallel-beam CT and combined with subcellular detail for selected regions scanned at high magnificati
10.3390/ijms222212470	Digging Deeper: Advancements in Visualization of Inhibitory Synapses in Neurodegenerative Disorders	International Journal of Molecular Scien	Recent research has provided strong evidence that neurodegeneration may develop from an imbalance between synaptic structural components in the brain. Lately, inhibitory synapses communicating via the neurotransmitters GABA or glycine have come to the center o
10.1201/9781003464648-3	Synaptic Plasticity and Its Uses	Synaptic Plasticity in Neurodegenerative	The brain&s;s process of learning and memory formation is primarily driven by synaptic plasticity, which is the capacity of synapses to become stronger or weaker over time in response to activity. This phenomenon involves complex molecular and cellular pathway
10.1038/s41592-019-0396-9	Software tools for automated Transmission Electron Microscopy	Nature Methods	The demand for high-throughput data collection in electron microscopy is increasing for applications in structural and cellular biology. Here we present a combination of software tools that enable automated acquisition guided by image analysis for a variety of
10.1016/j.cub.2013.08.018	Brain connectivity: revealing the fly visual motion circuit.	Current Biology	A new semi-automated method for high-throughput identification of visual neurons and their synaptic partners has been combined with optical recording of activity and behavioral analysis to give the first complete description of an elementary circuit for detect
10.1101/526681	Cell type composition and circuit organization of neocortical radial clones	bioRxiv	Summary Excitatory neurons arising from a common progenitor establish radially-oriented clonal units in the neocortex which have been proposed to serve as elementary information processing modules. To characterize the cell types and circuit diagram within thes
10.3390/ijms20081988	Drosophila Temperature Preference Rhythms: An Innovative Model to Understand Body Temperature Rhythms	International Journal of Molecular Scien	Human body temperature increases during wakefulness and decreases during sleep. The body temperature rhythm (BTR) is a robust output of the circadian clock and is fundamental for maintaining homeostasis, such as generating metabolic energy and sleep, as well a
10.1016/j.neuroimage.2023.120338	Probing brain tissue microstructure with MRI: principles, challenges, and the role of multidimensional diffusion-relaxation encoding	NeuroImage	Diffusion MRI uses the random displacement of water molecules to sensitize the signal to brain microstructure and to properties such as the density and shape of cells. Microstructure modeling techniques aim to estimate these properties from acquired data by se
10.1038/nn.4237	Computational principles of memory	Nature Neuroscience	The ability to store and later use information is essential for a variety of adaptive behaviors, including integration, learning, generalization, prediction and inference. In this Review, we survey theoretical principles that can allow the brain to construct p
10.1101/735985	NEURONS THAT FUNCTION WITHIN AN INTEGRATOR TO PROMOTE A PERSISTENT BEHAVIORAL STATE IN DROSOPHILA	bioRxiv	Innate behaviors involve both reflexive motor programs and internal states. In Drosophila, optogenetic activation of male-specific P1 interneurons triggers courtship song, as well as a persistent behavioral state that prolongs courtship and enhances aggressive
10.1101/725903	INX-18 and INX-19 play distinct roles in electrical synapses that modulate aversive behavior in Caenorhabditis elegans	bioRxiv	In order to respond to changing environments and fluctuations in internal states, animals adjust their behavior through diverse neuromodulatory mechanisms. In this study we show that electrical synapses between the ASH primary quinine-detecting sensory neurons
10.1038/nmeth.2637	Brain-wide 3D imaging of neuronal activity in Caenorhabditis elegans with sculpted light	Nature Methods	Recent efforts in neuroscience research have been aimed at obtaining detailed anatomical neuronal wiring maps as well as information on how neurons in these networks engage in dynamic activities. Although the entire connectivity map of the nervous system of Ca
10.1038/s41467-021-24690-9	A genetically encoded tool for reconstituting synthetic modulatory neurotransmission and reconnect neural circuits in vivo	Nature Communications	Chemogenetic and optogenetic tools have transformed the field of neuroscience by facilitating the examination and manipulation of existing circuits. Yet, the field lacks tools that enable rational rewiring of circuits via the creation or modification of synapt
10.64898/2026.03.27.714818	Automated Proofreading of Digitally Reconstructed Neural Morphology Enhances Accuracy, Scalability, and Standardization	bioRxiv	Background The rapid expansion of large-scale neuroscience datasets has increased the need for automated, accurate, and standardized quality control (QC). Manual proofreading of 3-dimensional neural morphology (SWC files) remains labor-intensive, error-prone, 
10.1242/bio.042085	SuperCLEM: an accessible correlative light and electron microscopy approach for investigation of neurons and glia in vitro	Biology Open	ABSTRACT The rapid evolution of super-resolution light microscopy has narrowed the gap between light and electron microscopy, allowing the imaging of molecules and cellular structures at high resolution within their normal cellular and tissue context. Multimod
10.1038/s41467-025-60545-3	Reduction of SEM charging artefacts in native cryogenic biological samples	bioRxiv	Scanning electron microscopy (SEM) of frozen-hydrated biological samples allows imaging of subcellular structures at the mesoscale in their native state. Combined with focused ion beam milling (FIB), serial FIB/SEM can be used to build a 3-dimensional picture 
10.3389/fncir.2012.00026	Inhibitory Regulation of Dendritic Activity in vivo	Front. Neural Circuits	The spatiotemporal control of neuronal excitability is fundamental to the inhibitory process. We now have a wealth of information about the active dendritic properties of cortical neurons including axonally generated sodium action potentials as well as local s
10.1140/epjb/s10051-026-01161-y	Impact of heavy-tailed synaptic strength distributions on self-sustained activity in networks of spiking neurons	European Physical Journal B : Condensed 	We analyze states of stationary activity in randomly coupled quadratic integrate-and-fire neurons using stochastic mean-field theory. Specifically, we consider the two cases of Gaussian random coupling and Cauchy random coupling, which are representative of sy
10.1098/rstb.2015.0428	The homeostatic astroglia emerges from evolutionary specialization of neural cells	Philosophical Transactions of the Royal 	Evolution of the nervous system progressed through cellular diversification and specialization of functions. Conceptually, the nervous system is composed from electrically excitable neuronal networks connected with chemical synapses and non-excitable glial cel
10.1109/tci.2024.3426349	No-Clean-Reference Image Super-Resolution: Application to Electron Microscopy	IEEE Transactions on Computational Imagi	The inability to acquire clean high-resolution (HR) electron microscopy (EM) images over a large brain tissue volume hampers many neuroscience studies. To address this challenge, we propose a deep-learning-based image super-resolution (SR) approach to computat
10.1093/jmicro/dfu103	Connectomics: comprehensive approaches for whole-brain mapping.	Microscopy	The aim of connectomics analysis is to understand whole-brain neural connections. This is accomplished using new biotechnologies. Here, we provide an overview of the recent progress in connectomics analysis. The entire neural network of an organism was reveale
10.1017/s1431927618015015	From Light Microscopy to Analytical Scanning Electron Microscopy (SEM) and Focused Ion Beam (FIB)/SEM in Biology: Fixed Coordinates, Flat Embedding, A	Microscopy and Microanalysis	Abstract Correlative light and electron microscopy (CLEM) has been in use for several years, however it has remained a costly method with difficult sample preparation. Here, we report a series of technical improvements developed for precise and cost-effective 
10.1523/jneurosci.17-23-09298.1997	Selective Synaptic Distribution of Kainate Receptor Subunits in the Two Plexiform Layers of the Rat Retina	Journal of Neuroscience	The synaptic localization of the kainate receptor subunits GluR6/7 and KA2 and of the ionotropic glutamate receptor subunits δ1/2 was studied in the rat retina using receptor-specific antisera. GluR6/7 and KA2 were present in both synaptic layers of the retina
10.3389/fncom.2026.1813959	Coherent-resonant netting: disorder-enhanced selectivity from transient wave-like dynamics on biological connectomes	Frontiers Comput. Neurosci.	Biological agents face an energy-information bottleneck: inference requires rapid exploration of large hypothesis spaces, yet high-gain spiking is metabolically expensive. We propose Coherent-Resonant Netting (CRN) as a two-regime decision architecture in whic
10.1038/s41598-018-31523-1	Stationary log-normal distribution of weights stems from spontaneous ordering in adaptive node networks	Scientific Reports	Experimental evidence recently indicated that neural networks can learn in a different manner than was previously assumed, using adaptive nodes instead of adaptive links. Consequently, links to a node undergo the same adaptation, resulting in cooperative nonli
10.1109/isbi45749.2020.9098489	Synaptic Partner Assignment Using Attentional Voxel Association Networks	IEEE International Symposium on Biomedic	Connectomics aims to recover a complete set of synaptic connections within a dataset imaged by volume electron microscopy. Many systems have been proposed for locating synapses, and recent research has included a way to identify the synaptic partners that comm
10.1002/cne.22698	Cyto- and Chemoarchitecture of the Hypothalamic Paraventricular Nucleus in the C57BL/6J Male Mouse: A Study of Immunostaining and Multiple Fluorescent	The Journal of comparative neurology	The paraventricular nucleus of the hypothalamus (PVH) plays a critical role in the regulation of autonomic, neuroendocrine, and behavioral activities. This understanding has come from extensive characterization of the PVH in rats, and for this mammalian specie
10.1038/nn2045	Signals and noise in an inhibitory interneuron diverge to control activity in nearby retinal ganglion cells	Nature Neuroscience	Information about sensory stimuli is represented by spatiotemporal patterns of neural activity. The complexity of the central nervous system, however, frequently obscures the origin and properties of signals and noise that underlie these activity patterns. We 
10.1371/journal.pcbi.1013645	Subthreshold moment analysis of neuronal populations driven by synchronous synaptic inputs	PLoS Comput. Biol.	Even when driven by the same stimulus, neuronal responses are well-known to exhibit a striking level of spiking variability. In-vivo electrophysiological recordings also reveal a surprisingly large degree of variability at the subthreshold level. In prior work
10.1088/2634-4386/ad05da	Spike-based local synaptic plasticity: a survey of computational models and neuromorphic circuits	Neuromorph. Comput. Eng.	Understanding how biological neural networks carry out learning using spike-based local plasticity mechanisms can lead to the development of real-time, energy-efficient, and adaptive neuromorphic processing systems. A large number of spike-based learning model
10.1051/medsci/200723121173	Brainbow ou le cerveau en couleurs	médecine/sciences	
10.7554/elife.69068	Reconciling functional differences in populations of neurons recorded with two-photon imaging and electrophysiology	bioRxiv	Extracellular electrophysiology and two-photon calcium imaging are widely used methods for measuring physiological activity with single-cell resolution across large populations of neurons in the brain. While these two modalities have distinct advantages and di
10.1016/j.neucom.2020.12.130	Information Capacity of a Stochastically Responding Neuron Assembly	Neurocomputing	In this work, certain aspects of the structure of the overlapping groups of neurons encoding specific signals are examined. Individual neurons are assumed to respond stochastically to input signal. Identification of a particular signal is assumed to result fro
10.1016/j.plrev.2025.03.008	Entrainment by transcranial alternating current stimulation: Insights from models of cortical oscillations and dynamical systems theory.	Physics of Life Reviews	Signature of neuronal oscillations can be found in nearly every brain function. However, abnormal oscillatory activity is linked with several brain disorders. Transcranial alternating current stimulation (tACS) is a non-invasive brain stimulation technique tha
10.3389/fbioe.2016.00015	Structure, Function, and Propagation of Information across Living Two, Four, and Eight Node Degree Topologies	Frontiers in Bioengineering and Biotechn	In this study, we created four network topologies composed of living cortical neurons and compared resultant structural-functional dynamics including the nature and quality of information transmission. Each living network was composed of living cortical neuron
10.1016/j.jneumeth.2023.109921	Wide field block face imaging using deep ultraviolet induced autofluorescence of the human brain.	Journal of Neuroscience Methods	BACKGROUND Imaging large volume human brains at cellular resolution involve histological methods that cause structural changes. A reference point prior to sectioning is needed to quantify these changes and is achieved by serial block face imaging (BFI) methods
10.1371/journal.pcbi.1007606	Learning spatiotemporal signals using a recurrent spiking network that discretizes time	bioRxiv	Learning to produce spatiotemporal sequences is a common task the brain has to solve. The same neural substrate may be used by the brain to produce different sequential behaviours. The way the brain learns and encodes such tasks remains unknown as current comp
10.1002/bies.202000166	Brain wiring with composite instructions	Bioessays	The quest for molecular mechanisms that guide axons or specify synaptic contacts has largely focused on molecules that intuitively relate to the idea of an “instruction.” By contrast, “permissive” factors are traditionally considered background machinery witho
10.1016/j.neubiorev.2011.04.013	Developmental trajectories during adolescence in males and females: a cross-species understanding of underlying brain changes	Neuroscience and Biobehavioral Reviews	Adolescence is a transitional period between childhood and adulthood that encompasses vast changes within brain systems that parallel some, but not all, behavioral changes. Elevations in emotional reactivity and reward processing follow an inverted U shape in 
10.1016/j.conb.2011.10.022	Volume electron microscopy for neuronal circuit reconstruction.	Current Opinion in Neurobiology	The last decade has seen a rapid increase in the number of tools to acquire volume electron microscopy (EM) data. Several new scanning EM (SEM) imaging methods have emerged, and classical transmission EM (TEM) methods are being scaled up and automated. Here we
10.1111/ejn.16331	Uncovering the determinants of brain functioning, behavior and their interplay in the light of context	European Journal of Neuroscience	Notwithstanding the huge progress in molecular and cellular neuroscience, our ability to understand the brain and develop effective treatments promoting mental health is still limited. This can be partially ascribed to the reductionist, deterministic and mecha
10.1016/j.cell.2018.07.046	The THO complex coordinates transcripts for synapse development and dopamine neuron survival	Cell	Summary Synaptic vesicle and active zone proteins are required for synaptogenesis. The molecular mechanisms for coordinated synthesis of these proteins are not understood. Using forward genetic screens, we identified the conserved THO nuclear export Complex (T
10.1111/febs.70314	Polycomb regulates sleep homeostasis in a specific group of cells in Drosophila brain	The FEBS Journal	Sleep is regulated by the circadian rhythm and homeostasis. Previous studies have shown that epigenetic factors play a crucial role in controlling sleep homeostasis. However, a global view of the epigenetic target genes involved in sleep homeostasis is still l
10.1162/netn_a_00036	Potential role of a ventral nerve cord central pattern generator in forward and backward locomotion in Caenorhabditis elegans	Network Neuroscience	C. elegans locomotes in an undulatory fashion, generating thrust by propagating dorsoventral bends along its body. Although central pattern generators (CPGs) are typically involved in animal locomotion, their presence in C. elegans has been questioned, mainly 
10.1113/ep085776	From single cells and single columns to cortical networks: dendritic excitability, coincidence detection and synaptic transmission in brain slices and	Experimental Physiology	Although patch pipettes were initially designed to record extracellularly the elementary current events from muscle and neuron membranes, the whole‐cell and loose cell‐attached recording configurations proved to be useful tools for examination of signalling wi
10.1007/s10158-011-0127-0	Monoamines activate neuropeptide signaling cascades to modulate nociception in C. elegans: a useful model for the modulation of chronic pain?	Invertebrate Neuroscience	Monoamines and neuropeptides interact to modulate key behaviors in most organisms. This review is focused on the interaction between octopamine (OA) and an array of neuropeptides in the inhibition of a simple, sensory-mediated aversive behavior in the C. elega
10.1113/jphysiol.2014.273862	Cholinergic circuit modulation through differential recruitment of neocortical interneuron types during behaviour	Journal of Physiology	Abstract Acetylcholine is a crucial neuromodulator for attention, learning and memory. Release of acetylcholine in primary sensory cortex enhances processing of sensory stimuli, and many in vitro studies have pinpointed cellular mechanisms that could mediate t
10.1016/j.celrep.2023.112974	A subset of cholinergic mushroom body neurons blocks long-term memory formation in Drosophila.	Cell Reports	Long-term memory (LTM) requires learning-induced synthesis of new proteins allocated to specific neurons and synapses in a neural circuit. Not all learned information, however, becomes permanent memory. How the brain gates relevant information into LTM remains
10.1016/j.neuron.2024.02.018	Mirrored might: A vision for inhibition.	Neuron	In this issue of Neuron, Znamenskiy et al.1 unveil functional connection specificity between PV+ inhibitory interneurons and excitatory pyramidal neurons in mouse visual cortex, providing a circuit mechanism for stable amplification of cortical subpopulations.
10.1140/epjp/s13360-024-05224-w	Fast X-ray ptychography: towards nanoscale imaging of large volume of brain	The European Physical Journal Plus	X-ray ptychography, a scanning coherent diffraction imaging technique, is one of the most used techniques at synchrotron facilities for high resolution imaging, with applications spanning from life science to nano-electronics. In the recent years there has bee
10.1002/cne.24016	Astrocytic glutamate transport regulates a Drosophila CNS synapse that lacks astrocyte ensheathment	The Journal of comparative neurology	Anatomical, molecular, and physiological interactions between astrocytes and neuronal synapses regulate information processing in the brain. The fruit fly Drosophila melanogaster has become a valuable experimental system for genetic manipulation of the nervous
10.1371/journal.pcbi.1006359	Full-density multi-scale account of structure and dynamics of macaque visual cortex		We present a multi-scale spiking network model of all vision-related areas of macaque cortex that represents each area by a full-scale microcircuit with area-specific architecture. The layer-and population-resolved network connectivity integrates axonal tracin
10.1038/s41586-024-07521-x	A molecular and cellular perspective on human brain evolution and tempo	Nature	The evolution of the modern human brain was accompanied by distinct molecular and cellular specializations, which underpin our diverse cognitive abilities but also increase our susceptibility to neurological diseases. These features, some specific to humans an
10.1186/s40851-018-0103-1	Role of tyramine in calcium dynamics of GABAergic neurons and escape behavior in Caenorhabditis elegans	Zoological Letters	Tyramine, known as a “trace amine” in mammals, modulates a wide range of behavior in invertebrates; however, the underlying cellular and circuit mechanisms are not well understood. In the nematode Caenorhabditis elegans (C. elegans), tyramine affects key behav
10.1016/j.ultramic.2019.03.002	Experimental steering of electron microscopy studies using prior X-ray computed tomography	Ultramicroscopy	Highlights • Using microCT pre-scans to accurately steer serial block face SEM.• High throughput screening and mapping samples to reduce time hunting for features of interest.• Using microCT to optimise specimen preparation and staining.• Using microCT to guid
10.7554/elife.66286	Thirst interneurons that promote water seeking and limit feeding behavior in Drosophila	eLife	Thirst is a motivational state that drives behaviors to obtain water for fluid homeostasis. We identified two types of central brain interneurons that regulate thirsty water seeking in Drosophila, that we term the Janu neurons. Janu-GABA, a local interneuron i
10.1101/2020.08.21.262097	Compartment-Specific Neurexin Nanodomains Orchestrate Tripartite Synapse Assembly		At tripartite synapses, astrocytes enmesh synaptic contacts, but how astrocytes contribute to the formation, maturation and plasticity of synapses remains elusive. Here we show that both astrocytes and neurons abundantly express neurexin-1, a presynaptic adhes
10.1073/pnas.1913417117	A retinal circuit for the suppressed-by-contrast receptive field of a polyaxonal amacrine cell	Proceedings of the National Academy of S	Significance Interactions among amacrine cell types are critical for complex visual computation in the retina, but the underlying circuitry and functions are largely unknown. Here we report a specific pathway from small-field, dual-transmitter amacrine (vGluT3
10.1126/science.3375811	Dopamine-accumulating retinal neurons revealed by in vitro fluorescence display a unique morphology.	Science	Dopamine is the principal catecholamine neurotransmitter in the vertebrate retina. The shape of retinal neurons that accumulate dopamine has been demonstrated in an in vitro preparation of cat retina. This was achieved by the discovery that the combined uptake
10.1002/jbio.201700187	Optical clearing for multiscale biological tissues	Journal of Biophotonics	Three‐dimensional reconstruction of tissue structures is essential for biomedical research. The development of light microscopes and various fluorescent labeling techniques provides powerful tools for this motivation. However, optical imaging depth suffers fro
10.1073/pnas.1512901113	Inferring cortical function in the mouse visual system through large-scale systems neuroscience	Proceedings of the National Academy of S	The scientific mission of the Project MindScope is to understand neocortex, the part of the mammalian brain that gives rise to perception, memory, intelligence, and consciousness. We seek to quantitatively evaluate the hypothesis that neocortex is a relatively
10.1002/cne.20838	AII amacrine cells in the distal inner nuclear layer of the mouse retina	The Journal of comparative neurology	Abstract We serendipitously found a distal Disabled‐1 (Dab1)‐immunoreactive cell in retina of the C57BL/6J black mouse. The somata of these cells are located in the outermost part of the inner nuclear layer (INL). Their processes extend toward the outer plexif
10.1016/j.jsb.2010.07.004	The making of frozen-hydrated, vitreous lamellas from cells for cryo-electron microscopy.	Journal of Structural Biology	There has been a long standing desire to produce thick (up to 500 nm) cryo-sections of fully hydrated cells and tissue for high-resolution analysis in their natural state by cryo-transmission electron microscopy. Here, we present a method that can successfully
10.1371/journal.pgen.1003472	Neuropeptides Function in a Homeostatic Manner to Modulate Excitation-Inhibition Imbalance in C. elegans	PLoS Genetics	Neuropeptides play crucial roles in modulating neuronal networks, including changing intrinsic properties of neurons and synaptic efficacy. We previously reported a Caenorhabditis elegans mutant, acr-2(gf), that displays spontaneous convulsions as the result o
10.1038/s41598-020-73544-9	The ontology of the anatomy and development of the solitary ascidian Ciona: the swimming larva and its metamorphosis	Scientific Reports	Ciona robusta (Ciona intestinalis type A), a model organism for biological studies, belongs to ascidians, the main class of tunicates, which are the closest relatives of vertebrates. In Ciona, a project on the ontology of both development and anatomy is ongoin
10.1152/jn.01051.2002	Morphological and physiological characterization of layer VI corticofugal neurons of mouse primary visual cortex.	Journal of Neurophysiology	Layer VI is the origin of the massive feedback connection from the cortex to the thalamus, yet its complement of cell types and their connections is poorly understood. The physiological and morphological properties of corticofugal neurons of layer VI of mouse 
10.1038/nn.2648	Functional imaging of hippocampal place cells at cellular resolution during virtual navigation	Nature Neuroscience	Spatial navigation is often used as a behavioral task in studies of the neuronal circuits that underlie cognition, learning and memory in rodents. The combination of in vivo microscopy with genetically encoded indicators has provided an important new tool for 
10.1016/j.brainres.2012.05.060	Electrical synapses between AII amacrine cells in the retina: Function and modulation.	Brain Research	Adaptation enables the visual system to operate across a large range of background light intensities. There is evidence that one component of this adaptation is mediated by modulation of gap junctions functioning as electrical synapses, thereby tuning and func
10.1002/jnr.23912	Sexual modulation of sex-shared neurons and circuits in C. elegans	Journal of Neuroscience Research	Studies using the nematode C. elegans have provided unique insights into the development and function of sex differences in the nervous system. Enabled by the relative simplicity of this species, comprehensive studies have solved the complete cellular neuroana
10.1101/028910	Projection-specific visual feature encoding by layer 5 cortical subnetworks	bioRxiv	Primary neocortical sensory areas act as central hubs, distributing afferent information to numerous cortical and subcortical structures. However, it remains unclear whether each downstream target receives distinct versions of sensory information. We used in v
10.1038/nature09802	Network anatomy and in vivo physiology of visual cortical neurons	Nature	In the cerebral cortex, local circuits consist of tens of thousands of neurons, each of which makes thousands of synaptic connections. Perhaps the biggest impediment to understanding these networks is that we have no wiring diagrams of their interconnections. 
10.7554/elife.89532	Combinatorial expression of γ-protocadherins regulates synaptic connectivity in the mouse neocortex	eLife	In the process of synaptic formation, neurons must not only adhere to specific principles when selecting synaptic partners but also possess mechanisms to avoid undesirable connections. Yet, the strategies employed to prevent unwarranted associations have remai
10.1101/2023.03.02.530772	Clustered synapses develop in distinct dendritic domains in visual cortex before eye opening	bioRxiv	Synaptic inputs to cortical neurons are highly structured in adult sensory systems, such that neighboring synapses along dendrites are activated by similar stimuli. This organization of synaptic inputs, called synaptic clustering, is required for high-fidelity
10.1016/j.conb.2020.11.001	Measuring and modeling whole-brain neural dynamics in C. elegans	Current Opinion in Neurobiology	The compact nervous system of the nematode Caenorhabditis elegans makes it a powerful playground to study how neural dynamics constrained by neuroanatomy generate neural function and behavior. The ability to record neural activity from the whole brain simultan
10.1002/cne.901870207	Development of synaptic arrays in the inner plexiform layer of neonatal mouse retina	The Journal of comparative neurology	Abstract Retinas from mice of the C57BL/6 strain were sampled at frequent intervals from birth to postnatal day 33 to determine the numerical density of conventional and ribbon synapses within the inner plexiform layer (IPL) as a function of time. Synaptic arr
10.1007/7657_2015_100	Analyzing Synaptic Ultrastructure with Serial Section Electron Microscopy	Neuromethods	
10.1016/j.cell.2015.09.045	A Biological Imitation Game.	Cell	The digital reconstruction of a slice of rat somatosensory cortex from the Blue Brain Project provides the most complete simulation of a piece of excitable brain matter to date. To place these efforts in context and highlight their strengths and limitations, w
10.1109/cvprw.2018.00297	Large Kernel Refine Fusion Net for Neuron Membrane Segmentation	2018 IEEE/CVF Conference on Computer Vis	2D neuron membrane segmentation for Electron Microscopy (EM) images is a key step in the 3D neuron reconstruction task. Compared with the semantic segmentation tasks for general images, the boundary segmentation in EM images is more challenging. In EM segmenta
10.1016/j.neuron.2005.03.015	Spine-neck geometry determines NMDA receptor-dependent Ca2+ signaling in dendrites.	Neuron	Increases in cytosolic Ca2+ concentration ([Ca2+]i) mediated by NMDA-sensitive glutamate receptors (NMDARs) are important for synaptic plasticity. We studied a wide variety of dendritic spines on rat CA1 pyramidal neurons in acute hippocampal slices. Two-photo
10.1038/s41467-019-13607-2	Audio-visual experience strengthens multisensory assemblies in adult mouse visual cortex	Nature Communications	We experience the world through multiple senses simultaneously. To better understand mechanisms of multisensory processing we ask whether inputs from two senses (auditory and visual) can interact and drive plasticity in neural-circuits of the primary visual co
10.1083/jcb.200908055	A Syd-1 homologue regulates pre- and postsynaptic maturation in Drosophila	Journal of Cell Biology	A proteomics approach identifies Drosophila Syd-1 as a Bruchpilot binding partner that controls maturation on both sides of the neuromuscular junction.
10.1073/pnas.2520674122	The inferred functional connectome underlying circadian synchronization in the mouse suprachiasmatic nucleus	Proceedings of the National Academy of S	Significance Linking cellular activity to network-level computation remains a major goal in neuroscience. We introduce a robust method to infer directed, functional cell–cell connectivity in large cell populations. Using information theory and live-cell imagin
10.1016/0278-4327(90)90004-2	Chapter 2 The mosaic of amacrine cells in the mammalian retina	Progress in Retinal Research	
10.1016/j.conb.2020.02.008	Brain-wide representations of ongoing behavior: a universal principle?	Current Opinion in Neurobiology	Recent neuronal activity recordings of unprecedented breadth and depth in worms, flies, and mice have uncovered a surprising common feature: brain-wide behavior-related signals. These signals pervade, and even dominate, neuronal populations thought to function
10.1002/cne.24408	Anatomical characterization of PDF‐tri neurons and peptidergic neurons associated with eclosion behavior in Drosophila	The Journal of comparative neurology	Abstract The peptidergic Pigment‐dispersing factor (PDF)‐Tri neurons are a group of non‐clock neurons that appear transiently around the time of adult ecdysis (=eclosion) in the fruit fly Drosophila melanogaster . This specific developmental pattern points to 
10.7554/elife.74327	Circadian programming of the ellipsoid body sleep homeostat in Drosophila	bioRxiv	Homeostatic and circadian processes collaborate to appropriately time and consolidate sleep and wake. To understand how these processes are integrated, we scheduled brief sleep deprivation at different times of day in Drosophila and find elevated morning rebou
10.1101/2021.08.17.456617	Distinct neural circuits establish the same chemosensory behavior in C. elegans	bioRxiv	Animals frequently exhibit the same behavior under different environmental or physiological conditions. To what extent these behaviors are generated by similar vs. distinct mechanisms is unclear. Moreover, the circumstances under which divergent neural mechani
10.7554/elife.95402	A neurotransmitter atlas of C. elegans males and hermaphrodites	eLife	Mapping neurotransmitter identities to neurons is key to understanding information flow in a nervous system. It also provides valuable entry points for studying the development and plasticity of neuronal identity features. In the Caenorhabditis elegans nervous
10.1016/j.media.2019.06.015	Segmenting and tracking cell instances with cosine embeddings and recurrent hourglass networks	Medical Image Anal.	Differently to semantic segmentation, instance segmentation assigns unique labels to each individual instance of the same object class. In this work, we propose a novel recurrent fully convolutional network architecture for tracking such instance segmentations
10.7150/thno.23772	Rich club disturbances of the human connectome from subjective cognitive decline to Alzheimer's disease	Theranostics	Alzheimer's disease (AD) has a preclinical phase that can last for decades prior to clinical dementia onset. Subjective cognitive decline (SCD) is regarded as the last preclinical AD stage prior to the development of amnestic mild cognitive decline (aMCI) and 
10.48550/arxiv.2605.14980	MicroscopyMatching: Towards a Ready-to-use Framework for Microscopy Image Analysis in Diverse Conditions	arXiv.org	Analyzing microscopy images to extract biological object properties (e.g., their morphological organization, temporal dynamics, and population density) is fundamental to various biomedical research. Yet conducting this manually is costly and time-consuming. Th
10.1016/j.neuron.2008.10.054	Rapid functional maturation of nascent dendritic spines	Neuron	SUMMARY Spine growth and retraction with synapse formation and elimination plays an important role in shaping brain circuits during development and in the adult brain. Yet the temporal relationship between spine morphogenesis and the formation of functional sy
10.1038/s41598-018-34961-z	Higher primate-like direct corticomotoneuronal connections are transiently formed in a juvenile subprimate mammal	Scientific Reports	The corticospinal (CS) tract emerged and evolved in mammals, and is essentially involved in voluntary movement. Over its phylogenesis, CS innervation gradually invaded to the ventral spinal cord, eventually making direct connections with spinal motoneurons (MN
10.1515/revneuro-2025-0018	A proposed role for electrical coupling in the neocortical slow oscillation	Reviews in the Neurosciences	Abstract We constructed a computational thalamocortical network model for study of the neocortical slow oscillation. It incorporated a number of neuronal types, both excitatory and inhibitory, each model neuron simulated as a multicompartment entity with numer
10.1038/s42256-022-00599-w	Emergent behaviour and neural dynamics in artificial agents tracking odour plumes	Nature Machine Intelligence	Olfactory navigation is a well-studied topic in insect behaviour, but many aspects of the challenging task of odour plume tracking are unknown. In a deep reinforcement learning approach, artificial agents are trained to produce (in silico) trajectories to loca
10.64898/2026.07.26.740564	Deep conservation of head direction circuits in bees, ants and flies	bioRxiv	To navigate, animal brains must continuously estimate the body’s heading in space and compare it with internal goals to guide movement. In the fruit fly Drosophila melanogaster a neural circuit in the central complex of the brain serves as an internal compass,
10.1016/j.tcb.2016.07.003	Intravital Correlative Microscopy: Imaging Life at the Nanoscale.	Trends in Cell Biology	Studying key biological events within complex model systems relies on dynamic and functional imaging at optimum spatial and temporal resolutions. Intravital correlative light and electron microscopy (intravital CLEM) combines imaging living multicellular model
10.1101/2022.09.21.508877	Cryo-plasma FIB/SEM volume imaging of biological specimens	bioRxiv	Serial focussed ion beam scanning electron microscopy (FIB/SEM) enables imaging and assessment of sub-cellular structures on the mesoscale (10 nm to 10 μm). When applied to vitrified samples, serial FIB/SEM is also a means to target specific structures in cell
10.1371/journal.pcbi.1004196	Emergence of Slow-Switching Assemblies in Structured Neuronal Networks	PLoS Comput. Biol.	Unraveling the interplay between connectivity and spatio-temporal dynamics in neuronal networks is a key step to advance our understanding of neuronal information processing. Here we investigate how particular features of network connectivity underpin the prop
10.1017/s1431927620013550	Strategies for Optimizing Heavy Metal Staining in Freeze-substituted Resin Embedded Plants Samples for Electron and X-ray Microscopy	Microscopy and Microanalysis	The application of physical fixation using cryo-techniques for plant samples has distinct advantages for the rapid immobilization of dynamic sub-cellular structures and circumvents many of the challenges faced with the plant cell wall, a potent barrier to conv
10.1109/tvcg.2024.3456197	Efficient and Accurate Semi-Automatic Neuron Tracing with Extended Reality	IEEE Transactions on Visualization and C	Neuron tracing, alternately referred to as neuron reconstruction, is the procedure for extracting the digital representation of the three-dimensional neuronal morphology from stacks of microscopic images. Achieving accurate neuron tracing is critical for profi
10.1523/eneuro.0077-21.2021	Effects of Severe Sleep Disruption on the Synaptic Ultrastructure of Young Mice	eNeuro	Abstract There is molecular, electrophysiological, and ultrastructural evidence that a net increase in synaptic strength occurs in many brain circuits during spontaneous wake (SW) or short sleep deprivation, reflecting ongoing learning. Sleep leads instead to 
10.1016/j.cub.2026.05.004	Multi-timescale motor circuit dynamics underlie adaptive and efficient exploratory behavior.	Current Biology	Motor systems must balance stability and flexibility to enable efficient and adaptive movements, yet the circuit-level mechanisms generating their intrinsic dynamics remain poorly understood. Here, we investigate the head exploratory behavior of Caenorhabditis
10.1103/physrevlett.133.138401	Geometric Scaling Law in Real Neuronal Networks.	Physical Review Letters	We investigate the synapse-resolution connectomes of fruit flies across different developmental stages, revealing a consistent scaling law in neuronal connection probability relative to spatial distance. This power-law behavior significantly differs from the e
10.1002/cne.24492	The distributed circuit within the piriform cortex makes odor discrimination robust	The Journal of comparative neurology	Distributed circuits wherein connections between subcircuit components seem randomly distributed are common to the olfactory circuit, hippocampus, and cerebellum. In such circuits, activation patterns seem random too, showing no detectable spatial preference, 
10.1016/j.neuroimage.2017.04.061	Inference in the age of big data: Future perspectives on neuroscience	NeuroImage	Neuroscience is undergoing faster changes than ever before. Over 100 years our field qualitatively described and invasively manipulated single or few organisms to gain anatomical, physiological, and pharmacological insights. In the last 10 years neuroscience s
10.1038/s41467-023-40286-x	Locomotion modulates olfactory learning through proprioception in C. elegans	Nature Communications	Locomotor activities can enhance learning, but the underlying circuit and synaptic mechanisms are largely unknown. Here we show that locomotion facilitates aversive olfactory learning in C. elegans by activating mechanoreceptors in motor neurons, and transmitt
10.1038/s41586-026-10458-y	Specific expansion of motor cortical projections in a singing mouse	Nature	Elucidating how modifications in neural circuit architecture drive behavioural innovation remains a key challenge in neuroscience and evolutionary biology. In mammals, the neocortex is posited to play a crucial part in facilitating rapid behavioural innovation
10.1109/tmi.2022.3194984	A Unified Deep Learning Framework for ssTEM Image Restoration	IEEE Transactions on Medical Imaging	Serial section transmission electron micro-scopy (ssTEM) reveals biological information at a scale of nanometer and plays an important role in the ultrastructural analysis. However, due to the imperfect preparation of biological samples, ssTEM images are usual
10.1523/jneurosci.2630-15.2015	Bridging Cytoarchitectonics and Connectomics in Human Cerebral Cortex	Journal of Neuroscience	The rich variation in cytoarchitectonics of the human cortex is well known to play an important role in the differentiation of cortical information processing, with functional multimodal areas noted to display more branched, more spinous, and an overall more c
10.1126/sciadv.ade8500	Neural connectivity molecules best identify the heterogeneous clock and dopaminergic cell types in the Drosophila adult brain	bioRxiv	Our recent single cell sequencing of most adult Drosophila circadian neurons indicated striking gene expression heterogeneity, about 2-3 cells per clock neuron group. To extend this characterization to other adult fly brain neurons, we used the identical plate
10.1016/j.tins.2025.12.005	Flexible circuits for visually guided flight control in Drosophila.	Trends in Neurosciences	Flight maneuvers in the fruit fly Drosophila have long served as a model for studying principles underlying visual information processing. Advances in genetic targeting of individual types of neurons for manipulation and recording, as well as the publication o
10.1038/s42256-022-00452-0	Biological underpinnings for lifelong learning machines	Nature Machine Intelligence	
10.1002/cne.901470403	Synaptic analysis of inner plexiform layer in human retina	The Journal of comparative neurology	Abstract An ultrastructural synaptic analysis based on observations from 33 serial thin‐sections of the inner plexiform layer in a volume sample of midperipheral human retina is presented. Of the 152 identifiable neuronal processes 7lpar;total 187) 14 were bip
10.1098/rsob.220096	Pruning deficits of the developing Drosophila mushroom body result in mild impairment in associative odour learning and cause hyperactivity	Open Biology	The principles of how brain circuits establish themselves during development are largely conserved across animal species. Connections made during embryonic development that are appropriate for an early life stage are frequently remodelled later in ontogeny via
10.1371/journal.pone.0027431	Extending Transfer Entropy Improves Identification of Effective Connectivity in a Spiking Cortical Network Model	PLoS ONE	Transfer entropy (TE) is an information-theoretic measure which has received recent attention in neuroscience for its potential to identify effective connectivity between neurons. Calculating TE for large ensembles of spiking neurons is computationally intensi
10.1016/j.preteyeres.2020.100844	Cell types and cell circuits in primate retina.	Progress in retinal and eye research	This review summarises our current knowledge of primate including human retina focusing on bipolar, amacrine and ganglion cells and their connectivity. We have two main motivations in writing. Firstly, recent progress in non-invasive imaging methods to study r
10.1101/2020.04.20.051276	Cortical ChAT+ neurons co-transmit acetylcholine and GABA in a target- and brain-region-specific manner	bioRxiv	The cerebral cortex contains neurons that express choline acetyltransferase (ChAT) and are a potential local source of acetylcholine. However, the neurotransmitters released by cortical ChAT+ neurons and their synaptic connectivity are unknown. We show that th
10.53053/cwmm5126	It’s time to examine neural coding from the message’s point of view	The Transmitter	
10.1186/1756-6606-4-38	Automated 4D analysis of dendritic spine morphology: applications to stimulus-induced spine remodeling and pharmacological rescue in a disease model	Molecular Brain	Uncovering the mechanisms that regulate dendritic spine morphology has been limited, in part, by the lack of efficient and unbiased methods for analyzing spines. Here, we describe an automated 3D spine morphometry method and its application to spine remodeling
10.1101/158360	Cortical circuits implement optimal context integration	bioRxiv	Neurons in the primary visual cortex (V1) predominantly respond to a patch of the visual input, their classical receptive field. These responses are modulated by the visual input in the surround [2]. This reflects the fact that features in natural scenes do no
10.48550/arxiv.2510.02730	Dale meets Langevin: A Multiplicative Denoising Diffusion Model	arXiv.org	Exponentiated gradient descent (EGD), a biologically motivated optimisation algorithm that respects Dale's law, produces log-normally distributed synaptic weights at convergence, in alignment with experimental observations in neuroscience. Since the marginal d
10.1073/pnas.071540198	Nicotinic cholinergic signaling in hippocampal astrocytes involves calcium-induced calcium release from intracellular stores	Proceedings of the National Academy of S	In this report we provide evidence that neuronal nicotinic acetylcholine receptors (nAChRs) are present on hippocampal astrocytes and their activation produces rapid currents and calcium transients. Our data indicate that these responses obtained from astrocyt
10.1016/j.celrep.2021.109837	Hippocampal and thalamic afferents form distinct synaptic microcircuits in the mouse infralimbic frontal cortex.	Cell Reports	The selection of goal-directed behaviors is supported by neural circuits located within the frontal cortex. Frontal cortical afferents arise from multiple brain areas, yet the cell-type-specific targeting of these inputs is unclear. Here, we use monosynaptic r
10.1371/journal.pone.0087636	Granger Causality Network Reconstruction of Conductance-Based Integrate-and-Fire Neuronal Systems	PLoS ONE	Reconstruction of anatomical connectivity from measured dynamical activities of coupled neurons is one of the fundamental issues in the understanding of structure-function relationship of neuronal circuitry. Many approaches have been developed to address this 
10.1038/s41598-019-42648-2	Automated 3D Axonal Morphometry of White Matter	Scientific Reports	Axonal structure underlies white matter functionality and plays a major role in brain connectivity. The current literature on the axonal structure is based on the analysis of two-dimensional (2D) cross-sections, which, as we demonstrate, is precarious. To be a
10.15252/embj.2020105380	Local externalization of phosphatidylserine mediates developmental synaptic pruning by microglia	bioRxiv	Neuronal circuits assembly requires the fine equilibrium between synapse formation and elimination. Microglia, through the elimination of supernumerary synapses, have an established role in this process. While the microglial receptor TREM2 and the soluble comp
10.7554/elife.54978	Controlling motor neurons of every muscle for fly proboscis reaching	eLife	We describe the anatomy of all the primary motor neurons in the fly proboscis and characterize their contributions to its diverse reaching movements. Pairing this behavior with the wealth of Drosophila’s genetic tools offers the possibility to study motor cont
10.1080/01677063.2020.1712598	Towards a functional connectome in Drosophila	Journal of neurogenetics	Abstract The full functionality of the brain is determined by its molecular, cellular and circuit structure. Modern neuroscience now prioritizes the mapping of whole brain connectomes by detecting all direct neuron to neuron synaptic connections, a feat first 
10.1016/j.neuron.2007.10.017	Mapping the matrix: the ways of neocortex.	Neuron	While we know that the neocortex occupies 85% of our brains and that its circuits allow an enormous flexibility and repertoire of behavior (not to mention unexplained phenomena like consciousness), a century after Cajal we have very little knowledge of the det
10.1093/gigascience/giag034	What needs to be standardized for reliable, reproducible, and robust tractography?	GigaScience	Abstract Tractography is a key component of efforts to map brain connectivity. As a rapidly evolving field of neuroscience, current tractography methods are diverse, often varying across research laboratories and different software pipelines. Therefore, it suf
10.3390/ijms22084053	Quantification of Dendritic Spines Remodeling under Physiological Stimuli and in Pathological Conditions	International Journal of Molecular Scien	Numerous brain diseases are associated with abnormalities in morphology and density of dendritic spines, small membranous protrusions whose structural geometry correlates with the strength of synaptic connections. Thus, the quantitative analysis of dendritic s
10.3389/fncel.2018.00469	Methods for Three-Dimensional All-Optical Manipulation of Neural Circuits	Frontiers in Cellular Neuroscience	Optical means for modulating and monitoring neuronal activity, have provided substantial insights to neurophysiology and toward our understanding of how the brain works. Optogenetic actuators, calcium or voltage imaging probes and other molecular tools, combin
10.1063/1.4975124	Analysis and application of neuronal network controllability and observability.	Chaos	Controllability and observability analyses are important prerequisite for designing suitable neural control strategy, which can help lower the efforts required to control and observe the system dynamics. First, 3-neuron motifs including the excitatory motif, t
10.1016/j.cub.2025.05.036	Divergence in neuronal signaling pathways despite conserved neuronal identity among Caenorhabditis species	Current Biology	Summary One avenue to better understand brain evolution is to map molecular patterns of evolutionary changes in neuronal cell types across entire nervous systems of distantly related species. Generating whole-animal single-cell transcriptomes of three nematode
10.7554/elife.43888	Anillin facilitates septin assembly to prevent pathological outfoldings of central nervous system myelin	eLife	Myelin serves as an axonal insulator that facilitates rapid nerve conduction along axons. By transmission electron microscopy, a healthy myelin sheath comprises compacted membrane layers spiraling around the cross-sectioned axon. Previously we identified the a
10.1016/j.cub.2021.04.068	Neural mechanism of spatio-chromatic opponency in the Drosophila amacrine neurons.	Current Biology	Visual animals detect spatial variations of light intensity and wavelength composition. Opponent coding is a common strategy for reducing information redundancy. Neurons equipped with both spatial and spectral opponency have been identified in vertebrates but 
10.3389/fnins.2023.1281098	msemalign: a pipeline for serial section multibeam scanning electron microscopy volume alignment	Frontiers in Neuroscience	Serial section multibeam scanning electron microscopy (ssmSEM) is currently among the fastest technologies available for acquiring 3D anatomical data spanning relatively large neural tissue volumes, on the order of 1 mm3 or larger, at a resolution sufficient t
10.1007/978-1-0716-0691-9_6	Large Volumes in Ultrastructural Neuropathology Imaged by Array Tomography of Routine Diagnostic Samples	Neuromethods	
10.1007/978-1-4939-2842-2_11	Electron Tomography Methods for C. elegans.	Methods in molecular biology	Methods for electron tomography of the nematode C. elegans are explained in detail, including a brief introduction to specimen preparation, methods for image collection, and a comparison of several general methods for producing dual-axis tomograms, with or wit
10.3389/fncom.2015.00074	Effects of homeostatic constraints on associative memory storage and synaptic connectivity of cortical circuits	Frontiers in Computational Neuroscience	The impact of learning and long-term memory storage on synaptic connectivity is not completely understood. In this study, we examine the effects of associative learning on synaptic connectivity in adult cortical circuits by hypothesizing that these circuits fu
10.1101/2022.08.31.505844	Excitation creates a distributed pattern of cortical suppression due to varied recurrent input	bioRxiv	Dense local, recurrent connections are a major feature of cortical circuits, yet how they affect neurons’ responses is unclear, with some studies reporting weak recurrent effects, some amplification, and others showing instead local suppression. Here, we show 
10.3389/fnins.2021.627994	Illuminating the Brain With X-Rays: Contributions and Future Perspectives of High-Resolution Microtomography to Neuroscience	Frontiers in Neuroscience	The assessment of three-dimensional (3D) brain cytoarchitecture at a cellular resolution remains a great challenge in the field of neuroscience and constant development of imaging techniques has become crucial, particularly when it comes to offering direct and
10.1242/dev.198754	The complete cell lineage and MAPK- and Otx-dependent specification of the dopaminergic cells in the Ciona brain.	Development	The Ciona larva has served as a unique model for understanding the development of dopaminergic cells at single-cell resolution due to the exceptionally small number of neurons in its brain and its fixed cell lineage during embryogenesis. A recent study suggest
10.1038/s41598-017-01658-8	Exact firing time statistics of neurons driven by discrete inhibitory noise	Scientific Reports	Neurons in the intact brain receive a continuous and irregular synaptic bombardment from excitatory and inhibitory pre- synaptic neurons, which determines the firing activity of the stimulated neuron. In order to investigate the influence of inhibitory stimula
10.1016/j.neulet.2015.03.071	The Budapest Reference Connectome Server v2.0.	Neuroscience Letters	The connectomes of different human brains are pairwise distinct: we cannot talk about an abstract "graph of the brain". Two typical connectomes, however, have quite a few common graph edges that may describe the same connections between the same cortical areas
10.1007/s00418-018-1759-5	Detection of herpesvirus capsids in transmission electron microscopy images using transfer learning	Histochemistry and Cell Biology	The detailed analysis of secondary envelopment of the Human betaherpesvirus 5/human cytomegalovirus (HCMV) from transmission electron microscopy (TEM) images is an important step towards understanding the mechanisms underlying the formation of infectious virio
10.3389/fnins.2020.00928	Exploring Neuromodulation for Dynamic Learning	Frontiers in Neuroscience	A continual learning system requires the ability to dynamically adapt and generalize to new tasks with access to only a few samples. In the central nervous system, across species, it is observed that continual and dynamic behavior in learning is an active resu
10.1016/j.neuron.2011.08.025	Development of Cell Type-Specific Connectivity Patterns of Converging Excitatory Axons in the Retina	Neuron	Summary To integrate information from different presynaptic cell types, dendrites receive distinct patterns of synapses from converging axons. How different afferents in vivo establish specific connectivity patterns with the same dendrite is poorly understood.
10.1073/pnas.2203750119	Proximity proteomics of synaptopodin provides insight into the molecular composition of the spine apparatus of dendritic spines	Proceedings of the National Academy of S	Significance The spine apparatus is a specialization of the neuronal endoplasmic reticulum in dendritic spines consisting of stacks of interconnected cisterns that are separated by a dense matrix. Although the spine apparatus has fascinated scientists since 19
10.1038/mp.2014.46	Evolutionarily-conserved prefrontal-amygdalar dysfunction in early-life anxiety	Molecular Psychiatry	Some individuals are endowed with a biology that renders them more reactive to novelty and potential threat. When extreme, this anxious temperament (AT) confers elevated risk for the development of anxiety, depression and substance abuse. These disorders are h
10.1016/j.ydbio.2017.06.016	Developmental and genetic mechanisms of neural circuit evolution.	Developmental Biology	Regardless of how a nervous system is genetically built, natural selection is acting on the functional outcome of its activity. To understand how nervous systems evolve, it is essential to analyze how their functional units - the neural circuits - change and a
10.1101/2023.05.25.542329	Distinct brain-wide presynaptic networks underlie the functional identity of individual cortical neurons	bioRxiv	Neuronal connections provide the scaffolding for neuronal function. Revealing the connectivity of functionally identified individual neurons is necessary to understand how activity patterns emerge and support behavior. Yet, the brain-wide presynaptic wiring ru
10.1101/2024.03.11.584515	Whole-body simulation of realistic fruit fly locomotion with deep reinforcement learning	bioRxiv	The body of an animal influences how the nervous system produces behavior. Therefore, detailed modeling of the neural control of sensorimotor behavior requires a detailed model of the body. Here we contribute an anatomically-detailed biomechanical whole-body m
10.1016/j.conb.2022.102552	Interrogating structural plasticity among synaptic engrams.	Current Opinion in Neurobiology	Our daily experiences and learnings are stored in the form of memories. These experiences trigger synaptic plasticity and persistent structural and functional changes in neuronal synapses. Recently, cellular studies of memory storage and engrams have emerged o
10.1126/science.adz5889	The mind of a predatory worm.	Science	Widespread neural connectivity changes underlie a behavioral switch between worm species.
10.1101/506378	Serial synapse formation through filopodial competition for synaptic seeding factors	bioRxiv	Following axon pathfinding, growth cones transition from stochastic filopodial exploration to the formation of a limited number of synapses. How the interplay of filopodia and synapse assembly ensures robust connectivity in the brain has remained a challenging
10.1101/lm.053825.123	Sensory encoding and memory in the mushroom body: signals, noise, and variability	Learning & memory (Cold Spring Harbor, N	To survive in changing environments, animals need to learn to associate specific sensory stimuli with positive or negative valence. How do they form stimulus-specific memories to distinguish between positively/negatively associated stimuli and other irrelevant
10.1101/2021.02.15.431339	The relationship between birth timing, circuit wiring, and physiological response properties of cerebellar granule cells	Proceedings of the National Academy of S	Significance Cerebellar granule cells (GrCs) comprise the majority of all neurons in the mammalian brain and are usually regarded as a uniform cell type. However, the birth timing of individual GrCs dictates where their axons project. Using viral-genetic techn
10.1016/s0076-6879(07)00421-1	Role of Rho GTPases in the morphogenesis and motility of dendritic spines.	Methods in Enzymology	Dendritic spines are major sites to receive synapses in the mammalian brain. Spines with abnormal morphologies are found in different brain diseases, suggesting that malformation of dendritic spines could be causally linked to those diseases. Rho GTPase-signal
10.1523/jneurosci.6063-11.2012	Network analysis of corticocortical connections reveals ventral and dorsal processing streams in mouse visual cortex	Journal of Neuroscience	Much of the information used for visual perception and visually guided actions is processed in complex networks of connections within the cortex. To understand how this works in the normal brain and to determine the impact of disease, mice are promising models
10.1162/netn_a_00428	Combined topological and spatial constraints are required to capture the structure of neural connectomes	Network Neuroscience	Abstract Volumetric brain reconstructions provide an unprecedented opportunity to gain insights into the complex connectivity patterns of neurons in an increasing number of organisms. Here, we model and quantify the complexity of the resulting neural connectom
10.1016/j.cub.2024.01.071	Organization of an Ascending Circuit that Conveys Flight Motor State in Drosophila	Current Biology	Summary: Natural behaviors are a coordinated symphony of motor acts which drive reafferent (self-induced) sensory activation. Individual sensors cannot disambiguate exafferent (externally-induced) from reafferent sources. Nevertheless, animals readily differen
10.1016/s0896-6273(03)00607-x	Glial cells and neurotransmission: an inclusive view of synaptic function.	Neuron	Glial cells throughout the nervous system are closely associated with synapses. Accompanying these anatomical couplings are intriguing functional interactions, including the capacity of certain glial cells to respond to and modulate neurotransmission. Glial ce
10.1085/jgp.202413550	ON and OFF starburst amacrine cells are controlled by distinct cholinergic pathways	The Journal of General Physiology	ON and OFF signals in the retina are processed via parallel pathways. Gangi et al. reveal that regulation of starburst amacrine cells, which are crucial for motion detection, is different between the ON and OFF pathways, despite their morphological mirror symm
10.1016/j.cell.2016.10.019	From Whole-Brain Data to Functional Circuit Models: The Zebrafish Optomotor Response	Cell	SUMMARY Detailed descriptions of brain-scale sensorimotor circuits underlying vertebrate behavior remain elusive. Recent advances in zebrafish neuroscience offer new opportunities to dissect such circuits via whole-brain imaging, behavioral analysis, functiona
10.1007/7657_2011_14	Morpho-Functional Mapping of Cortical Networks in Brain Slice Preparations Using Paired Electrophysiological Recordings	Neuromethods	The study of neuronal microcircuits with paired electrophysiological recordings from synaptically coupled neurons in brain slices has revealed a large variety of neuronal cell types with highly distinct and connection-specific characteristics of synaptic trans
10.1109/isbi.2013.6556611	SEGMENTATION OF MITOCHONDRIA IN ELECTRON MICROSCOPY IMAGES USING ALGEBRAIC CURVES	IEEE International Symposium on Biomedic	High-resolution microscopy techniques have been used to generate large volumes of data with enough details for understanding the complex structure of the nervous system. However, automatic techniques are required to segment cells and intracellular structures i
10.1155/2014/232105	Astrocyte-Synapse Structural Plasticity	Journal of Neural Transplantation and Pl	The function and efficacy of synaptic transmission are determined not only by the composition and activity of pre- and postsynaptic components but also by the environment in which a synapse is embedded. Glial cells constitute an important part of this environm
10.3389/fnsyn.2011.00004	A History of Spike-Timing-Dependent Plasticity	Front. Syn. Neurosci.	How learning and memory is achieved in the brain is a central question in neuroscience. Key to today’s research into information storage in the brain is the concept of synaptic plasticity, a notion that has been heavily influenced by Hebb's (1949) postulate. H
10.1038/s41467-024-55305-8	Rapid lightsheet fluorescence imaging of whole Drosophila brains at nanoscale resolution by potassium acrylate-based expansion microscopy	Nature Communications	Taking advantage of the good mechanical strength of expanded Drosophila brains and to tackle their relatively large size that can complicate imaging, we apply potassium (poly)acrylate-based hydrogels for expansion microscopy (ExM), resulting in a 40x plus incr
10.1145/3065386	ImageNet classification with deep convolutional neural networks	Communications of the ACM	We trained a large, deep convolutional neural network to classify the 1.2 million high-resolution images in the ImageNet LSVRC-2010 contest into the 1000 different classes. On the test data, we achieved top-1 and top-5 error rates of 37.5% and 17.0%, respectiv
10.1111/ejn.70384	The Power of Diversity in Neuroscience Research Models	European Journal of Neuroscience	Neuroscience thrives on diversity—not only in the questions it asks but also in the models it uses to explore them. Across the field, different animal models have played pivotal roles in uncovering the principles governing brain function, development, and dise
10.1371/journal.pcbi.1010682	Stability and learning in excitatory synapses by nonlinear inhibitory plasticity	bioRxiv	Synaptic changes underlie learning and memory formation in the brain. But synaptic plasticity of excitatory synapses on its own is unstable, leading to unlimited growth of synaptic strengths without additional homeostatic mechanisms. To control excitatory syna
10.3389/fnsyn.2020.00005	Unveiling the Synaptic Function and Structure Using Paired Recordings From Synaptically Coupled Neurons	Frontiers in Synaptic Neuroscience	Synaptic transmission between neurons is the basic mechanism for information processing in cortical microcircuits. To date, paired recording from synaptically coupled neurons is the most widely used method which allows a detailed functional characterization of
10.7554/elife.48935	Interactions between Dpr11 and DIP-γ control selection of amacrine neurons in Drosophila color vision circuits	eLife	Drosophila R7 UV photoreceptors (PRs) are divided into yellow (y) and pale (p) subtypes. yR7 PRs express the Dpr11 cell surface protein and are presynaptic to Dm8 amacrine neurons (yDm8) that express Dpr11’s binding partner DIP-γ, while pR7 PRs synapse onto DI
10.32657/10356/41537	Robust clustering algorithms for image segmentation and curve analysis.		Data clustering has become one of the most important research areas of pattern recognition. The objective of data clustering is to use the cluster concept to simply the representation of large amount of data objects and generate meaningful clusters for further
10.1016/j.heares.2023.108740	In vivo investigation of mitochondria in lateral line afferent neurons and hair cells	Hearing Research	To process sensory stimuli, intense energy demands are placed on hair cells and primary afferents. Hair cells must both mechanotransduce and maintain pools of synaptic vesicles for neurotransmission. Furthermore, both hair cells and afferent neurons must conti
10.1084/jem.20132477	Differential roles of microglia and monocytes in the inflamed central nervous system	Journal of Experimental Medicine	Phagocytic monocyte-derived macrophages associate with the nodes of Ranvier and initiate demyelination while microglia clear debris and display a suppressed metabolic gene signature in EAE.
10.1016/j.cag.2020.05.024	Virtual reality framework for editing and exploring medial axis representations of nanometric scale neural structures 	Computers & graphics	Abstract We present a novel virtual reality (VR) based framework for the exploratory analysis of nanoscale 3D reconstructions of cellular structures acquired from rodent brain samples through serial electron microscopy. The system is specifically targeted on m
10.1038/s41467-026-72180-7	Probing molecular diversity and ultrastructure of brain cells with fluorescent aptamers	Nature Communications	Detergent-free immunolabeling has been proven feasible for volumetric correlated light and electron microscopy (vCLEM) with the application of small immunoprobes, providing a reliable method to superimpose essential molecular information of cells onto their hi
10.1371/journal.pbio.1001041	A Genetically Encoded Tag for Correlated Light and Electron Microscopy of Intact Cells, Tissues, and Organisms	PLoS Biology	Electron microscopy (EM) achieves the highest spatial resolution in protein localization, but specific protein EM labeling has lacked generally applicable genetically encoded tags for in situ visualization in cells and tissues. Here we introduce “miniSOG” (for
10.1101/2024.06.05.597539	Neurogliaform Cells Exhibit Laminar-specific Responses in the Visual Cortex and Modulate Behavioral State-dependent Cortical Activity	bioRxiv	Neurogliaform cells are a distinct type of GABAergic cortical interneurons known for their “volume transmission” output property. However, their activity and function within cortical circuits remain unclear. Here, we developed two genetic tools to target these
10.1109/embc46164.2021.9630199	An Integrated Toolkit for Extensible and Reproducible Neuroscience	Annual International Conference of the I	As neuroimagery datasets continue to grow in size, the complexity of data analyses can require a detailed understanding and implementation of systems computer science for storage, access, processing, and sharing. Currently, several general data standards (e.g.
10.1038/sdata.2017.207	Design and implementation of multi-signal and time-varying neural reconstructions	Scientific Data	Several efficient procedures exist to digitally trace neuronal structure from light microscopy, and mature community resources have emerged to store, share, and analyze these datasets. In contrast, the quantification of intracellular distributions and morpholo
10.1002/cne.24437	Morphological characterization of HVC projection neurons in the zebra finch (Taeniopygia guttata)	The Journal of comparative neurology	Singing behavior in the adult male zebra finch is dependent upon the activity of a cortical region known as HVC (proper name). The vast majority of HVC projection neurons send primary axons to either the downstream premotor nucleus RA (robust nucleus of the ar
10.1523/jneurosci.04-12-02920.1984	Microcircuitry of bipolar cells in cat retina	Journal of Neuroscience	We have studied 15 bipolar neurons from a small patch (14 X 120 micron) of adult cat retina located within the area centralis. From electron micrographs of 189 serial ultrathin sections, the axon of each bipolar cell was substantially reconstructed with its sy
10.1038/s42003-025-08006-x	Preference-independent saliency map in the mouse superior colliculus	Communications Biology	Detecting salient stimuli in a visual scene is crucial for animal survival, yet how the brain encodes visual saliency remains unclear. Here, using two-photon calcium imaging, we reveal a preference-independent saliency map in the superficial superior colliculu
10.1101/sqb.2014.79.024984	Internal States and Behavioral Decision-Making: Toward an Integration of Emotion and Cognition.	Cold Spring Harbor Symposia on Quantitat	Social interactions, such as an aggressive encounter between two conspecific males or a mating encounter between a male and a female, typically progress from an initial appetitive or motivational phase, to a final consummatory phase. This progression involves 
10.1126/sciadv.aaw5141	Mechanosensory circuits coordinate two opposing motor actions in Drosophila feeding	Science Advances	Mouth mechanoreception wires two distinct central motor circuits to facilitate and terminate Drosophila feeding. Mechanoreception detects physical forces in the senses of hearing, touch, and proprioception. Here, we show that labellar mechanoreception wires tw
10.1038/npre.2008.2669.1	Strategies for identifying exact structure of neural circuits with broad light microscopy connectivity probes	Nature Precedings	Abstract Dissecting the structure of neural circuits in the brain is one of the central problems of neuroscience. Until present day, the only way to obtain complete and detailed reconstructions of neural circuits was thought to be the serial section Electron M
10.1523/jneurosci.3887-14.2015	Structure of a Single Whisker Representation in Layer 2 of Mouse Somatosensory Cortex	Journal of Neuroscience	Layer (L)2 is a major output of primary sensory cortex that exhibits very sparse spiking, but the structure of sensory representation in L2 is not well understood. We combined two-photon calcium imaging with deflection of many whiskers to map whisker receptive
10.1038/s41467-023-39618-8	Rapid expansion and visual specialisation of learning and memory centres in the brains of Heliconiini butterflies	Nature Communications	Changes in the abundance and diversity of neural cell types, and their connectivity, shape brain composition and provide the substrate for behavioral evolution. Although investment in sensory brain regions is understood to be largely driven by the relative eco
10.1101/469114	Visual information is broadcast among cortical areas in discrete channels	bioRxiv	Among brain areas, axonal projections carry channels of information that can be mixed to varying degrees. Here, we assess the rules for the network consisting of the primary visual cortex and higher visual areas (V1-HVA) in mice. We use large field-of-view two
10.1101/2020.05.27.119750	Multicellular rosettes organize neuropil formation	bioRxiv	Neuropils are compartments in the nervous system containing dense networks of neurites and synapses which function as information processing centers. Neuropil formation requires structural and functional organization at and across different scales, achieving s
10.1038/s41593-020-00726-z	Challenges and future directions for representations of functional brain organization	Nature Neuroscience	A key principle of brain organization is the functional integration of brain regions into interconnected networks. Functional MRI scans acquired at rest offer insights into functional integration via patterns of coherent fluctuations in spontaneous activity, k
10.1101/167312	Memory retrieval recruits both innate and learned olfactory processing centres in Drosophila	bioRxiv	Abstract Animals can show either learned or innate behavioral responses to a given stimulus. How these circuits interact to produce an appropriate behavioral response is unknown. In the Drosophila olfactory system, the lateral horn (LH) and the mushroom body (
10.1523/jneurosci.1572-21.2022	Common Microscale and Macroscale Principles of Connectivity in the Human Brain	Journal of Neuroscience	The brain requires efficient information transfer between neurons and large-scale brain regions. Brain connectivity follows predictable organizational principles. At the cellular level, larger supragranular pyramidal neurons have larger, more branched dendriti
10.1038/s41598-025-28113-3	A comprehensive study of c-Kit–expressing amacrine cells in the mammalian retina	Scientific Reports	Amacrine cells assemble complex circuits in the inner retina, where they integrate, modulate, and relay spatial and temporal information to retinal ganglion cells. Nevertheless, their organization and functional diversity are still not fully understood. In thi
10.64898/2026.03.03.709199	Functional reorganization of motor cortex connectivity during learning	bioRxiv	Learning new tasks requires the brain to reshape the flow of neural activity, but how these changes arise from dynamic neural connectivity remains unclear. Here, we used two-photon photostimulation and calcium imaging to map learning-related changes in connect
10.1016/s0896-6273(01)00500-1	Inactivity produces increases in neurotransmitter release and synapse size.	Neuron	When hippocampal synapses in culture are pharmacologically silenced for several days, synaptic strength increases. The structural correlate of this change in strength is an increase in the size of the synapses, with all synaptic components--active zone, postsy
10.1007/978-981-10-7545-2_16	Morphology and Physiology of the Ascidian Nervous Systems and the Effectors	Advances in Experimental Medicine and Bi	Neurobiology in ascidians has made many advances. Ascidians have offered natural advantages to researchers, including fecundity, structural simplicity, invariant morphology, and fast and stereotyped developmental processes. The researchers have also accumulate
10.1016/j.celrep.2021.109130	Shootin1a-mediated actin-adhesion coupling generates force to trigger structural plasticity of dendritic spines.	Cell Reports	Dendritic spines constitute the major compartments of excitatory post-synapses. They undergo activity-dependent enlargement, which is thought to increase the synaptic efficacy underlying learning and memory. The activity-dependent spine enlargement requires ac
10.1080/01677063.2016.1177049	What genetic model organisms offer the study of behavior and neural circuits	Journal of neurogenetics	Abstract The past decade has witnessed the development of powerful, genetically encoded tools for manipulating and monitoring neuronal function in freely moving animals. These tools are most readily deployed in genetic model organisms and efforts to map the ci
10.7554/elife.43478	Regulation of subcellular dendritic synapse specificity by axon guidance cues	bioRxiv	Neural circuit assembly occurs with subcellular precision, yet the mechanisms underlying this precision remain largely unknown. Subcellular synaptic specificity could be achieved by molecularly distinct subcellular domains that locally regulate synapse formati
10.1093/bioinformatics/btag329	3D registration-guided deformable residual inpainting for ssEM restoration	Bioinform.	Abstract Motivation Serial section electron microscopy (ssEM) is essential for studying biological cell structures at nanometer resolution. However, supporting film folding (SFF) degradation frequently occurs during sample preparation, causing structural disto