10.1007/s00138-020-01060-x	Deep learning in medical image registration: a survey	Machine Vision and Applications	The establishment of image correspondence through robust image registration is critical to many clinical tasks such as image fusion, organ atlas creation, and tumor growth monitoring and is a very challenging problem. Since the beginning of the recent deep lea
10.1016/bs.pbr.2019.05.004	The human connectome from an evolutionary perspective.	Progress in Brain Research	The connectome describes the comprehensive set of neuronal connections of a species' central nervous system. Identifying the network characteristics of the human macroscale connectome and comparing these features with connectomes of other species provides insi
10.1371/journal.pgen.1008589	Identifying neural substrates of competitive interactions and sequence transitions during mechanosensory responses in Drosophila	PLoS Genetics	Nervous systems have the ability to select appropriate actions and action sequences in response to sensory cues. The circuit mechanisms by which nervous systems achieve choice, stability and transitions between behaviors are still incompletely understood. To i
10.1002/glia.24241	Novel mechanism of hypoxic neuronal injury mediated by non-excitatory amino acids and astroglial swelling	bioRxiv	Bleeding into cerebral parenchyma during hemorrhagic stroke or head trauma leads to ischemia and release of plasmatic content, including amino acids (AA). Although excitotoxic AA have been extensively studied, little is known about non-excitatory AA during hyp
10.1016/j.isci.2023.106182	Efficient inference of synaptic plasticity rule with Gaussian process regression	iScience	Summary Finding the form of synaptic plasticity is critical to understanding its functions underlying learning and memory. We investigated an efficient method to infer synaptic plasticity rules in various experimental settings. We considered biologically plaus
10.1016/j.neuron.2011.10.015	Activity-dependent clustering of functional synaptic inputs on developing hippocampal dendrites.	Neuron	During brain development, before sensory systems become functional, neuronal networks spontaneously generate repetitive bursts of neuronal activity, which are typically synchronized across many neurons. Such activity patterns have been described on the level o
10.1515/revneuro-2022-0011	Processing of cell assemblies in the lateral entorhinal cortex	Reviews in the Neurosciences	Abstract There is evidence that olfactory cortex responds to its afferent input with the generation of cell assemblies: collections of principal neurons that fire together over a time scale of tens of ms. If such assemblies form an odor representation, then a 
10.1002/glia.21258	VGLUT1 is localized in astrocytic processes in several brain regions	Glia	During the last years, the concept of gliotransmission has been established. Glutamate has been shown to be released from astrocytes by different mechanisms, e.g., in an exocytotic manner. The authors have previously shown that astrocytes in the dentate‐molecu
10.1371/journal.pbio.1000572	Laminar Analysis of Excitatory Local Circuits in Vibrissal Motor and Sensory Cortical Areas	PLoS Biology	Optical and electrophysiological tools were used to map out the neural circuits within and between cortical layers in three different brain regions, and the results suggest regional specializations for sensory versus motor information processing.
10.1016/j.celrep.2025.116847	From comparative connectomics to large-scale working memory modeling in macaque and marmoset	Cell Reports	SUMMARY Although macaques and marmosets are both primates of choice for studying the brain mechanisms of cognition, they differ in key aspects of anatomy and behavior. Interestingly, a recent connectomic analysis revealed that strong top-down projections from 
10.1002/glia.20082	Role for glia in synaptogenesis	Glia	Abstract Nearly one‐half of the cells in a human brain are astrocytes, but the function of these little cells remains a great mystery. Astrocytes form an intimate association with synapses throughout the adult CNS, where they help regulate ion and neurotransmi
10.1016/j.devcel.2019.10.008	Parallel processing of two mechanosensory modalities by a single neuron in C. elegans	Developmental Cell	Summary Neurons convert synaptic or sensory inputs into cellular outputs. It is not well understood how a single neuron senses, processes multiple stimuli, and generates distinct neuronal outcomes. Here we describe the mechanism by which the C. elegans PVD neu
10.3390/bdcc7040179	Toward Morphologic Atlasing of the Human Whole Brain at the Nanoscale	Big Data and Cognitive Computing	Although no dataset at the nanoscale for the entire human brain has yet been acquired and neither a nanoscale human whole brain atlas has been constructed, tremendous progress in neuroimaging and high-performance computing makes them feasible in the non-distan
10.1016/j.proghi.2016.04.001	A survey of clearing techniques for 3D imaging of tissues with special reference to connective tissue.	Progress in Histochemistry and Cytochemi	For 3-dimensional (3D) imaging of a tissue, 3 methodological steps are essential and their successful application depends on specific characteristics of the type of tissue. The steps are 1° clearing of the opaque tissue to render it transparent for microscopy,
10.1162/neco_a_00883	Identification of Stable Spike-Timing-Dependent Plasticity from Spiking Activity with Generalized Multilinear Modeling	Neural Computation	Characterization of long-term activity-dependent plasticity from behaviorally driven spiking activity is important for understanding the underlying mechanisms of learning and memory. In this letter, we present a computational framework for quantifying spike-ti
10.1016/j.cois.2020.09.012	Insect lifestyle and evolution of brain morphology.	Current Opinion in Insect Science	Insect lifestyles are extremely diversified and have important consequences for brain function. Lifestyle determines the resources and information that brains have access to, but also those that are required, to produce adaptive behaviors. Most of the observed
10.1002/cne.1373	Morphology and physiology of the polyaxonal amacrine cells in the rabbit retina	The Journal of comparative neurology	Abstract We examined the morphology and physiological response properties of the axon‐bearing, long‐range amacrine cells in the rabbit retina. These so‐called polyaxonal amacrine cells all displayed two distinct systems of processes: (1) a dendritic field comp
10.1101/2023.10.16.562590	Data-driven motif discovery in biological neural networks	bioRxiv	Data from a variety of domains are represented as graphs, including social networks, transportation networks, computer networks, and biological networks. A key question spans these domains: are there meaningful repeated subgraphs, or motifs, within the structu
10.1016/j.expneurol.2009.05.020	Heterogeneity of nervous system mitochondria: location, location, location!	Experimental Neurology	Mitochondrial impairments have been associated with many neurological disorders, from inborn errors of metabolism or genetic disorders to age and environmentally linked diseases of aging (DiMauro S., Schon E.A. 2008. Mitochondrial disorders in the nervous syst
10.1101/2020.03.25.007252	Temporal transcription factors determine circuit membership by permanently altering motor neuron-to-muscle synaptic partnerships	bioRxiv	Previously, using the Drosophila motor system as a model, we found the classic temporal transcription factor, Hunchback acts in NB7-1 neuronal stem cells as a molecular switch to control which circuits are populated by NB7-1 neuronal progeny (Meng et al., 2019
10.1155/2016/7607924	Modulation of Synaptic Plasticity by Glutamatergic Gliotransmission: A Modeling Study	Journal of Neural Transplantation and Pl	Glutamatergic gliotransmission, that is, the release of glutamate from perisynaptic astrocyte processes in an activity-dependent manner, has emerged as a potentially crucial signaling pathway for regulation of synaptic plasticity, yet its modes of expression a
10.1002/cne.25624	Extensive Soma-Soma Plate-Like Contact Sites (Ephapses) Connect Suprachiasmatic Nucleus Neurons	The Journal of comparative neurology	The hypothalamic suprachiasmatic nucleus (SCN) is the central pacemaker for mammalian circadian rhythms. As such, this ensemble of cell‐autonomous neuronal oscillators with divergent periods must maintain coordinated oscillations. To investigate ultrastructura
10.1007/s12154-015-0132-6	Advances in molecular probe-based labeling tools and their application to multiscale multimodal correlated microscopies	Journal of chemical biology	The need to determine the precise subcellular distribution of specific proteins and macromolecular complexes in cells and tissues has been the major driving force behind the development of new molecular-genetic and chemical-labeling approaches applicable to hi
10.1007/978-3-030-87193-2_16	NucMM Dataset: 3D Neuronal Nuclei Instance Segmentation at Sub-Cubic Millimeter Scale	Lecture Notes in Computer Science	
10.1113/jp286537	Junctional conductance of retinal AII amacrine cell electrical synapses is decreased by NMDA receptors	Journal of Physiology	Retinal AII amacrine cells are extensively coupled together by electrical synapses. Changes to the strength of these synapses affect how signals are routed through rod and cone retinal pathways during scotopic and photopic vision. Plasticity at these electrica
10.1016/j.crmeth.2025.101292	Fluorescent indicators for visualizing dynamic contact between cells and between processes originating from a single cell	Cell Reports Methods	Summary Cells continuously communicate through dynamic cell-cell contacts. Tools for visualizing these dynamic interactions in living cells are essential to the study of fundamental biological processes in multicellular organisms. Here, we present two fluoresc
10.1016/j.neuron.2018.10.045	Whole-Brain Neuronal Activity Displays Crackling Noise Dynamics	Neuron	Summary Previous studies suggest that the brain operates at a critical point in which phases of order and disorder coexist, producing emergent patterned dynamics at all scales and optimizing several brain functions. Here, we combined light-sheet microscopy wit
10.1038/nn.2894	Hippocampal CA1 pyramidal cells form functionally distinct sublayers	Nature Neuroscience	Hippocampal CA1 pyramidal neurons have frequently been regarded as a homogeneous cell population in biophysical, pharmacological and modeling studies. We found robust differences between pyramidal neurons residing in the deep and superficial CA1 sublayers in r
10.1007/bf01261503	Synaptic connections of the interplexiform cell in the retina of the cat	Journal of Neurocytology	Electron microscopy of Golgi-impregnated material and of well fixed, ultrathin serial sections has revealed the synaptic connections of interplexiform cells in cat retina. In the inner plexiform layer these cells are postsynaptic to amacrine cells and probably
10.1016/j.neuron.2015.07.016	Synaptic vesicle exocytosis at the dendritic lobules of an inhibitory interneuron in the mammalian retina	Neuron	Summary Ribbon synapses convey sustained and phasic excitatory drive within retinal microcircuits. However, the properties of retinal inhibitory synapses are less well known. AII-amacrine cells are interneurons in the retina that exhibit large glycinergic syna
10.1016/j.isci.2018.07.012	Label-free 3D-CLEM Using Endogenous Tissue Landmarks	iScience	Summary Emerging 3D correlative light and electron microscopy approaches enable studying neuronal structure-function relations at unprecedented depth and precision. However, established protocols for the correlation of light and electron micrographs rely on th
10.1038/nature12654	Cortical connectivity and sensory coding	Nature	The sensory cortex contains a wide array of neuronal types, which are connected together into complex but partially stereotyped circuits. Sensory stimuli trigger cascades of electrical activity through these circuits, causing specific features of sensory scene
10.1111/ede.12271	DAF‐19/RFX controls ciliogenesis and influences oxygen‐induced social behaviors in Pristionchus pacificus	Evolution & Development	Cilia are complex organelles involved in sensory perception and motility with intraflagellar transport (IFT) proteins being essential for cilia assembly and function, but little is known about cilia in an evo‐devo context. For example, recent comparisons revea
10.1016/j.celrep.2022.111319	The spatial scale of somatostatin subnetworks increases from sensory to association cortex	Cell Reports	Summary Incoming signals interact with rich, ongoing population activity dynamics in cortical circuits. These intrinsic dynamics are the consequence of interactions among local excitatory and inhibitory neurons and affect inter-region communication and informa
10.1016/j.cell.2015.07.031	Electron Microscopy at Scale.	Cell	The essential details of cellular interactions at synaptic level in the brain are still largely unknown. In this issue, Kasthuri et al. report new experimental and computational technologies for large-scale electron microscopy data collection and analysis, and
10.7554/elife.54441	Effects of fluorescent glutamate indicators on neurotransmitter diffusion and uptake	bioRxiv	Genetically encoded fluorescent glutamate indicators (iGluSnFRs) enable neurotransmitter release and diffusion to be visualized in intact tissue. Synaptic iGluSnFR signal time courses vary widely depending on experimental conditions and often last 10-100 times
10.7554/elife.06250	General features of the retinal connectome determine the computation of motion anticipation	eLife	Motion anticipation allows the visual system to compensate for the slow speed of phototransduction so that a moving object can be accurately located. This correction is already present in the signal that ganglion cells send from the retina but the biophysical 
10.1007/978-1-4939-9077-1_3	Considerations for Imaging and Analyzing Neural Structures by STED Microscopy.	Methods in molecular biology	STED microscopy images of live or fixed brain tissue contain a wealth of geometric information about cellular structures down to the scale of individual dendritic spines and axonal structures. To extract such morphological data in a credible way, several consi
10.1016/j.neuron.2016.10.027	The Impact of Structural Heterogeneity on Excitation-Inhibition Balance in Cortical Networks	Neuron	Summary Models of cortical dynamics often assume a homogeneous connectivity structure. However, we show that heterogeneous input connectivity can prevent the dynamic balance between excitation and inhibition, a hallmark of cortical dynamics, and yield unrealis
10.1038/s41592-023-01866-3	High-contrast en bloc staining of mouse whole-brain and human brain samples for EM-based connectomics	Nature Methods	Connectomes of human cortical gray matter require high-contrast homogeneously stained samples sized at least 2 mm on a side, and a mouse whole-brain connectome requires samples sized at least 5–10 mm on a side. Here we report en bloc staining and embedding pro
10.1126/science.aau9952	Branch-restricted localization of phosphatase Prl-1 specifies axonal synaptogenesis domains	Science	Compartmentalization of axons Neurons can spread branches far and wide across the central nervous system. One neuron can simultaneously contact several other neurons, amplifying network complexity. Studying the Drosophila brain, Urwyler et al. found that not a
10.1016/j.brainresbull.2016.07.014	Insights into age-old questions of new dendritic spines: From form to function.	Brain Research Bulletin	Principal neurons in multiple brain regions receive a vast majority of excitatory synaptic contacts on the tiny dendritic appendages called dendritic spines. These structures are believed to be the locus of memory storage in the brain. Indeed, neurological dis
10.1038/s41551-025-01352-5	Synaptic connectivity mapping among thousands of neurons via parallelized intracellular recording with a microhole electrode array	Nature Biomedical Engineering	The massive parallelization of neuronal intracellular recording, which enables the measurement of synaptic signals across a neuronal network, and thus the mapping and characterization of synaptic connections, is an open challenge, with the state of the art bei
10.1101/2023.08.11.552933	Linking spontaneous and stimulated spine dynamics	bioRxiv	Our brains continuously acquire and store memories through synaptic plasticity. However, spontaneous synaptic changes can also occur and pose a challenge for maintaining stable memories. Despite fluctuations in synapse size, recent studies have shown that key 
10.1116/1.4966216	Transmission electron imaging in the Delft multibeam scanning electron microscope 1	Journal of Vacuum Science &amp; Technolo	Our group is developing a multibeam scanning electron microscope (SEM) with 196 beams in order to increase the throughput of SEM. Three imaging systems using, respectively, transmission electron detection, secondary electron detection, and backscatter electron
10.1016/j.cois.2025.101409	Recent advances on hormones and behavior in vertebrates: inspiration for and from invertebrate science.	Current Opinion in Insect Science	This review, as part of an introduction to the special issue, has two goals: First, I consider the inspiration that vertebrate neuroendocrinologists continue to draw from foundational discoveries in invertebrate species for understanding neuro-hormone signalin
10.7554/elife.62875	Three-dimensional reconstruction of a whole insect reveals its phloem sap-sucking mechanism at nano-resolution	eLife	Using serial block-face scanning electron microscopy, we report on the internal 3D structures of the brown planthopper, Nilaparvata lugens (Hemiptera: Delphacidae) at nanometer resolution for the first time. Within the reconstructed organs and tissues, we foun
10.1016/j.neuron.2019.05.019	Open Source Brain: A Collaborative Resource for Visualizing, Analyzing, Simulating, and Developing Standardized Models of Neurons and Circuits	bioRxiv	Computational models are powerful tools for investigating brain function in health and disease. However, biologically detailed neuronal and circuit models are complex and implemented in a range of specialized languages, making them inaccessible and opaque to m
10.1109/tmi.2017.2712360	Neuron Segmentation With High-Level Biological Priors	IEEE Transactions on Medical Imaging	We present a novel approach to the problem of neuron segmentation in image volumes acquired by an electron microscopy. Existing methods, such as agglomerative or correlation clustering, rely solely on boundary evidence and have problems where such an evidence 
10.1007/s10827-007-0038-6	Simulation of networks of spiking neurons: A review of tools and strategies	Journal of Computational Neuroscience	We review different aspects of the simulation of spiking neural networks. We start by reviewing the different types of simulation strategies and algorithms that are currently implemented. We next review the precision of those simulation strategies, in particul
10.3389/fncel.2018.00248	Astrocytic Coverage of Dendritic Spines, Dendritic Shafts, and Axonal Boutons in Hippocampal Neuropil	Frontiers in Cellular Neuroscience	Distal astrocytic processes have a complex morphology, reminiscent of branchlets and leaflets. Astrocytic branchlets are rod-like processes containing mitochondria and endoplasmic reticulum, capable of generating inositol-3-phosphate (IP3)-dependent Ca2+ signa
10.1186/s12915-022-01425-w	Pheromone sensing in Drosophila requires support cell-expressed Osiris 8	BMC Biology	Background The nose of most animals comprises multiple sensory subsystems, which are defined by the expression of different olfactory receptor families. Drosophila melanogaster antennae contain two morphologically and functionally distinct subsystems that expr
10.1038/nn.2232	Stimulus contrast modulates functional connectivity in visual cortex	Nature Neuroscience	Neurons in visual cortex are linked by an extensive network of lateral connections. To study the effect of these connections on neural responses, we recorded spikes and local field potentials (LFPs) from multi-electrode arrays that were implanted in monkey and
10.1002/hipo.22404	The Organization of AMPA Receptor Subunits at the Postsynaptic Membrane	Hippocampus	AMPA receptors are the principal mediators of excitatory synaptic transmission in the mammalian central nervous system. The subunit composition of these tetrameric receptors helps to define their functional properties, and may also influence the synaptic traff
10.1038/s41598-018-33513-9	Dendritic processing of spontaneous neuronal sequences for single-trial learning	Scientific Reports	Spontaneous firing sequences are ubiquitous in cortical networks, but their roles in cellular and network-level computations remain unexplored. In the hippocampus, such sequences, conventionally called preplay, have been hypothesized to participate in learning
10.1038/s41593-025-02188-7	Base barrier cells provide compartmentalization of choroid plexus, brain and CSF	Nature Neuroscience	The choroid plexus (ChP), located in the brain ventricles, is largely composed of ChP epithelial cells that produce the cerebrospinal fluid (CSF) and form the blood–CSF barrier. At the ChP–brain attachment sites, we have discovered unique fibroblasts referred 
10.1523/jneurosci.08-02-00623.1988	Architecture of rod and cone circuits to the on-beta ganglion cell	Journal of Neuroscience	Photoreceptors connect to the on-beta ganglion cell through parallel circuits involving rod bipolar (RB) and cone bipolar (CB) neurons. We estimated for a small patch in the area centralis of one retina the 3- dimensional architecture of both circuits. This wa
10.1002/cne.25478	A brain flatmap data visualization tool for mouse, rat, and human	The Journal of comparative neurology	Here we provide open‐access brain data flatmap visualization and analysis tools for the mouse, rat, and human. The present work stems from a previous JCN Toolbox article that introduced a novel flatmap of the mouse brain and substantially enhanced flatmaps of 
10.1093/jmicro/dfac024	Whole-cell observation of ZIO-stained Golgi apparatus in rat hepatocytes with serial block-face scanning electron microscope, SBF-SEM	Microscopy	Abstract The Golgi apparatus, which plays a role in various biosynthetic pathways, is usually identified in electron microscopy by the morphological criteria of lamellae. A 3-dimensional analyses with serial block-face scanning electron microscope (SBF-SEM), a
10.1007/978-1-0716-0428-1_3	Three-Dimensional Atlases of Insect Brains	Neuromethods	
10.1152/jn.00083.2009	Postnatal development of dendritic synaptic integration in rat neocortical pyramidal neurons.	Journal of Neurophysiology	The dendritic tree of layer 5 (L5) pyramidal neurons spans the neocortical layers, allowing the integration of intra- and extracortical synaptic inputs. Here we investigate the postnatal development of the integrative properties of rat L5 pyramidal neurons usi
10.1002/cne.21600	Ultrastructure and synaptic differences of the boutons of the projection neurons between the lip and collar regions of the mushroom bodies in the ant,	The Journal of comparative neurology	Abstract The mushroom bodies of insects are viewed as key neuropils for sensory integration and perhaps learning and memory. In Hymenoptera, particularly ants, the calyx of the mushroom bodies is divided into two main regions, the lip and the collar. Although 
10.7554/elife.44898	Computational 3D histological phenotyping of whole zebrafish by X-ray histotomography	eLife	Organismal phenotypes frequently involve multiple organ systems. Histology is a powerful way to detect cellular and tissue phenotypes, but is largely descriptive and subjective. To determine how synchrotron-based X-ray micro-tomography (micro-CT) can yield 3-d
10.1371/journal.pbio.1001121	Opposing Activities of LIT-1/NLK and DAF-6/Patched-Related Direct Sensory Compartment Morphogenesis in C. elegans	PLoS Biology	Glial cells surround neuronal endings to create enclosed compartments required for neuronal function. This architecture is seen at excitatory synapses and at sensory neuron receptive endings. Despite the prevalence and importance of these compartments, how the
10.1126/science.1112070	Patterning and Plasticity of the Cerebral Cortex	Science	The cerebral cortex of the human brain is a sheet of about 10 billion neurons divided into discrete subdivisions or areas that process particular aspects of sensation, movement, and cognition. Recent evidence has begun to transform our understanding of how cor
10.1038/s41598-023-49503-5	Communities in C. elegans connectome through the prism of non-backtracking walks	Scientific Reports	The fundamental relationship between the mesoscopic structure of neuronal circuits and organismic functions they subserve is one of the major challenges in contemporary neuroscience. Formation of structurally connected modules of neurons enacts the conversion 
10.1242/jeb.242740	A connectome is not enough - what is still needed to understand the brain of Drosophila?	Journal of Experimental Biology	Understanding the structure and operation of any nervous system has been a subject of research for well over a century. A near-term opportunity in this quest is to understand the brain of a model species, the fruit fly Drosophila melanogaster. This is an entic
10.1016/j.cell.2018.02.007	Super-Resolution Imaging of the Extracellular Space in Living Brain Tissue.	Cell	The extracellular space (ECS) of the brain has an extremely complex spatial organization, which has defied conventional light microscopy. Consequently, despite a marked interest in the physiological roles of brain ECS, its structure and dynamics remain largely
10.1016/b978-0-12-801075-4.00011-2	Immuno correlative light and electron microscopy on Tokuyasu cryosections.	Methods in Cell Biology	Finding a rare structure by electron microscopy is the equivalent of finding a "needle in a haystack." Correlative light- and immunoelectron microscopy (CLEM) on Tokuyasu cryosections is a sophisticated technique to address this challenge. Hereby, fluorescentl
10.1101/2024.12.11.628056	Data-driven synapse classification reveals a logic of glutamate receptor diversity		Abstract The rich diversity of synapses facilitates the capacity of neural circuits to transmit, process and store information. We used multiplex super-resolution proteometric imaging through array tomography to define features of single synapses in mouse neoc
10.7554/elife.86172	Finding the right type of cell	eLife	A new method allows researchers to automatically assign cells into different cell types and tissues, a step which is critical for understanding complex organisms.
10.1098/rstb.2016.0161	Variance and invariance of neuronal long-term representations	Philosophical Transactions of the Royal 	The brain extracts behaviourally relevant sensory input to produce appropriate motor output. On the one hand, our constantly changing environment requires this transformation to be plastic. On the other hand, plasticity is thought to be balanced by mechanisms 
10.1016/0006-8993(84)90895-3	Action of iontophoretically applied dopamine on cat retinal ganglion cells.	Brain Research	Iontophoretically applied dopamine reversibly altered both the spontaneous firing rates and the light evoked responses of retinal ganglion cells in the intact eye of the cat. The effects of dopamine were the same for all cell classes encountered: on brisk-tran
10.1523/jneurosci.23-32-10388.2003	Barrages of Synaptic Activity Control the Gain and Sensitivity of Cortical Neurons	Journal of Neuroscience	Ongoing synaptic activity, ever present in cortical neurons, may vary widely in its amplitude and characteristics, potentially having a strong influence on neuronal processing. Intracellular recordings in layer 5 pyramidal cells in prefrontal and visual cortic
10.1038/nmeth.3476	Continuous volumetric imaging via an optical phase-locked ultrasound lens	Nature Methods	In vivo imaging at high spatiotemporal resolution is key to the understanding of complex biological systems. We integrated an optical phase-locked ultrasound lens into a two-photon fluorescence microscope and achieved microsecond-scale axial scanning, thus ena
10.1101/2025.10.28.684868	Ascending nociceptive pathways drive rapid escape and sustained avoidance in adult Drosophila	bioRxiv	Nociception — the detection of harmful stimuli by the nervous system — contributes to both rapid escape and long-term avoidance behaviors. Drosophila larvae detect damaging heat, mechanical, and chemical stimuli with specialized multidendritic (md) neurons, an
10.1007/s00359-014-0891-5	Neuroethology of male courtship in Drosophila: from the gene to behavior	Journal of Comparative Physiology	Neurogenetic analyses in the fruit fly Drosophila melanogaster revealed that gendered behaviors, including courtship, are underpinned by sexually dimorphic neural circuitries, whose development is directed in a sex-specific manner by transcription factor genes
10.1038/s41592-025-02895-w	Jaxley: differentiable simulation enables large-scale training of detailed biophysical models of neural dynamics	bioRxiv	Biophysiscal neuron models provide insights into cellular mechanisms underlying neural computations. However, a central challenge has been the question of how to identify the parameters of detailed biophysical models such that they match physiological measurem
10.1002/hipo.20861	Layer‐specific alterations to CA1 dendritic spines in a mouse model of Alzheimer's disease	Hippocampus	Abstract Why memory is a particular target for the pathological changes in Alzheimer's Disease (AD) has long been a fundamental question when considering the mechanisms underlying this disease. It has been established from numerous biochemical and morphologica
10.1039/d0nr00052c	Real-time nanoscale organization of amyloid precursor protein.	Nanoscale	Despite an intuitive understanding of the role of APP in health and disease, there exist few attempts to dissect its molecular localization at excitatory synapses. Though the biochemistry involved in the enzymatic processing of APP is well understood, there is
10.1016/j.celrep.2022.111229	Motor learning-induced new dendritic spines are preferentially involved in the learned task than existing spines.	Cell Reports	Learning induces the formation of new synapses in addition to changes of existing synapse strength. However, it remains unclear whether new synapses serve different functions from existing synapses. By performing two-photon structural and Ca2+ imaging of posts
10.2976/1.2919545	Fixing the location and dimensions of functional neocortical columns	HFSP Journal	The quest to understand the way in which neurons interconnect to form circuits that function as a unit began when Ramon y Cajal concluded that axo-dendritic apposition were too conspicuous to be incidental and proposed that two neurons must be communicating th
10.3389/fnana.2014.00125	Slicing, sampling, and distance-dependent effects affect network measures in simulated cortical circuit structures	Frontiers in Neuroanatomy	The neuroanatomical connectivity of cortical circuits is believed to follow certain rules, the exact origins of which are still poorly understood. In particular, numerous nonrandom features, such as common neighbor clustering, overrepresentation of reciprocal 
10.1109/tuffc.2023.3322963	A Miniature Ultrasound Source for Neural Modulation	IEEE Transactions on Ultrasonics, Ferroe	This work describes a unique ultrasound (US) exposure system designed to create very localized ( $\sim 100 ~\mu \text{m}$ ) sound fields at operating frequencies that are currently being used for preclinical US neuromodulation. This system can expose small clu
10.1038/nn867	Facilitation at single synapses probed with optical quantal analysis	Nature Neuroscience	Many synapses can change their strength rapidly in a use-dependent manner, but the mechanisms of such short-term plasticity remain unknown. To understand these mechanisms, measurements of neurotransmitter release at single synapses are required. We probed tran
10.1523/jneurosci.1921-08.2008	Firing-Pattern-Dependent Specificity of Cortical Excitatory Feed-Forward Subnetworks	Journal of Neuroscience	The cortical circuit includes networks of highly interconnected pyramidal neurons. Here, we investigated whether pyramidal cells form subnetworks depending on pyramidal subtypes. We classified layer V (L5) pyramidal cells in rat frontal cortex into three physi
10.1093/icb/icab101	Internal State: Dynamic, Interconnected Communication Loops Distributed Across Body, Brain, and Time	Integrative and Comparative Biology	Synopsis Internal state profoundly alters perception and behavior. For example, a starved fly may approach and consume foods that it would otherwise find undesirable. A socially engaged newt may remain engaged in the presence of a predator, whereas a solitary 
10.1101/2023.07.19.549681	Evolutionarily conserved fMRI network dynamics in the mouse, macaque, and human brain		ABSTRACT Evolutionarily relevant networks have been previously described in several mammalian species using time-averaged analyses of fMRI time-series. However, fMRI network activity is highly dynamic and continually evolves over timescales of seconds. Whether
10.1006/nlme.1998.3841	Information processing with frequency-dependent synaptic connections.	Neurobiology of Learning and Memory	The efficacy of synaptic transmission between two neurons changes as a function of the history of previous activations of the synaptic connection. This history dependence can be characterized by examining the dependence of transmission on the frequency of stim
10.1523/eneuro.0280-23.2023	Synaptic Origins of the Complex Receptive Field Structure in Primate Smooth Monostratified Retinal Ganglion Cells	eNeuro	Considerable progress has been made in studying the receptive fields of the most common primate retinal ganglion cell (RGC) types, such as parasol RGCs. Much less is known about the rarer primate RGC types and the circuitry that gives rise to noncanonical rece
10.1523/jneurosci.5139-09.2010	Dynamics of Synaptic Transmission between Fast-Spiking Interneurons and Striatal Projection Neurons of the Direct and Indirect Pathways	Journal of Neuroscience	The intrastriatal microcircuit is a predominantly inhibitory GABAergic network comprised of a majority of projection neurons [medium spiny neurons (MSNs)] and a minority of interneurons. The connectivity within this microcircuit is divided into two main catego
10.1007/s12021-014-9255-0	From Curves to Trees: A Tree-like Shapes Distance Using the Elastic Shape Analysis Framework	Neuroinformatics	Trees are a special type of graph that can be found in various disciplines. In the field of biomedical imaging, trees have been widely studied as they can be used to describe structures such as neurons, blood vessels and lung airways. It has been shown that th
10.1038/s42003-024-06491-0	Tracing nerve fibers with volume electron microscopy to quantitatively analyze brain connectivity	Communications Biology	The highly complex structure of the brain requires an approach that can unravel its connectivity. Using volume electron microscopy and a dedicated software we can trace and measure all nerve fibers present within different samples of brain tissue. With this so
10.1007/s10827-025-00914-5	Differential temporal filtering in the fly optic lobe	Journal of Computational Neuroscience	Visual interneurons come in many different flavors, representing luminance changes at one location as ON or OFF signals with different dynamics, ranging from purely sustained to sharply transient responses. While the functional relevance of this representation
10.1113/jp290088	Cellular and synaptic mechanisms of retinal processing	Journal of Physiology	Human behaviour relies heavily on vision, and it is no surprise that scientists have long been interested in understanding the organization and function of the visual system. Indeed, there has been intense focus on understanding the first stage of vision, whic
10.1109/icip.2018.8451280	Morphology-Retained Non-Linear Image Registration of Serial Electron Microscopy Sections	International Conference on Information 	Image registration of serial electron microscopy (EM) sections is a feasible way to reveal 3D structure of the biological tissue. However, the image registration proves difficult, as it is hard to find reliable correspondences between the adjacent sections and
10.1101/2025.11.17.688806	An inhibitory feedback circuit mediating sleep need and sensory gating in Drosophila	bioRxiv	Many animals integrate sensory information during the day and sleep at night. How sensory processing during wakefulness contributes to making an organism tired at night, however, remains elusive. Here, we investigate the role of excitatory helicon cells in Dro
10.1016/j.neuroscience.2021.11.033	GABAergic Interneurons with nonlinear dendrites: from neuronal computations to memory engrams.	Neuroscience	GABAergic interneurons are a highly diverse class of neurons in the mammalian brain with a critical role in orchestrating multiple cognitive functions and maintaining the balance of excitation/ inhibition across neuronal circuitries. In this perspective, we di
10.1146/annurev-neuro-070815-013824	Ten Years of Grid Cells.	Annual Review of Neuroscience	The medial entorhinal cortex (MEC) creates a neural representation of space through a set of functionally dedicated cell types: grid cells, border cells, head direction cells, and speed cells. Grid cells, the most abundant functional cell type in the MEC, have
10.1002/hipo.20551	Synaptic potentiation induces increased glial coverage of excitatory synapses in CA1 hippocampus	Hippocampus	Abstract Patterns of activity that induce synaptic plasticity at excitatory synapses, such as long‐term potentiation, result in structural remodeling of the postsynaptic spine, comprising an enlargement of the spine head and reorganization of the postsynaptic 
10.1109/isbi.2018.8363597	Deep contextual residual network for electron microscopy image segmentation in connectomics	IEEE International Symposium on Biomedic	The goal of connectomics research is to manifest the mechanisms and functions of neural system by using electron microscopy (EM). One of the biggest challenges in connectomic reconstruction is developing reliable neuronal membranes segmentation method to reduc
10.1038/s41592-025-02784-2	Reconstruction of a connectome of single neurons in mouse brains by cross-validating multi-scale multi-modality data	Nature Methods	Brain networks, or connectomes, have inspired research at macro-, meso- and micro-scales. However, the rise of single-cell technologies necessitates inferring connectomes consisting of individual neurons projecting throughout the brain. Her, we present a scala
10.1002/cne.22156	Three-dimensional properties of GnRH neuroterminals in the median eminence of young and old rats	The Journal of comparative neurology	The decapeptide gonadotropin‐releasing hormone (GnRH), which regulates reproduction in all vertebrates, is stored in, and secreted from, large dense‐core secretory vesicles in nerve terminals in the median eminence. GnRH is released from these terminals with b
10.1371/journal.pgen.1007477	OFF-responses of interneurons optimize avoidance behaviors depending on stimulus strength via electrical synapses	PLoS Genetics	Optimization of the types and timing of avoidance behaviors depending on the intensity of a noxious stimulus is essential for survival; however, processing in the central nervous system and its developmental basis are largely unknown. Here, we report that Caen
10.1038/nn0203-103	Ephrins keep dendritic spines in shape	Nature Neuroscience	
10.1038/s41598-025-18207-3	Patch2MAP combines patch-clamp electrophysiology with super-resolution structural and protein imaging in identified single neurons without genetic mod	Scientific Reports	Recent developments in super-resolution microscopy have revolutionized the study of cell biology. However, dense tissues require exogenous protein expression for single cell morphological contrast. In the nervous system, many cell types and/or species of inter
10.1007/s12038-025-00513-7	C. elegans wired and wireless connectome: insights into principles of nervous system structure and function	Journal of Biosciences	Caenorhabditis elegans is one of the primary model organisms for neuroscience research due to its well annotated and compact nervous system. Being the first organism with a mapped connectome, published nearly 40 years ago, it holds a critical place in the fiel
10.1371/journal.pcbi.1005374	The missing link: Predicting connectomes from noisy and partially observed tract tracing data	bioRxiv	Our understanding of the wiring map of the brain, known as the connectome, has increased greatly in the last decade, mostly due to technological advancements in neuroimaging techniques and improvements in computational tools to interpret the vast amount of ava
10.1016/j.cub.2015.01.013	Elementary motion detectors.	Current Biology	A quick guide to the elementary motion detector- a model of how a simple neural circuit can detect visual motion, developed from work on insect vision but which seems also to be relevant to vertebrate visual systems.
10.1016/j.tins.2015.02.004	Towards Automatic Classification of Neurons	Trends in Neurosciences	The classification of neurons into types has been much debated since the inception of modern neuroscience. Recent experimental advances are accelerating the pace of data collection. The resulting information growth of morphological, physiological, and molecula
10.1038/nature17977	Sex-specific pruning of neuronal synapses in Caenorhabditis elegans	Nature	Whether and how neurons that are present in both sexes of the same species can differentiate in a sexually dimorphic manner is not well understood. A comparison of the connectomes of the Caenorhabditis elegans hermaphrodite and male nervous systems reveals the
10.1038/nrn3901	The connectomics of brain disorders	Nature Reviews Neuroscience	Pathological perturbations of the brain are rarely confined to a single locus; instead, they often spread via axonal pathways to influence other regions. Patterns of such disease propagation are constrained by the extraordinarily complex, yet highly organized,
10.1038/nature19058	A transsynaptic nanocolumn aligns neurotransmitter release to receptors	Nature	Synaptic transmission is maintained by a delicate, sub-synaptic molecular architecture, and even mild alterations in synapse structure drive functional changes during experience-dependent plasticity and pathological disorders. Key to this architecture is how t
10.1523/jneurosci.2646-13.2013	Superficially Projecting Principal Neurons in Layer V of Medial Entorhinal Cortex in the Rat Receive Excitatory Retrosplenial Input	Journal of Neuroscience	Principal cells in layer V of the medial entorhinal cortex (MEC) have a nodal position in the cortical–hippocampal network. They are the main recipients of hippocampal output and receive inputs from several cortical areas, including a prominent one from the re
10.7554/elife.22497	Think small	eLife	The tadpole larva of a sea squirt is only the second animal to have its entire nervous system mapped out, and the results confirm that there is still much to learn from the smallest brains.
10.1002/cne.22383	New brain pathways found in the vocal control system of a songbird	The Journal of comparative neurology	Abstract Songbirds use a complex network of discrete brain areas and connecting fiber tracts to sing their song, but our knowledge of this circuitry may be incomplete. The forebrain area, “caudal mesopallium” (CM), has received much attention recently for its 
10.3389/fncel.2021.707813	Buffering by Transporters Can Spare Geometric Hindrance in Controlling Glutamate Escape	Frontiers in Cellular Neuroscience	The surface of astrocyte processes that often surround excitatory synapses is packed with high-affinity glutamate transporters, largely preventing extrasynaptic glutamate escape. The shape and prevalence of perisynaptic astroglia vary among brain regions, in s
10.1371/journal.pcbi.1007974	Synaptic polarity and sign-balance prediction using gene expression data in the Caenorhabditis elegans chemical synapse neuronal connectome network	bioRxiv	Graph theoretical analyses of nervous systems usually omit the aspect of connection polarity, due to data insufficiency. The chemical synapse network of Caenorhabditis elegans is a well-reconstructed directed network, but the signs of its connections are yet t
10.3902/jnns.30.94	広視野2光子励起顕微鏡が明らかにする単一神経細胞の機能的ネットワーク	The Brain &amp; Neural Networks	脳は異なる役割を担う部位の集合体であり，各脳領域の神経細胞がシナプスを介して神経回路を形成し，その神経回路に機能が生まれると考えられている．しかしながら，多領域を越えて単一細胞の解像度で神経回路の活動を計測する観測系は確立しておらず，広域に渡る神経回路の機能的構造は不明であった．我々は広視野・高解像度・高速撮像・高感度・無収差を同時に満たす2光子励起顕微鏡「FASHIO-2PM（fast-scanning high optical invariant two-photon microscopy）」を開発した．マウス
10.1093/bioinformatics/btr378	Biologically inspired EM image alignment and neural reconstruction	Bioinform.	Abstract Motivation: Three-dimensional reconstruction of consecutive serial-section transmission electron microscopy (ssTEM) images of neural tissue currently requires many hours of manual tracing and annotation. Several computational techniques have already b
10.1038/nrn3214	The economy of brain network organization	Nature Reviews Neuroscience	The brain is expensive, incurring high material and metabolic costs for its size--relative to the size of the body--and many aspects of brain network organization can be mostly explained by a parsimonious drive to minimize these costs. However, brain networks 
10.1371/journal.pcbi.1006593	A regularity index for dendrites - local statistics of a neuron's input space	PLoS Comput. Biol.	Neurons collect their inputs from other neurons by sending out arborized dendritic structures. However, the relationship between the shape of dendrites and the precise organization of synaptic inputs in the neural tissue remains unclear. Inputs could be distri
10.1038/s41467-020-15964-9	Neuromedin U signaling regulates retrieval of learned salt avoidance in a C. elegans gustatory circuit	Nature Communications	Learning and memory are regulated by neuromodulatory pathways, but the contribution and temporal requirement of most neuromodulators in a learning circuit are unknown. Here we identify the evolutionarily conserved neuromedin U (NMU) neuropeptide family as a re
10.1016/s0896-6273(02)00576-7	Calcium dynamics of spines depend on their dendritic location.	Neuron	Dendritic spines are morphologically and functionally heterogeneous. To understand this diversity, we use two-photon imaging of layer 5 neocortical pyramidal cells and measure action potential-evoked [Ca(2+)]i transients in spines. Spine calcium kinetics are c
10.1109/ijcnn.2011.6033510	Knife-edge scanning microscopy for connectomics research	The 2011 International Joint Conference 	In this paper, we will review a novel microscopy modality called Knife-Edge Scanning Microscopy (KESM) that we have developed over the past twelve years (since 1999) and discuss its relevance to connectomics and neural networks research. The operational princi
10.1017/s1740925x10000165	Bergmann glial ensheathment of dendritic spines regulates synapse number without affecting spine motility	Neuron Glia Biology	In the cerebellum, lamellar Bergmann glial (BG) appendages wrap tightly around almost every Purkinje cell dendritic spine. The function of this glial ensheathment of spines is not entirely understood. The development of ensheathment begins near the onset of sy
10.1159/000047217	A Comparative Study of Protein Kinase C-Like Immunoreactive Cells in the Retina	Brain, Behavior and Evolution	The present study is a morphological and quantitative analysis of protein kinase C-like immunoreactive (PKC-L ir) bipolar cells in the retinas of five different vertebrate species (chicken, tench, zebrafish, goldfish and rat). The morphology of PKC-L-ir bipola
10.1523/jneurosci.1317-18.2019	Light-Activated ROS Production Induces Synaptic Autophagy	Journal of Neuroscience	The regulated turnover of synaptic vesicle (SV) proteins is thought to involve the ubiquitin-dependent tagging and degradation through endo-lysosomal and autophagy pathways. Yet, it remains unclear which of these pathways are used, when they become activated, 
10.1371/journal.pcbi.1006795	Simulation of calcium signaling in fine astrocytic processes: Effect of spatial properties on spontaneous activity	bioRxiv	Astrocytes, a glial cell type of the central nervous system, have emerged as detectors and regulators of neuronal information processing. Astrocyte excitability resides in transient variations of free cytosolic calcium concentration over a range of temporal an
10.1016/j.conb.2017.12.019	Mutual inhibition of lateral inhibition: a network motif for an elementary computation in the brain.	Current Opinion in Neurobiology	A series of classical studies in non-human primates has revealed the neuronal activity patterns underlying decision-making. However, the circuit mechanisms for such patterns remain largely unknown. Recent detailed circuit analyses in simpler neural systems hav
10.1038/s41467-025-61771-5	Somatostatin-expressing interneurons induce early NO-driven and late specific astrocyte-mediated vasodilation	Nature Communications	Somatostatin-expressing (SST) interneurons modulate hemodynamic responses both directly and indirectly, but their precise role remains unclear. Here, we investigated the influence of SST interneurons on hemodynamic control in response to optogenetic stimulatio
10.1002/cne.903520405	Morphology of ganglion cells in the neotenous tiger salamander retina	The Journal of comparative neurology	Abstract The morphology of retinal ganglion cells in the neotenous tiger salamander ( Ambystoma tigrinum ) was analyzed with the aid of morphometric techniques to determine the diversity of cell types and to evaluate the widely held notion that this form of Am
10.1007/978-3-319-57363-2_1	The Current State of the Neuroanatomy Toolkit in the Fruit Fly Drosophila melanogaster	Decoding Neural Circuit Structure and Fu	
10.1016/j.cell.2024.08.015	A LINE ATTRACTOR ENCODING A PERSISTENT INTERNAL STATE REQUIRES NEUROPEPTIDE SIGNALING	Cell	Internal states drive survival behaviors, but their neural implementation is poorly understood. Recently we identified a line attractor in the ventromedial hypothalamus (VMH) that represents a state of aggressiveness. Line attractors can be implemented by recu
10.1016/j.neuroimage.2021.118032	Neural activity temporal pattern dictates long-range propagation targets	NeuroImage	Brain possesses a complex spatiotemporal architecture for efficient information processing and computing. However, it remains unknown how neural signal propagates to its intended targets brain-wide. Using optogenetics and functional MRI, we arbitrarily initiat
10.1267/ahc.17013	A Device for Ribbon Collection for Array Tomography with Scanning Electron Microscopy	Acta Histochemica et Cytochemica	“Array tomography” is a method used to observe the fine structure of cells and tissues in a three-dimensional view. In this method, serial ultrathin sections in the ribbon state (ribbons) are mounted on a solid substrate and observed by scanning electron micro
10.1523/eneuro.0226-23.2023	Ultrastructural Characteristics and Synaptic Connectivity of Photoreceptors in the Simplex Retina of Little Skate (Leucoraja erinacea)	eNeuro	Abstract The retinas of the vast majority of vertebrate species are termed “duplex,” that is, they contain both rod and cone photoreceptor neurons in different ratios. The retina of little skate (Leucoraja erinacea) is a rarity among vertebrates because it con
10.1038/s42003-026-10188-x	FLP-15 functions through the GPCR NPR-3 to regulate local and global search behaviours in Caenorhabditis elegans	Communications Biology	The transition from well-fed to food-deprived conditions in C. elegans triggers a stereotypic exploration behaviour characterised by a temporal decrease in reorientation frequency. In this study we conduct a screen of neuropeptide mutants and identify several 
10.1038/ncomms5294	Astrocyte response to motor neuron injury promotes structural synaptic plasticity via STAT3-regulated TSP-1 expression	Nature Communications	The role of remote astrocyte (AC) reaction to central or peripheral axonal insult is not clearly understood. Here we use a transgenic approach to compare the direct influence of normal with diminished AC reactivity on neuronal integrity and synapse recovery fo
10.1016/j.ijdevneu.2003.12.008	Maturation of astrocyte morphology and the establishment of astrocyte domains during postnatal hippocampal development	International Journal of Developmental N	Abstract Mature protoplasmic astrocytes exhibit an extremely dense ramification of fine processes, yielding a ‘spongiform’ morphology. This complex morphology enables protoplasmic astrocytes to maintain intimate relationships with many elements of the brain pa
10.1016/j.cub.2024.09.059	Neuropeptide inactivation regulates egg-laying behavior to influence reproductive health in Caenorhabditis elegans	Current Biology	SUMMARY Neural communication requires both fast-acting neurotransmitters and neuromodulators that function on slower timescales to communicate. Endogenous bioactive peptides, often called “neuropeptides,” comprise the largest and most diverse class of neuromod
10.1016/bs.mcb.2017.03.013	Relocation is the key to successful correlative fluorescence and scanning electron microscopy.	Methods in Cell Biology	In this chapter the authors report on an automated hardware and software solution enabling swift correlative sample array mapping of fluorescently stained molecules within cells and tissues across length scales. Samples are first observed utilizing wide-field 
10.1101/2022.05.26.493610	An essential experimental control for functional connectivity mapping with optogenetics	bioRxiv	To establish functional connectivity between two candidate neurons that might form a circuit element, a common approach is to activate an optogenetic tool such as Chrimson in the candidate pre-synaptic neuron and monitor fluorescence of the calcium-sensitive i
10.1016/j.neucom.2025.131221	Advancements in neuromorphic computing for bio-inspired artificial vision: A review	Neurocomputing	Neuromorphic computing is revolutionising artificial vision by emulating the human brain’s remarkable efficiency, adaptability, and spatio-temporal processing. This review synthesises recent advances in neuromorphic vision, with a special focus on wave-based d
10.1016/j.neuron.2018.07.003	Linking Connectivity, Dynamics, and Computations in Low-Rank Recurrent Neural Networks.	Neuron	Large-scale neural recordings have established that the transformation of sensory stimuli into motor outputs relies on low-dimensional dynamics at the population level, while individual neurons exhibit complex selectivity. Understanding how low-dimensional com
10.1101/2020.06.09.143248	Harmonization of L1CAM expression facilitates axon outgrowth and guidance of a motor neuron	Development	ABSTRACT Brain development requires precise regulation of axon outgrowth, guidance and termination by multiple signaling and adhesion molecules. How the expression of these neurodevelopmental regulators is transcriptionally controlled is poorly understood. The
10.1534/genetics.118.300834	Regulation of Glutamate Signaling in the Sensorimotor Circuit by CASY-1A/Calsyntenin in Caenorhabditis elegans	Genetics	Locomotion is one of the most prominent behaviors in the nematode Caenorhabditis elegans. Neuronal circuits that ultimately produce coordinated dorso-ventral sinusoidal bends mediate this behavior. Synchronized locomotion requires an intricate balance between 
10.1093/cercor/bhm027	Local potential connectivity in cat primary visual cortex.	Cerebral Cortex	Time invariant description of synaptic connectivity in cortical circuits may be precluded by the ongoing growth and retraction of dendritic spines accompanied by the formation and elimination of synapses. On the other hand, the spatial arrangement of axonal an
10.48550/arxiv.2402.14102	<NO TITLE>		The static synaptic connectivity of neuronal circuits stands in direct contrast to the dynamics of their function. As in changing community interactions, different neurons can participate actively in various combinations to effect behaviors at different times.
10.1101/2025.10.16.682869	Synapse Detection Efficiency in EM Drosophila Connectomics	bioRxiv	Researchers have long noted the differences in synapse count between different EM reconstructions of similar circuitry. In this paper we attempt to determine the portion of these differences that may be due to different sample preparation and imaging technique
10.7554/elife.78811	An increase of inhibition drives the developmental decorrelation of neural activity	eLife	Throughout development, the brain transits from early highly synchronous activity patterns to a mature state with sparse and decorrelated neural activity, yet the mechanisms underlying this process are poorly understood. The developmental transition has import
10.64898/2026.07.22.740182	Microglia extract neuronal proteolytic organelles via skoupocytosis	bioRxiv	Neurons face unique challenges in maintaining protein homeostasis due to their tortuous morphology and extended processes. Proteolytic organelles are typically transported retrogradely towards their soma for degradation where lysosomes are enriched, but some o
10.7554/elife.09222	Clusters of synaptic inputs on dendrites of layer 5 pyramidal cells in mouse visual cortex	eLife	The spatial organization of synaptic inputs on the dendritic tree of cortical neurons plays a major role for dendritic integration and neural computations, yet, remarkably little is known about it. We mapped the spatial organization of glutamatergic synapses b
10.1016/j.cub.2021.09.008	Response competition between neurons and antineurons in the mushroom body	Current Biology	Summary The mushroom bodies of Drosophila contain circuitry compatible with race models of perceptual choice. When flies discriminate odor intensity differences, opponent pools of αβ core Kenyon cells (on and off αβc KCs) accumulate evidence for increases or d
10.1007/s00422-014-0606-6	Aspects of randomness in neural graph structures	Biological cybernetics	In the past two decades, significant advances have been made in understanding the structural and functional properties of biological networks, via graph-theoretic analysis. In general, most graph-theoretic studies are conducted in the presence of serious uncer
10.1017/s0952523807070174	Glycine receptors of A-type ganglion cells of the mouse retina	Visual Neuroscience	A-type ganglion cells of the mouse retina represent the visual channel that transfers temporal changes of the outside world very fast and with high fidelity. In this study we combined anatomical and physiological methods in order to study the glycinergic, inhi
10.1016/j.celrep.2018.07.018	Olfactory Neurons and Brain Centers Directing Oviposition Decisions in Drosophila	Cell Reports	SUMMARY The sense of smell influences many behaviors, yet how odors are represented in the brain remains unclear. A major challenge to studying olfaction is the lack of methods allowing activation of specific types of olfactory neurons in an ethologically rele
10.1038/s41598-024-66398-y	EDTP enhances and protects the fluorescent signal of GFP in cleared and expanded tissues	Scientific Reports	Advanced 3D high-resolution imaging techniques are essential for investigating biological challenges, such as neural circuit analysis and tumor microenvironment in intact tissues. However, the fluorescence signal emitted by endogenous fluorescent proteins in c
10.1369/jhc.2009.954214	Advanced Correlative Light/Electron Microscopy: Current Methods and New Developments Using Tokuyasu Cryosections	Journal of Histochemistry and Cytochemis	Microscopy is an essential tool for analysis of cellular structures and function. With the advent of new fluorescent probes and super-resolution light microscopy techniques, the study of dynamic processes in living cells has been greatly facilitated. Fluoresce
10.1016/j.jsb.2012.06.006	TxBR montage reconstruction for large field electron tomography.	Journal of Structural Biology	Electron tomography (ET) has been proven an essential technique for imaging the structure of cells beyond the range of the light microscope down to the molecular level. Large-field high-resolution views of biological specimens span more than four orders of mag
10.1371/journal.pone.0158626	Network Analysis and Visualization of Mouse Retina Connectivity Data	PLoS ONE	The largest available cellular level connectivity map, of a 0.1 mm sample of the mouse retina Inner Plexiform Layer, was analysed using network models and visualized using spectral graph layouts and observed cell coordinates. This allows key nodes in the netwo
10.1111/j.1365-2818.2007.01773.x	Atomic force microscope (AFM) combined with the ultramicrotome: a novel device for the serial section tomography and AFM/TEM complementary structural 	Journal of Microscopy	Summary A new device (NTEGRA Tomo) that is based on the integration of the scanning probe microscope (SPM) (NT‐MDT NTEGRA SPM) and the Ultramicrotome (Leica UC6NT) is presented. This integration enables the direct monitoring of a block face surface immediately
10.7554/elife.59976	Distinct subpopulations of mechanosensory chordotonal organ neurons elicit grooming of the fruit fly antennae	eLife	Diverse mechanosensory neurons detect different mechanical forces that can impact animal behavior. Yet our understanding of the anatomical and physiological diversity of these neurons and the behaviors that they influence is limited. We previously discovered t
10.1126/sciadv.abm7723	Mating-driven variability in olfactory local interneuron wiring	Science Advances	Variations in neuronal connectivity occur widely in nervous systems from invertebrates to mammals. Yet, it is unclear how neuronal variability originates, to what extent and at what time scales it exists, and what functional consequences it might carry. To ass
10.1126/science.abq2599	Scale matters: The nested human connectome	Science	A comprehensive description of how neurons and entire brain regions are interconnected is fundamental for a mechanistic understanding of brain function and dysfunction. Neuroimaging has shaped the way to approaching the human brain’s connectivity on the basis 
10.1038/s41598-018-38412-7	Neuronal plasticity affects correlation between the size of dendritic spine and its postsynaptic density	Scientific Reports	Structural plasticity of dendritic spines is thought to underlie memory formation. Size of a dendritic spine is considered proportional to the size of its postsynaptic density (PSD), number of glutamate receptors and synaptic strength. However, whether this co
10.1038/nn.3974	Synaptic diversity enables temporal coding of coincident multisensory inputs in single neurons	Nature Neuroscience	The ability of the brain to rapidly process information from multiple pathways is critical for reliable execution of complex sensory-motor behaviors, yet the cellular mechanisms underlying a neuronal representation of multimodal stimuli are poorly understood. 
10.3389/fnmol.2017.00451	Astroglial Glutamate Signaling and Uptake in the Hippocampus	Frontiers in Molecular Neuroscience	Astrocytes have long been regarded as essentially unexcitable cells that do not contribute to active signaling and information processing in the brain. Contrary to this classical view, it is now firmly established that astrocytes can specifically respond to gl
10.3390/ijms21218048	GPCR-Based Dopamine Sensors—A Detailed Guide to Inform Sensor Choice for In Vivo Imaging	International Journal of Molecular Scien	Understanding how dopamine (DA) encodes behavior depends on technologies that can reliably monitor DA release in freely-behaving animals. Recently, red and green genetically encoded sensors for DA (dLight, GRAB-DA) were developed and now provide the ability to
10.1016/j.tibs.2018.08.003	Exploiting Anatomical Landmarks for Efficient In Vivo CLEM.	TIBS -Trends in Biochemical Sciences. Re	Established protocols for correlating intravital microscopy with electron microscopy remain cumbersome and mostly rely on a combination of artificial fiducials with anatomical landmarks. A recent study describes a new workflow, achieving label-free 3D correlat
10.1126/science.ado8316	Synaptic architecture of a memory engram in the mouse hippocampus	Science	Memory engrams are formed through experience-dependent plasticity of neural circuits, but their detailed architectures remain unresolved. Using 3D electron microscopy, we performed nanoscale reconstructions of the hippocampal CA3-CA1 pathway following chemogen
10.1126/science.abl8519	Brain research challenges supercomputing	Science	Description Big data obtained from unraveling human brain structure raise processing demands The adult human brain contains ∼86 billion neurons (1). Zooming into its cellular and subcellular details to reveal different aspects of neuronal connectivity is a key
10.1038/s41598-021-83813-w	Click-correlative light and electron microscopy (click-AT-CLEM) for imaging and tracking azido-functionalized sphingolipids in bacteria	Scientific Reports	Sphingolipids, including ceramides, are a diverse group of structurally related lipids composed of a sphingoid base backbone coupled to a fatty acid side chain and modified terminal hydroxyl group. Recently, it has been shown that sphingolipids show antimicrob
10.3389/fphys.2024.1410946	Modeling and characterization of pure and odorant mixture processing in the Drosophila mushroom body calyx	Frontiers in Physiology	Associative memory in the Mushroom Body of the fruit fly brain depends on the encoding and processing of odorants in the first three stages of the Early Olfactory System: the Antenna, the Antennal Lobe and the Mushroom Body Calyx. The Kenyon Cells (KCs) of the
10.1523/jneurosci.4473-03.2004	Climbing Fiber Activation of EAAT4 Transporters and Kainate Receptors in Cerebellar Purkinje Cells	Journal of Neuroscience	Cerebellar Purkinje cells (PCs) express two glutamate transporters, EAAC1 (EAAT3) and EAAT4; however, their relative contribution to the uptake of glutamate at synapses is not known. We found that glutamate transporter currents recorded at climbing fiber (CF)-
10.1101/2024.11.27.625336	UniSPAC: A Unified Segmentation Framework for Proofreading and Annotation in Connectomics		Reconstructing dense neuronal connections from volume electron microscopy (vEM) images is a critical challenge in neuroscience, driving the development of various automatic neuron segmentation methods. Although current state-of-the-art automated segmentation m
10.1113/jp279214	Resilience of neural networks for locomotion	Journal of Physiology	Locomotion is an essential behaviour for the survival of all animals. The neural circuitry underlying locomotion is therefore highly robust to a wide variety of perturbations, including injury and abrupt changes in the environment. In the short term, fault tol
10.1101/675371	A workflow for visualizing human cancer biopsies using large-format electron microscopy	bioRxiv	Recent developments in large format electron microscopy have enabled generation of images that provide detailed ultrastructural information on normal and diseased cells and tissues. Analyses of these images increase our understanding of cellular organization a
10.1101/sqb.2014.79.024695	Neural Circuits for Motion Vision in the Fly.	Cold Spring Harbor Symposia on Quantitat	Seeing the direction of motion is fundamental for visual navigation, predator avoidance, and prey capture. However, the direction of motion is not explicitly represented at the level of individual photoreceptors. Rather, directional motion information needs to
10.1101/2023.10.23.563679	A Pipeline for a Primate Projectome: mapping every individual myelinated axon across the whole brain	bioRxiv	1 Abstract We developed a pipeline to detail the morphology and complete trajectory of every long distance projecting neuron in large volumes of the non-human primate brain - a projectome. A projectome would organize how the hundreds of brain regions in a prim
10.1038/s42003-023-04511-z	Uncovering hidden network architecture from spiking activities using an exact statistical input-output relation of neurons	Communications Biology	Identifying network architecture from observed neural activities is crucial in neuroscience studies. A key requirement is knowledge of the statistical input-output relation of single neurons in vivo. By utilizing an exact analytical solution of the spike-timin
10.1109/icip.2018.8451040	Benchmarking of Image Registration Methods for Differently Stained Histological Slides	International Conference on Information 	Image registration is a common task for many biomedical analysis applications. The present work focuses on the benchmarking of registration methods on differently stained histological slides. This is a challenging task due to the differences in the appearance 
10.3389/fncir.2018.00029	The Effect of Single Pyramidal Neuron Firing Within Layer 2/3 and Layer 4 in Mouse V1	Front. Neural Circuits	The influence of cortical cell spiking activity on nearby cells has been studied extensively in vitro. Less is known, however, about the impact of single cell firing on local cortical networks in vivo. In a pioneering study, Kwan and Dan (Kwan and Dan, 2012) r
10.1007/s00429-007-0144-2	Excitatory signal flow and connectivity in a cortical column: focus on barrel cortex	Brain Structure and Function	A basic feature of the neocortex is its organization in functional, vertically oriented columns, recurring modules of signal processing and a system of transcolumnar long-range horizontal connections. These columns, together with their network of neurons, pres
10.1073/pnas.2308067121	Timed receptor tyrosine kinase signaling couples the central and a peripheral circadian clock in Drosophila	bioRxiv	Circadian clocks impose daily periodicities to behavior, physiology, and metabolism. This control is mediated by a central clock and by peripheral clocks, which are synchronized to provide the organism with a unified time through mechanisms that are not fully 
10.1038/s41467-023-42864-5	Rapid threat assessment in the Drosophila thermosensory system	bioRxiv	Neurons that participate in sensory processing often display “ON” responses, i.e. fire transiently at the onset of a stimulus. ON transients are widespread, perhaps universal to sensory coding, yet their function is not always well-understood. Here, we show th
10.1016/j.jsb.2020.107551	Dual-axis STEM tomography at 200 kV: setup, performance, limitations.	Journal of Structural Biology	The interpretation of cell biological processes hinges on the elucidation of the underlying structures. Their three-dimensional analysis using electron tomography has extended our understanding of cellular organelles to a great extent. The investigations depen
10.1016/j.tics.2013.09.012	Network hubs in the human brain.	Trends in Cognitive Sciences	Virtually all domains of cognitive function require the integration of distributed neural activity. Network analysis of human brain connectivity has consistently identified sets of regions that are critically important for enabling efficient neuronal signaling
10.1369/0022155415609099	Correlative Light and Scanning Electron Microscopy for Observing the Three-Dimensional Ultrastructure of Membranous Cell Organelles in Relation to The	Journal of Histochemistry and Cytochemis	Although the osmium maceration method has been used to observe three-dimensional (3D) structures of membranous cell organelles with scanning electron microscopy (SEM), the use of osmium tetroxide for membrane fixation and the removal of cytosolic soluble prote
10.1117/1.nph.11.3.033403	Linking brain activity across scales with simultaneous opto- and electrophysiology	Neurophotonics	Abstract. The brain enables adaptive behavior via the dynamic coordination of diverse neuronal signals across spatial and temporal scales: from fast action potential patterns in microcircuits to slower patterns of distributed activity in brain-wide networks. U
10.1093/cercor/1.1.1-a	Preface: Cerebral Cortex Has Come of Age	Cerebral Cortex	In recent years, many new cortical areas have been identified in the macaque monkey. The number of identified connections between areas has increased even more dramatically. We report here on (1) a summary of the layout of cortical areas associated with vision
10.3389/fnmol.2020.572312	Neuronal Activity at Synapse Resolution: Reporters and Effectors for Synaptic Neuroscience	Frontiers in Molecular Neuroscience	The development of methods for the activity-dependent tagging of neurons enabled a new way to tackle the problem of engram identification at the cellular level, giving rise to groundbreaking findings in the field of memory studies. However, the resolution of a
10.1523/jneurosci.1316-16.2016	Age-Related Changes in Axonal and Mitochondrial Ultrastructure and Function in White Matter	Journal of Neuroscience	The impact of aging on CNS white matter (WM) is of general interest because the global effects of aging on myelinated nerve fibers are more complex and profound than those in cortical gray matter. It is important to distinguish between axonal changes created b
10.1038/s42003-024-06788-0	Semantic redundancy-aware implicit neural compression for multidimensional biomedical image data	bioRxiv	With the rapid development in advanced imaging techniques, massive image data have been acquired for various biomedical applications, posing significant challenges to their efficient storage, transmission, and sharing. Classical model-or learning-based compres
10.1242/jcs.108381	The doublecortin-related gene zyg-8 is a microtubule organizer in Caenorhabditis elegans neurons	Journal of Cell Science	Doublecortin-domain containing (DCDC) genes play key roles in the normal and pathological development of the human brain cortex. The origin of the cellular specialization and the functional redundancy of these microtubule (MT)-associated proteins (MAPs), espec
10.1146/annurev-neuro-062012-170307	Genetic approaches to neural circuits in the mouse.	Annual Review of Neuroscience	To understand the organization and assembly of mammalian brain circuits, we need a comprehensive tool set that can address the challenges of cellular diversity, spatial complexity at synapse resolution, dynamic complexity of circuit operations, and multifacete
10.1038/s41596-025-01260-7	Multiplexed genetic tags for electron and fluorescence microscopy.	Nature Protocols	This protocol provides comprehensive guidance for researchers, including those with limited electron microscopy (EM) experience, on the effective use of genetically encoded, multichannel EMcapsulin reporters in both fluorescence microscopy and EM workflows. EM
10.1002/cne.20813	Mapping glutamate responses in immunocytochemically identified neurons of the mouse retina	The Journal of comparative neurology	Abstract The mammalian retina contains as many as 50–60 unique cell types, many of which have been identified using various neurochemical markers. Retinal neurons express N‐methyl‐D‐aspartate (NMDA), α‐amino‐3‐hydroxyl‐5‐methylisoxazole‐4‐propionic acid (AMPA)
10.1523/jneurosci.2055-07.2007	NeuroMorpho.Org: A Central Resource for Neuronal Morphologies	Journal of Neuroscience	The structure of dendrites and axons plays fundamental roles in synaptic integration and network connectivity. Synergistic advances in neurobiology (e.g., intracellular injections, fluorescent protein expression), microscopy (e.g., multiphoton laser scanning, 
10.1186/1749-8104-5-26	Drosophila type II neuroblast lineages keep Prospero levels low to generate large clones that contribute to the adult brain central complex	Neural Development	Tissue homeostasis depends on the ability of stem cells to properly regulate self-renewal versus differentiation. Drosophila neural stem cells (neuroblasts) are a model system to study self-renewal and differentiation. Recent work has identified two types of l
10.1371/journal.pgen.1010016	Kinesin-3 mediated axonal delivery of presynaptic neurexin stabilizes dendritic spines and postsynaptic components	PLoS Genetics	The functional properties of neural circuits are defined by the patterns of synaptic connections between their partnering neurons, but the mechanisms that stabilize circuit connectivity are poorly understood. We systemically examined this question at synapses 
10.1895/wormbook.1.156.1	Keeping track of worm trackers.	WormBook	C. elegans is used extensively as a model system in the neurosciences due to its well defined nervous system. However, the seeming simplicity of this nervous system in anatomical structure and neuronal connectivity, at least compared to higher animals, underli
10.1073/pnas.2422706122	Functional mapping of the molluscan brain guided by synchrotron X-ray tomography	Proceedings of the National Academy of S	Significance Thanks to their accessible nervous systems, simple model organisms have provided some of the most fundamental insights into how neural circuits generate and control behavior. However, in many cases, understanding is constrained by the absence of d
10.1016/j.brainresrev.2010.06.003	Molecular and functional heterogeneity of neural circuits: an example from the olfactory bulb.	Brain Research Reviews	In 1875 Camillo Golgi published his classical description of the olfactory bulb, which contained the first images of neurons visualized with the "black reaction". This new staining method opened the way for structural investigations of the nervous tissue, that
10.3109/01677063.2014.922558	A Challenge of Numbers and Diversity: Neurogenesis in the Drosophila Optic Lobe	Journal of neurogenetics	The brain areas that endow insects with the ability to see consist of remarkably complex neural circuits. Reiterated arrays of many diverse neuron subtypes are assembled into modular yet coherent functional retinotopic maps. Tremendous progress in developing g
10.1038/41335	Optical detection of a quantal presynaptic membrane turnover	Nature	Exploration of the mechanisms and plasticity of synaptic transmission has been hindered by the lack of a method to measure single vesicle turnover directly in individual presynaptic boutons at isolated nerve terminals. Although postsynaptic electrical recordin
10.1038/s41586-025-08746-0	Connectome-driven neural inventory of a complete visual system	Nature	Vision provides animals with detailed information about their surroundings and conveys diverse features such as colour, form and movement across the visual scene. Computing these parallel spatial features requires a large and diverse network of neurons. Conseq
10.1371/journal.pcbi.1004307	Emergence of Functional Specificity in Balanced Networks with Synaptic Plasticity	PLoS Comput. Biol.	In rodent visual cortex, synaptic connections between orientation-selective neurons are unspecific at the time of eye opening, and become to some degree functionally specific only later during development. An explanation for this two-stage process was proposed
10.1038/s41467-025-59635-z	Cadherins orchestrate specific patterns of perisomatic inhibition onto distinct pyramidal cell populations	bioRxiv	In the mammalian neocortex, excitatory pyramidal cells are assembled into distinct subnetworks, which project to different brain areas. GABAergic interneurons were long thought to connect promiscuously and extensively to pyramidal neurons, but recent evidence 
10.1101/416156	A comprehensive data-driven model of cat primary visual cortex	bioRxiv	Knowledge integration based on the relationship between structure and function of the neural substrate is one of the main targets of neuroinformatics and data-driven computational modeling. However, the multiplicity of data sources, the diversity of benchmarks
10.1177/0748730421993953	Integration of Circadian Clock Information in the Drosophila Circadian Neuronal Network	Journal of Biological Rhythms	Circadian clocks are biochemical time-keeping machines that synchronize animal behavior and physiology with planetary rhythms. In Drosophila, the core components of the clock comprise a transcription/translation feedback loop and are expressed in seven neurona
10.1101/2024.05.02.592169	Human hippocampal CA3 uses specific functional connectivity rules for efficient associative memory	bioRxiv	The human brain has remarkable computational power. It generates sophisticated behavioral sequences, stores engrams over an individual’s lifetime, and produces higher cognitive functions up to the level of consciousness. However, so little of our neuroscience 
10.1016/j.conb.2004.05.004	Genetic methods for illuminating the function of neural circuits.	Current Opinion in Neurobiology	Guided by the notion that biology itself offers some of the most incisive tools for studying biological systems, neurophysiologists rely increasingly on cell biological mechanisms and materials encoded in DNA to visualize and control the activity of neurons in
10.48550/arxiv.2603.00887	VEMamba: Efficient Isotropic Reconstruction of Volume Electron Microscopy with Axial-Lateral Consistent Mamba	arXiv.org	Volume Electron Microscopy (VEM) is crucial for 3D tissue imaging but often produces anisotropic data with poor axial resolution, hindering visualization and downstream analysis. Existing methods for isotropic reconstruction often suffer from neglecting abunda
10.1038/s41583-019-0242-1	Understanding the retinal basis of vision across species	Nature Reviews Neuroscience	The vertebrate retina first evolved some 500 million years ago in ancestral marine chordates. Since then, the eyes of different species have been tuned to best support their unique visuoecological lifestyles. Visual specializations in eye designs, large-scale 
10.1073/pnas.2404039122	Structure of activity in multiregion recurrent neural networks	Proceedings of the National Academy of S	Significance The increasing availability of multiregion neural recordings underscores the challenge of understanding neural dynamics across interconnected brain regions. We propose and analyze a multiregion network model leveraging low-rank connectivity for se
10.1016/j.neuron.2010.08.030	Drosophila Dscam Proteins Regulate Postsynaptic Specificity at Multiple-Contact Synapses	Neuron	Summary In both vertebrate and invertebrate visual systems, neurons form multiple-contact synapses at which a single presynaptic site releases neurotransmitter upon a discrete combination of different postsynaptic cells. Recognition mechanisms underlying the a
10.1038/nn.3837	The big data challenges of connectomics	Nature Neuroscience	The structure of the nervous system is extraordinarily complicated because individual neurons are interconnected to hundreds or even thousands of other cells in networks that can extend over large volumes. Mapping such networks at the level of synaptic connect
10.1038/s41598-020-60214-z	The temporal structure of the inner retina at a single glance	Scientific Reports	The retina decomposes visual stimuli into parallel channels that encode different features of the visual environment. Central to this computation is the synaptic processing in a dense layer of neuropil, the so-called inner plexiform layer (IPL). Here, differen
10.1186/s12915-022-01336-w	A neuromechanical model for Drosophila larval crawling based on physical measurements	BMC Biology	Animal locomotion requires dynamic interactions between neural circuits, the body (typically muscles), and surrounding environments. While the neural circuitry of movement has been intensively studied, how these outputs are integrated with body mechanics (neur
10.1016/j.tics.2023.04.009	Toward computational neuroconstructivism: a framework for developmental systems neuroscience.	Trends in Cognitive Sciences	Brain development is underpinned by complex interactions between neural assemblies, driving structural and functional change. This neuroconstructivism (the notion that neural functions are shaped by these interactions) is core to some developmental theories. H
10.1093/jmicro/dfy128	Nano-scale analysis of synapse morphology in an autism mouse model with 15q11-13 copy number variation using focused ion beam milling and scanning ele	Microscopy	Circuit-level alternations in patients of autism spectrum disorder (ASD) is under active investigation and detailed characterization of synapse morphology in ASD model mice should be informative. We utilized focused ion beam milling and scanning electron micro
10.1002/1873-3468.12298	Programmed cell death acts at different stages of Drosophila neurodevelopment to shape the central nervous system	FEBS Letters	Nervous system development is a process that integrates cell proliferation, differentiation, and programmed cell death (PCD). PCD is an evolutionary conserved mechanism and a fundamental developmental process by which the final cell number in a nervous system 
10.1016/bs.ctdb.2020.02.010	Gene regulatory networks during the development of the Drosophila visual system	Current Topics in Developmental Biology	The Drosophila visual system integrates input from 800 ommatidia and extracts different features in stereotypically connected optic ganglia. The development of the Drosophila visual system is controlled by gene regulatory networks that control the number of pr
10.3389/fopht.2024.1428777	High-throughput ultrastructural analysis of macular telangiectasia type 2	Frontiers in Ophthalmology	Introduction Macular Telangiectasia type 2 (MacTel), is an uncommon form of late-onset, slowly-progressive macular degeneration. Associated with regional Müller glial cell loss in the retina and the amino acid serine synthesized by Müller cells, the disease is
10.1111/ejn.16294	The neuropeptide pigment‐dispersing factor signals independently of Bruchpilot‐labelled active zones in daily remodelled terminals of Drosophila clock	European Journal of Neuroscience	The small ventrolateral neurons (sLNvs) are key components of the central clock in the Drosophila brain. They signal via the neuropeptide pigment‐dispersing factor (PDF) to align the molecular clockwork of different central clock neurons and to modulate downst
10.1016/b978-0-12-374709-9.00014-6	The Human Connectome	Diffusion MRI	
10.1101/795922	Long-range interhemispheric projection neurons show biased response properties and fine-scale local subnetworks in mouse visual cortex	bioRxiv	Integration of information processed separately in distributed brain regions is essential for brain functions. This integration is enabled by long-range projection neurons, and further, concerted interactions between long-range projections and local microcircu
10.1101/2021.05.04.442674	Functional and ultrastructural analysis of reafferent mechanosensation in larval zebrafish	bioRxiv	All animals need to differentiate between exafferent stimuli, which are caused by the environment, and reafferent stimuli, which are caused by their own movement. In the case of mechanosensation in aquatic animals, the exafferent inputs are water vibrations in
10.1016/j.celrep.2024.113798	Complex formation of immunoglobulin superfamily molecules Side-IV and Beat-IIb regulates synaptic specificity.	Cell Reports	Neurons establish specific synapses based on the adhesive properties of cell-surface proteins while also retaining the ability to form synapses in a relatively non-selective manner. However, comprehensive understanding of the underlying mechanism reconciling t
10.1371/journal.pone.0026501	Distribution of Extracellular Glutamate in the Neuropil of Hippocampus	PLoS ONE	Reported values of extracellular glutamate concentrations in the resting state depend on the method of measurement and vary ∼1000-fold. As glutamate levels in the micromolar range can cause receptor desensitization and excitotoxicity, and thus affect neuronal 
10.1016/j.neuron.2008.12.020	The excitatory neuronal network of the C2 barrel column in mouse primary somatosensory cortex.	Neuron	Local microcircuits within neocortical columns form key determinants of sensory processing. Here, we investigate the excitatory synaptic neuronal network of an anatomically defined cortical column, the C2 barrel column of mouse primary somatosensory cortex. Th
10.1101/2023.11.22.567807	IsoVEM: Isotropic Reconstruction for Volume Electron Microscopy Based on Transformer	bioRxiv	Volume electron microscopy (vEM) has become a rapidly developing technique for studying the 3D architecture of biological specimens, such as cells, tissues, and organs at nanometer resolution; this technique involves collecting a series of electron micrographs
10.1186/s12983-019-0330-0	The “amphi”-brains of amphipods: new insights from the neuroanatomy of Parhyale hawaiensis (Dana, 1853)	Frontiers in Zoology	Over the last years, the amphipod crustacean Parhyale hawaiensis has developed into an attractive marine animal model for evolutionary developmental studies that offers several advantages over existing experimental organisms. It is easy to rear in laboratory c
10.1101/2023.11.02.565340	Seven-up acts in neuroblasts to specify adult central complex neuron identity and initiate neuroblast decommissioning	bioRxiv	An open question in neurobiology is how diverse neuron cell types are generated from a small number of neural stem cells. In the Drosophila larval central brain, there are eight bilateral Type 2 neuroblast (T2NB) lineages that express a suite of early temporal
10.1073/pnas.1910589117	The olfactory basis of orchid pollination by mosquitoes	Proceedings of the National Academy of S	Significance Nectar feeding by mosquitoes is important for survival and reproduction, and hence disease transmission. However, we know little about the sensory mechanisms that mediate mosquito attraction to sources of nectar, like those of flowers, or how this
10.1038/s41593-025-02024-y	High-throughput synaptic connectivity mapping using in vivo two-photon holographic optogenetics and compressive sensing	Nature Neuroscience	Characterizing synaptic connectivity in living neural circuits is key to understanding the interplay between network structure and function during behavior. However, the throughput of current in vivo synaptic mapping methods remains very limited. Here, we pres
10.1371/journal.pcbi.1006216	Excitable neuronal assemblies with adaptation as a building block of brain circuits for velocity-controlled signal propagation	PLoS Comput. Biol.	The time scale of neuronal network dynamics is determined by synaptic interactions and neuronal signal integration, both of which occur on the time scale of milliseconds. Yet many behaviors like the generation of movements or vocalizations of sounds occur on t
10.7554/elife.82587	Visual and motor signatures of locomotion dynamically shape a population code for feature detection in Drosophila	eLife	Natural vision is dynamic: as an animal moves, its visual input changes dramatically. How can the visual system reliably extract local features from an input dominated by self-generated signals? In Drosophila, diverse local visual features are represented by a
10.48550/arxiv.2603.20611	GaussianPile: A Unified Sparse Gaussian Splatting Framework for Slice-based Volumetric Reconstruction	arXiv.org	Slice-based volumetric imaging is widely applied and it demands representations that compress aggressively while preserving internal structure for analysis. We introduce GaussianPile, unifying 3D Gaussian splatting with an imaging system-aware focus model to a
10.1002/cne.10220	Synaptic distribution of ionotropic glutamate receptors in the inner plexiform layer of the primate retina	The Journal of comparative neurology	Abstract The distribution and synaptic clustering of glutamate receptors (GluRs) were studied in the inner plexiform layer (IPL) of the macaque monkey retina by using subunit specific antisera. A punctate immunofluorescence pattern was observed in the IPL for 
10.1109/cvpr.2019.00625	Combinatorial Persistency Criteria for Multicut and Max-Cut	Computer Vision and Pattern Recognition	In combinatorial optimization, partial variable assignments are called persistent if they agree with some optimal solution. We propose persistency criteria for the multicut and max-cut problem as well as fast combinatorial routines to verify them. The criteria
10.1016/b978-0-12-385870-2.00011-1	Information Processing in Dendrites and Spines	Fundamental Neuroscience	
10.1002/1873-3468.12757	Cryo‐electron tomography—the cell biology that came in from the cold	FEBS Letters	Cryo‐electron tomography (cryo‐ET) provides high‐resolution 3D views into cells pristinely preserved by vitrification. Recent technical advances such as direct electron detectors, the Volta phase plate and cryo‐focused ion beam milling have dramatically pushed
10.1371/journal.pcbi.1011913	Estimating orientation in natural scenes: A spiking neural network model of the insect central complex	bioRxiv	The central complex of insects contains cells, organised as a ring attractor, that encode head direction. The ‘bump’ of activity in the ring can be updated by idiothetic cues and external sensory information. Plasticity at the synapses between these cells and 
10.3390/cells10050970	Morphological Heterogeneity of the Endoplasmic Reticulum within Neurons and Its Implications in Neurodegeneration	Cells	The endoplasmic reticulum (ER) is a multipurpose organelle comprising dynamic structural subdomains, such as ER sheets and tubules, serving to maintain protein, calcium, and lipid homeostasis. In neurons, the single ER is compartmentalized with a careful segre
10.3389/fnins.2019.01101	Compressive Sensing Inference of Neuronal Network Connectivity in Balanced Neuronal Dynamics	Frontiers in Neuroscience	Determining the structure of a network is of central importance to understanding its function in both neuroscience and applied mathematics. However, recovering the structural connectivity of neuronal networks remains a fundamental challenge both theoretically 
10.1063/1.4865167	A perspective on optical developments in microfluidic platforms for Caenorhabditis elegans research.	Biomicrofluidics	Microfluidics offers unique ways of handling and manipulating microorganisms, which has particularly benefited Caenorhabditis elegans research. Optics plays a major role in these microfluidic platforms, not only as a read-out for the biological systems of inte
10.1101/cshperspect.a020370	Astrocytes Control Synapse Formation, Function, and Elimination	Cold Spring Harbor Perspectives in Biolo	Astrocytes, through their close associations with synapses, can monitor and alter synaptic function, thus actively controlling synaptic transmission in the adult brain. Besides their important role at adult synapses, in the last three decades a number of criti
10.1016/j.neuron.2014.07.037	Visual stimulation switches the polarity of excitatory input to starburst amacrine cells	Neuron	Summary Direction-selective ganglion cells (DSGCs) are tuned to motion in one direction. Starburst amacrine cells (SACs) are thought to mediate this direction selectivity through precise anatomical wiring to DSGCs. Nevertheless, we previously found that visual
10.1016/j.cub.2014.07.063	Circadian pacemaker neurons change synaptic contacts across the day	Current Biology	Summary Daily cycles of rest and activity are a common example of circadian control of physiology. In Drosophila rhythmic locomotor cycles rely on the activity of 150-200 neurons grouped in seven clusters [1, 2]. Work from many laboratories points to the small
10.1371/journal.pone.0069612	Spatial Relationships between GABAergic and Glutamatergic Synapses on the Dendrites of Distinct Types of Mouse Retinal Ganglion Cells across Developme	PLoS ONE	Neuronal output requires a concerted balance between excitatory and inhibitory (I/E) input. Like other circuits, inhibitory synaptogenesis in the retina precedes excitatory synaptogenesis. How then do neurons attain their mature balance of I/E ratios despite t
10.1038/srep09808	A versatile clearing agent for multi-modal brain imaging	Scientific Reports	Extensive mapping of neuronal connections in the central nervous system requires high-throughput µm-scale imaging of large volumes. In recent years, different approaches have been developed to overcome the limitations due to tissue light scattering. These meth
10.1101/2020.02.24.963660	The Wiring Logic of an Identified Serotonergic Neuron That Spans Sensory Networks	Journal of Neuroscience	Serotonergic neurons project widely throughout the brain to modulate diverse physiological and behavioral processes. However, a single-cell resolution understanding of the connectivity of serotonergic neurons is currently lacking. Using a whole-brain EM datase
10.1152/jn.00629.2013	Connection-type-specific biases make uniform random network models consistent with cortical recordings	Journal of Neurophysiology	Uniform random sparse network architectures are ubiquitous in computational neuroscience, but the implicit hypothesis that they are a good representation of real neuronal networks has been met with skepticism. Here we used two experimental data sets, a study o
10.1007/s00422-009-0319-4	Emergence of network structure due to spike-timing-dependent plasticity in recurrent neuronal networks. I. Input selectivity–strengthening correlated 	Biological cybernetics	Spike-timing-dependent plasticity (STDP) determines the evolution of the synaptic weights according to their pre- and post-synaptic activity, which in turn changes the neuronal activity. In this paper, we extend previous studies of input selectivity induced by
10.7554/elife.05793	Ultrastructural analysis of adult mouse neocortex comparing aldehyde perfusion with cryo fixation	eLife	Analysis of brain ultrastructure using electron microscopy typically relies on chemical fixation. However, this is known to cause significant tissue distortion including a reduction in the extracellular space. Cryo fixation is thought to give a truer represent
10.1002/cne.23857	Mapping Chromatic Pathways in the Drosophila Visual System	The Journal of comparative neurology	In Drosophila, color vision and wavelength‐selective behaviors are mediated by the compound eye's narrow‐spectrum photoreceptors R7 and R8 and their downstream medulla projection (Tm) neurons Tm5a, Tm5b, Tm5c, and Tm20 in the second optic neuropil or medulla. 
10.48550/arxiv.2606.14975	Harnessing cortical geometry, wiring, and function as inductive biases for recurrent neural networks	arXiv.org	How the wiring and functional organization of cortex shape recurrent computation remains a central question in both neuroscience and machine learning. Here, we leverage data released through the Machine Intelligence from Cortical Networks (MICrONS) program--a 
10.1085/jgp.202012814	The role of molecular diffusion within dendritic spines in synaptic function	The Journal of General Physiology	Obashi et al. review the regulation of molecular diffusion by dendritic spine structures and discuss its role in synaptic functions and plasticity.
10.48550/arxiv.2310.08513	<NO TITLE>		In theoretical neuroscience, recent work leverages deep learning tools to explore how some network attributes critically influence its learning dynamics. Notably, initial weight distributions with small (resp. large) variance may yield a rich (resp. lazy) regi
10.1016/j.cub.2025.12.031	Navigation circuits: Calcium spikes know which way the wind blows.	Current Biology	A new study has found that wind-sensitive neurons in the fly brain can signal even when inhibited through hyperpolarization-activated calcium channels. This novel cell-intrinsic mechanism allows for wind direction to be mapped into a common reference frame for
10.1111/ejn.70497	Reductionism in Engram Neuroscience	European Journal of Neuroscience	Engrams are a hypothetical construct in neuroscience used to explain memory phenomena. The search for engrams has been energised by the advent of certain reductionist methods that intervene at lower levels of organisation. We defend methodological reductionism
10.1146/annurev.physiol.64.081501.160008	Structure and function of dendritic spines.	Annual Review of Physiology	▪ Abstract Spines are neuronal protrusions, each of which receives input typically from one excitatory synapse. They contain neurotransmitter receptors, organelles, and signaling systems essential for synaptic function and plasticity. Numerous brain disorders 
10.1038/s41467-019-12974-0	Using slow frame rate imaging to extract fast receptive fields	Nature Communications	In functional imaging, large numbers of neurons are measured during sensory stimulation or behavior. This data can be used to map receptive fields that describe neural associations with stimuli or with behavior. The temporal resolution of these receptive field
10.1109/icip.2013.6738838	WATERSHED MERGE FOREST CLASSIFICATION FOR ELECTRON MICROSCOPY IMAGE STACK SEGMENTATION	2013 IEEE International Conference on Im	Automated electron microscopy (EM) image analysis techniques can be tremendously helpful for connectomics research. In this paper, we extend our previous work [1] and propose a fully automatic method to utilize inter-section information for intra-section neuro
10.1109/tnn.2010.2044419	Self-Sustained Irregular Activity in 2-D Small-World Networks of Excitatory and Inhibitory Neurons	IEEE Transactions on Neural Networks	In this paper, we study the self-sustained irregular firing activity in 2-D small-world (SW) neural networks consisting of both excitatory and inhibitory neurons by computational modeling. For a proper proportion of unidirectional shortcuts, the stable self-su
10.1101/2024.12.17.628883	What makes human cortical pyramidal neurons functionally complex		Abstract Humans exhibit unique cognitive abilities within the animal kingdom, but the neural mechanisms driving these advanced capabilities remain poorly understood. Human cortical neurons differ from those of other species, such as rodents, in both their morp
10.1371/journal.pcbi.1005078	Higher-Order Synaptic Interactions Coordinate Dynamics in Recurrent Networks	PLoS Comput. Biol.	Linking synaptic connectivity to dynamics is key to understanding information processing in neocortex. Circuit dynamics emerge from complex interactions of interconnected neurons, necessitating that links between connectivity and dynamics be evaluated at the n
10.64898/2026.08.01.742159	Physics-Guided Neural Reconstruction of Cellular Membranes for 3D Electron Microscopy	bioRxiv	With advances in three-dimensional electron microscopy modalities, quantitative characterization of membrane ultrastructure has emerged as an approach to interrogate how organization of proteins and other components around the membrane drive structure and func
10.7554/elife.40042	A high-throughput neurohistological pipeline for brain-wide mesoscale connectivity mapping of the common marmoset	bioRxiv	Understanding the connectivity architecture of entire vertebrate brains is a fundamental but difficult task. MRI based methods offer whole brain coverage, but remain indirect in the approach to connectivity mapping. Recent progress has been made in directly ma
10.1002/syn.22189	Two Types of Somatic Spines Provide Sites for Intercellular Signaling During Calyx of Held Growth and Maturation	Synapse	Dendritic spines have been described in developing and mature systems, but similar extensions from cell bodies are less studied. We utilized electron microscopy image volumes, uniquely collected across a range of early postnatal and month‐old mice, to characte
10.1007/s00429-019-01842-8	Synaptic mechanisms underlying the intense firing of neocortical layer 5B pyramidal neurons in response to cortico-cortical inputs	Brain Structure and Function	In the neocortex, large layer 5B pyramidal neurons implement a high-density firing code. In contrast, other subtypes of pyramidal neurons, including those in layer 2/3, are functionally characterized by their sparse firing rate. Here, we investigate the synapt
10.1016/j.jphysparis.2006.09.001	Cortical network modeling: analytical methods for firing rates and some properties of networks of LIF neurons.	Journal of Physiology - Paris	The circuitry of cortical networks involves interacting populations of excitatory (E) and inhibitory (I) neurons whose relationships are now known to a large extent. Inputs to E- and I-cells may have their origins in remote or local cortical areas. We consider
10.1038/ncomms7323	The NCA sodium leak channel is required for persistent motor circuit activity that sustains locomotion	Nature Communications	Persistent neural activity, a sustained circuit output that outlasts the stimuli, underlies short-term or working memory, as well as various mental representations. Molecular mechanisms that underlie persistent activity are not well understood. Combining in si
10.1523/jneurosci.2909-15.2016	Top-Down-Mediated Facilitation in the Visual Cortex Is Gated by Subcortical Neuromodulation	Journal of Neuroscience	Response properties in primary sensory cortices are highly dependent on behavioral state. For example, the nucleus basalis of the forebrain plays a critical role in enhancing response properties of excitatory neurons in primary visual cortex (V1) during active
10.1038/srep23721	Conductive resins improve charging and resolution of acquired images in electron microscopic volume imaging	Scientific Reports	Recent advances in serial block-face imaging using scanning electron microscopy (SEM) have enabled the rapid and efficient acquisition of 3-dimensional (3D) ultrastructural information from a large volume of biological specimens including brain tissues. Howeve
10.7554/elife.31307	Local processing in neurites of VGluT3-expressing amacrine cells differentially organizes visual information	eLife	Neurons receive synaptic inputs on extensive neurite arbors. How information is organized across arbors and how local processing in neurites contributes to circuit function is mostly unknown. Here, we used two-photon Ca2+ imaging to study visual processing in 
10.1016/j.neures.2021.12.008	A non-canonical on-demand dopaminergic transmission underlying olfactory aversive learning.	Neurosciences research	Dopamine (DA) is involved in various brain functions including associative learning. However, it is unclear how a small number of DA neurons appropriately regulates various brain functions. DA neurons have a large number of release sites and release DA non-spe
10.1038/srep25350	Feature Adaptive Sampling for Scanning Electron Microscopy	Scientific Reports	A new method for the image acquisition in scanning electron microscopy (SEM) was introduced. The method used adaptively increased pixel-dwell times to improve the signal-to-noise ratio (SNR) in areas of high detail. In areas of low detail, the electron dose wa
10.1042/ebc20220136	Astrocyte heterogeneity and interactions with local neural circuits	Essays in Biochemistry	Abstract Astrocytes are ubiquitous within the central nervous system (CNS). These cells possess many individual processes which extend out into the neuropil, where they interact with a variety of other cell types, including neurons at synapses. Astrocytes are 
10.7554/elife.10719	Reward signal in a recurrent circuit drives appetitive long-term memory formation	eLife	Dopamine signals reward in animal brains. A single presentation of a sugar reward to Drosophila activates distinct subsets of dopamine neurons that independently induce short- and long-term olfactory memories (STM and LTM, respectively). In this study, we show
10.1016/j.mib.2018.01.001	Expanding horizons of cryo-tomography to larger volumes.	Current Opinion in Microbiology	The three dimensional ultrastructure of cells and tissues comes to light with tomography. There is an inherent tension between representing molecular detail at the highest possible resolution, on one hand, and visualizing spatial relations between large organe
10.1002/glia.20696	Confocal imaging and tracking of the exocytotic routes for D‐serine‐mediated gliotransmission	Glia	D‐Serine is an astrocyte‐derived regulator for N‐methyl‐D‐aspartate receptors, but the intracellular routes of its trafficking are still largely unknown. Here, we combined confocal microscopy with colocalization quantification to track the astrocytic organelle
10.1038/s41467-019-13142-0	Brain activity regulates loose coupling between mitochondrial and cytosolic Ca2+ transients	Nature Communications	Mitochondrial calcium ([Ca2+]mito) dynamics plays vital roles in regulating fundamental cellular and organellar functions including bioenergetics. However, neuronal [Ca2+]mito dynamics in vivo and its regulation by brain activity are largely unknown. By perfor
10.7554/elife.108159	Deep neural networks to register and annotate cells in moving and deforming nervous systems	eLife	Aligning and annotating the heterogeneous cell types that make up complex cellular tissues remains a major challenge in the analysis of biomedical imaging data. Here, we present a series of deep neural networks that allow for automatic non-rigid registration a
10.1017/s095252380001097x	The rod bipolar cell of the mammalian retina	Visual Neuroscience	Abstract Three approaches to study the function of mammalian rod bipolar cells are described. Extracellular recordings from the intact cat eye under light- and dark-adapted conditions showed that in dark-adapted retina all light responses can be blocked by 2-a
10.1126/sciadv.abj6815	Ancestral circuits for vertebrate color vision emerge at the first retinal synapse	Science Advances	In vivo recordings of cone photoreceptor outputs in a tetrachromate reveal efficient ancestral strategy for color processing.
10.1002/glia.22966	Dark microglia: A new phenotype predominantly associated with pathological states	Glia	The past decade has witnessed a revolution in our understanding of microglia. These immune cells were shown to actively remodel neuronal circuits, leading to propose new pathogenic mechanisms. To study microglial implication in the loss of synapses, the best p
10.1038/s41586-021-04191-x	Transforming representations of movement from body- to world-centric space	Nature	When an animal moves through the world, its brain receives a stream of information about the body’s translational velocity from motor commands and sensory feedback signals. These incoming signals are referenced to the body, but ultimately, they must be transfo
10.1371/journal.pone.0038173	The Song Must Go On: Resilience of the Songbird Vocal Motor Pathway	PLoS ONE	Stereotyped sequences of neural activity underlie learned vocal behavior in songbirds; principle neurons in the cortical motor nucleus HVC fire in stereotyped sequences with millisecond precision across multiple renditions of a song. The geometry of neural con
10.1093/bioinformatics/btt154	DP2: Distributed 3D image segmentation using micro-labor workforce	Bioinform.	Summary: This application note describes a new scalable semi-automatic approach, the Dual Point Decision Process, for segmentation of 3D structures contained in 3D microscopy. The segmentation problem is distributed to many individual workers such that each re
10.1371/journal.pone.0207828	Full reconstruction of large lobula plate tangential cells in Drosophila from a 3D EM dataset	PLoS ONE	With the advent of neurogenetic methods, the neural basis of behavior is presently being analyzed in more and more detail. This is particularly true for visually driven behavior of Drosophila melanogaster where cell-specific driver lines exist that, depending 
10.1093/cercor/bhg091	MEG tomography of human cortex and brainstem activity in waking and REM sleep saccades.	Cerebral Cortex	We recorded the magnetoencephalographic (MEG) signal from three subjects before, during and after eye movements cued to a tone, self-paced, awake and during rapid eye movement (REM) sleep. During sleep we recorded the MEG signal throughout the night together w
10.1038/nmeth0407-307	The rise of the 'projectome'	Nature Methods	
10.1038/srep00485	Optimal spike-based communication in excitable networks with strong-sparse and weak-dense links	Scientific Reports	The connectivity of complex networks and functional implications has been attracting much interest in many physical, biological and social systems. However, the significance of the weight distributions of network links remains largely unknown except for unifor
10.1016/j.neuron.2026.06.019	Neural traveling waves in cortex: Network mechanisms and potential roles in neural computation.	Neuron	First discovered in anesthetized animals, neural traveling waves (nTWs) have now been observed throughout the brains of awake animals, where they influence neural excitability and behavior. nTWs can arise intrinsically in ongoing network activity or be trigger
10.1016/0306-4522(93)90599-b	Synaptic contacts of serotonin-like immunoreactive and 5,7-dihydroxytryptamine-accumulating neurons in the anuran retina.	Neuroscience	The synapses of serotonin-like immunoreactive retinal neurons were studied in Bufo marinus and Xenopus laevis and those of 5,7-dihydroxytryptamine-labelled cells in Xenopus. Immunoreactivity to serotonin was mostly confined to amacrine cells. Synapses formed b
10.1016/j.cub.2022.09.048	Sleep Need-Dependent Changes in Functional Connectivity Facilitate Transmission of Homeostatic Sleep Drive	Current Biology	Summary How the homeostatic drive for sleep accumulates over time and is released remains poorly understood. In Drosophila, we previously identified the R5 ellipsoid body (EB) neurons as putative sleep drive neurons1 and recently described a mechanism by which
10.1038/nmeth.2485	Making sense of brain network data	Nature Methods	
10.1093/cercor/bhae174	The meso-connectomes of mouse, marmoset, and macaque: network organization and the emergence of higher cognition	Cerebral Cortex	Abstract The recent publications of the inter-areal connectomes for mouse, marmoset, and macaque cortex have allowed deeper comparisons across rodent vs. primate cortical organization. In general, these show that the mouse has very widespread, “all-to-all” int
10.1002/bies.201900088	Prominent Inhibitory Projections Guide Sensorimotor Computation: An Invertebrate Perspective.	Bioessays	From single-cell organisms to complex neural networks, all evolved to provide control solutions to generate context- and goal-specific actions. Neural circuits performing sensorimotor computation to drive navigation employ inhibitory control as a gating mechan
10.1038/s41467-021-22518-0	Democratising deep learning for microscopy with ZeroCostDL4Mic	Nature Communications	Deep Learning (DL) methods are powerful analytical tools for microscopy and can outperform conventional image processing pipelines. Despite the enthusiasm and innovations fuelled by DL technology, the need to access powerful and compatible resources to train D
10.1016/j.celrep.2018.10.029	Combined Positive and Negative Feedback Allows Modulation of Neuronal Oscillation Frequency during Sensory Processing.	Cell Reports	A key step in sensory information processing involves modulation and integration of neuronal oscillations in disparate frequency bands, a poorly understood process. Here, we investigate how top-down input causes frequency changes in slow oscillations during se
10.3109/01677063.2016.1166224	Connectome studies on Drosophila: a short perspective on a tiny brain	Journal of neurogenetics	The brain is a network of neurons, one that generates behaviour, and knowing the former is crucial to understanding the latter. Identifying the exact network of synaptic connections, or connectome, of the fly's central nervous system is now a major objective i
10.1016/j.neuron.2018.05.011	The organization of projections from olfactory glomeruli onto higher-order neurons	Neuron	Summary Each odorant receptor corresponds to a unique glomerulus in the brain. Projections from different glomeruli then converge in higher brain regions, but we do not understand the logic governing which glomeruli converge and which do not. Here we use two-p
10.1038/s41467-023-39303-w	Combinatorial encoding of odors in the mosquito antennal lobe	bioRxiv	Among the cues that a mosquito uses to find a host for blood-feeding, the smell of the host plays an important role. Previous studies have shown that host odors contain hundreds of chemical odorants, which are detected by different receptors on the peripheral 
10.1038/s42254-021-00326-1	Quantitative magnetic resonance imaging of brain anatomy and in vivo histology	Nature Reviews Physics	
10.1007/s10827-016-0623-7	Twenty years of ModelDB and beyond: Building essential modeling tools for the future of neuroscience	Journal of Computational Neuroscience	Neuron modeling may be said to have originated with the Hodgkin and Huxley action potential model in 1952 and Rall’s models of integrative activity of dendrites in 1964. Over the ensuing decades, these approaches have led to a massive development of increasing
10.1002/cne.24196	Comparative ultrastructural features of excitatory synapses in the visual and frontal cortices of the adult mouse and monkey	The Journal of comparative neurology	The excitatory glutamatergic synapse is the principal site of communication between cortical pyramidal neurons and their targets, a key locus of action of many drugs, and highly vulnerable to dysfunction and loss in neurodegenerative disease. A detailed knowle
10.1523/jneurosci.2660-04.2004	ATP Excites Interneurons and Astrocytes to Increase Synaptic Inhibition in Neuronal Networks	Journal of Neuroscience	We investigated the role of extracellular ATP at astrocytes and inhibitory GABAergic interneurons in the stratum radiatum area of the mouse hippocampus. We show that exogenously applied ATP increased astrocyte intracellular Ca2+ levels and depolarized all calb
10.1007/978-3-030-32239-7_26	Synapse-Aware Skeleton Generation for Neural Circuits	International Conference on Medical Imag	
10.1111/adb.12294	Rat‐strain dependent changes of dendritic and spine morphology in the hippocampus after cocaine self‐administration	Addiction Biology	Abstract We previously showed that cocaine self‐administration increases spine density in CA1 hippocampal neurons in Lewis (LEW) but not in Fischer 344 (F344) rats. Dendritic spine morphology is intimately related to its function. Thus, we conducted a 3D morph
10.1016/j.neubiorev.2015.09.020	Molecular regulation of dendritic spine dynamics and their potential impact on synaptic plasticity and neurological diseases.	Neuroscience and Biobehavioral Reviews	The structure and dynamics of dendritic spines reflect the strength of synapses, which are severely affected in different brain diseases. Therefore, understanding the ultra-structure, molecular signaling mechanism(s) regulating dendritic spine dynamics is cruc
10.1002/jemt.20239	Application of photoconversion technique for correlated confocal and ultrastructural studies in organotypic slice cultures	Microscopy research and technique (Print	Photoconversion of fluorescent staining into stable diaminobenzidine (DAB) precipitate is widely used for neuroanatomical and developmental studies. An important advantage of the approach is to make correlations between light and electron microscopy analyses p
10.1021/acsphotonics.1c00892	Optical Multilayer Interference Tomography Compatible with Tape-Based Serial SEM for Mesoscale Neuroanatomy	ACS Photonics	High Resolution Image Download MS PowerPoint Slide Understanding the complexity of animals’ behaviors and intellect relies on decoding the underlying structure and wiring diagram of their brains. Various imaging techniques have been developed to tackle this ch
10.1101/2025.06.19.660550	The functional morphology of hawkmoth lamina monopolar cells reveals mechanisms of spatial processing in insect motion vision	bioRxiv	Many animals strongly rely on their sense of vision, as it provides information about the natural world with particularly high dimensionality. In insects, the first visual processing stage of the brain, the lamina, plays an important role in parallel processin
10.1523/jneurosci.16-21-06713.1996	A SNARE Complex Containing Syntaxin 3 Is Present in Ribbon Synapses of the Retina	Journal of Neuroscience	In contrast to conventional synapses, which release neurotransmitter transiently, ribbon synapses formed by photoreceptors and bipolar cells of the retina release neurotransmitter continuously and modulate the rate in response to light. Both modes of release a
10.1038/s41593-024-01788-z	Integration across biophysical scales identifies molecular and cellular correlates of person-to-person variability in human brain connectivity	Nature Neuroscience	Brain connectivity arises from interactions across biophysical scales, ranging from molecular to cellular to anatomical to network level. To date, there has been little progress toward integrated analysis across these scales. To bridge this gap, from a unique 
10.1038/nature13427	Processing properties of ON and OFF pathways for Drosophila motion detection	Nature	The algorithms and neural circuits that process spatio-temporal changes in luminance to extract visual motion cues have been the focus of intense research. An influential model, the Hassenstein–Reichardt correlator, relies on differential temporal filtering of
10.1523/jneurosci.3426-14.2015	Diversity of Glutamatergic Synaptic Strength in Lateral Prefrontal versus Primary Visual Cortices in the Rhesus Monkey	Journal of Neuroscience	Understanding commonalities and differences in glutamatergic synaptic signaling is essential for understanding cortical functional diversity, especially in the highly complex primate brain. Previously, we have shown that spontaneous EPSCs differed markedly in 
10.1101/2021.11.02.466666	Montage electron tomography of vitrified specimens	bioRxiv	Cryo-electron tomography provides detailed views of macromolecules in situ. However, imaging a large field of view to provide more cellular context requires reducing magnification during data collection, which in turn restricts the resolution. To circumvent th
10.1038/eye.1997.230	Amacrine cells of the mammalian retina: Neurocircuitry and functional roles	Eye	Since amacrine cells are important interneurons of the inner retina and their activity may be detected in certain waveforms of the electroretinogram, this paper reviews their morphologies, classification, mosaics, neurotransmitter content, neural circuitry and
10.1101/2020.06.20.162818	Principles for coding associative memories in a compact neural network	bioRxiv	A major goal in neuroscience is to elucidate the principles by which memories are stored in a neural network. Here, we have systematically studied how the four types of associative memories (short- and long-term memories, each formed using positive and negativ
10.64898/2026.04.17.718957	Local gated-Hebbian learning of deep cerebellar networks with quadratic classification capacity	bioRxiv	A central goal of neuroscience is to understand how neural circuit architecture supports learning. While recent work has clarified the computational role of depth in sensory cortical hierarchies, it remains unclear why predominantly feedforward, non-convolutio
10.1016/j.neuron.2020.03.010	Visualization of a Distributed Synaptic Memory Code in the Drosophila Brain.	Neuron	During associative conditioning, animals learn which sensory cues are predictive for positive or negative conditions. Because sensory cues are encoded by distributed neurons, one has to monitor plasticity across many synapses to capture how learned information
10.1371/journal.pcbi.1007080	Propagation of orientation selectivity in a spiking network model of layered primary visual cortex	bioRxiv	We studied the propagation of orientation selectivity over layers in a model of rodent primary visual cortex in terms of the underlying connectivity. While significant progress has been made in measuring the activity in the different sub-populations as well as
10.1523/jneurosci.4274-14.2015	Mapping Synapses by Conjugate Light-Electron Array Tomography	Journal of Neuroscience	Synapses of the mammalian CNS are diverse in size, structure, molecular composition, and function. Synapses in their myriad variations are fundamental to neural circuit development, homeostasis, plasticity, and memory storage. Unfortunately, quantitative analy
10.1242/jeb.166710	The long and the short of it – a perspective on peptidergic regulation of circuits and behaviour	Journal of Experimental Biology	ABSTRACT Neuropeptides are the most diverse class of chemical modulators in nervous systems. They contribute to extensive modulation of circuit activity and have profound influences on animal physiology. Studies on invertebrate model organisms, including the f
10.1101/2021.03.01.433469	The Disease-Associated Proteins Drosophila Nab2 and Ataxin-2 Interact with Shared RNAs and Coregulate Neuronal Morphology	bioRxiv	Nab2 encodes a conserved polyadenosine RNA-binding protein (RBP) with broad roles in post-transcriptional regulation, including in poly(A) RNA export, poly(A) tail length control, transcription termination, and mRNA splicing. Mutation of the Nab2 human ortholo
10.1016/j.ceca.2017.08.009	Dynamics of surface neurotransmitter receptors and transporters in glial cells: Single molecule insights.	Cell Calcium	The surface dynamics of neurotransmitter receptors and transporters, as well as ion channels, has been well-documented in neurons, revealing complex molecular behaviour and key physiological functions. However, our understanding of the membrane trafficking and
10.1038/s41567-023-02332-9	Heavy-tailed neuronal connectivity arises from Hebbian self-organization	bioRxiv	The strengths of connections in networks of neurons are heavy-tailed, with some neurons connected much more strongly than most. Now a simple network model can explain how this heavy-tailed connectivity emerges across four different species. The connections in 
10.64898/2026.06.05.730527	Dynamic trajectory cues drive sequenced integration in approach detectors	bioRxiv	Detecting approaching objects is essential for survival, and studies across animals have identified neurons and circuits selective for objects that grow in size over time, a hallmark of visual approach. However, approach as a physical process generates a rich 
10.1080/01677063.2020.1802723	Plasticity of pheromone-mediated avoidance behavior in C. elegans	Journal of neurogenetics	Abstract Caenorhabditis elegans secretes a complex cocktail of small chemicals collectively called ascaroside pheromones which serves as a chemical language for intra-species communication. Subsets of ascarosides have been shown to mediate a broad spectrum of 
10.1038/nn.3682	Spine neck plasticity regulates compartmentalization of synapses	Nature Neuroscience	Dendritic spines have been proposed to transform synaptic signals through chemical and electrical compartmentalization. However, the quantitative contribution of spine morphology to synapse compartmentalization and its dynamic regulation are still poorly under
10.1152/jn.00845.2009	Statistical comparison of spike responses to natural stimuli in monkey area V1 with simulated responses of a detailed laminar network model for a patc	Journal of Neurophysiology	A major goal of computational neuroscience is the creation of computer models for cortical areas whose response to sensory stimuli resembles that of cortical areas in vivo in important aspects. It is seldom considered whether the simulated spiking activity is 
10.1016/j.cobeha.2024.101437	Dynamics of neural activity in early nervous system evolution	Current Opinion in Behavioral Sciences	New techniques for largescale neural recordings from diverse animals are reshaping comparative systems neuroscience. This growth necessitates fresh conceptual paradigms for comparing neural circuits and activity patterns. Here, we take a systems neuroscience a
10.1016/j.cell.2021.11.037	BRAIN 2.0: Transforming neuroscience.	Cell	The NIH BRAIN Initiative is entering a new phase. Three large new projects-a comprehensive human brain cell atlas, a whole mammalian brain microconnectivity map, and tools for precision access to brain cell types-promise to transform neuroscience research and 
10.1016/j.cub.2024.07.056	Light and dopamine impact two circadian neurons to promote morning wakefulness	Current Biology	Summary In both mammals and flies, circadian brain neurons orchestrate physiological oscillations and behaviors like wake and sleep; these neurons can be subdivided by morphology and by gene expression patterns. Recent single-cell sequencing studies identified
10.1101/2020.09.15.298091	Development and Comparative Evaluation of Endolysosomal Proximity Labeling-Based Proteomic Methods in Human iPSCDerived Neurons	bioRxiv	Proximity-based in situ labeling techniques offer a unique way to capture both stable and transient protein-protein and protein-organelle interactions. Combining this technology with mass spectrometry (MS)-based proteomics allows us to obtain snapshots of mole
10.1073/pnas.1616163114	Universal transition from unstructured to structured neural maps	Proceedings of the National Academy of S	Significance To save wiring, neurons in the brain that are connected to one another should be located in close vicinity. We use computational models based on multidimensional scaling to explore the implications of this simple premise regarding the organization
10.1016/j.cell.2007.01.040	Comprehensive Maps of Drosophila Higher Olfactory Centers: Spatially Segregated Fruit and Pheromone Representation	Cell	Summary In Drosophila, ∼50 classes of olfactory receptor neurons (ORNs) send axons to 50 corresponding glomeruli in the antennal lobe. Uniglomerular projection neurons (PNs) relay olfactory information to the mushroom body (MB) and lateral horn (LH). Here, we 
10.1109/xloop51963.2020.00008	Toward an Automated HPC Pipeline for Processing Large Scale Electron Microscopy Data	Annual Workshop on Large-scale Experimen	We present a fully modular and scalable software pipeline for processing electron microscope (EM) images of brain slices into 3D visualization of individual neurons and demonstrate an end-to-end segmentation of a large EM volume using a supercomputer. Our pipe
10.1152/jn.00665.2014	Serotonin differentially modulates Ca2+ transients and depolarization in a C. elegans nociceptor.	Journal of Neurophysiology	Monoamines and neuropeptides modulate neuronal excitability and synaptic strengths, shaping circuit activity to optimize behavioral output. In C. elegans, a pair of bipolar polymodal nociceptors, the ASHs, sense 1-octanol to initiate escape responses. In the p
10.1103/66wj-xhlg	Field-theoretic approach to compartmental neuronal networks: Impact of dendritic calcium spike-dependent bursting	PRX Life	Neurons are spatially extended cells; different parts of a neuron have specific voltage dynamics. Important types of neurons even generate different spikes in different parts of the cell. Neurons'inputs are also often spatially compartmentalized, with differen
10.1371/journal.pone.0287174	Membrane potential dynamics of excitatory and inhibitory neurons in mouse barrel cortex during active whisker sensing	bioRxiv	Neocortical neurons can increasingly be divided into well-defined classes, but their activity patterns during quantified behavior remain to be fully determined. Here, we obtained membrane potential recordings from various classes of excitatory and inhibitory n
10.1002/advs.202504468	Near‐Freezing‐Temperature Golgi Neuronal Staining for X‐ray Imaging of Human Brain	Advancement of science	Achieving detailed neuronal structural information in large‐volume brain tissue has been a longstanding challenge in human brain imaging. A key obstacle arises from the trade‐off between staining efficiency and tissue autolysis. Traditional Golgi staining, typ
10.1113/jp282758	Logarithmically scaled, gamma distributed neuronal spiking	Journal of Physiology	Naturally log‐scaled quantities abound in the nervous system. Distributions of these quantities have non‐intuitive properties, which have implications for data analysis and the understanding of neural circuits. Here, we review the log‐scaled statistics of neur
10.1101/2021.05.12.443860	Variable brain wiring through scalable and relative synapse formation in Drosophila	bioRxiv	Variability of synapse numbers and partners despite identical genes reveals limits of genetic determinism. Non-genetic perturbation of brain wiring can therefore reveal to what extent synapse formation is precise and absolute, or promiscuous and relative. Here
10.1016/j.cell.2015.09.029	Reconstruction and Simulation of Neocortical Microcircuitry.	Cell	UNLABELLED We present a first-draft digital reconstruction of the microcircuitry of somatosensory cortex of juvenile rat. The reconstruction uses cellular and synaptic organizing principles to algorithmically reconstruct detailed anatomy and physiology from sp
10.1016/0006-8993(88)90721-4	Synapses from bipolar cells onto dopaminergic amacrine cells in cat and rabbit retinas.	Brain Research	Dopaminergic amacrine cells in the vertebrate retina have long been characterized as 'interamacrine' as they were only found to be pre- and postsynaptic to other amacrine cells. Immunohistochemistry with antibodies directed against tyrosine hydroxylase (TH) re
10.1016/j.isci.2026.115011	Bipolar cell networks underlying steady-state intensity encoding in intrinsically photosensitive retinal ganglion cells	iScience	Summary Intrinsically photosensitive retinal ganglion cells (ipRGCs) encode ambient light intensity at steady-state and drive physiology even in the absence of melanopsin, but the synaptic basis of such encoding remains unclear. Using ultrastructural reconstru
10.3389/fnana.2015.00159	PyramidalExplorer: A New Interactive Tool to Explore Morpho-Functional Relations of Human Pyramidal Neurons	Frontiers in Neuroanatomy	This work presents PyramidalExplorer, a new tool to interactively explore and reveal the detailed organization of the microanatomy of pyramidal neurons with functionally related models. It consists of a set of functionalities that allow possible regional diffe
10.64898/2026.03.04.709687	Mitochondria Organize Gap Junctions to Enable Neural Circuit Scaling	bioRxiv	Neural circuits must maintain function during dramatic growth-driven expansion. While chemical synapses can be independently reorganized in pre- and postsynaptic neurons, gap junctions physically couple partner cells, requiring coordinated spatial redistributi
10.1002/(sici)1096-9861(19961216)376:3<343::aid-cne1>3.0.co;2-2	Neurochemical architecture of the normal and degenerating rat retina	The Journal of comparative neurology	We used post-embedding immunocytochemistry to determine the cellular localization of glutamate, gamma-amino butyric acid (GABA), glycine, aspartate, glutamine, arginine, and taurine in the normal and degenerating rat retina. Müller's cell function was also eva
10.1117/1.nph.5.4.045004	Fully automated dual-resolution serial optical coherence tomography aimed at diffusion MRI validation in whole mouse brains	Neurophotonics	Abstract. An automated dual-resolution serial optical coherence tomography (2R-SOCT) scanner is developed. The serial histology system combines a low-resolution (25  μm  /  voxel) 3  ×   OCT with a high-resolution (1.5  μm  /  voxel) 40  ×   OCT to acquire who
10.1007/978-1-4614-7245-2_10	Image Segmentation for Connectomics Using Machine Learning	Computational Intelligence in Biomedical	
10.1002/2211-5463.70107	Transcriptional regulation of neuropeptide receptors underlies context‐dependent adaptation in Drosophila melanogaster	FEBS Open Bio	Neuropeptides (NPs) and their receptors (NPRs) play critical roles in modulating physiological processes and behaviors across species. While the transcriptional regulation of NP genes has been extensively studied, how NPRs contribute to context‐dependent behav
10.1016/j.media.2015.06.003	An efficient conditional random field approach for automatic and interactive neuron segmentation	Medical Image Anal.	We present a new graphical-model-based method for automatic and interactive segmentation of neuron structures from electron microscopy (EM) images. For automated reconstruction, our learning based model selects a collection of nodes from a hierarchical merging
10.1371/journal.pone.0140752	In Vivo Study of Dynamics and Stability of Dendritic Spines on Olfactory Bulb Interneurons in Xenopus laevis Tadpoles	PLoS ONE	Dendritic spines undergo continuous remodeling during development of the nervous system. Their stability is essential for maintaining a functional neuronal circuit. Spine dynamics and stability of cortical excitatory pyramidal neurons have been explored extens
10.1038/s41586-026-10735-w	Distributed control circuits across a brain-and-cord connectome	bioRxiv	Just as genomes revolutionized molecular genetics, connectomes (maps of neurons and synapses) are transforming neuroscience. To date, the only species with complete connectomes are worms1–3 and sea squirts4 (103-104 synapses). By contrast, the fruit fly is mor
10.1016/j.nbscr.2025.100112	Mutual coupling of neurons in the circadian master clock: What we can learn from fruit flies	Neurobiology of Sleep and Circadian Rhyt	Circadian master clocks in the brain consist of multiple neurons that are organized into populations with different morphology, physiology, and neuromessenger content and presumably different functions. In most animals, these master clocks are distributed bila
10.1002/cpns.104	Whole brain image analysis and anatomical atlas 3D generation using MagellanMapper	Current Protocols in Neuroscience	MagellanMapper is a software suite designed for visual inspection and end‐to‐end automated processing of large‐volume, 3D brain imaging datasets in a memory‐efficient manner. The rapidly growing number of large‐volume, high‐resolution datasets necessitates vis
10.1038/s41598-020-58736-7	AMST: Alignment to Median Smoothed Template for Focused Ion Beam Scanning Electron Microscopy Image Stacks	Scientific Reports	Alignment of stacks of serial images generated by Focused Ion Beam Scanning Electron Microscopy (FIB-SEM) is generally performed using translations only, either through slice-by-slice alignments with SIFT or alignment by template matching. However, limitations
10.1016/j.neulet.2017.07.016	Innexin Expression in Electrically Coupled Motor Circuits	Neuroscience Letters	The many roles of innexins, the molecules that form gap junctions in invertebrates, have been explored in numerous species. Here, we present a summary of innexin expression and function in two small, central pattern generating circuits found in crustaceans: th
10.1007/s12021-007-0013-4	Automated Axon Tracking of 3D Confocal Laser Scanning Microscopy Images Using Guided Probabilistic Region Merging	Neuroinformatics	This paper presents a new algorithm for extracting the centerlines of the axons from a 3D data stack collected by a confocal laser scanning microscope. Recovery of neuronal structures from such datasets is critical for quantitatively addressing a range of neur
10.1111/jmi.13056	Correlative light and volume electron microscopy (vCLEM): How community participation can advance developing technologies	Journal of Microscopy	Correlative light and electron microscopy is a valuable tool to image samples across resolution scales and link data on structure and function. While studies using this technique have been available since the 1960s, recent developments have enabled applying th
10.1016/j.cub.2025.02.056	Regulation of pre-dawn arousal in Drosophila by a pair of trissinergic descending neurons of the visual and circadian networks.	Current Biology	Circadian neurons form a complex neural network that generates circadian oscillations. How the circadian neural network transmits circadian signals to other brain regions, thereby regulating the activity patterns in fruit flies, is not well known. Using the Fl
10.7554/elife.65167	Shore crabs reveal novel evolutionary attributes of the mushroom body	bioRxiv	Neural organization of mushroom bodies is largely consistent across insects, whereas the ancestral ground pattern diverges broadly across crustacean lineages, resulting in successive loss of columns and the acquisition of domed centers retaining ancestral Hebb
10.1038/s41593-020-0607-9	Recurrent architecture for adaptive regulation of learning in the insect brain	Nature Neuroscience	Dopaminergic neurons (DANs) drive learning across the animal kingdom, but the upstream circuits that regulate their activity and thereby learning remain poorly understood. We provide a synaptic-resolution connectome of the circuitry upstream of all DANs in a l
10.1017/s1431927616006590	Automated Infrastructure for High-Throughput Acquisition of Serial Section TEM Image Volumes	Microscopy and Microanalysis	CG Robinson, J Price, D Milkie, O Torrens, E Perlman, Z Zheng, RD Fetter, DD Bock; Automated Infrastructure for High-Throughput Acquisition of Serial Secti
10.1093/cercor/bhaa333	Pathways for Contextual Memory: The Primate Hippocampal Pathway to Anterior Cingulate Cortex.	Cerebral Cortex	The anterior cingulate cortex (ACC) is one of the few prefrontal areas that receives robust direct hippocampal terminations. This pathway may enable current context and past experience to influence goal-directed actions and emotional regulation by prefrontal c
10.1007/s10827-015-0574-4	Networks that learn the precise timing of event sequences	Journal of Computational Neuroscience	Neuronal circuits can learn and replay firing patterns evoked by sequences of sensory stimuli. After training, a brief cue can trigger a spatiotemporal pattern of neural activity similar to that evoked by a learned stimulus sequence. Network models show that s
10.1101/2023.05.26.542522	The RNA-binding protein, Imp specifies olfactory navigation circuitry and behavior in Drosophila	bioRxiv	Complex behaviors depend on the precise developmental specification of neuronal circuits, but the relationship between genetic programs for neural development, circuit structure, and behavioral output is often unclear. The central complex (CX) is a conserved s
10.1371/journal.pbio.3003423	Nicotine induces abnormal motor coupling through sensitization of a mechanosensory circuit in Caenorhabditis elegans	PLoS Biology	Nicotine exposure elicits diverse behavioral changes, yet the underlying neural pathways and molecular mechanisms remain incompletely understood. Here, we demonstrate that chronic nicotine exposure markedly increases both the initiation and duration of reversa
10.1016/j.cub.2025.04.027	Neural Circuits Underlying Divergent Visuomotor Strategies of Zebrafish and Danionella cerebrum	Current Biology	Summary: Many animals respond to sensory cues with species-specific coordinated movements1,2. A common visually guided behavior is the optomotor response (OMR), which stabilizes the body by following optic flow induced by displacements in currents3, present ac
10.1109/tmi.2023.3320497	Current Progress and Challenges in Large-Scale 3D Mitochondria Instance Segmentation	IEEE Transactions on Medical Imaging	In this paper, we present the results of the MitoEM challenge on mitochondria 3D instance segmentation from electron microscopy images, organized in conjunction with the IEEE-ISBI 2021 conference. Our benchmark dataset consists of two large-scale 3D volumes, o
10.1038/nmeth.3179	Directed evolution of APEX2 for electron microscopy and proteomics	Nature Methods	APEX is an engineered peroxidase that functions as an electron microscopy tag and a promiscuous labeling enzyme for live-cell proteomics. Because limited sensitivity precludes applications requiring low APEX expression, we used yeast-display evolution to impro
10.1371/journal.pone.0035172	Serial Section Scanning Electron Microscopy (S3EM) on Silicon Wafers for Ultra-Structural Volume Imaging of Cells and Tissues	PLoS ONE	High resolution, three-dimensional (3D) representations of cellular ultrastructure are essential for structure function studies in all areas of cell biology. While limited subcellular volumes have been routinely examined using serial section transmission elect
10.1016/s0070-2153(05)69003-5	Glia-neuron interactions in nervous system function and development.	Current Topics in Developmental Biology	Nervous systems are generally composed of two cell types-neurons and glia. Early studies of neurons revealed that these cells can conduct electrical currents, immediately implying that they have roles in the relay of information throughout the nervous system. 
10.1073/pnas.2204229119	Active forgetting requires Sickie function in a dedicated dopamine circuit in Drosophila	Proceedings of the National Academy of S	Significance Forgetting, the flip side of memory acquisition and consolidation, provides a balance to memory formation processes by removing unused or unwanted memories, or by suppressing their expression. However, the mechanisms underlying forgetting are poor
10.1016/j.ydbio.2015.03.005	Hydroxyurea-mediated neuroblast ablation establishes birthdates of secondary lineages and addresses neuronal interactions in the developing Drosophila	Developmental Biology	The Drosophila brain is comprised of neurons formed by approximately 100 lineages, each of which is derived from a stereotyped, asymmetrically dividing neuroblast. Lineages serve as structural and developmental units of Drosophila brain anatomy and reconstruct
10.3389/fbioe.2020.558880	OpSeF: Open Source Python Framework for Collaborative Instance Segmentation of Bioimages	bioRxiv	Various pre-trained deep learning models for the segmentation of bioimages have been made available as ‘developer-to-end-user’ solutions. They usually require neither knowledge of machine learning nor coding skills, are optimized for ease of use, and deployabi
10.1038/ncomms15990	Regulation of Drosophila hematopoietic sites by Activin-β from active sensory neurons	Nature Communications	An outstanding question in animal development, tissue homeostasis and disease is how cell populations adapt to sensory inputs. During Drosophila larval development, hematopoietic sites are in direct contact with sensory neuron clusters of the peripheral nervou
10.1103/physreve.92.022717	Fast sparsely synchronized brain rhythms in a scale-free neural network.	Physical review. E, Statistical, nonline	We consider a directed version of the Barabási-Albert scale-free network model with symmetric preferential attachment with the same in- and out-degrees and study the emergence of sparsely synchronized rhythms for a fixed attachment degree in an inhibitory popu
10.1002/cne.25158	Upregulation of eIF4E, but not other translation initiation factors, in dendritic spines during memory formation	The Journal of comparative neurology	Local translation can provide a rapid, spatially targeted supply of new proteins in distal dendrites to support synaptic changes that underlie learning. Learning and memory are especially sensitive to manipulations of translational control mechanisms, particul
10.1093/acprof:oso/9780195182187.003.0005	Three-Dimensional Reconstruction	Three-Dimensional Electron Microscopy of	This chapter introduces mathematical principles underlying the relationship between a three-dimensional object and its projections, the projection theorem and Radon's theorem. The shape transform is introduced as an important concept, and it is explained that 
10.1126/science.aau8302	Cortical Column and Whole Brain Imaging with Molecular Contrast and Nanoscale Resolution	Science	Combining expansion and the lattice light sheet Optical and electron microscopy have made tremendous inroads into understanding the complexity of the brain. Gao et al. introduce an approach for high-resolution tracing of neurons, their subassemblies, and their
10.1016/s0166-2236(02)00003-6	Drooling and stuttering, or do synapses whisper?	Trends in Neurosciences	
10.1093/bioinformatics/bty231	NeuroMorphoVis: a collaborative framework for analysis and visualization of neuronal morphology skeletons reconstructed from microscopy stacks	Bioinform.	Motivation From image stacks to computational models, processing digital representations of neuronal morphologies is essential to neuroscientific research. Workflows involve various techniques and tools, leading in certain cases to convoluted and fragmented pi
10.1101/361394	Neural oligarchy: how synaptic plasticity breeds neurons with extreme influence	bioRxiv	Synapses between cortical neurons are subject to constant modifications through synaptic plasticity mechanisms, which are believed to underlie learning and memory formation. The strengths of excitatory and inhibitory synapses in the cortex follow a right-skewe
10.3389/fnmol.2012.00045	Molecular codes for neuronal individuality and cell assembly in the brain	Frontiers in Molecular Neuroscience	The brain contains an enormous, but finite, number of neurons. The ability of this limited number of neurons to produce nearly limitless neural information over a lifetime is typically explained by combinatorial explosion; that is, by the exponential amplifica
10.1038/s41467-019-09478-2	Strong neuron-to-body coupling implies weak neuron-to-neuron coupling in motor cortex	Nature Communications	Cortical neurons can be strongly or weakly coupled to the network in which they are embedded, firing in sync with the majority or firing independently. Both these scenarios have potential computational advantages in motor cortex. Commands to the body might be 
10.3389/fnins.2013.00182	Controlling feeding behavior by chemical or gene-directed targeting in the brain: what's so spatial about our methods?	Frontiers in Neuroscience	Intracranial chemical injection (ICI) methods have been used to identify the locations in the brain where feeding behavior can be controlled acutely. Scientists conducting ICI studies often document their injection site locations, thereby leaving kernels of va
10.1073/pnas.1905961116	The network organization of rat intrathalamic macroconnections and a comparison with other forebrain divisions	Proceedings of the National Academy of S	Significance The thalamus is 1 of 4 major divisions of the forebrain, and one key function is to act as a “relay” for specific types of information to reach the cerebral cortex in an ordered way. A matrix of axonal connections among the 46 rat thalamic nuclei 
10.1016/s0006-3495(02)75248-x	A Monte Carlo model reveals independent signaling at central glutamatergic synapses.	Biophysical Journal	We have developed a biophysically realistic model of receptor activation at an idealized central glutamatergic synapse that uses Monte Carlo techniques to simulate the stochastic nature of transmission following release of a single synaptic vesicle. For the a 
10.1002/cne.902180410	Bar synapses and gap junctions in the inner plexiform layer: Synaptic relationships of the interstitial amacrine cell of the retina of the cichlid fis	The Journal of comparative neurology	Abstract The retina of the cichlid fish, Astronotus ocellatus , contains an unusual class of amacrine cell, the interstitial amacrine cell, which has its soma and processes restricted to a sublamina of the proximal inner plexiform layer. The interstitial amacr
10.1007/s11220-022-00408-z	Quantitative Measurement of Brain Extracellular Space with Three-Dimensional Electron Microscopy Imaging	Sensing and Imaging	
10.1103/physrevlett.129.048103	Extended Anderson Criticality in Heavy-Tailed Neural Networks.	Physical Review Letters	We investigate the emergence of complex dynamics in networks with heavy-tailed connectivity by developing a non-Hermitian random matrix theory. We uncover the existence of an extended critical regime of spatially multifractal fluctuations between the quiescent
10.1109/tnnls.2021.3102378	SpaRCe: Improved Learning of Reservoir Computing Systems Through Sparse Representations	IEEE Transactions on Neural Networks and	“Sparse” neural networks, in which relatively few neurons or connections are active, are common in both machine learning and neuroscience. While, in machine learning, “sparsity” is related to a penalty term that leads to some connecting weights becoming small 
10.1371/journal.pcbi.1002084	Colocalization of Protein Kinase A with Adenylyl Cyclase Enhances Protein Kinase A Activity during Induction of Long-Lasting Long-Term-Potentiation	PLoS Comput. Biol.	The ability of neurons to differentially respond to specific temporal and spatial input patterns underlies information storage in neural circuits. One means of achieving spatial specificity is to restrict signaling molecules to particular subcellular compartme
10.1002/cne.24456	Cone synapses in mammalian retinal rod bipolar cells	The Journal of comparative neurology	Some mammalian rod bipolar cells (RBCs) can receive excitatory chemical synaptic inputs from both rods and cones (DBCR2), but anatomical evidence for mammalian cone‐RBC contacts has been sparse. We examined anatomical cone‐RBC contacts using neurobiotin (NB) t
10.7554/elife.57578	A molecular filter for the cnidarian stinging response	bioRxiv	All animals detect and integrate diverse environmental signals to mediate behavior. Cnidarians, including jellyfish and sea anemones, both detect and capture prey using stinging cells called nematocytes which fire a venom-covered barb via an unknown triggering
10.1523/jneurosci.4784-13.2014	Calcium Release from Intra-Axonal Endoplasmic Reticulum Leads to Axon Degeneration through Mitochondrial Dysfunction	Journal of Neuroscience	Axonal degeneration represents an early pathological event in neurodegeneration, constituting an important target for neuroprotection. Regardless of the initial injury, which could be toxic, mechanical, metabolic, or genetic, degeneration of axons shares a com
10.1016/j.arr.2024.102401	Dynamic Endocannabinoid-mediated Neuromodulation of Retinal Circadian Circuitry.	Ageing Research Reviews	Circadian rhythms are biological rhythms that originate from the "master circadian clock," called the suprachiasmatic nucleus (SCN). SCN orchestrates the circadian rhythms using light as a chief zeitgeber, enabling humans to synchronize their daily physio-beha
10.1007/s12021-022-09594-3	Super-resolution Segmentation Network for Reconstruction of Packed Neurites	Neuroinformatics	Neuron reconstruction can provide the quantitative data required for measuring the neuronal morphology and is crucial in brain research. However, the difficulty in reconstructing dense neurites, wherein massive labor is required for accurate reconstruction in 
10.1523/jneurosci.5604-11.2012	Enhanced NMDAR dependent thalamic excitation and network oscillations in stargazer mice	Journal of Neuroscience	Disturbances in corticothalamic circuitry can lead to absence epilepsy. The reticular thalamic nucleus (RTN) plays a pivotal role in that it receives excitation from cortex and thalamus and, when strongly activated, can generate excessive inhibitory output and
10.1152/jn.00070.2003	The NMDA-to-AMPA ratio at synapses onto layer 2/3 pyramidal neurons is conserved across prefrontal and visual cortices.	Journal of Neurophysiology	To better understand regulation of N-methyl-d-aspartate (NMDA) and α-amino-3-hydroxy-5-methyl-4-isoxazolepropionic acid (AMPA) receptor complements across the cortex, and to investigate NMDA receptor (NMDAR)-based models of persistent activity, we compared NMD
10.1016/j.cell.2023.02.022	A gut-secreted peptide suppresses arousability from sleep	Cell	SUMMARY Suppressing sensory arousal is critical for sleep, with deeper sleep requiring stronger sensory suppression. The mechanisms which enable sleeping animals to largely ignore their surroundings are not well understood. We show that the responsiveness of s
10.1016/j.cub.2014.12.012	Olfactory Neuromodulation of Motion Vision Circuitry in Drosophila	Current Biology	Summary It is well established that perception is largely multisensory [1]; often served by modalities such as touch, vision, and hearing that detect stimuli emanating from a common point in space [2, 3]; and processed by brain tissue maps that are spatially a
10.1083/jcb.200506099	Retinal ganglion cell degeneration is topological but not cell type specific in DBA/2J mice	Journal of Cell Biology	Using a variety of double and triple labeling techniques, we have reevaluated the death of retinal neurons in a mouse model of hereditary glaucoma. Cell-specific markers and total neuron counts revealed no cell loss in any retinal neurons other than the gangli
10.1016/j.neuron.2012.11.004	Neocortical Somatostatin-expressing GABAergic Interneurons Disinhibit the Thalamorecipient Layer 4	Neuron	SUMMARY Subtypes of GABAergic interneurons (INs) are crucial for cortical function, yet their specific roles are largely unknown. In contrast to supra- and infra-granular layers, where most somatostatin-expressing (SOM) INs are layer 1-targeting Martinotti cel
10.3389/fnins.2020.00184	Topological Properties of Neuromorphic Nanowire Networks	Frontiers in Neuroscience	Graph theory has been extensively applied to the topological mapping of complex networks, ranging from social networks to biological systems. Graph theory has increasingly been applied to neuroscience as a method to explore the fundamental structural and funct
10.1093/g3journal/jkac305	Characterization of the Doublesex/MAB-3 transcription factor DMD-9 in Caenorhabditis elegans	bioRxiv	DMD-9 is a Caenorhabditis elegans Doublesex/MAB-3 Domain transcription factor of unknown function. Single-cell transcriptomics revealed that dmd-9 is highly expressed in specific head sensory neurons, with lower levels detected in non-neuronal tissues (uterine
10.1093/cercor/bhx311	Major Feedforward Thalamic Input Into Layer 4C of Primary Visual Cortex in Primate	Cerebral Cortex	One of the underlying principles of how mammalian circuits are constructed is the relative influence of feedforward to recurrent synaptic drive. It has been dogma in sensory systems that the thalamic feedforward input is relatively weak and that there is a lar
10.1371/journal.pcbi.1008846	Inhibitory neurons exhibit high controlling ability in the cortical microconnectome	PLoS Comput. Biol.	The brain is a network system in which excitatory and inhibitory neurons keep activity balanced in the highly non-random connectivity pattern of the microconnectome. It is well known that the relative percentage of inhibitory neurons is much smaller than excit
10.1523/jneurosci.1970-10.2011	Glutamate receptor subtypes mediating synaptic activation of prefrontal cortex neurons: relevance for schizophrenia	Journal of Neuroscience	Schizophrenia may involve hypofunction of NMDA receptor (NMDAR)-mediated signaling, and alterations in parvalbumin-positive fast-spiking (FS) GABA neurons that may cause abnormal gamma oscillations. It was recently hypothesized that prefrontal cortex (PFC) FS 
10.1016/j.pneurobio.2018.02.002	Cell adhesion and matricellular support by astrocytes of the tripartite synapse.	Progress in neurobiology	Astrocytes contribute to the formation, function, and plasticity of synapses. Their processes enwrap the neuronal components of the tripartite synapse, and due to this close interaction they are perfectly positioned to modulate neuronal communication. The inte
10.1177/0271678x211012836	Three-dimensional ultrastructure of the brain pericyte-endothelial interface	Journal of Cerebral Blood Flow and Metab	Pericytes and endothelial cells share membranous interdigitations called “peg-and-socket” interactions that facilitate their adhesion and biochemical crosstalk during vascular homeostasis. However, the morphology and distribution of these ultrastructures have 
10.7554/elife.83739	Generative network modeling reveals quantitative definitions of bilateral symmetry exhibited by a whole insect brain connectome	eLife	Comparing connectomes can help explain how neural connectivity is related to genetics, disease, development, learning, and behavior. However, making statistical inferences about the significance and nature of differences between two networks is an open problem
10.1016/j.conb.2019.01.007	Analyzing biological and artificial neural networks: challenges with opportunities for synergy?	Current Opinion in Neurobiology	Deep neural networks (DNNs) transform stimuli across multiple processing stages to produce representations that can be used to solve complex tasks, such as object recognition in images. However, a full understanding of how they achieve this remains elusive. Th
10.3389/fnins.2023.1223226	A rapid workflow for neuron counting in combined light sheet microscopy and magnetic resonance histology	Frontiers in Neuroscience	Information on regional variation in cell numbers and densities in the CNS provides critical insight into structure, function, and the progression of CNS diseases. However, variability can be real or a consequence of methods that do not account for technical b
10.7554/elife.104764	Cell type-specific driver lines targeting the Drosophila central complex and their use to investigate neuropeptide expression and sleep regulation	eLife	The central complex (CX) plays a key role in many higher-order functions of the insect brain including navigation and activity regulation. Genetic tools for manipulating individual cell types, and knowledge of what neurotransmitters and neuromodulators they ex
10.3389/fncom.2026.1800523	New directions for complex systems in contemporary neuroscience: a morphodynamic and emergent function approach	Frontiers Comput. Neurosci.	We propose that current Neuroscience approaches can benefit from further integrating morphodynamics across different scales of brain organization and neural network emergent functions in complex systems. While emergence in neuroscience is commonly addressed at
10.1038/s41598-024-69747-z	Constructing neural networks with pre-specified dynamics	bioRxiv	A main goal in neuroscience is to understand the computations carried out by neural populations that give animals their cognitive skills. Neural network models allow to formulate explicit hypothesis regarding the algorithms instantiated in the dynamic of a neu
10.1038/s41598-021-98149-8	Engineering an efficient and bright split Corynactis californica green fluorescent protein	Scientific Reports	Split green fluorescent protein (GFP) has been used in a panoply of cellular biology applications to study protein translocation, monitor protein solubility and aggregation, detect protein–protein interactions, enhance protein crystallization, and even map neu
10.1007/s00418-022-02081-5	Optical tissue clearing associated with 3D imaging: application in preclinical and clinical studies	Histochemistry and Cell Biology	Understanding the inner morphology of intact tissues is one of the most competitive challenges in modern biology. Since the beginning of the twentieth century, optical tissue clearing (OTC) has provided solutions for volumetric imaging, allowing the microscopi
10.1016/j.devbrainres.2003.10.014	Cellular expression of P2Y and beta-AR receptor mRNAs and proteins in freshly isolated astrocytes and tissue sections from the CA1 region of P8-12 rat	Brain research. Developmental brain rese	Although almost all GFAP(+) cells in primary astrocyte cultures show functional beta-adrenergic (beta-AR) and metabotropic purinergic (P2Y) receptors, the fewer studies on astrocytes in situ have shown that a much smaller proportion express these same receptor
10.64898/2026.04.09.717511	Dissecting the molecular triggers of early and late long-term potentiation	bioRxiv	Abstract The brain stores information by changing the strength of its synapses, a process that has at least two phases: Late long-term potentiation (L-LTP) is thought to result from the consolidation of early LTP (E-LTP), just as long-term memory requires the 
10.3389/fncom.2019.00045	A Game-Theoretical Network Formation Model for C. elegans Neural Network	Frontiers in Computational Neuroscience	Studying and understanding human brain structures and functions have become one of the most challenging issues in neuroscience today. However, the mammalian nervous system is made up of hundreds of millions of neurons and billions of synapses. This complexity 
10.1038/s41467-023-43566-8	Different spectral sensitivities of ON- and OFF-motion pathways enhance the detection of approaching color objects in Drosophila	Nature Communications	Color and motion are used by many species to identify salient objects. They are processed largely independently, but color contributes to motion processing in humans, for example, enabling moving colored objects to be detected when their luminance matches the 
10.1111/j.1463-6395.2009.00425.x	The organisation of invertebrate brains: cells, synapses and circuits	Acta Zoologica	Abstract Meinertzhagen, I.A. 2010. The organisation of invertebrate brains: cells, synapses and circuits. — Acta Zoologica (Stockholm) 91 : 64–71 Invertebrate brains are structurally diverse. Neuron numbers range from ∼10 2 to 10 8 in different groups, compare
10.7554/elife.09123	Nonlinear circuits for naturalistic visual motion estimation	eLife	Many animals use visual signals to estimate motion. Canonical models suppose that animals estimate motion by cross-correlating pairs of spatiotemporally separated visual signals, but recent experiments indicate that humans and flies perceive motion from higher
10.1038/nature23283	Stimulation of functional neuronal regeneration from Müller glia in adult mice	Nature	Many retinal diseases lead to the loss of retinal neurons and cause visual impairment. The adult mammalian retina has little capacity for regeneration. By contrast, teleost fish functionally regenerate their retina following injury, and Müller glia (MG) are th
10.1038/nmeth.2481	CLARITY for mapping the nervous system	Nature Methods	With potential relevance for brain-mapping work, hydrogel-based structures can now be built from within biological tissue to allow subsequent removal of lipids without mechanical disassembly of the tissue. This process creates a tissue-hydrogel hybrid that is 
10.1146/annurev.neuro.24.1.653	Influence of dendritic conductances on the input-output properties of neurons.	Annual Review of Neuroscience	▪ Abstract A fundamental problem in neuroscience is understanding how a neuron transduces synaptic input into action potentials. The dendrites form the substrate for consolidating thousands of synaptic inputs and are the first stage for signal processing in th
10.1016/j.plrev.2019.06.005	What would a synthetic connectome look like?	Physics of Life Reviews	A major challenge of contemporary neuroscience is to unravel the structure of the connectome, the ensemble of neural connections that link between different functional units of the brain, and to reveal how this structure relates to brain function. This thrivin
10.1523/jneurosci.2072-12.2013	The Rod Pathway of the Microbat Retina Has Bistratified Rod Bipolar Cells and Tristratified AII Amacrine Cells	Journal of Neuroscience	We studied the retinal rod pathway of Carollia perspicillata and Glossophaga soricina, frugivorous microbats of the phyllostomid family. Protein kinase Cα (PKCα) immunolabeling revealed abundant rod bipolar cells (RBCs) with axon terminals in the innermost sub
10.1523/jneurosci.3774-09.2010	The Functional Properties of Barrel Cortex Neurons Projecting to the Primary Motor Cortex	Journal of Neuroscience	Nearby neurons, sharing the same locations within the mouse whisker map, can have dramatically distinct response properties. To understand the significance of this diversity, we studied the relationship between the responses of individual neurons and their pro
10.1101/2022.06.10.495695	Neuroanatomy of stomatopod central complexes offers putative neural substrate for oriented behaviors in crustaceans	bioRxiv	Abstract All insects studied to date possess a centrally located group of neuropils, known collectively as the central complex, that has been implicated in sensory integration and motor action selection. Among the functions prescribed to the central complex, n
10.1101/2024.05.10.593616	ninna nanna links circadian and homeostatic sleep drive in Drosophila	bioRxiv	Sleep is under control of two processes – circadian and homeo-static regulation – but little is known about how these two processes integrate. Here, we identify a Drosophila gene, ninna nanna, encoding two alternatively spliced isoforms: Ninna and Nanna. Both 
10.1534/genetics.118.300837	Synaptogenesis Is Modulated by Heparan Sulfate in Caenorhabditis elegans	Genetics	The nervous system relies on synapses to transmit information between neurons and thereby direct behavior, but how the correct synaptic connections are genetically specified is poorly understood. By genetically ablating enzymes that modify heparan sulfate... T
10.1002/cne.10652	Melanopsin retinal ganglion cells receive bipolar and amacrine cell synapses	The Journal of comparative neurology	Abstract Melanopsin is a novel opsin synthesized in a small subset of retinal ganglion cells. Ganglion cells expressing melanopsin are capable of depolarizing in response to light in the absence of rod or cone input and are thus intrinsically light sensitive. 
10.1093/cercor/12.2.107	Pursuit and saccadic eye movement subregions in human frontal eye field: a high-resolution fMRI investigation.	Cerebral Cortex	Recent positron emission tomography (PET) and functional magnetic resonance imaging (fMRI) studies in humans have localized the frontal eye field (FEF) to the precentral sulcus (PCS). In macaque monkeys, low-threshold microstimulation and single unit recording
10.1016/j.sbi.2013.07.017	Correlative Cryo-electron Tomography and Optical Microscopy of Cells	Current Opinion in Structural Biology	The biological processes occurring in a cell are complex and dynamic, and to achieve a comprehensive understanding of the molecular mechanisms underlying these processes, both temporal and spatial information is required. While cryo-electron tomography (cryoET
10.1016/j.heares.2010.06.006	How do neurons work together? Lessons from auditory cortex	Hearing Research	Recordings of single neurons have yielded great insights into the way acoustic stimuli are represented in auditory cortex. However, any one neuron functions as part of a population whose combined activity underlies cortical information processing. Here we revi
10.1016/bs.ctdb.2015.11.001	CONNECTOMICS, THE FINAL FRONTIER	Current Topics in Developmental Biology	How the synaptic connections in the nervous system are genetically encoded and formed during development remains an unsolved problem. The known connectivity of the nervous system of the nematode C. elegans provides an opportunity to search for the genes involv
10.1126/sciadv.adr6698	A detailed theory of thalamic and cortical microcircuits for predictive visual inference	Science Advances	Understanding cortical microcircuitry requires theoretical models that can tease apart their computational logic from biological details. Although Bayesian inference serves as an abstract framework of cortical computation, precisely mapping concrete instantiat
10.1038/srep21206	Non-canonical features of the Golgi apparatus in bipolar epithelial neural stem cells	Scientific Reports	Apical radial glia (aRG), the stem cells in developing neocortex, are unique bipolar epithelial cells, extending an apical process to the ventricle and a basal process to the basal lamina. Here, we report novel features of the Golgi apparatus, a central organe
10.1002/cne.902720210	Organization of the inner plexiform layer of the turtle retina: An electron microscopic study	The Journal of comparative neurology	Abstract We have performed a serial‐section electron microscopic study of the inner plexiform layer (IPL) of the retina of the turtle Pseudemys scripta elegans. A qualitative and quantitative assessment of the neuropil of the IPL has been done from photomontag
10.1371/journal.pbio.3003449	Octopamine signaling regulates the intracellular pattern of the presynaptic active zone scaffold within Drosophila mushroom body neurons	PLoS Biology	Neurons can adjust synaptic output according to the postsynaptic partners. However, the target-specific regulation of synaptic structures within individual neurons in the central nervous system remains unresolved. Applying the CRISPR/Cas9-mediated split-GFP ta
10.1016/j.neuron.2017.02.035	GABAergic neurons in ferret visual cortex participate in functionally specific networks	Neuron	Summary Functional circuits in the visual cortex require the coordinated activity of excitatory and inhibitory neurons. Molecular genetic approaches in the mouse have led to the ‘local nonspecific pooling principle’ of inhibitory connectivity, in which inhibit
10.1007/s13361-015-1177-z	Mass Spectrometry of Single GABAergic Somatic Motorneurons Identifies a Novel Inhibitory Peptide, As-NLP-22, in the Nematode Ascaris suum	Journal of the American Society for Mass	AbstractNeuromodulators have become an increasingly important component of functional circuits, dramatically changing the properties of both neurons and synapses to affect behavior. To explore the role of neuropeptides in Ascaris suum behavior, we devised an i
10.1007/s00429-014-0828-3	Spatial distribution of neurons innervated by chandelier cells	Brain Structure and Function	Chandelier (or axo-axonic) cells are a distinct group of GABAergic interneurons that innervate the axon initial segments of pyramidal cells and are thus thought to have an important role in controlling the activity of cortical circuits. To examine the circuit 
10.5607/en23004	Caenorhabditis elegans Connectomes of both Sexes as Image Classifiers	Experimental Neurobiology	Connectome, the complete wiring diagram of the nervous system of an organism, is the biological substrate of the mind. While biological neural networks are crucial to the understanding of neural computation mechanisms, recent artificial neural networks (ANNs) 
10.1101/2022.03.07.483255	Gliotransmission of D-serine promotes thirst-directed behaviors in Drosophila	bioRxiv	Thirst emerges from a range of cellular changes that ultimately motivate an animal to consume water. Although thirst-responsive neuronal signals have been reported, the full complement of brain responses is unclear. Here we identify molecular and cellular adap
10.1016/j.neuron.2007.07.023	Dopamine mediates context-dependent modulation of sensory plasticity in C. elegans.	Neuron	Dopamine has been implicated in the modulation of diverse forms of behavioral plasticity, including appetitive learning and addiction. An important challenge is to understand how dopamine's effects at the cellular level alter the properties of neural circuits 
10.1016/j.neuroimage.2017.08.010	Principles of dynamic network reconfiguration across diverse brain states	NeuroImage	Recent methodological advances have enabled researchers to track the network structure of the human brain over time. Together, these studies provide novel insights into effective brain function, highlighting the importance of the systems-level perspective in u
10.1038/s41592-025-02943-5	Connectomics beyond electron microscopy	Nature Methods	
10.1017/s0952523800002868	The effects of serotonin drugs on horizontal and ganglion cells in the rabbit retina	Visual Neuroscience	Abstract We have investigated the effects of a serotonin 5-HT 2 antagonist and a 5-HT IA agonist on horizontal and ganglion cells in the rabbit retina. Simultaneous intracellular horizontal cell and extracellular ganglion cell recordings were obtained from a s
10.1002/cne.901600302	Receptive fields of single cells and topography in mouse visual cortex	The Journal of comparative neurology	Abstract The visual cortex was studied in the mouse (C57 Black/6J strain) by recording from single units, and a topographic map of the visual field was constructed. Forty‐five percent of the neurons in striate cortex responded best to oriented line stimuli mov
10.1101/2022.12.03.518948	Sharing massive biomedical data at magnitudes lower bandwidth using implicit neural function	bioRxiv	Efficient storage and sharing of massive biomedical data would open up their wide accessibility to different institutions and disciplines. However, compressors tailored for natural photos/videos are rapidly limited for biomedical data, while emerging deep lear
10.1523/jneurosci.3757-16.2017	Strength and Diversity of Inhibitory Signaling Differentiates Primate Anterior Cingulate from Lateral Prefrontal Cortex	Journal of Neuroscience	The lateral prefrontal cortex (LPFC) and anterior cingulate cortex (ACC) of the primate play distinctive roles in the mediation of complex cognitive tasks. Compared with the LPFC, integration of information by the ACC can span longer timescales and requires st
10.1109/tmi.2025.3581433	DeepPartitioning: Deep Learning of Graph Partitioning for Neuron Segmentation From Electron Microscopy Volume via Graph Neural Network	IEEE Transactions on Medical Imaging	Superpixel aggregation represents a highly effective approach for automated neuron segmentation from electron microscopy (EM) volumes, which can be considered as a graph partitioning task on the region adjacency graph (RAG) of extracted superpixels. However, e
10.1016/j.neuron.2020.10.006	Transcriptional Programs of Circuit Assembly in the Drosophila Visual System.	Neuron	Precise patterns of synaptic connections between neurons are encoded in their genetic programs. Here, we use single-cell RNA sequencing to profile neuronal transcriptomes at multiple stages in the developing Drosophila visual system. We devise an efficient str
10.1016/j.isci.2019.100816	Toward an MRI-Based Mesoscale Connectome of the Squid Brain	iScience	Summary Using high-resolution diffusion magnetic resonance imaging (dMRI) and a suite of old and new staining techniques, the beginnings of a multi-scale connectome map of the squid brain is erected. The first of its kind for a cephalopod, this includes the co
10.1016/j.neuint.2003.07.004	Neurons set the tone of gap junctional communication in astrocytic networks.	Neurochemistry International	A number of studies have contributed to demonstrate that neurons and astrocytes tightly and actively interact. Indeed, the presence of astrocytes in neuronal cultures increases the number of synapses and their efficiency, and thanks to enzymatic and uptake pro
10.1152/jn.00783.2009	Intrinsic functional connectivity as a tool for human connectomics: theory, properties, and optimization.	Journal of Neurophysiology	Resting state functional connectivity MRI (fcMRI) is widely used to investigate brain networks that exhibit correlated fluctuations. While fcMRI does not provide direct measurement of anatomic connectivity, accumulating evidence suggests it is sufficiently con
10.1038/s41467-023-38854-2	Afferent convergence to a shared population of interneuron AMPA receptors	Nature Communications	Precise alignment of pre- and postsynaptic elements optimizes the activation of glutamate receptors at excitatory synapses. Nonetheless, glutamate that diffuses out of the synaptic cleft can have actions at distant receptors, a mode of transmission called spil
10.1109/cvprw67362.2025.00454	SAM4EM: Efficient Memory-Based Two Stage Prompt-Free Segment Anything Model Adapter for Complex 3D Neuroscience Electron Microscopy Stacks	2025 IEEE/CVF Conference on Computer Vis	We present SAM4EM, a novel approach for 3D segmentation of complex neural structures in electron microscopy (EM) data by leveraging the Segment Anything Model (SAM) alongside advanced fine-tuning strategies. Our contributions include the development of a promp
10.3389/fninf.2013.00005	RipleyGUI: software for analyzing spatial patterns in 3D cell distributions	Front. Neuroinform.	The true revolution in the age of digital neuroanatomy is the ability to extensively quantify anatomical structures and thus investigate structure-function relationships in great detail. To facilitate the quantification of neuronal cell patterns we have develo
10.3389/fncel.2026.1771168	Advances in multiscale myelin imaging: from classical histology to functional insights	Frontiers in Cellular Neuroscience	Scientific understanding of myelin, the lipid-rich sheath of axons essential for vertebrate rapid neuronal communication, has evolved considerably. Enabled by major advances in imaging technology, research has shifted from viewing myelin as a static insulator 
10.1093/genetics/iyac176	Synaptogenesis: unmasking molecular mechanisms using Caenorhabditis elegans.	Genetics	The nematode Caenorhabditis elegans is a research model organism particularly suited to the mechanistic understanding of synapse genesis in the nervous system. Armed with powerful genetics, knowledge of complete connectomics, and modern genomics, studies using
10.1101/2023.06.05.543756	Modulation by neuropeptides with overlapping targets results in functional overlap in oscillatory circuit activation	bioRxiv	Neuromodulation lends flexibility to neural circuit operation but the general notion that different neuromodulators sculpt neural circuit activity into distinct and characteristic patterns is complicated by interindividual variability. In addition, some neurom
10.1016/j.copbio.2018.10.013	Reprogramming the brain with synthetic neurobiology.	Current Opinion in Biotechnology	The mammalian brain is among the most complex organs known in biology. Historically, neuroscience techniques have consisted primarily of low-throughput microscopy and electrophysiological approaches. While these methods will continue to serve the community, th
10.1023/b:visi.0000029664.99615.94	Distinctive Image Features from Scale-Invariant Keypoints	International Journal of Computer Vision	
10.1101/445643	Predicting natural behavior from whole-brain neural dynamics	bioRxiv	We record calcium activity from the majority of head neurons in freely moving C. elegans to reveal where and how natural behavior is encoded in a compact brain. We find that a sparse subset of neurons distributed throughout the head encode locomotion. A linear
10.1016/j.cell.2018.07.002	Heparan Sulfate Organizes Neuronal Synapses through Neurexin Partnerships	Cell	Summary Synapses are fundamental units of communication in the brain. The prototypical synapse-organizing complex neurexin-neuroligin mediates synapse development and function and is central to a shared genetic risk pathway in autism and schizophrenia. Neurexi
10.7554/elife.29915	Excitatory motor neurons are local oscillators for backward locomotion	eLife	Cell- or network-driven oscillators underlie motor rhythmicity. The identity of C. elegans oscillators remains unknown. Through cell ablation, electrophysiology, and calcium imaging, we show: (1) forward and backward locomotion is driven by different oscillato
10.1109/ijcnn.2014.6889913	Design of the first neuronal connectomics challenge: From imaging to connectivity	IEEE International Joint Conference on N	We are organizing a challenge to reverse engineer the structure of neuronal networks from patterns of activity recorded with calcium fluorescence imaging. Unraveling the brain structure at the neuronal level at a large scale is an important step in brain scien
10.3389/fnmol.2017.00045	Screening the Molecular Framework Underlying Local Dendritic mRNA Translation	Frontiers in Molecular Neuroscience	In the last decade, bioinformatic analyses of high-throughput proteomics and transcriptomics data have enabled researchers to gain insight into the molecular networks that may underlie lasting changes in synaptic efficacy. Development and utilization of these 
10.1002/cne.902790106	GABA‐like immunoreactivity in the cat retina: Electron microscopy	The Journal of comparative neurology	Abstract The synaptic organization of the cat retina was studied with antibodies against the GABA‐GA (glutaraldehyde)‐BSA (bovine serum albumin) complex. The postembedding technique combined with immunogold labelling ensured ultrastructural preservation and ma
10.3389/fncel.2015.00233	Anatomy and physiology of the thick-tufted layer 5 pyramidal neuron	Frontiers in Cellular Neuroscience	The thick-tufted layer 5 (TTL5) pyramidal neuron is one of the most extensively studied neuron types in the mammalian neocortex and has become a benchmark for understanding information processing in excitatory neurons. By virtue of having the widest local axon
10.1016/j.csbj.2020.08.003	A bird’s-eye view of deep learning in bioimage analysis	Computational and Structural Biotechnolo	Deep learning of artificial neural networks has become the de facto standard approach to solving data analysis problems in virtually all fields of science and engineering. Also in biology and medicine, deep learning technologies are fundamentally transforming 
10.1101/2025.05.30.657010	<i>In vivo</i>                   deep-brain microscopy at submicrometer resolution with refractive index-matched prism interfaces		Abstract The mammalian brain is a thick and densely layered structure comprising a huge number of neurons that work together to process information and regulate brain functions. Although various optical methods have been developed to investigate deep brain dyn
10.1093/scan/nsx060	The theory of constructed emotion: an active inference account of interoception and categorization	Social Cognitive and Affective Neuroscie	The science of emotion has been using folk psychology categories derived from philosophy to search for the brain basis of emotion. The last two decades of neuroscience research have brought us to the brink of a paradigm shift in understanding the workings of t
10.1017/s0952523800007744	The number and distribution of bipolar to ganglion cell synapses in the inner plexiform layer of the anuran retina	Visual Neuroscience	Abstract The main route of information flow through the vertebrate retina is from the photoreceptors towards the ganglion cells whose axons form the optic nerve. Bipolar cells of the frog have been so far reported to contact mostly amacrine cells and the major
10.1016/j.neunet.2023.05.033	An insect-inspired model facilitating autonomous navigation by incorporating goal approaching and collision avoidance	Neural Networks	Being one of the most fundamental and crucial capacity of robots and animals, autonomous navigation that consists of goal approaching and collision avoidance enables completion of various tasks while traversing different environments. In light of the impressiv
10.1007/s12565-016-0380-8	Novel scanning electron microscopy methods for analyzing the 3D structure of the Golgi apparatus	Anatomical Science International	The structure of the Golgi apparatus has been extensively examined by light and electron microscopy, but details of its three-dimensional (3D) structure have remained unclear because of the technical limitations of conventional microscopy techniques. To overco
10.1016/j.celrep.2026.117139	Individualized decision-making driven by long-term memory retrieval in Drosophila.	Cell Reports	Decision-making is a dynamic process shaped by the accessibility of memory. The same information can lead to varying decisions both across individuals and within the same individual under different conditions. While memory retrieval plays a key role in guiding
10.1038/nprot.2011.449	Improved biocytin labeling and neuronal 3D reconstruction	Nature Protocols	In this report, we describe a reliable protocol for biocytin labeling of neuronal tissue and diaminobenzidine (DAB)-based processing of brain slices. We describe how to embed tissues in different media and how to subsequently histochemically label the tissues 
10.1152/jn.00071.2013	Common excitatory synaptic inputs to electrically connected cortical fast-spiking cell networks.	Journal of Neurophysiology	Cortical fast-spiking (FS) interneurons are electrically interconnected through gap junctions and form dendritic net structures extending over different functional columns. Here we investigated how pyramidal cells regulate FS cell network activity. Using paire
10.1093/jmicro/dfab025	Reducing Manual Operation Time to Obtain a Segmentation Learning Model for Volume Electron Microscopy Using Stepwise Deep Learning With Manual Correct	Microscopy	Three-dimensional (3D) observation of a biological sample using serial-section electron microscopy is widely used. However, organelle segmentation requires a significant amount of manual time. Therefore, several studies have been conducted to improve their eff
10.1016/j.cmet.2024.12.016	Piezo2 in sensory neurons regulates systemic and adipose tissue metabolism.	Cell Metabolism	Systemic metabolism ensures energy homeostasis through inter-organ crosstalk regulating thermogenic adipose tissue. Unlike the well-described inductive role of the sympathetic system, the inhibitory signal ensuring energy preservation remains poorly understood
10.1017/s0952523804042099	AII amacrine cells in the rabbit retina possess AMPA-, NMDA-, GABA-, and glycine-activated currents	Visual Neuroscience	Physiological properties of ligand-activated currents were characterized for morphologically identified AII amacrine cells in the rabbit retina by using whole-cell recordings in a superfused retina slice preparation. The AII amacrine cells were identified base
10.3389/fncir.2019.00085	Structural Neural Connectivity Analysis in Zebrafish With Restricted Anterograde Transneuronal Viral Labeling and Quantitative Brain Mapping	bioRxiv	The unique combination of small size, translucency, and powerful genetic tools makes larval zebrafish a uniquely useful vertebrate system to investigate normal and pathological brain structure and function. While functional connectivity can now be assessed (vi
10.1111/jmi.13208	Made to measure: An introduction to quantifying microscopy data in the life sciences	Journal of Microscopy	Images are at the core of most modern biological experiments and are used as a major source of quantitative information. Numerous algorithms are available to process images and make them more amenable to be measured. Yet the nature of the quantitative output t
10.3389/fnins.2024.1340345	Between neurons and networks: investigating mesoscale brain connectivity in neurological and psychiatric disorders	Frontiers in Neuroscience	The study of brain connectivity has been a cornerstone in understanding the complexities of neurological and psychiatric disorders. It has provided invaluable insights into the functional architecture of the brain and how it is perturbed in disorders. However,
10.1093/genetics/iyab004	Chemosensory signal transduction in Caenorhabditis elegans	Genetics	Abstract Chemosensory neurons translate perception of external chemical cues, including odorants, tastants, and pheromones, into information that drives attraction or avoidance motor programs. In the laboratory, robust behavioral assays, coupled with powerful 
10.3389/fncel.2023.1220030	The computational power of the human brain	Frontiers in Cellular Neuroscience	At the end of the 20th century, analog systems in computer science have been widely replaced by digital systems due to their higher computing power. Nevertheless, the question keeps being intriguing until now: is the brain analog or digital? Initially, the lat
10.3390/cells12121610	Glutamate–Transporter Unbinding in Probabilistic Synaptic Environment Facilitates Activation of Distant NMDA Receptors	Cells	Once outside the synaptic cleft, the excitatory neurotransmitter glutamate is rapidly bound by its high-affinity transporters, which are expressed in abundance on the surface of perisynaptic astroglia. While this binding and the subsequent uptake of glutamate 
10.3389/fncel.2018.00083	Substrates for Neuronal Cotransmission With Neuropeptides and Small Molecule Neurotransmitters in Drosophila	Frontiers in Cellular Neuroscience	It has been known for more than 40 years that individual neurons can produce more than one neurotransmitter and that neuropeptides often are colocalized with small molecule neurotransmitters (SMNs). Over the years much progress has been made in understanding t
10.1016/j.cell.2016.02.061	A taste circuit that regulates ingestion by integrating food and hunger signals	Cell	SUMMARY Ingestion is a highly regulated behavior that integrates taste and hunger cues to balance food intake with metabolic needs. To study the dynamics of ingestion in the vinegar fly Drosophila melanogaster, we developed Expresso, an automated feeding assay
10.3791/62045	Serial Block-Face Scanning Electron Microscopy (SBF-SEM) of Biological Tissue Samples	Journal of Visualized Experiments	Serial block-face scanning electron microscopy (SBF-SEM) allows for the collection of hundreds to thousands of serially-registered ultrastructural images, offering an unprecedented three-dimensional view of tissue microanatomy. While SBF-SEM has seen an expone
10.1145/3712255.3734341	Self-Organizing Models of Brain Wiring: Developmental Programs for Evolving Intelligence	GECCO Companion	In developing brains, axonal projections follow chemical gradients shaped by local interactions. This paper asks whether such a process can be inferred from its outcome: For instance, given observed mouse brain connectivity, can one recover the developmental p
10.1523/jneurosci.4500-08.2009	Correlated connectivity and the distribution of firing rates in the neocortex	Journal of Neuroscience	Two recent experimental observations pose a challenge to many cortical models. First, the activity in the auditory cortex is sparse, and firing rates can be described by a lognormal distribution. Second, the distribution of nonzero synaptic strengths between n
10.48550/arxiv.2512.03224	Modeling and simulation of electrodiffusion in dense reconstructions of cerebral tissue	arXiv.org	Excitable tissue is fundamental to brain function, yet its study is complicated by extreme morphological complexity and the physiological processes governing its dynamics. Consequently, detailed computational modeling of this tissue represents a formidable tas
10.1111/cpr.70092	High‐Resolution Single‐Neuron Reconstruction Analysis in Golgi‐Stained Brain Tissues	Cell Proliferation	Understanding the structural and functional organisation of brain networks is a fundamental objective in neuroscience, with three‐dimensional (3D) reconstruction of single‐neuron morphology serving as a critical foundation. The Golgi staining method, which ena
10.1109/ijcnn55064.2022.9892629	Imposing Connectome-Derived Topology on an Echo State Network	IEEE International Joint Conference on N	Can connectome-derived constraints inform computation? In this paper we investigate the contribution of a fruit fly connectome's topology on the performance of an Echo State Network (ESN) - a subset of Reservoir Computing which is competitive in chaotic time s
10.64898/2026.06.22.733763	An extraglomerular relay circuit for multimodal integration within the Drosophila antennal lobe	bioRxiv	Abstract The central integration of sensory information within and between brain hemispheres is critical for efficient behavioral responses, but at which level of information processing multimodal integration occurs is poorly understood. In olfactory systems a
10.1111/phen.70013	Mushroom body variation in beetles (Coleoptera): A challenge for future research	Physiological entomology (Print)	In insects, attention has only been focused on the neural underpinnings of learning and memory in some model species such as the fruit fly Drosophila melanogaster or the bee Apis mellifera. Current literature also includes a detailed description of the mushroo
10.1007/978-1-4020-7937-5_9	Glutamate uptake by astroglia	Glial ⇔ Neuronal Signaling	
10.1007/s10827-016-0629-1	Anti-correlations in the degree distribution increase stimulus detection performance in noisy spiking neural networks	Journal of Computational Neuroscience	Neuronal circuits in the rodent barrel cortex are characterized by stable low firing rates. However, recent experiments show that short spike trains elicited by electrical stimulation in single neurons can induce behavioral responses. Hence, the underlying neu
10.1007/7657_2015_97	Three-Dimensional Electron Microscopy Imaging of Spines in Non-human Primates	Neuromethods	
10.1016/j.media.2011.11.004	3D segmentation of SBFSEM images of neuropil by a graphical model over supervoxel boundaries	Medical Image Anal.	The segmentation of large volume images of neuropil acquired by serial sectioning electron microscopy is an important step toward the 3D reconstruction of neural circuits. The only cue provided by the data at hand is boundaries between otherwise indistinguisha
10.1101/252247	High precision automated detection of labeled nuclei in Gigapixel resolution image data of Mouse Brain	bioRxiv	There is a need in modern neuroscience for accurate and automated image processing techniques for analyzing the large volume of neuroanatomical imaging data. Even at light microscopic levels, imaging mouse brains produces individual data volumes in the TerraBy
10.1371/journal.pcbi.1003138	Successful Reconstruction of a Physiological Circuit with Known Connectivity from Spiking Activity Alone	PLoS Comput. Biol.	Identifying the structure and dynamics of synaptic interactions between neurons is the first step to understanding neural network dynamics. The presence of synaptic connections is traditionally inferred through the use of targeted stimulation and paired record
10.7554/elife.26016	Nociceptive interneurons control modular motor pathways to promote escape behavior in Drosophila	eLife	Rapid and efficient escape behaviors in response to noxious sensory stimuli are essential for protection and survival. Yet, how noxious stimuli are transformed to coordinated escape behaviors remains poorly understood. In Drosophila larvae, noxious stimuli tri
10.3233/bpl-160029	Imaging Myelination In Vivo Using Transparent Animal Models	Brain Plasticity	Myelination by oligodendrocytes in the central nervous system (CNS) and Schwann cells in the peripheral nervous system is essential for nervous system function and health. Despite its importance, we have a relatively poor understanding of the molecular and cel
10.1093/cercor/bhu252	Functional Clusters, Hubs, and Communities in the Cortical Microconnectome	Cerebral Cortex	Although relationships between networks of different scales have been observed in macroscopic brain studies, relationships between structures of different scales in networks of neurons are unknown. To address this, we recorded from up to 500 neurons simultaneo
10.1016/j.conb.2010.07.004	Machines that learn to segment images: a crucial technology for connectomics.	Current Opinion in Neurobiology	Connections between neurons can be found by checking whether synapses exist at points of contact, which in turn are determined by neural shapes. Finding these shapes is a special case of image segmentation, which is laborious for humans and would ideally be pe
10.3389/fninf.2024.1429670	LYNSU: automated 3D neuropil segmentation of fluorescent images for Drosophila brains	Frontiers Neuroinformatics	The brain atlas, which provides information about the distribution of genes, proteins, neurons, or anatomical regions, plays a crucial role in contemporary neuroscience research. To analyze the spatial distribution of those substances based on images from diff
10.1016/j.conb.2016.05.005	Itinerancy between attractor states in neural systems	Current Opinion in Neurobiology	Converging evidence from neural, perceptual and simulated data suggests that discrete attractor states form within neural circuits through learning and development. External stimuli may bias neural activity to one attractor state or cause activity to transitio
10.1016/j.conb.2013.11.001	Cortical maps: a role for astrocytes?	Current Opinion in Neurobiology	Astrocytes are a multifunctional cell type in the nervous system that can influence neurons and synapses in numerous ways. Astrocytes have been suggested to play important roles in synapse formation during development, as well as in multiple forms of synaptic 
10.1016/j.cviu.2017.04.002	Hough-CNN: Deep learning for segmentation of deep brain regions in MRI and ultrasound	Computer Vision and Image Understanding	Abstract In this work we propose a novel approach to perform segmentation by leveraging the abstraction capabilities of convolutional neural networks (CNNs). Our method is based on Hough voting, a strategy that allows for fully automatic localisation and segme
10.3389/fnins.2021.647117	Protocerebral Bridge Neurons That Regulate Sleep in Drosophila melanogaster	bioRxiv	The central complex is one of the major brain regions that control sleep in Drosophila, but the circuitry details of sleep regulation have yet to be elucidated. We attempted to identify a novel sleep-regulating neuronal circuit in the central complex. no-bridg
10.1002/cne.903010308	Rod bipolar cells in the mammalian retina show protein kinase C‐like immunoreactivity	The Journal of comparative neurology	Abstract An antibody directed against protein kinase C (PKC) was applied to various mammalian retinae. In the cat, rat, rabbit, and macaque monkey we found PKC‐like immunoreactivity in bipolar cells which had the morphology of rod bipolar cells; in the rat som
10.1258/ebm.2012.012142	Quantitative study on the hygroscopic expansion of spurr resin to obtain a high-resolution atlas of the mouse brain	Experimental biology and medicine	Ultra-thin section-based microscopic imaging is considered one of the most realistic techniques for determining fine architectures of a brain-wide neural network. In this kind of method, the sample is usually embedded in resin and then immersed in water for se
10.1016/0006-8993(82)90982-9	Dopaminergic amacrine cells in the cat retina.	Brain Research	Autoradiographic studies of cat retina showed an accumulation of [3H]dopamine in a subpopulation of amacrine cells whose process ramify in the outermost stratum of the inner plexiform layer. Dendrites of these cells are characterized by numerous varicosities m