10.1016/s0166-2236(00)01868-3	Synaptic reverberation underlying mnemonic persistent activity.	Trends in Neurosciences	Stimulus-specific persistent neural activity is the neural process underlying active (working) memory. Since its discovery 30 years ago, mnemonic activity has been hypothesized to be sustained by synaptic reverberation in a recurrent circuit. Recently, experim
10.48550/arxiv.2602.04492	Discovering Mechanistic Models of Neural Activity: System Identification in an in Silico Zebrafish	arXiv.org	Constructing mechanistic models of neural circuits is a fundamental goal of neuroscience, yet verifying such models is limited by the lack of ground truth. To rigorously test model discovery, we establish an in silico testbed using neuromechanical simulations 
10.1007/s10827-022-00831-x	Reconstruction of sparse recurrent connectivity and inputs from the nonlinear dynamics of neuronal networks	Journal of Computational Neuroscience	Reconstructing the recurrent structural connectivity of neuronal networks is a challenge crucial to address in characterizing neuronal computations. While directly measuring the detailed connectivity structure is generally prohibitive for large networks, we de
10.1038/s41467-024-49339-1	Structured connectivity in the output of the cerebellar cortex	bioRxiv	Circuits in the brain are built from connections between neurons, where the spatial organization and functional properties of these connections determines circuit function. In the cerebellum, Purkinje cells transmit information to neurons in the cerebellar nuc
10.1093/cercor/bhab236	Synapses from the Motor Cortex and a High-Order Thalamic Nucleus are Spatially Clustered in Proximity to Each Other in the Distal Tuft Dendrites of Mo	Cerebral Cortex	The posterior medial nucleus of the thalamus (POm) and vibrissal primary motor cortex (vM1) convey essential information to the barrel cortex (S1BF) regarding whisker position and movement. Therefore, understanding the relative spatial relationship of these tw
10.3109/01677063.2014.883390	The irre Cell Recognition Module (IRM) Protein Kirre Is Required to Form the Reciprocal Synaptic Network of L4 Neurons in the Drosophila Lamina	Journal of neurogenetics	Each neuropil module, or cartridge, in the fly's lamina has a fixed complement of cells. Of five types of monopolar cell interneurons, only L4 has collaterals that invade neighboring cartridges. In the proximal lamina, these collaterals form reciprocal synapse
10.1152/jn.00429.2015	Multineuronal activity patterns identify selective synaptic connections under realistic experimental constraints.	Journal of Neurophysiology	Structured multineuronal activity patterns within local neocortical circuitry are strongly linked to sensory input, motor output, and behavioral choice. These reliable patterns of pairwise lagged firing are the consequence of connectivity since they are not pr
10.1002/glia.20356	Molecular determinants of D‐serine‐mediated gliotransmission: From release to function	Glia	Abstract Since the late 80s, it is recognized that functional activation of N ‐methyl D ‐aspartate receptors (NMDARs) requires the binding of both glutamate and glycine. However, the surprising discovery that the wrong isomer of serine, D ‐serine, is present i
10.1016/j.cois.2023.101109	The neurobiology of the Monarch butterfly compass.	Current Opinion in Insect Science	Monarch butterflies (Danaus plexippus) have become a superb model system to unravel how the tiny insect brain controls an impressive navigation behavior, such as long-distance migration. Moreover, the ability to compare the neural substrate between migratory a
10.1002/wdev.166	Versatile genetic paintbrushes: Brainbow technologies	Wiley Interdisciplinary Reviews: Develop	Advances in labeling technologies are instrumental to study the developmental mechanisms that control organ formation and function at the cellular level. Until recently, genetic tools relied on the expression of single markers to visualize individual cells or 
10.1038/nrn.2017.149	Communication dynamics in complex brain networks	Nature Reviews Neuroscience	Neuronal signalling and communication underpin virtually all aspects of brain activity and function. Network science approaches to modelling and analysing the dynamics of communication on networks have proved useful for simulating functional brain connectivity
10.1016/j.conb.2018.08.014	State-dependent plasticity of innate behavior in fruit flies.	Current Opinion in Neurobiology	Behaviors are often categorized into innate or learned. Innate behaviors are thought to be genetically encoded and hardwired into the brain, while learned behavior is a product of the interaction between experience and the plasticity of synapses and neurons. R
10.1002/mrd.22489	The ImageJ ecosystem: an open platform for biomedical image analysis	Molecular Reproduction and Development	Technology in microscopy advances rapidly, enabling increasingly affordable, faster, and more precise quantitative biomedical imaging, which necessitates correspondingly more‐advanced image processing and analysis techniques. A wide range of software is availa
10.1038/s41467-021-22741-9	Diversity amongst human cortical pyramidal neurons revealed via their sag currents and frequency preferences	Nature Communications	In the human neocortex coherent interlaminar theta oscillations are driven by deep cortical layers, suggesting neurons in these layers exhibit distinct electrophysiological properties. To characterize this potential distinctiveness, we use in vitro whole-cell 
10.1126/science.aat6904	Recurrent cortical circuits implement concentration-invariant odor coding	Science	Representing the identity of a smell We still don't know how odors retain their identities over a range of concentrations. Working in mice, Bolding and Franks simultaneously recorded spiking activity from neurons in the olfactory bulb and piriform cortex, two 
10.1016/j.neuron.2015.12.001	Architectonic Mapping of the Human Brain beyond Brodmann.	Neuron	Brodmann has pioneered structural brain mapping. He considered functional and pathological criteria for defining cortical areas in addition to cytoarchitecture. Starting from this idea of structural-functional relationships at the level of cortical areas, we w
10.1101/2024.02.05.576943	Cryosectioning-enabled super-resolution microscopy for studying nuclear architecture at the single protein level	bioRxiv	DNA-PAINT enables nanoscale imaging with virtually unlimited multiplexing and molecular counting. Here, we address challenges, such as variable imaging performance and target accessibility, that can limit its broader applicability. Specifically, we enhance its
10.1093/cercor/13.10.1072	Emerging complexity of layer I in human cerebral cortex.	Cerebral Cortex	In this study we examine possible origins and migratory routes of human cortical neurons, with special emphasis on the preplate and layer I. In embryonic stages, two main cell types, Cajal-Retzius cells, and cells labeled with interneuron markers (calretinin, 
10.1109/isbi.2013.6556640	Identifying consistent brain networks via maximizing predictability of functional connectome from structural connectome	IEEE International Symposium on Biomedic	Recent studies have suggested that structural brain connectivity is strongly correlated with functional connectivity. However, the relationship between structural and functional connectivity at the whole brain connectome scale has been rarely explored. This pa
10.1101/2024.10.20.619252	Connectomic Organization of the Suprachiasmatic Nucleus		Abstract The suprachiasmatic nucleus (SCN), the mammalian master clock, is a special structure dedicated to the time computation. However, a connectomic understanding of the nucleus as a whole is lacking. Using serial section electron microscopy, we reconstruc
10.3389/fcell.2025.1586029	A comprehensive overview of focused ion beam-scanning electron microscopy (FIB-SEM) applications for the evaluation of outer retina	Frontiers in Cell and Developmental Biol	The retina is the light-sensitive inner layer of the eye, consisting of multiple cell types organized into ten distinct layers of neurons interconnected by synapses that play a crucial role in visual function. Any pathological alterations in this intricate str
10.1111/tra.12575	Combining high‐pressure freezing with pre‐embedding immunogold electron microscopy and tomography	Traffic : the International Journal of I	Immunogold labeling of permeabilized whole‐mount cells or thin‐sectioned material is widely used for the subcellular localization of biomolecules at the high spatial resolution of electron microscopy (EM). Those approaches are well compatible with either 3‐dim
10.3389/fninf.2022.896292	neuPrint: An open access tool for EM connectomics	Frontiers in Neuroinformatics	Due to advances in electron microscopy and deep learning, it is now practical to reconstruct a connectome, a description of neurons and the chemical synapses between them, for significant volumes of neural tissue. Smaller past reconstructions were primarily us
10.1016/j.conb.2025.102975	Phase separation in the multi-compartment organization of synapses.	Current Opinion in Neurobiology	A neuronal synapse is formed by juxtaposition of a transmitter releasing presynaptic bouton of one neuron with a transmitter receiving postsynaptic compartment such as a spine protrusion of another neuron. Each presynaptic bouton and postsynaptic spine, though
10.1101/2024.09.24.614724	Measuring the functional complexity of nanoscale connectomes: polarity matters	bioRxiv	The emerging electron microscopy connectome datasets provides connectivity maps of the brains at single cell resolution, enabling us to estimate various network statistics, such as connectedness. We desire the ability to assess how the functional complexity of
10.1016/s0079-6123(07)00011-8	Spine dynamics and synapse remodeling during LTP and memory processes.	Progress in Brain Research	While changes in the efficacy of synaptic transmission are believed to represent the physiological bases of learning mechanisms, other recent studies have started to highlight the possibility that a structural reorganization of synaptic networks could also be 
10.1101/2023.01.04.522780	Coordinated electrical and chemical signaling between two neurons orchestrates switching of motor states	bioRxiv	Summary To survive in a complex environment, animals must respond to external cues, e.g., to escape threats or to navigate towards favorable locations. Navigating requires transition between motor states, e.g. switching from forward to backward movement. Here,
10.1016/j.celrep.2023.112170	Developmental neuronal origin regulates neocortical map formation.	Cell Reports	Sensory neurons in the neocortex exhibit distinct functional selectivity to constitute the neural map. While neocortical map of the visual cortex in higher mammals is clustered, it displays a striking "salt-and-pepper" pattern in rodents. However, little is kn
10.1016/j.tins.2024.03.004	The neuronal cilium - a highly diverse and dynamic organelle involved in sensory detection and neuromodulation.	Trends in Neurosciences	Cilia are fascinating organelles that act as cellular antennae, sensing the cellular environment. Cilia gained significant attention in the late 1990s after their dysfunction was linked to genetic diseases known as ciliopathies. Since then, several breakthroug
10.1109/tpami.2015.2473846	Semantic Image Segmentation with Contextual Hierarchical Models	IEEE Transactions on Pattern Analysis an	Semantic segmentation is the problem of assigning an object label to each pixel. It unifies the image segmentation and object recognition problems. The importance of using contextual information in semantic segmentation frameworks has been widely realized in t
10.1073/pnas.2510579122	A multilayered gap junction network is essential for social decision-making	Proceedings of the National Academy of S	Significance Early social experiences strongly influence emotions and behaviors, but the underlying neural mechanisms are unclear. This study shows that early experience of crowding exerts lasting effects on foraging behavior and promotes dispersal. This behav
10.1016/j.cag.2025.104391	Deep learning for brain electron microscopy segmentation: Advances, challenges, and future directions in connectomics and ultrastructure analysis	Computers & graphics	This systematic review and meta-analysis comprehensively analyzes deep learning approaches for brain electron microscopy (EM) segmentation, addressing the critical challenge of extracting neuroanatomical information at nanometer resolution. Following PRISMA gu
10.1038/s41593-023-01366-9	Myelin insulation as a risk factor for axonal degeneration in autoimmune demyelinating disease	bioRxiv	Axonal degeneration determines the clinical outcome of multiple sclerosis and is thought to result from exposure of denuded axons to immune-mediated damage. Therefore, myelin is widely considered to be a protective structure for axons in multiple sclerosis. My
10.1101/2020.06.13.150151	Deep origins of chordate midbrain visual processing centers	bioRxiv	Ciona larvae have two visuomotor behaviors, a looming shadow response and negative phototaxis. These are mediated by distinct, but overlapping, two-interneuron relay circuits connecting photoreceptors and motor neurons. We report that both behaviors operate vi
10.1083/jcb.201607099	Proteolipid protein–deficient myelin promotes axonal mitochondrial dysfunction via altered metabolic coupling	Journal of Cell Biology	The authors show that central nervous system myelin lacking proteolipid protein (PLP) induces mitochondrial dysfunction, including altered motility, degeneration, and ectopic smooth endoplasmic reticulum interactions, leading to axonal structural defects and d
10.3390/ijms20092229	Expression of Ca2+-Binding Buffer Proteins in the Human and Mouse Retinal Neurons	International Journal of Molecular Scien	Ca2+-binding buffer proteins (CaBPs) are widely expressed by various neurons throughout the central nervous system (CNS), including the retina. While the expression of CaBPs by photoreceptors, retinal interneurons and the output ganglion cells in the mammalian
10.1523/jneurosci.0860-20.2020	Serial Prefrontal Pathways Are Positioned to Balance Cognition and Emotion in Primates	Journal of Neuroscience	The delicate balance among primate prefrontal networks is necessary for homeostasis and behavioral flexibility. Dorsolateral prefrontal cortex (dlPFC) is associated with cognition, while the most ventromedial subgenual cingulate area 25 (A25) is associated wit
10.1093/jmicro/dfaa024	Correlative imaging of collagen fibers and fibroblasts using CLEM optimized for picrosirius red staining and FIB/SEM tomography.	Microscopy	Conventional imaging for three-dimensional (3D) ultra-architectural analysis of collagen fibers and fibroblasts is time-consuming and requires numerous ultrathin sections to search the target area. Currently, no method allows 3D ultra-architectural analysis of
10.3389/fcomp.2022.805166	From shallow to deep: exploiting feature-based classifiers for domain adaptation in semantic segmentation	bioRxiv	The remarkable performance of Convolutional Neural Networks on image segmentation tasks comes at the cost of a large amount of pixelwise annotated images that have to be segmented for training. In contrast, feature-based learning methods, such as the Random Fo
10.7554/elife.31437	The formation of the light-sensing compartment of cone photoreceptors coincides with a transcriptional switch	eLife	High-resolution daylight vision is mediated by cone photoreceptors. The molecular program responsible for the formation of their light sensor, the outer segment, is not well understood. We correlated daily changes in ultrastructure and gene expression in postm
10.1109/iccvw.2017.23	Automatic 3D Single Neuron Reconstruction with Exhaustive Tracing	2017 IEEE International Conference on Co	The digital reconstruction of neuronal morphology from single neurons, also called neuron tracing, is a crucial process to gain a better understanding of the relationship and connections in neuronal networks. However, the fully automation of neuron tracing rem
10.1101/571539	Histological validation of per-bundle water diffusion metrics within a region of fiber crossing following axonal degeneration	bioRxiv	Micro-architectural characteristics of white matter can be inferred through analysis of diffusion-weighted magnetic resonance imaging (dMRI). The diffusion-dependent signal can be analyzed through several methods, with the tensor model being the most frequentl
10.1016/j.cub.2024.12.034	The neuroethology of ant navigation.	Current Biology	Unlike any other group of animals, all ant species are social: individual ants share the food they gather with their nestmates and as a consequence they must repeatedly leave their nest to find food and then return home with it. These back-and-forth foraging t
10.1016/j.neuron.2014.10.015	The Chronnectome: Time-Varying Connectivity Networks as the Next Frontier in fMRI Data Discovery	Neuron	Recent years have witnessed a rapid growth of interest in moving functional magnetic resonance imaging (fMRI) beyond simple scan-length averages and into approaches that capture time-varying properties of connectivity. In this Perspective we use the term “chro
10.1016/b978-0-12-484815-3.50012-8	Dendritic morphology, inward rectification, and the functional properties of neostriatal neurons	Single Neuron Computation	
10.1016/0278-4327(84)90004-x	Chapter 2 Neural architecture of the cat retina	Progress in Retinal Research	
10.1371/journal.pcbi.1011891	Cortical cell assemblies and their underlying connectivity: An in silico study	bioRxiv	Recent developments in experimental techniques have enabled simultaneous recordings from thousands of neurons, enabling the study of functional cell assemblies. However, determining the patterns of synaptic connectivity giving rise to these assemblies remains 
10.1016/j.cub.2023.05.008	Muscle-directed mechanosensory feedback activates egg-laying circuit activity and behavior in Caenorhabditis elegans	Current Biology	Graphical Abstract
10.1002/cne.903230202	Dendritic morphology of pyramidal neurones of the visual cortex of the rat. IV: Electrical geometry	The Journal of comparative neurology	Abstract Features of the dendritic morphology of pyramidal neurones of the visual cortex of the rat that are relevant to the development of models of their passive electrical geometry were investigated. The sample of 39 neurones that was used came from layers 
10.1002/dneu.22325	Patterns of growth and tract formation during the early development of secondary lineages in the Drosophila larval brain	Developmental Neurobiology	The Drosophila brain consists of a relatively small number of invariant, genetically determined lineages which provide a model to study the relationship between gene function and neuronal architecture. In following this long‐term goal, we reconstruct the morph
10.1038/nmeth.3367	Multispectral labeling technique to map many neighboring axonal projections in the same tissue	Nature Methods	We describe a method to map the location of axonal arbors of many individual neurons simultaneously via the spectral properties of retrogradely transported dye-labeled vesicles. We inject overlapping regions of an axon target area with three or more different 
10.1016/j.neuron.2013.10.050	Kinesin-1 Regulates Synaptic Strength by Mediating the Delivery, Removal and Redistribution of AMPA Receptors	Neuron	Summary A primary determinant of the strength of neurotransmission is the number of AMPA-type glutamate receptors (AMPARs) at synapses. However, we still lack a mechanistic understanding of how the number of synaptic AMPARs is regulated. Here, we show that UNC
10.1523/jneurosci.23-17-06904.2003	AII Amacrine Cells Express L-Type Calcium Channels at Their Output Synapses	Journal of Neuroscience	AII amacrine cells play a critical role in the high-fidelity signal transmission pathways involved with nighttime vision. The temporal properties of the light responses strongly depend on the transfer function at different synaptic stages and consequently on p
10.1016/j.neuron.2014.09.008	The Big Data Problem: Turning Maps into Knowledge	Neuron	In this NeuroView, Engert discusses the challenges for the connectomics field in making insights about brain function from big data.
10.1038/s41467-021-25437-2	Stable representation of a naturalistic movie emerges from episodic activity with gain variability	Nature Communications	Visual cortical responses are known to be highly variable across trials within an experimental session. However, the long-term stability of visual cortical responses is poorly understood. Here using chronic imaging of V1 in mice we show that neural responses t
10.3389/fnana.2015.00117	Morphological changes of glutamatergic synapses in animal models of Parkinson’s disease	Frontiers in Neuroanatomy	The striatum and the subthalamic nucleus (STN) are the main entry doors for extrinsic inputs to reach the basal ganglia (BG) circuitry. The cerebral cortex, thalamus and brainstem are the key sources of glutamatergic inputs to these nuclei. There is anatomical
10.1016/j.neuron.2015.08.014	Connecting neural codes with behavior in the auditory system of Drosophila	Neuron	Summary Brains are optimized for processing ethologically relevant sensory signals. However, few studies have characterized the neural coding mechanisms that underlie the transformation from natural sensory information to behavior. Here, we focus on acoustic c
10.1007/978-1-62703-137-0_15	Large-Volume Reconstruction of Brain Tissue from High-Resolution Serial Section Images Acquired by SEM-Based Scanning Transmission Electron Microscopy	Methods in molecular biology	With recent improvements in instrumentation and computational tools, serial section electron microscopy has become increasingly straightforward. A new method for imaging ultrathin serial sections is developed based on a field emission scanning electron microsc
10.1038/s41467-025-60825-y	Large-scale synaptic dynamics drive the reconstruction of binocular circuits in mouse visual cortex	Nature Communications	In the binocular primary visual cortex, visual experience shapes neuronal responses to the contralateral and ipsilateral eye during a critical period in postnatal development. The synaptic changes that underlie the construction of binocular circuits are unknow
10.1523/jneurosci.3189-07.2008	Serial Section Scanning Electron Microscopy of Adult Brain Tissue Using Focused Ion Beam Milling	Journal of Neuroscience	### Introduction Analyzing the synaptic basis of neuronal circuits within a volume of brain tissue requires electron microscopy. With a resolution capable of seeing the smallest synaptic contacts, this method uses different sectioning techniques to produce ser
10.64898/2026.05.27.728040	Ultrasensitive voltage imaging reveals distinct electrical microdomains in neurons	bioRxiv	Abstract For the brain to compute, electrical signals must propagate over the membranes of individual neurons, connecting synaptic inputs to synaptic outputs 1 . Complex neuronal morphologies coupled with the spatial organization of synaptic inputs and outputs
10.1371/journal.pbio.2006732	Fast near-whole–brain imaging in adult Drosophila during responses to stimuli and behavior	bioRxiv	Whole brain recordings give us a global perspective of the brain in action. In this study, we describe a method using light field microscopy to record near-whole brain calcium and voltage activity, at high speed, in behaving adult flies. We first obtained glob
10.1038/s42003-025-09353-5	Decoding gray matter, large-scale analysis of brain cell morphometry to inform microstructural modeling of diffusion MR signals	Communications Biology	Grey matter structure is central to neuroscience, as cellular morphology varies by type and is influenced by neurological conditions. Understanding these variations is essential for studying brain function and disease mechanisms. Diffusion-weighted MRI (dMRI) 
10.1016/b978-0-12-416026-2.00003-0	Correlative fluorescence and transmission electron microscopy in tissues.	Methods in Cell Biology	Correlative microscopy has meant different things over the years; currently, this term refers to imaging the same exact structures with two or more imaging modalities. This commonly involves combining fluorescence and electron microscopy. Much of the recent wo
10.1101/2024.05.31.596665	An implantable biohybrid nerve model towards synaptic deep brain stimulation	bioRxiv	Restoring functional vision in blind patients lacking a healthy optic nerve requires bypassing retinal circuits, ideally, by directly stimulating the visual thalamus. However, available deep brain stimulation electrodes do not provide the resolution required f
10.1371/journal.pbio.1000074	A Computational Framework for Ultrastructural Mapping of Neural Circuitry	PLoS Biology	Circuitry mapping of metazoan neural systems is difficult because canonical neural regions (regions containing one or more copies of all components) are large, regional borders are uncertain, neuronal diversity is high, and potential network topologies so nume
10.1038/s41398-025-03337-z	Central amygdala astrocyte plasticity underlies GABAergic dysregulation in ethanol dependence	bioRxiv	Dependence is a hallmark of alcohol use disorder characterized by excessive alcohol intake and withdrawal symptoms. The central nucleus of the amygdala (CeA) is a key brain structure underlying the synaptic and behavioral consequences of ethanol dependence. Wh
10.3389/fncir.2013.00153	A method for the three-dimensional reconstruction of Neurobiotin™-filled neurons and the location of their synaptic inputs	Front. Neural Circuits	Here, we describe a robust method for mapping the number and type of neuro-chemically distinct synaptic inputs that a single reconstructed neuron receives. We have used individual hypoglossal motor neurons filled with Neurobiotin by semi-loose seal electropora
10.1038/s41586-019-1352-7	Whole-animal connectomes of both Caenorhabditis elegans sexes	Nature	Knowledge of connectivity in the nervous system is essential to understanding its function. Here we describe connectomes for both adult sexes of the nematode Caenorhabditis elegans, an important model organism for neuroscience research. We present quantitative
10.1101/2024.10.03.616514	Reliable sensory processing of superficial cortical interneurons is modulated by behavioral state		Summary The GABAergic interneurons within cortical layer 1 (L1) integrate sensory and top-down inputs to modulate network activity and induce the plasticity underlying learning. However, little is known about how sensory inputs drive L1 interneuron activity. W
10.3389/fnetp.2024.1410092	Adaptive rewiring: a general principle for neural network development	Frontiers in Network Physiology	The nervous system, especially the human brain, is characterized by its highly complex network topology. The neurodevelopment of some of its features has been described in terms of dynamic optimization rules. We discuss the principle of adaptive rewiring, i.e.
10.1016/j.conb.2020.09.011	Whole-brain interactions underlying zebrafish behavior	Current Opinion in Neurobiology	Detailed quantification of neural dynamics across the entire brain will be the key to genuinely understanding perception and behavior. With the recent developments in microscopy and biosensor engineering, the zebrafish has made a grand entrance in neuroscience
10.1007/s00441-014-2102-7	Relating structure and function of inner hair cell ribbon synapses	Cell and Tissue Research	In the mammalian cochlea, sound is encoded at synapses between inner hair cells (IHCs) and type I spiral ganglion neurons (SGNs). Each SGN receives input from a single IHC ribbon-type active zone (AZ) and yet SGNs indefatigably spike up to hundreds of Hz to en
10.1371/journal.pcbi.1002906	Pairwise Analysis Can Account for Network Structures Arising from Spike-Timing Dependent Plasticity	PLoS Comput. Biol.	Spike timing-dependent plasticity (STDP) modifies synaptic strengths based on timing information available locally at each synapse. Despite this, it induces global structures within a recurrently connected network. We study such structures both through simulat
10.48550/arxiv.2308.01594	<NO TITLE>		Electron microscopy (EM) images exhibit anisotropic axial resolution due to the characteristics inherent to the imaging modality, presenting challenges in analysis and downstream tasks.In this paper, we propose a diffusion-model-based framework that overcomes 
10.1101/2023.06.27.546055	A consensus cell type atlas from multiple connectomes reveals principles of circuit stereotypy and variation	bioRxiv	The fruit fly Drosophila melanogaster combines surprisingly sophisticated behaviour with a highly tractable nervous system. A large part of the fly’s success as a model organism in modern neuroscience stems from the concentration of collaboratively generated m
10.1016/j.patter.2023.100693	SynapseCLR: Uncovering features of synapses in primary visual cortex through contrastive representation learning	Patterns	Summary 3D electron microscopy (EM) connectomics image volumes are surpassing 1 mm3, providing information-dense, multi-scale visualizations of brain circuitry and necessitating scalable analysis techniques. We present SynapseCLR, a self-supervised contrastive
10.3389/fnins.2016.00420	Synapse-Centric Mapping of Cortical Models to the SpiNNaker Neuromorphic Architecture	Frontiers in Neuroscience	While the adult human brain has approximately 8.8 × 1010 neurons, this number is dwarfed by its 1 × 1015 synapses. From the point of view of neuromorphic engineering and neural simulation in general this makes the simulation of these synapses a particularly co
10.1117/12.2595144	Impact of fixation and paraffin embedding on mouse brain morphology: a synchrotron radiation-based tomography study	Optical Engineering + Applications	Formalin fixation and paraffin embedding of post mortem tissue specimens is widely used for high-resolution neuroimaging with both conventional and X-ray virtual histology. Exchange of embedding solutions generates non-uniform brain shrinkage and changes relat
10.1016/s0301-0082(00)00008-3	Molecular frequency filters at central synapses.	Progress in neurobiology	During the 1950s to 70s most of the mechanisms that control transmitter release from presynaptic nerve terminals were described at the neuromuscular junction. It was not, however, until the 1990s that the multiplicity of protein-protein interactions that gover
10.1016/j.neuroscience.2020.10.022	Laminar differences in the targeting of dendritic spines by cortical pyramidal neurons and interneurons in human dorsolateral prefrontal cortex	Neuroscience	Activation of specific neural circuits in different layers of the primate dorsolateral prefrontal cortex (DLPFC) is essential for working memory, a core cognitive function. Recurrent excitation between pyramidal neurons in middle and deep layers of the DLPFC c
10.1101/2023.09.29.560022	Stem cell-specific ecdysone signaling regulates the development and function of a Drosophila sleep homeostat	bioRxiv	Complex behaviors arise from neural circuits that are assembled from diverse cell types. Sleep is a conserved and essential behavior, yet little is known regarding how the nervous system generates neuron types of the sleep-wake circuit. Here, we focus on the s
10.1523/jneurosci.08-09-03427.1988	Serotonergic and serotonin-accumulating neurons in the goldfish retina	Journal of Neuroscience	Autoradiography of goldfish retinas incubated in micromolar levels of 3H-serotonin displayed 3 kinds of labeled somas in the inner nuclear layer: S1 amacrine cells with heavy labeling, large somas, and a sparse distribution (approximately 93/mm2); S2 amacrine 
10.3389/fnana.2018.00075	Derivation of Fiber Orientations From Oblique Views Through Human Brain Sections in 3D-Polarized Light Imaging	Frontiers in Neuroanatomy	3D-Polarized Light Imaging (3D-PLI) enables high-resolution three-dimensional mapping of the nerve fiber architecture in unstained histological brain sections based on the intrinsic birefringence of myelinated nerve fibers. The interpretation of the measured b
10.3389/fncir.2014.00008	Parallel neural pathways in higher visual centers of the Drosophila brain that mediate wavelength-specific behavior	Front. Neural Circuits	Compared with connections between the retinae and primary visual centers, relatively less is known in both mammals and insects about the functional segregation of neural pathways connecting primary and higher centers of the visual processing cascade. Here, usi
10.1002/cne.24840	Wide-field amacrine cell inputs to ON parasol ganglion cells in macaque retina	The Journal of comparative neurology	Parasol cells are one of the major types of primate retinal ganglion cells. The goal of this study was to describe the synaptic inputs that shape the light responses of the ON type of parasol cells, which are excited by increments in light intensity. A connect
10.1152/jn.01032.2015	Target-specific M1 inputs to infragranular S1 pyramidal neurons.	Journal of Neurophysiology	The functional role of input from the primary motor cortex (M1) to primary somatosensory cortex (S1) is unclear; one key to understanding this pathway may lie in elucidating the cell-type specific microcircuits that connect S1 and M1. Recently, we discovered t
10.1371/journal.pcbi.1004485	Network Plasticity as Bayesian Inference	PLoS Comput. Biol.	General results from statistical learning theory suggest to understand not only brain computations, but also brain plasticity as probabilistic inference. But a model for that has been missing. We propose that inherently stochastic features of synaptic plastici
10.1186/1471-2202-15-s1-p186	The formation of multi-synaptic connections by the interaction of synaptic and structural plasticity and their functional consequences	BMC Neuroscience	The connectivity between neurons i.e., the number of synapses and their transmission efficacies (weights) determines information processing and storage in neural networks as, for instance, the cortex. Thus, in order to understand the functionality of cortical 
10.1016/j.conb.2010.05.003	Chasing the cell assembly.	Current Opinion in Neurobiology	Although we know enormous amounts of detailed information about the neurons that make up the cortex, placing this information back into the context of the behaving animal is a serious challenge. The functional cell assembly hypothesis first described by Hebb (
10.1016/j.isci.2022.105287	Positive interaction between ASH and ASK sensory neurons accelerates nociception and inhibits behavioral adaptation	iScience	Summary Central and peripheral sensory neurons tightly regulate nociception and avoidance behavior. The peripheral modulation of nociception provides more veridical and instantaneous information for animals to achieve rapid, more fine-tuned and concentrated be
10.1098/rsob.230063	Skewed distribution of spines is independent of presynaptic transmitter release and synaptic plasticity, and emerges early during adult neurogenesis	bioRxiv	Dendritic spines are crucial for excitatory synaptic transmission as the size of a spine head correlates with the strength of its synapse. The distribution of spine head sizes follows a lognormal-like distribution with more small spines than large ones. We ana
10.1016/j.conb.2020.09.008	Useful road maps: studying Drosophila larva’s central nervous system with the help of connectomics	Current Opinion in Neurobiology	Highlights • Drosophila larva enables combining comprehensive synapse resolution connectivity maps with cellular-resolution activity maps and behavior maps.• This approach provides a way to elucidate neural implementation of universal brain computations such a
10.1017/s1551929514000704	Modification of Leica EM PACT2 and AFS Equipment for More Efficient High-Pressure Freezing and Freeze-Substitution Sample Preparation	Microscopy Today	Preparation of biological specimens using high-pressure freezing-freeze-substitution (HPF-FS) gained popularity, owing to a high level of sample prepara-tion quality. Different preparation procedures were developed and successfully applied to various samples a
10.1016/j.jsb.2014.03.021	Vitrification of Tokuyasu-style immuno-labelled sections for correlative cryo light microscopy and cryo electron tomography.	Journal of Structural Biology	We present an approach for the preparation of immuno-labelled ultrathin sections from cells or tissue that are compatible with both fluorescence and transmission electron microscopy. Our approach is inspired by a method of Sabanay et al. (1991) that is based o
10.1016/j.neuron.2024.04.010	Specialized connectivity of molecular layer interneuron subtypes leads to disinhibition and synchronous inhibition of cerebellar Purkinje cells	Neuron	Summary Molecular layer interneurons (MLIs) account for approximately 80% of the inhibitory interneurons in the cerebellar cortex and are vital to cerebellar processing. MLIs are thought to primarily inhibit Purkinje cells (PCs) and suppress the plasticity of 
10.3389/fnbeh.2021.777799	Roles for Sleep in Neural and Behavioral Plasticity: Reviewing Variation in the Consequences of Sleep Loss	Frontiers in Behavioral Neuroscience	Sleep is a vital physiological state that has been broadly conserved across the evolution of animal species. While the precise functions of sleep remain poorly understood, a large body of research has examined the negative consequences of sleep loss on neural 
10.1093/med/9780197519233.003.0010	Function	Adult Neurogenesis	Abstract The relevance of adult neurogenesis is measured by its functional contribution. Adult hippocampal neurogenesis adds new neurons to the network of the dentate gyrus, biasing incoming information toward the new neurons, which have heightened synaptic pl
10.1101/2023.08.19.553960	Neuroendocrine Control of Synaptic Transmission by PHAC-1 in C. elegans	Journal of Neuroscience	A dynamic interplay between fast synaptic signals and slower neuromodulatory signals controls the excitatory/inhibitory (E/I) balance within neuronal circuits. The mechanisms by which neuropeptide signaling is regulated to maintain E/I balance remain uncertain
10.1016/j.visres.2010.08.004	Imaging retinotopic maps in the human brain	Vision Research	A quarter-century ago visual neuroscientists had little information about the number and organization of retinotopic maps in human visual cortex. The advent of functional magnetic resonance imaging (MRI), a non-invasive, spatially-resolved technique for measur
10.24963/ijcai.2019/664	Two-Stage Generative Models of Simulating Training Data at The Voxel Level for Large-Scale Microscopy Bioimage Segmentation	International Joint Conference on Artifi	Bioimage Informatics is a growing area that aims to extract biological knowledge from microscope images of biomedical samples automatically. Its mission is vastly challenging, however, due to the complexity of diverse imaging modalities and big scales of multi
10.1016/j.cell.2016.07.054	COMPREHENSIVE CLASSIFICATION OF RETINAL BIPOLAR NEURONS BY SINGLE-CELL TRANSCRIPTOMICS	Cell	SUMMARY Patterns of gene expression can be used to characterize and classify neuronal types. It is challenging, however, to generate taxonomies that fulfill the essential criteria of being comprehensive, harmonizing with conventional classification schemes, an
10.1101/2021.03.26.437137	A projectome of the bumblebee central complex	bioRxiv	Insects have evolved diverse and remarkable strategies for navigating in various ecologies all over the world. Regardless of species, insects share the presence of a group of morphologically conserved neuropils known collectively as the central complex (CX). T
10.1093/pnasnexus/pgad144	Multiplexed neuropeptide mapping in ant brains integrating microtomography and three-dimensional mass spectrometry imaging	PNAS Nexus	Abstract Neuropeptides are important regulators of animal physiology and behavior. Hitherto the gold standard for the localization of neuropeptides have been immunohistochemical methods that require the synthesis of antibody panels, while another limiting fact
10.1016/j.conb.2018.08.003	Dendritic solutions to the credit assignment problem.	Current Opinion in Neurobiology	Guaranteeing that synaptic plasticity leads to effective learning requires a means for assigning credit to each neuron for its contribution to behavior. The 'credit assignment problem' refers to the fact that credit assignment is non-trivial in hierarchical ne
10.1101/2023.01.25.525425	Hacking brain development to test models of sensory coding	bioRxiv	Animals can discriminate myriad sensory stimuli but can also generalize from learned experience. You can probably distinguish the favorite teas of your colleagues while still recognizing that all tea pales in comparison to coffee. Tradeoffs between detection, 
10.1103/physrevresearch.4.013162	Synaptic plasticity controls the emergence of population-wide invariant representations in balanced network models	Physical Review Research	The intensity and the features of sensory stimuli are encoded in the activity of neurons in the cortex. In the visual and piriform cortices, the stimulus intensity rescales the activity of the population without changing its selectivity for the stimulus featur
10.1109/cvpr.2012.6247747	Seeded watershed cut uncertainty estimators for guided interactive segmentation	2012 IEEE Conference on Computer Vision 	Watershed cuts are among the fastest segmentation algorithms and therefore well suited for interactive segmentation of very large 3D data sets. To minimize the number of user interactions (“seeds”) required until the result is correct, we want the computer to 
10.1016/j.micron.2010.08.008	Low voltage high-resolution SEM (LVHRSEM) for biological structural and molecular analysis.	Micron	High-resolution scanning electron microscopy (HRSEM) is being used increasingly to gain new insights into three-dimensional organization of biological structure, macromolecular complexes and interactions of cellular components as well as isolated cell organell
10.1016/j.cub.2016.07.032	High probability neurotransmitter release sites represent an energy efficient design	Current Biology	Nerve terminals contain multiple sites specialized for the release of neurotransmitters. Release usually occurs with low probability, a design thought to confer many advantages. High probability release sites are not uncommon but their advantages are not well 
10.1016/j.celrep.2015.05.031	The cell death pathway regulates synapse elimination through cleavage of gelsolin in Caenorhabditis elegans neurons	Cell Reports	Summary Synapse elimination occurs in development, plasticity and disease conditions. Although the importance of synapse elimination has been documented in many studies, the molecular mechanisms underlying this process remain to be understood. Here, using the 
10.1038/s41467-018-06899-3	Parvalbumin+ interneurons obey unique connectivity rules and establish a powerful lateral-inhibition microcircuit in dentate gyrus	Nature Communications	Parvalbumin-positive (PV+) GABAergic interneurons in hippocampal microcircuits are thought to play a key role in several higher network functions, such as feedforward and feedback inhibition, network oscillations, and pattern separation. Fast lateral inhibitio
10.1016/j.neuron.2014.05.010	Dynamic encoding of perception, memory and movement in a C. elegans chemotaxis circuit	Neuron	Brain circuits endow behavioral flexibility. Here, we study circuits encoding flexible chemotaxis in C. elegans, where the animal navigates up or down NaCl gradients (positive or negative chemotaxis) to reach the salt concentration of previous growth (the setp
10.3389/fnins.2021.612359	Bio-Inspired Architectures Substantially Reduce the Memory Requirements of Neural Network Models	Frontiers in Neuroscience	We propose a neural network model for the jumping escape response behavior observed in the cricket cercal sensory system. This sensory system processes low-intensity air currents in the animal's immediate environment generated by predators, competitors, and ma
10.1098/rstb.2019.0376	Diversity of cilia-based mechanosensory systems and their functions in marine animal behaviour	Philosophical Transactions of the Royal 	Sensory cells that detect mechanical forces usually have one or more specialized cilia. These mechanosensory cells underlie hearing, proprioception or gravity sensation. To date, it is unclear how cilia contribute to detecting mechanical forces and what is the
10.1101/2024.05.29.594076	Prediction of future input explains lateral connectivity in primary visual cortex	bioRxiv	Neurons in primary visual cortex (V1) show a remarkable functional specificity in their pre- and postsynaptic partners. Recent work has revealed a variety of wiring biases describing how the short- and long-range connections of V1 neurons relate to their tunin
10.1126/science.1191776	Micro-Optical Sectioning Tomography to Obtain a High-Resolution Atlas of the Mouse Brain	Science	Better Brain Maps A high-resolution atlas of the complete neuronal connectivity in a whole brain should fundamentally advance our understanding of the organization and function of animal nervous systems. Now, A. Li. et al. (p. 1404 , published online 4 Novembe
10.1093/cercor/bhw216	Reelin Regulates the Maturation of Dendritic Spines, Synaptogenesis and Glial Ensheathment of Newborn Granule Cells	Cerebral Cortex	The Reelin pathway is essential for both neural migration and for the development and maturation of synaptic connections. However, its role in adult synaptic formation and remodeling is still being investigated. Here, we investigated the impact of the Reelin/D
10.3389/fninf.2011.00010	Integrating Temporal and Spatial Scales: Human Structural Network Motifs Across Age and Region of Interest Size	Front. Neuroinform.	Human brain networks can be characterized at different temporal or spatial scales given by the age of the subject or the spatial resolution of the neuroimaging method. Integration of data across scales can only be successful if the combined networks show a sim
10.1093/med/9780197519233.003.0004	Neuronal Development	Adult Neurogenesis	Abstract Adult neurogenesis means neuronal development under the conditions of the otherwise non-neurogenic adult brain. Adult neurogenesis is dependent on neurogenesis during brain development, and, with respect to some of the precursor cells and structures i
10.1126/science.1199305	Challenges and Opportunities in Mining Neuroscience Data	Science	Understanding the brain requires a broad range of approaches and methods from the domains of biology, psychology, chemistry, physics, and mathematics. The fundamental challenge is to decipher the “neural choreography” associated with complex behaviors and func
10.1016/j.celrep.2022.110568	Principles of GABAergic signaling in developing cortical network dynamics.	Cell Reports	GABAergic signaling provides inhibitory stabilization and spatiotemporally coordinates the firing of recurrently connected excitatory neurons in mature cortical circuits. Inhibition thus enables self-generated neuronal activity patterns that underlie various a
10.1101/2024.06.17.598832	Molecular characterization of gustatory second-order neurons reveals integrative mechanisms of gustatory and metabolic information	bioRxiv	Animals must balance the urgent need to find food during starvation with the critical necessity to avoid toxic substances to ensure their survival. In Drosophila, specialized Gustatory Receptors (GRs) expressed in Gustatory Receptor Neurons (GRNs) are critical
10.48550/arxiv.2401.06370	<NO TITLE>		Instance-aware embeddings predicted by deep neural networks have revolutionized biomedical instance segmentation, but its resource requirements are substantial. Knowledge distillation offers a solution by transferring distilled knowledge from heavy teacher net
10.64898/2025.12.10.689094	Hierarchical Community Structure of the Adult Drosophila Connectome Reveals Conserved Circuit Archetypes	bioRxiv	The community structure of connectomes supports functional specialization, adaptability, and cost-efficient wiring. However, little is known about communities in connectomes mapped at the level of individual neurons and synapses. Here, we analyze a whole-brain
10.1016/j.cub.2020.10.082	The Regulation of Drosophila Sleep.	Current Biology	Sleep is critical for diverse aspects of brain function in animals ranging from invertebrates to humans. Powerful genetic tools in the fruit fly Drosophila melanogaster have identified - at an unprecedented level of detail - genes and neural circuits that regu
10.1101/2024.02.05.578975	High-throughput identification of the spatial origins of Drosophila optic lobe neurons using single-cell mRNA-sequencing	bioRxiv	The medulla is the part of the Drosophila optic lobe with the greatest neuronal diversity, in which the identity of each neuronal type is specified in progenitors and newborn neurons via the integration of temporal, spatial, and Notch-driven patterning mechani
10.3389/fninf.2011.00029	Multiscale Exploration of Mouse Brain Microstructures Using the Knife-Edge Scanning Microscope Brain Atlas	Front. Neuroinform.	Connectomics is the study of the full connection matrix of the brain. Recent advances in high-throughput, high-resolution 3D microscopy methods have enabled the imaging of whole small animal brains at a sub-micrometer resolution, potentially opening the road t
10.1038/s41467-024-46996-0	Subcellular pathways through VGluT3-expressing mouse amacrine cells provide locally tuned object-motion-selective signals in the retina	Nature Communications	VGluT3-expressing mouse retinal amacrine cells (VG3s) respond to small-object motion and connect to multiple types of bipolar cells (inputs) and retinal ganglion cells (RGCs, outputs). Because these input and output connections are intermixed on the same dendr
10.1126/sciadv.aea8399	The 3D architecture of the ctenophore aboral organ and the evolution of complex integrative centers in animals	Science Advances	The ability to sense and respond to environmental cues is fundamental to animal behavior and survival. In ctenophores—early-branching marine animals—a subepitheliall nerve net (SNN) underlies complex behaviors such as geotaxis, feeding, and escape. Central to 
10.1016/j.tins.2019.06.003	Astrocyte–Neuron Interactions in the Striatum: Insights on Identity, Form, and Function	Trends in Neurosciences	The physiological functions of astrocytes within neural circuits remain incompletely understood. There has been progress in this regard from recent work on striatal astrocytes, where detailed studies are emerging. In this review, findings on striatal astrocyte
10.1016/j.conb.2004.05.007	Glutamate transporters bring competition to the synapse.	Current Opinion in Neurobiology	Glutamate transporters (GluTs) prevent the accumulation of glutamate and influence the occupancy of receptors at synapses. The ability of extrasynaptic NMDA receptors and metabotropic glutamate receptors to participate in signaling is tightly regulated by GluT
10.1016/j.compbiomed.2020.103693	Automatic segmentation of mitochondria and endolysosomes in volumetric electron microscopy data	Comput. Biol. Medicine	Automatic segmentation of intracellular compartments is a powerful technique, which provides quantitative data about presence, spatial distribution, structure and consequently the function of cells. With the recent development of high throughput volumetric dat
10.1101/2021.04.17.440268	The physiological basis for the computation of direction selectivity in the Drosophila OFF pathway	bioRxiv	In Drosophila, direction-selective neurons implement a mechanism of motion computation similar to cortical neurons, using contrast-opponent receptive fields with ON and OFF subunits. It is not clear how the presynaptic circuitry of direction-selective neurons 
10.1017/s1551929515000012	Multiple-Beam Scanning Electron Microscopy	Microscopy Today	When resolving structures at nanometer scale, electron microscopes are the tools of choice. Since the invention of the electron microscope, the technology has matured into a standard technique applied in a wide variety of disciplines and laboratories. This hol
10.1016/j.cmpb.2022.106856	Optical flow driven interpolation for isotropic FIB-SEM reconstructions	Comput. Methods Programs Biomed.	BACKGROUND AND OBJECTIVE Focused Ion Beam - Scanning Electron Microscopy (FIB-SEM) allows three-dimensional ultrastructural analysis of cells and tissues at the nanoscale. The technique iteratively removes a section of the sample with a FIB and takes an SEM im
10.1007/978-981-13-3065-0_14	C. elegans Locomotion: Finding Balance in Imbalance	Advances in Experimental Medicine and Bi	The excitation-inhibition (E-I) imbalance in neural circuits represents a hallmark of several neuropsychiatric disorders. The tiny nematode Caenorhabditis elegans has emerged as an excellent system to study the molecular mechanisms underlying this imbalance in
10.1007/s11082-021-03315-x	A LED light for photo-inducible cell ablation by miniSOG	Optical and quantum electronics	
10.1113/jphysiol.2011.226605	Activation of glutamate transport evokes rapid glutamine release from perisynaptic astrocytes	Journal of Physiology	Key points Following release of glutamate from excitatory synapses, excitatory amino acid transporters (EAATs) sequester this glutamate into neighbouring astrocytes. The signalling effects on the astrocyte and the mechanisms by which this glutamate is recycled
10.1038/s41467-019-11715-7	Bounded rationality in C. elegans is explained by circuit-specific normalization in chemosensory pathways	Nature Communications	Rational choice theory assumes optimality in decision-making. Violations of a basic axiom of economic rationality known as “Independence of Irrelevant Alternatives” (IIA) have been demonstrated in both humans and animals and could stem from common neuronal con
10.1038/s41586-023-06271-6	A rise-to-threshold process for a relative-value decision	Nature	Whereas progress has been made in the identification of neural signals related to rapid, cued decisions^ 1 – 3 , less is known about how brains guide and terminate more ethologically relevant decisions in which an animal’s own behaviour governs the options exp
10.1101/2023.09.14.557555	Aminergic and peptidergic modulation of insulin-producing cells in Drosophila	bioRxiv	Insulin plays a critical role in maintaining metabolic homeostasis. Since metabolic demands are highly dynamic, insulin release needs to be constantly adjusted. These adjustments are mediated by different pathways, most prominently the blood glucose level, but
10.1038/nature14251	Branch-specific dendritic Ca2+ spikes cause persistent synaptic plasticity	Nature	The brain has an extraordinary capacity for memory storage, but how it stores new information without disrupting previously acquired memories remains unknown. Here we show that different motor learning tasks induce dendritic Ca2+ spikes on different apical tuf
10.1109/tcyb.2022.3170699	Attention and Prediction-Guided Motion Detection for Low-Contrast Small Moving Targets	IEEE Transactions on Cybernetics	Small target motion detection within complex natural environments is an extremely challenging task for autonomous robots. Surprisingly, the visual systems of insects have evolved to be highly efficient in detecting mates and tracking prey, even though targets 
10.1523/jneurosci.0142-24.2024	Neurons Underlying Aggression-Like Actions That Are Shared by Both Males and Females in Drosophila	Journal of Neuroscience	Aggression involves both sexually monomorphic and dimorphic actions. How the brain implements these two types of actions is poorly understood. We found that in Drosophila melanogaster, a set of neurons, which we call CL062, previously shown to mediate male agg
10.1101/106567	Synaptic input sequence discrimination on behavioral timescales mediated by reaction-diffusion chemistry in dendrites	bioRxiv	Sequences of events are ubiquitous in sensory, motor, and cognitive function. Key computational operations, including pattern recognition, event prediction, and plasticity, involve neural discrimination of spatio-temporal sequences. Here we show that synaptica
10.1186/s12859-023-05482-y	A robust approach to 3D neuron shape representation for quantification and classification	BMC Bioinformatics	We consider the problem of finding an accurate representation of neuron shapes, extracting sub-cellular features, and classifying neurons based on neuron shapes. In neuroscience research, the skeleton representation is often used as a compact and abstract repr
10.1038/nn.4043	Diversity of astrocyte functions and phenotypes in neural circuits	Nature Neuroscience	Astrocytes tile the entire CNS. They are vital for neural circuit function, but have traditionally been viewed as simple, homogenous cells that serve the same essential supportive roles everywhere. Here, we summarize breakthroughs that instead indicate that as
10.1103/wvbd-j5rw	Kubo-Martin-Schwinger states of path-structured flow in directed brain synaptic networks.	Physical Review E	The brain's synaptic network, characterized by parallel connections and feedback loops, drives interaction pathways between neurons through a large system with infinitely many degrees of freedom. This system is best modeled by the graph C*-algebra of the under
10.1038/nn.3403	Seeing the forest tree by tree: super-resolution light microscopy meets the neurosciences	Nature Neuroscience	Light microscopy can be applied in vivo and can sample large tissue volumes, features crucial for the study of single neurons and neural circuits. However, light microscopy per se is diffraction-limited in resolution, and the substructure of core signaling com
10.1016/j.neuroscience.2022.01.028	Balanced expression of G protein-coupled receptor subtypes in the mouse, macaque, and human cerebral cortex.	Neuroscience	G-protein coupled receptors (GPCRs) modulate brain function by signaling through heterotrimeric Gq/11, Gs, and Gi/o protein subtypes. Researchers frequently study neuromodulation via these GPCR-subtypes on a 'cell-by-cell' basis. Although useful to explore a s
10.1038/nrn.2017.56	Functional consequences of neuropeptide and small-molecule co-transmission	Nature Reviews Neuroscience	Colocalization of small-molecule and neuropeptide transmitters is common throughout the nervous system of all animals. The resulting co-transmission, which provides conjoint ionotropic ('classical') and metabotropic ('modulatory') actions, includes neuropeptid
10.1101/2025.09.24.678310	A Computational Perspective on the No-Strong-Loops Principle in Brain Networks	bioRxiv	Cerebral cortical networks in the mammalian brain exhibit a non-random organization in which reciprocal projections, although widespread, are systematically asymmetric in strength: feedforward connections are consistently stronger than their feedback counterpa
10.1038/s41467-019-11630-x	A null model of the mouse whole-neocortex micro-connectome	Nature Communications	In connectomics, the study of the network structure of connected neurons, great advances are being made on two different scales: that of macro- and meso-scale connectomics, studying the connectivity between populations of neurons, and that of micro-scale conne
10.1007/bf01183973	Quantitative analysis of GABA-immunoreactive synapses in the inner plexiform layer of theBufo marinus retina: identification of direct output to gangl	Journal of Neurocytology	We have recently reported that about 50% of amacrine cells and some of the bipolar and ganglion cells are GABA-immunoreactive in the retina of Bufo marinus. Synapses formed by these elements in the inner plexiform layer were studied. GABA-immunoreactive amacri
10.1002/mrm.30510	Engineering clinical translation of OGSE diffusion MRI	Magnetic Resonance in Medicine	Oscillating gradient spin echo (OGSE) diffusion MRI (dMRI) can probe the diffusive dynamics on short time scales ≲10 ms, which translates into the sensitivity to tissue microstructure at the short length scales ≲10μ$$ \lesssim 10\kern0.3em \upmu $$ m. OGSE‐bas
10.1038/s41583-022-00644-y	Evolution of central neural circuits: state of the art and perspectives	Nature Reviews Neuroscience	The wide variety of animal behaviours that can be observed today arose through the evolution of their underlying neural circuits. Advances in understanding the mechanisms through which neural circuits change over evolutionary timescales have lagged behind our 
10.7554/elife.71103	Synaptic connectivity to L2/3 of primary visual cortex measured by two-photon optogenetic stimulation	eLife	Understanding cortical microcircuits requires thorough measurement of physiological properties of synaptic connections formed within and between diverse subclasses of neurons. Towards this goal, we combined spatially precise optogenetic stimulation with multic
10.3791/55664	Flash-and-Freeze: A Novel Technique to Capture Membrane Dynamics with Electron Microscopy	Journal of Visualized Experiments	Cells constantly change their membrane architecture and protein distribution, but it is extremely difficult to visualize these events at a temporal and spatial resolution on the order of ms and nm, respectively. We have developed a time-resolved electron micro
10.1113/jphysiol.2003.058107	Multiple mechanisms govern the dynamics of depression at neocortical synapses of young rats	Journal of Physiology	Synaptic transmission between pairs of excitatory neurones in layers V ( N = 38) or IV ( N = 6) of somatosensory cortex was examined in a parasagittal slice preparation obtained from young Wistar rats (14–18 days old). A combined experimental and theoretical a
10.1002/advs.202410637	An Artificial Neural Network for Image Classification Inspired by the Aversive Olfactory Learning Neural Circuit in Caenorhabditis elegans	Advancement of science	This study introduces an artificial neural network (ANN) for image classification task, inspired by the aversive olfactory learning neural circuit in Caenorhabditis elegans (C. elegans). Although artificial neural networks (ANNs) have demonstrated remarkable p
10.1371/journal.pbio.3003472	A framework to determine active neurons and networks within the mouse brain reveals how brain activity changes over the course of the day	PLoS Biology	The mouse brain’s activity changes drastically over a day despite being generated from the same neurons and physical connectivity. To better understand this, we develop an experimental-computational pipeline to determine which neurons and networks are most act
10.1038/nature08539	Reverse engineering the mouse brain	Nature	Behaviour is governed by activity in highly structured neural circuits. Genetically targeted sensors and switches facilitate measurement and manipulation of activity in vivo, linking activity in defined nodes of neural circuits to behaviour. Because of access 
10.1002/cne.23388	Localization of the Contacts Between Kenyon Cells and Aminergic Neurons in the Drosophila melanogaster Brain Using SplitGFP Reconstitution	The Journal of comparative neurology	ABSTRACT The mushroom body of the insect brain represents a neuronal circuit involved in the control of adaptive behavior, e.g., associative learning. Its function relies on the modulation of Kenyon cell activity or synaptic transmitter release by biogenic ami
10.1016/s0091-679x(10)96018-4	Modern approaches for ultrastructural analysis of the zebrafish embryo.	Methods in Cell Biology	The zebrafish is a powerful vertebrate system with great advantages for both forward and reverse genetic screens and as a model for human disease conditions. Light microscopy has been used extensively to study zebrafish development but less frequently have the
10.1038/nchembio.2076	Click-electron microscopy for imaging metabolically tagged non-protein biomolecules	Nature Chemical Biology	Electron microscopy (EM) has long been the main technique to image cell structures with nanometer resolution, but has lagged behind light microscopy in the crucial ability to make specific molecules stand out. Here we introduce “Click-EM,” a labeling technique
10.7554/elife.23206	The role of PDF neurons in setting the preferred temperature before dawn in Drosophila	eLife	Animals have sophisticated homeostatic controls. While mammalian body temperature fluctuates throughout the day, small ectotherms, such as Drosophila achieve a body temperature rhythm (BTR) through their preference of environmental temperature. Here, we demons
10.1523/jneurosci.4307-05.2006	Multivesicular Release at Schaffer Collateral–CA1 Hippocampal Synapses	Journal of Neuroscience	Whether an individual synapse releases single or multiple vesicles of transmitter per action potential is contentious and probably depends on the type of synapse. One possibility is that multivesicular release (MVR) is determined by the instantaneous release p
10.1038/s42003-026-10044-y	Astrocyte-mediated higher-order control of synaptic plasticity	Communications Biology	The dynamics of higher-order topological signals are increasingly recognized as a key aspect of the activity of complex systems. A paradigmatic example are synaptic dynamics: synaptic efficacy changes over time driven by different mechanisms. Beyond traditiona
10.1016/j.isci.2026.115624	The Drosophila connectome reveals axo-axonic synapses on descending neurons	bioRxiv	Axo-axonic synapses can veto, amplify, or synchronize spikes, yet their circuit-scale logic is unknown. Using the complete electron-microscopy connectome of the adult male Drosophila, we charted every axo-axonic input onto the 1,314 descending neurons that car
10.1038/s41586-025-08985-1	Light-microscopy-based connectomic reconstruction of mammalian brain tissue	Nature	The information-processing capability of the brain’s cellular network depends on the physical wiring pattern between neurons and their molecular and functional characteristics. Mapping neurons and resolving their individual synaptic connections can be achieved
10.1016/j.yhbeh.2014.07.014	Frank Beach Award Winner: Steroids as Neuromodulators of Brain Circuits and Behavior	Hormones and Behavior	Neurons communicate primarily via action potentials that transmit information on the timescale of milliseconds. Neurons also integrate information via alterations in gene transcription and protein translation that are sustained for hours to days after initiati
10.1038/s41593-026-02395-w	Strong and localized recurrence controls the dimensionality of neural activity across brain areas.	Nature Neuroscience	The brain contains an astronomical number of neurons, but it is their collective activity that underlies brain function. The number of degrees of freedom that this activity explores (its dimensionality) is therefore a fundamental signature of neural dynamics. 
10.1016/j.conb.2020.07.002	Optical interrogation of multi-scale neuronal plasticity underlying behavioral learning.	Current Opinion in Neurobiology	Behavioral learning is driven by adaptive changes in the activation of behaviorally relevant neuronal ensembles. This learning-specific reorganization of neuronal circuits is correlated with activity-dependent modifications of synaptic dynamics. However, a def
10.1101/2022.01.17.476660	Combined patterns of activity of major neuronal classes underpin a global change in brain state during spontaneous and forced walk in Drosophila	bioRxiv	Movement-correlated brain activity has been found across species and brain regions. Here, we used fast whole-brain lightfield imaging in adult Drosophila to investigate the relationship between walk and neuronal activity. We observed brainwide activity that ti
10.1016/j.celrep.2017.03.034	Organization of Circadian Behavior Relies on Glycinergic Transmission.	Cell Reports	The small ventral lateral neurons (sLNvs) constitute a central circadian pacemaker in the Drosophila brain. They organize daily locomotor activity, partly through the release of the neuropeptide pigment-dispersing factor (PDF), coordinating the action of the r
10.1101/lm.053816.123	Modeling neurodegenerative and neurodevelopmental disorders in the Drosophila mushroom body	Learning & memory (Cold Spring Harbor, N	The common fruit fly Drosophila melanogaster provides a powerful platform to investigate the genetic, molecular, cellular, and neural circuit mechanisms of behavior. Research in this model system has shed light on multiple aspects of brain physiology and behav
10.3389/fnins.2022.883640	From Photons to Behaviors: Neural Implementations of Visual Behaviors in Drosophila	Frontiers in Neuroscience	Neural implementations of visual behaviors in Drosophila have been dissected intensively in the past couple of decades. The availability of premiere genetic toolkits, behavioral assays in tethered or freely moving conditions, and advances in connectomics have 
10.1101/2024.04.29.591740	Divergent short-term plasticity creates parallel pathways for computation and behavior in an olfactory circuit	bioRxiv	To enable diverse sensory processing and behavior, central circuits use divergent connectivity to create parallel pathways. However, linking subcellular mechanisms to the circuit-level segregation of computation has been challenging. Here, we investigate the g
10.1016/j.jneumeth.2010.10.001	Modified Golgi-Cox method for micrometer scale sectioning of the whole mouse brain.	Journal of Neuroscience Methods	One of the major challenges of connectomics is obtaining a physical map of the neurons that comprise a circuit and the sites within the whole mouse brain. However, there is no report that addresses the preparation of whole mouse brain tissue for microsectionin
10.1017/s1431927616003767	Imaging a 1 mm 3 Volume of Rat Cortex Using a MultiBeam SEM	Microscopy and Microanalysis	R Schalek, D Lee, N Kasthuri, A Peleg, T Jones, V Kaynig, D Haehn, H Pfister, D Cox, JW Lichtman; Imaging a 1 mm 3 Volume of Rat Cortex Using a MultiBeam S
10.1016/j.semcdb.2021.04.004	Neuronal ensembles in memory processes.	Seminars in Cell and Developmental Biolo	A neuronal ensemble represents the concomitant activity of a specific group of neurons that could encompass a broad repertoire of brain functions such as motor, perceptual, memory or cognitive states. On the other hand, a memory engram portrays the physical ma
10.1016/b978-0-12-062260-3.50016-2	10 – Properties of Cortical Inhibition in Directionally Selective Neurons: Some Neurophysiological Parallels to the Perception of Movement1	Visual Psychophysics and Physiology	
10.1523/jneurosci.1773-10.2010	Anterior cingulate synapses in prefrontal areas 10 and 46 suggest differential influence in cognitive control	Journal of Neuroscience	Dorsolateral prefrontal areas 46 and 10 are involved in distinct aspects of cognition. Area 46 has a key role in working memory tasks, and frontopolar area 10 is recruited in complex multitask operations. Both areas are innervated by the anterior cingulate cor
10.7554/elife.107732	A three-dimensional immunofluorescence atlas of the brain of the hackled-orb weaver spider, Uloborus diversus	eLife	Spider orb-web building is a captivating, rare example of animal construction, whose neural underpinnings remain undiscovered. We created a three-dimensional atlas for the hackled-orb weaver, Uloborus diversus, based on immunostaining for the presynaptic compo
10.1109/siu.2017.7960683	Resource-efficient perceptron has sparse synaptic weight distribution	Signal Processing and Communications App	Resource-efficiency is important for biological function of neurons. Using the perceptron as a model of a neuron, we show that resource-efficient learning implies sparse neural connectivity. The perceptron associates inputs to outputs by adjusting its synaptic
10.3389/fncel.2022.984282	Night skies through animals’ eyes—Quantifying night-time visual scenes and light pollution as viewed by animals	Frontiers in Cellular Neuroscience	A large proportion of animal species enjoy the benefits of being active at night, and have evolved the corresponding optical and neural adaptations to cope with the challenges of low light intensities. However, over the past century electric lighting has intro
10.1371/journal.pcbi.1007526	The hourglass organization of the Caenorhabditis elegans connectome	PLoS Comput. Biol.	We approach the C. elegans connectome as an information processing network that receives input from about 90 sensory neurons, processes that information through a highly recurrent network of about 80 interneurons, and it produces a coordinated output from abou
10.1017/s0952523800011846	A comparison of receptive-field and tracer-coupling size of amacrine and ganglion cells in the rabbit retina	Visual Neuroscience	Abstract Recent studies have shown that amacrine and ganglion cells in the mammalian retina are extensively coupled as revealed by the intercellular movement of the biotinylated tracers biocytin and Neurobiotin. These demonstrations of tracer coupling suggest 
10.1002/cne.903350405	Immunocytochemical localization of glycine receptors in the mammalian retina	The Journal of comparative neurology	Abstract The distribution of glycinergic synapses in the mammalian retina was studied with monoclonal antibodies against glycine receptors and a glycine receptor‐related protein (gephyrin). Monoclonal antibody 2b is specific for the α1 subunit of the glycine r
10.1101/2023.04.06.535829	CebraEM: A practical workflow to segment cellular organelles in volume SEM datasets using a transferable CNN-based membrane prediction	bioRxiv	Segmentation of large-volume datasets obtained by volume SEM techniques is a challenging task that generally requires a considerable amount of human effort. Despite recent advances in deep learning leading to the successful segmentation of cellular organelles 
10.1016/j.cub.2021.09.061	Flexible filtering by neural inputs supports motion computation across states and stimuli	Current Biology	Summary Sensory systems flexibly adapt their processing properties across a wide range of environmental and behavioral conditions. Such variable processing complicates attempts to extract mechanistic understanding of sensory computations. This is evident in th
10.1523/eneuro.0088-17.2017	Examining Hippocampal Mossy Fiber Synapses by 3D Electron Microscopy in Wildtype and Kirrel3 Knockout Mice	eNeuro	Visual Abstract Neural circuits balance excitatory and inhibitory activity and disruptions in this balance are commonly found in neurodevelopmental disorders. Mice lacking the intellectual disability and autism-associated gene Kirrel3 have an excitation-inhibi
10.1371/journal.pone.0227910	The Frequent Network Neighborhood Mapping of the human hippocampus shows much more frequent neighbor sets in males than in females	PLoS ONE	In the study of the human connectome, the vertices and the edges of the network of the human brain are analyzed: the vertices of the graphs are the anatomically identified gray matter areas of the subjects; this set is exactly the same for all the subjects. Th
10.1038/ncomms11046	Versatile protein tagging in cells with split fluorescent protein	Nature Communications	In addition to the popular method of fluorescent protein fusion, live cell protein imaging has now seen more and more application of epitope tags. The small size of these tags may reduce functional perturbation and enable signal amplification. To address their
10.1016/j.jneumeth.2019.108354	Methods for single-cell recording and labeling in vivo.	Journal of Neuroscience Methods	Targeting individual neurons in vivo is a key method to study the role of single cell types within local and brain-wide microcircuits. While novel technological developments now permit assessing activity from large number of cells simultaneously, there is curr
10.1101/2023.09.05.555896	Ring Array Illumination Microscopy: Combination of Super-Resolution with Large Field of View Imaging and long Working Distances	bioRxiv	Abstract Here we present a novel fluorescence microscopy concept which enables a direct integration of Super-Resolution Microscopy (SRM) approaches (SIM/Nanosizing, STED, SMLM, MINFLUX, SIMFLUX) into microscopy systems with working distances (WD) up to the mul
10.1016/j.cub.2020.04.052	Animal Behavior: A Neural Basis of Individuality.	Current Biology	Behavior can vary greatly even between genetically identical animals, but what determines such individuality? New work reveals that inter-individual differences in wiring of visual interneurons in Drosophila, arising from stochastic developmental events, under
10.7554/elife.56754	A size principle for recruitment of Drosophila leg motor neurons	eLife	To move the body, the brain must precisely coordinate patterns of activity among diverse populations of motor neurons. Here, we use in vivo calcium imaging, electrophysiology, and behavior to understand how genetically-identified motor neurons control flexion 
10.1007/s00422-012-0529-z	Time scales of memory, learning, and plasticity	Biological cybernetics	After only about 10 days would the storage capacity of our nervous system be reached if we stored every bit of input. The nervous system relies on at least two mechanisms that counteract this capacity limit: compression and forgetting. But the latter mechanism
10.1016/b978-012369437-9/50022-0	Exocytic Release of Glutamate from Astrocytes: Comparison to Neurons	Protein Trafficking in Neurons	
10.1523/jneurosci.3486-12.2013	Coordinated Population Activity Underlying Texture Discrimination in Rat Barrel Cortex	Journal of Neuroscience	Rodents can robustly distinguish fine differences in texture using their whiskers, a capacity that depends on neuronal activity in primary somatosensory “barrel” cortex. Here we explore how texture was collectively encoded by populations of three to seven neur
10.36253/ijae-15710	The brain as a “hyper-network”: impact on neurophysiology and neuropharmacology	Italian Journal of Anatomy and Embryolog	Neuronal network architecture plays a crucial role as the structural substrate for the brain functions. Increasing evidence, however, indicates that, beside neural networks, to fully understand brain complex integrative actions glial cells and the diffusion of
10.1109/nnice68970.2026.11465405	Structure-Aware Masked Autoencoding for 3D Neuron Morphology Representation	2026 6th International Conference on Neu	Accurate classification and retrieval of 3D neuron morphology are crucial for computational neuroscience but are hindered by morphological complexity and scarce labeled data. A critical challenge lies in learning robust representations that simultaneously enco
10.3390/cryst16010014	Volume Electron Microscopy: Imaging Principles, Computational Advances and Applications in Multi-Scale Biological System	Crystals	Volume electron microscopy (Volume-EM) has transformed structural cell biology by enabling nanometre-resolution imaging across cellular and tissue scales. Serial-section TEM, Serial Block-Face Scanning Electron Microscopy (SBF-SEM), Focused Ion Beam Scanning E
10.1146/annurev-genet-120215-035312	Generation and Evolution of Neural Cell Types and Circuits: Insights from the Drosophila Visual System	Annual Review of Genetics	The Drosophila visual system has become a premier model for probing how neural diversity is generated during development. Recent work has provided deeper insight into the elaborate mechanisms that control the range of types and numbers of neurons produced, whi
10.7554/elife.47889	Single-cell transcriptomic evidence for dense intracortical neuropeptide networks	bioRxiv	Seeking new insights into the homeostasis, modulation and plasticity of cortical synaptic networks, we have analyzed results from a single-cell RNA-seq study of 22,439 mouse neocortical neurons. Our analysis exposes transcriptomic evidence for dozens of molecu
10.1016/j.neuron.2020.02.015	Whole-neuron synaptic mapping reveals spatially precise excitatory/inhibitory balance limiting dendritic and somatic spiking	Neuron	SUMMARY The balance between excitatory and inhibitory (E and I) synapses is thought to be critical for information processing in neural circuits. However, little is known about the spatial principles of E and I synapses organization across the entire dendritic
10.48550/arxiv.2507.10951	<NO TITLE>		The complete connectome of the Drosophila larva brain offers a unique opportunity to investigate whether biologically evolved circuits can support artificial intelligence. We convert this wiring diagram into a Biological Processing Unit (BPU), a fixed recurren
10.1038/nn.4242	The mechanics of state-dependent neural correlations	Nature Neuroscience	Simultaneous recordings from large neural populations are becoming increasingly common. An important feature of population activity is the trial-to-trial correlated fluctuation of spike train outputs from recorded neuron pairs. Similar to the firing rate of si
10.1007/s11571-017-9470-0	Effect of spike-timing-dependent plasticity on stochastic burst synchronization in a scale-free neuronal network	Cognitive Neurodynamics	We consider an excitatory population of subthreshold Izhikevich neurons which cannot fire spontaneously without noise. As the coupling strength passes a threshold, individual neurons exhibit noise-induced burstings. This neuronal population has adaptive dynami
10.1038/s41593-025-02031-z	A neural manifold view of the brain	Nature Neuroscience	Animal behavior arises from the coordinated activity of neural populations that span the entire brain. The activity of large neural populations from an increasing number of brain regions, behaviors and species shows low-dimensional structure. We posit that thi
10.1016/0006-8993(80)90439-4	Electrophysiological analysis of taurine and glycine action on neurons of the midpuppy retina. I. Intracellular recording.	Brain Research	Intracellular recordings were carried out in the prefused retine-eyecup preparation of the mudpuppy. Taurine and glycine were added to the bathing medium to study their effects on different retinal neurons. In a few cases, gamma-aminobutyric acid was exogenous
10.1073/pnas.0900330106	Proximity of excitatory and inhibitory axon terminals adjacent to pyramidal cell bodies provides a putative basis for nonsynaptic interactions	Proceedings of the National Academy of S	Although pyramidal cells are the main excitatory neurons in the cerebral cortex, it has recently been reported that they can evoke inhibitory postsynaptic currents in neighboring pyramidal neurons. These inhibitory effects were proposed to be mediated by putat
10.1371/journal.pone.0277918	Interneurons of fan-shaped body promote arousal in Drosophila	bioRxiv	Sleep is required to maintain physiological functions and is widely conserved across species. To understand the sleep-regulatory mechanisms, sleep-regulating genes and neuronal circuits are studied in various animal species. In the sleep-regulatory neuronal ci
10.7554/elife.95607	Generation of biophysical neuron model parameters from recorded electrophysiological responses	eLife	Recent advances in connectomics, biophysics, and neuronal electrophysiology warrant modeling of neurons with further details in both network interaction and cellular dynamics. Such models may be referred to as ElectroPhysiome, as they incorporate the connectom
10.3389/fnsys.2019.00040	Whisker-Mediated Touch System in Rodents: From Neuron to Behavior	Frontiers in Systems Neuroscience	A key question in systems neuroscience is to identify how sensory stimuli are represented in neuronal activity, and how the activity of sensory neurons in turn is “read out” by downstream neurons and give rise to behavior. The choice of a proper model system t
10.1117/12.2043517	Automatic detection of mitochondria from electron microscope tomography images: a curve fitting approach	Medical Imaging	Mitochondria are sub-cellular components which are mainly responsible for synthesis of adenosine tri-phosphate (ATP) and involved in the regulation of several cellular activities such as apoptosis. The relation between some common diseases of aging and morphol
10.1242/dev.114603	CoinFLP: a system for efficient mosaic screening and for visualizing clonal boundaries in Drosophila	Development	Screens in mosaic Drosophila tissues that use chemical mutagenesis have identified many regulators of growth and patterning. Many of the mutant phenotypes observed were contingent upon the presence of both wild-type and mutant cells in the same tissue. More re
10.1109/iccv.2017.222	Learned Watershed: End-to-End Learning of Seeded Segmentation	IEEE International Conference on Compute	Learned boundary maps are known to outperform handcrafted ones as a basis for the watershed algorithm. We show, for the first time, how to train watershed computation jointly with boundary map prediction. The estimator for the merging priorities is cast as a n
10.1152/jn.2000.83.4.1817	Light-evoked responses of bipolar cells in a mammalian retina.	Journal of Neurophysiology	We recorded light-evoked responses from rod and cone bipolar cells using patch-clamp techniques in a slice preparation of the rat retina. Rod bipolar cells responded to light with a sustained depolarization (on response) followed at light offset by a slight hy
10.1016/j.tins.2007.09.005	What can we learn from synaptic weight distributions?	Trends in Neurosciences	Much research effort into synaptic plasticity has been motivated by the idea that modifications of synaptic weights (or strengths or efficacies) underlie learning and memory. Here, we examine the possibility of exploiting the statistics of experimentally measu
10.1371/journal.pbio.3002030	The active zone protein Clarinet regulates synaptic sorting of ATG-9 and presynaptic autophagy	PLoS Biology	Autophagy is essential for cellular homeostasis and function. In neurons, autophagosome biogenesis is temporally and spatially regulated to occur near presynaptic sites, in part via the trafficking of autophagy transmembrane protein ATG-9. The molecules that r
10.1002/hipo.22533	Food restriction modifies ultrastructure of hippocampal synapses	Hippocampus	ABSTRACT Consumption of high‐energy diets may compromise health and may also impair cognition; these impairments have been linked to tasks that require hippocampal function. Conversely, food restriction has been shown to improve certain aspects of hippocampal 
10.1371/journal.pcbi.1004759	Plasticity-Driven Self-Organization under Topological Constraints Accounts for Non-random Features of Cortical Synaptic Wiring	bioRxiv	Understanding the structure and dynamics of cortical connectivity is vital to understanding cortical function. Experimental data strongly suggest that local recurrent connectivity in the cortex is significantly non-random, exhibiting, for example, above-chance
10.1016/j.celrep.2022.110317	Inhibition, but not excitation, recovers from partial cone loss with greater spatiotemporal integration, synapse density, and frequency	Cell Reports	SUMMARY Neural circuits function in the face of changing inputs, either caused by normal variation in stimuli or by cell death. To maintain their ability to perform essential computations with partial inputs, neural circuits make modifications. Here, we study 
10.1016/j.conb.2020.01.002	Neuronal strategies for meeting the right partner during brain wiring	Current Opinion in Neurobiology	Two neurons can only form a synapse if their axonal and dendritic projections meet at the same time and place. While spatiotemporal proximity is necessary for synapse formation, it remains unclear to what extent the underlying positional strategies are suffici
10.1016/j.actbio.2021.06.024	Engineered Neural Circuits for Modeling Brain Physiology and Neuropathology.	Acta Biomaterialia	The neural circuits of the central nervous system are the regulatory pathways for feeling, motion control, learning, and memory, and their dysfunction is closely related to various neurodegenerative diseases. Despite the growing demand for the unraveling of th
10.1093/cercor/bhq157	Emotion speeds up conflict resolution: a new role for the ventral anterior cingulate cortex?	Cerebral Cortex	It has been hypothesized that processing of conflict is facilitated by emotion. Emotional stimuli signal significance in a situation. Thus, when an emotional stimulus is task relevant, more resources may be devoted to conflict processing to reduce the time tha
10.1101/2024.03.18.585565	Characterizing and targeting glioblastoma neuron-tumor networks with retrograde tracing	bioRxiv	Glioblastomas are invasive brain tumors with high therapeutic resistance. Neuron-to-glioma synapses have been shown to promote glioblastoma progression. However, a characterization of tumor-connected neurons has been hampered by a lack of technologies. Here, w
10.1371/journal.pcbi.1002653	Model-Free Reconstruction of Excitatory Neuronal Connectivity from Calcium Imaging Signals	PLoS Comput. Biol.	A systematic assessment of global neural network connectivity through direct electrophysiological assays has remained technically infeasible, even in simpler systems like dissociated neuronal cultures. We introduce an improved algorithmic approach based on Tra
10.1017/s1431927614000087	Serial Block-Face Imaging and its Potential for Reconstructing Diminutive Cell Systems: A Case Study from Arthropods	Microscopy and Microanalysis	Abstract Until recently, three-dimensional reconstruction on an ultrastructural level was only possible using serial section transmission electron microscopy (ssTEM). However, ssTEM is highly challenging and prone to artifacts as, e.g., section loss and image 
10.48550/arxiv.2306.03291	<NO TITLE>		An important problem in time-series analysis is modeling systems with time-varying dynamics. Probabilistic models with joint continuous and discrete latent states offer interpretable, efficient, and experimentally useful descriptions of such data. Commonly use
10.3389/fnmol.2022.845733	Motor Rhythm Dissection From the Backward Circuit in C. elegans	Frontiers in Molecular Neuroscience	Motor rhythm is initiated and sustained by oscillatory neuronal activity. We recently discovered that the A-class excitatory motor neurons (MNs) (A-MNs) function as intrinsic oscillators. They drive backward locomotion by generating rhythmic postsynaptic curre
10.1186/s12883-024-03864-0	Translational Connectomics: overview of machine learning in macroscale Connectomics for clinical insights	BMC Neurology	Connectomics is a neuroscience paradigm focused on noninvasively mapping highly intricate and organized networks of neurons. The advent of neuroimaging has led to extensive mapping of the brain functional and structural connectome on a macroscale level through
10.1016/0278-4327(90)90013-8	Chapter 11 Cell types using glutamate as a neurotransmitter in the vertebrate retina	Progress in Retinal Research	
10.3389/fncir.2021.749586	Genetic Transsynaptic Techniques for Mapping Neural Circuits in Drosophila	Frontiers in Neural Circuits	A neural circuit is composed of a population of neurons that are interconnected by synapses and carry out a specific function when activated. It is the structural framework for all brain functions. Its impairments often cause diseases in the nervous system. To
10.1016/j.cell.2017.09.020	Brain-wide Maps Reveal Stereotyped Cell Type-based Cortical Architecture and Subcortical Sexual Dimorphism	Cell	SUMMARY The stereotyped features of neuronal circuits are those most likely to explain the remarkable capacity of the brain to process information and govern behaviors, yet it has not been possible to comprehensively quantify neuronal distributions across anim
10.1016/j.cub.2019.01.017	Inverse Control of Turning Behavior by Dopamine D1 Receptor Signaling in Columnar and Ring Neurons of the Central Complex in Drosophila	Current Biology	Summary Action selection is a prerequisite for decision-making and a fundamental aspect to any goal-directed locomotion; it requires integration of sensory signals and internal states to translate them into action sequences. Here, we introduce a novel behavior
10.1101/782961	Presynaptic developmental plasticity allows robust sparse wiring of the Drosophila mushroom body	bioRxiv	In order to represent complex stimuli, principle neurons of associative learning regions receive combinatorial sensory inputs. Developmental wiring programs can produce innervation densities that vary by several orders of magnitude, such that cortical pyramida
10.1002/dneu.22829	Ultrastructural analysis of dendritic spine necks reveals a continuum of spine morphologies	bioRxiv	Dendritic spines are membranous protrusions, with a bulbous head connected to the dendrite by a thin neck, and receive essentially all excitatory inputs in most mammalian neurons. Spines have a wide variety of morphologies that likely have a significant effect
10.1016/j.heares.2016.07.004	The effect of progressive hearing loss on the morphology of endbulbs of Held and bushy cells	Hearing Research	Studies of congenital and early-onset deafness have demonstrated that an absence of peripheral sound-evoked activity in the auditory nerve causes pathological changes in central auditory structures. The aim of this study was to establish whether progressive ac
10.1021/acs.analchem.8b02114	Electrochemical Measurements of Acetylcholine-Stimulated Dopamine Release in Adult Drosophila melanogaster Brains	Analytical Chemistry	The fruit fly, Drosophila melanogaster, is a popular model organism for studying neurological processes and diseases due to the availability of sophisticated genetic tools. While endogenous neurotransmitter release has been characterized in Drosophila larvae, 
10.1007/978-1-61779-830-6_2	Genetically Encoded Markers for Drosophila Neuroanatomy	Neuromethods	The description of the anatomy of neural circuits provides a framework for predictions about their ­functions. During the last 2 decades, the explosion of genetically encoded tools for manipulating and visualizing the neural circuits in the fruit fly allowed i
10.1038/s41467-024-45741-x	Unsupervised classification of brain-wide axons reveals the presubiculum neuronal projection blueprint	Nature Communications	We present a quantitative strategy to identify all projection neuron types from a given region with statistically different patterns of anatomical targeting. We first validate the technique with mouse primary motor cortex layer 6 data, yielding two clusters co
10.1016/j.devcel.2025.05.013	Molecular profiling of adult C. elegans glia across sexes by single nuclear RNA-seq	Developmental Cell	SUMMARY A comprehensive understanding of nervous system function requires molecular insight into the diversity and sex dimorphism of both its component cell types, glia and neurons. Here, we present a single nuclear RNA-seq census of all neuroectoderm-derived 
10.1101/2023.03.21.533668	Molecular heterogeneity of C. elegans glia across sexes	bioRxiv	A comprehensive description of nervous system function, and sex dimorphism within, is incomplete without clear assessment of the diversity of its component cell types, neurons and glia. C. elegans has an invariant nervous system with the first mapped connectom
10.1101/2025.07.28.667142	Partial recurrence enables robust and efficient computation	bioRxiv	Neural circuits are sparse and bidirectional. Meaning that signals flow from early sensory areas to later regions and back. Yet, between connected areas there exist some but not all pathways. How does this structure, somewhere between feedforward and fully rec
10.1016/j.tins.2024.09.005	Neural circuits for goal-directed navigation across species	Trends in Neurosciences	Across species, navigation is crucial for finding both resources and shelter. In vertebrates, the hippocampus supports memory-guided goal-directed navigation, while in arthropods, the central complex supports similar functions. A growing literature is revealin
10.1038/s41586-025-08660-5	NEURD offers automated proofreading and feature extraction for connectomics	Nature	We are in the era of millimetre-scale electron microscopy volumes collected at nanometre resolution1,2. Dense reconstruction of cellular compartments in these electron microscopy volumes has been enabled by recent advances in machine learning3, 4, 5–6. Automat
10.1038/s41586-025-09758-6	Connectivity underlying motor cortex activity during goal-directed behaviour	Nature	Neural representations of information are shaped by long-range input and local network interactions. Previous studies linking neural coding and cortical connectivity have focused on input-driven activity in the sensory cortex 1-3 . Here we studied neural activ
10.1038/ncomms3210	Concentration memory-dependent synaptic plasticity of a taste circuit regulates salt concentration chemotaxis in Caenorhabditis elegans	Nature Communications	It is poorly understood how sensory systems memorize the intensity of sensory stimulus, compare it with a newly sensed stimulus, and regulate the orientation behaviour based on the memory. Here we report that Caenorhabditis elegans memorizes the environmental 
10.1101/2020.06.04.105700	Molecular, spatial and projection diversity of neurons in primary motor cortex revealed by in situ single-cell transcriptomics	bioRxiv	A mammalian brain is comprised of numerous cell types organized in an intricate manner to form functional neural circuits. Single-cell RNA sequencing provides a powerful approach to identify cell types based on their gene expression profiles and has revealed m
10.1101/2021.12.17.473169	The BioImage Archive - building a home for life-sciences microscopy data	bioRxiv	Despite the huge impact of data resources in genomics and structural biology, until now there has been no central archive for biological data for all imaging modalities. The BioImage Archive is a new data resource at the European Bioinformatics Institute (EMBL
10.7554/elife.108573	The wiring diagram of an entire animal	eLife	A digital atlas of every cell in a developing marine worm reveals how networks across the body coordinate sensing and movement, and provides insights into the evolution of the nervous system.
10.1016/j.neuron.2026.03.016	2P-NucTag: On-demand phototagging for molecular analysis of functionally identified cortical neurons.	Neuron	Neural circuits are characterized by genetically and functionally diverse cell types. A mechanistic understanding of circuit function is predicated on linking the genetic and physiological properties of individual neurons. However, it remains highly challengin
10.1016/j.neunet.2025.107603	Building connectome analysis tools with representation learning on neuronal skeleton and circuit topology.	Neural Networks	Analyzing connectome plays a significant role in the investigation of neurological diseases and brain research. However, the efficiency of utilizing anatomical, physiological, or molecular characteristics of neurons is relatively low and costly. With the advan
10.48550/arxiv.2512.06684	EMGauss: Continuous Slice-to-3D Reconstruction via Dynamic Gaussian Modeling in Volume Electron Microscopy	arXiv.org	Volume electron microscopy (vEM) enables nanoscale 3D imaging of biological structures but remains constrained by acquisition trade-offs, leading to anisotropic volumes with limited axial resolution. Existing deep learning methods seek to restore isotropy by l
10.1126/sciadv.ade8259	Phylogenetic tracing of midbrain-specific regulatory sequences suggests single origin of eubilaterian brains	Science Advances	Conserved cis-regulatory elements (CREs) control Engrailed-, Pax2-, and dachshund-related gene expression networks directing the formation and function of corresponding midbrain circuits in arthropods and vertebrates. Polarized outgroup analyses of 31 sequence
10.1016/0042-6989(81)90013-4	Amacrine cells, bipolar cells and ganglion cells of the cat retina: a Golgi study.	Vision Research	
10.1371/journal.pbio.3002906	Short-range human cortico-cortical white matter fibers have thinner axons and are less myelinated compared to long-range fibers despite a similar g-ra	PLoS Biology	The size and complexity of the human brain require optimally sized and myelinated fibers. White matter fibers facilitate fast communication between distant areas, but also connect adjacent cortical regions via short association fibers. The difference in length
10.48550/arxiv.2306.10201	<NO TITLE>		We present a direct method for limited angle tomographic reconstruction using convolutional networks. The key to our method is to first stretch every tilt view in the direction perpendicular to the tilt axis by the secant of the tilt angle. These stretched vie
10.1534/g3.116.036756	Caenorhabditis elegans Male Copulation Circuitry Incorporates Sex-Shared Defecation Components To Promote Intromission and Sperm Transfer	G3: Genes, Genomes, Genetics	Sexual dimorphism can be achieved using a variety of mechanisms, including sex-specific circuits and sex-specific function of shared circuits, though how these work together to produce sexually dimorphic behaviors requires further investigation. Here, we explo
10.1038/s41467-026-71440-w	Remodeling synaptic connections via engineered neuron-astrocyte interactions	Nature Communications	Information flow through synapses in the central nervous system is regulated by both rapid electrochemical activity and slower structural remodeling. While technological advances allow precise manipulation of synaptic activity, methods for structural remodelin
10.1038/s41593-022-01151-0	Behaviorally relevant decision coding in primary somatosensory cortex neurons	Nature Neuroscience	Primary sensory cortex is thought to process incoming sensory information, while decision variables important for driving behavior are assumed to arise downstream in the processing hierarchy. Here, we used population two-photon calcium imaging and targeted two
10.1523/jneurosci.0287-13.2013	Chronic Stress-Induced Alterations of Dendritic Spine Subtypes Predict Functional Decrements in an Hypothalamo–Pituitary–Adrenal-Inhibitory Prefrontal	Journal of Neuroscience	Activation of the hypothalamo–pituitary–adrenal (HPA) axis plays a vital role in promoting adaptation during acute stress, but adverse effects of chronic stress may result from overactivity of this system. Recent evidence highlights a subdivision of GABAergic 
10.1038/s41598-021-83936-0	Protocol for preparation of heterogeneous biological samples for 3D electron microscopy: a case study for insects	Scientific Reports	Modern morphological and structural studies are coming to a new level by incorporating the latest methods of three-dimensional electron microscopy (3D-EM). One of the key problems for the wide usage of these methods is posed by difficulties with sample prepara
10.1038/s41398-025-03258-x	Layer-specific input to medial prefrontal cortex is linked to stress susceptibility	bioRxiv	Stress response is essential for adapting to an ever-changing environment. However, the mechanisms that render some individuals susceptible to stress are poorly understood. While chronic stress is known to induce dendritic atrophy and spine loss in medial pref
10.1016/j.cub.2014.07.020	Presynaptic gain control drives sweet and bitter taste integration in Drosophila.	Current Biology	The sense of taste is critical in determining the nutritional suitability of foods. Sweet and bitter are primary taste modalities in mammals, and their behavioral relevance is similar in flies. Sweet taste drives the appetitive response to energy sources, wher
10.1101/2024.02.23.581824	A generative model of the connectome with dynamic axon growth	bioRxiv	Connectome generative models, otherwise known as generative network models, provide insight into the wiring principles underpinning brain network organization. While these models can approximate numerous statistical properties of empirical networks, they typic
10.1371/journal.pbio.3003005	Navigation strategies in Caenorhabditis elegans are differentially altered by learning	PLoS Biology	Learned olfactory-guided navigation is a powerful platform for studying how a brain generates goal-directed behaviors. However, the quantitative changes that occur in sensorimotor transformations and the underlying neural circuit substrates to generate such le
10.1101/2025.07.28.667319	Inhibitory columnar feedback neurons are involved in motion processing in Drosophila	bioRxiv	Visual motion information is essential to guiding the movements of many animals. The establishment of direction-selective signals, a hallmark of motion detection, is considered a core neural computation and has been characterized extensively in primates, mice 
10.1523/jneurosci.1275-09.2009	How Connectivity, Background Activity, and Synaptic Properties Shape the Cross-Correlation between Spike Trains	Journal of Neuroscience	Functional interactions between neurons in vivo are often quantified by cross-correlation functions (CCFs) between their spike trains. It is therefore essential to understand quantitatively how CCFs are shaped by different factors, such as connectivity, synapt
10.1093/jmicro/dfu112	Three-dimensional volume imaging with electron microscopy toward connectome.	Microscopy	Ultrastructural analyses with electron microscopy have provided indispensable information to understand physiology and pathology of the nervous system. Recent advancement in imaging methodology paved the way for complete reconstruction of the neuronal connecti
10.3389/fnins.2026.1782246	Partners in plasticity: serotonergic glial interactions in brain circuit remodeling	Frontiers in Neuroscience	Experience-dependent brain circuit optimization choreographed by environmental sensory input activity involves synapse formation, pruning, and remodeling to sculpt appropriate connectivity. The serotonin (5-HT) neuromodulator acts as a core regulator of this c
10.1146/annurev.neuro.28.061604.135637	Neural network dynamics.	Annual Review of Neuroscience	Neural network modeling is often concerned with stimulus-driven responses, but most of the activity in the brain is internally generated. Here, we review network models of internally generated activity, focusing on three types of network dynamics: (a) sustaine
10.1016/j.neuron.2011.10.036	Integrins Regulate Repulsion-mediated Dendritic Patterning of Drosophila Sensory Neurons by Restricting Dendrites in a Two-dimensional Space	Neuron	SUMMARY Dendrites of the same neuron usually avoid each other. Some neurons also repel similar neurons through dendrite-dendrite interaction to tile the receptive field. Non-overlapping coverage based on such contact-dependent repulsion requires dendrites to c
10.1101/2024.12.10.627814	Depositing biological segmentation datasets FAIRly		Abstract Segmentation of biological images identifies regions of an image which correspond to specific features of interest, which can be analysed quantitatively to answer biological questions. This task has long been a barrier to conducting large-scale biolog
10.1038/s41592-021-01317-x	Imaging intact human organs locally resolving cellular structures using hierarchical phase-contrast tomography	Nature Methods	Imaging intact human organs from the organ to the cellular scale in three dimensions is a goal of biomedical imaging. To meet this challenge, we developed hierarchical phase-contrast tomography (HiP-CT), an X-ray phase propagation technique using the European 
10.1242/jcs.181842	Fast and precise targeting of single tumor cells in vivo by multimodal correlative microscopy	Journal of Cell Science	ABSTRACT Intravital microscopy provides dynamic understanding of multiple cell biological processes, but its limited resolution has so far precluded structural analysis. Because it is difficult to capture rare and transient events, only a few attempts have bee
10.1113/jp288790	Ectopic sodium channel expression decreases excitability of Drosophila Kenyon cells	Journal of Physiology	Neurons stabilize their physiological properties in part by homeostatic compensation between different ion channel conductances. However, little is known about this process in the central brain in vivo. We studied this problem in Kenyon cells, the third‐order 
10.1002/cne.903100210	Postembedding immunocytochemistry for GABA and glycine reveals the synaptic relationships of the dopaminergic amacrine cell of the cat retina	The Journal of comparative neurology	Abstract Postembedding electron microscope immunocytochemistry of glycine and GABA conjugated to colloidal gold has been applied to pre‐embedded cat retina stained with the antibody against tyrosine hydroxylase (Toh+). Toh+ stained cells are the equivalent of 
10.3389/fncel.2022.1037641	Revealing the contribution of astrocytes to glutamatergic neuronal transmission	Frontiers in Cellular Neuroscience	Research on glutamatergic neurotransmission has focused mainly on the function of presynaptic and postsynaptic neurons, leaving astrocytes with a secondary role only to ensure successful neurotransmission. However, recent evidence indicates that astrocytes con
10.1007/s10827-007-0030-1	Variability v.s. synchronicity of neuronal activity in local cortical network models with different wiring topologies	Journal of Computational Neuroscience	Dynamical behavior of a biological neuronal network depends significantly on the spatial pattern of synaptic connections among neurons. While neuronal network dynamics has extensively been studied with simple wiring patterns, such as all-to-all or random synap
10.1002/cne.24877	Wiring patterns from auditory sensory neurons to the escape and song-relay pathways in fruit flies	The Journal of comparative neurology	Many animals rely on acoustic cues to decide what action to take next. Unraveling the wiring patterns of the auditory neural pathways is prerequisite for understanding such information processing. Here, we reconstructed the first step of the auditory neural pa
10.1016/j.cub.2013.07.060	Shocking Revelations and Saccharin Sweetness in the Study of Drosophila Olfactory Memory	Current Biology	It is now almost forty years since the first description of learning in the fruit fly Drosophila melanogaster. Various incarnations of the classic mutagenesis approach envisaged in the early days have provided around one hundred learning defective mutant fly s
10.1155/2017/6526151	Dynamic Control of Synaptic Adhesion and Organizing Molecules in Synaptic Plasticity	Journal of Neural Transplantation and Pl	Synapses play a critical role in establishing and maintaining neural circuits, permitting targeted information transfer throughout the brain. A large portfolio of synaptic adhesion/organizing molecules (SAMs) exists in the mammalian brain involved in synapse d
10.1371/journal.pcbi.1006381	Identification of excitatory-inhibitory links and network topology in large-scale neuronal assemblies from multi-electrode recordings	PLoS Comput. Biol.	Functional-effective connectivity and network topology are nowadays key issues for studying brain physiological functions and pathologies. Inferring neuronal connectivity from electrophysiological recordings presents open challenges and unsolved problems. In t
10.1162/netn_a_00283	Circuit analysis of the Drosophila brain using connectivity-based neuronal classification reveals organization of key communication pathways	Network Neuroscience	Abstract We present a functionally relevant, quantitative characterization of the neural circuitry of Drosophila melanogaster at the mesoscopic level of neuron types as classified exclusively based on potential network connectivity. Starting from a large neuro
10.1113/jp287485	Recent optical approaches for anatomical and functional dissection of neuron–astrocyte circuitry	Journal of Physiology	Astrocytes, the most abundant glial cells in the brain, are wired into neural circuits through close contact with neuronal pre‐ and post‐synapses, called tripartite synapses. The mutual communication between neurons and astrocytes is crucial for neural circuit
10.1016/j.biomaterials.2016.03.038	Engineering and commercialization of human-device interfaces, from bone to brain.	Biomaterials	Cutting edge developments in engineering of tissues, implants and devices allow for guidance and control of specific physiological structure-function relationships. Yet the engineering of functionally appropriate human-device interfaces represents an intractab
10.3389/fnsyn.2020.584549	SynapsEM: Computer-Assisted Synapse Morphometry	bioRxiv	The structural features of a synapse, in part, determine its output. Synapses are extremely small and tightly packed with vesicles and other organelles. Visualizing synaptic structure requires imaging by electron microscopy, and the features in micrographs mus
10.1002/glia.70141	Conservation of Neuron‐Astrocyte Correlated Activity in Developing Sensory Pathways	Glia	Neurons in developing sensory organs exhibit prolonged burst firing before the onset of sensory experience. This activity promotes neuronal survival and maturation in central sensory pathways. Within the auditory system, periodic bursts of synaptic glutamate r
10.1016/j.conb.2026.103246	Toward an integrative multiscale framework of internal state and context dependent sensory coding and behavior.	Current Opinion in Neurobiology	Animals exhibit remarkable flexibility in their behavior. Such adaptability is tuned by integrating evolving physiological internal states, external contexts, and previous experiences. In this review, we aim to summarize recent findings on the circuit mechanis
10.1016/s0079-6123(07)00001-5	Molecular memory traces.	Progress in Brain Research	To understand the essence of memory, one must examine the working of the brain on many levels. It is important to find the appropriate level to study the particular aspect of memory under investigation. In this review, I will focus on insights gained from exam
10.1016/j.cois.2023.101053	The self as part of the sensory ecology: how behavior affects sensation from the inside out.	Current Opinion in Insect Science	Insects exhibit remarkable sensory and motor capabilities to successfully navigate their environment. As insects move, they activate sensory afferents. Hence, insects are inextricably part of their sensory ecology. Insects must correctly attribute self- versus
10.1523/jneurosci.3244-09.2010	Quantal analysis reveals a functional correlation between pre- and postsynaptic efficacy in excitatory connections from rat neocortex	Journal of Neuroscience	At many central synapses, the presynaptic bouton and postsynaptic density are structurally correlated. However, it is unknown whether this correlation extends to the functional properties of the synapses. To investigate this, we made recordings from synaptical
10.1085/jgp.63.1.37	Control of Retinal Sensitivity	The Journal of General Physiology	Rods and cones in Necturus respond with graded hyperpolarization to test flashes spanning about 3.5 log units of intensity. Steady background levels hyperpolarize the rods, and the rod responses become progressively smaller as background level is increased. In
10.1038/s41593-026-02282-4	Excitatory synapses onto axonic spines jump-start action potentials and route information flow	Nature Neuroscience	Synaptic inputs onto the dendrites and cell body integrate and trigger action potentials (APs) at the axon initial segment (AIS). The AIS receives GABAergic synaptic inputs; however, the structure and function of glutamatergic synapses at the AIS remain poorly
10.1016/j.conb.2011.01.008	‘Illuminating Synapses and Circuitry in the Retina	Current Opinion in Neurobiology	In the central nervous system, space is at a premium. This is especially true in the retina, where synapses, cells, and circuitry have evolved to maximize signal-processing capacity within a thin, optically transparent tissue. For example, at some retinal syna
10.1016/j.semcdb.2022.05.029	Temporal transitions in the postembryonic nervous system of the nematode Caenorhabditis elegans: Recent insights and open questions.	Seminars in Cell and Developmental Biolo	After the generation, differentiation and integration into functional circuitry, post-mitotic neurons continue to change certain phenotypic properties throughout postnatal juvenile stages until an animal has reached a fully mature state in adulthood. We will d
10.1523/jneurosci.2804-16.2016	Three Small-Receptive-Field Ganglion Cells in the Mouse Retina Are Distinctly Tuned to Size, Speed, and Object Motion	Journal of Neuroscience	Retinal ganglion cells (RGCs) are frequently divided into functional types by their ability to extract and relay specific features from a visual scene, such as the capacity to discern local or global motion, direction of motion, stimulus orientation, contrast 
10.1109/isbi60581.2025.10981059	Online Multispectral Neuron Tracing	IEEE International Symposium on Biomedic	In this paper, we propose an online neuron tracing method for multispectral images with unique modules, where no offline training is required. Our method is online trained to update our enhanced discriminative correlation filter to conglutinate the tracing pro
10.1002/cne.901730205	Anatomy of the retina of the mink (Mustela vison)	The Journal of comparative neurology	Abstract The retina of the normal pigmented mink has been studied by light and electron microscopy. This retina resembles the typical vertebrate retina in its pastterns of lamination and synaptic interconnectivity. Rod and cone outer segments and receptor sphe
10.1038/srep18734	Transgenic FingRs for Live Mapping of Synaptic Dynamics in Genetically-Defined Neurons	Scientific Reports	Tools for genetically-determined visualization of synaptic circuits and interactions are necessary to build connectomics of the vertebrate brain and to screen synaptic properties in neurological disease models. Here we develop a transgenic FingR (fibronectin i
10.1073/pnas.1718154115	Extracting neuronal functional network dynamics via adaptive Granger causality analysis	Proceedings of the National Academy of S	Significance Probing functional interactions among the nodes in a network is crucial to understanding how complex systems work. Existing methodologies widely assume static network structures or Gaussian statistics or do not take account of likely sparse intera
10.1126/science.1156120	Tuned Responses of Astrocytes and Their Influence on Hemodynamic Signals in the Visual Cortex	Science	Astrocytes have long been thought to act as a support network for neurons, with little role in information representation or processing. We used two-photon imaging of calcium signals in the ferret visual cortex in vivo to discover that astrocytes, like neurons
10.1098/rstb.2019.0750	Reframing cognition: getting down to biological basics	Philosophical Transactions of the Royal 	The premise of this two-part theme issue is simple: the cognitive sciences should join the rest of the life sciences in how they approach the quarry within their research domain. Specifically, understanding how organisms on the lower branches of the phylogenet
10.1016/j.neuron.2012.03.026	Microglia Sculpt Postnatal Neural Circuits in an Activity and Complement-Dependent Manner	Neuron	SUMMARY Microglia are the resident CNS immune cells and active surveyors of the extracellular environment. While past work has focused on the role of these cells during disease, recent imaging studies reveal dynamic interactions between microglia and synaptic 
10.1371/journal.pbio.3000174	Nystagmus in patients with congenital stationary night blindness (CSNB) originates from synchronously firing retinal ganglion cells	PLoS Biology	Congenital nystagmus, involuntary oscillating small eye movements, is commonly thought to originate from aberrant interactions between brainstem nuclei and foveal cortical pathways. Here, we investigated whether nystagmus associated with congenital stationary 
10.1038/s41598-021-92608-y	Reactive oxygen FIB spin milling enables correlative workflow for 3D super-resolution light microscopy and serial FIB/SEM of cultured cells	Scientific Reports	Correlative light and electron microscopy (CLEM) is a powerful tool for defining the ultrastructural context of molecularly-labeled biological specimens, particularly when superresolution fluorescence microscopy (SRM) is used for CLEM. Current CLEM, however, i
10.3389/fncir.2025.1528309	Sparse connectivity enables efficient information processing in cortex-like artificial neural networks	Frontiers in Neural Circuits	Neurons in cortical networks are very sparsely connected; even neurons whose axons and dendrites overlap are highly unlikely to form a synaptic connection. What is the relevance of such sparse connectivity for a network’s function? Surprisingly, it has been sh
10.1002/cne.23384	Presynaptic ultrastructural plasticity along CA3→CA1 axons during LTP in Mature Hippocampus	The Journal of comparative neurology	In area CA1 of the mature hippocampus, synaptogenesis occurs within 30 minutes after the induction of long‐term potentiation (LTP); however, by 2 hours many small dendritic spines are lost, and those remaining have larger synapses. Little is known, however, ab
10.7554/elife.103497	Antagonist actions of CMK-1/CaMKI and TAX-6/calcineurin along the C. elegans thermal avoidance circuit orchestrate adaptation of nociceptive response 	bioRxiv	Response decrease following repeated exposure to innocuous or noxious stimuli is a conserved adaptation phenomenon often referred to as habituation. Impaired nociceptive habituation is associated with several pain conditions in human, but the underpinning mole
10.1109/dicta.2018.8615765	Memory and Time Efficient 3D Neuron Morphology Tracing in Large-Scale Images	International Conference on Digital Imag	3D reconstruction of neuronal morphology is crucial to solving neuron-related problems in neuroscience as it is a key technique for investigating the connectivity and functionality of the neuron system. Many methods have been proposed to improve the accuracy o
10.1016/j.pneurobio.2009.06.002	Coupling of mesoscopic brain oscillations: recent advances in analytical and theoretical perspectives.	Progress in neurobiology	Oscillatory brain activities have been traditionally studied in the context of how oscillations at a single frequency recorded from a single area could reveal functional insights. Recent advances in methodology used in signal analysis have revealed that cross-
10.1038/s41598-020-71474-0	Diffusible GRAPHIC to visualize morphology of cells after specific cell–cell contact	Scientific Reports	The ability to identify specific cell–cell contact in the highly heterogeneous mammalian body is crucial to revealing precise control of the body plan and correct function. To visualize local connections, we previously developed a genetically encoded fluoresce
10.1101/2023.11.28.568981	Male cuticular pheromones stimulate removal of the mating plug and promote re-mating through pC1 neurons in Drosophila females	bioRxiv	In birds and insects, the female uptakes sperm for a specific duration post-copulation known as the ejaculate holding period (EHP) before expelling unused sperm and the mating plug through sperm ejection. In this study, we found that Drosophila melanogaster fe
10.1101/2022.07.20.500885	Optogenetically induced reward and ‘frustration’ memory in larval Drosophila	bioRxiv	Humans and animals alike form oppositely valenced memories for stimuli that predict the occurrence versus the termination of a reward: appetitive ‘reward’ memory for stimuli associated with the occurrence of a reward and aversive ‘frustration’ memory for stimu
10.1111/jmi.13134	How innovations in methodology offer new prospects for volume electron microscopy	Journal of Microscopy	Detailed knowledge of biological structure has been key in understanding biology at several levels of organisation, from organs to cells and proteins. Volume electron microscopy (volume EM) provides high resolution 3D structural information about tissues on th
10.1016/j.immuni.2023.06.004	GABAergic signaling between enteric neurons and intestinal smooth muscle promotes innate immunity and gut defense in Caenorhabditis elegans.	Immunity	The nervous system is critical for intestinal homeostasis and function, but questions remain regarding its impact on gut immune defense. By screening the major neurotransmitters of C. elegans, we found that γ-aminobutyric acid (GABA) deficiency enhanced suscep
10.5220/0005169301690176	Si elegans - Computational Modelling of C. elegans Nematode Nervous System using FPGAs	International Congress on Neurotechnolog	It has long been the goal of computational neuroscientists to understand and harness the parallelcomputational power of the mammalian nervous system. However, the vast complexity of such a nervoussystem has made it very difficult to fully understand even the m
10.1111/tra.12671	Correlative single‐molecule localization microscopy and electron tomography reveals endosome nanoscale domains	Traffic : the International Journal of I	Many cellular organelles, including endosomes, show compartmentalization into distinct functional domains, which, however, cannot be resolved by diffraction‐limited light microscopy. Single molecule localization microscopy (SMLM) offers nanoscale resolution bu
10.1371/journal.pcbi.1010086	Connectivity concepts in neuronal network modeling	PLoS Comput. Biol.	Sustainable research on computational models of neuronal networks requires published models to be understandable, reproducible, and extendable. Missing details or ambiguities about mathematical concepts and assumptions, algorithmic implementations, or paramete
10.1016/j.sbi.2013.08.006	Opening windows into the cell: focused-ion-beam milling for cryo-electron tomography.	Current Opinion in Structural Biology	Cryo-electron tomography (CET) is ideally suited for bridging the resolution gap between molecular and cellular structural studies. However, CET is limited to a sample thickness under 500nm, which is thinner than most cells. Here, we review a method for prepar
10.1038/s41467-023-42613-8	Sensorimotor transformation underlying odor-modulated locomotion in walking Drosophila	bioRxiv	Most real-world behaviors are performed with incomplete information. Odor-guided locomotion, an ecologically important behavior essential to an animal’s survival, is an example of such a behavior. Different odors activate different patterns of olfactory recept
10.1016/j.conb.2017.05.011	Closing the gap: long-term presynaptic plasticity in brain function and disease	Current Opinion in Neurobiology	Synaptic plasticity is critical for experience-dependent adjustments of brain function. While most research has focused on the mechanisms that underlie postsynaptic forms of plasticity, comparatively little is known about how neurotransmitter release is altere
10.1002/cne.902970405	GABA‐like immunoreactivity in the macaque monkey retina: A light and electron microscopic study	The Journal of comparative neurology	Abstract The distribution of GABA‐like immunoreactivity in the macaque monkey retina was studied by using postembedding techniques on semithin and ultrathin sections. At the light microscopic level, both inner and outer plexiform layers showed strong GABA‐like
10.1016/j.cub.2018.02.029	A single-neuron chemosensory switch determines the valence of a sexually dimorphic sensory behavior	Current Biology	SUMMARY Biological sex, a fundamental dimension of internal state, can modulate neural circuits to generate behavioral variation. Understanding how and why circuits are tuned by sex can provide important insights into neural and behavioral plasticity. Here, we
10.1016/j.celrep.2018.02.064	Functional Compartmentalization within Starburst Amacrine Cell Dendrites in the Retina	Cell Reports	SUMMARY Dendrites in many neurons actively compute information. In retinal starburst amacrine cells, transformations from synaptic input to output occur within individual dendrites and mediate direction selectivity, but directional signal fidelity at individua
10.1007/s00359-019-01389-3	Cellular and synaptic adaptations of neural circuits processing skylight polarization in the fly	Journal of Comparative Physiology	Specialized ommatidia harboring polarization-sensitive photoreceptors exist in the 'dorsal rim area' (DRA) of virtually all insects. Although downstream elements have been described both anatomically and physiologically throughout the optic lobes and the centr
10.1145/2858036.2858578	Eye-Trace: Segmentation of Volumetric Microscopy Images with Eyegaze	International Conference on Human Factor	We introduce an image annotation approach for the analysis of volumetric electron microscopic imagery of brain tissue. The core task is to identify and link tubular objects (neuronal fibers) in images taken from consecutive ultrathin sections of brain tissue. 
10.4161/worm.27730	From genes to circuits and behaviors	Worm	Neuropeptide signaling remodels the composition of a chemosensory circuit and shapes behavior in Caenorhabditis elegans. We reported that the ASE left (ASEL) salt sensory neuron uses a proprotein convertase, BLI-4, to cleave the insulin-like peptide INS-6. INS
10.7554/elife.50706	The computation of directional selectivity in the Drosophila OFF motion pathway	bioRxiv	The direction of visual motion in Drosophila is computed by separate pathways for moving ON and OFF features. The 4th order neurons T4 (ON) and T5 (OFF) are the first neurons in their respective pathways to extract a directionally selective response from their
10.1016/j.neunet.2014.09.003	Deep learning in neural networks: An overview	Neural Networks	In recent years, deep artificial neural networks (including recurrent ones) have won numerous contests in pattern recognition and machine learning. This historical survey compactly summarizes relevant work, much of it from the previous millennium. Shallow and 
10.1016/s0006-8993(99)01448-1	The network-selective actions of quinoxalines on the neurocircuitry operations of the rabbit retina.	Brain Research	We examined the contribution of N-methyl-D-aspartate (NMDA) and alpha-amino-3-hydroxy-5-methyl-4-isoxalole-4-propionic acid (AMPA)/kainate (KA) receptors to the light-responses of rabbit retinal neurons. In the outer retina, bath application of the AMPA/KA rec
10.1177/107385802236967	Book Review: Neural Connections and Receptive Field Properties in the Primary Visual Cortex	The Neuroscientist	A cubic millimeter of primary visual cortex contains about 100,000 neurons that are heavily interconnected by intrinsic and extrinsic afferents. The effort of many neuroanatomists over the past has revealed the general outline of these connections; however, th
10.1016/j.celrep.2024.113756	Prefrontal projections modulate recurrent circuitry in the insular cortex to support short-term memory.	Cell Reports	Short-term memory (STM) maintains information during a short delay period. How long-range and local connections interact to support STM encoding remains elusive. Here, we tackle the problem focusing on long-range projections from the medial prefrontal cortex (
10.1007/s00359-008-0392-5	The PM1 neurons, movement sensitive centrifugal visual brain neurons in the locust: anatomy, physiology, and modulation by identified octopaminergic n	Journal of Comparative Physiology	The locust's optic lobe contains a system of wide-field, multimodal, centrifugal neurons. Two of these cells, the protocerebrum-medulla-neurons PM4a and b, are octopaminergic. This paper describes a second pair of large centrifugal neurons (the protocerebrum-m
10.1038/s41467-017-01980-9	Electrical synapses convey orientation selectivity in the mouse retina	Nature Communications	Sensory neurons downstream of primary receptors are selective for specific stimulus features, and they derive their selectivity both from excitatory and inhibitory synaptic inputs from other neurons and from their own intrinsic properties. Electrical synapses,
10.1371/journal.pcbi.0010011	A Phenomenological Theory of Spatially Structured Local Synaptic Connectivity	PLoS Comput. Biol.	The structure of local synaptic circuits is the key to understanding cortical function and how neuronal functional modules such as cortical columns are formed. The central problem in deciphering cortical microcircuits is the quantification of synaptic connecti
10.1007/s12565-025-00852-3	Traditions of Excellence: neuroanatomy at the forefront of the new era	Anatomical Science International	Neuroanatomy is emerging from decades of neglect, where the synthetic approach, a neuroanatomical hallmark, was too often, as an aspersion, dismissed as "descriptive." The resurgence is in part driven by new technical advances (e.g., better visualization tools
10.1016/s0079-6123(01)31006-3	Comparative anatomy of major retinal pathways in the eyes of nocturnal and diurnal mammals.	Progress in Brain Research	
10.1080/19336934.2017.1295189	Methods to investigate the structure and connectivity of the nervous system	Fly	ABSTRACT Understanding the computations that take place in neural circuits requires identifying how neurons in those circuits are connected to one another. In addition, recent research indicates that aberrant neuronal wiring may be the cause of several neurode
10.1016/j.isci.2022.104180	Classifying Drosophila olfactory projection neuron boutons by quantitative analysis of electron microscopic reconstruction	iScience	Summary In Drosophila melanogaster, olfactory projection neurons (PNs) convey odor information from the antenna lobe to higher brain regions. Recent transcriptomic studies reveal a large diversity of transcription factors, cell-surface molecules, neurotransmit
10.1016/j.cub.2022.01.061	Recovery from cold-induced reproductive dormancy is regulated by temperature-dependent AstC signaling	Current Biology	SUMMARY Animals have evolved a variety of behaviors to cope with adverse environmental conditions. Similar to other insects, the fly, Drosophila melanogaster, responds to sustained cold by reducing its metabolic rate and arresting its reproduction. Here, we sh
10.1016/j.neuron.2017.08.036	A Sensorimotor Circuit in Mouse Cortex for Visual Flow Predictions.	Neuron	The cortex is organized as a hierarchical processing structure. Feedback from higher levels of the hierarchy, known as top-down signals, have been shown to be involved in attentional and contextual modulation of sensory responses. Here we argue that top-down i
10.1101/2025.03.21.644681	Serotonin selectively modulates visual responses of object motion detectors in                   <i>Drosophila</i>		Abstract Serotonin (5-HT) is a hormonal messenger that confers state-level changes upon the nervous system in both humans and flies. In Drosophila , lobula columnar (LC) cells are feature-detecting neurons that project from the optic lobe to the central brain,
10.1016/j.neuron.2017.12.003	Cholinergic sensorimotor integration regulates olfactory steering	Neuron	Summary Sensorimotor integration regulates goal-directed movements. We study the signaling mechanisms underlying sensorimotor integration in C. elegans during olfactory steering, when the sinusoidal movements of the worm generate an in-phase oscillation in the
10.1016/j.micron.2011.11.001	Beam deceleration for block-face scanning electron microscopy of embedded biological tissue.	Micron	The beam deceleration (BD) method for scanning electron microscopes (SEM) also referred to as "retarding" was applied to back-scattered electron (BSE) imaging of the flat block face of a resin embedded biological specimen under low accelerating voltage and low
10.3389/fnsyn.2026.1771781	The Freiburg framework for multimodal ex situ assessment of neural plasticity in human cortical tissue	Frontiers in Synaptic Neuroscience	Studying human cortical physiology requires access to viable brain tissue, yet species-specific differences limit the translational value of animal models. To address this, multiple laboratories have developed ex situ approaches for investigating neurosurgical
10.1073/pnas.1202128109	Statistical connectivity provides a sufficient foundation for specific functional connectivity in neocortical neural microcircuits	Proceedings of the National Academy of S	It is well-established that synapse formation involves highly selective chemospecific mechanisms, but how neuron arbors are positioned before synapse formation remains unclear. Using 3D reconstructions of 298 neocortical cells of different types (including nes
10.3389/fnmol.2019.00161	Subsynaptic Domains in Super-Resolution Microscopy: The Treachery of Images	Frontiers in Molecular Neuroscience	The application of super-resolution optical microscopy to investigating synaptic structures has revealed a highly heterogeneous and variable intra-synaptic organization. Dense subsynaptic protein assemblies named subsynaptic domains or SSDs have been proposed 
10.1523/jneurosci.4554-15.2016	Cardinal Orientation Selectivity Is Represented by Two Distinct Ganglion Cell Types in Mouse Retina	Journal of Neuroscience	Orientation selectivity (OS) is a prominent and well studied feature of early visual processing in mammals, but recent work has highlighted the possibility that parallel OS circuits might exist in multiple brain locations. Although both classic and modern work
10.1016/j.neuron.2011.10.021	Motor neurons and the sense of place.	Neuron	Seventy years ago George Romanes began to document the anatomical organization of the spinal motor system, uncovering a multilayered topographic plan that links the clustering and settling position of motor neurons to the spatial arrangement and biomechanical 
10.1186/1471-2105-13-s8-s7	NetMets: software for quantifying and visualizing errors in biological network segmentation	BMC Bioinformatics	One of the major goals in biomedical image processing is accurate segmentation of networks embedded in volumetric data sets. Biological networks are composed of a meshwork of thin filaments that span large volumes of tissue. Examples of these structures includ
10.7554/elife.59715	Learning excitatory-inhibitory neuronal assemblies in recurrent networks	bioRxiv	In sensory circuits with poor feature topography, stimulus-specific feedback inhibition necessitates carefully tuned synaptic circuitry. Recent experimental data from mouse primary visual cortex (V1) show that synapses between pyramidal neurons and parvalbumin
10.1016/j.neuron.2021.04.028	Periphery signals generated by Piezo-mediated stomach stretch and neuromedin-mediated glucose loads regulate the Drosophila brain nutrient sensor	Neuron	SUMMARY Nutrient sensors allow animals to identify foods rich in specific nutrients. The Drosophila nutrient sensor, DH44 neurons, helps the fly to detect nutritive sugar. This sensor becomes operational during starvation; however, the mechanisms by which DH44
10.1007/s12021-026-09779-0	When Random Variation Results in Functional Segregation	Neuroinformatics	Many functional properties vary dramatically across neurons in cerebral cortex. Two fundamental goals of systems neuroscience are to determine which neurons execute which functions and how the different functional properties of a neuron are related. Here we fo
10.1126/science.1236693	Parallel Neural Pathways Mediate CO2 Avoidance Responses in Drosophila	Science	Too Much or Too Little An important task of the nervous system is to distribute information appropriately throughout the brain. The olfactory and gustatory systems of Drosophila provide good models for understanding these processes and the underlying mechanism
10.1038/s42003-021-02219-6	Metabolic control of daily locomotor activity mediated by tachykinin in Drosophila	Communications Biology	Metabolism influences locomotor behaviors, but the understanding of neural curcuit control for that is limited. Under standard light-dark cycles, Drosophila exhibits bimodal morning (M) and evening (E) locomotor activities that are controlled by clock neurons.
10.1016/j.neuron.2015.05.043	Biochemical computation for spine structural plasticity	Neuron	The structural plasticity of dendritic spines is considered to be essential for various forms of synaptic plasticity, learning and memory. The process is mediated by a complex signaling network consisting of numerous species of molecules. Furthermore, the spat
10.1109/embc53108.2024.10782030	Comparison of Message-Switched and Packet-Switched Communication Simulated on the Human Connectome	Annual International Conference of the I	There is a growing interest in modeling the communication dynamics in the network of structural brain connections (i.e., the connectome). Recently, communication simulated on the connectome has been compared between two model assumptions about whether abstract
10.7554/elife.90133	Homeodomain proteins hierarchically specify neuronal diversity and synaptic connectivity	eLife	How our brain generates diverse neuron types that assemble into precise neural circuits remains unclear. Using Drosophila lamina neuron types (L1-L5), we show that the primary homeodomain transcription factor (HDTF) brain-specific homeobox (Bsh) is initiated i
10.1016/j.neures.2016.09.003	Functional dissection of inhibitory microcircuits in the visual cortex.	Neurosciences research	Cerebral cortex contains various types of GABAergic neurons exerting local inhibition. Although the number of GABAergic inhibitory neurons is much smaller than glutamatergic excitatory neurons, they show greater diversity in their morphological and physiologic
10.1002/cne.903240402	The superficial plexiform layer: A third retinal association area	The Journal of comparative neurology	Abstract Electron microscopy enables the identification of a new association area in the mammalian retina. It is a region whose processes and synaptic junctions form a diffuse and intermittent layer bridging the boundary between the optic nerve fibre layer and
10.1016/j.talanta.2020.121646	A low-cost microfluidic platform coupled with light emitting diode for optogenetic analysis of neuronal response in C. elegans.	Talanta: The International Journal of Pu	Optogenetic method is widely used for dissecting the neuronal function and connectivity in a specific neural circuit, which can help understanding how the animal process information and generate behavior. The nematode C. elegans has a simple but complete nervo
10.1007/s11481-013-9480-6	Immune Players in the CNS: The Astrocyte	Journal of Neuroimmune Pharmacology	In the finely balanced environment of the central nervous system astrocytes, the most numerous cell type, play a role in regulating almost every physiological system. First found to regulate extracellular ions and pH, they have since been shown to regulate neu
10.1016/j.neuroimage.2019.116214	Retrieving neuronal orientations using 3D scanning SAXS and comparison with diffusion MRI	NeuroImage	While diffusion MRI (dMRI) is currently the method of choice to non-invasively probe tissue microstructure and study structural connectivity in the brain, its spatial resolution is limited and its results need structural validation. Current ex vivo methods emp
10.7554/elife.60299	Central processing of leg proprioception in Drosophila	bioRxiv	Proprioception, the sense of self-movement and position, is mediated by mechanosensory neurons that detect diverse features of body kinematics. Although proprioceptive feedback is crucial for accurate motor control, little is known about how downstream circuit
10.1371/journal.pcbi.1006240	A biophysical mechanism for preferred direction enhancement in fly motion vision	PLoS Comput. Biol.	Seeing the direction of motion is essential for survival of all sighted animals. Consequently, nerve cells that respond to visual stimuli moving in one but not in the opposite direction, so-called ‘direction-selective’ neurons, are found abundantly. In general
10.1038/s41583-022-00585-6	Step by step: cells with multiple functions in cortical circuit assembly	Nature Reviews Neuroscience	It is often thought that the construction of cortical circuits occurs as the result of an elegantly designed process that unfolds sequentially as an animal develops until adult functional networks emerge. In reality, cortical circuits are shaped by evolutionar
10.1038/nrn.2016.125	Circuit modules linking internal states and social behaviour in flies and mice	Nature Reviews Neuroscience	Goal-directed social behaviours such as mating and fighting are associated with scalable and persistent internal states of emotion, motivation, arousal or drive. How those internal states are encoded and coupled to behavioural decision making and action select
10.3389/fphy.2024.1328616	Noise-induced synchronization and regularity in feed-forward-loop motifs	Frontiers of Physics	This study explores the impacts of multiple factors (noise, intra-motif coupling, and critical bifurcation parameter) on noise-induced motif synchrony and output regularity in three-node feed-forward-loops (FFLs), distinguishing between coherent FFLs with pure
10.1016/j.cub.2023.05.043	Comparative connectomics and escape behavior in larvae of closely related Drosophila species.	Current Biology	Evolution has generated an enormous variety of morphological, physiological, and behavioral traits in animals. How do behaviors evolve in different directions in species equipped with similar neurons and molecular components? Here we adopted a comparative appr
10.1038/s41467-020-17931-w	Dscam1 establishes the columnar units through lineage-dependent repulsion between sister neurons in the fly brain	Nature Communications	The brain is organized morphologically and functionally into a columnar structure. According to the radial unit hypothesis, neurons from the same lineage form a radial unit that contributes to column formation. However, the molecular mechanisms that link neuro
10.48550/arxiv.2511.20532	MIMIC-MJX: Neuromechanical Emulation of Animal Behavior	arXiv.org	The primary output of the nervous system is movement and behavior. While recent advances have democratized pose tracking during complex behavior, kinematic trajectories alone provide only indirect access to the underlying control processes. Here we present MIM
10.3389/fphys.2026.1873043	Multi-unit recordings in the stick insect Carausius morosus reveal distinct mechanosensory and olfactory activity patterns among antennal lobe neurons	Frontiers in Physiology	In the absence of light, the stick insect Carausius morosus relies on sensory modalities such as olfaction and mechanosensation instead of vision. Within the near-range environment, these insects use their long antennae to detect obstacles and gather tactile i
10.1186/s40679-016-0021-2	3D reconstruction of biological structures: automated procedures for alignment and reconstruction of multiple tilt series in electron tomography	Advanced Structural and Chemical Imaging	Transmission electron microscopy allows the collection of multiple views of specimens and their computerized three-dimensional reconstruction and analysis with electron tomography. Here we describe development of methods for automated multi-tilt data acquisiti
10.1016/b978-0-12-809324-5.24186-2	Circuits for Feature Selectivity in the Inner Retina	The Senses: A Comprehensive Reference	
10.1038/nn.4415	Synaptic scaling rule preserves excitatory–inhibitory balance and salient neuronal network dynamics	Nature Neuroscience	The balance between excitation and inhibition (E-I balance) is maintained across brain regions though the network size, strength and number of synaptic connections, and connection architecture may vary substantially. We use a culture preparation to examine the
10.64898/2025.12.15.694355	Loose coupling between Ca2+ channels and release sensors as a synaptic correlate of higher order brain function	bioRxiv	Abstract In the mature neocortex, functionally distinct areas are built by the same archetypes of neurons, but depending on the area, these neurons and their synapses are engaged in very different functions, ranging from lower order processing of sensory infor
10.1371/journal.pbio.1002563	Spermidine Suppresses Age-Associated Memory Impairment by Preventing Adverse Increase of Presynaptic Active Zone Size and Release	PLoS Biology	Memories are assumed to be formed by sets of synapses changing their structural or functional performance. The efficacy of forming new memories declines with advancing age, but the synaptic changes underlying age-induced memory impairment remain poorly underst
10.1523/jneurosci.2684-08.2008	Spontaneous High-Frequency (10–80 Hz) Oscillations during Up States in the Cerebral Cortex In Vitro	Journal of Neuroscience	High-frequency oscillations in cortical networks have been linked to a variety of cognitive and perceptual processes. They have also been recorded in small cortical slices in vitro , indicating that neuronal synchronization at these frequencies is generated in
10.1038/s41598-019-50870-1	Three-Dimensional Microscopy by Milling with Ultraviolet Excitation	Scientific Reports	Analysis of three-dimensional biological samples is critical to understanding tissue function and the mechanisms of disease. Many chronic conditions, like neurodegenerative diseases and cancers, correlate with complex tissue changes that are difficult to explo
10.1016/j.pneurobio.2004.04.002	Characterization of receptors for glutamate and GABA in retinal neurons.	Progress in neurobiology	Glutamate and gamma-aminobutyric acid (GABA) are major excitatory and inhibitory neurotransmitters in the vertebrate retina, "a genuine neural center" (Ramón y Cajal, 1964, Recollections of My Life, C.E. Horne (Translater) MIT Press, Cambridge, MA). Photorecep
10.1162/neco_a_01651	Quantifying and Maximizing the Information Flux in Recurrent Neural Networks	Neural Computation	Abstract Free-running recurrent neural networks (RNNs), especially probabilistic models, generate an ongoing information flux that can be quantified with the mutual information I[x→(t),x→(t+1)] between subsequent system states x→. Although previous studies hav
10.7554/elife.24364	EM connectomics reveals axonal target variation in a sequence-generating network	eLife	The sequential activation of neurons has been observed in various areas of the brain, but in no case is the underlying network structure well understood. Here we examined the circuit anatomy of zebra finch HVC, a cortical region that generates sequences underl
10.1523/jneurosci.1701-20.2020	Sleep Analysis in Adult C. elegans Reveals State-Dependent Alteration of Neural and Behavioral Responses	Journal of Neuroscience	Sleep, a state of quiescence associated with growth and restorative processes, is conserved across species. Invertebrates including the nematode Caenorhabditis elegans exhibit sleep-like states during development, satiety, and stress. Here, we describe behavio
10.3390/biomedicines10102406	Increased Extrasynaptic Glutamate Escape in Stochastically Shaped Probabilistic Synaptic Environment	Biomedicines	Excitatory synapses in the brain are often surrounded by nanoscopic astroglial processes that express high-affinity glutamate transporters at a high surface density. This ensures that the bulk of glutamate leaving the synaptic cleft is taken up for its subsequ
10.1101/2025.10.16.682770	Presynaptic Release Probability Determines the Need for Sleep	bioRxiv	Abstract Sleep is universal among animals with synapses, yet the synaptic functions determining the need for sleep remain elusive. By directly measuring synaptic transmission at anatomically defined synapses in Drosophila , we found that synaptic strength rema
10.1093/cercor/bhu200	Dendritic Excitability and Gain Control in Recurrent Cortical Microcircuits	Cerebral Cortex	Layer 5 thick tufted pyramidal cells (TTCs) in the neocortex are particularly electrically complex, owing to their highly excitable dendrites. The interplay between dendritic nonlinearities and recurrent cortical microcircuit activity in shaping network respon
10.1101/2023.10.19.563098	A Markovian dynamics for Caenorhabditis elegans behavior across scales	bioRxiv	How do we capture the breadth of behavior in animal movement, from rapid body twitches to aging? Using high-resolution videos of the nematode worm C. elegans, we show that a single dynamics connects posture-scale fluctuations with trajectory diffusion, and lon
10.1371/journal.pcbi.1006048	Imbalanced amplification: A mechanism of amplification and suppression from local imbalance of excitation and inhibition in cortical circuits	bioRxiv	Understanding the relationship between external stimuli and the spiking activity of cortical populations is a central problem in neuroscience. Dense recurrent connectivity in local cortical circuits can lead to counterintuitive response properties, raising the
10.1101/2023.10.03.560453	Diverse prey capture strategies in teleost larvae	bioRxiv	Animal behavior is adapted to the sensory environment in which it evolved, while also being constrained by physical limits, evolutionary history, and developmental trajectories. The hunting behavior of larval zebrafish (Danio rerio), a cyprinid native to strea
10.1038/nrn1519	Interneurons of the neocortical inhibitory system	Nature Reviews Neuroscience	Mammals adapt to a rapidly changing world because of the sophisticated cognitive functions that are supported by the neocortex. The neocortex, which forms almost 80% of the human brain, seems to have arisen from repeated duplication of a stereotypical microcir
10.1523/eneuro.0275-23.2023	Dopamine-Dependent Plasticity Is Heterogeneously Expressed by Presynaptic Calcium Activity across Individual Boutons of the Drosophila Mushroom Body	eNeuro	Abstract The Drosophila mushroom body (MB) is an important model system for studying the synaptic mechanisms of associative learning. In this system, coincidence of odor-evoked calcium influx and dopaminergic input in the presynaptic terminals of Kenyon cells 
10.1016/j.media.2015.02.001	Large-Scale Automatic Reconstruction of Neuronal Processes from Electron Microscopy Images	Medical Image Anal.	Automated sample preparation and electron microscopy enables acquisition of very large image data sets. These technical advances are of special importance to the field of neuroanatomy, as 3D reconstructions of neuronal processes at the nm scale can provide new
10.3390/ijms221810032	Gephyrin-Lacking PV Synapses on Neocortical Pyramidal Neurons	International Journal of Molecular Scien	Gephyrin has long been thought of as a master regulator for inhibitory synapses, acting as a scaffold to organize γ-aminobutyric acid type A receptors (GABAARs) at the post-synaptic density. Accordingly, gephyrin immunostaining has been used as an indicator of
10.1016/j.biopsych.2015.04.013	Assembling the Puzzle: Pathways of Oxytocin Signaling in the Brain.	Biological Psychiatry	Oxytocin (OT) is a neuropeptide, which can be seen to be one of the molecules of the decade due to its profound prosocial effects in nonvertebrate and vertebrate species, including humans. Although OT can be detected in various physiological fluids (blood, sal
10.1101/2022.02.02.478882	A Split-GAL4 screen identifies novel sleep-promoting neurons in the Ventral Nerve Cord of Drosophila	bioRxiv	As in the mammalian system, sleep in Drosophila is regulated by multiple brain regions. Among them, neurons projecting to the dorsal Fan-Shaped Body (dFB) have been intensively studied and the data suggest they play a critical role in sleep regulation. The 23E
10.1038/89498	Visualization of changes in presynaptic function during long-term synaptic plasticity	Nature Neuroscience	Controversy exists regarding the site of modification of synaptic transmission during long-term plasticity in the mammalian hippocampus. Here we used a fluorescent marker of presynaptic activity, FM 1-43, to directly image changes in presynaptic function durin
10.1101/2020.01.16.909465	neuPrint: Analysis Tools for EM Connectomics	bioRxiv	Due to technological advances in electron microscopy (EM) and deep learning, it is now practical to reconstruct a connectome, a description of neurons and the connections between them, for significant volumes of neural tissue. The limited scope of past reconst
10.1038/d41586-019-02208-0	How to map the brain	Nature	
10.1101/2022.02.20.481230	A mesoscale connectome-based model of conscious access in the macaque monkey	bioRxiv	A growing body of evidence suggests that conscious perception of a sensory stimulus coincides with all-or-none activity across multiple cortical areas, a phenomenon called ‘ignition’. In contrast, the same stimulus, when undetected, induces only transient acti
10.1038/s41589-025-01973-6	Directed evolution of LaccID for cell surface proximity labeling and electron microscopy	Nature Chemical Biology	Enzymes that oxidize aromatic substrates have been harnessed for cell-based technologies including proximity labeling and electron microscopy; however, they are associated with drawbacks such as the need for toxic H2O2. Here, we explore multicopper oxidases (l
10.1038/s41467-019-09337-0	Computational geometry analysis of dendritic spines by structured illumination microscopy	Nature Communications	Dendritic spines are the postsynaptic sites that receive most of the excitatory synaptic inputs, and thus provide the structural basis for synaptic function. Here, we describe an accurate method for measurement and analysis of spine morphology based on structu
10.1038/s41598-025-03311-1	Deep learning-driven automated mitochondrial segmentation for analysis of complex transmission electron microscopy images	Scientific Reports	Mitochondria are central to cellular energy production and regulation, with their morphology tightly linked to functional performance. Precise analysis of mitochondrial ultrastructure is crucial for understanding cellular bioenergetics and pathology. While tra
10.1117/12.2293940	Multi-class segmentation of neuronal electron microscopy images using deep learning	Medical Imaging	Study of connectivity of neural circuits is an essential step towards a better understanding of functioning of the nervous system. With the recent improvement in imaging techniques, high-resolution and high-volume images are being generated requiring automated
10.64898/2026.06.30.735468	Connectome-scale self-supervised representation learning reveals neuronal organization beyond canonical labels	bioRxiv	Dense electron-microscopy connectomes provide synaptic-resolution maps of neuronal structure and wiring, but learning scalable representations that integrate structure and connectivity for connectome discovery with minimal human intervention remains difficult.
10.3389/fmolb.2024.1390858	The advent of preventive high-resolution structural histopathology by artificial-intelligence-powered cryogenic electron tomography	Frontiers in Molecular Biosciences	Advances in cryogenic electron microscopy (cryoEM) single particle analysis have revolutionized structural biology by facilitating the in vitro determination of atomic- and near-atomic-resolution structures for fully hydrated macromolecular complexes exhibitin
10.1111/ede.12364	A cis-regulatory change underlying the motor neuron-specific loss of Ebf expression in immotile tunicate larvae	Evolution & Development	Many species in the tunicate family Molgulidae have independently lost their swimming larval form and instead develop as tailless, immotile larvae. These larvae do not develop structures that are essential for swimming such as the notochord, otolith, and tail 
10.1007/bf01611863	Electron microscopy of glutamate decarboxylase (GAD) immunoreactivity in the inner plexiform layer of the rhesus monkey retina	Journal of Neurocytology	With indirect immunofluorescence, glutamate decarboxylase (GAD), the GABA synthesizing enzyme, was localized to cell bodies in the inner half of the inner nuclear layer and a few in the outer tier of the ganglion cell layer in the rhesus monkey retina. In the 
10.1038/s41586-026-10391-0	Cell-type-targeted mitochondrial transplantation rescues cell degeneration	Nature	A number of currently untreatable diseases, including neurodegenerative disorders, optic nerve atrophy and heart failure, are associated with mitochondrial dysfunction. Transplantation of healthy mitochondria has been proposed as a potential therapeutic strate
10.1002/cne.24256	Neural organization of afferent pathways from the stomatopod compound eye	The Journal of comparative neurology	Abstract Crustaceans and insects share many similarities of brain organization suggesting that their common ancestor possessed some components of those shared features. Stomatopods (mantis shrimps) are basal eumalacostracan crustaceans famous for their elabora
10.1007/978-1-4939-9077-1_2	Ultrastructural Observation of Glutamatergic Synapses by Focused Ion Beam Scanning Electron Microscopy (FIB/SEM).	Methods in molecular biology	A thorough understanding of the synaptic ultrastructure is necessary to bridge our current knowledge gap about the relationship between neuronal structure and function. Recent development of focused ion beam scanning electron microscopy (FIB/SEM) has made it p
10.1002/cne.22139	A bushy cell network in the rat ventral cochlear nucleus	The Journal of comparative neurology	Geometry of the dendritic tree and synaptic organization of afferent inputs are essential factors in determining how synaptic input is integrated by neurons. This information remains elusive for one of the first brainstem neurons involved in processing of the 
10.1007/s12021-012-9149-y	Semi-automated Neuron Boundary Detection and Nonbranching Process Segmentation in Electron Microscopy Images	Neuroinformatics	Neuroscientists are developing new imaging techniques and generating large volumes of data in an effort to understand the complex structure of the nervous system. The complexity and size of this data makes human interpretation a labor-intensive task. To aid in
10.1103/physreve.93.040302	Highly connected neurons spike less frequently in balanced networks.	Physical Review E	Biological neuronal networks exhibit highly variable spiking activity. Balanced networks offer a parsimonious model of this variability in which strong excitatory synaptic inputs are canceled by strong inhibitory inputs on average, and irregular spiking activi
10.3390/jimaging9030059	Impact of Training Data, Ground Truth and Shape Variability in the Deep Learning-Based Semantic Segmentation of HeLa Cells Observed with Electron Micr	Journal of Imaging	This paper investigates the impact of the amount of training data and the shape variability on the segmentation provided by the deep learning architecture U-Net. Further, the correctness of ground truth (GT) was also evaluated. The input data consisted of a th
10.1038/s41592-025-02929-3	SmartEM: machine-learning guided electron microscopy	Nature Methods	Connectomics provides nanometer-resolution, synapse-level maps of neural circuits to understand brain activity and behavior. However, few researchers have access to the high-throughput electron microscopes necessary to generate enough data for whole-brain or e
10.1016/j.cels.2020.12.003	Circumventing neural damage in a C. elegans chemosensory circuit using genetically engineered synapses	Cell Systems	Summary Neuronal loss can considerably diminish neural circuit function, impairing normal behavior by disrupting information flow in the circuit. Here, we use genetically engineered electrical synapses to reroute the flow of information in a C. elegans damaged
10.1371/journal.pone.0134356	Distributed Bayesian Computation and Self-Organized Learning in Sheets of Spiking Neurons with Local Lateral Inhibition	PLoS ONE	During the last decade, Bayesian probability theory has emerged as a framework in cognitive science and neuroscience for describing perception, reasoning and learning of mammals. However, our understanding of how probabilistic computations could be organized i
10.3389/fnins.2024.1387098	Microstimulation reveals anesthetic state-dependent effective connectivity of neurons in cerebral cortex	Frontiers in Neuroscience	Introduction Complex neuronal interactions underlie cortical information processing that can be compromised in altered states of consciousness. Here intracortical microstimulation was applied to investigate anesthetic state-dependent effective connectivity of 
10.1016/j.neures.2018.09.009	Temporal patterning of neurogenesis and neural wiring in the fly visual system.	Neurosciences research	During neural development, a wide variety of neurons are produced in a highly coordinated manner and form complex and highly coordinated neural circuits. Temporal patterning of neuron type specification plays very important roles in orchestrating the productio
10.1371/journal.pone.0147307	Chronic Fluoxetine Induces the Enlargement of Perforant Path-Granule Cell Synapses in the Mouse Dentate Gyrus	PLoS ONE	A selective serotonin reuptake inhibitor is the most commonly prescribed antidepressant for the treatment of major depression. However, the mechanisms underlying the actions of selective serotonin reuptake inhibitors are not fully understood. In the dentate gy
10.1016/j.isci.2019.11.025	Electron Microscopic Detection of Single Membrane Proteins by a Specific Chemical Labeling	iScience	Summary Electron microscopy (EM) is a technology that enables visualization of single proteins at a nanometer resolution. However, current protein analysis by EM mainly relies on immunolabeling with gold-particle-conjugated antibodies, which is compromised by 
10.1016/j.ynstr.2021.100402	Dual imaging of dendritic spines and mitochondria in vivo reveals hotspots of plasticity and metabolic adaptation to stress	Neurobiology of Stress	Metabolic adaptation is a critical feature of synaptic plasticity. Indeed, synaptic plasticity requires the utilization and resupply of metabolites, in particular when the turnover is high and fast such as in stress conditions. What accounts for the localized 
10.1016/j.cell.2020.11.048	A Circuit Logic for Sexually Shared and Dimorphic Aggressive Behaviors in Drosophila	Cell	SUMMARY Aggression involves both sexually monomorphic and dimorphic actions. How the brain implements these two types of actions is poorly understood. We have identified three cell types that regulate aggression in Drosophila: one type is sexually shared, and 
10.1038/s41467-025-56641-z	Dense, continuous membrane labeling and expansion microscopy visualization of ultrastructure in tissues	Nature Communications	Lipid membranes are key to the nanoscale compartmentalization of biological systems, but fluorescent visualization of them in intact tissues, with nanoscale precision, is challenging to do with high labeling density. Here, we report ultrastructural membrane ex
10.1371/journal.pcbi.1002620	Molecular Constraints on Synaptic Tagging and Maintenance of Long-Term Potentiation: A Predictive Model	PLoS Comput. Biol.	Protein synthesis-dependent, late long-term potentiation (LTP) and depression (LTD) at glutamatergic hippocampal synapses are well characterized examples of long-term synaptic plasticity. Persistent increased activity of protein kinase M ζ (PKMζ) is thought es
10.1038/s41593-024-01813-1	Membrane mechanics dictate axonal pearls-on-a-string morphology and function	Nature Neuroscience	Axons are ultrathin membrane cables that are specialized for the conduction of action potentials. Although their diameter is variable along their length, how their morphology is determined is unclear. Here, we demonstrate that unmyelinated axons of the mouse c
10.1101/019224	Cortical microcircuit determination through global perturbation and sparse sampling in grid cells	bioRxiv	Under modern interrogation, famously well-studied neural circuits such as that for orientation tuning in V1 are steadily giving up their secrets, but quite basic questions about connectivity and dynamics, including whether most computation is done by lateral p
10.1111/jmi.12086	Controlling FIB‐SBEM slice thickness by monitoring the transmitted ion beam	Journal of Microscopy	Summary Serial block‐face electron microscopy with focused ion beam cutting suffers from cutting artefacts caused by changes in the relative position of beam and sample, which are, for example, inevitable when reconditioning the ion gun. The latter has to be d
10.1016/j.neuron.2016.10.045	Power to the People: Addressing Big Data Challenges in Neuroscience by Creating a New Cadre of Citizen Neuroscientists.	Neuron	Global neuroscience projects are producing big data at an unprecedented rate that informatic and artificial intelligence (AI) analytics simply cannot handle. Online games, like Foldit, Eterna, and Eyewire-and now a new neuroscience game, Mozak-are fueling a pe
10.1111/jmi.12379	Backscattered electron image of osmium‐impregnated/macerated tissues as a novel technique for identifying the cis‐face of the Golgi apparatus by high‐	Journal of Microscopy	Summary The osmium maceration method with scanning electron microscopy (SEM) enabled to demonstrate directly the three‐dimensional (3D) structure of membranous cell organelles. However, the polarity of the Golgi apparatus (that is, the cis – trans axis) can ha
10.1016/j.cub.2019.12.038	Luminance Information Is Required for the Accurate Estimation of Contrast in Rapidly Changing Visual Contexts.	Current Biology	Visual perception scales with changes in the visual stimulus, or contrast, irrespective of background illumination. However, visual perception is challenged when adaptation is not fast enough to deal with sudden declines in overall illumination, for example, w
10.1101/2025.03.22.644710	The cellular and behavioral blueprints of chordate rheotaxis.		The oceans are filled with life-forms exhibiting complex adaptations to help navigate fluid environments and take advantage of fluid motion to locomote and disperse. However, the neuronal and behavioral underpinnings of navigating in fluid environments outside
10.1038/ncomms15800	Autism-like behaviours and enhanced memory formation and synaptic plasticity in Lrfn2/SALM1-deficient mice	Nature Communications	Lrfn2/SALM1 is a PSD-95-interacting synapse adhesion molecule, and human LRFN2 is associated with learning disabilities. However its role in higher brain function and underlying mechanisms remain unknown. Here, we show that Lrfn2 knockout mice exhibit autism-l
10.1007/s10278-026-01911-5	Self-Supervised Isotropic Resolution Enhancement of Expansion Microscopy via Quantized Compression.	Journal of imaging informatics in medici	Expansion microscopy (ExM) enables nanoscale imaging for disease characterization. However, whole-organ analyses remain limited by several challenges. Current super-resolution methods either require high-resolution ground-truth data or assume spatially uniform
10.1007/978-3-030-59722-1_16	Isotropic Reconstruction of 3D EM Images with Unsupervised Degradation Learning	Lecture Notes in Computer Science	
10.1038/s41467-024-46651-8	Decomposing cortical activity through neuronal tracing connectome-eigenmodes in marmosets	Nature Communications	Deciphering the complex relationship between neuroanatomical connections and functional activity in primate brains remains a daunting task, especially regarding the influence of monosynaptic connectivity on cortical activity. Here, we investigate the anatomica
10.1016/j.neuroimage.2010.01.071	Can structure predict function in the human brain?	NeuroImage	Over the past decade, scientific interest in the properties of large-scale spontaneous neural dynamics has intensified. Concurrently, novel technologies have been developed for characterizing the connective anatomy of intra-regional circuits and inter-regional
10.1073/pnas.2519437123	A lateralized sensory signaling pathway mediates context-dependent olfactory plasticity in Caenorhabditis elegans	Proceedings of the National Academy of S	Significance The olfactory system must identify and discriminate among odorants in complex environments and assign valence based on innate preference, learning, and context. Valence switches usually arise from plasticity at primary sensory synapses or higher o
10.1016/j.neuron.2016.06.013	SRGAP2 and its human-specific paralog co-regulate the development of excitatory and inhibitory synapses	Neuron	The proper function of neural circuits requires spatially and temporally balanced development of excitatory and inhibitory synapses. However, the molecular mechanisms coordinating excitatory and inhibitory synaptogenesis remain unknown. Here we demonstrate tha
10.1038/s41586-026-10797-w	A global molecular code for birth order and neuronal identity in Drosophila.	Nature	The assembly of functional neural circuits relies on the generation of diverse neural types with precise molecular identity and connectivity. Unlocking general principles of neuronal specification and wiring across the nervous system requires a systematic and 
10.1523/jneurosci.0605-12.2012	Synaptic distributions of GluA2 and PKM ζ in the monkey dentate gyrus and their relationships with aging and memory	Journal of Neuroscience	Rhesus monkeys provide a valuable model for studying the neurobiological basis of cognitive aging, because they are vulnerable to age-related memory decline in a manner similar to humans. In this study, young and aged monkeys were first tested on a well charac
10.1002/cne.902670102	Distribution of catecholaminergic cells in the retina of the rat, guinea pig, cat, and rabbit: Independence from ganglion cell distribution	The Journal of comparative neurology	Abstract By using an antibody against tyrosine hydroxylase (TH), the rate‐limiting enzyme in the production of catecholamines, we have examined the morphology and distribution of catecholaminergic cells in the retinas of the rat, guinea pig, cat, and rabbit. I
10.1038/s41467-022-28256-1	A neural circuit linking learning and sleep in Drosophila long-term memory	Nature Communications	Animals retain some but not all experiences in long-term memory (LTM). Sleep supports LTM retention across animal species. It is well established that learning experiences enhance post-learning sleep. However, the underlying mechanisms of how learning mediates
10.1016/j.neuron.2013.10.002	Scaling Brain Size, Keeping Timing: Evolutionary Preservation of Brain Rhythms	Neuron	Despite the several-thousand-fold increase of brain volume during the course of mammalian evolution, the hierarchy of brain oscillations remains remarkably preserved, allowing for multiple-time-scale communication within and across neuronal networks at approxi
10.1016/j.conb.2011.07.004	Specificity and randomness: structure-function relationships in neural circuits	Current Opinion in Neurobiology	A fundamental but unsolved problem in neuroscience is how connections between neurons might underlie information processing in central circuits. Building wiring diagrams of neural networks may accelerate our understanding of how they compute. But even if we ha
10.3389/fncir.2018.00108	Methodological Improvements With Conductive Materials for Volume Imaging of Neural Circuits by Electron Microscopy	Front. Neural Circuits	Recent advancements in electron microscope volume imaging, such as serial imaging using scanning electron microscopy (SEM), have facilitated the acquisition of three-dimensional ultrastructural information of biological samples. These advancements help build a
10.1038/s41467-020-17218-0	NMDAR-mediated modulation of gap junction circuit regulates olfactory learning in C. elegans	Nature Communications	Modulation of gap junction-mediated electrical synapses is a common form of neural plasticity. However, the behavioral consequence of the modulation and the underlying molecular cellular mechanisms are not understood. Here, using a C. elegans circuit of intern
10.1016/j.tins.2025.12.003	Neuropeptides in control of left-right neural circuits	Trends in Neurosciences	Despite extensive research on hemispheric asymmetries, the mechanisms regulating lateralized brain functions are incompletely understood. Growing evidence suggests that lateralized neural circuits are side-specifically controlled in part by neuropeptides actin
10.1146/annurev-neuro-072116-031558	Neuromodulation of Innate Behaviors in Drosophila.	Annual Review of Neuroscience	Animals are born with a rich repertoire of robust behaviors that are critical for their survival. However, innate behaviors are also highly adaptable to an animal's internal state and external environment. Neuromodulators, including biogenic amines, neuropepti
10.1038/s41598-018-32628-3	Flexible Learning-Free Segmentation and Reconstruction of Neural Volumes	Scientific Reports	Imaging is a dominant strategy for data collection in neuroscience, yielding stacks of images that often scale to gigabytes of data for a single experiment. Machine learning algorithms from computer vision can serve as a pair of virtual eyes that tirelessly pr
10.1016/j.neuroimage.2015.10.053	Connectometry: A statistical approach harnessing the analytical potential of the local connectome	NeuroImage	Here we introduce the concept of the local connectome: the degree of connectivity between adjacent voxels within a white matter fascicle defined by the density of the diffusing spins. While most human structural connectomic analyses can be summarized as findin
10.1016/j.brainres.2004.03.023	Protective cap over CA1 synapses: extrasynaptic glutamate does not reach the postsynaptic density.	Brain Research	Numerous data indicate that nonsynaptic release of glutamate occurs both in normal and pathophysiological conditions. When reaching receptors in the postsynaptic density (PSD), glutamate (Glu) could affect the synaptic transmission. We have tested this possibi
10.1016/j.neures.2024.06.002	Volume Electron Microscopy for Genetically and Molecularly Defined Neural Circuits.	Neurosciences research	The brain networks responsible for adaptive behavioral changes are based on the physical connections between neurons. Light and electron microscopy have long been used to study neural projections and the physical connections between neurons. Volume electron mi
10.1007/978-1-4939-3512-3_26	Optogenetic Manipulation of Selective Neural Activity in Free-Moving Drosophila Adults.	Methods in molecular biology	Activating selected neurons elicits specific behaviors in Drosophila adults. By combining optogenetics and laser-tracking techniques, we have recently developed an automated laser-tracking and optogenetic manipulation system (ALTOMS) for studying how brain cir
10.1111/jnc.14829	The energetic brain – A review from students to students	Journal of Neurochemistry	The past 20 years have resulted in unprecedented progress in understanding brain energy metabolism and its role in health and disease. In this review, which was initiated at the 14th International Society for Neurochemistry Advanced School, we address the basi
10.1016/j.jneumeth.2015.02.005	Array Tomography for the Detection of Non-Dilated, Injured Axons in Traumatic Brain Injury	Journal of Neuroscience Methods	Background Axonal injury is a key feature of several types of brain trauma and neurological disease. However, in mice and humans, many axons are less than 500 nanometers in diameter which is at or below the resolution of most conventional light microscopic ima
10.48550/arxiv.2506.19094	<NO TITLE>		Neural recording technologies now enable simultaneous recording of population activity across many brain regions, motivating the development of data-driven models of inter-regional communication. However, existing models can struggle to disentangle the influen
10.3389/fcomp.2022.976801	Nine insights from internet engineering that help us understand brain network communication	Frontiers of Computer Science	Philosophers have long recognized the value of metaphor as a tool that opens new avenues of investigation. By seeing brains as having the goal of representation, the computer metaphor in its various guises has helped systems neuroscience approach a wide array 
10.1038/nmeth.2072	Elastic volume reconstruction from series of ultra-thin microscopy sections	Nature Methods	Anatomy of large biological specimens is often reconstructed from serially sectioned volumes imaged by high-resolution microscopy. We developed a method to reassemble a continuous volume from such large section series that explicitly minimizes artificial defor
10.1002/cne.10405	A new look at calretinin‐immunoreactive amacrine cell types in the monkey retina	The Journal of comparative neurology	Abstract We have examined amacrine cells that are calretinin‐immunoreactive (‐IR) in the macaque monkey retina with the aim of classifying them into morphological and functional subtypes. There are calretinin‐IR cells in the fovea and throughout the retina. Th
10.1093/acprof:oso/9780195393798.003.0004	Interactions between Intrinsic and Stimulus-Evoked Activity in Recurrent Neural Networks		Trial-to-trial variability is an essential feature of neural responses, but its source is a subject of active debate. Response variability (Mast and Victor, 1991; Arieli et al., 1995 & 1996; Anderson et al., 2000 & 2001; Kenet et al., 2003; Petersen et al., 20
10.1093/cercor/bhr254	Immunogold detection of L-glutamate and D-serine in small synaptic-like microvesicles in adult hippocampal astrocytes.	Cerebral Cortex	Glutamate and the N-methyl-D-aspartate receptor ligand D-serine are putative gliotransmitters. Here, we show by immunogold cytochemistry of the adult hippocampus that glutamate and D-serine accumulate in synaptic-like microvesicles (SLMVs) in the perisynaptic 
10.1103/physrevlett.109.048102	Estimation Theoretic Measure of Resolution for Stochastic Localization Microscopy	Physical Review Letters	One approach to super-resolution fluorescence microscopy, termed stochastic localization microscopy, relies on the nanometer scale spatial localization of individual fluorescent emitters that stochastically label specific features of the specimen. The precisio
10.3389/fnsyn.2016.00016	Advanced Fluorescence Protein-Based Synapse-Detectors	Frontiers in Synaptic Neuroscience	The complex information-processing capabilities of the central nervous system emerge from intricate patterns of synaptic input-output relationships among various neuronal circuit components. Understanding these capabilities thus requires a precise description 
10.1109/tmi.2021.3097826	Learning and Segmenting Dense Voxel Embeddings for 3D Neuron Reconstruction	IEEE Transactions on Medical Imaging	We show dense voxel embeddings learned via deep metric learning can be employed to produce a highly accurate segmentation of neurons from 3D electron microscopy images. A “metric graph” on a set of edges between voxels is constructed from the dense voxel embed
10.1038/s41467-017-00191-6	Coupled symmetric and asymmetric circuits underlying spatial orientation in fruit flies	Nature Communications	Maintaining spatial orientation when carrying out goal-directed movements requires an animal to perform angular path integration. Such functionality has been recently demonstrated in the ellipsoid body (EB) of fruit flies, though the precise circuitry and unde
10.1038/s41467-018-04227-3	Bacterial encapsulins as orthogonal compartments for mammalian cell engineering	Nature Communications	We genetically controlled compartmentalization in eukaryotic cells by heterologous expression of bacterial encapsulin shell and cargo proteins to engineer enclosed enzymatic reactions and size-constrained metal biomineralization. The shell protein (EncA) from 
10.1109/cbms65348.2025.00024	A Comprehensive Framework for Unsupervised Deep Analysis of Tissue Bioarchitecture	2025 IEEE 38th International Symposium o	Despite extensive characterization of cellular components within tissues, the fundamental principles governing their organization remain poorly understood. In this study, we propose a comprehensive framework to bridge this gap by analyzing highresolution 3D im
10.1523/jneurosci.19-05-01566.1999	Developmental Synaptic Changes Increase the Range of Integrative Capabilities of an Identified Excitatory Neocortical Connection	Journal of Neuroscience	Excitatory synaptic transmission between pyramidal cells and fast-spiking (FS) interneurons of layer V of the motor cortex was investigated in acute slices by using paired recordings at 30°C combined with morphological analysis. The presynaptic and postsynapti
10.3389/fnbeh.2021.662129	The Making of Long-Lasting Memories: A Fruit Fly Perspective	Frontiers in Behavioral Neuroscience	Understanding the nature of the molecular mechanisms underlying memory formation, consolidation, and forgetting are some of the fascinating questions in modern neuroscience. The encoding, stabilization and elimination of memories, rely on the structural reorga
10.3389/fopht.2023.1168548	New insights into retinal circuits through EM connectomics: what we have learnt and what remains to be learned	Frontiers in Ophthalmology	The retinal neural circuit is intricately wired for efficient processing of visual signals. This is well-supported by the specialized connections between retinal neurons at both the functional and ultrastructural levels. Through 3D electron microscopic (EM) re
10.1371/journal.pone.0137702	Response Properties of a Newly Identified Tristratified Narrow Field Amacrine Cell in the Mouse Retina	PLoS ONE	Amacrine cells were targeted for whole cell recording using two-photon fluorescence microscopy in a transgenic mouse line in which the promoter for dopamine receptor 2 drove expression of green fluorescent protein in a narrow field tristratified amacrine cell 
10.1007/s12154-015-0145-1	FluoroNanogold: an important probe for correlative microscopy	Journal of chemical biology	Correlative microscopy is a powerful imaging approach that refers to observing the same exact structures within a specimen by two or more imaging modalities. In biological samples, this typically means examining the same sub-cellular feature with different ima
10.1016/j.celrep.2023.113122	Dopaminergic neurons dynamically update sensory values during olfactory maneuver.	Cell Reports	Dopaminergic neurons (DANs) drive associative learning to update the value of sensory cues, but their contribution to the assessment of sensory values outside the context of association remains largely unexplored. Here, we show in Drosophila that DANs in the m
10.3390/v13040611	FIB-SEM as a Volume Electron Microscopy Approach to Study Cellular Architectures in SARS-CoV-2 and Other Viral Infections: A Practical Primer for a Vi	Viruses	The visualization of cellular ultrastructure over a wide range of volumes is becoming possible by increasingly powerful techniques grouped under the rubric “volume electron microscopy” or volume EM (vEM). Focused ion beam scanning electron microscopy (FIB-SEM)
10.1101/2020.06.17.156430	Electrophysiological validation of premotor interneurons monosynaptically connected to the aCC motoneuron in the Drosophila larval CNS	bioRxiv	Mapping the wired connectivity of a nervous system is a prerequisite for full understanding of function. In this respect, such endeavours can be likened to genome sequencing projects. These projects similarly produce impressive amounts of data which, whilst a 
10.1039/c2nr30431g	Correlative Light-Ion Microscopy for biological applications.	Nanoscale	Here we report a new technique, Correlative Light-Ion Microscopy (CLIM), to correlate SEM-like micrographs with fluorescence images. This technique presents significant advantages over conventional methods in enabling topographical and biochemical information 
10.1002/9781119086420.ch5	Can Correlative Microscopy Ever Be Easy? An Array Tomography Viewpoint	Correlative Imaging	The array tomography (AT) approach offers several important advantages for correlative microscopy. In AT, a three-dimensional biological sample is reduced to a two-dimensional array of ultra-thin sections, which are easily accessible to immunostaining and imag
10.5463/thesis.836	From synaptic pathology to connectome dysfunction in Parkinson's disease		Defining the regional patterns of synaptic and neuro-axonal degeneration in Parkinson’s disease (PD), PD dementia (PDD), and dementia with Lewy bodies (DLB) phenotypes is crucial to understand disease progression and severity. The development of pathology-sens
10.1101/213942	Recording neural activity in unrestrained animals with 3D tracking two photon microscopy	bioRxiv	Optical recordings of neural activity in behaving animals can reveal the neural correlates of decision making, but such recordings are compromised by brain motion that often accompanies behavior. Two-photon point scanning microscopy is especially sensitive to 
10.1016/j.jsb.2025.108214	A generalist deep-learning volume segmentation tool for volume electron microscopy of biological samples.	Journal of Structural Biology	We present the Volume Segmentation Tool (VST), a deep learning software tool that implements volumetric image segmentation in volume electron microscopy image stack data from a wide range of biological sample types. VST automates the handling of data preproces
10.1016/j.isci.2019.03.025	Imaging through the Whole Brain of Drosophila at λ/20 Super-resolution	iScience	Summary Recently, many super-resolution technologies have been demonstrated, significantly affecting biological studies by observation of cellular structures down to nanometer precision. However, current super-resolution techniques mostly rely on wavefront eng
10.1101/2024.11.06.622389	GCTransNet: 3D mitochondrial instance segmentation based on Global Context Vision Transformers		ABSTRACT Mitochondria are double membrane-bound organelles essential for generating energy in eukaryotic cells. Mitochondria can be readily visualized in 3D using Volume Electron Microscopy (vEM), and accurate image segmentation is vital for quantitative analy
10.1038/s41586-024-07780-8	Inhibitory specificity from a connectomic census of mouse visual cortex	Nature	Mammalian cortex features a vast diversity of neuronal cell types, each with characteristic anatomical, molecular and functional properties1. Synaptic connectivity shapes how each cell type participates in the cortical circuit, but mapping connectivity rules a
10.1016/j.neuron.2014.02.045	Sequential Axon-derived Signals Couple Target Survival and Layer Specificity in the Drosophila Visual System	Neuron	SUMMARY Neural circuit formation relies on interactions between axons and cells within the target field. While it is well established that target-derived signals act on axons to regulate circuit assembly, the extent to which axon-derived signals control circui
10.1103/prxlife.2.023001	Fluctuating landscapes and heavy tails in animal behavior	PRX life	Animal behavior is shaped by a myriad of mechanisms acting on a wide range of scales, which hampers quantitative reasoning and the identification of general principles. Here, we combine data analysis and theory to investigate the relationship between behaviora
10.1109/iccv51070.2023.01930	Learning Cross-Representation Affinity Consistency for Sparsely Supervised Biomedical Instance Segmentation	IEEE International Conference on Compute	Sparse instance-level supervision has recently been explored to address insufficient annotation in biomedical instance segmentation, which is easier to annotate crowded instances and better preserves instance completeness for 3D volumetric datasets compared to
10.1146/annurev.neuro.051508.135540	Advances in Light Microscopy for Neuroscience	Annual Review of Neuroscience	Since the work of Golgi and Cajal, light microscopy has remained a key tool for neuroscientists to observe cellular properties. Ongoing advances have enabled new experimental capabilities using light to inspect the nervous system across multiple spatial scales
10.1101/2025.09.01.673156	Enriched experience increases reciprocal synaptic connectivity and coding sparsity in higher-order cortex	bioRxiv	The integration of new information during sleep reshapes cortical representations that support categorical knowledge. Auto-associative attractor network theories predict that reciprocal excitatory connections help form stable categorical attractors, but direct
10.1007/s00429-013-0598-3	A direct anterior cingulate pathway to the primate primary olfactory cortex may control attention to olfaction	Brain Structure and Function	Behavioral and functional studies in humans suggest that attention plays a key role in activating the primary olfactory cortex through an unknown circuit mechanism. We report that a novel pathway from the anterior cingulate cortex, an area which has a key role
10.1016/0306-4522(86)90089-8	Somatostatin-immunoreactive amacrine cells of chicken retina: retinal mosaic, ultrastructural features, and light-driven variations in peptide metabol	Neuroscience	Somatostatin-like immunoreactive amacrine cells of the chicken retina have been characterized by immunohistochemistry at the light and electron microscope levels. The cell bodies were set back from the junction of the inner nuclear and inner plexiform layers, 
10.1371/journal.pcbi.1004155	A Neural Mechanism for Background Information-Gated Learning Based on Axonal-Dendritic Overlaps	PLoS Comput. Biol.	Experiencing certain events triggers the acquisition of new memories. Although necessary, however, actual experience is not sufficient for memory formation. One-trial learning is also gated by knowledge of appropriate background information to make sense of th
10.1038/nmeth.3361	High-resolution whole-brain staining for electron microscopic circuit reconstruction	Nature Methods	Currently only electron microscopy provides the resolution necessary to reconstruct neuronal circuits completely and with single-synapse resolution. Because almost all behaviors rely on neural computations widely distributed throughout the brain, a reconstruct
10.1016/j.cub.2023.05.007	Disynaptic inhibition shapes tuning of OFF-motion detectors in Drosophila.	Current Biology	The circuitry underlying the detection of visual motion in Drosophila melanogaster is one of the best studied networks in neuroscience. Lately, electron microscopy reconstructions, algorithmic models, and functional studies have proposed a common motif for the
10.1016/j.neuron.2017.06.029	Neural circuit-specialized astrocytes: transcriptomic, proteomic, morphological and functional evidence	Neuron	Summary Astrocytes are ubiquitous in the brain and are widely held to be largely identical. However, this view has not been fully tested and the possibility that astrocytes are neural circuit-specialized remains largely unexplored. Here, we used multiple, inte
10.1152/jn.00917.2011	Microcircuits of excitatory and inhibitory neurons in layer 2/3 of mouse barrel cortex.	Journal of Neurophysiology	Synaptic interactions between nearby excitatory and inhibitory neurons in the neocortex are thought to play fundamental roles in sensory processing. Here, we have combined optogenetic stimulation, whole cell recordings, and computational modeling to define key
10.1371/journal.pone.0266064	Synaptic counts approximate synaptic contact area in Drosophila	bioRxiv	The pattern of synaptic connections among neurons defines the circuit structure, which constrains the computations that a circuit can perform. The strength of synaptic connections is costly to measure yet important for accurate circuit modeling. It has been sh
10.1038/nmeth.2019	Fiji - an Open Source platform for biological image analysis	Nature Methods	Fiji is a distribution of the popular open-source software ImageJ focused on biological-image analysis. Fiji uses modern software engineering practices to combine powerful software libraries with a broad range of scripting languages to enable rapid prototyping
10.1038/s41586-023-06683-4	Neural signal propagation atlas of Caenorhabditis elegans	Nature	Establishing how neural function emerges from network properties is a fundamental problem in neuroscience^ 1 . Here, to better understand the relationship between the structure and the function of a nervous system, we systematically measure signal propagation 
10.1038/nrn1300	Genesis of dendritic spines: insights from ultrastructural and imaging studies	Nature Reviews Neuroscience	
10.1016/0278-4327(85)90011-2	Chapter 9 New perspectives in retinal organisation	Progress in Retinal Research	
10.48550/arxiv.2508.07115	<NO TITLE>		Biological systems leverage top-down feedback for visual processing, yet most artificial vision models succeed in image classification using purely feedforward or recurrent architectures, calling into question the functional significance of descending cortical
10.1007/978-1-4939-8873-0_12	Correlative Light and Electron Microscopy of Autophagosomes.	Methods in molecular biology	Live-cell imaging has been widely used to study autophagosome biogenesis and maturation. When combined with correlative electron microscopy, this approach can be extended to reveal ultrastructural details in three dimensions. The resolution of electron microsc
10.1523/jneurosci.0631-05.2005	Short-Term Synaptic Depression Causes a Non-Monotonic Response to Correlated Stimuli	Journal of Neuroscience	Unreliability is a ubiquitous feature of synaptic transmission in the brain. The information conveyed in the discharges of an ensemble of cells (e.g., in the spike count or in the timing of synchronous events) may not be faithfully transmitted to the postsynap
10.1073/pnas.1921481118	Cognitive aging is associated with redistribution of synaptic weights in the hippocampus	Proceedings of the National Academy of S	Significance A longstanding question in the field of the neurobiology of learning and memory is why some aged individuals perform comparably to young adults in learning and memory tasks, whereas others show impairments that resemble the performance of those wi
10.1038/s41593-025-01935-0	Functionally distinct GABAergic amacrine cell types regulate spatiotemporal encoding in the mouse retina	Nature Neuroscience	GABA (γ-aminobutyric acid) is the primary inhibitory neurotransmitter in the mammalian central nervous system. GABAergic neuronal types play important roles in neural processing and the etiology of neurological disorders; however, there is no comprehensive und
10.1063/5.0142405	Femtosecond laser preparation of resin embedded samples for correlative microscopy workflows in life sciences	bioRxiv	Correlative multimodal imaging is a useful approach to investigate complex structural relations in life sciences across multiple scales. For these experiments, sample preparation workflows that are compatible with multiple imaging techniques must be establishe
10.1177/21580014261479958	Local Interaction Rules Drive Global Organization of the Human Connectome.	Brain Connectivity	INTRODUCTION The human connectome exhibits nontrivial large-scale organization despite emerging from decentralized local biological interactions. Most existing generative models reproduce connectomic features through global optimization principles, predefined 
10.64898/2026.01.27.702076	The Extremely Brilliant Brain: An Isotropic Microscale Human Brain Dataset	bioRxiv	We present an isotropic 7.72 µm/voxel post-mortem human brain dataset acquired using Hierarchical Phase-Contrast Tomography (HiP-CT) at the ESRF Extremely Brilliant Source, beamline BM18. This fills a critical gap between whole-brain MRI at 100 µm resolution a
10.3902/jnns.22.103	パーキンソン病の運動症状の発生機構解明にむけた大脳基底核—視床—大脳皮質回路のスパイキングニューロンモデルの開発	The Brain &amp; Neural Networks	パーキンソン病は大脳基底核でのドーパミン枯渇を原因として，手足の振戦，固縮，無動などの運動障害をともなう神経疾患である．大脳基底核の異常なベータ振動，視床や運動皮質のアルファ振動，拮抗筋の逆相同期的活動など，様々な周波数帯の神経活動が関連領域で発生し，最終的に振戦などの運動症状として表れる．しかしそれらの振動現象が個々の領域でどのように発生し，筋骨格系を含めてどのような相互作用を行うのかはわかっていない．そこで我々は，パーキンソン病の主要な病変部位である大脳基底核とその出力を受ける視床，運動皮質と脊髄のスパイキング
10.1016/j.cell.2018.02.053	Development of concurrent retinotopic maps in the fly motion detection circuit	Cell	Summary Understanding how complex brain wiring is produced during development is a daunting challenge. In Drosophila, information from 800 retinal ommatidia is processed in distinct brain neuropiles, each subdivided into 800 matching retinotopic columns. In th
10.1016/j.neuron.2020.08.006	The neuroanatomical ultrastructure and function of a biological ring attractor	Neuron	SUMMARY Neural representations of head direction have been discovered in many species. Theoretical work has proposed that the dynamics associated with these representations are generated, maintained, and updated by recurrent network structures called ring attr
10.1101/2021.12.08.471862	Escape Steering by Cholecystokinin Peptidergic Signaling	bioRxiv	Escape is an evolutionarily conserved and essential avoidance response. Considered to be innate, most studies on escape responses focused on hard-wired circuits. We report here that peptidergic signaling is an integral and necessary component of the Caenorhabd
10.1186/s12915-026-02539-1	Emergence of clustered synapses during the development of a nervous system	bioRxiv	Synaptic organization is central for proper transmission of neural information. Studies in invertebrates and mammalian cortices show that synapses are clustered along neurite extensions, an organization that promotes key functional roles. Here we studied how t
10.7554/elife.47372	A circuit-dependent ROS feedback loop mediates glutamate excitotoxicity to sculpt the Drosophila motor system	eLife	Overproduction of reactive oxygen species (ROS) is known to mediate glutamate excitotoxicity in neurological diseases. However, how ROS burdens can influence neural circuit integrity remains unclear. Here, we investigate the impact of excitotoxicity induced by
10.1523/jneurosci.1302-06.2006	Cooperative Astrocyte and Dendritic Spine Dynamics at Hippocampal Excitatory Synapses	Journal of Neuroscience	Accumulating evidence is redefining the importance of neuron–glial interactions at synapses in the CNS. Astrocytes form “tripartite” complexes with presynaptic and postsynaptic structures and regulate synaptic transmission and plasticity. Despite our understan
10.1073/pnas.1808064115	The adult oligodendrocyte can participate in remyelination	Proceedings of the National Academy of S	Significance Remyelination of the CNS is a critical process in restoring function and protecting nerve fibers from degeneration in multiple sclerosis and other demyelinating diseases. It is currently thought that myelin can only be repaired by the generation o
10.1016/j.neuron.2017.05.022	A Critical Role of Presynaptic Cadherin/Catenin/p140Cap Complexes in Stabilizing Spines and Functional Synapses in the Neocortex.	Neuron	The formation of functional synapses requires coordinated assembly of presynaptic transmitter release machinery and postsynaptic trafficking of functional receptors and scaffolds. Here, we demonstrate a critical role of presynaptic cadherin/catenin cell adhesi
10.1002/cne.901970110	Golgi‐impregnated amacrine cells and GABAergic retinal neurons: A comparison of dendritic, immunocytochemical, and histochemical stratification in the	The Journal of comparative neurology	Abstract This paper concerns the banding pattern produced in the inner plexiform layer of rat retina by glutamic acid decarboxylase (GAD) immunocytochemistry. It presents a comparison of this pattern with the dendritic stratification of neurons that are reason
10.1016/j.cell.2014.12.028	Kynurenic acid is a nutritional cue that enables behavioral plasticity	Cell	Summary The kynurenine pathway of tryptophan metabolism is involved in the pathogenesis of several brain diseases but its physiological functions remain unclear. We report that kynurenic acid, a metabolite in this pathway, functions as a regulator of food-depe
10.1016/j.neuroscience.2019.03.040	Effects of Methamphetamine Self-Administration and Extinction on Astrocyte Structure and Function in the Nucleus Accumbens Core	Neuroscience	Astrocytes provide support for neurons, regulate metabolic processes, and influence neuronal communication in a variety of ways, including through the homeostatic regulation of glutamate. Following 2-hour cocaine or methamphetamine self-administration (SA) and
10.1109/embc46164.2021.9630241	Black-box model reduction of the C. Elegans nervous system*	Annual International Conference of the I	In recent years, modeling neurons and neuronal collections with high accuracy have become central issues of neuroscience. The development of efficient algorithms for their simulation as well as the increase in computational power and parallelization need to ke
10.1371/journal.pcbi.1007591	Recurrent interactions can explain the variance in single trial responses	bioRxiv	To develop a complete description of sensory encoding, it is necessary to account for trial-to-trial variability in cortical neurons. Using a generalized linear model with terms corresponding to the visual stimulus, mouse running speed, and experimentally meas