10.1101/2023.07.03.547492	Polymodal sensory perception of mechanical and chemical cues drives robust settlement and metamorphosis of a marine pre-vertebrate zooplanktonic larva	bioRxiv	The Earth’s oceans brim with an incredible diversity of microscopic planktonic animals, many of which correspond to the transient larval stage in the life cycles of benthic marine organisms. The mechanisms by which marine larvae use their nervous system to sen
10.1016/bs.mcb.2014.12.012	Analysis of primary cilia in the developing mouse brain.	Methods in Cell Biology	Stem and progenitor cells in the developing mammalian brain are highly polarized cells that carry a primary cilium protruding into the brain ventricles. Here, cilia detect signals present in the cerebrospinal fluid that fills the ventricles. Recently, striking
10.1002/glia.20712	Morphogenesis and regulation of Bergmann glial processes during Purkinje cell dendritic spine ensheathment and synaptogenesis	Glia	Astrocytes have an important role in synaptic formation and function but how astrocytic processes become associated with synaptic structures during development is not well understood. Here we analyzed the pattern of growth of the processes extending off the ma
10.1016/j.neuron.2016.07.034	Experience-dependent plasticity drives individual differences in pheromone-sensing neurons	Neuron	SUMMARY Different individuals exhibit distinct behaviors, but studying the neuronal basis of individuality is a daunting challenge. Here, we considered this question in the vomeronasal organ, a pheromone-detecting epithelium containing hundreds of distinct neu
10.3389/fcell.2021.744248	Electron Microscopy Techniques for Investigating Structure and Composition of Hair-Cell Stereociliary Bundles	Frontiers in Cell and Developmental Biol	Hair cells—the sensory cells of the vertebrate inner ear—bear at their apical surfaces a bundle of actin-filled protrusions called stereocilia, which mediate the cells’ mechanosensitivity. Hereditary deafness is often associated with morphological disorganizat
10.1101/2024.09.22.614271	Bridging the gap between the connectome and whole-brain activity in C. elegans	bioRxiv	A fundamental goal of neuroscience is to understand how anatomy determines the functional properties of the nervous system. However, previous work has failed to show how the functional connections between neurons are derived from the connectome in the nematode
10.1101/2023.09.26.558265	A Scalable Staining Strategy for Whole-Brain Connectomics	bioRxiv	Mapping the complete synaptic connectivity of a mammalian brain would be transformative, revealing the pathways underlying perception, behavior, and memory. Serial section electron microscopy, via membrane staining using osmium tetroxide, is ideal for visualiz
10.1371/journal.pcbi.1004858	High-Degree Neurons Feed Cortical Computations	PLoS Comput. Biol.	Recent work has shown that functional connectivity among cortical neurons is highly varied, with a small percentage of neurons having many more connections than others. Also, recent theoretical developments now make it possible to quantify how neurons modify i
10.3389/finsc.2026.1862257	Expression and RNAi characterization of neuropeptides underlying developmental regulation in the Colorado potato beetle	Frontiers in Insect Science	Neuropeptides are evolutionarily ancient signaling molecules that act through diverse G protein-coupled receptor (GPCR) pathways to coordinate essential physiological and behavioral processes in insects. Despite their broad functional importance, the specific 
10.3389/fncom.2019.00064	Recurrence Resonance” in Three-Neuron Motifs	Frontiers in Computational Neuroscience	Stochastic Resonance (SR) and Coherence Resonance (CR) are non-linear phenomena, in which an optimal amount of noise maximizes an objective function, such as the sensitivity for weak signals in SR, or the coherence of stochastic oscillations in CR. Here, we de
10.1073/pnas.0811168106	Predicting human resting-state functional connectivity from structural connectivity	Proceedings of the National Academy of S	In the cerebral cortex, the activity levels of neuronal populations are continuously fluctuating. When neuronal activity, as measured using functional MRI (fMRI), is temporally coherent across 2 populations, those populations are said to be functionally connec
10.1097/00004647-200110000-00001	An Energy Budget for Signaling in the Grey Matter of the Brain	Journal of Cerebral Blood Flow and Metab	Anatomic and physiologic data are used to analyze the energy expenditure on different components of excitatory signaling in the grey matter of rodent brain. Action potentials and postsynaptic effects of glutamate are predicted to consume much of the energy (47
10.1016/j.bpj.2017.07.029	Biophysics of Biochemical Signaling in Dendritic Spines: Implications in Synaptic Plasticity.	Biophysical Journal	Dendritic spines are mushroom-shaped postsynaptic compartments that host biochemical signal cascades important for synaptic plasticity and, ultimately, learning and memory. Signaling events in spines involve a signaling network composed of hundreds of signalin
10.1038/s41467-023-41638-3	A sign-inverted receptive field of inhibitory interneurons provides a pathway for ON-OFF interactions in the retina	Nature Communications	A fundamental organizing plan of the retina is that visual information is divided into ON and OFF streams that are processed in separate layers. This functional dichotomy originates in the ON and OFF bipolar cells, which then make excitatory glutamatergic syna
10.64898/2026.03.19.712855	Neurospheres from primary rodent brain cells to probe the 3D organization and function of synapses	bioRxiv	Abstract To improve our understanding of synapse assembly, there is a need for robust, easy-to-use, and physiologically relevant in-vitro models allowing the controllable formation of neuronal contacts in a reasonable time, whose structure and function can be 
10.1242/bio.20149183	Immediate and punitive impact of mechanosensory disturbance on olfactory behaviour of larval Drosophila	Biology Open	ABSTRACT The ability to respond to and to learn about mechanosensory disturbance is widespread among animals. Using Drosophila larvae, we describe how the frequency of mechanosensory disturbance (‘buzz’) affects three aspects of behaviour: free locomotion, inn
10.1523/jneurosci.1703-09.2009	Spatial profile and differential recruitment of GABAB modulate oscillatory activity in auditory cortex	Journal of Neuroscience	The interplay between inhibition and excitation is at the core of cortical network activity. In many cortices, including auditory cortex (ACx), interactions between excitatory and inhibitory neurons generate synchronous network gamma oscillations (30–70 Hz). H
10.1016/j.neuron.2022.01.034	Coordinating Cerebral Cortical Construction and Connectivity: Unifying Influence of Radial Progenitors	Neuron	Summary Radial progenitor development and function lay the foundation for the construction of the cerebral cortex. Radial glial scaffold, through its functions as a source of neurogenic progenitors and neuronal migration guide, is thought to provide a template
10.1016/j.isci.2026.116659	A circadian clock gene homolog regulates developmental timing and male mating circuitry in C. elegans	iScience	Summary Circadian rhythms and sleep are known regulators of neurodevelopment, yet the mechanisms by which they influence neuronal circuit formation remain unclear. In Caenorhabditis elegans, postembryonic development comprises four larval stages separated by d
10.4161/worm.24246	Ancient neuromodulation by vasopressin/oxytocin-related peptides	Worm	Neuropeptidergic signaling is widely adopted by animals for the regulation of physiology and behavior in a rapidly changing environment. The vasopressin/oxytocin neuropeptide family originates from an ancestral peptide precursor in the antecedent of protostomi
10.1093/cercor/bhab315	OUP accepted manuscript	Cerebral Cortex	Abstract Synapses “govern” the computational properties of any given network in the brain. However, their detailed quantitative morphology is still rather unknown, particularly in humans. Quantitative 3D-models of synaptic boutons (SBs) in layer (L)6a and L6b 
10.1002/1873-3468.14451	A Hitchhiker's guide through the bio‐image analysis software universe	FEBS Letters	Modern research in the life sciences is unthinkable without computational methods for extracting, quantifying and visualising information derived from microscopy imaging data of biological samples. In the past decade, we observed a dramatic increase in availab
10.1371/journal.pcbi.1003764	Dendritic Nonlinearities Reduce Network Size Requirements and Mediate ON and OFF States of Persistent Activity in a PFC Microcircuit Model	PLoS Comput. Biol.	Technological advances have unraveled the existence of small clusters of co-active neurons in the neocortex. The functional implications of these microcircuits are in large part unexplored. Using a heavily constrained biophysical model of a L5 PFC microcircuit
10.1080/01677063.2020.1789978	What About the Males? The C. elegans Sexually Dimorphic Nervous System and a CRISPR-Based Tool to Study Males in a Hermaphroditic Species	Journal of neurogenetics	Abstract Sexual dimorphism is a device that supports genetic diversity while providing selective pressure against speciation. This phenomenon is at the core of sexually reproducing organisms. Caenorhabditis elegans provides a unique experimental system where m
10.1002/glia.21249	NEURONAL ACTIVITY REGULATES GLUTAMATE TRANSPORTER DYNAMICS IN DEVELOPING ASTROCYTES	Glia	Glutamate transporters (GluTs) maintain a low ambient level of glutamate in the central nervous system (CNS) and shape the activation of glutamate receptors at synapses. Nevertheless, the mechanisms that regulate the trafficking and localization of transporter
10.7554/elife.38410	Disentangling the strings that organize behavior	eLife	The neurons that connect the brain and ventral nerve cord in fruit flies have been mapped in unprecedented detail.
10.1101/2024.04.19.590352	A recurrent neural circuit in Drosophila deblurs visual inputs	bioRxiv	A critical goal of vision is to detect changes in light intensity, even when these changes are blurred by the spatial resolution of the eye and the motion of the animal. Here we describe a recurrent neural circuit in Drosophila that compensates for blur and th
10.1016/j.neuron.2015.03.034	Closed-loop and activity-guided optogenetic control.	Neuron	Advances in optical manipulation and observation of neural activity have set the stage for widespread implementation of closed-loop and activity-guided optical control of neural circuit dynamics. Closing the loop optogenetically (i.e., basing optogenetic stimu
10.1093/pnasnexus/pgag173	Motor neurons integrate cholinergic inputs through spatial organization of diverse nicotinic receptors	PNAS Nexus	Abstract Neural circuit function depends not only on synaptic connectivity but also on the molecular composition and subcellular organization of neurotransmitter receptors. Here, we examine the expression, localization, and functional relevance of nicotinic ac
10.1016/j.neuroimage.2018.06.038	Graph theoretical modeling of baby brain networks	NeuroImage	The human brain undergoes explosive growth during the prenatal period and the first few postnatal years, establishing an early infrastructure for the later development of behaviors and cognitions. Revealing the developmental rules during the early phase is ess
10.1038/s41467-017-01755-2	Progress and challenges for understanding the function of cortical microcircuits in auditory processing	Nature Communications	An important outstanding question in auditory neuroscience is to identify the mechanisms by which specific motifs within inter-connected neural circuits affect auditory processing and, ultimately, behavior. In the auditory cortex, a combination of large-scale 
10.1016/j.neuron.2012.06.031	From functional architecture to functional connectomics	Neuron	Hubel and Wiesel‘s 1962 paper, “Receptive fields, binocular interaction and functional architecture in the cat“s visual cortex” reported several important discoveries: orientation columns, the distinct structures of simple and complex receptive fields, and bin
10.3390/cells11071077	Improved Fluorescent Proteins for Dual-Colour Post-Embedding CLEM	Cells	Post-embedding correlative light and electron microscopy (CLEM) has the advantage of high-precision registration and enables light and electron microscopy imaging of the same slice. However, its broad application has been hampered by the limited available fluo
10.1016/j.jinsphys.2013.05.011	Male control of mating duration following exposure to rivals in fruitflies	Journal of insect physiology	Graphical abstract
10.1016/j.physbeh.2026.115267	Linking Physiology to Behavioral Individuality in Drosophila melanogaster: Methods and Mechanisms.	Physiology and Behavior	Individuality refers to the consistent and unique patterns of behavior, temperament, and physiological traits that vary within the same species. Individual variations arise not only because of genetic predispositions, developmental experiences, and environment
10.1007/s11064-021-03275-4	The role of the dopamine transporter in the effects of amphetamine on sleep and sleep architecture in Drosophila	Neurochemical Research	The dopamine transporter (DAT) mediates the inactivation of released dopamine (DA) through its reuptake, and thereby plays an important homeostatic role in dopaminergic neurotransmission. Amphetamines exert their stimulant effects by targeting DAT and inducing
10.1016/j.neuron.2021.02.002	Expanding evolutionary neuroscience: insights from comparing variation in behavior.	Neuron	Neuroscientists have long studied species with convenient biological features to discover how behavior emerges from conserved molecular, neural, and circuit level processes. With the advent of new tools, from viral vectors and gene editing to automated behavio
10.1038/82910	Dendritic coincidence detection of EPSPs and action potentials	Nature Neuroscience	We describe a mechanism for coincidence detection mediated by the interaction between backpropagating action potentials and EPSPs in neocortical pyramidal neurons. At distal dendritic locations, appropriately timed EPSPs or oscillations could increase the ampl
10.1007/978-3-642-65340-7_4	The Morphological Organization of the Vertebrate Retina	Handbook of Sensory Physiology	
10.1113/jp276012	Specific synaptic input strengths determine the computational properties of excitation–inhibition integration in a sound localization circuit	Journal of Physiology	During the computation of sound localization, neurons of the lateral superior olive (LSO) integrate synaptic excitation arising from the ipsilateral ear with inhibition from the contralateral ear. We characterized the functional connectivity of the inhibitory 
10.1016/j.ydbio.2025.11.014	Optogenetic activation of primary sensory neurons induces metamorphosis in Ciona.	Developmental Biology	Metamorphosis is a key event in development that is conserved in many marine organisms. Ciona intestinalis type A induces metamorphosis through the settlement of papillae onto the substrate. The papilla consists of collocytes (CCs), primary sensory neurons (PS
10.1098/rsob.160240	NMJ-morph reveals principal components of synaptic morphology influencing structure–function relationships at the neuromuscular junction	Open Biology	The ability to form synapses is one of the fundamental properties required by the mammalian nervous system to generate network connectivity. Structural and functional diversity among synaptic populations is a key hallmark of network diversity, and yet we know 
10.1016/j.media.2023.103068	Space-feature measures on meshes for mapping spatial transcriptomics	Medical Image Anal.	Advances in the development of largely automated microscopy methods such as MERFISH for imaging cellular structures in mouse brains are providing spatial detection of micron resolution gene expression. While there has been tremendous progress made in the field
10.1523/jneurosci.1724-21.2021	Pathways for Memory, Cognition and Emotional Context: Hippocampal, Subgenual Area 25, and Amygdalar Axons Show Unique Interactions in the Primate Thal	Journal of Neuroscience	The reuniens nucleus (RE) is situated at the most ventral position of the midline thalamus. In rats and mice RE is distinguished by bidirectional connections with the hippocampus and medial prefrontal cortex (mPFC) and a role in memory and cognition. In primat
10.1038/s41586-022-04433-6	Differential mechanisms underlie trace and delay conditioning in Drosophila	Nature	Two forms of associative learning-delay conditioning and trace conditioning-have been widely investigated in humans and higher-order mammals 1 . In delay conditioning, an unconditioned stimulus (for example, an electric shock) is introduced in the final moment
10.7554/elife.20172	Genetic defects in β-spectrin and tau sensitize C. elegans axons to movement-induced damage via torque-tension coupling	eLife	Our bodies are in constant motion and so are the neurons that invade each tissue. Motion-induced neuron deformation and damage are associated with several neurodegenerative conditions. Here, we investigated the question of how the neuronal cytoskeleton protect
10.1523/jneurosci.1019-09.2009	Intact LTP but reduced connectivity between neocortical Layer 5 pyramidal neurons in a mouse model of Rett Syndrome	Journal of Neuroscience	Mutations in MECP2 cause Rett syndrome and some related forms of mental retardation and autism. Mecp2-null mice exhibit symptoms reminiscent of Rett syndrome including deficits in learning. Previous reports demonstrated impaired long-term potentiation (LTP) in
10.1073/pnas.1915446116	The network architecture of rat intrinsic interbrain (diencephalic) macroconnections	Proceedings of the National Academy of S	Significance As part of a systematic macroneuroscience project to clarify the general organizing principles of a mammalian nervous system, the architecture of the rat intrainterbrain network was examined with network analysis tools. This bilateral network disp
10.1111/jmi.70108	The ancient trading hubs of modern science: Bridging the divide between microscopists and data scientists	Journal of Microscopy	Biomedical imaging is increasingly defined by a paradox: advances in microscopy now enable the routine generation of extraordinarily rich, high‐dimensional datasets, yet the extraction of reproducible, biologically meaningful insight from those data often rema
10.1162/netn.a.533	An entropic measure of diverse specialization highlights multifunctional neurons in annotated connectomes	bioRxiv	The creation and curation of synaptic-level neuronal networks, or connectomes, enables the study of the relationship between neuronal structure and function. Topological characteristics of neuronal networks have been studied extensively. Separately, there have
10.1126/scirobotics.adx7524	Fly motion vision maximizes signal energy transfer between mechanical input and sensor output	Sci. Robotics	Insects achieve agile flight using a sensor-rich control architecture whose embodiment eliminates the need for complex computation. For example, their visual systems are tuned to detect the optic flow associated with specific self-motions, but what functional 
10.1093/bioinformatics/btaf339	SpyDen: simplifying molecular and structural analysis across spines and dendrites	Bioinform.	Abstract Motivation Investigating the molecular composition of different neural compartments such as axons, dendrites, or synapses is critical for understanding learning and memory. State-of-the-art microscopy techniques now resolve individual molecules and pi
10.1007/s00795-018-0193-z	Decreased number and increased volume with mitochondrial enlargement of cerebellar synaptic terminals in a mouse model of chronic demyelination	Medical Molecular Morphology	Impaired nerve conduction, axonal degeneration, and synaptic alterations contribute to neurological disabilities in inflammatory demyelinating diseases. Cerebellar dysfunction is associated with demyelinating disorders, but the alterations of axon terminals in
10.1038/s41586-021-03778-8	Connectomes across development reveal principles of brain maturation	Nature	An animal’s nervous system changes as its body grows from birth to adulthood and its behaviours mature1–8. The form and extent of circuit remodelling across the connectome is unknown3,9–15. Here we used serial-section electron microscopy to reconstruct the ful
10.3389/fncir.2022.886302	Advancements in the Quest to Map, Monitor, and Manipulate Neural Circuitry	Frontiers in Neural Circuits	Neural circuits and the cells that comprise them represent the functional units of the brain. Circuits relay and process sensory information, maintain homeostasis, drive behaviors, and facilitate cognitive functions such as learning and memory. Creating a func
10.1016/j.neuroimage.2015.10.051	In vivo Mapping of Macroscopic Neuronal Projections in the Mouse Hippocampus using High-resolution Diffusion MRI	NeuroImage	Recent developments in diffusion magnetic resonance imaging (MRI) make it a promising tool for non-invasive mapping of the spatial organization of axonal and dendritic networks in gray matter regions of the brain. Given the complex cellular environments, in wh
10.1016/j.conb.2012.03.011	Building Retinal Connectomes	Current Opinion in Neurobiology	Understanding vertebrate vision depends on knowing, in part, the complete network graph of at least one representative retina. Acquiring such graphs is the business of synaptic connectomics, emerging as a practical technology due to improvements in electron im
10.1098/rstb.1986.0056	The structure of the nervous system of the nematode Caenorhabditis elegans.	Philosophical transactions of the Royal 	Abstract The structure and connectivity of the nervous system of the nematode Caenorhabditis elegans has been deduced from reconstructions of electron micrographs of serial sections. The hermaphrodite nervous system has a total complement of 302 neurons, which
10.1073/pnas.2304851120	Differential second messenger signaling via dopamine neurons bidirectionally regulates memory retention	Proceedings of the National Academy of S	Significance Intracellular signaling via the second messengers plays pivotal roles in learning and memory, whose interplay must coordinately operate within a neuron to accommodate the given situation of the animals. While dopamine neurons are well known to ind
10.7554/elife.53350	The natverse, a versatile toolbox for combining and analysing neuroanatomical data	eLife	To analyse neuron data at scale, neuroscientists expend substantial effort reading documentation, installing dependencies and moving between analysis and visualisation environments. To facilitate this, we have developed a suite of interoperable open-source R p
10.1038/s41592-025-02946-2	Using comparative connectomics to understand variability and evolution in neural circuits	Nature Methods	
10.1016/j.jsb.2026.108339	The mantis shrimp eye imaged in 3D using 4th generation synchrotron multiscale phase contrast tomography.	Journal of Structural Biology	The stomatopod eye is a fascinating biological system capable of detecting both colour and polarization of light, making it a highly complex, mixed-tissue sample. In the investigation of complex biological systems, three-dimensional methods spanning multiple l
10.1073/pnas.052151299	General and variable features of varicosity spacing along unmyelinated axons in the hippocampus and cerebellum	Proceedings of the National Academy of S	Along unmyelinated central axons, synapses occur at focal swellings called axonal varicosities (boutons). The mechanisms regulating how frequently synapses and varicosities occur along axons remain poorly understood. Here, to investigate varicosity distributio
10.1016/j.neuron.2008.12.033	Motor control in a Drosophila taste circuit	Neuron	Tastes elicit innate behaviors critical for directing animals to ingest nutritious substances and reject toxic compounds, but the neural basis of these behaviors is not understood. Here, we use a neural silencing screen to identify neurons required for a simpl
10.1016/j.cub.2019.11.050	Colour Vision: Self-Centered Fly Photoreceptors Communicate over Distances.	Current Biology	A new study shows that the synaptically interconnected axon terminals of colour-sensitive fly photoreceptors that sample the same point in visual space receive additional inhibition from surrounding units; the resulting additional chromatic comparisons result 
10.1007/s12021-014-9249-y	Adaptive Image Enhancement for Tracing 3D Morphologies of Neurons and Brain Vasculatures	Neuroinformatics	It is important to digitally reconstruct the 3D morphology of neurons and brain vasculatures. A number of previous methods have been proposed to automate the reconstruction process. However, in many cases, noise and low signal contrast with respect to the imag
10.1101/2025.05.28.656524	Macroscale Connectivity in the Octopus brain		Comparative studies support the existence of functional analogies between given areas in the octopus and mammalian brains. Despite marked phylogenetic distance, the central nervous system of cephalopod mollusks is characterized by a complex network of anatomic
10.1101/2020.09.22.309021	Transsynaptic mapping of Drosophila mushroom body output neurons	bioRxiv	The Mushroom Body (MB) is a well-characterized associative memory structure within the Drosophila brain. Although previous studies have analyzed MB connectivity and provided a map of inputs and outputs, a detailed map of the downstream targets is missing. Usin
10.1101/2024.11.24.625067	Global Neuron Shape Reasoning with Point Affinity Transformers		Abstract Connectomics is a field of neuroscience that maps the brain’s intricate wiring diagram. Accurate neuron segmentation from microscopy volumes is essential for automating connectome reconstruction. However, state-of-the-art algorithms use image-based co
10.1109/tpami.2020.2980827	The Mutex Watershed and its Objective: Efficient, Parameter-Free Graph Partitioning	IEEE Transactions on Pattern Analysis an	Image partitioning, or segmentation without semantics, is the task of decomposing an image into distinct segments, or equivalently to detect closed contours. Most prior work either requires seeds, one per segment; or a threshold; or formulates the task as mult
10.1038/s41586-021-04071-4	Temporal transitions in the post-mitotic nervous system of Caenorhabditis elegans	Nature	In most animals, the majority of the nervous system is generated and assembled into neuronal circuits during embryonic development1. However, during juvenile stages, nervous systems still undergo extensive anatomical and functional changes to eventually form a
10.1016/j.patrec.2013.06.001	Synapse classification and localization in Electron Micrographs	Pattern Recognition Letters	
10.1038/nrn.2017.85	Neuronal cell-type classification: challenges, opportunities and the path forward	Nature Reviews Neuroscience	Neurons have diverse molecular, morphological, connectional and functional properties. We believe that the only realistic way to manage this complexity - and thereby pave the way for understanding the structure, function and development of brain circuits - is 
10.1016/j.cell.2013.11.036	Multilevel modulation of a sensory motor circuit during C. elegans sleep and arousal	Cell	Sleep is characterized by behavioral quiescence, homeostasis, increased arousal threshold, and rapid reversibility. Understanding how these properties are encoded by a neuronal circuit has been difficult, and no single molecular or neuronal pathway has been sh
10.1016/b978-0-12-416026-2.00017-0	Bridging microscopes: 3D correlative light and scanning electron microscopy of complex biological structures.	Methods in Cell Biology	The rationale of correlative light and electron microscopy (CLEM) is to collect data on different information levels--ideally from an identical area on the same sample--with the aim of combining datasets at different levels of resolution to achieve a more holi
10.3389/fnbeh.2022.1072571	Arc-driven mGRASP highlights CA1 to CA3 synaptic engrams	Frontiers in Behavioral Neuroscience	Subpopulations of neurons display increased activity during memory encoding and manipulating the activity of these neurons can induce artificial formation or erasure of memories. Thus, these neurons are thought to be cellular engrams. Moreover, correlated acti
10.1016/j.neuron.2019.08.004	Functional logic of layer 2/3 inhibitory connectivity in ferret visual cortex	Neuron	Summary Understanding how cortical inhibition shapes circuit function requires identifying the connectivity rules relating the response properties of inhibitory interneurons and their postsynaptic targets. Here we explore the orientation tuning of layer 2/3 in
10.1038/nn.3189	MEF2 negatively regulates learning-induced structural plasticity and memory formation	Nature Neuroscience	Memory formation is thought to be mediated by dendritic-spine growth and restructuring. Myocyte enhancer factor 2 (MEF2) restricts spine growth in vitro, suggesting that this transcription factor negatively regulates the spine remodeling necessary for memory f
10.1016/j.neuron.2011.02.057	Maturation of a Recurrent Excitatory Neocortical Circuit by Experience-Dependent Unsilencing of Newly-Formed Dendritic Spines	Neuron	SUMMARY Local recurrent excitatory circuits are ubiquitous in neocortex, yet little is known about their development or architecture. Here we introduce a quantitative technique for efficient single cell resolution circuit mapping using 2-photon (2P) glutamate 
10.1523/jneurosci.2520-11.2011	Dendritic Spine Dynamics Regulate the Long-Term Stability of Synaptic Plasticity	Journal of Neuroscience	Long-term synaptic plasticity requires postsynaptic influx of Ca2+ and is accompanied by changes in dendritic spine size. Unless Ca2+ influx mechanisms and spine volume scale proportionally, changes in spine size will modify spine Ca2+ concentrations during su
10.1017/s0952523804215048	Transmission of single photon signals through a binary synapse in the mammalian retina	Visual Neuroscience	At very low light levels the sensitivity of the visual system is determined by the efficiency with which single photons are captured, and the resulting signal transmitted from the rod photoreceptors through the retinal circuitry to the ganglion cells and on to
10.1016/j.neuron.2018.07.005	LINEAR SUMMATION OF INPUTS UNDERLIES DIRECTION SELECTIVITY IN DROSOPHILA	Neuron	SUMMARY While linear mechanisms lay the foundations of feature selectivity in many brain areas, direction selectivity in the elementary motion detector (EMD) of the fly has become a paradigm of nonlinear neuronal computation. We have bridged this divide by dem
10.22443/rms.mmc2021.197	Efficient data annotation for large-scale machine learning-based segmentations with webKnossos	Proceedings of the Microscience Microsco	
10.1371/journal.pcbi.1009196	Partial information decomposition reveals that synergistic neural integration is greater downstream of recurrent information flow in organotypic corti	PLoS Comput. Biol.	The directionality of network information flow dictates how networks process information. A central component of information processing in both biological and artificial neural networks is their ability to perform synergistic integration–a type of computation.
10.1016/j.conb.2011.09.010	Sparse and combinatorial neuron labelling.	Current Opinion in Neurobiology	Sparse, random labelling of individual cells is a key approach to study brain circuit organisation and development. An array of methods based on genetic engineering now complements older methods such as Golgi staining, facilitating analysis while providing hig
10.32469/10355/110966	The secretory-excretory system of the nematode Caenorhabditis elegans		The secretory-excretory system of C. elegans, reconstructed from serial-section electron micrographs of larvae, is composed of four cells, whose nuclei lie on the ventral side of the pharynx and adjacent intestine. (1) The first of these, the pore cell, enclos
10.1126/science.1100815	Target Cell-Dependent Normalization of Transmitter Release at Neocortical Synapses	Science	The efficacy and short-term modification of neocortical synaptic connections vary with the type of target neuron. We investigated presynaptic Ca 2+ and release probability at single synaptic contacts between pairs of neurons in layer 2/3 of the rat neocortex. 
10.1101/2021.01.22.427744	Bio-instantiated recurrent neural networks	bioRxiv	Biological neuronal networks (BNNs) are a source of inspiration and analogy making for researchers that focus on artificial neuronal networks (ANNs). Moreover, neuroscientists increasingly use ANNs as a model for the brain. Despite certain similarities between
10.1016/j.cois.2017.09.011	Learning from connectomics on the fly.	Current Opinion in Insect Science	Parallels between invertebrates and vertebrates in nervous system development, organisation and circuits are powerful reasons to use insects to study the mechanistic basis of behaviour. The last few years have seen the generation in Drosophila melanogaster of 
10.1038/s41593-021-00914-5	Mouse visual cortex areas represent perceptual and semantic features of learned visual categories	Nature Neuroscience	Associative memories are stored in distributed networks extending across multiple brain regions. However, it is unclear to what extent sensory cortical areas are part of these networks. Using a paradigm for visual category learning in mice, we investigated whe
10.1016/j.neuron.2013.09.034	A PDF/NPF neuropeptide signaling circuitry of male Drosophila melanogaster controls rival-induced prolonged mating	Neuron	SUMMARY A primary function of males for many species involves mating with females for reproduction. Drosophila melanogaster males respond to the presence of other males by prolonging mating duration to increase the chance of passing on their genes. To understa
10.1155/2012/795291	Development of a Scheme and Tools to Construct a Standard Moth Brain for Neural Network Simulations	Computational Intelligence and Neuroscie	Understanding the neural mechanisms for sensing environmental information and controlling behavior in natural environments is a principal aim in neuroscience. One approach towards this goal is rebuilding neural systems by simulation. Despite their relatively s
10.1016/j.neuron.2016.09.037	A LRRK2-Dependent EndophilinA Phosphoswitch Is Critical for Macroautophagy at Presynaptic Terminals.	Neuron	Synapses are often far from the soma and independently cope with proteopathic stress induced by intense neuronal activity. However, how presynaptic compartments turn over proteins is poorly understood. We show that the synapse-enriched protein EndophilinA, thu
10.3389/fnins.2026.1750211	Sleep regulation in Drosophila: a review of neural circuits and genetics	Frontiers in Neuroscience	Sleep in Drosophila melanogaster is regulated by a complex and distributed network of neural circuits that are influenced by factors such as internal state, circadian timing, and prior experiences. While no single “sleep center” has been identified, key brain 
10.1017/s1431927614012999	Positional Correlative Anatomy of Invertebrate Model Organisms Increases Efficiency of TEM Data Production	Microscopy and Microanalysis	Abstract Transmission electron microscopy (TEM) is an important tool for studies in cell biology, and is essential to address research questions from bacteria to animals. Recent technological innovations have advanced the entire field of TEM, yet classical tec
10.1523/jneurosci.3192-10.2010	Synaptic estrogen receptor-alpha levels in prefrontal cortex in female rhesus monkeys and their correlation with cognitive performance	Journal of Neuroscience	In rat hippocampus, estrogen receptor-α (ER-α) can initiate nongenomic signaling mechanisms that modulate synaptic plasticity in response to either circulating or locally synthesized estradiol (E). Here we report quantitative electron microscopic data demonstr
10.1103/kjx5-1hwy	Phase transitions in in vivo or in vitro populations of spiking neurons belong to different universality classes	PRX Life	The “critical brain hypothesis” posits that neural circuitry may be tuned close to a “critical point” or “phase transition”—a boundary between different operating regimes of the circuit. The renormalization group and theory of critical phenomena explain how sy
10.1038/nrn988	Role of neurotrophins in central synapse formation and stabilization	Nature Reviews Neuroscience	
10.1038/s41586-024-08255-6	Social state alters vision using three circuit mechanisms in Drosophila	Nature	Animals are often bombarded with visual information and must prioritize specific visual features based on their current needs. The neuronal circuits that detect and relay visual features have been well studied1, 2, 3, 4, 5, 6, 7–8. Much less is known about how
10.3389/fncel.2018.00011	Internal State Dependent Odor Processing and Perception—The Role of Neuromodulation in the Fly Olfactory System	Frontiers in Cellular Neuroscience	Animals rely heavily on their sense of olfaction to perform various vital interactions with an ever-in-flux environment. The turbulent and combinatorial nature of air-borne odorant cues demands the employment of various coding strategies, which allow the anima
10.1523/eneuro.0447-24.2025	Neuronal Activity Regulating the Dauer Entry Decision in Caenorhabditis elegans	eNeuro	The life cycle of the model nematode Caenorhabditis elegans involves a choice between two alternative developmental trajectories. Hermaphroditic larvae can either become reproductive adults or, under conditions of crowding or low food availability, enter a lon
10.1016/0278-4327(86)90010-6	Chapter 7 Comparative studies on horizontal cells and a note on microglial cells	Progress in Retinal Research	
10.31887/dcns.2018.20.2/gcollin	Connectome development and a novel extension to the neurodevelopmental model of schizophrenia	Dialogues in Clinical Neuroscience	The brain is the ultimate adaptive system, a complex network organized across multiple levels of spatial and temporal resolution that is sculpted over several decades via its interactions with the environment. This review sets out to examine how fundamental bi
10.1101/2023.08.07.552264	Assemblies, synapse clustering, and network topology interact with plasticity to explain structure-function relationships of the cortical connectome	bioRxiv	Synaptic plasticity underlies the brain’s ability to learn and adapt. While experiments in brain slices have revealed mechanisms and protocols for the induction of plasticity between pairs of neurons, how these synaptic changes are coordinated in biological ne
10.1371/journal.pcbi.1008673	Efficient and robust coding in heterogeneous recurrent networks	bioRxiv	Cortical networks show a large heterogeneity of neuronal properties. However, traditional coding models have focused on homogeneous populations of excitatory and inhibitory neurons. Here, we analytically derive a class of recurrent networks of spiking neurons 
10.1093/bioinformatics/btw172	2dSpAn: semiautomated 2-d segmentation, classification and analysis of hippocampal dendritic spine plasticity	Bioinform.	Abstract Motivation: Accurate and effective dendritic spine segmentation from the dendrites remains as a challenge for current neuroimaging research community. In this article, we present a new method (2dSpAn) for 2-d segmentation, classification and analysis 
10.1038/nmeth.3400	Correlated light and electron microscopy: ultrastructure lights up!	Nature Methods	Microscopy has gone hand in hand with the study of living systems since van Leeuwenhoek observed living microorganisms and cells in 1674 using his light microscope. A spectrum of dyes and probes now enable the localization of molecules of interest within livin
10.4161/cam.25521	The                     <i>Drosophila</i>                     visual system	Cell Adhesion &amp; Migration	A compact genome and a tiny brain make Drosophila the prime model to understand the neural substrate of behavior. The neurogenetic efforts to reveal neural circuits underlying Drosophila vision started about half a century ago, and now the field is booming wit
10.1002/(sici)1096-9861(19980803)397:3<326::aid-cne2>3.0.co;2-4	Immunocytochemical localization of the synapse‐associated protein SAP102 in the rat retina	The Journal of comparative neurology	An elaborate network of transmitter receptors, synapse associated proteins (SAPs), and cytoskeletal elements, generally known as the postsynaptic density, is involved with efficient synaptic signaling. The localization of the synapse associated protein SAP102 
10.1016/j.xpro.2021.100470	Quantifying molecular aggregation by super resolution microscopy within an excitatory synapse from mouse hippocampal neurons	STAR Protocols	Summary Super-resolution microscopy (SRM) has been widely adopted to probe molecular distribution at excitatory synapses. We present an SRM paradigm to evaluate the nanoscale organization heterogeneity between neuronal subcompartments. Using mouse hippocampal 
10.3389/fncom.2018.00109	Balanced Active Core in Heterogeneous Neuronal Networks	Frontiers in Computational Neuroscience	It is hypothesized that cortical neuronal circuits operate in a global balanced state, i.e., the majority of neurons fire irregularly by receiving balanced inputs of excitation and inhibition. Meanwhile, it has been observed in experiments that sensory informa
10.1523/eneuro.0053-22.2022	Identifying Inputs to Visual Projection Neurons in Drosophila Lobula by Analyzing Connectomic Data	eNeuro	Visual Abstract Electron microscopy (EM)-based connectomes provide important insights into how visual circuitry of fruit fly Drosophila computes various visual features, guiding and complementing behavioral and physiological studies. However, connectomic analy
10.3389/fphys.2021.716556	Long-Term Desynchronization by Coordinated Reset Stimulation in a Neural Network Model With Synaptic and Structural Plasticity	Frontiers in Physiology	Several brain disorders are characterized by abnormal neuronal synchronization. To specifically counteract abnormal neuronal synchrony and, hence, related symptoms, coordinated reset (CR) stimulation was computationally developed. In principle, successive epoc
10.7554/elife.15275	Mitochondrial support of persistent presynaptic vesicle mobilization with age-dependent synaptic growth after LTP	eLife	Mitochondria support synaptic transmission through production of ATP, sequestration of calcium, synthesis of glutamate, and other vital functions. Surprisingly, less than 50% of hippocampal CA1 presynaptic boutons contain mitochondria, raising the question of 
10.3389/fncel.2018.00086	Synaptic Spinules in the Olfactory Circuit of Drosophila melanogaster	Frontiers in Cellular Neuroscience	Here we report on ultrastructural features of brain synapses in the fly Drosophila melanogaster and outline a perspective for the study of their functional significance. Images taken with the aid of focused ion beam-scanning electron microscopy (EM) at 20 nm i
10.1111/jnc.12087	Morphological plasticity of rodent astroglia	Journal of Neurochemistry	Abstract In the past two decades, there has been an explosion of research on the role of neuroglial interactions in the control of brain homeostasis in both physiological and pathological conditions. Astrocytes, a subtype of glia in the central nervous system,
10.1016/j.neuron.2016.10.030	Neural architecture of hunger-dependent multisensory decision making in C. elegans	Neuron	SUMMARY Little is known about how animals integrate multiple sensory inputs in natural environments to balance avoidance of danger with approach to things of value. Furthermore, the mechanistic link between internal physiological state and threat-reward decisi
10.1101/2025.09.25.678547	Brain-wide representational drift: memory consolidation and entropic force	bioRxiv	Memory engrams change on the microscopic level with time and experience as the neurons that compose them switch in a process termed representational drift. On the macroscopic level the engrams are not static either: numbers of engram neurons in different brain
10.1038/s44319-025-00608-0	Insulin and epidermal signals independently shape sexually dimorphic neurite branching in C. elegans	EMBO Reports	Sexual dimorphism in neural wiring and behavior arises from both intrinsic genetic programs and environmental cues, yet how these factors interact to shape neuronal morphogenesis remains unclear. Here, we investigate sexually dimorphic collateral branching in 
10.1016/j.celrep.2026.117159	Cellular and subcellular specialization enables biology-constrained deep learning	Cell Reports	SUMMARY Learning depends on changes in neuronal synaptic strengths. While cellular mechanisms of plasticity have been extensively studied experimentally, our understanding of how plasticity is organized across neural populations comes largely from training art
10.1038/s41586-023-06542-2	A cross-species proteomic map reveals neoteny of human synapse development	bioRxiv	A study presents a cross-species proteomic map of synapse development in neocortex and reveals that the human postsynaptic density assembly develops two to three times slower than that in macaques and mice. The molecular mechanisms and evolutionary changes acc
10.1186/s13227-017-0074-x	Evolutionary loss of melanogenesis in the tunicate Molgula occulta	EvoDevo	Analyzing close species with diverse developmental modes is instrumental for investigating the evolutionary significance of physiological, anatomical and behavioral features at a molecular level. Many examples of trait loss are known in metazoan populations li
10.1080/19490976.2025.2551879	Early-life gut microbiome maturity regulates blood–brain barrier and cognitive development	Gut microbes	ABSTRACT The gut microbiome is an emerging factor in the neurobiology of disease. Blood–brain barrier (BBB) integrity is essential for proper brain function. However, the role the initial microbiome plays in BBB and brain development is unclear. In this study,
10.1007/s00441-017-2642-8	Maximized complexity in miniaturized brains: morphology and distribution of octopaminergic, dopaminergic and serotonergic neurons in the parasitic was	Cell and Tissue Research	The parasitic wasp, Trichogramma evanescens, is an extremely small insect, with a body length as small as 0.3 mm. To facilitate this miniaturization, their brains may have evolved to contain smaller neural components and/or reduced neural complexity than large
10.7554/elife.05580	A big picture of a small brain	eLife	A detailed map of the neurons that carry information away from the mushroom bodies in the brains of fruit flies has improved our understanding of the ways in which experiences can modify behaviour.
10.1016/j.neuron.2018.10.032	Cracking the function of layers in the sensory cortex	Neuron	Summary: Understanding how cortical activity generates sensory perceptions requires a detailed dissection of the function of cortical layers. Despite our relatively extensive knowledge of their anatomy and wiring, we have a limited grasp for what each layer co
10.1073/pnas.98.4.1924	Disfacilitation and active inhibition in the neocortex during the natural sleep-wake cycle: an intracellular study.	Proceedings of the National Academy of S	Earlier extracellular recordings during natural sleep have shown that, during slow-wave sleep (SWS), neocortical neurons display long-lasting periods of silence, whereas they are tonically active and discharge at higher rates during waking and sleep with rapid
10.1016/j.crmeth.2022.100268	All-optical inter-layers functional connectivity investigation in the mouse retina	Cell Reports Methods	Summary We developed a multi-unit microscope for all-optical inter-layers circuits interrogation. The system performs two-photon (2P) functional imaging and 2P multiplexed holographic optogenetics at axially distinct planes. We demonstrated the capability of t
10.1007/s00429-018-1750-x	Whole Mouse Brain Structural Connectomics using Magnetic Resonance Histology	Brain Structure and Function	Diffusion tensor histology holds great promise for quantitative characterization of structural connectivity in mouse models of neurological and psychiatric conditions. There has been extensive study in both the clinical and preclinical domains on the complex t
10.1016/j.isci.2026.116104	Embodied postural dynamics underlie behavioral diversity in a benthic sessile chordate	iScience	Summary Sessile benthic animals are thought to have limited behavioral repertoires due to immobility and simple nervous systems. Here, we characterize the spontaneous and stimulus-evoked behaviors of adult Ciona intestinalis, a basal chordate with a sessile ad
10.3389/fphys.2022.866807	Categorizing Visual Information in Subpopulations of Honeybee Mushroom Body Output Neurons	Frontiers in Physiology	Multisensory integration plays a central role in perception, as all behaviors usually require the input of different sensory signals. For instance, for a foraging honeybee the association of a food source includes the combination of olfactory and visual cues t
10.48550/arxiv.2511.05542	ConnectomeBench: Can LLMs Proofread the Connectome?	Neural Information Processing Systems	Connectomics - the mapping of neural connections in an organism's brain - currently requires extraordinary human effort to proofread the data collected from imaging and machine-learning assisted segmentation. With the growing excitement around using AI agents 
10.1167/8.8.11	Topological analysis of population activity in visual cortex.	Journal of Vision	Information in the cortex is thought to be represented by the joint activity of neurons. Here we describe how fundamental questions about neural representation can be cast in terms of the topological structure of population activity. A new method, based on the
10.1101/841106	Motor circuit function is stabilized during postembryonic growth by anterograde trans-synaptic Jelly Belly - Anaplastic Lymphoma Kinase signaling	bioRxiv	The brain adapts to a changing environment or growing body size by structural growth and synaptic plasticity. Mechanisms studied to date promote synaptic growth between partner neurons, while negative counterparts that inhibit such interactions have so far rem
10.1016/j.neuron.2024.04.036	A neural circuit architecture for rapid learning in goal-directed navigation.	Neuron	Anchoring goals to spatial representations enables flexible navigation but is challenging in novel environments when both representations must be acquired simultaneously. We propose a framework for how Drosophila uses internal representations of head direction
10.1101/2025.05.02.651904	Distinct evolutionary trajectories of two integration centres, the central complex and mushroom bodies, across Heliconiini butterflies		Abstract Neural circuits have evolved to produce cognitive processes that facilitate a species’ variable behavioural repertoire. Underlying this variation are evolutionary forces, such as selection, that operate on changes to circuitry against a background of 
10.1016/j.neuroimage.2021.118692	The diversity and specificity of functional connectivity across spatial and temporal scales	NeuroImage	Macroscopic neuroimaging modalities in humans have revealed the organization of brain-wide activity into distributed functional networks that re-organize according to behavioral demands. However, the inherent coarse-graining of macroscopic measurements conceal
10.48550/arxiv.2401.15630	<NO TITLE>		As more connectome data become available, the question of how to best analyse the structure of biological neural networks becomes increasingly pertinent. In brain networks, knowing that two areas are connected is often not sufficient, as the directionality and
10.1038/s41586-020-2879-3	Neuronal diversity and convergence in a visual system developmental atlas	Nature	Deciphering how neuronal diversity is established and maintained requires a detailed knowledge of neuronal gene expression throughout development. In contrast to mammalian brains1,2, the large neuronal diversity of the Drosophila optic lobe3 and its connectome
10.7554/elife.85442	Cell type-specific connectome predicts distributed working memory activity in the mouse brain	eLife	Recent advances in connectomics and neurophysiology make it possible to probe whole-brain mechanisms of cognition and behavior. We developed a large-scale model of the multiregional mouse brain for a cardinal cognitive function called working memory, the brain
10.1038/s41593-024-01857-3	The developmental emergence of reliable cortical representations	Nature Neuroscience	The fundamental structure of cortical networks arises early in development before the onset of sensory experience. However, how endogenously generated networks respond to the onset of sensory experience and how they form mature sensory representations with exp
10.1109/prmvai70103.2026.11605680	Beyond Feedforward: Unveiling a Recurrent Core and Super-Hubs in the Drosophila Connectome	2026 IEEE International Conference on Pa	Understanding the information flow mechanisms within the Drosophila brain is a central challenge in neuroscience. While large-scale connectome datasets are available, systematic analyses linking macroscopic network topology to microscopic functional hubs remai
10.1016/j.neulet.2013.02.016	Odorant-induced membrane potential depolarization of AIY interneuron in Caenorhabditis elegans.	Neuroscience Letters	Although some interneurons in C. elegans have been shown to have unusual region-specific Ca(2+) dynamics, the region-specific Ca(2+) and membrane potential response properties of these neurons are largely unknown due to technical limitations. In this report, w
10.1101/2020.10.14.338897	Development of natural scene representation in primary visual cortex requires early postnatal experience	bioRxiv	The development of the visual system is known to be shaped by early-life experience. To identify response properties that contribute to enhanced natural scene representation, we performed calcium imaging of excitatory neurons in the primary visual cortex (V1) 
10.1073/pnas.0606636104	The optimal height of the synaptic cleft	Proceedings of the National Academy of S	Signal integration in the brain is determined by the size and kinetics of rapid synaptic responses. The latter, in turn, depends on the concentration profile of neurotransmitter in the synaptic cleft. According to a traditional view, narrower clefts should cor
10.15252/embj.2020105763	Transneuronal Dpr12/DIP‐δ interactions facilitate compartmentalized dopaminergic innervation of Drosophila mushroom body axons	EMBO Journal	The mechanisms controlling wiring of neuronal networks are not completely understood. The stereotypic architecture of the Drosophila mushroom body (MB) offers a unique system to study circuit assembly. The adult medial MB γ‐lobe is comprised of a long bundle o
10.1016/j.crmeth.2025.101142	Ultrastructural analysis of synapses after induction of spike-timing-dependent plasticity	bioRxiv	Repeated sequential activation of connected neurons causes lasting changes in synaptic strength, a process known as spike-timing-dependent plasticity (STDP). Recently, sequential spike patterns have been induced without electrodes, using two spectrally separat
10.1016/j.neuroscience.2007.08.006	Quantitative ultrastructural differences between local and medial septal GABAergic axon terminals in the rat hippocampus.	Neuroscience	Functionally distinct subsets of hippocampal inhibitory neurons exhibit large differences in the frequency, pattern and short-term plasticity of GABA release from their terminals. Heterogeneity is also evident in the ultrastructural features of GABAergic axon 
10.21500/20112084.6487	The Conscious Nematode: Exploring Hallmarks of Minimal Phenomenal Consciousness in Caenorhabditis Elegans	International Journal of Psychological R	Abstract. While subcellular components of cognition and aﬀectivity that involve the interaction between experience, environment, and physiology -such as learning, trauma, or emotion- are being identiﬁed, the physical mechanisms of phenomenal consciousness rema
10.1016/j.bbadis.2013.08.012	Structural plasticity of dendritic spines: the underlying mechanisms and its dysregulation in brain disorders.	Biochimica et Biophysica Acta	Dendritic spines are specialized structures on neuronal processes where the majority of excitatory synapses are localized. Spines are highly dynamic, and their stabilization and morphology are influenced by synaptic activity. This extrinsic regulation of spine
10.1016/j.tins.2024.11.007	Understanding GABAergic synapse diversity and its implications for GABAergic pharmacotherapy.	Trends in Neurosciences	Despite the substantial contribution of disruptions in GABAergic inhibitory neurotransmission to the etiology of psychiatric, neurodevelopmental, and neurodegenerative disorders, surprisingly few drugs targeting the GABAergic system are currently available, pa
10.3902/jnns.30.56	狂犬病ウイルストレーシングを用いたマルチスケール神経回路解析	The Brain &amp; Neural Networks	脳には膨大な数のニューロンが存在し，それらがシナプスを介して複雑に絡み合うことで神経回路システムを構築している．この神経回路で行われる情報処理が様々な脳機能の基盤となっていることから，神経回路の構造・機能をそれを構成する多様な神経細胞種と関連づけて理解することが脳の仕組みの理解へ繋がると考えられる．我々は神経回路を解析する手法として，経シナプス感染能を有する狂犬病ウイルスベクターを用いた神経回路標識法を開発してきた．近年では，分子生物学，光学，行動心理学，情報学などと組み合わせることにより，分子・細胞・回路・領域・
10.1016/j.jtbi.2025.112104	Interrelating Neuronal Morphology by Coincidence Similarity Networks.	Journal of Theoretical Biology	The study of neuronal morphology presents potential not only for identifying possible relationship with neuronal dynamics, but also as a means to characterize and classify types of neuronal cells and compare them among species, organs, and conditions. In the p
10.1016/j.celrep.2023.113268	Topology recapitulates morphogenesis of neuronal dendrites	Cell Reports	SUMMARY Branching allows neurons to make synaptic contacts with large numbers of other neurons, facilitating the high connectivity of nervous systems. Neuronal arbors have geometric properties such as branch lengths and diameters that are optimal in that they 
10.1016/j.neunet.2025.107688	A connectomics-driven analysis reveals novel characterization of border regions in mouse visual cortex	Neural Networks	Leveraging retinotopic maps to parcellate the visual cortex into its respective sub-regions has long been a canonical approach to characterizing the functional organization of visual areas in the mouse brain. However, with the advent of extensive connectomics 
10.1002/cne.902890205	Ontogeny of catecholaminergic and cholinergic cell distributions in the cat's retina	The Journal of comparative neurology	Abstract The development of catecholaminergic and cholinergic neurones in the cat's retina has been examined with antibodies against their respective ratelimiting enzymes, tyrosine hydroxylase (TH) and choline acetyl transferase (ChAT). ChAT‐immunoreactive (IR
10.1101/2020.02.16.951368	Roles of the ClC chloride channel CLH-1 in food-associated salt chemotaxis behavior of C. elegans	bioRxiv	The ability of animals to process dynamic sensory information facilitates foraging in an ever changing environment. However, molecular and neural mechanisms underlying such ability remain elusive. The ClC anion channels/transporters play a pivotal role in cell
10.3389/neuro.04.006.2010	Membrane Targeted Horseradish Peroxidase as a Marker for Correlative Fluorescence and Electron Microscopy Studies	Front. Neural Circuits	Synaptic dynamics and reorganization are fundamental features of synaptic plasticity both during synaptic circuit development and in the mature CNS underlying learning, memory, and experience-dependent circuit rearrangements. Combining in vivo time-lapse fluor
10.3389/fnins.2024.1393165	Regulated exocytosis from astrocytes: a matter of vesicles?	Frontiers in Neuroscience	Ultrastructural evidence using EMTo date, the best way to study cellular ultrastructure from a morphological level, is by far Electron Microscopy (EM).In fact, by increasing resolution limit by a factor of two compared to fluorescence microscopy, it is the onl
10.1016/j.cub.2014.10.045	Effects of locomotion extend throughout the mouse early visual system.	Current Biology	Background Neural responses in visual cortex depend not only on sensory input but also on behavioral context. One such context is locomotion, which modulates single-neuron activity in primary visual cortex (V1). How locomotion affects neuronal populations acro
10.1371/journal.pcbi.1008268	Tuning network dynamics from criticality to an asynchronous state	PLoS Comput. Biol.	According to many experimental observations, neurons in cerebral cortex tend to operate in an asynchronous regime, firing independently of each other. In contrast, many other experimental observations reveal cortical population firing dynamics that are relativ
10.1523/jneurosci.0303-18.2018	Quantitative Association of Anatomical and Functional Classes of Olfactory Bulb Neurons	Journal of Neuroscience	Juxtaglomerular cells (JGCs) of the olfactory bulb (OB) glomerular layer (GL) play a fundamental role in olfactory information processing. Their variability in morphology, physiology, and connectivity suggests distinct functions. The quantitative understanding
10.1002/nbm.5087	The effects of axonal beading and undulation on axonal diameter estimation from diffusion MRI: Insights from simulations in human axons segmented from	NMR in Biomedicine	The increasing availability of high‐performance gradient systems in human MRI scanners has generated great interest in diffusion microstructural imaging applications such as axonal diameter mapping. Practically, sensitivity to axon diameter in diffusion MRI is
10.1007/s10059-013-0246-z	Primary Cilia and Dendritic Spines: Different but Similar Signaling Compartments	Molecules and Cells	Primary non-motile cilia and dendritic spines are cellular compartments that are specialized to sense and transduce environmental cues and presynaptic signals, respectively. Despite their unique cellular roles, both compartments exhibit remarkable parallels in
10.1016/j.neuron.2020.05.004	Temporal association cortex plays a key role in auditory-driven maternal plasticity	Neuron	Summary Mother-infant bonding develops rapidly following parturition and is accompanied by changes in sensory perception and behavior. Here, we studied how ultrasonic vocalizations (USVs) are represented in the brain of mothers. Using a mouse line that allows 
10.1007/s00424-026-03176-x	DuBois-Reymond prize lecture 2024: Multi-neuron patch-clamp to uncover the neuronal and synaptic physiology in the human neocortex	Pflügers Archiv: European Journal of Phy	The physiology of neurons and synapses determines how networks in the brain process information. While these properties are well described in rodents, they are less well established for the human brain. Increasing availability of surgically resected human brai
10.1016/j.cell.2022.07.013	Sustained deep-tissue voltage recording using a fast indicator evolved for two-photon microscopy	Cell	SUMMARY Genetically encoded voltage indicators are emerging tools for monitoring voltage dynamics with cell-type specificity. However, current indicators enable a narrow range of applications due to poor performance under two-photon microscopy, a method of cho
10.1109/ieeeconf44664.2019.9048673	Transfer Learning Analysis of Image Processing Workflows for Electron Microscopy Datasets	Asilomar Conference on Signals, Systems 	Neuroscientists are collecting Electron Microscopy (EM) datasets at increasingly faster rates. This modality offers an unprecedented map of brain structure at the resolution of individual neurons and their synaptic connections. Despite sophisticated image proc
10.3389/fnins.2015.00406	Brain-specific transcriptional regulator T-brain-1 controls brain wiring and neuronal activity in autism spectrum disorders	Frontiers in Neuroscience	T-brain-1 (TBR1) is a brain-specific T-box transcription factor. In 1995, Tbr1 was first identified from a subtractive hybridization that compared mouse embryonic and adult telencephalons. Previous studies of Tbr1−∕− mice have indicated critical roles for TBR1
10.1023/a:1024134312173	Cortical area and species differences in dendritic spine morphology	Journal of Neurocytology	Dendritic spines receive most excitatory inputs in the neocortex and are morphologically very diverse. Recent evidence has demonstrated linear relationships between the size and length of dendritic spines and important features of its synaptic junction and tim
10.1101/2025.10.29.685101	Cross-species connectome comparisons reveal the network attributes of memory capacity and time series prediction	bioRxiv	The brain’s connectome provides a powerful blueprint for designing efficient neural networks, yet the impact of incorporating its intricate, non-random architecture into machine learning models remains underexplored. Here, we integrate empirical structural con
10.1016/j.cub.2018.11.070	Extended Flight Bouts Require Disinhibition from GABAergic Mushroom Body Neurons.	Current Biology	Insect flight is a complex behavior that requires the integration of multiple sensory inputs with flight motor output. Although previous genetic studies identified central brain monoaminergic neurons that modulate Drosophila flight, neuro-modulatory circuits u
10.1111/dgd.12801	The TRP channel PKD2 is involved in sensing the mechanical stimulus of adhesion for initiating metamorphosis in the chordate Ciona	Development, Growth and Differentiation	Metamorphosis is the dramatic and irreversible reconstruction of animal bodies transitioning from the larval stage. Because of the significant impact of metamorphosis on animal life, its timing is strictly regulated. Invertebrate chordate ascidians are the clo
10.1016/j.conb.2014.01.017	Dynamical models of cortical circuits.	Current Opinion in Neurobiology	Cortical neurons operate within recurrent neuronal circuits. Dissecting their operation is key to understanding information processing in the cortex and requires transparent and adequate dynamical models of circuit function. Convergent evidence from experiment
10.1007/s10162-024-00957-y	Electron Microscopic Mapping of Mitochondrial Morphology in the Cochlear Nerve Fibers	Journal of the Association for Research 	To enable nervous system function, neurons are powered in a use-dependent manner by mitochondria undergoing morphological-functional adaptation. In a well-studied model system-the mammalian cochlea, auditory nerve fibers (ANFs) display distinct electrophysiolo
10.1016/j.celrep.2021.109177	Glutamate signaling from a single sensory neuron mediates experience-dependent bidirectional behavior in Caenorhabditis elegans.	Cell Reports	Orientation and navigation behaviors of animals are modulated by past experiences. However, little is known about the mechanisms by which sensory inputs are translated into multi-directional orientation behaviors in an experience-dependent manner. Here, we rep
10.1016/j.cell.2023.06.009	Single-cell spatial transcriptome reveals cell-type organization in the macaque cortex.	Cell	Elucidating the cellular organization of the cerebral cortex is critical for understanding brain structure and function. Using large-scale single-nucleus RNA sequencing and spatial transcriptomic analysis of 143 macaque cortical regions, we obtained a comprehe
10.7554/elife.85202	Global change in brain state during spontaneous and forced walk in Drosophila is composed of combined activity patterns of different neuron classes	eLife	Movement-correlated brain activity has been found across species and brain regions. Here, we used fast whole brain lightfield imaging in adult Drosophila to investigate the relationship between walk and brain-wide neuronal activity. We observed a global change
10.1523/jneurosci.6194-11.2012	Synaptic Transfer from Outer Hair Cells to Type II Afferent Fibers in the Rat Cochlea	Journal of Neuroscience	Type II cochlear afferents receive glutamatergic synaptic excitation from outer hair cells (OHCs) in the rat cochlea. However, it remains uncertain whether this connection is capable of providing auditory information to the brain. The functional efficacy of th
10.1016/b978-0-12-809324-5.21030-4	Localization of a Memory Trace: Aversive Associative Olfactory Learning and Short-Term Memory in Drosophila	Learning and Memory: A Comprehensive Ref	
10.3389/fnana.2014.00129	Generation of dense statistical connectomes from sparse morphological data	Frontiers in Neuroanatomy	Sensory-evoked signal flow, at cellular and network levels, is primarily determined by the synaptic wiring of the underlying neuronal circuitry. Measurements of synaptic innervation, connection probabilities and subcellular organization of synaptic inputs are 
10.1371/journal.pcbi.1002891	Discriminating External and Internal Causes for Heading Changes in Freely Flying Drosophila	PLoS Comput. Biol.	As animals move through the world in search of resources, they change course in reaction to both external sensory cues and internally-generated programs. Elucidating the functional logic of complex search algorithms is challenging because the observable action
10.1126/science.959847	Structural basis for ON-and OFF-center responses in retinal ganglion cells.	Science	The inner plexiform layer of the mammalian retina has a bisublaminar organization determined by restricted branching of the terminals of cone bipolar cells and dendrites of class I (large) and class II (small) ganglion cells. Comparison of dendritic field diam
10.1073/pnas.1411087111	Ultrafast tissue staining with chemical tags	Proceedings of the National Academy of S	Significance Cellular and subcellular structures in thick biological samples typically are visualized either by genetically encoded fluorescent proteins or by antibody staining against proteins of interest. However, both approaches have drawbacks. Fluorescent 
10.1093/cercor/bhs268	Functional relevance of micromodules in the human association cortex delineated with high-resolution FMRI.	Cerebral Cortex	Recent advancement of resting-state functional connectivity magnetic resonance imaging (MRI) has provided a method for drawing boundaries of brain areas. However, it remains to be elucidated how the parcellated areas in the association cortex relate to the spa
10.1111/jmi.12865	Quantitative method for estimating stain density in electron microscopy of conventionally prepared biological specimens	bioRxiv	Stain density is an important parameter for optimizing the quality of ultrastructural data obtained from several types of 3D electron microscopy techniques, including serial block-face electron microscopy (SBEM), and focused ion beam scanning electron microsco
10.1016/j.celrep.2019.12.018	Neurochemical Organization of the Drosophila Brain Visualized by Endogenously Tagged Neurotransmitter Receptors.	Cell Reports	Neurotransmitters often have multiple receptors that induce distinct responses in receiving cells. Expression and localization of neurotransmitter receptors in individual neurons are therefore critical for understanding the operation of neural circuits. Here w
10.1016/j.neuron.2017.02.048	A Spotlight on Bridging Microscale and Macroscale Human Brain Architecture.	Neuron	We place a spotlight on the emerging trend of jointly studying the micro- and macroscale organization of nervous systems. We discuss the pioneering studies of Ding et al. (2016) and Glasser et al. (2016) in the context of growing efforts to combine and integra
10.1016/j.neuron.2023.09.043	The neuropeptidergic connectome of C. elegans	bioRxiv	Efforts are currently ongoing to map synaptic wiring diagrams or connectomes in order to understand the neural basis of brain function. However, chemical synapses represent only one type of functionally important neuronal connection; in particular, extrasynapt
10.1111/jmi.12127	Focused ion beam scanning electron microscopy in biology	Journal of Microscopy	Summary Since the end of the last millennium, the focused ion beam scanning electron microscopy (FIB‐SEM) has progressively found use in biological research. This instrument is a scanning electron microscope (SEM) with an attached gallium ion column and the 2 
10.1113/jphysiol.2004.060962	Synaptic dynamics control the timing of neuronal excitation in the activated neocortical microcircuit	Journal of Physiology	It is well established that sensory stimulation results in the activity of multiple functional columns in the neocortex. The manner in which neurones within each column are active in relation to each other is, however, not known. Multiple whole‐cell recordings
10.3389/fnana.2015.00100	Knowing a synapse when you see one	Frontiers in Neuroanatomy	Recent years have seen a rapidly growing recognition of the complexity and diversity of the myriad individual synaptic connections that define brain synaptic networks. It has also become increasingly apparent that the synapses themselves are a major key to und
10.1016/j.celrep.2025.115593	Functional dissection of a neuronal brain circuit mediating higher-order associative learning.	Cell Reports	A central feature characterizing the neural architecture of many species' brains is their capacity to form associative chains through learning. In elementary forms of associative learning, stimuli coinciding with reward or punishment become attractive or repul
10.1038/s41598-019-47190-9	Bifurcation analysis of the dynamics of interacting subnetworks of a spiking network	Scientific Reports	We analyze the collective dynamics of hierarchically structured networks of densely connected spiking neurons. These networks of sub-networks may represent interactions between cell assemblies or different nuclei in the brain. The dynamical activity pattern th
10.1016/s0896-6273(00)81068-5	Modulation of GABAergic signaling among interneurons by metabotropic glutamate receptors.	Neuron	Synapses between hippocampal interneurons are an important potential target for modulatory influences that could affect overall network behavior. We report that the selective group III metabotropic receptor agonist L(+)-2-amino-4-phosphonobutyric acid (L-AP4) 
10.1101/gad.317669.118	Regulatory cocktail for dopaminergic neurons in a protovertebrate identified by whole-embryo single-cell transcriptomics	Genes & Development	In this study, Horie et al. used whole-embryo single-cell RNA-seq assays to identify the regulatory determinants responsible for the specification of dopaminergic neurons in the CNS of the Ciona tadpole. Their findings suggest that the reiterative use of funct
10.7554/elife.62687	Synthesis of a comprehensive population code for contextual features in the awake sensory cortex	eLife	How cortical circuits build representations of complex objects is poorly understood. Individual neurons must integrate broadly over space, yet simultaneously obtain sharp tuning to specific global stimulus features. Groups of neurons identifying different glob
10.1038/s41592-022-01669-y	RS-FISH: precise, interactive, fast, and scalable FISH spot detection	bioRxiv	Fluorescent in-situ hybridization (FISH)-based methods are powerful tools to study molecular processes with subcellular resolution, relying on accurate identification and localization of diffraction-limited spots in microscopy images. We developed the Radial S
10.1038/s41598-019-45048-8	Functional characterization of retinal ganglion cells using tailored nonlinear modeling	Scientific Reports	The mammalian retina encodes the visual world in action potentials generated by 20–50 functionally and anatomically-distinct types of retinal ganglion cell (RGC). Individual RGC types receive synaptic input from distinct presynaptic circuits; therefore, their 
10.1016/j.cell.2016.08.073	Central Control Circuit for Context-dependent Micturition	Cell	SUMMARY Urine release (micturition) serves an essential physiological function as well as a critical role in social communication in many animals. Here we show a combined effect of olfaction and social hierarchy on micturition patterns in adult male mice, conf
10.1016/j.cub.2019.12.017	Antagonistic inhibitory circuits integrate visual and gravitactic behaviors	Current Biology	SUMMARY Larvae of the tunicate Ciona intestinalis possess a central nervous system of 177 neurons. This simplicity has facilitated the generation of a complete synaptic connectome. As chordates and the closest relatives of vertebrates, tunicates promise insigh
10.1016/j.neuron.2017.09.058	‘Silent’ NMDA synapses enhance motion sensitivity in a mature retinal circuit	Neuron	Summary Retinal direction-selective ganglion cells (DSGCs) have the remarkable ability to encode motion over a wide range of contrasts, relying on well-coordinated excitation and inhibition (E/I). E/I is orchestrated by a diverse set of glutamatergic bipolar c
10.1038/nn1056	Synchrony-dependent propagation of firing rate in iteratively constructed networks in vitro	Nature Neuroscience	The precise role of synchronous neuronal firing in signal encoding remains unclear. To examine what kinds of signals can be carried by synchrony, I reproduced a multilayer feedforward network of neurons in an in vitro slice preparation of rat cortex using an i
10.1111/boc.201200087	Optical developments for optogenetics	Biology of the Cell	Brain intricacies and the difficulty that scientists encounter in revealing its function with standard approaches such as electrical stimulation of neurons have led to the exploration of new tools that enable the study of neural circuits in a remote and non‐in
10.1162/neco_a_00852	Scalable Semisupervised Functional Neurocartography Reveals Canonical Neurons in Behavioral Networks	Neural Computation	Large-scale data collection efforts to map the brain are underway at multiple spatial and temporal scales, but all face fundamental problems posed by high-dimensional data and intersubject variability. Even seemingly simple problems, such as identifying a neur
10.1038/s41556-026-02003-w	Advanced imaging of membrane contact sites	Nature Cell Biology	Organelle membrane contact sites (MCSs) coordinate key cell activities and their alterations are associated with several high-incidence disorders, prompting an increasing interest in their study. However, the investigation of MCSs is challenging, mostly becaus
10.1162/netn_a_00433	Analyzing the brain’s dynamic response to targeted stimulation using generative modeling	Network Neuroscience	Abstract Generative models of brain activity have been instrumental in testing hypothesized mechanisms underlying brain dynamics against experimental datasets. Beyond capturing the key mechanisms underlying spontaneous brain dynamics, these models hold an exci
10.1371/journal.pone.0355191	Neuropeptide visualization using split GFP in live C. elegans	PLoS ONE	Neuropeptides play essential roles as signaling molecules in the nervous system of animals. Visualization of neuropeptides in experimental settings has advanced through two main approaches: using antibody-based methods and fluorescent protein tagging. These co
10.1038/s41586-025-09376-2	Network synchrony creates neural filters promoting quiescence in Drosophila	Nature	Animals require undisturbed periods of rest during which they undergo recuperative processes1. However, it is unclear how brain states arise that are able to dissociate an animal from its external world, enabling quiescent behaviours, while retaining vigilance
10.1371/journal.pcbi.1004750	Stability and Competition in Multi-spike Models of Spike-Timing Dependent Plasticity	PLoS Comput. Biol.	Spike-timing dependent plasticity (STDP) is a widespread plasticity mechanism in the nervous system. The simplest description of STDP only takes into account pairs of pre- and postsynaptic spikes, with potentiation of the synapse when a presynaptic spike prece
10.1002/9783527651009.ch19	Cortical Networks with Lognormal Synaptic Connectivity and Their Implications in Neuronal Avalanches	Criticality in Neural Systems	The connectivity of cortical networks is of crucial importance for their dynamics and information processing functions. However, the significance of the weight distributions of network links remains largely unknown. We have recently shown in a recurrent neural
10.1016/j.cub.2011.05.029	New moves in motor control.	Current Biology	Motor behaviour results from information processing across multiple neural networks acting at all levels from initial selection of the behaviour to its final generation. Understanding how motor behaviour is produced requires identifying the constituent neurons
10.1016/j.neuron.2023.06.016	Hippocampal GABAergic interneurons and memory	Neuron	Summary One of the most captivating questions in neuroscience revolves around the brain’s ability to efficiently and durably capture and store information. It must process continuous input from sensory organs while also encoding memories that can persist throu
10.1016/j.jneumeth.2011.01.021	Reconstruction of complete connectivity matrix for connectomics by sampling neural connectivity with fluorescent synaptic markers.	Journal of Neuroscience Methods	Physical organization of the nervous system is a topic of perpetual interest in neuroscience. Despite significant achievements here in the past, many details of the nervous system organization and its role in animals' behavior remain obscure, while the problem
10.1002/cne.22793	Development and Distribution of Neuronal Cilia in Mouse Neocortex	The Journal of comparative neurology	Neuronal primary cilia are not generally recognized, but they are considered to extend from most, if not all, neurons in the neocortex. However, when and how cilia develop in neurons are not known. This study used immunohistochemistry for adenylyl cyclase III 
10.1016/j.cub.2019.09.029	Neuroscience: Tantalized Flies Are Primed for Satiety	Current Biology	How animals maintain and switch between distinct motivational states is an important question in neuroscience. New work in Drosophila identifies an excitatory neuronal circuit that builds up mating drive while priming itself for satiety.
10.1093/cercor/bhx252	Pyramidal Cell Subtypes and Their Synaptic Connections in Layer 5 of Rat Frontal Cortex	Cerebral Cortex	Abstract The frontal cortical areas make a coordinated response that generates appropriate behavior commands, using individual local circuits with corticostriatal and corticocortical connections in longer time scales than sensory areas. In secondary motor cort
10.3389/fncir.2018.00054	SBEMimage: Versatile Acquisition Control Software for Serial Block-Face Electron Microscopy	Front. Neural Circuits	We present SBEMimage, an open-source Python-based application to operate serial block-face electron microscopy (SBEM) systems. SBEMimage is designed for complex, challenging acquisition tasks, such as large-scale volume imaging of neuronal tissue or other biol
10.1101/2020.04.27.057752	Learning the architectural features that predict functional similarity of neural networks	bioRxiv	The mapping of the wiring diagrams of neural circuits promises to allow us to link structure and function of neural networks. Current approaches to analyzing connectomes rely mainly on graph-theoretical tools, but these may downplay the complex nonlinear dynam
10.1111/boc.201600024	Volume scanning electron microscopy for imaging biological ultrastructure	Biology of the Cell	Electron microscopy (EM) has been a key imaging method to investigate biological ultrastructure for over six decades. In recent years, novel volume EM techniques have significantly advanced nanometre‐scale imaging of cells and tissues in three dimensions. Prev
10.1093/jmicro/dft039	Ultra-structural analysis of the brain in a Drosophila model of Alzheimer's disease using FIB/SEM microscopy.	Microscopy	Alzheimer's disease (AD), one of the most prevalent neurodegenerative brain diseases, has been extensively researched for years. However, its synaptic structure, which is a basis for understanding neurodegenerative disorders, has not yet been understood clearl
10.7554/elife.33988	Connectomics of the zebrafish's lateral-line neuromast reveals wiring and miswiring in a simple microcircuit	bioRxiv	The lateral-line neuromast of the zebrafish displays a restricted, consistent pattern of innervation that facilitates the comparison of microcircuits across individuals, developmental stages, and genotypes. We used serial blockface scanning electron microscopy
10.1098/rspb.1980.0060	Amacrine cells, displaced amacrine cells and interplexiform cells in the retina of the rat	Proceedings of the Royal Society of Lond	Abstract The amacrine cells in the retina of the rat are described in Golgi-stained whole-mounted retinae. Nine morphologically distinct types of cell were found: one type of diffuse cell, five types of unistratified cell, two types of bistratified cell, and o
10.3389/fnana.2015.00121	A clearer view of the insect brain—combining bleaching with standard whole-mount immunocytochemistry allows confocal imaging of pigment-covered brain 	Frontiers in Neuroanatomy	In the study of insect neuroanatomy, three-dimensional (3D) reconstructions of neurons and neuropils have become a standard technique. As images have to be obtained from whole-mount brain preparations, pigmentation on the brain surface poses a serious challeng
10.1093/cercor/bhaa365	A Connectomic Hypothesis for the Hominization of the Brain	Cerebral Cortex	Abstract Cognitive abilities of the human brain, including language, have expanded dramatically in the course of our recent evolution from nonhuman primates, despite only minor apparent changes at the gene level. The hypothesis we propose for this paradox reli
10.1038/s41592-021-01183-7	Automatic Detection of Synaptic Partners in a Whole-Brain Drosophila EM Dataset	Nature Methods	We develop an automatic method for synaptic partner identification in insect brains and use it to predict synaptic partners in a whole-brain electron microscopy dataset of the fruit fly. The predictions can be used to infer a connectivity graph with high accur
10.1016/j.cmet.2015.12.002	An Emerging Technology Framework for the Neurobiology of Appetite.	Cell Metabolism	Advances in neuro-technology for mapping, manipulating, and monitoring molecularly defined cell types are rapidly advancing insight into neural circuits that regulate appetite. Here, we review these important tools and their applications in circuits that contr
10.1016/j.neuron.2013.02.023	Associative learning enhances population coding by inverting inter-neuronal correlation patterns	Neuron	Summary Learning-dependent cortical encoding has been well described in single neurons. But behaviorally relevant sensory signals drive the coordinated activity of millions of cortical neurons; whether learning produces stimulus specific changes in population 
10.1016/j.devcel.2021.03.027	Adaptive cell invasion maintains lateral line organ homeostasis in response to environmental changes	Developmental Cell	Summary Mammalian inner ear and fish lateral line sensory hair cells (HCs) detect fluid motion to transduce environmental signals. Actively-maintained ionic homeostasis of the mammalian inner ear endolymph is essential for HC function. In contrast, fish latera
10.1038/s41467-021-26031-2	Neurofibromin 1 in mushroom body neurons mediates circadian wake drive through activating cAMP–PKA signaling	Nature Communications	Various behavioral and cognitive states exhibit circadian variations in animals across phyla including Drosophila melanogaster, in which only ~0.1% of the brain’s neurons contain circadian clocks. Clock neurons transmit the timing information to a plethora of 
10.3389/fnana.2015.00143	Editorial: Quantitative Analysis of Neuroanatomy	Frontiers in Neuroanatomy	The true revolution in the age of digital neuroanatomy is the ability to extensively quantify anatomical structures and thus investigate structure-function relationships in great detail. Large-scale projects were recently launched with the aim of providing inf
10.1016/j.neuron.2025.11.003	The neural computation of affective internal states in the hypothalamus: A dynamical systems perspective.	Neuron	Internal affective states accompany evolutionarily ancient survival behaviors such as mating, aggression, and predator defense and may contribute to emotional feelings in humans. In this perspective, we introduce a dynamical system framework for thinking about
10.1016/j.tics.2020.01.008	Linking Structure and Function in Macroscale Brain Networks.	Trends in Cognitive Sciences	Structure-function relationships are a fundamental principle of many naturally occurring systems. However, network neuroscience research suggests that there is an imperfect link between structural connectivity and functional connectivity in the brain. Here, we
10.1016/b978-0-12-396978-1.00006-9	The Neurobiology of Ascaris and Other Parasitic Nematodes	Ascaris: The Neglected Parasite	
10.1083/jcb.201601098	Fife organizes synaptic vesicles and calcium channels for high-probability neurotransmitter release	Journal of Cell Biology	The strength of synaptic connections varies significantly and is a key determinant of communication within neural circuits. Mechanistic insight into presynaptic factors that establish and modulate neurotransmitter release properties is crucial to understanding
10.3389/fninf.2017.00026	The Topographical Mapping in Drosophila Central Complex Network and Its Signal Routing	Front. Neuroinform.	Neural networks regulate brain functions by routing signals. Therefore, investigating the detailed organization of a neural circuit at the cellular levels is a crucial step toward understanding the neural mechanisms of brain functions. To study how a complicat
10.1038/ncomms8490	PPL2ab neurons restore sexual responses in aged Drosophila males through dopamine	Nature Communications	Male sexual desire typically declines with ageing. However, our understanding of the neurobiological basis for this phenomenon is limited by our knowledge of the brain circuitry and neuronal pathways controlling male sexual desire. A number of studies across s
10.1038/s41592-021-01105-7	SNT: a unifying toolbox for quantification of neuronal anatomy	Nature Methods	SNT is an end-to-end framework for neuronal morphometry and whole-brain connectomics that supports tracing, proof-editing, visualization, quantification and modeling of neuroanatomy. With an open architecture, a large user base, community-based documentation, 
10.1109/icci-cc.2018.8482070	Emergent Patterns and Spontaneous Activity in Spiking Neural Networks with Dual Complex Network Structure	IEEE International Conference on Cogniti	In the cerebral cortex, the distribution of excitatory post-synaptic potential exhibits log-normal distribution. Recently, it has been reported that this distribution generates a spontaneous activity. Moreover, this distribution may have useful effect in enhan
10.1109/icma.2017.8016061	Automatical detecting and connecting the mitochondria from the serial EM images	2017 IEEE International Conference on Me	It is well known that mitochondria are one of the most important organelles found in the majority of cells. In recent years, with the development of scanning electron microscope(SEM), we have had a deeper understanding of the internal structure of the cell. Ho
10.1073/pnas.2118448119	A feedforward inhibitory premotor circuit for auditory–vocal interactions in zebra finches	Proceedings of the National Academy of S	Significance During conversations, we frequently alternate between listening and speaking. This involves withholding responses while the other person is vocalizing and rapidly initiating a reply once they stop. Similar exchanges also occur in other animals, su
10.7554/elife.19887	Neuroendocrine modulation sustains the C. elegans forward motor state	bioRxiv	Neuromodulators shape neural circuit dynamics. Combining electron microscopy, genetics, transcriptome profiling, calcium imaging, and optogenetics, we discovered a peptidergic neuron that modulates C. elegans motor circuit dynamics. The Six/SO-family homeobox 
10.1515/9780889778627-001	Connectomics	Synaptic	
10.3389/fnsyn.2016.00019	Control of Transmembrane Protein Diffusion within the Postsynaptic Density Assessed by Simultaneous Single-Molecule Tracking and Localization Microsco	Frontiers in Synaptic Neuroscience	Postsynaptic transmembrane proteins are critical elements of synapses, mediating trans-cellular contact, sensitivity to neurotransmitters and other signaling molecules, and flux of Ca and other ions. Positioning and mobility of each member of this large class 
10.1083/jcb.200805132	PSD-95 promotes synaptogenesis and multiinnervated spine formation through nitric oxide signaling	Journal of Cell Biology	Postsynaptic density 95 (PSD-95) is an important regulator of synaptic structure and plasticity. However, its contribution to synapse formation and organization remains unclear. Using a combined electron microscopic, genetic, and pharmacological approach, we u
10.3390/computation14070151	Modeling of Biological Neural Networks Based on Neuronal Functions and Connectivity Patterns	Computation	Despite recent advances in the reconstruction of biological neural networks, the generative principles underlying the structural properties of these networks remain incompletely understood. Neurons in the brain belonging to different functional classes, such a
10.7554/elife.23386	Long-range projection neurons in the taste circuit of Drosophila	eLife	Taste compounds elicit innate feeding behaviors and act as rewards or punishments to entrain other cues. The neural pathways by which taste compounds influence innate and learned behaviors have not been resolved. Here, we identify three classes of taste projec
10.1073/pnas.2111283119	Semaphorin 1a-mediated dendritic wiring of the Drosophila mushroom body extrinsic neurons	Proceedings of the National Academy of S	Significance The adult Drosophila mushroom body (MB) is one of the most extensively studied neural circuits. However, how its circuit organization is established during development is unclear. In this study, we provide an initial characterization of the assemb
10.1038/s41586-026-10424-8	Connecting single-cell transcriptomes to projectomes in the mouse visual cortex.	Nature	The mammalian brain consists of diverse neuron types with various functions. Recent single-cell RNA sequencing approaches have led to a whole-brain taxonomy of transcriptomically defined cell types1. Patch-seq experiments augment these cell-type descriptions b
10.1038/srep35001	Cleaning patch-clamp pipettes for immediate reuse	Scientific Reports	Patch-clamp recording has enabled single-cell electrical, morphological and genetic studies at unparalleled resolution. Yet it remains a laborious and low-throughput technique, making it largely impractical for large-scale measurements such as cell type and co
10.1101/516955	Iron-sequestering nanocompartments as multiplexed Electron Microscopy gene reporters	bioRxiv	Multi-colored gene reporters such as fluorescent proteins are indispensable for biomedical research, but equivalent tools for electron microscopy (EM), a gold standard for deciphering mechanistic details of cellular processes1,2 and uncovering the network arch
10.1101/2022.06.01.494307	Scalable graph analysis tools for the connectomics community	bioRxiv	Neuroscientists now have the opportunity to analyze synaptic resolution connectomes that are larger than the memory on single consumer workstations. As dataset size and tissue diversity have grown, there is increasing interest in conducting comparative connect
10.1016/j.tins.2024.08.003	Brain bilateral asymmetry - insights from nematodes, zebrafish, and Drosophila.	Trends in Neurosciences	Chirality is a fundamental trait of living organisms, encompassing the homochirality of biological molecules and the left-right (LR) asymmetry of visceral organs and the brain. The nervous system in bilaterian organisms displays a lateralized organization char
10.48550/arxiv.2603.03234	Guiding Sparse Neural Networks with Neurobiological Principles to Elicit Biologically Plausible Representations	arXiv.org	While deep neural networks (DNNs) have achieved remarkable performance in tasks such as image recognition, they often struggle with generalization, learning from few examples, and continuous adaptation - abilities inherent in biological neural systems. These c
10.1101/2023.11.08.566183	Protocol for 3D Virtual Histology of Unstained Human Brain Tissue using Synchrotron Radiation Phase-Contrast Microtomography	bioRxiv	X-ray phase-contrast micro computed tomography using synchrotron radiation (SR PhC-µCT) offers unique 3D imaging capabilities for visualizing microstructure of the human brain. Its applicability for unstained soft tissue is an area of active research. Acquirin
10.1002/mrm.30424	Considerations and recommendations from the ISMRM Diffusion Study Group for preclinical diffusion MRI: Part 3—Ex vivo imaging: Data processing, compar	Magnetic Resonance in Medicine	Preclinical diffusion MRI (dMRI) has proven value in methods development and validation, characterizing the biological basis of diffusion phenomena, and comparative anatomy. While dMRI enables in vivo non‐invasive characterization of tissue, ex vivo dMRI is in
10.1016/j.neuron.2017.11.030	The M5 Cell: A Color-Opponent Intrinsically Photosensitive Retinal Ganglion Cell	Neuron	Summary Intrinsically photosensitive retinal ganglion cells (ipRGCs) combine directly photosensitivivity through melanopsin with synaptically-mediated drive from classical photoreceptors through bipolar-cell input. Here, we sought to provide a fuller descripti
10.1016/j.conb.2018.10.007	Connectomics and function of a memory network: the mushroom body of larval Drosophila.	Current Opinion in Neurobiology	The Drosophila larva is a relatively simple, 10 000-neuron study case for learning and memory with enticing analytical power, combining genetic tractability, the availability of robust behavioral assays, the opportunity for single-cell transgenic manipulation,
10.1038/s41598-019-40520-x	Local resources of polyribosomes and SER promote synapse enlargement and spine clustering after long-term potentiation in adult rat hippocampus	Scientific Reports	Synapse clustering facilitates circuit integration, learning, and memory. Long-term potentiation (LTP) of mature neurons produces synapse enlargement balanced by fewer spines, raising the question of how clusters form despite this homeostatic regulation of tot
10.1038/s41593-026-02388-9	Hippocampal CA3 connectomics reveals a gradient of mossy fiber inputs and selective feedforward inhibition onto pyramidal cells.	Nature Neuroscience	The mossy fiber (MF) connections to pyramidal cells in hippocampal CA3 are thought to participate in pattern separation, pattern completion and memory encoding, yet no large-scale neuronal wiring diagram exists for these connections. We assembled a 3D electron
10.1073/pnas.2504913122	Building the connectome of a small brain with a simple stochastic developmental generative model	Proceedings of the National Academy of S	Significance Understanding how neural circuits form during development is key to unraveling the principles that govern brain structure and function. We use statistical generative models to study the well-characterized nervous system of Caenorhabditis elegans a
10.1152/jn.00628.2014	Cell type- and activity-dependent extracellular correlates of intracellular spiking.	Journal of Neurophysiology	Despite decades of extracellular action potential (EAP) recordings monitoring brain activity, the biophysical origin and inherent variability of these signals remain enigmatic. We performed whole cell patch recordings of excitatory and inhibitory neurons in ra
10.1038/s41565-019-0487-x	An atlas of nano-enabled neural interfaces	Nature Nanotechnology	Advances in microscopy and molecular strategies have allowed researchers to gain insight into the intricate organization of the mammalian brain and the roles that neurons play in processing information. Despite vast progress, therapeutic strategies for neurolo
10.1038/s41467-024-53899-7	Hierarchical regulation of functionally antagonistic neuropeptides expressed in a single neuron pair	bioRxiv	Neuronal communication involves small-molecule transmitters, gap junctions, and neuropeptides. While neurons often express multiple neuropeptides, our understanding of the coordination of their action and their mutual interactions remains limited. Here, we dem
10.1016/0306-4522(87)90254-5	Functional and morphological correlates of amacrine cells in carp retina.	Neuroscience	Experiments were conducted on isolated retinas of adult carp (Cyprinus carpio) to investigate correlations between photoresponses and morphological features of amacrine cells. The fluorescence dye Lucifer Yellow CH was iontophoretically injected into single ce
10.1016/j.neures.2022.10.004	Different modes of stimuli delivery elicit changes in glutamate driven, experience-dependent interneuron response in C. elegans.	Neurosciences research	Memory-related neuronal responses are often elicited by sensory stimuli that recapitulate previous experience. Despite the importance of this sensory input processing, its underlying mechanisms remain poorly understood. Caenorhabditis elegans chemotax towards 
10.1111/j.1469-7793.2000.t01-1-00771.x	Surround inhibition of mammalian AII amacrine cells is generated in the proximal retina	Journal of Physiology	1. Intracellular recordings were obtained from neurons in the superfused retina-eyecup preparation of the rabbit under dark-adapted conditions. Neurotransmitter agonists and antagonists were applied exogenously via the superfusate to dissect the synaptic pathw
10.1093/bioadv/vbaf021	Transfer learning improves performance in volumetric electron microscopy organelle segmentation across tissues	Bioinformatics Advances	Abstract Motivation Volumetric electron microscopy (VEM) enables nanoscale resolution three-dimensional imaging of biological samples. Identification and labeling of organelles, cells, and other structures in the image volume is required for image interpretati
10.1002/hipo.20236	Pathway specificity of dendritic spine morphology in identified synapses onto rat hippocampal CA1 neurons in organotypic slices	Hippocampus	Abstract The output of the hippocampus is largely determined by interaction of the three excitatory pathways that impinge on CA1 pyramidal neurons. These synapses, formed by axons of: (1) CA3 pyramidal neurons; (2) neurons of the entorhinal cortex (EC); and (3
10.1016/j.neuroimage.2013.03.053	The parcellation-based connectome: Limitations and extensions	NeuroImage	The human connectome is an intricate system of interconnected elements, providing the basis for integrative brain function. An essential step in the macroscopic mapping and examination of this network of structural and functional interactions is the subdivisio
10.1002/9781118873397.ch8	Neural Networks for the Generation of Rhythmic Motor Behaviors	Neurobiology of Motor Control	Rhythmic behaviors provide unique benefits for the study of the neural mechanisms underlying movement. This chapter discusses the neural networks with a focus on general principles of function that may be applicable to a broad spectrum of rhythmic behaviors. I
10.1152/jn.00474.2010	Neuromodulation by GABA converts a relay into a coincidence detector.	Journal of Neurophysiology	Modulation of synaptic strength by γ-aminobutyric acid receptors (GABARs) is a common feature in sensory pathways that contain relay cell types. However, the functional impact of these receptors on information processing is not clear. We considered this issue 
10.1007/s00429-013-0596-5	Alterations of dendritic protrusions over the first postnatal year of a mouse: an analysis in layer VI of the barrel cortex	Brain Structure and Function	Dendritic spines are small protrusions that serve as the principal recipients of excitatory inputs onto cortical pyramidal cells. Alterations in spine and filopodia density and morphology correlate with both developmental maturity and changes in synaptic stren
10.1038/s41598-018-23625-7	Characterization of Split Fluorescent Protein Variants and Quantitative Analyses of Their Self-Assembly Process	Scientific Reports	Many biotechniques use complementary split-fluorescent protein (sFPs) fragments to visualize protein-protein interactions, image cells by ensemble or single molecule fluorescence microscopy, or assemble nanomaterials and protein superstructures. Yet, the reass
10.1016/j.cub.2024.05.021	Mechanosensory bristles mediate avoidance behavior by triggering sustained local motor activity in Drosophila melanogaster.	Current Biology	During locomotion, most vertebrates-and invertebrates such as Drosophila melanogaster-are able to quickly adapt to terrain irregularities or avoid physical threats by integrating sensory information along with motor commands. Key to this adaptability are leg m
10.1098/rstb.2010.0043	Neuronal network analyses: premises, promises and uncertainties	Philosophical Transactions of the Royal 	Neuronal networks assemble the cellular components needed for sensory, motor and cognitive functions. Any rational intervention in the nervous system will thus require an understanding of network function. Obtaining this understanding is widely considered to b
10.1101/2020.08.29.273276	The connectome of the adult Drosophila mushroom body: implications for function	bioRxiv	Making inferences about the computations performed by neuronal circuits from synapse-level connectivity maps is an emerging opportunity in neuroscience. The mushroom body (MB) is well positioned for developing and testing such an approach due to its conserved 
10.1073/pnas.1016051108	A synaptic organizing principle for cortical neuronal groups	Proceedings of the National Academy of S	Neuronal circuitry is often considered a clean slate that can be dynamically and arbitrarily molded by experience. However, when we investigated synaptic connectivity in groups of pyramidal neurons in the neocortex, we found that both connectivity and synaptic
10.1016/j.celrep.2024.114361	Excitatory and inhibitory synapses show a tight subcellular correlation that weakens over development.	Cell Reports	Neurons receive correlated levels of excitation and inhibition, a feature that is important for proper brain function. However, how this relationship between excitatory and inhibitory inputs is established during the dynamic period of circuit wiring remains un
10.1002/cne.24666	Evolutionarily conserved and divergent functions for cell adhesion molecules in neural circuit assembly	The Journal of comparative neurology	The developing nervous system generates remarkably precise synaptic connections between neurons and their postsynaptic target cells. Numerous neural cell adhesion proteins have been identified to mediate cell recognition between synaptic partners in several mo
10.1523/eneuro.0193-25.2025	Cell Analyser in Batch for Neurite (CABaNe), an Automated, High-Throughput ImageJ Macro for Cell and Neurite Analysis	eNeuro	Visual Abstract Measuring neurite length is crucial in neurobiology because it provides valuable insights into the growth, development, and function of neurons. In particular, neurite length is fundamental to study neuronal development and differentiation, neu
10.3902/jnns.30.66	神経スパイクデータからシナプス結合を推定する	The Brain &amp; Neural Networks	計測技術の進展により行動中の動物の脳から，より多くの神経細胞の活動を，より長い時間にわたって計測できるようになってきた．神経細胞は他の細胞からシナプス入力を受けてスパイクを生成するので，神経活動データから神経細胞間の因果関係を抽出することにより，直接計測できない神経細胞間のつながり（シナプス結合）を推定できることが期待される．このような考えは50年以上前から提案されていたが，周囲の神経細胞の活動や変動する外部信号の影響も加わって現象が複雑となるため，信頼性の高い推定結果は得られていなかった．本解説では，複数の神経細
10.51628/001c.24619	Strong and weak principles of neural dimension reduction	Neurons, Behavior, Data analysis, and Th	If spikes are the medium, what is the message? Answering that question is driving the development of large-scale, single neuron resolution recordings from behaving animals, on the scale of thousands of neurons. But these data are inherently high-dimensional, w
10.1101/441014	Cellular organization of visual information processing channels in the mouse visual cortex		Visual processing and behavior depend on specialized neural representations and information channels that encode distinct visual information and enable distinct computations. Our understanding of the neural substrate, however, remain severely limited by sparse
10.1016/j.conb.2014.04.006	Context-dependent modulation reconfigures interactive sensory-mediated microcircuits in Caenorhabditis elegans.	Current Opinion in Neurobiology	Caenorhabditis elegans navigates sensory landscapes by integrating inputs from 14 pairs of polymodal sensory neurons. Sensory neurons interact synaptically and through gap junction networks and are modulated by complex local/humoral, nutritionally dependent, m
10.1101/2023.03.25.534233	Activity-dependent subcellular compartmentalization of dendritic mitochondria structure in CA1 pyramidal neurons	bioRxiv	Neuronal mitochondria play important roles beyond ATP generation, including Ca2+ uptake, and therefore have instructive roles in synaptic function and neuronal response properties. Mitochondrial morphology differs significantly in the axon and dendrites of a g
10.1101/416735	Timing mechanism of sexually dimorphic nervous system differentiation	bioRxiv	In all animals, sexual differentiation of somatic tissue is precisely timed, yet the molecular mechanisms that control the timing of sexual differentiation, particularly in the brain, are poorly understood. We have used several sexually dimorphic molecular, an
10.1016/j.conb.2007.07.007	Specificity and randomness in the visual cortex.	Current Opinion in Neurobiology	Research on the functional anatomy of visual cortical circuits has recently zoomed in from the macroscopic level to the microscopic. High-resolution functional imaging has revealed that the functional architecture of orientation maps in higher mammals is built
10.1016/s0896-6273(02)00568-8	Differential control of vesicle priming and short-term plasticity by Munc13 isoforms.	Neuron	Presynaptic short-term plasticity is an important adaptive mechanism regulating synaptic transmitter release at varying action potential frequencies. However, the underlying molecular mechanisms are unknown. We examined genetically defined and functionally uni
10.1109/icbcb69424.2026.11621173	Scalable Comparative Connectomics: Interpretable Machine Learning Reveals Evolutionary Signatures and Reconstruction Artifacts	International Conference on Bioinformati	The rapid growth of connectomic datasets across species presents both an opportunity and a challenge for comparative neuroscience: can machine learning derive biologically significant signatures from minimal neuronal features, and how do data artifacts affect 
10.1038/s41592-019-0611-8	A super-resolution platform for correlative live single-molecule imaging and STED microscopy	Nature Methods	Super-resolution microscopy offers tremendous opportunities to unravel the complex and dynamic architecture of living cells. However, current super-resolution microscopes are well suited for revealing protein distributions or cell morphology, but not both. We 
10.1016/j.cub.2019.04.060	A plastic visual pathway regulates cooperative behavior in Drosophila larvae	Current Biology	Summary Cooperative behavior emerges in biological systems through coordinated actions amongst individuals [1, 2]. Although widely observed across animal species, the cellular and molecular mechanisms underlying the establishment and maintenance of cooperative
10.1152/jn.00431.2020	Diverse co-active neurons encode stimulus-driven and stimulus-independent variables.	Journal of Neurophysiology	Both experimenter-controlled stimuli and stimulus-independent variables impact cortical neural activity. A major hurdle to understanding neural representation is distinguishing between qualitatively different causes of the fluctuating population activity. We a
10.1371/journal.pbio.3001655	Diet-responsive transcriptional regulation of insulin in a single neuron controls systemic metabolism	PLoS Biology	Metabolic homeostasis is coordinated through a robust network of signaling pathways acting across all tissues. A key part of this network is insulin-like signaling, which is fundamental for surviving glucose stress. Here, we show that Caenorhabditis elegans fe
10.1371/journal.pbio.3000400	Selective suppression and recall of long-term memories in Drosophila	PLoS Biology	Adaptive decision-making depends on the formation of novel memories. In Drosophila, the mushroom body (MB) is the site of associative olfactory long-term memory (LTM) storage. However, due to the sparse and stochastic representation of olfactory information in
10.1146/annurev-neuro-072116-031335	VISUAL CIRCUITS FOR DIRECTION SELECTIVITY	Annual Review of Neuroscience	Images projected onto the retina of an animal eye are rarely still. Instead, they usually contain motion signals originating either from moving objects or from retinal slip caused by self-motion. Accordingly, motion signals tell the animal in which direction a
10.1007/s12021-011-9110-5	A Broadly Applicable 3-D Neuron Tracing Method Based on Open-Curve Snake	Neuroinformatics	This paper presents a broadly applicable algorithm and a comprehensive open-source software implementation for automated tracing of neuronal structures in 3-D microscopy images. The core 3-D neuron tracing algorithm is based on three-dimensional (3-D) open-cur
10.1080/01677063.2019.1710146	The Unc13A isoform is important for phasic release and olfactory memory formation at mushroom body synapses	Journal of neurogenetics	Abstract The cellular analysis of mushroom body (MB)-dependent memory forming processes is far advanced, whereas, the molecular and physiological understanding of their synaptic basis lags behind. Recent analysis of the Drosophila olfactory system showed that 
10.1038/s41467-019-11092-1	Reward signaling in a recurrent circuit of dopaminergic neurons and peptidergic Kenyon cells	Nature Communications	Dopaminergic neurons in the brain of the Drosophila larva play a key role in mediating reward information to the mushroom bodies during appetitive olfactory learning and memory. Using optogenetic activation of Kenyon cells we provide evidence that recurrent si
10.1016/j.celrep.2022.110684	Modular microcircuit organization of the presubicular head-direction map.	Cell Reports	Our internal sense of direction is thought to rely on the activity of head-direction (HD) neurons. We find that the mouse dorsal presubiculum (PreS), a key structure in the cortical representation of HD, displays a modular "patch-matrix" organization, which is
10.1101/2024.03.04.583246	Preference-Independent Encoding of Visual Saliency Within but Not Cross Features in the Mouse Superior Colliculus	bioRxiv	Detecting conspicuous stimuli in a visual scene is crucial for animal survival, yet it remains debated how the brain encodes visual saliency. Here we investigate how visual saliency is represented in the superficial superior colliculus (sSC) of awake mice usin
10.1109/isbi.2007.356912	NOISE AND ARTIFACT REMOVAL IN KNIFE-EDGE SCANNING MICROSCOPY	IEEE International Symposium on Biomedic	Knife-edge scanning microscopy (KESM) is a recently developed technique that allows fast and automated imaging of several hundred cubic millimeters of tissue at sub-micron resolution. Successive sections are captured in registration by imaging the specimen con
10.1002/hipo.20768	COORDINATION OF SIZE AND NUMBER OF EXCITATORY AND INHIBITORY SYNAPSES RESULTS IN A BALANCED STRUCTURAL PLASTICITY ALONG MATURE HIPPOCAMPAL CA1 DENDRIT	Hippocampus	Enlargement of dendritic spines and synapses correlates with enhanced synaptic strength during long‐term potentiation (LTP), especially in immature hippocampal neurons. Less clear is the nature of this structural synaptic plasticity on mature hippocampal neuro
10.1101/2023.05.02.539079	Modeling the cell-type specific mesoscale murine connectome with anterograde tracing experiments		ABSTRACT The Allen Mouse Brain Connectivity Atlas (MCA) consists of anterograde tracing experiments targeting diverse structures and classes of projecting neurons. Beyond regional anterograde tracing done in C57BL/6 wild type mice, a large fraction of experime
10.1146/annurev-neuro-071013-014038	Global order and local disorder in brain maps.	Annual Review of Neuroscience	Maps serve as a ubiquitous organizing principle in the mammalian brain. In several sensory systems, such as audition, vision, and somatosensation, topographic maps are evident throughout multiple levels of brain pathways. Topographic maps, like retinotopy and 
10.1016/j.conb.2015.02.003	Feeding the human brain model.	Current Opinion in Neurobiology	The goal of the Human Brain Project is to develop, during the next decade, an infrastructure capable of simulating a draft human brain model based on available experimental data. One of the key issues is therefore to integrate and make accessible the experimen
10.1101/2021.11.24.469932	A scalable and modular automated pipeline for stitching of large electron microscopy datasets	bioRxiv	Serial section Electron Microscopy can produce high throughput imaging of large biological specimen volumes. The high-resolution images are necessary to reconstruct dense neural wiring diagrams in the brain, so called connectomes. A high fidelity volume assemb
10.1523/jneurosci.5006-11.2012	Columnar interactions determine horizontal propagation of recurrent network activity in neocortex	Journal of Neuroscience	The cortex is organized in vertical and horizontal circuits that determine the spatiotemporal properties of distributed cortical activity. Despite detailed knowledge of synaptic interactions among individual cells in the neocortex, little is known about the ru
10.1101/2021.07.07.451307	Shallow neural networks trained to detect collisions recover features of visual loom-selective neurons	bioRxiv	Animals have evolved sophisticated visual circuits to solve a vital inference problem: detecting whether or not a visual signal corresponds to an object on a collision course. Such events are detected by specific circuits sensitive to visual looming, or object
10.1162/nol_a_00133	Neurobiological Causal Models of Language Processing	Neurobiology of Language	Abstract The language faculty is physically realized in the neurobiological infrastructure of the human brain. Despite significant efforts, an integrated understanding of this system remains a formidable challenge. What is missing from most theoretical account
10.7554/elife.64907	Presynaptic inhibition of dopamine neurons controls optimistic bias	eLife	Regulation of reward signaling in the brain is critical for appropriate judgement of the environment and self. In Drosophila, the protocerebral anterior medial (PAM) cluster dopamine neurons mediate reward signals. Here, we show that localized inhibitory input
10.1002/cne.22691	Stability of Presynaptic Vesicle Pools and Changes in Synapse Morphology in the Amygdala Following Fear Learning in Adult Rats	The Journal of comparative neurology	Changes in synaptic strength in the lateral amygdala (LA) that occur with fear learning are believed to mediate memory storage, and both presynaptic and postsynaptic mechanisms have been proposed to contribute. In a previous study we used serial section transm
10.3389/fnins.2020.570019	Alterations in Sub-Axonal Architecture Between Normal Aging and Parkinson’s Diseased Human Brains Using Label-Free Cryogenic X-ray Nanotomography	Frontiers in Neuroscience	Gaining insight to pathologically relevant processes in continuous volumes of unstained brain tissue is important for a better understanding of neurological diseases. Many pathological processes in neurodegenerative disorders affect myelinated axons, which are
10.1371/journal.pone.0226797	Ultrastructure of light-activated axons following optogenetic stimulation to produce late-phase long-term potentiation	bioRxiv	Analysis of neuronal compartments has revealed many state-dependent changes in geometry but establishing synapse-specific mechanisms at the nanoscale has proven elusive. We co-expressed channelrhodopsin2-GFP and mAPEX2 in a subset of hippocampal CA3 neurons an
10.48550/arxiv.2504.06354	<NO TITLE>		Both biological cortico-thalamic networks and artificial transformer networks use canonical computations to perform a wide range of cognitive tasks. In this work, we propose that the structure of cortico-thalamic circuits is well suited to realize a computatio
10.1111/jmi.12378	Ultra‐thin resin embedding method for scanning electron microscopy of individual cells on high and low aspect ratio 3D nanostructures	Journal of Microscopy	Summary The preparation of biological cells for either scanning or transmission electron microscopy requires a complex process of fixation, dehydration and drying. Critical point drying is commonly used for samples investigated with a scanning electron beam, w
10.1073/pnas.2207032119	In vivo extracellular recordings of thalamic and cortical visual responses reveal V1 connectivity rules	Proceedings of the National Academy of S	Significance The relation between structure and function is particularly fascinating in neural networks. Direct connectivity measurements in the mouse primary visual cortex show large variability across experimental reports. Can various synaptic connectivity m
10.1007/s00359-019-01385-7	Distinct expression of potassium channels regulates visual response properties of lamina neurons in Drosophila melanogaster	Journal of Comparative Physiology	The computational organization of sensory systems depends on the diversification of individual cell types with distinct signal-processing capabilities. The Drosophila visual system, for instance, splits information into channels with different temporal propert
10.1152/physrev.00042.2016	Physiology of Astroglia.	Physiological Reviews	Astrocytes are neural cells of ectodermal, neuroepithelial origin that provide for homeostasis and defense of the central nervous system (CNS). Astrocytes are highly heterogeneous in morphological appearance; they express a multitude of receptors, channels, an
10.1016/j.asd.2020.101012	The development and function of neuronal subtypes processing color and skylight polarization in the optic lobes of Drosophila melanogaster.	Arthropod structure & development	The retinal mosaics of many insects contain different ommatidial subtypes harboring photoreceptors that are both molecularly and morphologically specialized for comparing between different wavelengths versus detecting the orientation of skylight polarization. 
10.1016/0301-0082(87)90005-0	Transmitter circuits in the vertebrate retina.	Progress in neurobiology	
10.32607/actanaturae.27323	Ultrastructural 3D Microscopy for Biomedicine: Principles, Applications, and Perspectives	Acta Naturae	Modern biomedical research often requires a three-dimensional microscopic analysis of the ultrastructure of biological objects and materials. Conceptual technical and methodological solutions for three-dimensional structure reconstruction are needed to improve
10.1152/jn.00376.2004	Endocannabinoid-dependent neocortical layer-5 LTD in the absence of postsynaptic spiking.	Journal of Neurophysiology	Long-term depression (LTD) was induced in neocortical layer 5 pyramidal connections by pairing presynaptic firing with subthreshold postsynaptic depolarization (dLTD) or via a spike-timing protocol (tLTD). Like tLTD, dLTD reduced short-term depression and incr
10.1016/j.neuron.2013.03.020	Synaptic computation and sensory processing in neocortical layer 2/3.	Neuron	Computations in neocortical circuits are predominantly driven by synaptic integration of excitatory glutamatergic and inhibitory GABAergic inputs. New optical, electrophysiological, and genetic methods allow detailed in vivo investigation of the superficial ne
10.3389/fncir.2018.00117	General Principles of Neuronal Co-transmission: Insights From Multiple Model Systems	Front. Neural Circuits	It is now accepted that neurons contain and release multiple transmitter substances. However, we still have only limited insight into the regulation and functional effects of this co-transmission. Given that there are 200 or more neurotransmitters, the chemica
10.1002/cne.902270203	Glycinergic neurons in the human retina	The Journal of comparative neurology	Abstract Neurotransmitter‐specific properties of glycinergic neurons in the human retina were studied using 11 pairs of eyes from donors ranging from 2 1/2 to 54 years in age. A mean endogenous level of 10.3 nmoles glycine per mg protein was measured by amino 
10.1111/jmi.70005	DeepEM Playground: Bringing deep learning to electron microscopy labs	Journal of Microscopy	Deep learning (DL) has transformed image analysis, enabling breakthroughs in segmentation, object detection, and classification. However, a gap persists between cutting‐edge DL research and its practical adoption in electron microscopy (EM) labs. This is large
10.1007/s10827-012-0437-1	Biological modeling of complex chemotaxis behaviors for C. elegans under speed regulation—a dynamic neural networks approach	Journal of Computational Neuroscience	In this paper, the modeling of several complex chemotaxis behaviors of C. elegans is explored, which include food attraction, toxin avoidance, and locomotion speed regulation. We first model the chemotaxis behaviors of food attraction and toxin avoidance separ
10.1016/j.eswa.2023.119776	Graph partitioning algorithms with biological connectivity decisions for neuron reconstruction in electron microscope volumes	Expert systems with applications	
10.1016/j.cell.2018.08.066	A map-like micro-organization of grid cells in the medial entorhinal cortex	Cell	Summary: How the topography of neural circuits relates to their function remains unclear. Although topographic maps exist for sensory and motor variables, they are rarely observed for cognitive variables. Using calcium imaging during virtual navigation, we inv
10.1002/cne.24234	Multiple cell types form the VIP amacrine cell population	The Journal of comparative neurology	Abstract Amacrine cells are a heterogeneous group of interneurons that form microcircuits with bipolar, amacrine and ganglion cells to process visual information in the inner retina. This study has characterized the morphology, neurochemistry and major cell ty
10.1242/dev.075184	UNC-4 antagonizes Wnt signaling to regulate synaptic choice in the C. elegans motor circuit	Development	Coordinated movement depends on the creation of synapses between specific neurons in the motor circuit. In C. elegans, this important decision is regulated by the UNC-4 homeodomain protein. unc-4 mutants are unable to execute backward locomotion because VA mot
10.1016/j.visres.2024.108537	Theory of morphodynamic information processing: Linking sensing to behaviour.	Vision Research	The traditional understanding of brain function has predominantly focused on chemical and electrical processes. However, new research in fruit fly (Drosophila) binocular vision reveals ultrafast photomechanical photoreceptor movements significantly enhance inf
10.1109/tvcg.2011.55	A Neuron Membrane Mesh Representation for Visualization of Electrophysiological Simulations	IEEE Transactions on Visualization and C	We present a process to automatically generate three-dimensional mesh representations of the complex, arborized cell membrane surface of cortical neurons (the principal information processing cells of the brain) from nonuniform morphological measurements. Star
10.1126/sciadv.adz4123	Highly attenuated dendritic propagation of isolated synaptic potentials in vivo	Science Advances	The integration of synaptic inputs is a fundamental function of neurons. In the traditional model, excitatory inputs are summed at the soma to generate action potentials. However, how synaptic inputs are integrated by dendrites in vivo remains poorly explored.
10.1101/2021.11.29.470455	Structured connectivity in the cerebellum enables noise-resilient pattern separation	bioRxiv	The cerebellum is thought to detect and correct errors between intended and executed commands1–3 and is critical for social behaviors, cognition and emotion4–6. Computations for motor control must be performed quickly to correct errors in real time and should 
10.1523/jneurosci.5217-03.2004	Astrocyte Glutamate Transporters Regulate Metabotropic Glutamate Receptor-Mediated Excitation of Hippocampal Interneurons	Journal of Neuroscience	Clearance of extracellular glutamate is essential for limiting the activity of metabotropic glutamate receptors (mGluRs) at excitatory synapses; however, the relative contribution of transporters found in neuronal and glial membranes to this uptake is poorly u
10.1016/j.devcel.2018.11.029	An EGF-Responsive Neural Circuit Couples Insulin Secretion with Nutrition in Drosophila.	Developmental Cell	Developing organisms use fine-tuning mechanisms to adjust body growth to ever-changing nutritional conditions. In Drosophila, the secretory activity of insulin-producing cells (IPCs) is central to couple systemic growth with amino acids availability. Here, we 
10.1038/nn.4153	Distinct recurrent versus afferent dynamics in cortical visual processing	Nature Neuroscience	How intracortical recurrent circuits in mammalian sensory cortex influence dynamics of sensory representation is not understood. Previous methods could not distinguish the relative contributions of recurrent circuits and thalamic afferents to cortical dynamics
10.1016/j.neuron.2016.01.029	Structured Dendritic Inhibition Supports Branch-Selective Integration in CA1 Pyramidal Cells.	Neuron	Neuronal circuit function is governed by precise patterns of connectivity between specialized groups of neurons. The diversity of GABAergic interneurons is a hallmark of cortical circuits, yet little is known about their targeting to individual postsynaptic de
10.1007/s00422-006-0079-3	A Quantitative Theory of Neural Computation	Biological cybernetics	We show how a general quantitative theory of neural computation can be used to explain two recent experimental findings in neuroscience. The first of these findings is that in human medial temporal lobe there exist neurons that correspond to identifiable conce
10.1101/2023.10.25.562730	Hierarchical communities in the larval Drosophila connectome: Links to cellular annotations and network topology	bioRxiv	One of the longstanding aims of network neuroscience is to link a connectome’s topological properties–i.e. features defined from connectivity alone–with an organism’s neurobiology. One approach for doing so is to compare connectome properties with maps of meta
10.1007/s12021-020-09484-6	GTree: an Open-source Tool for Dense Reconstruction of Brain-wide Neuronal Population	Neuroinformatics	Recent technological advancements have facilitated the imaging of specific neuronal populations at the single-axon level across the mouse brain. However, the digital reconstruction of neurons from a large dataset requires months of manual effort using the curr
10.1038/s41583-025-00957-8	Synaptic connectomics: status and prospects	Nature Reviews Neuroscience	
10.1098/rspb.1978.0032	Synaptic organization of the inner plexiform layer of the retina of Xenopus laevis	Proceedings of the Royal Society of Lond	Abstract The inner plexiform layer (i. p. l.) of the retina of the South African clawed frog, Xenopus laevis, was studied by electron microscopy. Photomicrographs of single sections revealed synaptic morphologies comparable to those in other vertebrate retinae
10.1093/cercor/bhae378	A layered microcircuit model of somatosensory cortex with three interneuron types and cell-type-specific short-term plasticity	bioRxiv	Three major types of GABAergic interneurons, parvalbumin- (PV), somatostatin- (SOM) and vasoactive intestinal peptide-expressing (VIP) cells, play critical but distinct roles in the cortical microcircuitry. Their specific electrophysiology and connectivity sha
10.1016/j.conb.2014.06.016	Dynamics and plasticity of spinal locomotor circuits.	Current Opinion in Neurobiology	Spinal circuits generate coordinated locomotor movements. These hardwired circuits are supplemented with neuromodulation that provide the necessary flexibility for animals to move smoothly through their environment. This review will highlight some recent insig
10.1523/jneurosci.0481-10.2010	EphrinBs regulate D-serine synthesis and release in astrocytes	Journal of Neuroscience	There is growing evidence that astrocytes play critical roles in neuron-glial interactions at the synapse. Astrocytes are believed to regulate presynaptic and postsynaptic structures and functions, in part, by the release of gliotransmitters such as glutamate,
10.1016/j.jsb.2020.107600	An optimized approach using cryofixation for high-resolution 3D analysis by FIB-SEM.	Journal of Structural Biology	Compared with conventional two-dimensional transmission electron microscopy (TEM), focused ion beam scanning electron microscopy (FIB-SEM) can provide more comprehensive 3D information on cell substructures at the nanometer scale. Biological samples prepared b
10.1016/b978-0-12-805408-6.00006-3	Graded Signaling and the Emergence of Multiple Visual Streams in the Outer Retina	The Senses: A Comprehensive Reference	
10.1038/nn.3004	Heterogeneous Reallocation of Presynaptic Efficacy in Recurrent Excitatory Circuits Adapting to Inactivity	Nature Neuroscience	Recurrent excitatory circuits face extreme challenges in balancing efficacy and stability. We recorded from CA3 pyramidal neuron pairs in rat hippocampal slice cultures to characterize synaptic and circuit-level changes in recurrent synapses resulting from lon
10.1038/s41467-019-09581-4	Glutamate spillover in C. elegans triggers repetitive behavior through presynaptic activation of MGL-2/mGluR5	Nature Communications	Glutamate is a major excitatory neurotransmitter, and impaired glutamate clearance following synaptic release promotes spillover, inducing extra-synaptic signaling. The effects of glutamate spillover on animal behavior and its neural correlates are poorly unde
10.1101/2021.03.30.437703	A stochastic model of hippocampal synaptic plasticity with geometrical readout of enzyme dynamics	bioRxiv	Discovering the rules of synaptic plasticity is an important step for understanding brain learning. Existing plasticity models are either 1) top-down and interpretable, but not flexible enough to account for experimental data, or 2) bottom-up and biologically 
10.1002/cne.25529	Comparative morphology of serotonin-immunoreactive neurons innervating the central complex in the brain of dicondylian insects.	The Journal of comparative neurology	Serotonin (5-hydroxytryptamine) acts as a widespread neuromodulator in the nervous system of vertebrates and invertebrates. In insects, it promotes feeding, enhances olfactory sensitivity, modulates aggressive behavior, and, in the central complex of Drosophil
10.3390/ijms22041940	Leucokinin and Associated Neuropeptides Regulate Multiple Aspects of Physiology and Behavior in Drosophila	International Journal of Molecular Scien	Leucokinins (LKs) constitute a family of neuropeptides identified in numerous insects and many other invertebrates. LKs act on G-protein-coupled receptors that display only distant relations to other known receptors. In adult Drosophila, 26 neurons/neurosecret
10.1016/j.isci.2025.113232	Mating status-dependent dopaminergic modulation of auditory sensory neurons in Drosophila	bioRxiv	Mating status often modulates responses to courtship sounds in animals. The neural mechanisms underlying this modulation, however, have not been well clarified. Here, we show that dopaminergic signals are involved in modulating the responses of auditory sensor
10.1073/pnas.1607462114	Distance-dependent gradient in NMDAR-driven spine calcium signals along tapering dendrites	Proceedings of the National Academy of S	Significance Neurons in the brain extend long dendrites that are packed with small protrusions, or spines, responsible for receiving information from presynaptic axons. Although we know much about the workings of spines, we know little about the large-scale di
10.1021/pr500829z	Proteomic analysis of gliosomes from mouse brain: identification and investigation of glial membrane proteins.	Journal of Proteome Research	Astrocytes are being increasingly recognized as crucial contributors to neuronal function at synapses, axons, and somas. Reliable methods that can provide insight into astrocyte proteins at the neuron-astrocyte functional interface are highly desirable. Here, 
10.1016/j.chaos.2025.116929	Hyperbolic distance reveals functional communication pathways in the Drosophila circadian clock network	Chaos, Solitons &amp; Fractals	
10.1016/j.celrep.2020.03.047	Network Analysis of Murine Cortical Dynamics Implicates Untuned Neurons in Visual Stimulus Coding	Cell Reports	SUMMARY Unbiased and dense sampling of large populations of layer 2/3 pyramidal neurons in mouse primary visual cortex (V1) reveals two functional sub-populations: neurons tuned and untuned to drifting gratings. Whether functional interactions between these tw
10.1096/fj.11-186767	Defective photoreceptor phagocytosis in a mouse model of enhanced S‐cone syndrome causes progressive retinal degeneration	The FASEB Journal	ABSTRACT Enhanced S‐cone syndrome (ESCS), featuring an excess number of S cones, manifests as a progressive retinal degeneration that leads to blindness. Here, through optical imaging, we identified an abnormal interface between photoreceptors and the retinal 
10.1016/j.jsb.2014.10.009	Investigation of resins suitable for the preparation of biological sample for 3-D electron microscopy.	Journal of Structural Biology	In the last two decades, the third-dimension has become a focus of attention in electron microscopy to better understand the interactions within subcellular compartments. Initially, transmission electron tomography (TEM tomography) was introduced to image the 
10.1146/annurev-neuro-071013-013958	Neuromodulation of circuits with variable parameters: single neurons and small circuits reveal principles of state-dependent and robust neuromodulatio	Annual Review of Neuroscience	Neuromodulation underlies many behavioral states and has been extensively studied in small circuits. This has allowed the systematic exploration of how neuromodulatory substances and the neurons that release them can influence circuit function. The physiologic
10.1101/2020.04.16.043398	Neuronal Subcompartment Classification and Merge Error Correction	bioRxiv	Recent advances in 3d electron microscopy are yielding ever larger reconstructions of brain tissue, encompassing thousands of individual neurons interconnected by millions of synapses. Interpreting reconstructions at this scale demands advances in the automate
10.1098/rstb.2016.0328	Gradation (approx. 10 size states) of synaptic strength by quantal addition of structural modules	Philosophical Transactions of the Royal 	Memory storage involves activity-dependent strengthening of synaptic transmission, a process termed long-term potentiation (LTP). The late phase of LTP is thought to encode long-term memory and involves structural processes that enlarge the synapse. Hence, und
10.1523/jneurosci.2601-15.2015	Resonant Interneurons Can Increase Robustness of Gamma Oscillations	Journal of Neuroscience	Gamma oscillations are believed to play a critical role in in information processing, encoding, and retrieval. Inhibitory interneuronal network gamma (ING) oscillations may arise from a coupled oscillator mechanism in which individual neurons oscillate or from
10.2139/ssrn.6712458	End-to-End Multigraph Integration and Graph Neural Network for Brain Connectome Classification		The complexity of multigraphs with diverse views makes them among the most difficult challenges for classification methods. To overcome the multigraph heterogeneity problem, a number of works based on feature selection have recently been put forth. But there a
10.1073/pnas.2316799121	Peripheral preprocessing in Drosophila facilitates odor classification	Proceedings of the National Academy of S	Significance Insects rely on compact nervous systems to process sensory information. To find principles of information processing in “shallow” neural architectures, we studied odor-mixture “preprocessing” in Drosophila, which is implemented by genetically pred
10.1186/s40708-026-00314-0	A quantitative and precision‑oriented neuronal reconstruction approach based on data grading	Brain Informatics	Accurate and efficient neuronal reconstruction is essential for large-scale neuronal projection analysis and neural circuit mapping. However, conventional reconstruction approaches are often constrained by the structural complexity of neurons, the diversity of
10.1016/j.pbiomolbio.2004.06.008	Does inhibition balance excitation in neocortex?	Progress in Biophysics and Molecular Bio	The distribution of inhibitory and excitatory synapses on neocortical neurons is at odds with a simple view that cortical functioning can persist by maintaining a balance between inhibitory and excitatory drives. Pyramidal cells can potentially be shut down by
10.1007/s10827-013-0443-y	Impact of network topology on inference of synaptic connectivity from multi-neuronal spike data simulated by a large-scale cortical network model	Journal of Computational Neuroscience	Many mechanisms of neural processing rely critically upon the synaptic connectivity between neurons. As our ability to simultaneously record from large populations of neurons expands, the ability to infer network connectivity from this data has become a major 
10.1002/cne.20889	P2X2 receptors on ganglion and amacrine cells in cone pathways of the rat retina	The Journal of comparative neurology	Abstract Extracellular ATP is known to mediate fast, excitatory neurotransmission through activation of ionotropic P2X receptors. In this study, the localization of the P2X 2 receptor (P2X 2 R) subunit was studied in rat retina by using immunofluorescence immu
10.1016/j.celrep.2020.02.026	Neuronal BIN1 Regulates Presynaptic Neurotransmitter Release and Memory Consolidation	Cell Reports	SUMMARY BIN1, a member of the BAR adaptor protein family, is a significant late-onset Alzheimer disease risk factor. Here, we investigate BIN1 function in the brain using conditional knockout (cKO) models. Loss of neuronal Bin1 expression results in the select
10.1523/eneuro.0318-16.2016	Contrast Enhancement without Transient Map Expansion for Species-Specific Vocalizations in Core Auditory Cortex during Learning	eNeuro	Visual Abstract Tonotopic map plasticity in the adult auditory cortex (AC) is a well established and oft-cited measure of auditory associative learning in classical conditioning paradigms. However, its necessity as an enduring memory trace has been debated, es
10.1016/s0928-4257(02)00007-4	Communication between astrocytes and neurons: a complex language.	Journal of Physiology - Paris	In recent years, accumulating evidence suggests the existence of bidirectional communication between astrocytes and neurons, indicating an important active role of astrocytes in the physiology of the nervous system. As a consequence of this evidence, a new con
10.1162/netn_a_00002	The modular organization of human anatomical brain networks: Accounting for the cost of wiring	Network Neuroscience	Brain networks are expected to be modular. However, existing techniques for estimating a network’s modules make it difficult to assess the influence of organizational principles such as wiring cost reduction on the detected modules. Here we present a modificat
10.3389/fnbeh.2017.00008	Ring Attractor Dynamics Emerge from a Spiking Model of the Entire Protocerebral Bridge	bioRxiv	Animal navigation is accomplished by a combination of landmark-following and dead reckoning based on estimates of self motion. Both of these approaches require the encoding of heading information, which can be represented as an allocentric or egocentric azimut
10.3389/fphar.2016.00157	Multitarget Multiscale Simulation for Pharmacological Treatment of Dystonia in Motor Cortex	Frontiers in Pharmacology	A large number of physiomic pathologies can produce hyperexcitability in cortex. Depending on severity, cortical hyperexcitability may manifest clinically as a hyperkinetic movement disorder or as epilpesy. We focus here on dystonia, a movement disorder that p
10.1038/s41586-024-07765-7	Perisomatic ultrastructure efficiently classifies cells in mouse cortex	Nature	Mammalian neocortex contains a highly diverse set of cell types. These cell types have been mapped systematically using a variety of molecular, electrophysiological and morphological approaches1, 2, 3–4. Each modality offers new perspectives on the variation o
10.1038/s41598-020-64430-5	Three-dimensional architecture of human diabetic peripheral nerves revealed by X-ray phase contrast holographic nanotomography	Scientific Reports	A deeper knowledge of the architecture of the peripheral nerve with three-dimensional (3D) imaging of the nerve tissue at the sub-cellular scale may contribute to unravel the pathophysiology of neuropathy. Here we demonstrate the feasibility of X-ray phase con
10.1016/j.conb.2011.09.002	Structural plasticity of dendritic spines	Current Opinion in Neurobiology	SUMMARY Dendritic spines are small mushroom-like protrusions arising from neurons where most excitatory synapses reside. Their peculiar shape suggests that spines can serve as an autonomous postsynaptic compartment that isolates chemical and electrical signali
10.1109/ijcnn60899.2024.10650540	DCF-Net: A Dual-Coding Fusion Network based on CNN and Transformer for Biomedical Image Segmentation	IEEE International Joint Conference on N	Convolutional neural networks (CNNs) have become the mainstream technology in the field of biomedical image segmentation. However, due to the inherent locality of convolutional operations, CNNs tend to ignore the relationships between remote pixels. In contras
10.1371/journal.pbio.2006223	Differential role of pre- and postsynaptic neurons in the activity-dependent control of synaptic strengths across dendrites	PLoS Biology	Neurons receive a large number of active synaptic inputs from their many presynaptic partners across their dendritic tree. However, little is known about how the strengths of individual synapses are controlled in balance with other synapses to effectively enco
10.3389/fphys.2022.849142	Dopamine Modulation of Drosophila Ellipsoid Body Neurons, a Nod to the Mammalian Basal Ganglia	Frontiers in Physiology	The central complex (CX) is a neural structure located on the midline of the insect brain that has been widely studied in the last few years. Its role in navigation and goal-oriented behaviors resembles those played by the basal ganglia in mammals. However, th
10.3389/conf.fninf.2013.09.00032	Beyond the connectome hairball: Rational visualizations and analysis of the C. elegans connectome as a network graph using hive plots	Frontiers in Neuroinformatics	Frontiers Events is a rapidly growing calendar management system dedicated to the scheduling of academic events. This includes announcements and invitations, participant listings and search functionality, abstract handling and publication, related events and p
10.1101/2021.12.20.473513	Neuronal circuits integrating visual motion information in Drosophila	bioRxiv	The detection of visual motion enables sophisticated animal navigation, and studies in flies have provided profound insights into the cellular and circuit basis of this neural computation. The fly’s directionally selective T4 and T5 neurons respectively encode
10.1038/ncomms6778	Serotonergic neurons respond to nutrients and regulate the timing of steroid hormone biosynthesis in Drosophila	Nature Communications	The temporal transition of development is flexibly coordinated in the context of the nutrient environment, and this coordination is essential for organisms to increase their survival fitness and reproductive success. Steroid hormone, a key player of the juveni
10.1016/j.neuron.2016.05.023	TMC-1 mediates alkaline sensation in C. elegans through nociceptive neurons	Neuron	Noxious pH triggers pungent taste and nocifensive behavior. While the mechanisms underlying acidic pH sensation has been extensively characterized, little is known about how animals sense alkaline pH in the environment. TMC genes encode a family of evolutionar
10.1101/2020.11.13.382457	Isotropic 3D electron microscopy reference library of whole cells and tissues	bioRxiv	Understanding cellular architecture is essential for understanding biology. Electron microscopy (EM) uniquely visualizes cellular structure with nanometer resolution. However, traditional methods, such as thin-section EM or EM tomography, have limitations inas
10.1038/s41593-019-0358-7	Multiplexed peroxidase-based electron microscopy labeling enables simultaneous visualization of multiple cell types	Nature Neuroscience	Electron microscopy (EM) is a powerful tool for circuit mapping, but identifying specific cell types in EM datasets remains a major challenge. Here we describe a technique enabling simultaneous visualization of multiple genetically identified neuronal populati
10.1371/journal.pcbi.1012218	Differences in the consolidation by spontaneous and evoked ripples in the presence of active dendrites	PLoS Comput. Biol.	Ripples are a typical form of neural activity in hippocampal neural networks associated with the replay of episodic memories during sleep as well as sleep-related plasticity and memory consolidation. The emergence of ripples has been observed both dependent as
10.64898/2026.03.03.709276	Dynamic Bayesian networks for neural information flow: evaluation of continuous and discrete scoring metrics	bioRxiv	Neural information flow describes the movement of activity between neurons or brain areas. Advances in experimental methods have allowed production of large amounts of observational data related to neuronal activity from the single-neuron to population level. 
10.1038/nature23455	The complete connectome of a learning and memory centre in an insect brain	Nature	Associating stimuli with positive or negative reinforcement is essential for survival, but a complete wiring diagram of a higher-order circuit supporting associative memory has not been previously available. Here we reconstruct one such circuit at synaptic res
10.1101/538538	Extraocular, rod-like photoreceptors in a flatworm express xenopsin photopigment	bioRxiv	Animals detect light using opsin photopigments. One recently classified opsin clade, the xenopsins, found in lophotrochozoans, challenges our views on opsin and photoreceptor evolution. Originally thought to belong to the Gαi-coupled ciliary opsins, xenopsins 
10.1523/jneurosci.2174-19.2020	Generation of Sharp Wave-Ripple Events by Disinhibition	Journal of Neuroscience	Sharp wave-ripple complexes (SWRs) are hippocampal network phenomena involved in memory consolidation. To date, the mechanisms underlying their occurrence remain obscure. Here, we show how the interactions between pyramidal cells, parvalbumin-positive (PV+) ba
10.1016/j.neuron.2010.02.003	Spike-time-dependent plasticity and heterosynaptic competition organize networks to produce long scale-free sequences of neural activity.	Neuron	Sequential neural activity patterns are as ubiquitous as the outputs they drive, which include motor gestures and sequential cognitive processes. Neural sequences are long, compared to the activation durations of participating neurons, and sequence coding is s
10.1109/tmi.2013.2267747	Learning Context Cues for Synapse Segmentation	IEEE Transactions on Medical Imaging	We present a new approach for the automated segmentation of synapses in image stacks acquired by electron microscopy (EM) that relies on image features specifically designed to take spatial context into account. These features are used to train a classifier th
10.1111/jmi.12211	Developing 3D SEM in a broad biological context	Journal of Microscopy	When electron microscopy (EM) was introduced in the 1930s it gave scientists their first look into the nanoworld of cells. Over the last 80 years EM has vastly increased our understanding of the complex cellular structures that underlie the diverse functions t
10.1162/neco_a_00543	Functional Identification of Spike-Processing Neural Circuits	Neural Computation	We introduce a novel approach for a complete functional identification of biophysical spike-processing neural circuits. The circuits considered accept multidimensional spike trains as their input and comprise a multitude of temporal receptive fields and conduc
10.1101/2025.06.10.658788	Sexually dimorphic neurons in the Drosophila whole-brain connectome		Sexual dimorphisms in the brain arise from differences in cell number, morphology, and connectivity, and underlie sex-specific behaviors. In Drosophila, these differences are largely governed by the transcription factors Fruitless (Fru) and Doublesex (Dsx), ex
10.1152/jn.00524.2014	Electrophysiological properties of genetically identified subtypes of layer 5 neocortical pyramidal neurons: Ca²⁺ dependence and differential modulati	Journal of Neurophysiology	We studied neocortical pyramidal neurons from two lines of bacterial artificial chromosome mice ( etv1 and glt; Gene Expression Nervous System Atlas: GENSAT project), each of which expresses enhanced green fluorescent protein (EGFP) in a different subpopulatio
10.3389/fnbeh.2021.628662	Transcriptome Analysis of NPFR Neurons Reveals a Connection Between Proteome Diversity and Social Behavior	bioRxiv	Complex social behaviors are mediated by the activity of highly intricate neuronal networks, the function of which is shaped by their transcriptomic and proteomic content. Contemporary advances in neurogenetics, genomics, and tools for automated behavior analy
10.1016/j.cell.2017.06.032	Mapping the Neural Substrates of Behavior.	Cell	Assigning behavioral functions to neural structures has long been a central goal in neuroscience and is a necessary first step toward a circuit-level understanding of how the brain generates behavior. Here, we map the neural substrates of locomotion and social
10.1007/s00359-025-01755-4	Neural bottlenecks: axon count, distribution, and conduction in the Manduca sexta neck connective	Journal of Comparative Physiology A. Sen	Large flying insects precisely control fast maneuvers, a demanding task made more difficult by the limitation that all information between the brain and body is transmitted through a single transmission line, the neck connective. Despite this neuroanatomical s
10.1016/j.cell.2015.06.054	Saturated Reconstruction of a Volume of Neocortex.	Cell	We describe automated technologies to probe the structure of neural tissue at nanometer resolution and use them to generate a saturated reconstruction of a sub-volume of mouse neocortex in which all cellular objects (axons, dendrites, and glia) and many sub-ce
10.1016/j.cris.2025.100113	The Drosophila adult brain: short overview of structure, function, and resources Graphical Review Paper	Current Research in Insect Science	Highlights • The brain of the vinegar fly Drosophila melanogaster has become an essential model in neuroscience.• This mini review is targeted at researchers new to the Drosophila model, and provides:.• Overview of Drosophila brain organization, nomenclature, 
10.1038/s42003-022-03278-z	A subpopulation of cortical VIP-expressing interneurons with highly dynamic spines	Communications Biology	Structural synaptic plasticity may underlie experience and learning-dependent changes in cortical circuits. In contrast to excitatory pyramidal neurons, insight into the structural plasticity of inhibitory neurons remains limited. Interneurons are divided into
10.1103/physreve.111.034311	Community modularity structure promotes the evolution of phase clusters and chimeralike states.	Physical Review E	Community modularity structure is widely observed across various brain scales, reflecting a balance between information processing efficiency and neural wiring metabolic efficiency. Revealing the relationship between community structure and brain function faci
10.1101/2022.05.17.492284	Maintaining a stable head direction representation in naturalistic visual environments	bioRxiv	Many animals rely on a representation of head direction for flexible, goal-directed navigation. In insects, a compass-like head direction representation is maintained in a conserved brain region called the central complex. This head direction representation is
10.1016/j.cub.2026.01.042	Sequencing of distinct wing behaviors during Drosophila courtship	Current Biology	Summary Some behaviors, like biting followed by chewing and then swallowing, unfold in stereotyped sequences, while others, such as limb movements during defensive maneuvers, can be flexibly combined as needed. During courtship, male Drosophilid flies produce 
10.1016/j.cub.2025.02.050	Sex-specific neurons instruct sexually dimorphic neurite branching via Netrin signaling in Caenorhabditis elegans.	Current Biology	Animals often exhibit sexually dimorphic behavior in mating, learning, and decision-making. These sexual dimorphisms arise due to sex differences in the structure and function of neural circuits, but how sexually dimorphic neural circuits are established remai
10.1007/s12038-008-0060-5	Astrocyte, the star avatar: redefined	Journal of Biosciences	Until recently, the neuroscience community held the belief that glial cells such as astrocytes and oligodendrocytes functioned solely as "support" cells of the brain. In this role, glial cells simply provide physical support and housekeeping functions for the 
10.1523/jneurosci.0764-09.2009	Signal Propagation in Drosophila Central Neurons	Journal of Neuroscience	Drosophila is an important model organism for investigating neural development, neural morphology, neurophysiology, and neural correlates of behaviors. However, almost nothing is known about how electrical signals propagate in Drosophila neurons. Here, we addr
10.1016/j.brainresrev.2009.10.006	Ion changes and signalling in perisynaptic glia.	Brain Research Reviews	The maintenance of ion gradients across plasma membranes is a prerequisite for the establishment of cellular membrane potentials, electrical signalling, and metabolite transport. At active synapses, pre- and postsynaptic ion gradients are constantly challenged
10.3390/s21041448	In Vivo Whole-Cell Patch-Clamp Methods: Recent Technical Progress and Future Perspectives	Italian National Conference on Sensors	Brain functions are fundamental for the survival of organisms, and they are supported by neural circuits consisting of a variety of neurons. To investigate the function of neurons at the single-cell level, researchers often use whole-cell patch-clamp recording
10.1016/j.neuron.2016.01.010	Inhibitory synapses are repeatedly assembled and removed at persistent sites in vivo	Neuron	Summary Older concepts of a hard-wired adult brain have been overturned in recent years by in vivo imaging studies revealing synaptic remodeling, now thought to mediate rearrangements in microcircuit connectivity. Using three-color labeling and spectrally reso
10.1038/s41586-021-04067-0	Building an allocentric traveling-direction signal via vector computation	Nature	Many behavioural tasks require the manipulation of mathematical vectors, but, outside of computational models1–7, it is not known how brains perform vector operations. Here we show how the Drosophila central complex, a region implicated in goal-directed naviga
10.1002/glia.20060	Synaptic signaling between neurons and glia	Glia	Abstract Rapid signaling between vertebrate neurons occurs primarily at synapses, intercellular junctions where quantal release of neurotransmitter triggers rapid changes in membrane conductance through activation of ionotropic receptors. Glial cells express m
10.1101/2021.08.18.456777	How the insect central complex could coordinate multimodal navigation	bioRxiv	The central complex of the insect midbrain is thought to coordinate insect guidance strategies. Computational models can account for specific behaviours but their applicability across sensory and task domains remains untested. Here we assess the capacity of ou
10.1016/0024-3205(84)90184-x	Catecholamine systems of retina: a model for studying synaptic mechanisms.	Life Science	The retina contains three catecholamine neurotransmitters: dopamine (DA); norepinephrine (NE); and epinephrine (EPI). DA and EPI appear to be associated with separate amacrine neurons that directly participate in the visual process. NE, in contrast, appears to
10.1101/2022.08.04.502783	Decomposing Neural Circuit Function into Information Processing Primitives	Journal of Neuroscience	It is challenging to measure how specific aspects of coordinated neural dynamics translate into operations of information processing and, ultimately, cognitive functions. An obstacle is that simple circuit mechanisms—such as self-sustained or propagating activ
10.1093/bioinformatics/btad464	PS-Net: human perception-guided segmentation network for EM cell membrane	Bioinform.	Abstract Motivation Cell membrane segmentation in electron microscopy (EM) images is a crucial step in EM image processing. However, while popular approaches have achieved performance comparable to that of humans on low-resolution EM datasets, they have shown 
10.1101/2020.05.22.111617	A three-dimensional thalamocortical dataset for characterizing brain heterogeneity	Scientific Data	Neural microarchitecture is heterogeneous, varying both across and within brain regions. The consistent identification of regions of interest is one of the most critical aspects in examining neurocircuitry, as these structures serve as the vital landmarks with
10.1162/neco.2009.05-08-783	Cortical Circuitry Implementing Graphical Models	Neural Computation	In this letter, we develop and simulate a large-scale network of spiking neurons that approximates the inference computations performed by graphical models. Unlike previous related schemes, which used sum and product operations in either the log or linear doma
10.1162/imag_a_00548	Non-parametric prediction of brain MRI microstructure using transfer learning	Imaging neuroscience	Abstract Magnetic resonance imaging (MRI) can be sensitive to tissue microstructural features and infer parameterized features by performing a voxel-wise fit of the signal to a biophysical model. However, biophysical models rely on simplified representations o
10.1016/j.pbiomolbio.2021.05.005	Efficient metadata mining of web-accessible neural morphologies	Progress in Biophysics and Molecular Bio	Advancements in neuroscience research have led to steadily accelerating data production and sharing. The online community repository of neural reconstructions NeuroMorpho.Org grew from fewer than 1,000 digitally traced neurons in 2006 to more than 140,000 cell
10.1016/j.tics.2017.04.012	The Coding Question.	Trends in Cognitive Sciences	Recent electrophysiological results imply that the duration of the stimulus onset asynchrony in eyeblink conditioning is encoded by a mechanism intrinsic to the cerebellar Purkinje cell. This raises the general question - how is quantitative information (durat
10.1371/journal.pone.0300628	See Elegans: Simple-to-use, accurate, and automatic 3D detection of neural activity from densely packed neurons	PLoS ONE	In the emerging field of whole-brain imaging at single-cell resolution, which represents one of the new frontiers to investigate the link between brain activity and behavior, the nematode Caenorhabditis elegans offers one of the most characterized models for s
10.1016/j.isci.2026.116144	Spatial continuity of neurons explains non-random network architecture	bioRxiv	Neuronal networks are characterized by complex and functionally relevant connectivity motifs. We developed an intuitive explanation for its emergence: While a class of neurons on average innervates its entire surroundings, each individual one can only cover a 
10.1523/jneurosci.2715-16.2017	Focal Local Field Potential Signature of the Single-Axon Monosynaptic Thalamocortical Connection	Journal of Neuroscience	A resurgence has taken place in recent years in the use of the extracellularly recorded local field potential (LFP) to investigate neural network activity. To probe monosynaptic thalamic activation of cortical postsynaptic target cells, so called spike-trigger
10.1126/sciadv.adi0643	Fast and slow: Recording neuromodulator dynamics across both transient and chronic time scales	Science Advances	Neuromodulators transform animal behaviors. Recent research has demonstrated the importance of both sustained and transient change in neuromodulators, likely due to tonic and phasic neuromodulator release. However, no method could simultaneously record both ty
10.1002/cne.24213	Three‐dimensional analysis of somatic mitochondrial dynamics in fission‐deficient injured motor neurons using FIB/SEM	The Journal of comparative neurology	Mitochondria undergo morphological changes through fusion and fission for their quality control, which are vital for neuronal function. In this study, we examined three‐dimensional morphologies of mitochondria in motor neurons under normal, nerve injured, and 
10.1186/s12859-018-2305-0	Multi-class segmentation of neuronal structures in electron microscopy images	BMC Bioinformatics	Serial block face scanning electron microscopy (SBFEM) is becoming a popular technology in neuroscience. We have seen in the last years an increasing number of works addressing the problem of segmenting cellular structures in SBFEM images of brain tissue. The 
10.1101/2022.09.14.507924	The mushroom body output encodes behavioral decision during sensory-motor transformation	bioRxiv	Animal behavioral decisions are dynamically formed by evaluating momentary sensory evidence on the background of individual experience and the acute motivational state. In insects, the mushroom body (MB) has been implicated in forming associative memories and 
10.1016/j.neuron.2013.12.029	Structured Connectivity in Cerebellar Inhibitory Networks	Neuron	Summary Defining the rules governing synaptic connectivity is key to formulating theories of neural circuit function. Interneurons can be connected by both electrical and chemical synapses, but the organization and interaction of these two complementary microc
10.1523/jneurosci.2768-14.2014	Distinct Representation and Distribution of Visual Information by Specific Cell Types in Mouse Superficial Superior Colliculus	Journal of Neuroscience	The superficial superior colliculus (sSC) occupies a critical node in the mammalian visual system; it is one of two major retinorecipient areas, receives visual cortical input, and innervates visual thalamocortical circuits. Nonetheless, the contribution of sS
10.1117/12.2254284	Deep learning and shapes similarity for joint segmentation and tracing single neurons in SEM images	Medical Imaging	Extracting the structure of single neurons is critical for understanding how they function within the neural circuits. Recent developments in microscopy techniques, and the widely recognized need for openness and standardization provide a community resource fo
10.1016/j.conb.2025.103086	Cracking the cadherin codes that wire the nervous system.	Current Opinion in Neurobiology	Synaptic partner recognition and precise connectivity are essential components of neural circuit formation and function. Cell adhesion molecules with selective binding properties provide instructive cues for synapse specificity. Yet, we know little about how t
10.1073/pnas.1216336110	Drosophila ORB protein in two mushroom body output neurons is necessary for long-term memory formation	Proceedings of the National Academy of S	Memory is initially labile and gradually consolidated over time through new protein synthesis into a long-lasting stable form. Studies of odor-shock associative learning in Drosophila have established the mushroom body (MB) as a key brain structure involved in
10.3389/fncom.2016.00011	The Development and Analysis of Integrated Neuroscience Data	Frontiers in Computational Neuroscience	There is a strong emphasis on developing novel neuroscience technologies, in particular on recording from more neurons. There has thus been increasing discussion about how to analyze the resulting big datasets. What has received less attention is that over the
10.1016/j.cub.2023.09.003	Evolutionarily conserved behavioral plasticity enables context-dependent mating in C. elegans	Current Biology	Summary Behavioral plasticity helps humans and animals to achieve their goals by adapting their behaviors to different environments1,2. Although behavioral plasticity is ubiquitous, many innate species-specific behaviors, such as mating, are often assumed to b
10.1371/journal.pone.0077209	Correlative Photoactivated Localization and Scanning Electron Microscopy	PLoS ONE	The ability to localize proteins precisely within subcellular space is crucial to understanding the functioning of biological systems. Recently, we described a protocol that correlates a precise map of fluorescent fusion proteins localized using three-dimensio
10.3389/fninf.2022.944050	Expected affine: A registration method for damaged section in serial sections electron microscopy	Frontiers in Neuroinformatics	Registration is essential for the volume reconstruction of biological tissues using serial section electron microscope (ssEM) images. However, due to environmental disturbance in section preparation, damage in long serial sections is inevitable. It is difficul
10.1113/jphysiol.2005.086793	Factors mediating powerful voltage attenuation along CA1 pyramidal neuron dendrites	Journal of Physiology	We performed simultaneous patch‐electrode recordings from the soma and apical dendrite of CA1 pyramidal neurons in hippocampal slices, in order to determine the degree of voltage attenuation along CA1 dendrites. Fifty per cent attenuation of steady‐state somat
10.1101/2022.03.02.482743	Connectomic analysis of the Drosophila lateral neuron clock cells reveals the synaptic basis of functional pacemaker classes	bioRxiv	The circadian clock orchestrates daily changes in physiology and behavior to ensure internal temporal order and optimal timing across the day. In animals, a central brain clock coordinates circadian rhythms throughout the body and is characterized by a remarka
10.3389/fnins.2021.784649	Ebf Activates Expression of a Cholinergic Locus in a Multipolar Motor Ganglion Interneuron Subtype in Ciona	Frontiers in Neuroscience	Conserved transcription factors termed “terminal selectors” regulate neuronal sub-type specification and differentiation through combinatorial transcriptional regulation of terminal differentiation genes. The unique combinations of terminal differentiation gen
10.48550/arxiv.2501.01022	<NO TITLE>		Reconstructing the intricate local morphology of neurons and their long-range projecting axons can address many connectivity related questions in neuroscience. The main bottleneck in connectomics pipelines is correcting topological errors, as multiple entangle
10.1038/nn.3866	Simultaneous cellular-resolution optical perturbation and imaging of place cell firing fields	Nature Neuroscience	Linking neural microcircuit function to emergent properties of the mammalian brain requires fine-scale manipulation and measurement of neural activity during behavior, where each neuron's coding and dynamics can be characterized. We developed an optical method
10.1038/s41593-019-0534-9	Neural circuits for evidence accumulation and decision-making in larval zebrafish	Nature Neuroscience	To make appropriate decisions, animals need to accumulate sensory evidence. Simple integrator models can explain many aspects of such behavior, but how the underlying computations are mechanistically implemented in the brain remains poorly understood. Here we 
10.1534/genetics.119.302872	Control of Locomotory Behavior of Caenorhabditis elegans by the Immunoglobulin Superfamily Protein RIG-3	Genetics	Cell surface immunoglobulin superfamily (IgSF) proteins play important roles in the development and function of the nervous system . Here we define the role of a Caenorhabditis elegans IgSF protein, RIG-3, in the function of the AVA command interneuron. This s
10.48550/arxiv.2506.11062	<NO TITLE>		A central idea in understanding brains and building artificial intelligence is that structure determines function. Yet, how the brain's complex structure arises from a limited set of genetic instructions remains a key question. The ultra high-dimensional detai
10.1111/j.1365-2818.2005.01466.x	Reconstruct: a free editor for serial section microscopy	Journal of Microscopy	Summary Many microscopy studies require reconstruction from serial sections, a method of analysis that is sometimes difficult and time‐consuming. When each section is cut, mounted and imaged separately, section images must be montaged and realigned to accurate
10.1016/j.conb.2017.09.011	Coordinated morphogenesis of neurons and glia	Current Opinion in Neurobiology	summary Glia adopt remarkable shapes that are tightly coordinated with the morphologies of their neuronal partners. Glia and neurons exhibit coordinated morphological changes on the time scale of minutes and on size scales ranging from nanometers to hundreds o
10.1523/jneurosci.5250-08.2009	Encoding and Decoding Bursts by NMDA Spikes in Basal Dendrites of Layer 5 Pyramidal Neurons	Journal of Neuroscience	Bursts of action potentials are important information-bearing signals in the brain, although the neuronal specializations underlying burst generation and detection are only partially understood. In apical dendrites of neocortical pyramidal neurons, calcium spi
10.1101/2024.12.05.626981	Trial-by-trial inter-areal interactions in visual cortex in the presence or absence of visual stimulation		Abstract State-of-the-art computational models of vision largely focus on fitting trial-averaged spike counts to visual stimuli using overparameterized neural networks. However, a computational model of the visual cortex should predict the dynamic responses of
10.1371/journal.pbio.3001744	Comprehensive analysis of locomotion dynamics in the protochordate Ciona intestinalis reveals how neuromodulators flexibly shape its behavioral repert	PLoS Biology	Vertebrate nervous systems can generate a remarkable diversity of behaviors. However, our understanding of how behaviors may have evolved in the chordate lineage is limited by the lack of neuroethological studies leveraging our closest invertebrate relatives. 
10.1073/pnas.1812342116	Suppression of GABAergic neurons through D2-like receptor secures efficient conditioning in Drosophila aversive olfactory learning	Proceedings of the National Academy of S	Significance Suppression of inhibitory interneurons, termed disinhibition, has been suggested as a conserved circuit mechanism crucial for associative learning. In Drosophila, a pair of GABAergic neurons negatively regulates aversive olfactory learning. Here w
10.1038/s41467-018-05136-1	Co-transmission of acetylcholine and GABA regulates hippocampal states	Nature Communications	The basal forebrain cholinergic system is widely assumed to control cortical functions via non-synaptic transmission of a single neurotransmitter. Yet, we find that mouse hippocampal cholinergic terminals invariably establish GABAergic synapses, and their chol
10.1038/s41592-023-01936-6	Dense 4D nanoscale reconstruction of living brain tissue	Nature Methods	A combination of gentle stimulated emission depletion microscopy imaging and deep-learning-based improvements in signal-to-noise ratio enables high-resolution reconstruction of neuronal architecture in living tissue. Three-dimensional (3D) reconstruction of li
10.1111/ejn.12554	Interneuron firing precedes sequential activation of neuronal ensembles in hippocampal slices	European Journal of Neuroscience	Abstract Neuronal firing sequences that occur during behavioral tasks are precisely reactivated in the neocortex and the hippocampus during rest and sleep. These precise firing sequences are likely to reflect latent memory traces, and their reactivation is bel
10.1101/2025.10.24.684386	Slow Transition to Low-Dimensional Chaos in Heavy-Tailed Recurrent Neural Networks	bioRxiv	Growing evidence suggests that synaptic weights in the brain follow heavy-tailed distributions, yet most theoretical analyses of recurrent neural networks (RNNs) assume Gaussian connectivity. We systematically study the activity of RNNs with random weights dra
10.1007/s12021-024-09696-0	Computational Generation of Long-range Axonal Morphologies	bioRxiv	Long-range axons are fundamental to brain connectivity and functional organization, enabling communication between different regions of the brain. Recent advances in experimental techniques have yielded a substantial number of whole-brain axonal reconstruction
10.3389/fncel.2021.662329	Rod and Cone Connections With Bipolar Cells in the Rabbit Retina	Frontiers in Cellular Neuroscience	Rod and cone pathways are segregated in the first stage of the retina: cones synapse with both ON- and OFF-cone bipolar cells while rods contact only rod bipolar cells. However, there is an exception to this specific wiring in that rods also contact certain OF
10.1016/j.conb.2011.12.001	New technologies for imaging synaptic partners.	Current Opinion in Neurobiology	Understanding the brain will require unraveling its synaptic circuitry, but methods that can reliably identify connected neurons are often excruciatingly slow. Although light microscopy can provide much higher throughput, synapses are smaller than the diffract
10.1109/mspec.2013.6511089	A wiring diagram of the brain [News]	IEEE Spectrum	Advances in medical imaging allow the Human Connectome Project to map neural connections. In early March, an unusual 2 terabytes of data hit the Web: the first batch of images from a massively ambitious brainmapping effort called the Human Connectome Project. 
10.1016/j.preteyeres.2014.06.003	Functional Architecture of the Retina: Development and Disease	Progress in retinal and eye research	Structure and function are highly correlated in the vertebrate retina, a sensory tissue that is organized into cell layers with microcircuits working in parallel and together to encode visual information. All vertebrate retinas share a fundamental plan, compri
10.1101/2022.11.23.517722	Hierarchical Modular Structure of the Drosophila Connectome	Journal of Neuroscience	The structure of neural circuitry plays a crucial role in brain function. Previous studies of brain organization generally had to trade off between coarse descriptions at a large scale and fine descriptions on a small scale. Researchers have now reconstructed 
10.1523/jneurosci.1221-05.2005	NMDA Receptor Subunit-Dependent [Ca2+] Signaling in Individual Hippocampal Dendritic Spines	Journal of Neuroscience	Ca 2+ influx through synaptic NMDA receptors (NMDA-Rs) triggers a variety of adaptive cellular processes. To probe NMDA-R-mediated [Ca 2+ ] signaling, we used two-photon glutamate uncaging to stimulate NMDA-Rs on individual dendritic spines of CA1 pyramidal ne
10.1016/j.coisb.2017.07.011	The imaging tsunami: Computational opportunities and challenges	Current Opinion in Systems Biology	
10.1016/b978-0-12-801415-8.00010-2	The use of miniSOG in the localization of mitochondrial proteins.	Methods in Enzymology	In this chapter, we provide details along with considerations and future directions for the use of miniSOG (for mini Singlet Oxygen Generator), a versatile label for correlated light and electron microscopy of genetically tagged proteins in cells, tissues, and
10.1101/2025.07.25.666755	Drosophila males integrate song and pheromones using context-specific strategies	bioRxiv	Animals need to integrate sensory information from multiple modalities to interact with their environment and with others. In male Drosophila, multiple sensory cues modulate social behaviors such as courtship and aggression, but the strategies by which multimo
10.1073/pnas.1719711115	Functional organization of intrinsic and feedback presynaptic inputs in the primary visual cortex	Proceedings of the National Academy of S	Significance Elucidating how different types of presynaptic inputs to a brain area are functionally organized is crucial for understanding how incoming information is integrated. Here, we introduce presynaptic-targeted genetically encoded calcium indicators in
10.1109/cvprw50498.2020.00501	A Topological Nomenclature for 3D Shape Analysis in Connectomics	2020 IEEE/CVF Conference on Computer Vis	One of the essential tasks in connectomics is the morphology analysis of neurons and organelles like mitochondria to shed light on their biological properties. However, these biological objects often have tangled parts or complex branching patterns, which make
10.1101/2021.09.25.461804	Flygenvectors: The spatial and temporal structure of neural activity across the fly brain	bioRxiv	What are the spatial and temporal scales of brainwide neuronal activity, and how do activities at different scales interact? We used SCAPE microscopy to image a large fraction of the central brain of adult Drosophila melanogaster with high spatiotemporal resol
10.3389/fnana.2012.00024	Excitatory neuronal connectivity in the barrel cortex	Frontiers in Neuroanatomy	Neocortical areas are believed to be organized into vertical modules, the cortical columns, and the horizontal layers 1–6. In the somatosensory barrel cortex these columns are defined by the readily discernible barrel structure in layer 4. Information processi
10.1002/cne.23149	Dye Fills Reveal Additional Olfactory Tracts in the Protocerebrum of Wild-Type Drosophila	The Journal of comparative neurology	The antennal lobe (AL) is the primary olfactory center in insect brains. It receives sensory input from the olfactory sensory neurons (OSNs) and sends, through its projection neurons (PNs), reformatted output to secondary olfactory centers, including the mushr
10.1523/jneurosci.0827-12.2012	A GABAergic Inhibitory Neural Circuit Regulates Visual Reversal Learning in Drosophila	Journal of Neuroscience	Inflexible cognition and behavior are prominent features of prefrontal cortex damage and several neuropsychiatric disorders. The ability to flexibly adapt cognitive processing and behavior to dynamically changing environmental contingencies has been studied us
10.7554/elife.81407	CaV1 and CaV2 calcium channels mediate the release of distinct pools of synaptic vesicles	eLife	Activation of voltage-gated calcium channels at presynaptic terminals leads to local increases in calcium and the fusion of synaptic vesicles containing neurotransmitter. Presynaptic output is a function of the density of calcium channels, the dynamic properti
10.1038/s41592-020-0759-2	A virtual reality system to analyze neural activity and behavior in adult zebrafish	Nature Methods	Virtual realities are powerful tools to analyze and manipulate interactions between animals and their environment and to enable measurements of neuronal activity during behavior. In many species, however, optical access to the brain and/or the behavioral reper
10.1073/pnas.051624598	Estrogen increases synaptic connectivity between single presynaptic inputs and multiple postsynaptic CA1 pyramidal cells: A serial electron-microscopi	Proceedings of the National Academy of S	Dendritic spines are sites of the vast majority of excitatory synaptic input to hippocampal CA1 pyramidal cells. Estrogen has been shown to increase the density of dendritic spines on CA1 pyramidal cell dendrites in adult female rats. In parallel with increase
10.1016/j.mcn.2017.05.002	New waves in dendritic spine actin cytoskeleton: From branches and bundles to rings, from actin binding proteins to post-translational modifications.	Molecular and cellular neurosciences	Dendritic spines are small actin-rich protrusions from neuronal dendrites that form the postsynaptic part of most excitatory synapses. Changes in the number or strength of synapses are physiological mechanisms behind learning. The growth and maturation of dend
10.1016/s0074-7742(09)85020-4	Regulated exocytosis from astrocytes physiological and pathological related aspects.	International review of neurobiology	Astrocytes have traditionally been considered ancillary, satellite cells of the nervous system. However, it is a very recent acquisition that glial cells generate signaling loops which are integral to the brain circuitry and participate, interactively with neu
10.1038/s41586-024-07968-y	Network statistics of the whole-brain connectome of Drosophila	Nature	Brains comprise complex networks of neurons and connections, similar to the nodes and edges of artificial networks. Network analysis applied to the wiring diagrams of brains can offer insights into how they support computations and regulate the flow of informa
10.1038/d41586-024-01096-3	A milestone map of mouse-brain connectivity reveals challenging new terrain for scientists	Nature	
10.1016/j.neuron.2014.08.055	The Circuit Architecture of Whole Brains at the Mesoscopic Scale	Neuron	Vertebrate brains of even moderate size are composed of astronomically large numbers of neurons and show a great degree of individual variability at the microscopic scale. This variation is presumably the result of phenotypic plasticity and individual experien
10.1101/250829	A sleep-regulatory circuit integrating circadian, homeostatic and environmental information in Drosophila	bioRxiv	In the wild, when to go to sleep is a critical decision. Sleep onset is controlled by two processes: the circadian clock, and a homeostat measuring sleep drive [1, 2]. Environmental stimuli must also clearly intersect with the circadian clock and/or homeostat 
10.1146/annurev-neuro-080422-111929	How Flies See Motion.	Annual Review of Neuroscience	How neurons detect the direction of motion is a prime example of neural computation: Motion vision is found in the visual systems of virtually all sighted animals, it is important for survival, and it requires interesting computations with well-defined linear 
10.1101/292706	Sparse recurrent excitatory connectivity in the microcircuit of the adult mouse and human cortex	bioRxiv	Generating a comprehensive description of cortical networks requires a large-scale, systematic approach. To that end, the Allen Institute is engaged in a pipeline project using multipatch electrophysiology, supplemented with 2-photon optogenetics, to character
10.1002/(sici)1096-9861(19960617)370:1<1::aid-cne1>3.0.co;2-7	Distributions of two homologous synaptic vesicle proteins, synaptoporin and synaptophysin, in the mammalian retina	The Journal of comparative neurology	Synaptophysin and synaptoporin are homologous proteins that are among the most abundant synaptic vesicle proteins. Despite their high degree of sequence similarity, they are differentially distributed in the brain. The distribution of synaptophysin and synapto
10.3389/fncir.2012.00047	Novel recombinant adeno-associated viruses for Cre activated and inactivated transgene expression in neurons	Front. Neural Circuits	Understanding the organization of the nervous system requires methods for dissecting the contributions of each component cell type to circuit function. One widely used approach combines genetic targeting of Cre recombinase to specific cell populations with inf
10.1093/cercor/bht237	Rescue of NMDAR-dependent synaptic plasticity in Fmr1 knock-out mice.	Cerebral Cortex	Fragile X Syndrome (FXS) is the most common form of inherited intellectual disability and results from a loss of Fragile X mental retardation protein (FMRP). FMRP is important for mRNA shuttling and translational control and binds to proteins important for syn
10.1101/2023.04.07.536020	Reversal learning of visual cues in Heliconiini butterflies	bioRxiv	The mushroom bodies, an integrative region of the insect brain involved in learning and memory, have undergone volumetric increase in several independent lineages includes bees and ants, cockroaches and some beetles. However, the selective pressures driving th
10.1016/j.mce.2023.112122	The neuroendocrine system of Ciona intestinalis Type A, a deuterostome invertebrate and the closest relative of vertebrates.	Molecular and Cellular Endocrinology	Deuterostome invertebrates, including echinoderms, hemichordates, cephalochordates, and urochordates, exhibit common and species-specific morphological, developmental, physiological, and behavioral characteristics that are regulated by neuroendocrine and nervo
10.1038/srep45128	Superoxide dismutase SOD-1 modulates C. elegans pathogen avoidance behavior	Scientific Reports	The C. elegans nervous system mediates protective physiological and behavioral responses amid infection. However, it remains largely unknown how the nervous system responds to reactive oxygen species (ROS) activated by pathogenic microbes during infection. Her
10.1016/j.neuroimage.2021.118530	Connectome 2.0: Developing the next-generation ultra-high gradient strength human MRI scanner for bridging studies of the micro-, meso- and macro-conn	NeuroImage	The first phase of the Human Connectome Project pioneered advances in MRI technology for mapping the macroscopic structural connections of the living human brain through the engineering of a whole-body human MRI scanner equipped with maximum gradient strength 
10.1002/cne.70026	The Synaptic Complexity of a High‐Integration Lobula Giant Neuron in Crabs	The Journal of comparative neurology	Arthropods are diverse, abundant, successful animals that exploit all available ecological niches. They sense the environment, move, interact with prey/predators/conspecifics, learn, and so forth using small brains with five orders of magnitude less neurons th
10.1371/journal.pcbi.1000251	The Morphological Identity of Insect Dendrites	PLoS Comput. Biol.	Dendrite morphology, a neuron's anatomical fingerprint, is a neuroscientist's asset in unveiling organizational principles in the brain. However, the genetic program encoding the morphological identity of a single dendrite remains a mystery. In order to obtain
10.1038/s41586-025-08840-3	Functional connectomics reveals general wiring rule in mouse visual cortex	Nature	Understanding the relationship between circuit connectivity and function is crucial for uncovering how the brain computes. In mouse primary visual cortex, excitatory neurons with similar response properties are more likely to be synaptically connected1, 2, 3, 
10.1007/s10827-013-0478-0	Fast state-space methods for inferring dendritic synaptic connectivity	Journal of Computational Neuroscience	We present fast methods for filtering voltage measurements and performing optimal inference of the location and strength of synaptic connections in large dendritic trees. Given noisy, subsampled voltage observations we develop fast l1-penalized regression meth
10.1201/9781317553830	Principles of Neurobiology		1. An Invitation to Neurobiology 2. Signaling within Neurons 3. Signaling across Synapses 4. Vision 5. Wiring of the Visual System 6. Olfaction, Taste, Audition, and Somatosensation 7. Wiring of the Nervous System 8. Motor and Regulatory Systems 9. Sexual Beha
10.1038/s41593-022-01086-6	Learning binds new inputs into functional synaptic clusters via spinogenesis	Nature Neuroscience	Learning induces the formation of new excitatory synapses in the form of dendritic spines, but their functional properties remain unknown. Here, using longitudinal in vivo two-photon imaging and correlated electron microscopy of dendritic spines in the motor c
10.1117/12.3032298	On the cusp of x-ray tomographic mapping of the human brain and its 1011 cells	Optical Engineering + Applications	The human brain contains 86 billion cells, but so far only a part could be visualized. The task corresponds to the acquisition and treatment of a petabyte-size dataset – analogous to plotting every star in the Milky Way. We demonstrated the feasibility of cell
10.1101/2025.08.02.667727	Global excitatory synchrony: Ketamine induces global common-mode excitatory network oscillation by decoupling key interneurons	bioRxiv	Ketamine is a dissociative anesthetic used in subanesthetic doses with analgesic and anti-depressive properties. However, its mechanistic effects on neuronal signaling and circuit function remain underexplored. We address this shortcoming by employing multi-ne
10.1146/annurev.neuro.31.060407.125646	Balancing structure and function at hippocampal dendritic spines.	Annual Review of Neuroscience	Dendritic spines are the primary recipients of excitatory input in the central nervous system. They provide biochemical compartments that locally control the signaling mechanisms at individual synapses. Hippocampal spines show structural plasticity as the basi
10.1016/j.neuron.2018.08.037	Communication from Learned to Innate Olfactory Processing Centers Is Required for Memory Retrieval in Drosophila	Neuron	Summary The behavioral response to a sensory stimulus may depend on both learned and innate neuronal representations. How these circuits interact to produce appropriate behavior is unknown. In Drosophila, the lateral horn (LH) and mushroom body (MB) are though
10.1093/cercor/bhaa134	Rapid Neuronal Ultrastructure Disruption and Recovery during Spreading Depolarization-Induced Cytotoxic Edema.	Cerebral Cortex	Two major pathogenic events that cause acute brain damage during neurologic emergencies of stroke, head trauma, and cardiac arrest are spreading depolarizing waves and the associated brain edema that course across the cortex injuring brain cells. Virtually not
10.1016/s0306-4522(03)00557-8	The influence of the extracellular matrix on the morphology and intracellular pH of cultured astrocytes exposed to media lacking bicarbonate.	Neuroscience	In previous work we showed that the polygonal shape of hippocampal astrocytes cultured on poly-L-lysine changes to a stellate morphology with loss of actinomyosin stress fibers on exchanging the culture medium for saline buffered with HEPES [Brain Res 946 (200
10.1007/s12017-018-8515-9	The Toll Pathway in the Central Nervous System of Flies and Mammals	Neuromolecular medicine	Toll receptors, first identified to regulate embryogenesis and immune responses in the adult fly and subsequently defined as the principal sensors of infection in mammals, are increasingly appreciated for their impact on the homeostasis of the central as well 
10.1016/j.neuron.2020.08.004	Circuitry Underlying Experience-Dependent Plasticity in the Mouse Visual System	Neuron	Since the discovery of ocular dominance plasticity, neuroscientists have understood that changes in visual experience during a discrete developmental time, the critical period, trigger robust changes in the visual cortex. State-of-the-art tools used to probe c
10.1016/j.cub.2023.12.003	Molecular organization of neuronal cell types and neuromodulatory systems in the zebrafish telencephalon	Current Biology	Summary The function of neuronal networks is determined not only by synaptic connectivity but also by neuromodulatory systems that broadcast information via distributed connections and volume transmission. To understand the molecular constraints that organize 
10.1016/j.cobeha.2017.05.011	The frontiers of insect cognition	Current Opinion in Behavioral Sciences	
10.1038/s41592-023-01848-5	BigNeuron: a resource to benchmark and predict performance of algorithms for automated tracing of neurons in light microscopy datasets	Nature Methods	BigNeuron is an open community bench-testing platform with the goal of setting open standards for accurate and fast automatic neuron tracing. We gathered a diverse set of image volumes across several species that is representative of the data obtained in many 
10.3389/fncir.2023.1223334	Distinctive features of the central synaptic organization of Drosophila larval proprioceptors	Frontiers in Neural Circuits	Proprioceptive feedback is critically needed for locomotor control, but how this information is incorporated into central proprioceptive processing circuits remains poorly understood. Circuit organization emerges from the spatial distribution of synaptic conne
10.1101/2022.02.23.481655	Olfactory responses of Drosophila are encoded in the organization of projection neurons	bioRxiv	The projection neurons (PNs), reconstructed from electron microscope (EM) images of the Drosophila olfactory system, offer a detailed view of neuronal anatomy, providing glimpses into information flow in the brain. About 150 uPNs constituting 58 glomeruli in t
10.1109/tcbb.2023.3279443	The Intrinsic Similarity of Topological Structure in Biological Neural Networks	IEEE/ACM Transactions on Computational B	Most previous studies mainly have focused on the analysis of structural properties of individual neuronal networks from C. elegans. In recent years, an increasing number of synapse-level neural maps, also known as biological neural networks, have been reconstr
10.1016/j.isci.2020.101588	Signal Decoding for Glutamate Modulating Egg Laying Oppositely in Caenorhabditiselegans under Varied Environmental Conditions	iScience	Summary Animals' ability to sense environmental cues and to integrate this information to control fecundity is vital for continuing the species lineage. In this study, we observed that the sensory neurons Amphid neuron (ASHs and ADLs) differentially regulate e
10.1101/2020.08.20.259192	Local inhibitory control of frontal network metastability underlies the temporal signature of cognitive states	bioRxiv	Cortical neural dynamics organizes over multiple anatomical and temporal scales. The mechanistic origin of the temporal organization and its contribution to cognition remain unknown. Here we demonstrate that a temporal signature (autocorrelogram time constant 
10.1515/mim-2024-0007	Serial block-face scanning electron microscopy of adherent cells on thin plastic substrate	Methods in Microscopy	Abstract Serial block-face (SBF) scanning electron microscopy (SEM) is used for imaging the entire internal ultrastructure of cells, tissue samples or small organisms. Here, we present a workflow for SBF SEM of adherent cells, such as Giardia parasites and HeL
10.3390/genes11020157	Behavioral Evolution of Drosophila: Unraveling the Circuit Basis	Genes	Behavior is a readout of neural function. Therefore, any difference in behavior among different species is, in theory, an outcome of interspecies diversification in the structure and/or function of the nervous system. However, the neural diversity underlying t
10.1016/j.neuron.2019.06.005	Thalamo-cortical circuit motifs: a general framework	Neuron	The role of the thalamus in cortical sensory transmission is well-known, but its broader role in cognition is less appreciated. Recent studies have shown thalamic engagement in dynamic regulation of cortical activity in attention, executive control and percept
10.1101/2024.11.19.623228	U-Net Ensembles for Segmentation of High-Density Cell Populations and Organelles		The complex and highly intertwined morphology of activated platelets within blood clot thrombi poses significant challenges for segmentation. Here we develop a robust machine vision pipeline for cell and organelle segmentation within volume electron microscope
10.1016/j.knosys.2021.107485	CS-Net: Instance-aware cellular segmentation with hierarchical dimension-decomposed convolutions and slice-attentive learning	Knowledge-Based Systems	Abstract Cellular segmentation in kinds of microscopy images is a fundamental prerequisite in the workflow of many biomedical applications. However, accurate segmentation of plenty of cellular instances faces several challenges, including instance-size imbalan
10.1113/jp288411	Amacrine cell inputs to OFF midget ganglion cells in macaque retina	Journal of Physiology	In primates, the OFF midget retinal ganglion cells (OFF mRGCs) have a high spatial density and small dendritic arbors. Their axons provide input to the parvocellular pathway mediating both colour vision and the highest-acuity spatial vision. This study aimed t
10.1016/j.cub.2025.01.025	Play-like behavior exhibited by the vinegar fly Drosophila melanogaster.	Current Biology	Anecdotal accounts about animals repeatedly exposing themselves to sources of passive movement by engaging with swings, slides, or carousels are generally assumed to be "play." Criteria for play-like behavior require the activity to be (1) of no immediate rele
10.1017/s0952523800009901	Mechanism and site of action of a dopamine D1 antagonist in the rabbit retina	Visual Neuroscience	Abstract Dopamine D 1 antagonists have been shown to alter drastically the spontaneous and light-evoked activity of ganglion cells in the rabbit retina (Jensen &amp; Daw, 1984, 1986). A major target of dopaminergic neurons in mammalian retinas appears to be ro
10.1146/annurev-vision-102016-061345	Inhibitory Interneurons in the Retina: Types, Circuitry, and Function.	Annual Review of Vision Science	Visual signals in the vertebrate retina are shaped by feedback and feedforward inhibition in two synaptic layers. In one, horizontal cells establish fundamental center-surround receptive-field properties via morphologically and physiologically complex synapses
10.3389/fncir.2017.00064	Distinct Temporal Coordination of Spontaneous Population Activity between Basal Forebrain and Auditory Cortex	Front. Neural Circuits	The basal forebrain (BF) has long been implicated in attention, learning and memory, and recent studies have established a causal relationship between artificial BF activation and arousal. However, neural ensemble dynamics in the BF still remains unclear. Here
10.1016/j.tins.2018.10.005	Molecular Mechanisms of the Memory Trace	Trends in Neurosciences	Over the past half-century, we have gained significant insights into the molecular biology of long-term memory storage at the level of the synapse. In recent years, our understanding of the cellular architecture supporting long-term memory traces has also subs
10.1038/s41598-019-38791-5	Automated behavioural analysis reveals the basic behavioural repertoire of the urochordate Ciona intestinalis	Scientific Reports	Quantitative analysis of animal behaviour in model organisms is becoming an increasingly essential approach for tackling the great challenge of understanding how activity in the brain gives rise to behaviour. Here we used automated image-based tracking to extr