10.1016/j.neuroscience.2007.07.063	Glial glutamate transporter 1 regulates the spatial and temporal coding of glutamatergic synaptic transmission in spinal lamina II neurons.	Neuroscience	Glutamatergic synaptic transmission is a dynamic process determined by the amount of glutamate released by presynaptic sites, the clearance of glutamate in the synaptic cleft, and the properties of postsynaptic glutamate receptors. Clearance of glutamate in th
10.1101/lm.041830.116	Dopamine receptor DOP-4 modulates habituation to repetitive photoactivation of a C. elegans polymodal nociceptor	Learning & memory (Cold Spring Harbor, N	Habituation is a highly conserved phenomenon that remains poorly understood at the molecular level. Invertebrate model systems, like Caenorhabditis elegans, can be a powerful tool for investigating this fundamental process. Here we established a high-throughpu
10.1038/364144a0	Stratification of ON and OFF ganglion cell dendrites depends on glutamate-mediated afferent activity in the developing retina	Nature	A fundamental attribute of the vertebrate visual system is the segregation of ON and OFF pathways signalling increments and decrements of light. In the mature retina, dendrites of ON- and OFF-centre retinal ganglion cells (RGCs) stratify in different sublamina
10.1126/science.aan8866	Big data and the industrialization of neuroscience: A safe roadmap for understanding the brain?	Science	New technologies in neuroscience generate reams of data at an exponentially increasing rate, spurring the design of very-large-scale data-mining initiatives. Several supranational ventures are contemplating the possibility of achieving, within the next decade(
10.1016/j.bbrc.2020.06.046	Unique synaptic topography of crest-type synapses in the interpeduncular nucleus.	Biochemical and Biophysical Research Com	Neurons in the central nervous system display a great diversity of synaptic architecture. While much of our knowledge on the excitatory synapse morphology derives from the prototypical asymmetric synapses, little has been studied about the atypical crest-type 
10.1101/2023.02.15.528627	Restructuring of olfactory representations in the fly brain around odor relationships in natural sources	bioRxiv	A core challenge of olfactory neuroscience is to understand how neural representations of odor are generated and progressively transformed across different layers of the olfactory circuit into formats that support perception and behavior. The encoding of odor 
10.1073/pnas.1610621114	Applying gene regulatory network logic to the evolution of social behavior	Proceedings of the National Academy of S	Animal behavior is ultimately the product of gene regulatory networks (GRNs) for brain development and neural networks for brain function. The GRN approach has advanced the fields of genomics and development, and we identify organizational similarities between
10.3109/01677063.2013.876022	Neural Circuits for Elementary Motion Detection	Journal of neurogenetics	Detecting the direction of image motion is a fundamental component of visual computation and is essential for survival of the animal. However, at the level of the photoreceptors, the direction in which the image is shifting locally is not explicitly represente
10.1126/science.1224896	Neurexin and Neuroligin Mediate Retrograde Synaptic Inhibition in C. elegans	Science	Keep on Neurexin Mutations altering neurexin and neuroligin have been linked to several psychiatric disorders, including autism and schizophrenia. However, it remains uncertain how these mutations alter neural circuit development and function. Working in the n
10.3390/nano15231752	Nanoscale Imaging of Biological Tissues: Techniques, Challenges and Emerging Frontiers	Nanomaterials	Nanoscale characterization of biological tissues bridges molecular identity with structural, mechanical, and chemical organization, enabling high-resolution insights into intact specimens. This review provides a comprehensive overview of the principal imaging 
10.1371/journal.pcbi.1007835	Autonomous emergence of connectivity assemblies via spike triplet interactions	bioRxiv	Non-random connectivity can emerge without structured external input driven by activity-dependent mechanisms of synaptic plasticity based on precise spiking patterns. Here we analyze the emergence of global structures in recurrent networks based on a triplet m
10.1038/ncomms5974	In vivo single-molecule imaging identifies altered dynamics of calcium channels in dystrophin-mutant C. elegans	Nature Communications	Single-molecule (SM) fluorescence microscopy allows the imaging of biomolecules in cultured cells with a precision of a few nanometres but has yet to be implemented in living adult animals. Here we used split-GFP (green fluorescent protein) fusions and complem
10.7554/elife.65894	CEM500K, a large-scale heterogeneous unlabeled cellular electron microscopy image dataset for deep learning	bioRxiv	Automated segmentation of cellular electron microscopy (EM) datasets remains a challenge. Supervised deep learning (DL) methods that rely on region-of-interest (ROI) annotations yield models that fail to generalize to unrelated datasets. Newer unsupervised DL 
10.3389/fnana.2024.1403170	Network analysis of marmoset cortical connections reveals pFC and sensory clusters	bioRxiv	A new analysis is presented of the retrograde tracer measurements of connections between anatomical areas of the marmoset cortex. The original normalisation of raw data yields the fractional link weight measure, FLNe. That is re-examined to consider other poss
10.7554/elife.08964	Protocadherin-dependent dendritic self-avoidance regulates neural connectivity and circuit function	eLife	Dendritic and axonal arbors of many neuronal types exhibit self-avoidance, in which branches repel each other. In some cases, these neurites interact with those of neighboring neurons, a phenomenon called self/non-self discrimination. The functional roles of t
10.1016/j.cell.2016.07.041	Proteomic analysis of unbounded cellular compartments: synaptic clefts	Cell	SUMMARY Cellular compartments that cannot be biochemically isolated are challenging to characterize. Here we demonstrate the proteomic characterization of the synaptic clefts that exist at both excitatory and inhibitory synapses. Normal brain function relies o
10.3389/fnins.2020.00072	Multiscale Imaging Approach for Studying the Central Nervous System: Methodology and Perspective	Frontiers in Neuroscience	Non-invasive imaging methods have become essential tools for understanding the central nervous system (CNS) in health and disease. In particular, magnetic resonance imaging (MRI) techniques provide information about the anatomy, microstructure, and function of
10.1016/s0959-4388(00)00223-3	A neuron-glia signalling network in the active brain.	Current Opinion in Neurobiology	Glial cells are active partners of neurons in processing information and synaptic integration. They receive coded signals from synapses and elaborate modulatory responses. The active properties of glia, including long-range signalling and regulated transmitter
10.1007/s12154-009-0033-7	Towards native-state imaging in biological context in the electron microscope	Journal of chemical biology	Modern cell biology is reliant on light and fluorescence microscopy for analysis of cells, tissues and protein localisation. However, these powerful techniques are ultimately limited in resolution by the wavelength of light. Electron microscopes offer much gre
10.3390/ijms24054432	Disorder of Golgi Apparatus Precedes Anoxia-Induced Pathology of Mitochondria	International Journal of Molecular Scien	Mitochondrial malfunction and morphologic disorganization have been observed in brain cells as part of complex pathological changes. However, it is unclear what may be the role of mitochondria in the initiation of pathologic processes or if mitochondrial disor
10.1371/journal.pbio.1002516	LKB1 Regulates Mitochondria-Dependent Presynaptic Calcium Clearance and Neurotransmitter Release Properties at Excitatory Synapses along Cortical Axon	PLoS Biology	Individual synapses vary significantly in their neurotransmitter release properties, which underlie complex information processing in neural circuits. Presynaptic Ca2+ homeostasis plays a critical role in specifying neurotransmitter release properties, but the
10.31234/osf.io/dr7zh	Connectomics of Human Electrophysiology	NeuroImage	We present both a scientific overview and conceptual positions concerning the challenges and assets of electrophysiological measurements in the search for the nature and functions of the human connectome. We discuss how the field has been inspired by findings 
10.1016/j.celrep.2016.09.051	Gene Function Prediction Based on Developmental Transcriptomes of the Two Sexes in C. elegans	Cell Reports	SUMMARY We compare whole-animal RNA-seq transcriptomes for C. elegans males and hermaphrodites from the late L3 larval stage to young adulthood. During this interval, male sexual structures develop, including extensive neurogenesis and synaptogenesis that near
10.1101/2021.01.28.428620	A unified mechanism to support innate and learned use of visual landmark guidance in insects	bioRxiv	Insects can navigate efficiently in both novel and familiar environments, and this requires flexiblity in how they are guided by sensory cues. A prominent landmark, for example, can ellicit strong innate behaviours (attraction or menotaxis) but can also be use
10.1126/science.ads6674	Spatial and morphological organization of mitochondria in neurons across a connectome	Science	Neuronal function depends on mitochondria, but little is known about their organization across neurons. Using an electron microscopy Drosophila connectome, we uncovered quantitative rules governing the morphology and positioning of hundreds of thousands of mit
10.1073/pnas.2201699120	The synaptic organization in the Caenorhabditis elegans neural network suggests significant local compartmentalized computations	Proceedings of the National Academy of S	Significance Analysis of the Caenorhabditis elegans neural network reveals a surprising discrete clustered organization of the synapses. This organization can support local compartmentalized activities where several computations may be performed in parallel al
10.7554/elife.80445	Postsynaptic plasticity of cholinergic synapses underlies the induction and expression of appetitive and familiarity memories in Drosophila	eLife	In vertebrates, several forms of memory-relevant synaptic plasticity involve postsynaptic rearrangements of glutamate receptors. In contrast, previous work indicates that Drosophila and other invertebrates store memories using presynaptic plasticity of choline
10.1007/s10827-022-00840-w	A general pattern of non-spiking neuron dynamics under the effect of potassium and calcium channel modifications	Journal of Computational Neuroscience	Electrical activity of excitable cells results from ion exchanges through cell membranes, so that genetic or epigenetic changes in genes encoding ion channels are likely to affect neuronal electrical signaling throughout the brain. There is a large literature 
10.1016/j.jneumeth.2020.109005	Can transsynaptic viral strategies be used to reveal functional aspects of neural circuitry?	Journal of Neuroscience Methods	Viruses have proved instrumental to elucidating neuronal connectivity relationships in a variety of organisms. Recent advances in genetic technologies have facilitated analysis of neurons directly connected to a defined starter population. These advances have 
10.3389/fncel.2015.00067	Contribution of sublinear and supralinear dendritic integration to neuronal computations	Frontiers in Cellular Neuroscience	Nonlinear dendritic integration is thought to increase the computational ability of neurons. Most studies focus on how supralinear summation of excitatory synaptic responses arising from clustered inputs within single dendrites result in the enhancement of neu
10.1371/journal.pbio.1002231	Neocortical Rebound Depolarization Enhances Visual Perception	PLoS Biology	Animals are constantly exposed to the time-varying visual world. Because visual perception is modulated by immediately prior visual experience, visual cortical neurons may register recent visual history into a specific form of offline activity and link it to l
10.7554/elife.59614	Ubiquitin-dependent regulation of a conserved DMRT protein controls sexually dimorphic synaptic connectivity and behavior	eLife	Sex-specific synaptic connectivity is beginning to emerge as a remarkable, but little explored feature of animal brains. We describe here a novel mechanism that promotes sexually dimorphic neuronal function and synaptic connectivity in the nervous system of th
10.1016/j.cell.2023.04.023	Dissecting the Functional Organization of the C. elegans Serotonergic System at Whole-Brain Scale	Cell	SUMMARY Serotonin influences many aspects of animal behavior. But how serotonin acts on its diverse receptors across the brain to modulate global activity and behavior is unknown. Here, we examine how serotonin release in C. elegans alters brain-wide activity 
10.1016/j.actbio.2011.02.024	Investigation of cell-substrate interactions by focused ion beam preparation and scanning electron microscopy.	Acta Biomaterialia	Cell-substrate interactions, which are an important issue in tissue engineering, have been studied using focused ion beam (FIB) milling and scanning electron microscopy (SEM). Sample cross-sections were generated at predefined positions (target preparation) to
10.1109/iccvw.2019.00473	Removing Imaging Artifacts in Electron Microscopy using an Asymmetrically Cyclic Adversarial Network without Paired Training Data	2019 IEEE/CVF International Conference o	We propose an asymmetrically cyclic adversarial network that performs denoising tasks to improve electron microscopy (EM) image analysis. Deep learning-based denoising methods have typically been trained either with matching pairs of noise-free and noise-corru
10.3791/56162	Volume Segmentation and Analysis of Biological Materials Using SuRVoS (Super-region Volume Segmentation) Workbench	Journal of Visualized Experiments	Segmentation is the process of isolating specific regions or objects within an imaged volume, so that further study can be undertaken on these areas of interest. When considering the analysis of complex biological systems, the segmentation of three-dimensional
10.1038/s41587-019-0078-2	Brain maps at the nanoscale	Nature Biotechnology	Large brain tissue sections are imaged with nanoscale resolution using expansion and lattice light sheet microscopy.
10.1093/genetics/iyad064	Visual processing in the fly, from photoreceptors to behavior	Genetics	Abstract Originally a genetic model organism, the experimental use of Drosophila melanogaster has grown to include quantitative behavioral analyses, sophisticated perturbations of neuronal function, and detailed sensory physiology. A highlight of these develop
10.1016/j.tics.2013.10.005	Light microscopy mapping of connections in the intact brain.	Trends in Cognitive Sciences	Mapping of neural connectivity across the mammalian brain is a daunting and exciting prospect. Current approaches can be divided into three classes: macroscale, focusing on coarse inter-regional connectivity; mesoscale, involving a finer focus on neurons and p
10.1016/j.neuron.2011.07.023	Computational models of grid cells.	Neuron	Grid cells are space-modulated neurons with periodic firing fields. In moving animals, the multiple firing fields of an individual grid cell form a triangular pattern tiling the entire space available to the animal. Collectively, grid cells are thought to prov
10.1007/s00359-006-0117-6	How silent is the brain: is there a “dark matter” problem in neuroscience?	Journal of Comparative Physiology	Evidence from a variety of recording methods suggests that many areas of the brain are far more sparsely active than commonly thought. Here, we review experimental findings pointing to the existence of neurons which fire action potentials rarely or only to ver
10.1038/s41592-025-02692-5	Imaging neuronal voltage beyond the scattering limit	bioRxiv	Voltage imaging is a promising technique for high-speed recording of neuronal population activity. However, tissue scattering severely limits its application in dense neuronal populations. Here, we adopted the principle of localization microscopy, a technique 
10.1017/s095252380707040x	Narrow and wide field amacrine cells fire action potentials in response to depolarization and light stimulation	Visual Neuroscience	Action potentials in amacrine cells are important for lateral propagation of signals across the inner retina, but it is unclear how many subclasses of amacrine cells contain voltage-gated sodium channels or can fire action potentials. This study investigated t
10.1016/j.conb.2014.02.002	Computational neuroscience: beyond the local circuit.	Current Opinion in Neurobiology	Computational neuroscience has focused largely on the dynamics and function of local circuits of neuronal populations dedicated to a common task, such as processing a common sensory input, storing its features in working memory, choosing between a set of optio
10.1016/j.conb.2015.04.003	On simplicity and complexity in the brave new world of large-scale neuroscience.	Current Opinion in Neurobiology	Technological advances have dramatically expanded our ability to probe multi-neuronal dynamics and connectivity in the brain. However, our ability to extract a simple conceptual understanding from complex data is increasingly hampered by the lack of theoretica
10.3390/fractalfract9010009	Relating the Morphology of Bipolar Neurons to Fractal Dimension	Fractal and Fractional	By analyzing reconstructed three-dimensional images of retinal bipolar neurons, we show that their dendritic arbors weave through space in a manner that generates fractal-like behavior quantified by an ‘effective’ fractal dimension. Examining this fractal weav
10.3389/fnhum.2019.00044	Genes, Cells and Brain Areas of Intelligence	Frontiers in Human Neuroscience	What is the neurobiological basis of human intelligence? The brains of some people seem to be more efficient than those of others. Understanding the biological foundations of these differences is of great interest to basic and applied neuroscience. Somehow, th
10.3389/fopht.2023.1305131	When microscopy and electrophysiology meet connectomics—Steve Massey’s contribution to unraveling the structure and function of the rod/cone gap junct	Frontiers in Ophthalmology	Electrical synapses, formed of gap junctions, are ubiquitous components of the central nervous system (CNS) that shape neuronal circuit connectivity and dynamics. In the retina, electrical synapses can create a circuit, control the signal-to-noise ratio in ind
10.1002/cne.24089	Three-dimensional synaptic analyses of mitral cell and external tufted cell dendrites in rat olfactory bulb glomeruli	The Journal of comparative neurology	Recent studies have suggested that the two excitatory cell classes of the mammalian olfactory bulb, the mitral cells (MCs) and tufted cells (TCs), differ markedly in physiological responses. For example, TCs are more sensitive and broadly tuned to odors than M
10.1371/journal.pcbi.1005177	Deep Learning Automates the Quantitative Analysis of Individual Cells in Live-Cell Imaging Experiments	PLoS Comput. Biol.	Live-cell imaging has opened an exciting window into the role cellular heterogeneity plays in dynamic, living systems. A major critical challenge for this class of experiments is the problem of image segmentation, or determining which parts of a microscope ima
10.1101/2021.05.12.443799	Scale-free behavioral dynamics directly linked with scale-free cortical dynamics	bioRxiv	Naturally occurring body movements and collective neural activity both exhibit complex dynamics, often with scale-free, fractal spatiotemporal structure. Scale-free dynamics of both brain and behavior are each associated with functional benefits to the organis
10.1371/journal.pcbi.1003994	Developmental Self-Construction and -Configuration of Functional Neocortical Neuronal Networks	PLoS Comput. Biol.	The prenatal development of neural circuits must provide sufficient configuration to support at least a set of core postnatal behaviors. Although knowledge of various genetic and cellular aspects of development is accumulating rapidly, there is less systematic
10.1016/j.neuron.2009.10.015	Classical MHCI molecules regulate retinogeniculate refinement and limit ocular dominance plasticity	Neuron	Major histocompatibility complex Class I (MHCI) genes were discovered unexpectedly in healthy CNS neurons in a screen for genes regulated by neural activity. In mice lacking just 2 of the 50+ MHCI genes H2-Kb and H2-Db, ocular dominance (OD) plasticity is enha
10.70675/8b297dc9zb72bz4762z951dz9ab52c80ce77	Synaptic connectivity and head-direction signal integration in the mouse presubiculum		  Le présubiculum (PrS) est une structure clé pour le codage de l’orientation spatiale ; il est localisé entre l’hippocampe et le cortex entorhinal. Il fait partie du circuit de direction de la tête, et ses neurones sont sensibles à la direction de la tête. Le
10.1038/s44335-024-00016-y	Hyper Flexible Neural Networks Rapidly Switch between Logic Operations in a Compact Four Neuron Circuit	bioRxiv	Biological neural circuits at various levels exhibit rapid adaptability to diverse environmental stimuli. Such fast response times imply that adaptation cannot rely solely on synaptic plasticity, which operates on a much slower timescale. Instead, circuits mus
10.1038/srep00100	Are mental properties supervenient on brain properties?	Scientific Reports	The “mind-brain supervenience” conjecture suggests that all mental properties are derived from the physical properties of the brain. To address the question of whether the mind supervenes on the brain, we frame a supervenience hypothesis in rigorous statistica
10.1111/joa.12358	The human medial amygdala: structure, diversity, and complexity of dendritic spines	Journal of Anatomy	Abstract The medial nucleus of the amygdala (Me) is a component of the neural circuit for the interpretation of multimodal sensory stimuli and the elaboration of emotions and social behaviors in primates. We studied the presence, distribution, diverse shape, a
10.1113/jp287958	The mysterious middlemen making your vision pop: understanding the function of amacrine cells	Journal of Physiology	In many brain regions, inhibitory interneurons represent a highly diverse class of cells, and the specific roles of most subtypes remain unclear. This diversity is particularly striking in the retina, where amacrine cells, the primary inhibitory interneurons, 
10.1371/journal.pcbi.1013115	RETINA: Reconstruction-based pre-trained enhanced TransUNet for electron microscopy segmentation on the CEM500K dataset	bioRxiv	Electron microscopy (EM) has revolutionized our understanding of cellular structures at the nanoscale. Accurate image segmentation is required for analyzing EM images. While manual segmentation is reliable, it is labor-intensive, incentivizing the development 
10.7554/elife.48361	Direct glia-to-neuron transdifferentiation gives rise to a pair of male-specific neurons that ensure nimble male mating	eLife	Sexually dimorphic behaviours require underlying differences in the nervous system between males and females. The extent to which nervous systems are sexually dimorphic and the cellular and molecular mechanisms that regulate these differences are only beginnin
10.1038/nature11110	Clonally Related Visual Cortical Neurons Show Similar Stimulus Feature Selectivity	Nature	A fundamental feature of the mammalian neocortex is its columnar organization. In the visual cortex, functional columns consisting of neurons with similar orientation preferences have been characterized extensively, but how these columns are constructed during
10.3389/frsle.2023.1145203	Regulation of dendritic spines in the amygdala following sleep deprivation	Frontiers in Sleep	The amygdala is a hub of emotional circuits involved in the regulation of cognitive and emotional behaviors and its critically involved in emotional reactivity, stress regulation, and fear memory. Growing evidence suggests that the amygdala plays a key role in
10.1016/j.neuroimage.2014.12.061	Deep Convolutional Neural Networks for Multi-Modality Isointense Infant Brain Image Segmentation	NeuroImage	The segmentation of infant brain tissue images into white matter (WM), gray matter (GM), and cerebrospinal fluid (CSF) plays an important role in studying early brain development in health and disease. In the isointense stage (approximately 6–8 months of age),
10.1523/jneurosci.07-12-04054.1987	The actions of serotonergic agonists and antagonists on the activity of brisk ganglion cells in the rabbit retina	Journal of Neuroscience	Extracellular electrophysiological recordings were obtained from rabbit retinal ganglion cells in either a superfused eyecup or an in vivo preparation. Selective antagonists or agonists of serotonin at the 5- HT2 or 5-HT1A receptors were applied, and the chang
10.1016/j.neunet.2019.08.002	Stochasticity from function - why the Bayesian brain may need no noise	Neural Networks	An increasing body of evidence suggests that the trial-to-trial variability of spiking activity in the brain is not mere noise, but rather the reflection of a sampling-based encoding scheme for probabilistic computing. Since the precise statistical properties 
10.1038/s41467-025-60679-4	Brain region-specific gain modulation of place cells by VIP neurons	Nature Communications	Gain modulation allows neurons to dynamically adjust their responsiveness to inputs without changing selectivity. While well-characterized in sensory areas, its role in higher-order brain regions governing spatial navigation and memory is unclear. Here, we use
10.1038/ncomms14613	Evolution of complexity in the zebrafish synapse proteome	Nature Communications	The proteome of human brain synapses is highly complex and is mutated in over 130 diseases. This complexity arose from two whole-genome duplications early in the vertebrate lineage. Zebrafish are used in modelling human diseases; however, its synapse proteome 
10.3389/fphys.2021.719038	Behavior Individuality: A Focus on Drosophila melanogaster	Frontiers in Physiology	Among individuals, behavioral differences result from the well-known interplay of nature and nurture. Minute differences in the genetic code can lead to differential gene expression and function, dramatically affecting developmental processes and adult behavio
10.1109/cvpr.2012.6247777	Efficient automatic 3D-reconstruction of branching neurons from EM data	2012 IEEE Conference on Computer Vision 	We present an approach for the automatic reconstruction of neurons from 3D stacks of electron microscopy sections. The core of our system is a set of possible assignments, each of which proposes with some cost a link between neuron regions in consecutive secti
10.1093/pnasnexus/pgae261	Nondifferentiable activity in the brain	bioRxiv	Spike rasters of multiple neurons show vertical stripes, indicating that neurons exhibit synchronous activity in the brain. We seek to determine whether these coherent dynamics are caused by smooth brainwave activity or by something else. By analyzing biologic
10.1111/jmi.12262	Metallothionein as a clonable tag for protein localization by electron microscopy of cells	Journal of Microscopy	A benign, clonable tag for the localization of proteins by electron microscopy of cells would be valuable, especially if it provided labelling with high signal‐to‐noise ratio and good spatial resolution. Here we explore the use of metallothionein as such a loc
10.5483/bmbrep.2009.42.11.705	The expanding reach of the GAL4/UAS system into the behavioral neurobiology of Drosophila.	BMB Reports	Our understanding of the relationships between genes, brains, and behaviors has changed a lot since the first behavioral mutants were isolated in the fly bottles of the Benzer lab at Caltech (1), but Drosophila is still an excellent model system for studying t
10.1002/hipo.23139	Degeneracy in hippocampal physiology and plasticity	bioRxiv	Degeneracy, defined as the ability of structurally disparate elements to perform analogous function, has largely been assessed from the perspective of maintaining robustness of physiology or plasticity. How does the framework of degeneracy assimilate into an e
10.1016/j.celrep.2025.116458	Combined somatic mutation and transcriptome analysis reveals region-specific differences in clonal architecture in human cortex	Cell Reports	SUMMARY The human cerebral cortex is specialized into regions, but little is known about how human cellular lineages shape cortical regional variation and neuronal cell-type distribution during development. Here, we map single-cell lineages of human cortical r
10.12688/molpsychol.17564.1	A historical perspective on the insect central complex: Anatomy, development, and function	Molecular Psychology: Brain, Behavior, a	The central complex (CX), a remarkable brain region at the core of insect behaviors, has been the subject of extensive research for decades. In this review, we offer a comprehensive historical perspective on the anatomy, development, and function of the CX. Th
10.1016/j.neubiorev.2026.106581	Biological substrates of structure-function coupling in brain networks.	Neuroscience and Biobehavioral Reviews	In this review, we draw insight from the fields of neurobiology and computational neuroscience to address a fundamental question: Why does the correlation between structural and functional connectivity vary across the human cortex? We begin by summarizing empi
10.1371/journal.pcbi.1002384	Non-Additive Coupling Enables Propagation of Synchronous Spiking Activity in Purely Random Networks	PLoS Comput. Biol.	Despite the current debate about the computational role of experimentally observed precise spike patterns it is still theoretically unclear under which conditions and how they may emerge in neural circuits. Here, we study spiking neural networks with non-addit
10.3389/fphys.2016.00244	Comparative Neuroanatomy of the Lateral Accessory Lobe in the Insect Brain	Frontiers in Physiology	The lateral accessory lobe (LAL) mediates signals from the central complex to the thoracic motor centers. The results obtained from different insects suggest that the LAL is highly relevant to the locomotion. Perhaps due to its deep location and lack of clear 
10.1016/0959-4388(94)90099-x	Dendritic calcium dynamics.	Current Opinion in Neurobiology	Further characterization of the biochemical components that contribute to calcium handling, together with advances in optical imaging of ion concentration, are providing quantitative information on the dynamics of calcium in the dendrites of neurons in tissue 
10.1107/s1600577518010093	Tomosaic: efficient acquisition and reconstruction of teravoxel tomography data using limited-size synchrotron X-ray beams	Journal of Synchrotron Radiation	An approach is demonstrated termed Tomosaic for tomographic imaging of large samples that extend beyond the illumination field of view of an X-ray imaging system.
10.1038/srep26199	Major Histocompatibility Complex class I proteins are critical for maintaining neuronal structural complexity in the aging brain	Scientific Reports	Major histocompatibility complex class I (MHCI) proteins have been implicated in neuronal function through the modulation of neuritogenesis, synaptogenesis, synaptic plasticity and memory consolidation during development. However, the involvement of MHCI in th
10.1038/srep43606	PAR1 activation induces rapid changes in glutamate uptake and astrocyte morphology	Scientific Reports	The G-protein coupled, protease-activated receptor 1 (PAR1) is a membrane protein expressed in astrocytes. Fine astrocytic processes are in tight contact with neurons and blood vessels and shape excitatory synaptic transmission due to their abundant expression
10.1016/j.cell.2022.01.023	Reconstruction of neocortex: organelles, compartments, cells, circuits, and activity	Cell	Summary We assembled a semi-automated reconstruction of L2/3 mouse primary visual cortex from ~250×140×90 μm3 of electron microscopic images, including pyramidal and non-pyramidal neurons, astrocytes, microglia, oligodendrocytes and precursors, pericytes, vasc
10.1101/115485	Dynamical networks: Finding, measuring, and tracking neural population activity using network science	bioRxiv	Systems neuroscience is in a head-long rush to record from as many neurons at the same time as possible. As the brain computes and codes using neuron populations, it is hoped these data will uncover the fundamentals of neural computation. But with hundreds, th
10.1101/2021.01.18.427191	Drosophila re-zero their path integrator at the center of a fictive food patch	bioRxiv	The ability to keep track of one’s location in space is a critical behavior for animals navigating to and from a salient location, and its computational basis is now beginning to be unraveled. Here, we tracked flies in a ring-shaped channel as they executed bo
10.1038/nn.2767	Optical quantal analysis of synaptic transmission in wild-type and rab3-mutant Drosophila melanogaster motor axons	Nature Neuroscience	Synaptic transmission from a neuron to its target cells occurs via neurotransmitter release from dozens to thousands of presynaptic release sites whose strength and plasticity can vary considerably. We report an in vivo imaging method that monitors real-time s
10.1073/pnas.2521349122	Photoemission electron microscopy for connectomics	Proceedings of the National Academy of S	Photoemission electron microscopy (PEEM) offers a potential third modality for large-volume connectomics alongside transmission electron microscopy (TEM) and scanning electron microscopy (SEM). We image osmium stained, ultrathin brain sections on gold coated s
10.3389/fncom.2014.00058	Population coding in mouse visual cortex: response reliability and dissociability of stimulus tuning and noise correlation	Frontiers in Computational Neuroscience	The primary visual cortex is an excellent model system for investigating how neuronal populations encode information, because of well-documented relationships between stimulus characteristics and neuronal activation patterns. We used two-photon calcium imaging
10.1038/nature22073	Thalamic amplification of cortical connectivity sustains attentional control	Nature	Although interactions between the thalamus and cortex are critical for cognitive function, the exact contribution of the thalamus to these interactions remains unclear. Recent studies have shown diverse connectivity patterns across the thalamus, but whether th
10.1523/jneurosci.1677-04.2004	Facilitation of L-Type Ca2+ Channels in Dendritic Spines by Activation of β2 Adrenergic Receptors	Journal of Neuroscience	We studied the contribution of L-type Ca2+ channels to action potential-evoked Ca2+ influx in dendritic spines of CA1 pyramidal neurons and the modulation of these channels by the β2 adrenergic receptor. Backpropagating action potentials (bAPs) (three at 50 Hz
10.3389/fnins.2012.00049	Digital Reconstructions of Neuronal Morphology: Three Decades of Research Trends	Frontiers in Neuroscience	The importance of neuronal morphology has been recognized from the early days of neuroscience. Elucidating the functional roles of axonal and dendritic arbors in synaptic integration, signal transmission, network connectivity, and circuit dynamics requires qua
10.1038/s41593-022-01169-4	Motor Learning Drives Dynamic Patterns of Intermittent Myelination on Learning-activated Axons	bioRxiv	Myelin plasticity occurs when newly-formed and pre-existing oligodendrocytes remodel existing patterns of myelination. Recent studies show these processes occur in response to changes in neuronal activity and are required for learning and memory. However, the 
10.1101/2022.07.27.501752	Presynaptic contact and activity opposingly regulate postsynaptic dendrite outgrowth	bioRxiv	The organization of neural circuits determines nervous system function. Variability can arise during neural circuit development (e.g. neurite morphology, axon/dendrite position). To ensure robust nervous system function, mechanisms must exist to accommodate va
10.1083/jcb.201802057	Thrombospondin receptor α2δ-1 promotes synaptogenesis and spinogenesis via postsynaptic Rac1	Journal of Cell Biology	Astrocytes control excitatory synaptogenesis by secreting thrombospondins (TSPs), which function via their neuronal receptor, the calcium channel subunit &agr;2&dgr;-1. &agr;2&dgr;-1 is a drug target for epilepsy and neuropathic pain; thus the TSP–&agr;2&dgr;-
10.1523/jneurosci.3175-11.2012	Adaptation of Granule Cell to Purkinje Cell Synapses to High-Frequency Transmission	Journal of Neuroscience	The mossy fiber (MF)–granule cell (GC) pathway conveys multiple modalities of information to the cerebellar cortex, converging on Purkinje cells (PC), the sole output of the cerebellar cortex. Recent in vivo experiments have shown that activity in GCs varies f
10.1002/cne.24932	The connectome of the Caenorhabditis elegans pharynx	bioRxiv	Detailed anatomical maps of individual organs and entire animals have served as invaluable entry points for ensuing dissection of their evolution, development, and function. The pharynx of the nematode Caenorhabditis elegans is a simple neuromuscular organ wit
10.1038/s41598-021-81421-2	How neurons exploit fractal geometry to optimize their network connectivity	Scientific Reports	We investigate the degree to which neurons are fractal, the origin of this fractality, and its impact on functionality. By analyzing three-dimensional images of rat neurons, we show the way their dendrites fork and weave through space is unexpectedly important
10.1093/pnasnexus/pgae580	Brain-inspired wiring economics for artificial neural networks	PNAS Nexus	Abstract Wiring patterns of brain networks embody a trade-off between information transmission, geometric constraints, and metabolic cost, all of which must be balanced to meet functional needs. Geometry and wiring economy are crucial in the development of bra
10.1016/j.jneumeth.2017.09.001	Structure and diversity of human dendritic spines evidenced by a new three-dimensional reconstruction procedure for Golgi staining and light microscop	Journal of Neuroscience Methods	Background Different approaches aim to unravel detailed morphological features of neural cells. Dendritic spines are multifunctional units that reflect cellular connectivity, synaptic strength and plasticity. New method A novel three-dimensional (3D) reconstru
10.3389/fncir.2014.00105	Unraveling the architecture of the dorsal raphe synaptic neuropil using high-resolution neuroanatomy	Front. Neural Circuits	The dorsal raphe nucleus (DRN), representing the main source of brain’s serotonin, is implicated in the pathophysiology and therapeutics of several mental disorders that can be debilitating and life-long including depression, anxiety and autism. The activity o
10.3109/01677063.2013.801969	Genetic Basis of Neuronal Individuality in the Mammalian Brain	Journal of neurogenetics	Abstract The mammalian brain is a complex multicellular system involving enormous numbers of neurons. The neuron is the basic functional unit of the brain, and neurons are organized by specialized intercellular connections into circuits with many other neurons
10.3389/fncel.2017.00374	The Nanoworld of the Tripartite Synapse: Insights from Super-Resolution Microscopy	Frontiers in Cellular Neuroscience	Synaptic connections between individual nerve cells are fundamental to the process of information transfer and storage in the brain. Over the past decades a third key partner of the synaptic machinery has been unveiled: ultrathin processes of electrically pass
10.1038/s41592-022-01466-7	NeuroMechFly, a neuromechanical model of adult Drosophila melanogaster	Nature Methods	Animal behavior emerges from an interaction between neural network dynamics, musculoskeletal properties and the physical environment. Accessing and understanding the interplay between these elements requires the development of integrative and morphologically r
10.1101/2021.09.21.461278	Extrasynaptic signaling enables an asymmetric juvenile motor circuit to produce symmetric undulation	bioRxiv	In many animals, there is a direct correspondence between the motor patterns that drive locomotion and the motor neuron innervation onto the muscle groups. For example, the adult C. elegans moves with symmetric and alternating dorsal-ventral bending waves aris
10.3389/fnana.2018.00092	Automatic Mitochondria Segmentation for EM Data Using a 3D Supervised Convolutional Network	Frontiers in Neuroanatomy	Recent studies have supported the relation between mitochondrial functions and degenerative disorders related to ageing, such as Alzheimer's and Parkinson's diseases. Since these studies have exposed the need for detailed and high-resolution analysis of physic
10.1038/s41586-021-03954-w	Sensory processing during sleep in Drosophila melanogaster	Nature	During sleep, most animal species enter a state of reduced consciousness characterized by a marked sensory disconnect. Yet some processing of the external world must remain intact, given that a sleeping animal can be awoken by intense stimuli (for example, a l
10.1016/j.crmeth.2024.100964	Unifying community whole-brain imaging datasets enables robust neuron identification and reveals determinants of neuron position in C. elegans	Cell Reports Methods	Summary We develop a data harmonization approach for C. elegans volumetric microscopy data, consisting of a standardized format, pre-processing techniques, and human-in-the-loop machine-learning-based analysis tools. Using this approach, we unify a diverse col
10.1038/ncomms12190	Accurate spike estimation from noisy calcium signals for ultrafast three-dimensional imaging of large neuronal populations in vivo	Nature Communications	Extracting neuronal spiking activity from large-scale two-photon recordings remains challenging, especially in mammals in vivo, where large noises often contaminate the signals. We propose a method, MLspike, which returns the most likely spike train underlying
10.1016/j.neuron.2023.10.011	Synapse-specific burst coding sustained by local axonal translation.	Neuron	Neurotransmission in the brain is unreliable, suggesting that high-frequency spike bursts rather than individual spikes carry the neural code. For instance, cortical pyramidal neurons rely on bursts in memory formation. Protein synthesis is another key factor 
10.1177/1073858409339215	Astrocytes and Synaptic Plasticity	The Neuroscientist	Synaptic plasticity, the ability of neurons to change the number and strength of their synapses, has long been considered the sole province of the neuron. Yet neurons do not function in isolation; they are a part of elaborate glial networks where they are inti
10.3389/fncom.2011.00005	The Non-Random Brain: Efficiency, Economy, and Complex Dynamics	Frontiers in Computational Neuroscience	Modern anatomical tracing and imaging techniques are beginning to reveal the structural anatomy of neural circuits at small and large scales in unprecedented detail. When examined with analytic tools from graph theory and network science, neural connectivity e
10.1002/cne.901930420	Postnatal development of glycinergic neurons in the rabbit retina	The Journal of comparative neurology	Abstract Certain neurons in the adult rabbit retina posses a high‐affinity uptake mechanism for glycine and release it in response to elevated K + concentrations in the medium. Although the evidence is not yet complete, these properties, together with pharmaco
10.1016/j.neuron.2014.08.016	Beyond The Connectome: The Dynome	Neuron	The human connectome will provide a detailed mapping of the brain’s connectivity, with fundamental insights for health and disease. However, further understanding of brain function and dysfunction will require an integrated framework that links brain connectiv
10.1016/0042-6989(79)90185-8	The responses of retinal ganglion cells to stationary and moving visual stimuli.	Vision Research	
10.1007/s12021-020-09461-z	A Systematic Evaluation of Interneuron Morphology Representations for Cell Type Discrimination	Neuroinformatics	Quantitative analysis of neuronal morphologies usually begins with choosing a particular feature representation in order to make individual morphologies amenable to standard statistics tools and machine learning algorithms. Many different feature representatio
10.1371/journal.pone.0146500	Model-Free Estimation of Tuning Curves and Their Attentional Modulation, Based on Sparse and Noisy Data	bioRxiv	Tuning curves are the functions that relate the responses of sensory neurons to various values within one continuous stimulus dimension (such as the orientation of a bar in the visual domain or the frequency of a tone in the auditory domain). They are commonly
10.1101/2022.05.24.493230	Reproducible patterns of neural activity without attractors in cortical networks	bioRxiv	Abstract Cortical activity often consists of recurring population events of correlated neuronal firing and highly reproducible firing patterns. Because of their resemblance with attractor dynamics, the attractor model prevails today, although it has not been f
10.48550/arxiv.2301.00345	<NO TITLE>		There are multiple scales of abstraction from which we can describe the same image, depending on whether we are focusing on fine-grained details or a more global attribute of the image. In brain mapping, learning to automatically parse images to build represen
10.3389/fnsyn.2020.585539	Dendritic Voltage Recordings Explain Paradoxical Synaptic Plasticity: A Modeling Study	Frontiers in Synaptic Neuroscience	Experiments have shown that the same stimulation pattern that causes Long-Term Potentiation in proximal synapses, will induce Long-Term Depression in distal ones. In order to understand these, and other, surprising observations we use a phenomenological model 
10.1101/2022.07.04.498706	A quantitative rule to explain multi-spine plasticity	bioRxiv	Neurons receive thousands of inputs onto their dendritic arbour, where individual synapses undergo activitydependent changes in strength. The durable forms of synaptic strength change, long-term potentiation (LTP) and long-term depression (LTD) require calcium
10.1016/j.cag.2025.104239	AI-guided immersive exploration of brain ultrastructure for collaborative analysis and education	Computers & graphics	We introduce NeuroVerse, a framework for exploring 3D nanometric-scale reconstructions of neural and glial cellular processes in the central nervous system. Using image stacks from volume electron microscopy, NeuroVerse generates 3D mesh models through a SAM2-
10.1101/2024.01.25.577231	Breaking free from the clock’s tyranny restores memory to brain damaged flies	bioRxiv	Abstract The relationship between sleep and memory is an active topic of investigation. In this context, we demonstrate that enhancing sleep restores memory to flies with ablated Mushroom Bodies (MB), a key memory center; this is consistent across several memo
10.1371/journal.pone.0037364	An Improved Test for Detecting Multiplicative Homeostatic Synaptic Scaling	PLoS ONE	Homeostatic scaling of synaptic strengths is essential for maintenance of network “gain”, but also poses a risk of losing the distinctions among relative synaptic weights, which are possibly cellular correlates of memory storage. Multiplicative scaling of all 
10.3758/s13414-019-01760-1	Resynthesizing behavior through phylogenetic refinement	Attention, Perception, & Psychophysics	This article proposes that biologically plausible theories of behavior can be constructed by following a method of “phylogenetic refinement,” whereby they are progressively elaborated from simple to complex according to phylogenetic data on the sequence of cha
10.1007/7854_2011_128	Invertebrate models of alcoholism.	Current topics in behavioral neuroscienc	For invertebrates to become useful models for understanding the genetic and physiological mechanisms of alcoholism related behaviors and the predisposition towards alcoholism, several general requirements must be fulfilled. The animal should encounter ethanol 
10.1101/2020.12.30.424365	Activity-dependent modulation of synapse-regulating genes in astrocytes	bioRxiv	Astrocytes regulate the formation and function of neuronal synapses via multiple signals, however, what controls regional and temporal expression of these signals during development is unknown. We determined the expression profile of astrocyte synapse-regulati
10.1038/s41586-026-10528-1	A critical initialization for biological neural networks	Nature	Intrinsically generated, brainwide neural activity displays macroscopic coordination among large populations of neurons that persists beyond the biophysical timescales of individual neurons1, 2–3. It is not well understood how these macroscopic behaviours aris
10.1038/nn.3494	Linear Transformation of Thalamocortical input by Intracortical Excitation	Nature Neuroscience	Neurons in thalamorecipient layers of sensory cortices integrate thalamocortical and intracortical inputs. Although we know that their functional properties can arise from the convergence of thalamic inputs, intracortical circuits could also be involved in tha
10.1101/2025.10.30.685666	A whole-body cell type atlas mapped into an electron microscopy volume of an annelid worm	bioRxiv	Differential gene expression establishes the distinct physiology and morphology of cell types in an animal body. Single-cell sequencing and volume EM represent milestones toward the characterization of cell types, yet are difficult to combine for a comprehensi
10.1101/2025.03.31.646361	Fly navigational responses to odor motion and gradient cues are tuned to plume statistics		Abstract Odor cues guide animals to food and mates. Different environmental conditions can create differently patterned odor plumes, making navigation more challenging. Prior work has shown that animals turn upwind when they detect odor and cast crosswind when
10.1038/s41593-023-01554-7	A ubiquitous spectrolaminar motif of local field potential power across the primate cortex	bioRxiv	The mammalian cerebral cortex is anatomically organized into a six-layer motif. It is currently unknown whether a corresponding laminar motif of neuronal activity exists across the cortex. Here, we report such a motif in the power of local field potentials (LF
10.1017/s0033291715002895	Meta-connectomics: human brain network and connectivity meta-analyses	Psychological Medicine	Abnormal brain connectivity or network dysfunction has been suggested as a paradigm to understand several psychiatric disorders. We here review the use of novel meta-analytic approaches in neuroscience that go beyond a summary description of existing results b
10.1002/(sici)1096-9861(19991018)413:2<305::aid-cne10>3.0.co;2-e	The shapes and numbers of amacrine cells: Matching of photofilled with Golgi‐stained cells in the rabbit retina and comparison with other mammalian sp	The Journal of comparative neurology	Amacrine cells of the rabbit retina were studied by "photofilling" a photochemical method in which a fluorescent product is created within an individual cell by focal irradiation of the nucleus; and by Golgi impregnation. The photofilling method is quantitativ
10.3389/fnana.2014.00130	Integration of multiscale dendritic spine structure and function data into systems biology models	Frontiers in Neuroanatomy	Comprising 1011 neurons with 1014 synaptic connections the human brain is the ultimate systems biology puzzle. An increasing body of evidence highlights the observation that changes in brain function, both normal and pathological, consistently correlate with d
10.1016/j.neuron.2012.11.032	Feedback inhibition enables θ-nested γ oscillations and grid firing fields.	Neuron	Cortical circuits are thought to multiplex firing rate codes with temporal codes that rely on oscillatory network activity, but the circuit mechanisms that combine these coding schemes are unclear. We establish with optogenetic activation of layer II of the me
10.1523/jneurosci.3543-06.2006	Three-Dimensional Reconstruction and Quantitative Study of a Pyramidal Cell of a Cajal Histological Preparation	Journal of Neuroscience	The year 2006 marks the centenary of the Nobel Prize for Physiology or Medicine awarded to Santiago Ramón y Cajal and Camilo Golgi. We commemorate this centenary with a three-dimensional reconstruction and a quantitative study of a pyramidal cell of a Cajal's 
10.1016/j.neunet.2009.07.016	Implications of synaptic biophysics for recurrent network dynamics and active memory	Neural Networks	In cortical networks, synaptic excitation is mediated by AMPA- and NMDA-type receptors. NMDA differ from AMPA synaptic potentials with regard to peak current, time course, and a strong voltage-dependent nonlinearity. Here we illustrate based on empirical and c
10.1371/journal.pone.0019472	Candidate Glutamatergic Neurons in the Visual System of Drosophila	PLoS ONE	The visual system of Drosophila contains approximately 60,000 neurons that are organized in parallel, retinotopically arranged columns. A large number of these neurons have been characterized in great anatomical detail. However, studies providing direct eviden
10.1016/j.neuron.2012.05.023	Similarity of visual selectivity among clonally related neurons in visual cortex.	Neuron	Neurons in rodent visual cortex are organized in a salt-and-pepper fashion for orientation selectivity, but it is still unknown how this functional architecture develops. A recent study reported that the progeny of single cortical progenitor cells are preferen
10.1142/s1793545812300029	ADVANCED OPTICAL TECHNIQUES TO EXPLORE BRAIN STRUCTURE AND FUNCTION		Understanding brain structure and function, and the complex relationships between them, is one of the grand challenges of contemporary sciences. Thanks to their flexibility, optical techniques could be the key to explore this complex network. In this manuscrip
10.1371/journal.pbio.3002106	Phosphorylation of PSD-95 at serine 73 in dCA1 is required for extinction of contextual fear	bioRxiv	The updating of contextual memories is essential for survival in a changing environment. Accumulating data indicate that the dorsal CA1 area (dCA1) contributes to this process. However, the cellular and molecular mechanisms of contextual fear memory updating r
10.1101/2023.08.03.551820	TWISP: A Transgenic Worm for Interrogating Signal Propagation in C. elegans	bioRxiv	Genetically encoded optical indicators and actuators of neural activity allow for all-optical investigations of signaling in the nervous system. But commonly used indicators, actuators and expression strategies are poorly suited for systematic measurements of 
10.1016/j.conb.2020.10.007	My Neighbour Hetero-deconstructing the mechanisms underlying heterosynaptic plasticity.	Current Opinion in Neurobiology	Synapses change in strength following patterns of activity, but in many cases seemingly inactive neighbouring synapses also undergo changes in strength. These heterosynaptic changes occur across developmental time-points in various brain circuits in different 
10.1038/s42003-020-0902-8	The voltage-gated potassium channel Shaker promotes sleep via thermosensitive GABA transmission	Communications Biology	Genes and neural circuits coordinately regulate animal sleep. However, it remains elusive how these endogenous factors shape sleep upon environmental changes. Here, we demonstrate that Shaker (Sh)-expressing GABAergic neurons projecting onto dorsal fan-shaped 
10.1038/s41593-026-02344-7	Connectomic evidence that ordered activity drives neuromuscular network formation	Nature Neuroscience	We reconstructed complete connectomes between motor neurons and muscle fibers in small mouse muscles from birth through successive stages of postnatal development, when synaptic reorganization is most prominent. During development, marked reductions in axonal 
10.1016/j.jsb.2026.108290	Cloneable Contrast Across All Biological Length Scales	Journal of Structural Biology	Cloneable contrast in biological microscopy is exemplified by Green Fluorescent Protein (GFP) in fluorescence microscopy. There are no similarly useful cloneable contrast agents that function in biological electron microscopy. This paper reports a cloneable Se
10.1038/s41467-020-18422-8	Light microscopy based approach for mapping connectivity with molecular specificity	Nature Communications	Mapping neuroanatomy is a foundational goal towards understanding brain function. Electron microscopy (EM) has been the gold standard for connectivity analysis because nanoscale resolution is necessary to unambiguously resolve synapses. However, molecular info
10.1038/s41598-019-41443-3	Nanoscale structure of amyloid-β plaques in Alzheimer’s disease	Scientific Reports	Soluble amyloid-β (Aβ) is considered to be a critical component in the pathogenesis of Alzheimer’s disease (AD). Evidence suggests that these non-fibrillar Aβ assemblies are implicated in synaptic dysfunction, neurodegeneration and cell death. However, charact
10.1038/s41467-026-70288-4	Machine learning discovers numerous new computational principles supporting elementary motion detection	Nature Communications	Motion direction detection is a fundamental visual computation that transforms spatial luminance patterns into directionally tuned outputs. Classical models of direction selectivity rely on temporal asymmetry, where motion detection arises through either delay
10.1073/pnas.2614314123	Regulatory logic of neuronal differentiation in the Drosophila visual system.	Proceedings of the National Academy of S	Combinations of terminal selector transcription factors (tsTFs) are thought to establish and maintain the unique identities of the numerous cell types found in nervous systems. However, it remains largely unclear how tsTF combinations are specified during deve
10.1371/journal.pbio.1000190	Biphasic Synaptic Ca Influx Arising from Compartmentalized Electrical Signals in Dendritic Spines	PLoS Biology	Dendritic spines compartmentalize synaptically-evoked biochemical signals. The authors show that electrical compartmentalization provided by a spine endows the associated synapse with additional modes of calcium signaling by shaping the kinetics of synaptic ca
10.4249/scholarpedia.7457	S1 laminar specialization	Scholarpedia	
10.1093/cercor/bhh062	Motivation-dependent responses in the human caudate nucleus.	Cerebral Cortex	Motivation is a complex process that leads to completion or avoidance of a behavior. Past research strongly implicates the basal ganglia in a circuit integral for the control of motivation. Specifically, the human striatum has been shown to process reward info
10.3389/frai.2021.618372	Generalizable Machine Learning in Neuroscience Using Graph Neural Networks	Frontiers in Artificial Intelligence	Although a number of studies have explored deep learning in neuroscience, the application of these algorithms to neural systems on a microscopic scale, i.e. parameters relevant to lower scales of organization, remains relatively novel. Motivated by advances in
10.3390/ijms25031634	Nicotine Motivated Behavior in C. elegans	International Journal of Molecular Scien	To maximize the advantages offered by Caenorhabditis elegans as a high-throughput (HTP) model for nicotine dependence studies, utilizing its well-defined neuroconnectome as a robust platform, and to unravel the genetic basis of nicotine-motivated behaviors, we
10.1080/01677063.2020.1726915	C. elegans MAGU-2/Mpp5 homolog regulates epidermal phagocytosis and synapse density	Journal of neurogenetics	Abstract Synapses are dynamic connections that underlie essential functions of the nervous system. The addition, removal, and maintenance of synapses govern the flow of information in neural circuits throughout the lifetime of an animal. While extensive studie
10.1371/journal.pcbi.1000239	Encoding of Naturalistic Stimuli by Local Field Potential Spectra in Networks of Excitatory and Inhibitory Neurons	PLoS Comput. Biol.	Recordings of local field potentials (LFPs) reveal that the sensory cortex displays rhythmic activity and fluctuations over a wide range of frequencies and amplitudes. Yet, the role of this kind of activity in encoding sensory information remains largely unkno
10.1523/jneurosci.2979-20.2021	Changes in Presynaptic Gene Expression during Homeostatic Compensation at a Central Synapse	Journal of Neuroscience	Homeostatic matching of pre- and postsynaptic function has been observed in many species and neural structures, but whether transcriptional changes contribute to this form of trans-synaptic coordination remains unknown. To identify genes whose expression is al
10.1016/j.neuron.2015.09.033	Orientation selectivity sharpens motion detection in Drosophila	Neuron	SUMMARY Detecting the orientation and movement of edges in a scene is critical to visually guided behaviors of many animals. What are the circuit algorithms that allow the brain to extract such behaviorally vital visual cues? Using in vivo two-photon calcium i
10.3389/fnana.2011.00005	Morphological Development of Thick-Tufted Layer V Pyramidal Cells in the Rat Somatosensory Cortex	Frontiers in Neuroanatomy	The thick-tufted layer V pyramidal (TTL5) neuron is a key neuron providing output from the neocortex. Although it has been extensively studied, principles governing its dendritic and axonal arborization during development are still not fully quantified. Using 
10.1016/j.cub.2015.06.052	Distinct neural circuits control rhythm inhibition and spitting by the myogenic pharynx of C. elegans	Current Biology	SUMMARY Neural circuits have long been known to modulate myogenic muscles such as the heart, yet a mechanistic understanding at the cellular and molecular levels remains limited. We studied how light inhibits pumping of the Caenorhabditis elegans pharynx, a my
10.1016/j.neuron.2015.09.041	Cortical Correlates of Low-Level Perception: From Neural Circuits to Percepts.	Neuron	Low-level perception results from neural-based computations, which build a multimodal skeleton of unconscious or self-generated inferences on our environment. This review identifies bottleneck issues concerning the role of early primary sensory cortical areas,
10.1038/s41467-024-51919-0	Competitive processes shape multi-synapse plasticity along dendritic segments	Nature Communications	Neurons receive thousands of inputs onto their dendritic arbour, where individual synapses undergo activity-dependent plasticity. Long-lasting changes in postsynaptic strengths correlate with changes in spine head volume. The magnitude and direction of such st
10.1016/b978-0-12-416026-2.00008-x	Picking faces out of a crowd: Genetic labels for identification of proteins in correlated light and electron microscopy imaging	Methods in Cell Biology	Correlated light and electron microscopic (CLEM) imaging is a powerful method for dissecting cell and tissue function at high resolution. Each imaging mode provides unique information and the combination of the two can contribute to a better understanding of t
10.1101/lm.033118.113	Molecular mechanisms underlying formation of long-term reward memories and extinction memories in the honeybee (Apis mellifera)	Learning & memory (Cold Spring Harbor, N	The honeybee (Apis mellifera) has long served as an invertebrate model organism for reward learning and memory research. Its capacity for learning and memory formation is rooted in the ecological need to efficiently collect nectar and pollen during summer to e
10.1002/cne.22522	A Mosaic of Synaptic Contacts among Three Retinal Neurons	The Journal of comparative neurology	Retinal bipolar, amacrine, and ganglion cells contact each other within precisely defined synaptic laminae, but the spatial distribution of contacts between the cells is generally treated as random. Here we show that not to be the case. Excitatory inputs to in
10.1038/s41467-022-30452-y	C. elegans enteric motor neurons fire synchronized action potentials underlying the defecation motor program	Nature Communications	C. elegans neurons were thought to be non-spiking until our recent discovery of action potentials in the sensory neuron AWA; however, the extent to which the C. elegans nervous system relies on analog or digital coding is unclear. Here we show that the enteric
10.1523/jneurosci.3508-05.2005	Signal Propagation and Logic Gating in Networks of Integrate-and-Fire Neurons	Journal of Neuroscience	Transmission of signals within the brain is essential for cognitive function, but it is not clear how neural circuits support reliable and accurate signal propagation over a sufficiently large dynamic range. Two modes of propagation have been studied: synfire 
10.3389/fnsyn.2023.1130198	Bringing synapses into focus: Recent advances in synaptic imaging and mass-spectrometry for studying synaptopathy	Frontiers in Synaptic Neuroscience	Synapses are integral for healthy brain function and are becoming increasingly recognized as key structures in the early stages of brain disease. Understanding the pathological processes driving synaptic dysfunction will unlock new therapeutic opportunities fo
10.1101/2023.07.14.548876	In vivo imaging in transgenic songbirds reveals superdiffusive neuron migration in the adult brain	bioRxiv	Neuron migration is a key phase of neurogenesis, critical for the assembly and function of neuronal circuits. In songbirds, this process continues throughout life, but how these newborn neurons disperse through the adult brain is unclear. We addressed this que
10.1371/journal.pgen.1007303	The UBR-1 ubiquitin ligase regulates glutamate metabolism to generate coordinated motor pattern in Caenorhabditis elegans	PLoS Genetics	UBR1 is an E3 ubiquitin ligase best known for its ability to target protein degradation by the N-end rule. The physiological functions of UBR family proteins, however, remain not fully understood. We found that the functional loss of C. elegans UBR-1 leads to 
10.7554/elife.16349	AMPK acts as a molecular trigger to coordinate glutamatergic signals and adaptive behaviours during acute starvation	eLife	The stress associated with starvation is accompanied by compensatory behaviours that enhance foraging efficiency and increase the probability of encountering food. However, the molecular details of how hunger triggers changes in the activity of neural circuits
10.1126/science.abj2949	Profiling cellular diversity in sponges informs animal cell type and nervous system evolution	Science	Description Sponges and evolutionary origins Sponges represent our distant animal relatives. They do not have a nervous system but do have a simple body for filter feeding. Surveying the cell types in the freshwater sponge Spongilla lacustris, Musser et al. fo
10.3390/e27030257	Multistable Synaptic Plasticity Induces Memory Effects and Cohabitation of Chimera and Bump States in Leaky Integrate-and-Fire Networks	Entropy	Chimera states and bump states are collective synchronization phenomena observed independently (in different parameter regions) in networks of coupled nonlinear oscillators. And while chimera states are characterized by coexistence of coherent and incoherent d
10.1016/s0042-6989(96)00126-5	Synaptic inputs mediating bipolar cell responses in the tiger salamander retina.	Vision Research	Postsynaptic receptors in bipolar cells were studied by focal application of glutamate and GABA to the outer and inner plexiform layers (OPL and IPL) under visual guidance in living retinal slices of the tiger salamander. Two different types of conductance cha
10.1117/12.2069119	High throughput data acquisition with a multi-beam SEM	Other Conferences	Conventional scanning electron microscopes are limited in their ultimate data acquisition rate at a given resolution by statistical electron-electron interaction (so-called Coulomb interaction) as well as band width of detectors and deflection systems. We incr
10.3389/fninf.2018.00099	A Single-Cell Level and Connectome-Derived Computational Model of the Drosophila Brain	bioRxiv	Computer simulations play an important role in testing hypotheses, integrating knowledge, and providing predictions of neural circuit functions. While considerable effort has been dedicated into simulating primate or rodent brains, the fruit fly (Drosophila me
10.3389/fnsyn.2020.00011	A Practical Guide to Using CV Analysis for Determining the Locus of Synaptic Plasticity	Frontiers in Synaptic Neuroscience	Long-term synaptic plasticity is widely believed to underlie learning and memory in the brain. Whether plasticity is primarily expressed pre- or postsynaptically has been the subject of considerable debate for many decades. More recently, it is generally agree
10.1186/s40708-024-00228-9	Connecto-informatics at the mesoscale: current advances in image processing and analysis for mapping the brain connectivity	Brain Informatics	Mapping neural connections within the brain has been a fundamental goal in neuroscience to understand better its functions and changes that follow aging and diseases. Developments in imaging technology, such as microscopy and labeling tools, have allowed resea
10.1371/journal.pone.0198131	The effects of aging on neuropil structure in mouse somatosensory cortex—A 3D electron microscopy analysis of layer 1	PLoS ONE	This study has used dense reconstructions from serial EM images to compare the neuropil ultrastructure and connectivity of aged and adult mice. The analysis used models of axons, dendrites, and their synaptic connections, reconstructed from volumes of neuropil
10.1113/jphysiol.2006.111062	Requirement of dendritic calcium spikes for induction of spike‐timing‐dependent synaptic plasticity	Journal of Physiology	Spike‐timing‐dependent synaptic plasticity (STDP) by definition requires the temporal association of pre‐ and postsynaptic action potentials (APs). Yet, in cortical pyramidal neurons pairing unitary EPSPs with single APs at low frequencies is ineffective at ge
10.1111/j.1365-2818.2008.02024.x	Knife‐edge scanning microscopy for imaging and reconstruction of three‐dimensional anatomical structures of the mouse brain	Journal of Microscopy	Summary Anatomical information at the cellular level is important in many fields, including organ systems development, computational biology and informatics. Creating data sets at resolutions that provide enough detail to reconstruct cellular structures across
10.1101/2025.06.11.659158	Cross-species comparative connectomics reveals the evolution of an olfactory circuit	bioRxiv	Animal behavioural diversity ultimately stems from variation in neural circuitry, yet how central neural circuits evolve remains poorly understood. Studies of neural circuit evolution often focus on a few elements within a network. However, addressing fundamen
10.1007/978-1-0716-0691-9_12	Transforming FIB-SEM Systems for Large-Volume and	Volume Microscopy	
10.1016/j.neuron.2015.01.005	Secondary taste neurons that convey sweet taste and starvation in the Drosophila brain.	Neuron	The gustatory system provides vital sensory information to determine feeding and appetitive learning behaviors. Very little is known, however, about higher-order gustatory circuits in the highly tractable model for neurobiology, Drosophila melanogaster. Here w
10.1016/j.neuron.2018.12.005	Functional Synaptic Architecture of Callosal Inputs in Mouse Primary Visual Cortex	Neuron	SUMMARY Callosal projections are thought to play a critical role in coordinating neural activity between the cerebral hemispheres in placental mammals, but the rules that govern the arrangement of callosal synapses on the dendrites of their target neurons rema
10.1016/j.neuroscience.2005.11.025	Spatial organization of cofilin in dendritic spines.	Neuroscience	Synaptic plasticity is associated with morphological changes in dendritic spines. The actin-based cytoskeleton plays a key role in regulating spine structure, and actin reorganization in spines is critical for the maintenance of long term potentiation. To test
10.1007/s10354-018-0646-y	Electron tomography—a tool for ultrastructural 3D visualization in cell biology and histology	Wiener Medizinische Wochenschrift	SummaryElectron tomography (ET) was developed to overcome some of the problems associated reconstructing three-dimensional (3D) images from 2D election microscopy data from ultrathin slices. Virtual sections of semithin sample are obtained by incremental rotat
10.1016/j.gmod.2026.101339	NeMoCo: Self-supervised contrastive learning for ultrastructural 3D neuroscience morphologies	Graphical Models	Volume electron microscopy (EM) now enables nanometric-scale 3D reconstructions of neural tissue, opening the door to quantitative, morphology-driven neuroscience beyond connectivity alone. While previous studies relied on handcrafted descriptors and classical
10.1111/nyas.14917	Evolution of neuroglia	Annals of the New York Academy of Scienc	The evolution of the nervous system progressed through cellular diversification and specialization of functions. Conceptually, the nervous system is composed of electrically excitable neuronal networks connected by chemical synapses and nonexcitable glial cell
10.1162/netn.a.35	Coming up short: Generative network models fail to accurately capture long-range connectivity	bioRxiv	Generative network models (GNMs) have been proposed to identify the mechanisms/constraints that shape the organisation of the connectome. These models parameterise the formation of inter-regional connections using a trade-off between connection cost and topolo
10.1101/560730	Task-evoked activity quenches neural correlations and variability across cortical areas	bioRxiv	Many large-scale functional connectivity studies have emphasized the importance of communication through increased inter-region correlations during task states. In contrast, local circuit studies have demonstrated that task states primarily reduce correlations
10.1086/687857	Network and Multilayer Network Approaches to Understanding Human Brain Dynamics	Philosophia Scientiæ	Network neuroscience provides a systems approach to the study of the brain and enables the examination of interactions measured at different temporal and spatial scales. We review current methods to quantify the structure of brain networks and compare that str
10.3390/ijms21041539	Neurons, Glia, Extracellular Matrix and Neurovascular Unit: A Systems Biology Approach to the Complexity of Synaptic Plasticity in Health and Disease	International Journal of Molecular Scien	The synaptic cleft has been vastly investigated in the last decades, leading to a novel and fascinating model of the functional and structural modifications linked to synaptic transmission and brain processing. The classic neurocentric model encompassing the n
10.1523/jneurosci.19-07-02807.1999	A Neurocomputational Theory of the Dopaminergic Modulation of Working Memory Functions	Journal of Neuroscience	The dopaminergic modulation of neural activity in the prefrontal cortex (PFC) is essential for working memory. Delay-activity in the PFC in working memory tasks persists even if interfering stimuli intervene between the presentation of the sample and the targe
10.1002/cne.23413	Parallel prefrontal pathways reach distinct excitatory and inhibitory systems in memory-related rhinal cortices	The Journal of comparative neurology	To investigate how prefrontal cortices impinge on medial temporal cortices we labeled pathways from the anterior cingulate cortex (ACC) and posterior orbitofrontal cortex (pOFC) in rhesus monkeys to compare their relationship with excitatory and inhibitory sys
10.1016/j.celrep.2018.06.076	Combining mGRASP and Optogenetics Enables High-Resolution Functional Mapping of Descending Cortical Projections	Cell Reports	Summary We have applied optogenetics and mGRASP, a light microscopy technique that labels synaptic contacts, to map the number and strength of defined corticocollicular (CC) connections. Using mGRASP, we show that CC projections form small, medium, and large s
10.1016/j.neulet.2017.11.056	The central extended amygdala in fear and anxiety: Closing the gap between mechanistic and neuroimaging research	Neuroscience Letters	Anxiety disorders impose a staggering burden on public health, underscoring the need to develop a deeper understanding of the distributed neural circuits underlying extreme fear and anxiety. Recent work highlights the importance of the central extended amygdal
10.3389/fnsys.2022.876376	In Search for the Retrievable Memory Trace in an Insect Brain	Frontiers in Systems Neuroscience	The search strategy for the memory trace and its semantics is exemplified for the case of olfactory learning in the honeybee brain. The logic of associative learning is used to guide the experimental approach into the brain by identifying the anatomical and fu
10.1007/s12021-015-9272-7	BlastNeuron for Automated Comparison, Retrieval and Clustering of 3D Neuron Morphologies	Neuroinformatics	Characterizing the identity and types of neurons in the brain, as well as their associated function, requires a means of quantifying and comparing 3D neuron morphology. Presently, neuron comparison methods are based on statistics from neuronal morphology such 
10.1371/journal.pone.0181773	Population activity structure of excitatory and inhibitory neurons	PLoS ONE	Many studies use population analysis approaches, such as dimensionality reduction, to characterize the activity of large groups of neurons. To date, these methods have treated each neuron equally, without taking into account whether neurons are excitatory or i
10.1111/j.1469-7793.2000.00625.x	Calcium dynamics associated with action potentials in single nerve terminals of pyramidal cells in layer 2/3 of the young rat neocortex	Journal of Physiology	Calcium dynamics associated with a single action potential (AP) were studied in single boutons of the axonal arbor of layer 2/3 pyramidal cells in the neocortex of young (P14-16) rats. We used fluorescence imaging with two-photon excitation and Ca2+-selective 
10.1016/j.neuron.2016.10.033	To the Cloud! A Grassroots Proposal to Accelerate Brain Science Discovery	Neuron	The revolution in neuroscientific data acquisition is creating an analysis challenge. We propose leveraging cloud-computing technologies to enable large-scale neurodata storing, exploring, analyzing, and modeling. This utility will empower scientists globally 
10.1038/s41592-018-0049-4	High-precision automated reconstruction of neurons with flood-filling networks	Nature Methods	Reconstruction of neural circuits from volume electron microscopy data requires the tracing of cells in their entirety, including all their neurites. Automated approaches have been developed for tracing, but their error rates are too high to generate reliable 
10.7554/elife.59928	Common cell type nomenclature for the mammalian brain	eLife	The advancement of single-cell RNA-sequencing technologies has led to an explosion of cell type definitions across multiple organs and organisms. While standards for data and metadata intake are arising, organization of cell types has largely been left to indi
10.1016/j.neuron.2007.10.020	A role for synaptic inputs at distal dendrites: instructive signals for hippocampal long-term plasticity.	Neuron	Synaptic potentials originating at distal dendritic locations are severely attenuated when they reach the soma and, thus, are poor at driving somatic spikes. Nonetheless, distal inputs convey essential information, suggesting that such inputs may be important 
10.1016/j.cub.2024.09.020	Stem-cell specific ecdysone signaling regulates the development of dorsal fan-shaped body neurons and sleep homeostasis	Current Biology	Summary Complex behaviors arise from neural circuits that assemble from diverse cell types. Sleep is a conserved behavior essential for survival, yet little is known about how the nervous system generates neuron types of a sleep-wake circuit. Here, we focus on
10.1007/s12035-016-0343-z	Heterogeneity in Synaptogenic Profile of Astrocytes from Different Brain Regions	Molecular Neurobiology	Astrocytes, the most abundant glial cells in the central nervous system (CNS), comprise a heterogeneous population of cells. However, how this heterogeneity impacts their function within brain homeostasis and response to injury and disease is still largely unk
10.1371/journal.pcbi.1002985	Neuronal Avalanches Differ from Wakefulness to Deep Sleep – Evidence from Intracranial Depth Recordings in Humans	PLoS Comput. Biol.	Neuronal activity differs between wakefulness and sleep states. In contrast, an attractor state, called self-organized critical (SOC), was proposed to govern brain dynamics because it allows for optimal information coding. But is the human brain SOC for each v
10.1016/j.celrep.2025.116761	An ultrastructural map of a spinal sensorimotor circuit reveals the potential of astroglia modulation	Cell Reports	SUMMARY Information flow through circuits is dictated by the precise connectivity of neurons and glia. However, how glial-synaptic interactions are arranged within a single circuit to impact information flow remains understudied. Here, we use the local spinal 
10.1111/j.1365-2818.2009.03139.x	Tomography of insulating biological and geological materials using focused ion beam (FIB) sectioning and low‐kV BSE imaging	Journal of Microscopy	Summary Tomography in a focused ion beam (FIB) scanning electron microscope (SEM) is a powerful method for the characterization of three‐dimensional micro‐ and nanostructures. Although this technique can be routinely applied to conducting materials, FIB–SEM to
10.1007/978-3-030-59722-1_10	Microtubule Tracking in Electron Microscopy Volumes	Lecture Notes in Computer Science	
10.1016/j.celrep.2014.09.054	The microtubule minus end binding protein Patronin/PTRN-1 is required for axon regeneration in C. elegans	Cell Reports	Summary Precise regulation of microtubule (MT) dynamics is increasingly recognized as a critical determinant of axon regeneration. In contrast to developing neurons, mature axons exhibit noncentrosomal microtubule nucleation. The factors regulating noncentroso
10.1101/2025.09.08.674799	VesiclePy: A machine learning vesicle analysis toolbox for volume electron microscopy	bioRxiv	Vesicles are critical components of neurons that package neurotransmitters and neuropeptides for their release, in order to communicate with other neurons and cells. However, due to their small size, the reconstruction of the full vesicle endowment across an e
10.1101/2020.06.11.146704	Bridging scales in scattering tissues via multifocal two-photon microscopy	bioRxiv	Imaging biological systems at subcellular resolution and across scales is essential to under-standing how cells form tissues, organs, and organisms. However, existing large-scale optical techniques often require harsh tissue-clearing methods that cause signifi
10.1016/j.brs.2024.12.1192	Enabling Electric Field Model of Microscopically Realistic Brain	Brain Stimulation	Background: Modeling brain stimulation at the microscopic scale may reveal new paradigms for various stimulation modalities. Objective: We present the largest map to date of extracellular electric field distributions within a layer L2/L3 mouse primary visual c
10.1111/j.1460-9568.2004.03689.x	Astroglial processes show spontaneous motility at active synaptic terminals in situ	European Journal of Neuroscience	Abstract Within the tripartite structure of vertebrate synapses, enwrapping astroglial processes regulate synaptic transmission by transmitter uptake and by direct transmitter release. We applied confocal and two‐photon laser scanning microscopy to acutely iso
10.1371/journal.pcbi.1004083	Improved Estimation and Interpretation of Correlations in Neural Circuits	PLoS Comput. Biol.	Ambitious projects aim to record the activity of ever larger and denser neuronal populations in vivo. Correlations in neural activity measured in such recordings can reveal important aspects of neural circuit organization. However, estimating and interpreting 
10.3109/01677063.2015.1078801	Automated in situ brain imaging for mapping the Drosophila connectome	Journal of neurogenetics	Mapping the connectome, a wiring diagram of the entire brain, requires large-scale imaging of numerous single neurons with diverse morphology. It is a formidable challenge to reassemble these neurons into a virtual brain and correlate their structural networks
10.1523/jneurosci.4565-11.2012	Afadin, a Ras/Rap effector that controls cadherin function, promotes spine and excitatory synapse density in the hippocampus	Journal of Neuroscience	Many molecules regulate synaptogenesis, but intracellular signaling pathways required for their functions are poorly understood. Afadin is a Rap-regulated, actin-binding protein that promotes cadherin complex assembly as well as binding many other cell adhesio
10.1016/j.neuroscience.2022.02.021	Dendritic Spine Density Scales with Microtubule Number in Rat Hippocampal Dendrites	Neuroscience	Microtubules deliver essential resources to and from synapses. Three-dimensional reconstructions in rat hippocampus reveal a sampling bias regarding spine density that needs to be controlled for dendrite caliber and resource delivery based on microtubule numbe
10.1126/scirobotics.adg0279	The neuromechanics of animal locomotion: From biology to robotics and back	Science Robotics	Robotics and neuroscience are sister disciplines that both aim to understand how agile, efficient, and robust locomotion can be achieved in autonomous agents. Robotics has already benefitted from neuromechanical principles discovered by investigating animals. 
10.1111/jnc.15850	Dissecting cell-type specific pathways in medial entorhinal cortical- hippocampal network for episodic memory	Journal of Neurochemistry	Episodic memory, which refers to our ability to encode and recall past events, is essential to our daily lives. Previous research has established that both the entorhinal cortex (EC) and hippocampus (HPC) play a crucial role in the formation and retrieval of e
10.1371/journal.pcbi.1003710	Analysis of Graph Invariants in Functional Neocortical Circuitry Reveals Generalized Features Common to Three Areas of Sensory Cortex	PLoS Comput. Biol.	Correlations in local neocortical spiking activity can provide insight into the underlying organization of cortical microcircuitry. However, identifying structure in patterned multi-neuronal spiking remains a daunting task due to the high dimensionality of the
10.3390/biom11111697	Nanoscale Sub-Compartmentalization of the Dendritic Spine Compartment	Biomolecules	Compartmentalization of the membrane is essential for cells to perform highly specific tasks and spatially constrained biochemical functions in topographically defined areas. These membrane lateral heterogeneities range from nanoscopic dimensions, often involv
10.1007/s00441-024-03858-x	Dynamic changes in endoplasmic reticulum morphology and its contact with the plasma membrane in motor neurons in response to nerve injury	Cell and Tissue Research	The endoplasmic reticulum (ER) extends throughout a cell and plays a critical role in maintaining cellular homeostasis. Changes in ER shape could provide a clue to explore the mechanisms that underlie the fate determination of neurons after axon injury because
10.1103/physrevx.14.041047	Furutsu-Novikov–like Cross-Correlation–Response Relations for Systems Driven by Shot Noise	Physical Review X	We consider a dynamic system that is driven by an intensity-modulated Poisson process with intensity Λ(t)=λ(t)+ϵν(t). We derive an exact relation between the input-output cross-correlation in the spontaneous state (ϵ=0) and the linear response to the modulatio
10.1371/journal.pbio.3001375	Unique properties of dually innervated dendritic spines in pyramidal neurons of the somatosensory cortex uncovered by 3D correlative light and electro	PLoS Biology	Pyramidal neurons (PNs) are covered by thousands of dendritic spines receiving excitatory synaptic inputs. The ultrastructure of dendritic spines shapes signal compartmentalization, but ultrastructural diversity is rarely taken into account in computational mo
10.1523/jneurosci.3942-11.2012	Integrin β1 signals through Arg to regulate postnatal dendritic arborization, synapse density, and behavior	Journal of Neuroscience	Integrins are heterodimeric extracellular matrix receptors that are essential for the proper development of the vertebrate nervous system. We report here that selective loss of integrin β1 in excitatory neurons leads to reductions in the size and complexity of
10.1016/j.cub.2025.12.024	A neural connectivity atlas for fly flight control	Current Biology	SUMMARY Nervous systems rely on sensory feature maps, where the tuning of neighboring neurons for some ethologically-relevant parameter varies systematically, to control behavior. Such maps can be organized topographically or based on some computational princi
10.1371/journal.pone.0257228	Voltage-dependent plasticity of spin-polarized conductance in phenyl-based single-molecule magnetic tunnel junctions	PLoS ONE	Synaptic strengths between neurons in brain networks are highly adaptive due to synaptic plasticity. Spike-timing-dependent plasticity (STDP) is a form of synaptic plasticity induced by temporal correlations between the firing activity of neurons. The developm
10.1038/nmeth.2477	Mapping brain circuitry with a light microscope	Nature Methods	The beginning of the 21st century has seen a renaissance in light microscopy and anatomical tract tracing that together are rapidly advancing our understanding of the form and function of neuronal circuits. The introduction of instruments for automated imaging
10.1109/cvpr52688.2022.00802	RAMA: A Rapid Multicut Algorithm on GPU	Computer Vision and Pattern Recognition	We propose a highly parallel primal-dual algorithm for the multicut (a.k.a. correlation clustering) problem, a classical graph clustering problem widely used in machine learning and computer vision. Our algorithm consists of three steps executed recursively: (
10.1146/annurev-vision-101922-041523	Active Filtering: A Predictive Function of Recurrent Circuits of Sensory Cortex.	Annual Review of Vision Science	Our brains encode many features of the sensory world into memories: We can sing along with songs we have heard before, interpret spoken and written language composed of words we have learned, and recognize faces and objects. Where are these memories stored? Ea
10.7554/elife.46814	A quantitative model of conserved macroscopic dynamics predicts future motor commands	eLife	In simple organisms such as Caenorhabditis elegans, whole brain imaging has been performed. Here, we use such recordings to model the nervous system. Our model uses neuronal activity to predict expected time of future motor commands up to 30 s prior to the eve
10.1109/bibm62325.2024.10822494	SAvEM3: Pretrained and Distilled Models for General-purpose 3D Neuron Reconstruction	IEEE International Conference on Bioinfo	With an explosion in the uptake of volume electron microscopy (vEM) across neuroscience and fast-paced advances in imaging protocols, it is timely to introduce general-purpose automation for newly generated large-scale vEM datasets. Recent vision foundation mo
10.1142/9781800610620_0012	Connectome and Brain Imaging	Between Science and Economics	
10.1523/jneurosci.3032-07.2008	Smaller Dendritic Spines, Weaker Synaptic Transmission, but Enhanced Spatial Learning in Mice Lacking Shank1	Journal of Neuroscience	Experience-dependent changes in the structure of dendritic spines may contribute to learning and memory. Encoded by three genes, the Shank family of postsynaptic scaffold proteins are abundant and enriched in the postsynaptic density (PSD) of central excitator
10.1046/j.1460-9568.1999.00793.x	Differential expression of the presynaptic cytomatrix protein bassoon among ribbon synapses in the mammalian retina	European Journal of Neuroscience	Abstract Bassoon is a 420‐kDa presynaptic protein which is highly concentrated at the active zones of nerve terminals of conventional synapses, both excitatory glutamatergic and inhibitory GABAergic, in rat brain. It is thought to be involved in the organizati
10.32657/10356/51190	Mumford-Shah type variational models and fast algorithms for image segmentation		Image segmentation, which aims to extract interesting objects from a given image, is one fundamental task in image processing and computer vision. Among several popular variational models for this purpose, we focus on the seminal Mumford and Shah (MS) model in
10.1038/nmeth.2213	Staining and embedding the whole mouse brain for electron microscopy	Nature Methods	The development of methods for imaging large contiguous volumes with the electron microscope could allow the complete mapping of a whole mouse brain at the single-axon level. We developed a method based on prolonged immersion that enables staining and embeddin
10.1111/boc.70032	DeepSCEM: A User‐Friendly Solution for Deep Learning‐Based Image Segmentation in Cellular Electron Microscopy	Biology of the Cell	Deep learning methods using convolutional neural networks are very effective for automatic image segmentation tasks with no exception for cellular electron micrographs. However, the lack of dedicated easy‐to‐use tools largely reduces the widespread use of thes
10.1371/journal.pone.0089881	An Enteroendocrine Cell – Enteric Glia Connection Revealed by 3D Electron Microscopy	PLoS ONE	The enteroendocrine cell is the cornerstone of gastrointestinal chemosensation. In the intestine and colon, this cell is stimulated by nutrients, tastants that elicit the perception of flavor, and bacterial by-products; and in response, the cell secretes hormo
10.7554/elife.80918	MorphoFeatures for unsupervised exploration of cell types, tissues, and organs in volume electron microscopy	eLife	Electron microscopy (EM) provides a uniquely detailed view of cellular morphology, including organelles and fine subcellular ultrastructure. While the acquisition and (semi-)automatic segmentation of multicellular EM volumes are now becoming routine, large-sca
10.1101/2021.11.08.467668	Cellular and Synaptic Diversity of Layer 2-3 Pyramidal Neurons in Human Individuals	bioRxiv	Understanding the functional principles of the human brain requires deep insight into the neuronal and network physiology. To what extent such principles of cellular physiology and synaptic interactions are common across different human individuals is unknown.
10.1016/j.isci.2025.112104	From initial formation to developmental refinement: GABAergic inputs shape neuronal subnetworks in the primary somatosensory cortex	bioRxiv	Neuronal subnetworks, also known as ensembles, are functional units formed by interconnected neurons for information processing and encoding in the adult brain. Our study investigates the establishment of neuronal subnetworks in the mouse primary somatosensory
10.1126/science.1212735	Visualizing Long-Term Memory Formation in Two Neurons of the Drosophila Brain	Science	Challenging the Mushroom Bodies Early memory is labile and is gradually consolidated over time into long-lasting, stable memory. In several species, including mammals, memory consolidation depends on protein synthesis. In Drosophila , long-term memory is produ
10.1038/s41598-017-12484-3	UbasM: An effective balanced optical clearing method for intact biomedical imaging	Scientific Reports	Optical clearing methods can facilitate deep optical imaging in biological tissue by reducing light scattering and this has enabled accurate three-dimensional signal visualization and quantification of complex biological structures. Unfortunately, existing opt
10.1038/s41596-026-01363-9	Whole-mouse immunolabeling at cellular resolution for comprehensive 3D atlases.	Nature Protocols	Mapping complex biological systems and tracking disease progression at high resolution across the entire mammalian body has remained technically challenging. Here, to address this, we present wildDISCO (immunolabeling of wild-type mice and DISCO clearing), a c
10.3389/fnins.2011.00032	Beyond the Cortical Column: Abundance and Physiology of Horizontal Connections Imply a Strong Role for Inputs from the Surround	Frontiers in Neuroscience	Current concepts of cortical information processing and most cortical network models largely rest on the assumption that well-studied properties of local synaptic connectivity are sufficient to understand the generic properties of cortical networks. This view 
10.1007/978-1-62703-776-1_26	Correlative 3D imaging: CLSM and FIB-SEM tomography using high-pressure frozen, freeze-substituted biological samples.	Methods in molecular biology	Correlative light and electron microscopy aims at combining data from different imaging modalities, ideally from the same area of the one sample, in order to achieve a more holistic view of the hierarchical structural organization of cells and tissues. Modern 
10.1111/j.1460-9568.2011.07631.x	Glutamate released spontaneously from astrocytes sets the threshold for synaptic plasticity	European Journal of Neuroscience	Astrocytes exhibit spontaneous calcium oscillations that could induce the release of glutamate as gliotransmitter in rat hippocampal slices. However, it is unknown whether this spontaneous release of astrocytic glutamate may contribute to determining the basal
10.1016/j.cub.2019.02.025	Direction Selectivity in Drosophila Proprioceptors Requires the Mechanosensory Channel Tmc	Current Biology	SUMMARY Drosophila Transmembrane channel-like (Tmc) is a protein that functions in larval proprioception. The closely related TMC1 protein is required for mammalian hearing and is a pore-forming subunit of the hair cell mechanotransduction channel. In hair cel
10.1016/j.bosn.2025.04.004	Fast directed <mml:math xmlns:mml="http://www.w3.org/1998/Math/MathML" display="inline" id="d1e595" altimg="si222.svg"><mml:mi>q</mml:mi></mml:math>-a	Brain Organoid and Systems Neuroscience 	Recent innovations in reconstructing large scale, full-precision, neuron-synapse-level connectomes demand subsequent improvements to graph analysis methods, to keep up with the growing complexity and size of the data. One such tool is the recently introduced d
10.1371/journal.pone.0038098	Three-Dimensional, Tomographic Super-Resolution Fluorescence Imaging of Serially Sectioned Thick Samples	PLoS ONE	Three-dimensional fluorescence imaging of thick tissue samples with near-molecular resolution remains a fundamental challenge in the life sciences. To tackle this, we developed tomoSTORM, an approach combining single-molecule localization-based super-resolutio
10.1371/journal.pone.0109928	Injection of Fully-Defined Signal Mixtures: A Novel High-Throughput Tool to Study Neuronal Encoding and Computations	PLoS ONE	Understanding of how neurons transform fluctuations of membrane potential, reflecting input activity, into spike responses, which communicate the ultimate results of single-neuron computation, is one of the central challenges for cellular and computational neu
10.1073/pnas.1909915117	Brain-wide functional architecture remodeling by alcohol dependence and abstinence	Proceedings of the National Academy of S	Significance Visualizing functional changes in brain networks that are produced by alcohol use and alcohol dependence is a critical step in our understanding of the consequences of drinking alcohol. Because of technical limitations, visualizing changes through
10.1523/jneurosci.2518-17.2018	Convergence and Divergence of CRH Amacrine Cells in Mouse Retinal Circuitry	Journal of Neuroscience	Inhibitory interneurons sculpt the outputs of excitatory circuits to expand the dynamic range of information processing. In mammalian retina, >30 types of amacrine cells provide lateral inhibition to vertical, excitatory bipolar cell circuits, but functional r
10.1016/0166-2236(93)90122-3	Quantal analysis and synaptic anatomy--integrating two views of hippocampal plasticity.	Trends in Neurosciences	The excitatory synapses onto CA1 pyramidal cells have become a model system for understanding the activity-dependent changes in synapses that underlie learning and memory. Here we examine physiological and anatomical results that are relevant to understanding 
10.3390/electronics15061181	Isotropic Reconstruction of Anisotropic vEM Volumes with ViT-Guided Diffusion	Electronics	Volume electron microscopy (vEM) provides nanometer-scale 3D imaging, yet its axial (z) resolution is often much lower than the in-plane (xy) resolution, yielding anisotropic volumes that hinder segmentation and connectomic reconstruction. We present a two-sta
10.1038/s41598-025-29213-w	High-throughput tracking of freely moving Drosophila reveals variations in aggression and courtship behaviors	Scientific Reports	Aggression is a nearly universal behavior used to secure food, territory, and mates across species, including the fruit fly Drosophila melanogaster. In fruit flies, both sexes display aggression through stereotypical motor patterns. This, along with their soph
10.1016/j.jneumeth.2024.110073	Inference of Network Connectivity from Temporally Binned Spike Trains	Journal of Neuroscience Methods	Background Processing neural activity to reconstruct network connectivity is a central focus of neuroscience, yet the spatiotemporal requisites of biological nervous systems are challenging for current neuronal sensing modalities. Consequently, methods that le
10.1101/112227	Rapid sequential in situ multiplexing with DNA-Exchange-Imaging in Neuronal Cells and Tissues	bioRxiv	To decipher the molecular mechanism of biological function, it is critical to map the molecular composition of individual cells in the context of their biological environment in situ. Immunofluorescence (IF) provides specific labeling for molecular profiling. 
10.1101/376871	Cell-type specific patterned stimulus-independent neuronal activity in the Drosophila visual system during synapse formation	bioRxiv	Stereotyped synaptic connections define the neural circuits of the brain. In vertebrates, stimulus-independent activity contributes to neural circuit formation. It is unknown whether this type of activity is a general feature of nervous system development. Her
10.1016/j.crmeth.2025.101265	Investigation of synaptic connectivity in functional in vitro neuronal assemblies	Cell Reports Methods	Summary Studies using genetic tagging and optogenetics demonstrated that reactivation of memory engrams, neuronal ensembles encoding specific learned information, can trigger memory recall and that synaptic potentiation among engram neurons is critical for mem
10.1371/journal.pcbi.1009409	Pre- and postsynaptically expressed spike-timing-dependent plasticity contribute differentially to neuronal learning	bioRxiv	A plethora of experimental studies have shown that long-term synaptic plasticity can be expressed pre- or postsynaptically depending on a range of factors such as developmental stage, synapse type, and activity patterns. The functional consequences of this div
10.1126/sciadv.abn3852	An internal expectation guides Drosophila egg-laying decisions	Science Advances	When presented with two egg-laying substrates, Drosophila lay most of their eggs on the option with higher relative value. How do flies make this relative-value decision? Might the strategy they use allow them to choose the best option even when they experienc
10.7554/elife.24838	Wiring variations that enable and constrain neural computation in a sensory microcircuit	bioRxiv	Neural network function can be shaped by varying the strength of synaptic connections. One way to achieve this is to vary connection structure. To investigate how structural variation among synaptic connections might affect neural computation, we examined prim
10.1038/nature23014	A novel mechanism for mechanosensory-based rheotaxis in larval zebrafish	Nature	When flying or swimming, animals must adjust their own movement to compensate for displacements induced by the flow of the surrounding air or water. These flow-induced displacements can most easily be detected as visual whole-field motion with respect to the a
10.1016/b978-0-12-801075-4.00015-x	The use of a laser for correlating light and electron microscopic images in thick tissue specimens.	Methods in Cell Biology	Correlating images between light and electron microscopy is difficult especially in tissue specimens with a substantial z-dimension. To facilitate correlated light and electron microscopy (CLEM) in thick tissue specimens, we describe a basic method of using a 
10.1038/s41598-018-30501-x	High-resolution synchrotron-based X-ray microtomography as a tool to unveil the three-dimensional neuronal architecture of the brain	Scientific Reports	The assessment of neuronal number, spatial organization and connectivity is fundamental for a complete understanding of brain function. However, the evaluation of the three-dimensional (3D) brain cytoarchitecture at cellular resolution persists as a great chal
10.1103/physreve.92.062813	Mean-field dynamics of a random neural network with noise.	Physical review. E, Statistical, nonline	We consider a network of randomly coupled rate-based neurons influenced by external and internal noise. We derive a second-order stochastic mean-field model for the network dynamics and use it to analyze the stability and bifurcations in the thermodynamic limi
10.1242/dev.139444	Development of the neurons controlling fertility in humans: new insights from 3D imaging and transparent fetal brains	Development	Fertility in mammals is controlled by hypothalamic neurons that secrete gonadotropin-releasing hormone (GnRH). These neurons differentiate in the olfactory placodes during embryogenesis and migrate from the nose to the hypothalamus before birth. Information re
10.64898/2026.02.26.708303	Between Behaviors: Comparison of Two Dynamical Models of Behavioral Switching for C. Elegans Locomotion	bioRxiv	Organisms must manage a trade-off between robustness and flexibility as they enact adaptive behaviors. One way organisms achieve this is by navigating a network of quasi-stable behavioral states. Evidence for such behavioral states has been observed in many or
10.1016/j.celrep.2019.02.040	Genetic Single Neuron Anatomy Reveals Fine Granularity of Cortical Axo-Axonic Cells	Cell Reports	SUMMARY Parsing diverse nerve cells into biological types is necessary for understanding neural circuit organization. Morphology is an intuitive criterion for neuronal classification and a proxy of connectivity, but morphological diversity and variability ofte
10.1038/s41467-020-18893-9	GABAergic motor neurons bias locomotor decision-making in C. elegans	Nature Communications	Proper threat-reward decision-making is critical to animal survival. Emerging evidence indicates that the motor system may participate in decision-making but the neural circuit and molecular bases for these functions are little known. We found in C. elegans th
10.1016/j.conb.2017.06.006	Intrinsic volatility of synaptic connections - a challenge to the synaptic trace theory of memory.	Current Opinion in Neurobiology	According to the synaptic trace theory of memory, activity-induced changes in the pattern of synaptic connections underlie the storage of information for long periods. In this framework, the stability of memory critically depends on the stability of the underl
10.1101/2024.07.26.605288	Olfactory projection neuron rewiring in the brain of an ecological specialist	bioRxiv	Animals’ behaviours can vary greatly between even closely-related species. While changes in the sensory periphery have frequently been linked to species-specific behaviours, very little is known about if and how individual cell types in the central brain evolv
10.1016/j.cub.2025.12.032	A neuronal population clock for interval timing in Drosophila.	Current Biology	Understanding the order and duration of events is fundamental to prediction and anticipation. Here, we show that Drosophila estimate, remember, and reproduce intervals in the range of several seconds. This inner sense of time relies on a population clock in th
10.1016/j.neuroscience.2012.04.018	Developmental Shift of Short-term Synaptic Plasticity in Cortical Organotypic Slices	Neuroscience	Although short-term synaptic plasticity (STP) is ubiquitous in neocortical synapses its functional role in neural computations is not well understood. Critical to elucidating the function of STP will be to understand how STP itself changes with development and
10.1371/journal.pcbi.1004640	Where’s the Noise? Key Features of Spontaneous Activity and Neural Variability Arise through Learning in a Deterministic Network	PLoS Comput. Biol.	Even in the absence of sensory stimulation the brain is spontaneously active. This background “noise” seems to be the dominant cause of the notoriously high trial-to-trial variability of neural recordings. Recent experimental observations have extended our kno
10.1007/s00359-022-01600-y	The role of learning-walk related multisensory experience in rewiring visual circuits in the desert ant brain	Journal of Comparative Physiology	Efficient spatial orientation in the natural environment is crucial for the survival of most animal species. Cataglyphis desert ants possess excellent navigational skills. After far-ranging foraging excursions, the ants return to their inconspicuous nest entra
10.52202/068431-1498	Biologically plausible solutions for spiking networks with efficient coding	Neural Information Processing Systems	Understanding how the dynamics of neural networks is shaped by the computations they perform is a fundamental question in neuroscience. Recently, the framework of efficient coding proposed a theory of how spiking neural networks can compute low-dimensional sti
10.1016/j.neuron.2016.08.018	Distributed and mixed information in monosynaptic inputs to dopamine neurons	Neuron	SUMMARY Dopamine neurons encode the difference between actual and predicted reward, or reward prediction error (RPE). Although many models have been proposed to account for this computation, it has been difficult to test these models experimentally. Here we es
10.3389/fnmol.2015.00014	Lentiviral vectors as tools to understand central nervous system biology in mammalian model organisms	Frontiers in Molecular Neuroscience	Lentiviruses have been extensively used as gene delivery vectors since the mid-1990s. Usually derived from the human immunodeficiency virus genome, they mediate efficient gene transfer to non-dividing cells, including neurons and glia in the adult mammalian br
10.1097/nen.0b013e31828d41ec	Synaptic Changes in the Dentate Gyrus of APP/PS1 Transgenic Mice Revealed by Electron Microscopy	Journal of Neuropathology and Experiment	Supplemental digital content is available in the text.
10.3389/fncir.2017.00009	Mapping and Analysis of the Connectome of Sympathetic Premotor Neurons in the Rostral Ventrolateral Medulla of the Rat Using a Volumetric Brain Atlas	Front. Neural Circuits	Spinally projecting neurons in the rostral ventrolateral medulla (RVLM) play a critical role in the generation of vasomotor sympathetic tone and are thought to receive convergent input from neurons at every level of the neuraxis; the factors that determine the
10.1038/s41598-021-83680-5	Morphological features of large layer V pyramidal neurons in cortical motor-related areas of macaque monkeys: analysis of basal dendrites	Scientific Reports	In primates, large layer V pyramidal neurons located in the frontal motor-related areas send a variety of motor commands to the spinal cord, giving rise to the corticospinal tract, for execution of skilled motor behavior. However, little is known about the mor
10.1016/j.pneurobio.2026.102882	The flexible synapse - how mossy fiber architecture adapts to changing needs.	Progress in neurobiology	Hippocampal mossy fiber boutons are unique, highly plastic synapses within the hippocampal circuitry. Despite mossy fiber bouton's potential role in learning and memory processes, the precise underlying mechanisms leading to their strengthened synaptic connect
10.1007/s10827-017-0664-6	How does transient signaling input affect the spike timing of postsynaptic neuron near the threshold regime: an analytical study	Journal of Computational Neuroscience	The noisy threshold regime, where even a small set of presynaptic neurons can significantly affect postsynaptic spike-timing, is suggested as a key requisite for computation in neurons with high variability. It also has been proposed that signals under the noi
10.1016/j.cell.2017.06.014	Life-Long Genetic and Functional Access to Neural Circuits Using Self-Inactivating Rabies Virus	Cell	Summary Neural networks are emerging as the fundamental computational unit of the brain and it is becoming progressively clearer that network dysfunction is at the core of a number of psychiatric and neurodegenerative disorders. Yet, our ability to target spec
10.1109/isbi.2018.8363875	Learning-based long-range axon tracing in dense scenes	IEEE International Symposium on Biomedic	Recent advances in intact brain imaging, such as CLARITY and MAP (Magnified Analysis of the Proteome), enable volumetric imaging of brain tissue at subcellular resolution. Currently there is no effective tool for automated axon tracing at single fiber resoluti
10.1371/journal.pone.0116280	A Rapid Optical Clearing Protocol Using 2,2′-Thiodiethanol for Microscopic Observation of Fixed Mouse Brain	PLoS ONE	Elucidation of neural circuit functions requires visualization of the fine structure of neurons in the inner regions of thick brain specimens. However, the tissue penetration depth of laser scanning microscopy is limited by light scattering and/or absorption b
10.1016/j.neuroimage.2025.121212	Quantifying axonal features of human superficial white matter from three-dimensional multibeam serial electron microscopy data assisted by deep learni	NeuroImage	Short-range association fibers located in the superficial white matter play an important role in mediating higher-order cognitive function in humans. Detailed morphological characterization of short-range association fibers at the microscopic level promises to
10.1101/2020.02.20.958124	Whole-brain estimates of directed connectivity for human connectomics	bioRxiv	Connectomics is essential for understanding large-scale brain networks but requires that individual connection estimates are neurobiologically interpretable. In particular, a principle of brain organization is that reciprocal connections between cortical areas
10.1101/2021.06.28.449892	Dynamic causal communication channels between neocortical areas	bioRxiv	Dynamic pathways of information flow between distributed brain regions underlie the diversity of behaviour. However, it remains unclear how neuronal activity in one area causally influences ongoing population activity in another, and how such interactions chan
10.3389/fncom.2013.00010	Stable learning of functional maps in self-organizing spiking neural networks with continuous synaptic plasticity	Frontiers in Computational Neuroscience	This study describes a spiking model that self-organizes for stable formation and maintenance of orientation and ocular dominance maps in the visual cortex (V1). This self-organization process simulates three development phases: an early experience-independent
10.1016/j.conb.2017.10.015	Proximity labeling: spatially-resolved proteomic mapping for neurobiology	Current Opinion in Neurobiology	Understanding signaling pathways in neuroscience requires high-resolution maps of the underlying protein networks. Proximity-dependent biotinylation with engineered enzymes, in combination with mass spectrometry-based quantitative proteomics, has emerged as a 
10.1016/j.preteyeres.2013.08.002	Retinal Connectomics: Towards Complete, Accurate Networks	Progress in retinal and eye research	Connectomics is a strategy for mapping complex neural networks based on high-speed automated electron optical imaging, computational assembly of neural data volumes, web-based navigational tools to explore 1012–1015 byte (terabyte to petabyte) image volumes, a
10.1016/j.semcdb.2022.07.007	The Drivers of Diversity: Integrated genetic and hormonal cues regulate neural diversity.	Seminars in Cell and Developmental Biolo	Proper functioning of the nervous system relies not only on the generation of a vast repertoire of distinct neural cell types but also on the precise neural circuitry within them. How the generation of highly diverse neural populations is regulated during deve
10.1103/physreve.97.062314	Correlations between synapses in pairs of neurons slow down dynamics in randomly connected neural networks.	Physical Review E	Networks of randomly connected neurons are among the most popular models in theoretical neuroscience. The connectivity between neurons in the cortex is however not fully random, the simplest and most prominent deviation from randomness found in experimental da
10.1101/2025.09.26.678851	Beyond Agreement: Standardizing Crowdsourced Synapse Annotations through Proofreading in EM Connectomics	bioRxiv	Reliable synapse identification in volumetric EM is hampered by subtle, 3D cues that yield variable human judgments. We present a standardized proofreading protocol that pairs explicit, operational criteria with machine-learning candidate generation and a two-
10.1101/2023.06.14.544765	Super-resolution histology of paraffin-embedded samples via photonic chip-based microscopy	bioRxiv	Fluorescence-based super-resolution optical microscopy (SRM) techniques allow the visualization of biological structures beyond the diffraction limit of conventional microscopes. Despite its successful adoption in cell biology, the integration of SRM into the 
10.1007/s00441-015-2142-7	FLIPPER, a combinatorial probe for correlated live imaging and electron microscopy, allows identification and quantitative analysis of various cells a	Cell and Tissue Research	Ultrastructural examination of cells and tissues by electron microscopy (EM) yields detailed information on subcellular structures. However, EM is typically restricted to small fields of view at high magnification; this makes quantifying events in multiple lar
10.1038/354076a0	Independent regulation of calcium revealed by imaging dendritic spines	Nature	The dendritic spine is a basic structural unit of neuronal organization. It is assumed to be a primary locus of synaptic plasticity, and to undergo long-term morphological and functional changes, at least some of which are regulated by intracellular calcium co
10.1038/s41592-025-02867-0	Scalable spatial single-cell transcriptomics and translatomics in 3D thick tissue blocks	Nature Methods	Characterizing the transcriptional and translational gene expression patterns at the single-cell level within their three-dimensional (3D) tissue context is essential for revealing how genes shape tissue structure and function in health and disease. However, m
10.3389/fncom.2018.00104	Highly Heterogeneous Excitatory Connections Require Less Amount of Noise to Sustain Firing Activities in Cortical Networks	Frontiers in Computational Neuroscience	Cortical networks both in vivo and in vitro sustain asynchronous irregular firings with extremely low frequency. To realize such self-sustained activity in neural network models, balance between excitatory and inhibitory activities is known to be one of the ke
10.1038/nmeth.4233	Automatic tracing of ultra-volumes of neuronal images.	Nature Methods	Automated tracing algorithms can extract neuronal morphology from fluorescent or brightfield images. UltraTracer scales up the capability of existing tracing algorithms to handle datasets of ever-increasing size.
10.1109/isbi45749.2020.9098363	Caesar: Segment-Wise Alignment Method for Solving Discontinuous Deformations	IEEE International Symposium on Biomedic	Images obtained from serial section electron microscopy can contain defects that create discontinuous tissue deformation. Fixing such defects during image registration is especially challenging, as classical block matching registration techniques assume smooth
10.1109/tkde.2025.3527551	Brain and Cognitive Science Inspired Deep Learning: A Comprehensive Survey	IEEE Transactions on Knowledge and Data 	Deep learning (DL) is increasingly viewed as a foundational methodology for advancing Artificial Intelligence (AI). However, its interpretability remains limited, and it often underperforms in certain fields due to its lack of human-like characteristics. Conse
10.1016/j.conb.2009.09.010	Shifting the paradigm: new approaches for characterizing and classifying neurons.	Current Opinion in Neurobiology	Efforts to characterize and classify the cellular components of the nervous system have a rich history in modern neuroscience, and closely mirror the development of new techniques to assay cellular properties. Recent advances in high-throughput histology, gene
10.1101/2025.10.20.683439	Biologically Inspired Deep Neural Network Models for Visual Emotion Processing	bioRxiv	The perception of opportunities and threats in complex visual scenes represents one of the main functions of the human visual system. The underlying neurophysiology is often studied by having observers view pictures varying in affective content. While deep neu
10.1371/journal.pone.0052295	Axonal Synapses Utilize Multiple Synaptic Ribbons in the Mammalian Retina	PLoS ONE	In the mammalian retina, bipolar cells and ganglion cells which stratify in sublamina a of the inner plexiform layer (IPL) show OFF responses to light stimuli while those that stratify in sublamina b show ON responses. This functional relationship between anat
10.1523/jneurosci.16-24-08041.1996	Synaptic Inputs to ON Parasol Ganglion Cells in the Primate Retina	Journal of Neuroscience	In primates, the retinal ganglion cells that project to the magnocellular layers of the lateral geniculate nucleus have distinctive responses to light, and one of these has been identified morphologically as the parasol ganglion cell. To investigate their syna
10.1093/chemse/bjaf035	Amino acids activate parallel chemosensory pathways in Drosophila	bioRxiv	Amino acids (AAs) are essential dietary macronutrients that impact an organism’s fitness in a concentration-dependent manner, but the mechanisms mediating AA detection to drive consumption are less clear. In Drosophila, we identified the full repertoire of tas
10.1016/j.jpi.2025.100512	From traditional to deep learning approaches in whole slide image registration: A methodological review	Journal of Pathology Informatics	Whole slide image (WSI) registration is an essential task for analyzing the tumor microenvironment (TME) in histopathology. It involves the alignment of spatial information between WSIs of the same section or serial sections of a tissue sample. The tissue sect
10.1126/science.aaf6102	Response to Comment on “Principles of connectivity among morphologically defined cell types in adult neocortex”	Science	The critique of Barth et al . centers on three points: (i) the completeness of our study is overstated; (ii) the connectivity matrix we describe is biased by technical limitations of our brain-slicing and multipatching methods; and (iii) our cell classificatio
10.7554/elife.64903	The Prop1-like homeobox gene unc-42 specifies the identity of synaptically connected neurons	eLife	Many neuronal identity regulators are expressed in distinct populations of cells in the nervous system, but their function is often analyzed only in specific isolated cellular contexts, thereby potentially leaving overarching themes in gene function undiscover
10.1113/jphysiol.2005.093948	Mechanisms of target‐cell specific short‐term plasticity at Schaffer collateral synapses onto interneurones versus pyramidal cells in juvenile rats	Journal of Physiology	Although it is presynaptic, short‐term plasticity has been shown at some synapses to depend upon the postsynaptic cell type. Previous studies have reported conflicting results as to whether Schaffer collateral axons have target‐cell specific short‐term plastic
10.1101/223834	Dense reconstruction of brain-wide neuronal population close to the ground truth	bioRxiv	Abstract Recent progresses allow imaging specific neuronal populations at single-axon level across mouse brain. However, digital reconstruction of neurons in large dataset requires months of human labor. Here, we developed a tool to solve this problem. Our too
10.1103/physrevresearch.4.023255	Geometric framework to predict structure from function in neural networks	Physical Review Research	Neural computation in biological and artificial networks relies on the nonlinear summation of many inputs. The structural connectivity matrix of synaptic weights between neurons is a critical determinant of overall network function, but quantitative links betw
10.1016/j.jneumeth.2018.05.014	t-GRASP, a targeted GRASP for assessing neuronal connectivity	Journal of Neuroscience Methods	Background. Understanding how behaviors are generated by neural circuits requires knowledge of the synaptic connections between the composite neurons. Methods for mapping synaptic connections, such as electron microscopy and paired recordings, are labor intens
10.1523/jneurosci.3291-14.2015	Elucidating the Role of AII Amacrine Cells in Glutamatergic Retinal Waves	Journal of Neuroscience	Spontaneous retinal activity mediated by glutamatergic neurotransmission—so-called “Stage 3” retinal waves—drives anti-correlated spiking in ON and OFF RGCs during the second week of postnatal development of the mouse. In the mature retina, the activity of a r
10.1242/jeb.238899	Experience, but not age, is associated with volumetric mushroom body expansion in solitary alkali bees	Journal of Experimental Biology	ABSTRACT In social insects, changes in behavior are often accompanied by structural changes in the brain. This neuroplasticity may come with experience (experience-dependent) or age (experience-expectant). Yet, the evolutionary relationship between neuroplasti
10.1016/0166-2236(90)90187-f	Rod pathways in mammalian retinae.	Trends in Neurosciences	A variety of recent experiments has resolved the way in which signals are transmitted from rod photoreceptors to ganglion cells in the mammalian retina. Rods connect to a single class of rod bipolar cell, which depolarize in response to light. Rod bipolar cell
10.1016/j.coisb.2017.04.006	Shifting attention to dynamics: Self-reconfiguration of neural networks	Current Opinion in Systems Biology	
10.1016/j.neuron.2014.03.021	Structural and molecular remodeling of dendritic spine substructures during long-term potentiation	Neuron	SUMMARY Synapses store information by long-lasting modifications of their structure and molecular composition, but the precise chronology of these changes has not been studied at single synapse resolution in real time. Here we describe the spatiotemporal reorg
10.1073/pnas.2004568117	Theory of neuronal perturbome in cortical networks	Proceedings of the National Academy of S	Significance Brains are composed of networks of neurons that are highly interconnected. A central question in neuroscience is how such neuronal networks operate in tandem to make a functioning brain. To understand this, we need to study how neurons interact wi
10.1098/rstb.2013.0597	Dissecting tripartite synapses with STED microscopy	Philosophical Transactions of the Royal 	The concept of the tripartite synapse reflects the important role that astrocytic processes are thought to play in the function and regulation of neuronal synapses in the mammalian nervous system. However, many basic aspects regarding the dynamic interplay bet
10.1093/cercor/bhae197	Parvalbumin interneurons in human ventromedial prefrontal cortex: a comprehensive post-mortem study of myelination and perineuronal nets in neurotypic	Cerebral Cortex	Cortical parvalbumin interneurons (PV+) are major regulators of excitatory/inhibitory information processing, and their maturation is associated with the opening of developmental critical periods (CP). Recent studies reveal that cortical PV+ axons are myelinat
10.1162/netn_a_00195	Neuronal classification from network connectivity via adjacency spectral embedding	bioRxiv	This work presents a novel strategy for classifying neurons, represented by nodes of a directed graph, based on their circuitry (edge connectivity). We assume a stochastic block model (SBM) where neurons belong together if they connect to neurons of other grou
10.3389/fninf.2020.00007	A Standardized Protocol for Efficient and Reliable Quality Control of Brain Registration in Functional MRI Studies	Frontiers in Neuroinformatics	Automatic alignment of brain anatomy in a standard space is a key step when processing magnetic resonance imaging for group analyses. Such brain registration is prone to failure, and the results are therefore typically reviewed visually to ensure quality. Ther
10.1016/s0928-4257(00)01097-4	Impact of intrinsic properties and synaptic factors on the activity of neocortical networks in vivo.	Journal of Physiology - Paris	To investigate the relative impact of intrinsic and synaptic factors in the maintenance of the membrane potential of cat neocortical neurons in various states of the network, we performed intracellular recordings in vivo. Experiments were done in the intact co
10.48550/arxiv.2412.20090	<NO TITLE>		In this brief and speculative commentary, we explore ideas inspired by neural networks in machine learning, proposing that a simple neural XOR motif, involving both excitatory and inhibitory connections, may provide the basis for a relevant mode of plasticity 
10.1016/j.coisb.2018.11.004	Light-microscopy methods in C. elegans research	Current Opinion in Systems Biology	Abstract Ever since Caenorhabditis elegans was introduced as a model system it has been tightly linked to microscopy, which has led to significant advances in understanding biology over the last decades. Developing new technologies therefore is an essential pa
10.1016/j.cell.2016.02.033	The fuzzy logic of network connectivity in mouse visual thalamus	Cell	In an attempt to chart parallel sensory streams passing through visual thalamus, we acquired a 100 trillion voxel EM dataset and identified cohorts of retinal ganglion cell axons (RGCs) that innervated each of a diverse group of postsynaptic thalamocortical ne
10.1002/cne.10957	Morphological analysis of the hyperpolarization‐activated cyclic nucleotide‐gated cation channel 1 (HCN1) immunoreactive bipolar cells in the rabbit r	The Journal of comparative neurology	Abstract Hyperpolarization‐activated cation currents ( I h ) have been identified in neurons in the central nervous system, including the retina. There is growing evidence that these currents, mediated by the hyperpolarization‐activated cyclic nucleotide‐gated
10.1016/j.nbd.2021.105362	Expansion microscopy: A powerful nanoscale imaging tool for neuroscientists	Neurobiology of Disease	One of the biggest unsolved questions in neuroscience is how molecules and neuronal circuitry create behaviors, and how their misregulation or dysfunction results in neurological disease. Light microscopy is a vital tool for the study of neural molecules and c
10.1515/revneuro-2021-0056	Cell assembly formation and structure in a piriform cortex model	Reviews in the Neurosciences	Abstract The piriform cortex is rich in recurrent excitatory synaptic connections between pyramidal neurons. We asked how such connections could shape cortical responses to olfactory lateral olfactory tract (LOT) inputs. For this, we constructed a computationa
10.70675/6d908968zc408z4202zb74azb0ea0a8497fa	Three-dimensional image analysis of high resolution confocal microscopy data of the Drosophila melanogaster brain		  La profondeur possible d’imagerie en laser-scanning microscopie est limitée non seulement par la distance de travail des lentilles de objectifs mais également par la dégradation de l’image causée par une atténuation et une diffraction de la lumière passant à
10.1016/j.neuron.2019.11.016	A discrete presynaptic vesicle cycle for neuromodulator receptors	Neuron	Summary A major function of GPCRs is to inhibit presynaptic neurotransmitter release, requiring ligand-activated receptors to couple locally to effectors at terminals. The current understanding of how this is achieved is through receptor immobilization on the 
10.1021/cn5003623	Different Neuropeptides are Expressed in Different Functional Subsets of Cholinergic Excitatory Motorneurons in the Nematode Ascaris suum	ACS Chemical Neuroscience	Neuropeptides are known to have dramatic effects on neurons and synapses; however, despite extensive studies of the motorneurons in the parasitic nematode Ascaris suum, their peptide content had not yet been described. We determined the peptide content of sing
10.1007/978-3-319-46976-8_26	Focused Proofreading to Reconstruct Neural Connectomes from EM Images at Scale	Lecture Notes in Computer Science	
10.1101/2023.06.27.545450	Population encoding of stimulus features along the visual hierarchy	bioRxiv	The retina and primary visual cortex (V1) both exhibit diverse neural populations sensitive to diverse visual features. Yet it remains unclear how neural populations in each area partition stimulus space to span these features. One possibility is that neural p
10.1101/2021.07.29.454371	Large-scale dendritic spine extraction and analysis through petascale computing	bioRxiv	The synapse is a central player in the nervous system serving as the key structure that permits the relay of electrical and chemical signals from one neuron to another. The anatomy of the synapse contains important information about the signals and the strengt
10.1016/0197-0186(80)90061-3	The release of acetylcholine and amino acids from the rabbit retina in vivo.	Neurochemistry International	Rabbits were anaesthetised with urethane and an eye-cup was prepared by removing the cornea, iris, lens and vitreous. The retina was loaded with |(3)H|choline by filling the eye-cup with medium containing labelled choline and eserine. The retina was washed and
10.7554/elife.17421	Complementary mechanisms create direction selectivity in the fly	eLife	How neurons become sensitive to the direction of visual motion represents a classic example of neural computation. Two alternative mechanisms have been discussed in the literature so far: preferred direction enhancement, by which responses are amplified when s
10.1016/j.conb.2010.03.006	Sparse and powerful cortical spikes.	Current Opinion in Neurobiology	Activity in cortical networks is heterogeneous, sparse and often precisely timed. The functional significance of sparseness and precise spike timing is debated, but our understanding of the developmental and synaptic mechanisms that shape neuronal discharge pa
10.1016/j.cois.2017.08.002	Image statistics and their processing in insect vision.	Current Opinion in Insect Science	Natural scenes may appear random, but are not only constrained in space and time, but also show strong spatial and temporal correlations. Spatial constraints and correlations can be described by quantifying image statistics, which include intuitive measures su
10.1152/physrev.00019.2019	Neuronal circuits in barrel cortex for whisker sensory perception.	Physiological Reviews	The array of whiskers on the snout provides rodents with tactile sensory information relating to the size, shape and texture of objects in their immediate environment. Rodents can use their whiskers to detect stimuli, distinguish textures, locate objects and n
10.1093/cercor/bht027	Experience-dependent and independent binocular correspondence of receptive field subregions in mouse visual cortex.	Cerebral Cortex	The convergence of eye-specific thalamic inputs to visual cortical neurons forms the basis of binocular vision. Inputs from the same eye that signal light increment (On) and decrement (Off) are spatially segregated into subregions, giving rise to cortical rece
10.1242/jeb.177972	Photoreceptor specialization and the visuomotor repertoire of the primitive chordate Ciona	Journal of Experimental Biology	The swimming tadpole larva of Ciona has one of the simplest central nervous systems known, with only 177 neurons. Despite its simplicity, the Ciona CNS shares common structure with the CNS of its close chordate relatives, the vertebrates. The recent completion
10.1101/2023.07.05.547838	Theoretical principles explain the structure of the insect head direction circuit	bioRxiv	To navigate their environment, insects need to keep track of their orientation. Previous work has shown that insects encode their head direction as a sinusoidal activity pattern around a ring of neurons arranged in an eight-column structure. However, it is unc
10.1073/pnas.2519768122	The intrinsic neuronal network of the central nervous system and its modular (subsystem) architecture in a mammal	Proceedings of the National Academy of S	Significance The brain and spinal cord are recognized traditionally as the primary anatomical divisions of the central nervous system (CNS), which regulates internal physiology and controls behavioral interactions with the environment. As part of a research ef
10.1523/jneurosci.3587-07.2007	Synaptic Strength of Individual Spines Correlates with Bound Ca2+–Calmodulin-Dependent Kinase II	Journal of Neuroscience	Both synaptic strength and spine size vary from spine to spine, but are strongly correlated. This gradation is regulated by activity and may underlie information storage. Ca 2+ -calmodulin-dependent kinase II (CaMKII) is critically involved in the regulation o
10.1038/s41467-023-38943-2	Mechanisms of simultaneous linear and nonlinear computations at the mammalian cone photoreceptor synapse	Nature Communications	Neurons enhance their computational power by combining linear and nonlinear transformations in extended dendritic trees. Rich, spatially distributed processing is rarely associated with individual synapses, but the cone photoreceptor synapse may be an exceptio
10.1016/j.neuron.2018.04.011	Filopodia Conduct Target Selection in Cortical Neurons using Differences in Signal Kinetics of a Single Kinase	Neuron	SUMMARY Dendritic filopodia select synaptic partner axons by interviewing the cell surface of potential targets, but how filopodia decipher the complex pattern of adhesive and repulsive molecular cues to find appropriate contacts is unknown. Here we demonstrat
10.1016/j.conb.2023.102757	The synaptic basis for sexual dimorphism in the invertebrate nervous system	Current Opinion in Neurobiology	Many animal behaviors are manifested differently in the two sexes of a given species, but how such sexual dimorphism is imprinted in the nervous system is not always clear. One mechanism involved is synaptic dimorphism, by which the same neurons exist in the t
10.1117/12.2528795	First demonstration of a 331-beam SEM	Advanced Lithography	We have demonstrated the successful operation of a multi-beam scanning electron microscope with 331 electron beams for the first time. This makes it the world’s fastest SEM. The underlying architecture of the existing multi-beam mSEM technology fully supports 
10.3389/fcell.2024.1344734	High-resolution 3D ultrastructural analysis of developing mouse neocortex reveals long slender processes of endothelial cells that enter neural cells	Frontiers in Cell and Developmental Biol	The development of the neocortex involves an interplay between neural cells and the vasculature. However, little is known about this interplay at the ultrastructural level. To gain a 3D insight into the ultrastructure of the developing neocortex, we have analy
10.1002/cne.23037	Different classes of input and output neurons reveal new features in microglomeruli of the adult Drosophila mushroom body calyx	The Journal of comparative neurology	Abstract To investigate how sensory information is processed, transformed, and stored within an olfactory system, we examined the anatomy of the input region, the calyx, of the mushroom bodies of Drosophila melanogaster . These paired structures are important 
10.64898/2026.02.12.705493	Uncovering the Basis of Human Connectome Complexity: The Role of Neuronal Morphology	bioRxiv	Comparative studies have established differences between the electrophysiology and anatomy of human and rodent cortical circuits. A consistent finding is that human neuronal morphologies display more elaborate neurite shapes than those of rodents, a feature th
10.3390/electronics10172123	LogicSNN: A Unified Spiking Neural Networks Logical Operation Paradigm	Electronics	LogicSNN, a unified spiking neural networks (SNN) logical operation paradigm is proposed in this paper. First, we define the logical variables under the semantics of SNN. Then, we design the network structure of this paradigm and use spike-timing-dependent pla
10.1007/s00359-022-01611-9	Olfactory navigation in arthropods	Journal of Comparative Physiology	Using odors to find food and mates is one of the most ancient and highly conserved behaviors. Arthropods from flies to moths to crabs use broadly similar strategies to navigate toward odor sources—such as integrating flow information with odor information, com
10.1016/j.cell.2020.04.008	Synaptic Specificity, Recognition Molecules, and Assembly of Neural Circuits.	Cell	Developing neurons connect in specific and stereotyped ways to form the complex circuits that underlie brain function. By comparison to earlier steps in neural development, progress has been slow in identifying the cell surface recognition molecules that media
10.1093/jmicro/dfaa016	Recent advances in computational methods for measurement of dendritic spines imaged by light microscopy.	Microscopy	Dendritic spines are small protrusions that receive most of the excitatory inputs to the pyramidal neurons in the neocortex and the hippocampus. Excitatory neural circuits in the neocortex and hippocampus are important for experience-dependent changes in brain
10.1101/780221	Activity manipulation of an excitatory interneuron, during an embryonic critical period, alters network tuning of the Drosophila larval locomotor circ	bioRxiv	As nervous systems develop, activity perturbations during critical periods can lead to permanently altered network function. However, how activity perturbation influences individual synapses, the network response and the underlying signalling mechanisms are no
10.4252/wjsc.v7.i6.899	Importance of being Nernst: Synaptic activity and functional relevance in stem cell-derived neurons	World Journal of Stem Cells	Functional synaptogenesis and network emergence are signature endpoints of neurogenesis. These behaviors provide higher-order confirmation that biochemical and cellular processes necessary for neurotransmitter release, post-synaptic detection and network propa
10.1038/srep23730	Modelling intracellular competition for calcium: kinetic and thermodynamic control of different molecular modes of signal decoding	Scientific Reports	Frequently, a common chemical entity triggers opposite cellular processes, which implies that the components of signalling networks must detect signals not only through their chemical natures, but also through their dynamic properties. To gain insights on the 
10.1038/s41583-019-0195-4	The diversity of GABAergic neurons and neural communication elements	Nature Reviews Neuroscience	The phenotypic diversity of cortical GABAergic neurons is probably necessary for their functional versatility in shaping the spatiotemporal dynamics of neural circuit operations underlying cognition. Deciphering the logic of this diversity requires comprehensi
10.7554/elife.14859	The wiring diagram of a glomerular olfactory system	eLife	The sense of smell enables animals to react to long-distance cues according to learned and innate valences. Here, we have mapped with electron microscopy the complete wiring diagram of the Drosophila larval antennal lobe, an olfactory neuropil similar to the v
10.1016/j.neuron.2014.01.019	Whole-brain activity maps reveal stereotyped, distributed networks for visuomotor behavior	Neuron	Summary Most behaviors, even simple innate reflexes, are mediated by circuits of neurons spanning areas throughout the brain. However, in most cases, the distribution and dynamics of firing patterns of these neurons during behavior are not known. We imaged act
10.1111/j.1469-7793.1999.00169.x	Reliable synaptic connections between pairs of excitatory layer 4 neurones within a single ‘barrel’ of developing rat somatosensory cortex	Journal of Physiology	1. Dual whole-cell recordings were made from pairs of synaptically coupled excitatory neurones in the 'barrel field' in layer (L) 4 in slices of young (postnatal day 12-15) rat somatosensory cortex. The majority of interconnected excitatory neurones were spiny
10.1101/2025.03.04.641421	Functional stability and recurrent STDP in rhythmogenesis		Synapses in the nervous system show considerable volatility, raising the question of how the brain maintains functional stability despite continuous synaptic motility. Previous studies have suggested that functionality may be maintained by an ongoing process o
10.1073/pnas.1303446110	Single dopaminergic neurons that modulate aggression in Drosophila	Proceedings of the National Academy of S	Monoamines, including dopamine (DA), have been linked to aggression in various species. However, the precise role or roles served by the amine in aggression have been difficult to define because dopaminergic systems influence many behaviors, and all can be alt
10.1101/2024.11.04.621948	The Fly Disco: Hardware and software for optogenetics and fine-grained fly behavior analysis		Abstract In the fruit fly, Drosophila melanogaster , connectome data and genetic tools provide a unique opportunity to study complex behaviors including navigation, mating, aggression, and grooming in an organism with a tractable nervous system of 140,000 neur
10.1016/j.celrep.2021.109853	PUPIL enables mapping and stamping of transient electrical connectivity in developing nervous systems.	Cell Reports	Currently, many genetic methods are available for mapping chemical connectivity, but analogous methods for electrical synapses are lacking. Here, we present pupylation-based interaction labeling (PUPIL), a genetically encoded system for noninvasively mapping a
10.1016/j.neuron.2020.07.029	Synthesis of Conserved Odor Object Representations in a Random, Divergent-Convergent Network.	Neuron	Animals are capable of recognizing mixtures and groups of odors as a unitary object. However, how odor object representations are generated in the brain remains elusive. Here, we investigate sensory transformation between the primary olfactory center and its d
10.1126/science.1087160	High-Probability Uniquantal Transmission at Excitatory Synapses in Barrel Cortex	Science	The number of vesicles released at excitatory synapses and the number of release sites per synaptic connection are key determinants of information processing in the cortex, yet they remain uncertain. Here we show that the number of functional release sites and
10.1038/nature12354	Ultra-sensitive fluorescent proteins for imaging neuronal activity	Nature	Fluorescent calcium sensors are widely used to image neural activity. Using structure-based mutagenesis and neuron-based screening, we developed a family of ultrasensitive protein calcium sensors (GCaMP6) that outperformed other sensors in cultured neurons and
10.1101/2022.09.28.509962	Resolving inter-regional communication capacity in the human connectome	bioRxiv	Applications of graph theory to the connectome have inspired several models of how neural signaling unfolds atop its structure. Analytic measures derived from these communication models have mainly been used to extract global characteristics of brain networks,
10.1093/jmicro/dfac033	Compact laboratory-based X-ray microscope enabling nondestructive 3D structure acquisition of mouse nephron with high speed and better user accessibil	Microscopy	Abstract X-ray microscopes adopting computed tomography enable nondestructive 3D visualization of biological specimens at micron-level resolution without conventional 2D serial sectioning that is a destructive/laborious method and is routinely used for analyzi
10.1101/2023.10.06.561233	Spatial transcriptomics in the adult Drosophila brain and body	bioRxiv	Recently, we have achieved a significant milestone with the creation of the Fly Cell Atlas. This single-nuclei atlas encompasses the entire fly, covering the entire head and body, in addition to all major organs. This atlas catalogs many hundreds of cell types
10.1186/1471-2202-14-s1-p220	Long-term memory stabilized by noise-induced rehearsal	BMC Neuroscience	Cortical networks can maintain memories for decades despite the short lifetime of synaptic strengths. Can a neural network store long-lasting memories in unstable synapses? Here, we study the effects of ongoing spike-timing-dependent plasticity (STDP) on the s
10.1098/rspb.2014.2502	Specialization and group size: brain and behavioural correlates of colony size in ants lacking morphological castes	Proceedings of the Royal Society of Lond	Group size in both multicellular organisms and animal societies can correlate with the degree of division of labour. For ants, the task specialization hypothesis (TSH) proposes that increased behavioural specialization enabled by larger group size corresponds 
10.1186/s12915-020-0753-2	X-ray computed tomography in life sciences	BMC Biology	Recent developments within micro-computed tomography (μCT) imaging have combined to extend our capacity to image tissue in three (3D) and four (4D) dimensions at micron and sub-micron spatial resolutions, opening the way for virtual histology, live cell imagin
10.1109/isbi.2019.8759290	Weakly Supervised Learning in Deformable EM Image Registration Using Slice Interpolation	IEEE International Symposium on Biomedic	Alignment of large-scale serial-section electron microscopy (ssEM) images is crucial for successful analysis in nano-scale connectomics. Despite various image registration algorithms proposed in the past, large-scale ssEM alignment remains challenging due to t
10.1038/srep30806	Identification of excitatory premotor interneurons which regulate local muscle contraction during Drosophila larval locomotion	Scientific Reports	We use Drosophila larval locomotion as a model to elucidate the working principles of motor circuits. Larval locomotion is generated by rhythmic and sequential contractions of body-wall muscles from the posterior to anterior segments, which in turn are regulat
10.1371/journal.pbio.1001932	Pyramidal Cells Make Specific Connections onto Smooth (GABAergic) Neurons in Mouse Visual Cortex	PLoS Biology	Light and electron microscopy of the primary visual cortex of mice indicates that pyramidal neurons connect preferentially to inhibitory neurons.
10.1101/2023.09.26.559505	Nanoconnectivity: a quantitative approach to examine the structural complexity of the brain	bioRxiv	Unraveling the highly complex connectivity at the synaptic level is critical for the understanding of brain function. However, investigating the structure of the brain is time consuming and technically demanding. We have developed and applied a tracing method 
10.3389/fnhum.2013.00484	The potential of the human connectome as a biomarker of brain disease	Frontiers in Human Neuroscience	The human connectome at the level of fiber tracts between brain regions has been shown to differ in patients with brain disorders compared to healthy control groups. Nonetheless, there is a potentially large number of different network organizations for indivi
10.1007/978-1-4615-9382-9_16	A Quantitative Study on Synaptic Ribbons in the Photoreceptors of Turtle and Frog	Photoreceptors	
10.3389/fninf.2010.00009	Spatial Point Pattern Analysis of Neurons Using Ripley's K-Function in 3D	Front. Neuroinform.	The aim of this paper is to apply a non-parametric statistical tool, Ripley's K-function, to analyze the 3-dimensional distribution of pyramidal neurons. Ripley's K-function is a widely used tool in spatial point pattern analysis. There are several approaches 
10.1038/s41596-024-01118-4	A Multimodal Imaging Pipeline to Decipher Cell-Specific Metabolic Functions and Tissue Microenvironment Dynamics	Nature Protocols	Tissue microenvironments are extremely complex and heterogeneous. It is challenging to study metabolic interaction between the different cell types in a tissue with the techniques that are currently available. Here we describe a multimodal imaging pipeline tha
10.1038/s41467-019-12058-z	Layer 4 of mouse neocortex differs in cell types and circuit organization between sensory areas	Nature Communications	Layer 4 (L4) of mammalian neocortex plays a crucial role in cortical information processing, yet a complete census of its cell types and connectivity remains elusive. Using whole-cell recordings with morphological recovery, we identified one major excitatory a
10.1038/nature07722	Specific synapses develop preferentially among sister excitatory neurons in the neocortex	Nature	Neurons in the mammalian neocortex are organized into functional columns. Within a column, highly specific synaptic connections are formed to ensure that similar physiological properties are shared by neuron ensembles spanning from the pia to the white matter.
10.1101/lm.047308.118	Reinforcement signaling of punishment versus relief in fruit flies	Learning & memory (Cold Spring Harbor, N	Painful events establish opponent memories: cues that precede pain are remembered negatively, whereas cues that follow pain, thus coinciding with relief are recalled positively. How do individual reinforcement-signaling neurons contribute to this “timing-depen
10.1016/j.cub.2025.12.048	Neural dynamics: Keeping track of time in the fly mushroom body.	Current Biology	A new study has revealed a neuronal population clock in the fly mushroom body that guides timed behavior. This deepens its similarity with other cerebellum-like circuits and creates new opportunities for mechanistic investigation of how the brain keeps track o
10.1016/j.celrep.2026.117469	Whole-neuron morphology and genetic identity define cell types and reveal principles of brain-wide connectivity.	Cell Reports	Neocortex contains diverse excitatory neurons whose dendritic and axonal architectures shape computation and long-range communication, yet a unified framework linking neuronal structure, molecular identity, and brain-wide connectivity is lacking. Here, we comb
10.1103/physreve.105.054408	Storage capacity of networks with discrete synapses and sparsely encoded memories.	Physical Review E	Attractor neural networks are one of the leading theoretical frameworks for the formation and retrieval of memories in networks of biological neurons. In this framework, a pattern imposed by external inputs to the network is said to be learned when this patter
10.1002/glia.20573	Developmental expression of FMRP in the astrocyte lineage: Implications for fragile X syndrome	Glia	Abstract One of the most common causes of mental retardation in humans, Fragile X syndrome, results from the absence of FMRP, the protein product of the FMR1 gene. In the nervous system, expression of FMRP has been thought to be confined mainly to neurons as l
10.1146/annurev-neuro-071013-013931	Motion-detecting circuits in flies: coming into view.	Annual Review of Neuroscience	Visual motion cues provide animals with critical information about their environment and guide a diverse array of behaviors. The neural circuits that carry out motion estimation provide a well-constrained model system for studying the logic of neural computati
10.1002/cne.25137	Cytoarchitecture and innervation of the mouse cochlear amplifier revealed by large‐scale volume electron microscopy	The Journal of comparative neurology	In mammalian cochlea, sound‐induced vibration is amplified by a three‐row lattice of Y‐shaped microstructures consisting of electromotile outer hair cell and supporting Deiters cell. This highly organized structure is thought to be essential for hearing of low
10.1101/431197	A conserved morphogenetic mechanism for epidermal ensheathment of nociceptive sensory neurites	bioRxiv	Interactions between epithelial cells and neurons influence a range of sensory modalities including taste, touch, and smell. Vertebrate and invertebrate keratinocytes/keratinocyte-like epidermal cells ensheath peripheral arbors of somatosensory neurons, includ
10.1016/j.tig.2025.02.001	Strategies for Studying Sex Differences in Brain Aging	Trends in Genetics	Studying sex effects and their underlying mechanisms is of major relevance to understanding brain health. Despite growing interests, experimentally studying sex differences, particularly in the context of aging, remains challenging. Since sex chromosomal conte
10.1016/j.cois.2022.100968	Connectomics and the neural basis of behaviour	Current Opinion in Insect Science	Methods to acquire and process synaptic-resolution electron-microscopy datasets have progressed very rapidly, allowing production and annotation of larger, more complete connectomes. More accurate neuronal matching techniques are enriching cell type data with 
10.1523/jneurosci.2152-06.2006	Background Synaptic Activity Is Sparse in Neocortex	Journal of Neuroscience	Neurons are continually exposed to background synaptic activity in vivo. This is thought to influence neural information processing, but background levels of excitation and inhibition remain controversial. Here we show, using whole-cell recordings in anestheti
10.1007/s00265-023-03399-3	Heliconiini butterflies as a case study in evolutionary cognitive ecology: behavioural innovation and mushroom body expansion	Behavioral Ecology and Sociobiology	The evolutionary relationships between ecology, cognition, and neurobiology remain elusive, despite important contributions from functional studies and comparative analyses. Recently, Heliconius butterflies and their Heliconiini allies have emerged as a promis
10.7554/elife.79848	Fast, high-throughput production of improved rabies viral vectors for specific, efficient and versatile transsynaptic retrograde labeling	bioRxiv	To understand the function of neuronal circuits it is crucial to disentangle the connectivity patterns within the network. However, most tools currently used to explore connectivity have low-throughput, low-selectivity, or limited accessibility. Here, we repor
10.1371/journal.pone.0150024	Morphological Diversity of the Rod Spherule: A Study of Serially Reconstructed Electron Micrographs	PLoS ONE	Purpose Rod spherules are the site of the first synaptic contact in the retina’s rod pathway, linking rods to horizontal and bipolar cells. Rod spherules have been described and characterized through electron micrograph (EM) and other studies, but their morpho
10.1038/s41586-025-08925-z	Comparative connectomics of Drosophila descending and ascending neurons	Nature	In most complex nervous systems there is a clear anatomical separation between the nerve cord, which contains most of the final motor outputs necessary for behaviour, and the brain. In insects, the neck connective is both a physical and an information bottlene
10.7554/elife.61510	Encoding and control of orientation to airflow by a set of Drosophila fan-shaped body neurons	eLife	The insect central complex (CX) is thought to underlie goal-oriented navigation but its functional organization is not fully understood. We recorded from genetically-identified CX cell types in Drosophila and presented directional visual, olfactory, and airflo
10.1073/pnas.1315926110	Long-term depression triggers the selective elimination of weakly integrated synapses	Proceedings of the National Academy of S	Significance Long-term plasticity, the ability of synapses to change their strength, is considered a possible basis of learning and memory. Extending the study of individual synapses to timescales relevant for behavior has been challenging: although rats can r
10.1016/j.neuron.2021.05.019	Sensorimotor strategies and neuronal representations for shape discrimination	Neuron	Humans and other animals can identify objects by active touch, requiring the coordination of exploratory motion and tactile sensation. Both the motor strategies and neural representations employed could depend on the subject’s goals. We developed a shape discr
10.1007/978-1-4419-1676-1_7	An Axonal Perspective on Cortical Circuits	New Aspects of Axonal Structure and Func	
10.1111/cns.12223	Deep brain stimulation: Are astrocytes a key driver behind the scene?	CNS Neuroscience & Therapeutics	Despite its widespread use, the underlying mechanism of deep brain stimulation (DBS) remains unknown. Once thought to impart a “functional inactivation”, there is now increasing evidence showing that DBS actually can both inhibit neurons and activate axons, ge
10.1016/j.sbi.2019.06.003	Imaging of post-mortem human brain tissue using electron and X-ray microscopy.	Current Opinion in Structural Biology	Electron microscopy imaging of post-mortem human brain (PMHB) comes with a unique set of challenges due to numerous parameters beyond the researcher's control. Nevertheless, the wealth of information provided by the ultrastructural analysis of PMHB is proving 
10.1016/0006-8993(85)90967-9	Electron microscopic analysis of amacrine and bipolar cell inputs on Y-, X-, and W-cells in the cat retina.	Brain Research	In the cat retina, bipolar and amacrine cell inputs were analyzed electron microscopically in 5 ganglion cells (two Y-cells, two X-cells and one W-cell) that were well-isolated and had clear morphological features. For Y- and X-cells, subtypes of a and b were 
10.1109/isbi.2009.5193233	Automatic markup of neural cell membranes using boosted decision stumps	IEEE International Symposium on Biomedic	To better understand the central nervous system, neurobiologists need to reconstruct the underlying neural circuitry from electron microscopy images. One of the necessary tasks is to segment the individual neurons. For this purpose, we propose a supervised lea
10.1016/j.xpro.2021.100515	Large-scale 3D imaging of mouse cochlea using serial block-face scanning electron microscopy	STAR Protocols	Summary This protocol describes how to prepare intact mouse cochleae for serial block-face scanning electron microscopy (SBEM). The detailed workflow includes cochlea fixation, en bloc staining, resin embedding, X-ray microscopy-guided trimming and SBEM data a
10.1016/j.csbj.2021.04.051	In vivo genome editing in single mammalian brain neurons through CRISPR-Cas9 and cytosine base editors	Computational and Structural Biotechnolo	Graphical abstract
10.1016/bs.mcb.2022.12.023	A practical guide to starting SEM array tomography-An accessible volume EM technique.	Methods in Cell Biology	The techniques collectively known as volume electron microscopy (vEM) each come with their own advantages and challenges, making them more or less suitable for any specific project. SEM array tomography (SEM-AT) is certainly no different in this respect. Requi
10.1002/hipo.23064	Recurrent connections between CA2 pyramidal cells	bioRxiv	Recurrent excitatory synapses are shown theoretically to play roles in memory storage and associative learning, and such recurrent synapses are well described to occur in the CA3 region of the hippocampus. Here, we report that the CA2 region also contains recu
10.1101/2024.02.23.581689	Molecular and Cellular Mechanisms of Teneurin Signaling in Synaptic Partner Matching	bioRxiv	In developing brains, axons exhibit remarkable precision in selecting synaptic partners among many non-partner cells. Evolutionally conserved teneurins were the first identified transmembrane proteins that instruct synaptic partner matching. However, how intra
10.1002/(sici)1096-9861(19990816)411:1<19::aid-cne3>3.0.co;2-4	AII amacrine cells limit scotopic acuity in central macaque retina: A confocal analysis of calretinin labeling	The Journal of comparative neurology	We have used calretinin antibodies to label selectively the mosaic of AII amacrine cells in the macaque retina. Confocal analysis of double-labeled material indicated that AII dendrites spiral down around descending rod bipolar axons before enveloping the syna
10.1016/j.cub.2011.03.069	A pair of inhibitory neurons are required to sustain labile memory in the Drosophila mushroom body	Current Biology	Summary Labile memory is thought to be held in the brain as persistent neural network activity [1–4]. However, it is not known how biologically relevant memory circuits are organized and operate. Labile and persistent appetitive memory in Drosophila requires o
10.1016/b978-0-12-803471-2.00005-9	Network Functions of Electrical Coupling Present in Multiple and Specific Sites in Behavior-Generating Circuits	Network Functions and Plasticity	
10.1126/science.adx2143	Comparative connectomics of two distantly related nematode species reveals patterns of nervous system evolution	bioRxiv	Understanding the evolution of the bilaterian brain requires a detailed exploration of the precise nature of cellular and subcellular differences between related brains. To define the anatomical substrates of evolutionary change in the nervous system, we under
10.1007/s00359-025-01787-w	The evolution of lepidopteran brain morphology	Journal of Comparative Physiology A. Sen	Animals live in diverse environments and have evolved to cope with environmental challenges in different ways. How such adaptations shape overall brain morphology is still unclear. Here, we test how two behavioural adaptations – circadian activity pattern and 
10.1038/newbio246053a0	Darkness-induced reduction of the number of synaptic ribbons in fish retina.	Nature: new biology	
10.1038/srep35969	NOGO-A/RTN4A and NOGO-B/RTN4B are simultaneously expressed in epithelial, fibroblast and neuronal cells and maintain ER morphology	Scientific Reports	Reticulons (RTNs) are a large family of membrane associated proteins with various functions. NOGO-A/RTN4A has a well-known function in limiting neurite outgrowth and restricting the plasticity of the mammalian central nervous system. On the other hand, Reticul
10.1016/j.conb.2011.02.007	Wiring and Rewiring of the Retinogeniculate Synapse	Current Opinion in Neurobiology	The formation and refinement of synaptic circuits are areas of research that have fascinated neurobiologists for decades. A recurrent theme seen at many CNS synapses is that neuronal connections are at first imprecise, but refine and can be rearranged with tim
10.24072/pci.cneuro.100003	Nonlinear computations in spiking neural networks through multiplicative synapses	Peer Community In Circuit Neuroscience	The brain performs many nonlinear computations through intricate spiking neural networks (SNNs). How neural network dynamics relate to arbitrary computations under these constraints is still an open question. As a strong constraint, these networks are hypothes
10.1016/j.isci.2024.109759	Revealing neural dynamical structure of C. elegans with deep learning	iScience	Summary Caenorhabditis elegans serves as a common model for investigating neural dynamics and functions of biological neural networks. Data-driven approaches have been employed in reconstructing neural dynamics. However, challenges remain regarding the curse o
10.1098/rspb.2022.2054	Drosophila olfaction: past, present and future	Proceedings of the Royal Society B	Among the many wonders of nature, the sense of smell of the fly Drosophila melanogaster might seem, at first glance, of esoteric interest. Nevertheless, for over a century, the ‘nose’ of this insect has been an extraordinary system to explore questions in anim
10.1007/s00441-024-03936-0	A brief history of insect neuropeptide and peptide hormone research	Cell and Tissue Research	This review briefly summarizes 50 years of research on insect neuropeptide and peptide hormone (collectively abbreviated NPH) signaling, starting with the sequencing of proctolin in 1975. The first 25 years, before the sequencing of the Drosophila genome, were
10.1101/036632	Advances in two photon scanning and scanless microscopy technologies for functional neural circuit imaging	bioRxiv	Recent years have seen substantial developments in technology for imaging neural circuits, raising the prospect of large scale imaging studies of neural populations involved in information processing, with the potential to lead to step changes in our understan
10.1016/j.patter.2024.101007	A hierarchically annotated dataset drives tangled filament recognition in digital neuron reconstruction	Patterns	Summary Reconstructing neuronal morphology is vital for classifying neurons and mapping brain connectivity. However, it remains a significant challenge due to its complex structure, dense distribution, and low image contrast. In particular, AI-assisted methods
10.1155/2015/512156	Synaptic Variability Introduces State-Dependent Modulation of Excitatory Spinal Cord Synapses	Journal of Neural Transplantation and Pl	The relevance of neuronal and synaptic variability remains unclear. Cellular and synaptic plasticity and neuromodulation are also variable. This could reflect state-dependent effects caused by the variable initial cellular or synaptic properties or direct vari
10.1002/9783527651009.ch2	Criticality in Cortex: Neuronal Avalanches and Coherence Potentials	Criticality in Neural Systems	A decade of research on neuronal avalanches has revealed that cortical networks whether isolated in vitro or in vivo in awake animals or in humans adopt a state that has many characteristics known as critical from complex, yet balanced systems. This chapter su
10.7554/elife.84257	Connectomics of the Octopus vulgaris vertical lobe provides insight into conserved and novel principles of a memory acquisition network	bioRxiv	We present the first analysis of the connectome of the vertical lobe (VL) of Octopus vulgaris, a brain structure mediating acquisition of long-term memory in this behaviorally advanced mollusk. Serial section electron microscopy revealed new types of interneur
10.1016/j.jneumeth.2012.01.002	Calcium imaging of multiple neurons in freely-behaving C. elegans	Journal of Neuroscience Methods	C. elegans is a popular model organism to study how neural circuits and genes regulate behavior. To reliably correlate circuit function with behavior, it is important to record neuronal activity in freely-behaving worms. As neural circuits are composed of mult
10.1016/s0042-6989(99)00112-1	Anatomical and electrophysiological evidence for GABAergic bipolar cells in tiger salamander retina.	Vision Research	Our previous work showed that about 12% of bipolar cells in salamander retina synthesize and take up gamma-aminobutyric acid (GABA), are GABA transporter (GAT)-immunoreactive, and respond with a GAT current to extracellularly applied GABA, suggesting that thes
10.1016/j.jneumeth.2020.108629	Viral approaches to study the mammalian brain: lineage tracing, circuit dissection and therapeutic applications.	Journal of Neuroscience Methods	Viral vectors are widely used to study the development, function and pathology of neural circuits in the mammalian brain. Their flexible payloads with customizable choices of tool genes allow versatile applications ranging from lineage tracing, circuit mapping
10.1371/journal.pgen.1007706	Molecular and cellular modulators for multisensory integration in C. elegans	PLoS Genetics	In the natural environment, animals often encounter multiple sensory cues that are simultaneously present. The nervous system integrates the relevant sensory information to generate behavioral responses that have adaptive values. However, the neuronal basis an
10.1073/pnas.2017733117	Structure–function subsystem models of female and male forebrain networks integrating cognition, affect, behavior, and bodily functions	Proceedings of the National Academy of S	Significance The forebrain is required for generating mammalian voluntary and innate behaviors. Multiresolution consensus cluster analysis generated a panoramic, hierarchical view of rat intraforebrain structure–function subsystem organization, from the top le
10.1016/j.cub.2020.06.042	Complete Connectomic Reconstruction of Olfactory Projection Neurons in the Fly Brain	Current Biology	Nervous systems contain sensory neurons, local neurons, projection neurons, and motor neurons. To understand how these building blocks form whole circuits, we must distil these broad classes into neuronal cell types and describe their network connectivity. Usi
10.1101/2025.09.22.677693	Emergence of Functional Heart-Brain Circuits in a Vertebrate	bioRxiv	The early formation of sensorimotor circuits is essential for survival. While the development and function of exteroceptive circuits and their associated motor pathways are well characterized, far less is known about the circuits that convey viscerosensory inp
10.1016/j.neures.2023.06.009	Dynamic Neuronal Instability Generates Synaptic Plasticity and Behavior: Insights from Drosophila Sleep	Neurosciences research	How do neurons encode the information that underlies cognition, internal states, and behavior? This review focuses on the neural circuit mechanisms underlying sleep in Drosophila and, to illustrate the power of addressing neural coding in this system, highligh
10.1016/j.str.2012.04.001	Specific, sensitive, high-resolution detection of protein molecules in eukaryotic cells using metal-tagging transmission electron microscopy	Structure	Summary More than any other methodology, transmission electron microscopy (TEM) has contributed to our understanding of the architecture and organization of cells. With current detection limits approaching atomic resolution, it will ultimately become possible 
10.7554/elife.46876	Cell-type specific innervation of cortical pyramidal cells at their apical dendrites	eLife	We investigated the synaptic innervation of apical dendrites of cortical pyramidal cells in a region between layers (L) 1 and 2 using 3-D electron microscopy applied to four cortical regions in mouse. We found the relative inhibitory input at the apical dendri
10.1016/j.conb.2014.01.013	Spatial coding and attractor dynamics of grid cells in the entorhinal cortex.	Current Opinion in Neurobiology	Recent experiments support the theoretical hypothesis that recurrent connectivity plays a central role within the medial entorhinal cortex, by shaping activity of large neural populations, such that their joint activity lies within a continuous attractor. This
10.1016/j.cub.2017.06.028	Electron microscopic reconstruction of functionally identified cells in a neural integrator	Current Biology	Summary Neural integrators are involved in a variety of sensorimotor and cognitive behaviors. The oculomotor system contains a simple example, a hindbrain neural circuit that takes velocity signals as inputs, and temporally integrates them to control eye posit
10.3902/jnns.30.84	データ効率の良い学習を支える脳のベイズ可塑性機構	The Brain &amp; Neural Networks	脳内の学習は，多様なシナプスおよびニューロンの可塑性メカニズムによって担われている．この複雑な可塑性機構についての洞察を得て，実験的検証可能な仮説を導くためには，可塑性がどのように機能するかについての規範的な理論を構築することが重要である．ベイズ脳仮説は，動物行動および脳の情報処理の理解へと広く応用されている規範的理論であるが，脳の学習機構がベイズ脳仮説で説明できるかは依然よく理解されていない．本稿では，シナプス可塑性を重み空間でのベイズ推定と捉え，サンプリングおよび変分ベイズ近似に基づいたベイズシナプス可塑性の二
10.1016/0306-4522(94)90447-2	The survival of developing neurons: a review of afferent control.	Neuroscience	Developmental cell death is a major event of neurogenesis, and emphasis has systematically been placed on the roles of either the peripheral targets or central postsynaptic neurons in the control of neuronal survival. In this article, the main types of experim
10.1101/2025.05.21.655358	aDISCO: A clearing method to enable 3D microscopy of large archival paraffin-embedded human tissue blocks		Abstract Human surgery and autopsy specimens are routinely stored as formalin-fixed paraffin-embedded (FFPE) tissue blocks. Diagnoses are based on microscopic examination of two-dimensional sections. Good clinical practice requires that samples be retained for
10.1016/j.cub.2020.08.002	Synaptic Protein Degradation Controls Sexually Dimorphic Circuits through Regulation of DCC/UNC-40	Current Biology	Summary Sexually dimorphic circuits underlie behavioral differences between the sexes, yet the molecular mechanisms involved in their formation are poorly understood. We show here that sexually dimorphic connectivity patterns arise in C. elegans through local 
10.1093/cercor/bhw062	Area‐Specific Features of Pyramidal Neurons—a Comparative Study in Mouse and Rhesus Monkey	Cerebral Cortex	A principal challenge of systems neuroscience is to understand the unique characteristics of cortical neurons and circuits that enable area- and species-specific sensory encoding, motor function, cognition, and behavior. To address this issue, we compared prop
10.1186/s13064-018-0102-0	Linking neuronal lineage and wiring specificity	Neural Development	Brain function requires precise neural circuit assembly during development. Establishing a functional circuit involves multiple coordinated steps ranging from neural cell fate specification to proper matching between pre- and post-synaptic partners. How neuron
10.1093/chemse/bjaf031	Paired and solitary ionocytes in the zebrafish olfactory epithelium	Chemical Sensors	Abstract The sense of smell is generated by electrical currents that are influenced by the concentration of ions in olfactory sensory neurons and mucus. In contrast to the extensive morphological and molecular characterization of sensory neurons, there has bee
10.3389/fncir.2012.00101	Strategies for mapping synaptic inputs on dendrites in vivo by combining two-photon microscopy, sharp intracellular recording, and pharmacology	Front. Neural Circuits	Uncovering the functional properties of individual synaptic inputs on single neurons is critical for understanding the computational role of synapses and dendrites. Previous studies combined whole-cell patch recording to load neurons with a fluorescent calcium
10.3389/fncir.2022.893004	The Role of Central Complex Neurons in Prey Detection and Tracking in the Freely Moving Praying Mantis (Tenodera sinensis)	Frontiers in Neural Circuits	Complex tasks like hunting moving prey in an unpredictable environment require high levels of motor and sensory integration. An animal needs to detect and track suitable prey objects, measure their distance and orientation relative to its own position, and fin
10.1016/j.neuron.2016.06.012	NBLAST: Rapid, Sensitive Comparison of Neuronal Structure and Construction of Neuron Family Databases	Neuron	Neural circuit mapping is generating datasets of tens of thousands of labeled neurons. New computational tools are needed to search and organize these data. We present NBLAST, a sensitive and rapid algorithm, for measuring pairwise neuronal similarity. NBLAST 
10.3389/fncir.2013.00175	High concentrations of divalent cations isolate monosynaptic inputs from local circuits in the auditory midbrain	Front. Neural Circuits	Hierarchical processing of sensory information occurs at multiple levels between the peripheral and central pathway. Different extents of convergence and divergence in top down and bottom up projections makes it difficult to separate the various components act
10.3389/fnint.2013.00063	Reentry: a key mechanism for integration of brain function	Frontiers in Integrative Neuroscience	Reentry in nervous systems is the ongoing bidirectional exchange of signals along reciprocal axonal fibers linking two or more brain areas. The hypothesis that reentrant signaling serves as a general mechanism to couple the functioning of multiple areas of the
10.1038/ncomms10024	Dynamic labelling of neural connections in multiple colours by trans-synaptic fluorescence complementation	Nature Communications	Determining the pattern of activity of individual connections within a neural circuit could provide insights into the computational processes that underlie brain function. Here, we develop new strategies to label active synapses by trans-synaptic fluorescence 
10.1038/s41592-020-0911-z	Genetically encoded tags for direct synthesis of EM-visible gold nanoparticles in cells	Nature Methods	Genetically encoded tags for single-molecule imaging in electron microscopy (EM) are long-awaited. Here, we report an approach for directly synthesizing EM-visible gold nanoparticles (AuNPs) on cysteine-rich tags for single-molecule visualization in cells. We 
10.1016/j.neulet.2017.10.003	Comparative connectomics: Mapping the inter-individual variability of connections within the regions of the human brain.	Neuroscience Letters	The human braingraph, or connectome is a description of the connections of the brain: the nodes of the graph correspond to small areas of the gray matter, and two nodes are connected by an edge if a diffusion MRI-based workflow finds fibers between those brain
10.1111/jnc.15775	In vivo calibration of genetically encoded metabolite biosensors must account for metabolite metabolism during calibration and cellular volume	Journal of Neurochemistry	Isotopic assays of brain glucose utilization rates have been used for more than four decades to establish relationships between energetics, functional activity, and neurotransmitter cycling. Limitations of these methods include the relatively long time (1–60 m
10.1152/jn.00465.2014	Postsynaptic mGluR5 promotes evoked AMPAR-mediated synaptic transmission onto neocortical layer 2/3 pyramidal neurons during development.	Journal of Neurophysiology	Both short- and long-term roles for the group I metabotropic glutamate receptor number 5 (mGluR5) have been examined for the regulation of cortical glutamatergic synapses. However, how mGluR5 sculpts neocortical networks during development still remains unclea
10.1371/journal.pcbi.1004684	Formation and Maintenance of Robust Long-Term Information Storage in the Presence of Synaptic Turnover	bioRxiv	A long-standing problem is how memories can be stored for very long times despite the volatility of the underlying neural substrate, most notably the high turnover of dendritic spines and synapses. To address this problem, here we are using a generic and simpl
10.1038/ncomms4512	A genetic and computational approach to structurally classify neuronal types	Nature Communications	The importance of cell types in understanding brain function is widely appreciated but only a tiny fraction of neuronal diversity has been catalogued. Here we exploit recent progress in genetic definition of cell types in an objective structural approach to ne
10.1002/wdev.136	THE DEVELOPMENT OF SEXUAL DIMORPHISM: STUDIES OF THE C. ELEGANS MALE	Wiley Interdisciplinary Reviews: Develop	Studies of the development of the Caenorhabditis elegans male have been carried out with the aim of understanding the basis of sexual dimorphism. Postembryonic development of the two C. elegans sexes differs extensively. Development along either the hermaphrod
10.1016/j.chaos.2025.116972	Synchronization regulation in multiplex neuron networks via dynamic learning of synchronization	Chaos, Solitons &amp; Fractals	
10.3389/fncir.2013.00070	Topological dynamics in spike-timing dependent plastic model neural networks	Front. Neural Circuits	Spike-timing dependent plasticity (STDP) is a biologically constrained unsupervised form of learning that potentiates or depresses synaptic connections based on the precise timing of pre-synaptic and post-synaptic firings. The effects of on-going STDP on the t
10.1371/journal.pcbi.1002293	A Tale of Two Stories: Astrocyte Regulation of Synaptic Depression and Facilitation	PLoS Comput. Biol.	Short-term presynaptic plasticity designates variations of the amplitude of synaptic information transfer whereby the amount of neurotransmitter released upon presynaptic stimulation changes over seconds as a function of the neuronal firing activity. While a c
10.1113/jp286318	Stereocilia fusion pathology in the cochlear outer hair cells at the nanoscale level	Journal of Physiology	The hair bundle of cochlear hair cells comprises specialized microvilli, the stereocilia, which fulfil the role of mechanotransduction. Genetic defects and environmental noise challenge the maintenance of hair bundle structure, critically contributing to age‐r
10.7554/elife.100990	Mistargeted retinal axons induce a synaptically independent subcircuit in the visual thalamus of albino mice	eLife	In albino mice and EphB1 knockout mice, mistargeted retinal ganglion cell axons form dense islands of axon terminals in the dorsal lateral geniculate nuclei (dLGN). The formation of these islands of retinal input depends on developmental patterns of spontaneou
10.1016/j.neuron.2013.01.016	Multiple Mechanisms Switch an Electrically Coupled, Synaptically Inhibited Neuron between Competing Rhythmic Oscillators	Neuron	SUMMARY Rhythmic oscillations are common features of nervous systems. One of the fundamental questions posed by these rhythms is how individual neurons or groups of neurons are recruited into different network oscillations. We modeled competing fast and slow o
10.1109/tvcg.2008.196	Hardware Accelerated Segmentation of Complex Volumetric Filament Networks	IEEE Transactions on Visualization and C	We present a framework for segmenting and storing filament networks from scalar volume data. Filament networks are encountered more and more commonly in biomedical imaging due to advances in high-throughput microscopy. These data sets are characterized by a co
10.1101/2020.02.27.968776	Learning prediction error neurons in a canonical interneuron circuit	bioRxiv	Sensory systems constantly compare external sensory information with internally generated predictions. While neural hallmarks of prediction errors have been found throughout the brain, the circuit-level mechanisms that underlie their computation are still larg
10.1016/j.neuron.2011.12.004	Functional Specialization of Seven Mouse Visual Cortical Areas	Neuron	SUMMARY To establish the mouse as a genetically-tractable model for high-order visual processing, we characterized fine-scale retinotopic organization of visual cortex, and determined functional specialization of layer 2/3 neuronal populations in seven retinot
10.1093/cercor/bhw284	Anterior Cingulate Pathways May Affect Emotions Through Orbitofrontal Cortex	Cerebral Cortex	The anterior cingulate cortex (ACC) and posterior orbitofrontal cortex (pOFC) are associated with emotional regulation. These regions are old in phylogeny and have widespread connections with eulaminate neocortices, intricately linking areas associated with em
10.3389/fncir.2017.00109	Circuit Mechanisms Governing Local vs. Global Motion Processing in Mouse Visual Cortex	Front. Neural Circuits	A withstanding question in neuroscience is how neural circuits encode representations and perceptions of the external world. A particularly well-defined visual computation is the representation of global object motion by pattern direction-selective (PDS) cells
10.1111/jnc.15036	Lamina feedback neurons regulate the bandpass property of the flicker‐induced orientation response in Drosophila	Journal of Neurochemistry	Natural scenes contain complex visual cues with specific features, including color, motion, flicker, and position. It is critical to understand how different visual features are processed at the early stages of visual perception to elicit appropriate cellular 
10.1093/jmicro/dfaa007	Generative and discriminative model-based approaches to microscopic image restoration and segmentation	Microscopy	Abstract Image processing is one of the most important applications of recent machine learning (ML) technologies. Convolutional neural networks (CNNs), a popular deep learning-based ML architecture, have been developed for image processing applications. Howeve
10.1007/s00429-016-1277-y	Principles of ipsilateral and contralateral cortico-cortical connectivity in the mouse	Brain Structure and Function	Structural connectivity among cortical areas provides the substrate for information exchange in the cerebral cortex and is characterized by systematic patterns of presence or absence of connections. What principles govern this cortical wiring diagram? Here, we
10.3389/fncom.2011.00014	Clustering Predicts Memory Performance in Networks of Spiking and Non-Spiking Neurons	Frontiers in Computational Neuroscience	The problem we address in this paper is that of finding effective and parsimonious patterns of connectivity in sparse associative memories. This problem must be addressed in real neuronal systems, so that results in artificial systems could throw light on real
10.1007/978-3-319-12913-6_6	Optogenetics in Drosophila melanogaster	Biological and Medical Physics, Biomedic	
10.1016/j.neucom.2020.11.015	Multilayer network analysis of C. elegans: Looking into the locomotory circuitry	Neurocomputing	We investigate how locomotory behavior is generated in the brain focusing on the paradigmatic connectome of nematode Caenorhabditis elegans (C. elegans) and on neuronal activity patterns that control forward locomotion. We map the neuronal network of the worm 
10.1038/s41593-022-01113-6	Optogenetics at the presynapse	Nature Neuroscience	Optogenetic actuators enable highly precise spatiotemporal interrogation of biological processes at levels ranging from the subcellular to cells, circuits and behaving organisms. Although their application in neuroscience has traditionally focused on the contr
10.1016/j.neuroscience.2013.05.037	A SPONTANEOUS STATE OF WEAKLY CORRELATED SYNAPTIC EXCITATION AND INHIBITION IN VISUAL CORTEX	Neuroscience	Cortical spontaneous activity reflects an animal’s behavioral state and affects neural responses to sensory stimuli. The correlation between excitatory and inhibitory synaptic input to single neurons is a key parameter in models of cortical circuitry. Recent m
10.1038/nature16468	The functional diversity of retinal ganglion cells in the mouse	Nature	In the vertebrate visual system, all output of the retina is carried by retinal ganglion cells. Each type encodes distinct visual features in parallel for transmission to the brain. How many such ‘output channels’ exist and what each encodes are areas of inten
10.1016/j.neuron.2016.01.004	Rabies virus CVS-N2cΔG strain enhances retrograde synaptic transfer and neuronal viability	Neuron	Summary Virally-based transsynaptic tracing technologies are powerful experimental tools for neuronal circuit mapping. The glycoprotein-deletion variant of the SAD-B19 vaccine strain rabies virus (RABV) has been the reagent of choice in monosynaptic tracing, s
10.1146/annurev-neuro-080317-061906	Peeling the Onion of Brain Representations.	Annual Review of Neuroscience	The brain's function is to enable adaptive behavior in the world. To this end, the brain processes information about the world. The concept of representation links the information processed by the brain back to the world and enables us to understand what the b
10.1016/j.neulet.2017.09.002	The role of gap junctions in the C. elegans connectome.	Neuroscience Letters	
10.1016/j.celrep.2013.04.022	A comprehensive wiring diagram of the protocerebral bridge for visual information processing in the Drosophila brain.	Cell Reports	How the brain perceives sensory information and generates meaningful behavior depends critically on its underlying circuitry. The protocerebral bridge (PB) is a major part of the insect central complex (CX), a premotor center that may be analogous to the human
10.1083/jcb.202204010	Myelination generates aberrant ultrastructure that is resolved by microglia	Journal of Cell Biology	Djannatian et al. show by ultrastructural analysis of mouse optic nerves and in vivo imaging of zebrafish spinal cords that developmental myelination is an error-prone process and microglia contribute to the removal of aberrant structures. This may be an impor
10.1002/glia.22821	Morphological plasticity of astroglia: Understanding synaptic microenvironment	Glia	Memory formation in the brain is thought to rely on the remodeling of synaptic connections which eventually results in neural network rewiring. This remodeling is likely to involve ultrathin astroglial protrusions which often occur in the immediate vicinity of
10.1016/j.neuron.2018.10.048	Neocortical Topology Governs the Dendritic Integrative Capacity of Layer 5 Pyramidal Neurons.	Neuron	The structure of the neocortex varies across the neocortical mantle to govern the physical size of principal neurons. What impact such anatomical variation has on the computational operations of principal neurons remains unknown. Here, we demonstrate within a 
10.3389/fncel.2026.1811370	The emerging role of astrocytes in spatial cognition, action and Alzheimer’s disease	Frontiers in Cellular Neuroscience	Astrocytes sense synaptic activity, neuromodulation, and metabolic signals, and respond by modulating neurotransmission, excitability, and plasticity in neural networks. Increasing evidence demonstrates that these processes contribute to information processing
10.1371/journal.pcbi.1005493	Probabilistic fluorescence-based synapse detection	PLoS Comput. Biol.	Deeper exploration of the brain’s vast synaptic networks will require new tools for high-throughput structural and molecular profiling of the diverse populations of synapses that compose those networks. Fluorescence microscopy (FM) and electron microscopy (EM)
10.1101/2023.11.30.569341	A Graph Matching Approach to Tracking Neurons in Freely-Moving C. elegans	bioRxiv	Motivation Recent advances in 3D microscopy allow for recording the neurons in freely-moving C. elegans at high frame rates. In order to read out calcium activity, it is necessary to track individual neurons from frame to frame. However, doing this by hand for
10.1152/jn.00172.2017	Nonuniform surround suppression of visual responses in mouse V1.	Journal of Neurophysiology	Complex receptive field characteristics, distributed across a population of neurons, are thought to be critical for solving perceptual inference problems that arise during motion and image segmentation. For example, in a class of neurons referred to as “end-st
10.1186/s12915-025-02470-x	Staphylococcus aureus-induced degeneration of nociceptive neurons in Caenorhabditis elegans	BMC Biology	The nervous system senses microbial signals to influence host defense. Pain-sensing nociceptor neurons are key regulators of the host response to infection, but how they perceive infections is not well understood. Using Caenorhabditis elegans as a tractable mo
10.15252/embr.201438993	Cellular and molecular basis of decision‐making	EMBO Reports	People think they are in control of their own decisions: what to eat or drink, whom to marry or pick a fight with, where to live, what to buy. Behavioural economists and neurophysiologists have long studied decision-making behaviours. However, these behaviours
10.1111/bpa.70044	3D imaging of neuronal inclusions and protein aggregates in human neurodegeneration by multiscale x‐ray phase‐contrast tomography	Brain Pathology	This study leverages x‐ray phase‐contrast tomography (XPCT) for detailed analysis of neurodegenerative diseases, focusing on the three‐dimensional (3D) visualization and quantification of neuropathological features within fixed human postmortem tissue. XPCT wi
10.1016/j.neuron.2020.08.026	Sensory Glia Detect Repulsive Odorants and Drive Olfactory Adaptation.	Neuron	Glia are typically considered as supporting cells for neural development and synaptic transmission. Here, we report an active role of a glia in olfactory transduction. As a polymodal sensory neuron in C. elegans, the ASH neuron is previously known to detect mu
10.1098/rsta.2008.0308	Towards a virtual fly brain	Philosophical Transactions of the Royal 	Models of the brain that simulate sensory input, behavioural output and information processing in a biologically plausible manner pose significant challenges to both computer science and biology. Here we investigated strategies that could be used to create a m
10.1002/neu.20144	Synaptic integration in dendritic trees.	Journal of Neurobiology	Abstract Most neurons have elaborate dendritic trees that receive tens of thousands of synaptic inputs. Because postsynaptic responses to individual synaptic events are usually small and transient, the integration of many synaptic responses is needed to depola
10.31887/dcns.2018.20.2/agriffa	Rich-club neurocircuitry: function, evolution, and vulnerability	Dialogues in Clinical Neuroscience	Over the past decades, network neuroscience has played a fundamental role in the understanding of large-scale brain connectivity architecture. Brains, and more generally nervous systems, can be modeled as sets of elements (neurons, assemblies, or cortical chun
10.1101/2024.01.26.577404	Inferring neural dynamics of memory during naturalistic social communication	bioRxiv	Memory processes in complex behaviors like social communication require forming representations of the past that grow with time. The neural mechanisms that support such continually growing memory remain unknown. We address this gap in the context of fly courts
10.1016/j.compmedimag.2021.101871	A neuron image segmentation method based Deep Boltzmann Machine and CV model	Comput. Medical Imaging Graph.	Neuron image segmentation has wide applications and important potential values for neuroscience research. Due to the complexity of the submicroscopic structure of neurons cells and the defects of the image quality such as anisotropy, boundary loss and blurrine
10.3389/fncom.2013.00109	Inferring trial-to-trial excitatory and inhibitory synaptic inputs from membrane potential using Gaussian mixture Kalman filtering	Frontiers in Computational Neuroscience	Time-varying excitatory and inhibitory synaptic inputs govern activity of neurons and process information in the brain. The importance of trial-to-trial fluctuations of synaptic inputs has recently been investigated in neuroscience. Such fluctuations are ignor
10.1017/s0952523811000241	Amacrine cell-mediated input to bipolar cells: Variations on a common mechanistic theme	Visual Neuroscience	Abstract Feedback is a ubiquitous feature of neural circuits in the mammalian central nervous system (CNS). Analogous to pure electronic circuits, neuronal feedback provides either a positive or negative influence on the output of upstream components/neurons. 
10.1016/j.neuron.2023.12.013	Functional specificity of recurrent inhibition in visual cortex	Neuron	Summary In the neocortex, neural activity is shaped by the interaction of excitatory and inhibitory neurons, defined by the organization of their synaptic connections. Although connections among excitatory pyramidal neurons are sparse and functionally tuned, i
10.1523/jneurosci.4049-12.2013	Dense and overlapping innervation of pyramidal neurons by neocortical chandelier cells	Journal of Neuroscience	Chandelier (or axo-axonic) cells are a distinct group of GABAergic interneurons that innervate the axon initial segments of pyramidal cells and thus could have an important role controlling the activity of cortical circuits. To understand their connectivity, w
10.1126/science.1169957	Burst Spiking of a Single Cortical Neuron Modifies Global Brain State	Science	Single-Cell Brain Switching Different behavioral states of an animal are characterized by distinct patterns of global brain activity. For example, slow-wave sleep is associated with membrane potential transitions in cortical neurons and high-amplitude, low-fre
10.1002/bies.202300114	From pixels to insights: Machine learning and deep learning for bioimage analysis	Bioessays	Bioimage analysis plays a critical role in extracting information from biological images, enabling deeper insights into cellular structures and processes. The integration of machine learning and deep learning techniques has revolutionized the field, enabling t
10.1016/j.cois.2019.06.003	Neuronal mechanisms underlying innate and learned olfactory processing in Drosophila.	Current Opinion in Insect Science	Olfaction allows animals to adapt their behavior in response to different chemical cues in their environment. How does the brain efficiently discriminate different odors to drive appropriate behavior, and how does it flexibly assign value to odors to adjust be
10.1098/rspb.1974.0052	Synaptic connexions made by horizontal cells within the outer plexiform layer of the retina of the cat and the rabbit	Proceedings of the Royal Society of Lond	Abstract Two ultrastructurally distinctive types of horizontal cells are described in the retinae of the cat and the rabbit. Evidence is presented that they have different synaptic connexions in the outer plexiform layer. The majority of the presynaptic struct
10.1016/j.celrep.2024.113806	Spine plasticity of dentate gyrus parvalbumin-positive interneurons is regulated by experience.	Cell Reports	Experience-driven alterations in neuronal activity are followed by structural-functional modifications allowing cells to adapt to these activity changes. Structural plasticity has been observed for cortical principal cells. However, how GABAergic interneurons 
10.1002/cne.901530307	Intraretinal differentiation in the synaptic organization of the inner plexiform layer of the pigeon retina	The Journal of comparative neurology	Abstract The inner plexiform layer at ten retinal loci in pigeon was examined by electron microscopy. Photomontages of the entire depth of the inner plexiform layer at each locus were analyzed with respect to the number of amacrine and bipolar synapses, their 
10.1016/j.conb.2015.03.010	Visual circuits in flies: Beginning to see the whole picture	Current Opinion in Neurobiology	Sensory signals are processed in the brain by dedicated neuronal circuits to form perceptions used to guide behavior. Drosophila, with its compact brain, amenability to genetic manipulations and sophisticated behaviors has emerged as a powerful model for inves
10.1016/s0896-6273(00)80339-6	Submillisecond AMPA receptor-mediated signaling at a principal neuron-interneuron synapse.	Neuron	Glutamatergic transmission at a principal neuron-interneuron synapse was investigated by dual whole-cell patch-clamp recording in rat hippocampal slices combined with morphological analysis. Evoked EPSPs with rapid time course (half duration = 4 ms; 34 degrees
10.1002/cpz1.70247	Using BossDB Tools to Access, Visualize, and Share Volumetric Neuroscience Data	Current Protocols	BossDB is a free and publicly accessible archive for storing and sharing petascale neuroimaging data. Focused on FAIR (i.e., findable, accessible, interoperable, and reusable) principles, it utilizes cloud‐based infrastructure and software tools to facilitate 
10.1038/nn0901-877	The fundamental plan of the retina	Nature Neuroscience	The retina, like many other central nervous system structures, contains a huge diversity of neuronal types. Mammalian retinas contain approximately 55 distinct cell types, each with a different function. The census of cell types is nearing completion, as the d
10.1117/1.jmi.12.4.044002	ZeroReg3D: a zero-shot registration pipeline for 3D consecutive histopathology image reconstruction	Journal of Medical Imaging	Abstract. Purpose Histological analysis plays a crucial role in understanding tissue structure and pathology. Although recent advancements in registration methods have improved 2D histological analysis, they often struggle to preserve critical 3D spatial relat
10.7554/elife.66018	Information flow, cell types and stereotypy in a full olfactory connectome	bioRxiv	The hemibrain connectome provides large scale connectivity and morphology information for the majority of the central brain of Drosophila melanogaster. Using this data set, we provide a complete description of the Drosophila olfactory system, covering all firs