10.1113/jp282749	From single-neuron dynamics to higher-order circuit motifs in control and pathological brain networks	Journal of Physiology	The convergence of advanced single‐cell in vivo functional imaging techniques, computational modelling tools and graph‐based network analytics has heralded new opportunities to study single‐cell dynamics across large‐scale networks, providing novel insights in
10.3389/fnana.2015.00116	Analysis of shape and spatial interaction of synaptic vesicles using data from focused ion beam scanning electron microscopy (FIB-SEM)	Frontiers in Neuroanatomy	The spatial interactions of synaptic vesicles in synapses were assessed after a detailed characterization of size, shape, and orientation of the synaptic vesicles. We hypothesized that shape and orientation of the synaptic vesicles are influenced by their move
10.1126/science.1253853	Mapping Neural Activation onto Behavior in an Entire Animal	Science	A combination of technologies reveals which neurons constitute circuits for specific behaviors in Drosophila larvae. [Also see Research Article by Vogelstein et al. ]
10.1073/pnas.2603286123	Approaching a connectome of the human foveal retina	Proceedings of the National Academy of S	Significance Vision begins in the retina, an accessible outpost of the brain located at the back of the eye. When we directly view an object, we use the fovea—a tiny region containing over 50 distinct, densely packed neuron types. How these diverse cells inter
10.1093/cercor/bhm074	Monosynaptic connections between pairs of L5A pyramidal neurons in columns of juvenile rat somatosensory cortex.	Cerebral Cortex	Layer 5 (L5) of somatosensory cortex is a major gateway for projections to intra- and subcortical brain regions. This layer is further divided into 5A and 5B characterized by relatively separate afferent and efferent connections. Little is known about the orga
10.1007/s12021-017-9325-1	Ensemble Neuron Tracer for 3D Neuron Reconstruction	Neuroinformatics	Tracing of neuron paths is important in neuroscience. Recent studies have shown that it is possible to segment and reconstruct three-dimensional morphology of axons and dendrites using fully automatic neuron tracing methods. A specific tracer may be better tha
10.1063/1.5043429	Robust entropy requires strong and balanced excitatory and inhibitory synapses.	Chaos	It is widely appreciated that balanced excitation and inhibition are necessary for proper function in neural networks. However, in principle, balance could be achieved by many possible configurations of excitatory and inhibitory synaptic strengths and relative
10.1159/000360152	NSF Workshop Report: Discovering General Principles of Nervous System Organization by Comparing Brain Maps across Species	Brain, Behavior and Evolution	Efforts to understand nervous system structure and function have received new impetus from the federal Brain Research through Advancing Innovative Neurotechnologies (BRAIN) Initiative. Comparative analyses can contribute to this effort by leading to the discov
10.1016/j.neuron.2023.08.023	Three-dimensional reconstructions of mechanosensory end organs suggest a unifying mechanism underlying dynamic, light touch	Neuron	SUMMARY Across mammalian skin, structurally complex and diverse mechanosensory end organs respond to mechanical stimuli and enable our perception of dynamic, light touch. How forces act on morphologically dissimilar mechanosensory end organs of the skin to gat
10.1016/0278-4327(91)90031-v	Chapter 10 Functional roles of dopamine in the vertebrate retina	Progress in Retinal Research	
10.1002/9781118663233.ch21	Correlative Array Tomography	Biological Field Emission Scanning Elect	Correlative array tomography (CAT) makes use of the fixative agent glutaraldehyde and requires heavy metal staining for ultrastructural contrast. A key component of array tomography (AT) relies on the production of arrays of ultrathin sections from resin‐embed
10.1101/2025.02.21.639505	Interdigitating Modules for Visual Processing During Locomotion and Rest in Mouse V1		Layer 1 of V1 has been shown to receive locomotion-related signals from the dorsal lateral geniculate (dLGN) and lateral posterior (LP) thalamic nuclei ( Roth et al., 2016 ). Inputs from the dLGN terminate in M2+ patches while inputs from LP target M2- interpa
10.1002/glia.24623	Molecular profiling of invertebrate glia	Glia	Caenorhabditis elegans and Drosophila melanogaster are powerful experimental models for uncovering fundamental tenets of nervous system organization and function. Findings over the last two decades show that molecular and cellular features are broadly conserve
10.1007/s00429-019-01984-9	Mapping the community structure of the rat cerebral cortex with weighted stochastic block modeling	Brain Structure and Function	The anatomical architecture of the mammalian brain can be modeled as the connectivity between functionally distinct areas of cortex and sub-cortex, which we refer to as the connectome. The community structure of the connectome describes how the network can be 
10.1523/eneuro.0084-22.2022	Behavioral Forgetting of Olfactory Learning Is Mediated by Interneuron-Regulated Network Plasticity in Caenorhabditis elegans	eNeuro	Abstract Forgetting is important for animals to manage acquired memories to enable adaptation to changing environments; however, the neural network in mechanisms of forgetting is not fully understood. To understand the mechanisms underlying forgetting, we exam
10.64898/2026.03.23.713581	Drosophila core circadian clock neurons peptidergically regulate activity of insulin-producing cells	bioRxiv	Central pacemaker neurons use a combination of external stimuli and neuropeptide signaling to synchronize molecular oscillations leading to circadian behaviors. The clock network structure and signaling between these pacemaker neuron groups have been well desc
10.1039/c8lc00703a	Correlative light and electron microscopy for complex cellular structures on PDMS substrates with coded micro-patterns.	Lab on a Chip	Fluorescence light microscopy (FLM) is commonly used for localizing specific cellular and subcellular targets. Electron microscopy (EM), on the other hand, can reveal ultrastructural details of cellular architectures beyond the limit of optical resolution. Cor
10.1117/1.nph.9.3.032211	Toward an integrative neurovascular framework for studying brain networks	Neurophotonics	Abstract. Brain functional connectivity based on the measure of blood oxygen level-dependent (BOLD) functional magnetic resonance imaging (fMRI) signals has become one of the most widely used measurements in human neuroimaging. However, the nature of the funct
10.1017/s1431927612013852	Low-Dosage Maximum-A-Posteriori Focusing and Stigmation	Microscopy and Microanalysis	Abstract Radiation damage is often an issue during high-resolution imaging, making low-dose focusing and stigmation essential, in particular when no part of the sample can be “sacrificed” for this. An example is serial block-face electron microscopy, where the
10.1016/s0079-6123(01)31020-8	Pre- and postsynaptic mechanisms of spontaneous, excitatory postsynaptic currents in the salamander retina.	Progress in Brain Research	
10.1111/j.1469-7793.1997.605ba.x	Calcium action potentials restricted to distal apical dendrites of rat neocortical pyramidal neurons	Journal of Physiology	Simultaneous whole‐cell voltage and Ca 2+ fluorescence measurements were made from the distal apical dendrites and the soma of thick tufted pyramidal neurons in layer 5 of 4‐week‐old (P28–32) rat neocortex slices to investigate whether activation of distal syn
10.3389/fncom.2012.00102	Associative memory model with long-tail-distributed Hebbian synaptic connections	Frontiers in Computational Neuroscience	The postsynaptic potentials of pyramidal neurons have a non-Gaussian amplitude distribution with a heavy tail in both hippocampus and neocortex. Such distributions of synaptic weights were recently shown to generate spontaneous internal noise optimal for spike
10.7554/elife.80950	GluA3 subunits are required for appropriate assembly of AMPAR GluA2 and GluA4 subunits on cochlear afferent synapses and for presynaptic ribbon modiol	eLife	Cochlear sound encoding depends on α-amino-3-hydroxy-5-methyl-4-isoxazole propionic acid receptors (AMPARs), but reliance on specific pore-forming subunits is unknown. With 5-week-old male C57BL/6J Gria3-knockout mice (i.e., subunit GluA3KO) we determined coch
10.1242/dev.142406	Monitoring cell-cell contacts in vivo in transgenic animals	Development	We used a synthetic genetic system based on ligand-induced intramembrane proteolysis to monitor cell-cell contacts in animals. Upon ligand-receptor interaction in sites of cell-cell contact, the transmembrane domain of an engineered receptor is cleaved by intr
10.1088/2634-4386/ae5088	More than MACs: exploring the role of neuromorphic engineering in the age of LLMs	Neuromorphic Computing and Engineering	The introduction of large language models has significantly expanded global demand for computing; addressing this growing demand requires novel approaches that introduce new capabilities while addressing extant needs. Although inspiration from biological syste
10.1007/978-3-319-46687-3_12	Inferred Duality of Synaptic Connectivity in Local Cortical Circuit with Receptive Field Correlation	Lecture Notes in Computer Science	
10.1371/journal.pgen.1009120	A pair of ascending neurons in the subesophageal zone mediates aversive sensory inputs-evoked backward locomotion in Drosophila larvae	PLoS Genetics	Animals typically avoid unwanted situations with stereotyped escape behavior. For instance, Drosophila larvae often escape from aversive stimuli to the head, such as mechanical stimuli and blue light irradiation, by backward locomotion. Responses to these aver
10.7554/elife.10566	A platform for brain-wide imaging and reconstruction of individual neurons	eLife	The structure of axonal arbors controls how signals from individual neurons are routed within the mammalian brain. However, the arbors of very few long-range projection neurons have been reconstructed in their entirety, as axons with diameters as small as 100 
10.1038/s41467-019-12201-w	Inferring neural signalling directionality from undirected structural connectomes	Nature Communications	Neural information flow is inherently directional. To date, investigation of directional communication in the human structural connectome has been precluded by the inability of non-invasive neuroimaging methods to resolve axonal directionality. Here, we demons
10.1016/j.cagx.2019.100004	Shape analysis of 3D nanoscale reconstructions of brain cell nuclear envelopes by implicit and explicit parametric representations	Computers & Graphics: X	Abstract Shape analysis of cell nuclei is becoming increasingly important in biology and medicine. Recent results have identified that large variability in shape and size of nuclei has an important impact on many biological processes. Current analysis techniqu
10.1016/j.jsb.2017.05.013	Correlative super-resolution fluorescence and electron microscopy using conventional fluorescent proteins in vacuo	Journal of Structural Biology	Super-resolution light microscopy, correlative light and electron microscopy, and volume electron microscopy are revolutionising the way in which biological samples are examined and understood. Here, we combine these approaches to deliver super-accurate correl
10.3389/fncir.2021.728832	Mechanisms Underlying Target Selectivity for Cell Types and Subcellular Domains in Developing Neocortical Circuits	Frontiers in Neural Circuits	The cerebral cortex contains numerous neuronal cell types, distinguished by their molecular identity as well as their electrophysiological and morphological properties. Cortical function is reliant on stereotyped patterns of synaptic connectivity and synaptic 
10.1038/ncomms6919	Information flow through neural circuits for pheromone orientation	Nature Communications	Moths use a sophisticated olfactory navigation strategy for resource localization. Here we investigate the neuronal circuits involved in sensory processing to generate locomotor commands for pheromone-source orientation in the moth. We identify a candidate pat
10.7554/elife.08025	An excitatory amacrine cell detects object motion and provides feature-selective input to ganglion cells in the mouse retina	eLife	Retinal circuits detect salient features of the visual world and report them to the brain through spike trains of retinal ganglion cells. The most abundant ganglion cell type in mice, the so-called W3 ganglion cell, selectively responds to movements of small o
10.1038/s41565-019-0395-0	Bright sub-20-nm cathodoluminescent nanoprobes for electron microscopy.	Nature Nanotechnology	Electron microscopy has been instrumental in our understanding of complex biological systems. Although electron microscopy reveals cellular morphology with nanoscale resolution, it does not provide information on the location of different types of proteins. An
10.1002/cne.25579	Morphology and spectral sensitivity of long visual fibers and lamina monopolar cells in the butterfly Papilio xuthus	The Journal of comparative neurology	Extensive analysis of the flower‐visiting behavior of a butterfly, Papilio xuthus, has indicated complex interaction between chromatic, achromatic, and motion cues. Their eyes are spectrally rich with six classes of photoreceptors, respectively sensitive in th
10.1002/cne.23478	Ultrastructure of Cisternal Synapses on Outer Hair Cells of the Mouse Cochlea	The Journal of comparative neurology	C (cisternal) synapses with a near membrane postsynaptic cistern are found on motor neurons and other central neurons, where their functional role is unknown. Similarly structured cisternal synapses mediate cholinergic inhibition of cochlear hair cells via α9α
10.1016/j.neunet.2024.106967	Directional intermodular coupling enriches functional complexity in biological neuronal networks	Neural Networks	Hierarchically modular organization is a canonical network topology that is evolutionarily conserved in the nervous systems of animals. Within the network, neurons form directional connections defined by the growth of their axonal terminals. However, this topo
10.1016/j.celrep.2025.116792	Cell-type-selective synaptogenesis during the development of layer 6 corticothalamic neuron connectivity in the mammalian neocortex	Cell Reports	SUMMARY The function of the mammalian neocortex relies on the timing of axon extension and establishment of cell-type-biased patterns of excitatory synaptic connections. A subtype of excitatory neurons, layer 6 corticothalamic neurons (L6CThNs), ultimately exh
10.1002/cne.23589	Neural organization of the second optic neuropil, the medulla, in the highly visual semiterrestrial crab Neohelice granulata	The Journal of comparative neurology	ABSTRACT Crustaceans are widely distributed and inhabit very different niches. Many of them are highly visual animals. Nevertheless, the neural composition of crustacean optic neuropils deeper than the lamina is mostly unknown. In particular, semiterrestrial c
10.1111/j.1460-9568.2005.04041.x	Olfactory learning‐induced morphological modifications in single dendritic spines of young rats	European Journal of Neuroscience	Abstract Learning‐related morphological modifications in single dendritic spines were studied quantitatively in the brains of young Sprague–Dawley rats. We have previously shown that olfactory discrimination rule‐learning results in transient physiological and
10.1016/j.tins.2025.10.012	How neural feedback enables flexible visual processing in Drosophila.	Trends in Neurosciences	The visual system can function across variable scene statistics and behavioral contexts. This flexibility arises in part from neural feedback, which shapes visual processing to align with prevailing stimulus conditions and behavioral goals. In the fruit fly Dr
10.1101/2021.12.11.472218	Neural mechanisms to exploit positional geometry for collision avoidance	bioRxiv	Visual motion provides rich geometrical cues about the three-dimensional configuration the world. However, how brains decode the spatial information carried by motion signals remains poorly understood. Here, we study a collision avoidance behavior in Drosophil
10.3389/fimmu.2018.00803	A Brief History of Microglial Ultrastructure: Distinctive Features, Phenotypes, and Functions Discovered Over the Past 60 Years by Electron Microscopy	Frontiers in Immunology	The first electron microscope was constructed in 1931. Several decades later, techniques were developed to allow the first ultrastructural analysis of microglia by transmission electron microscopy (EM). In the 50 years that followed, important roles of microgl
10.1371/journal.pcbi.1002489	Predictive Features of Persistent Activity Emergence in Regular Spiking and Intrinsic Bursting Model Neurons	PLoS Comput. Biol.	Proper functioning of working memory involves the expression of stimulus-selective persistent activity in pyramidal neurons of the prefrontal cortex (PFC), which refers to neural activity that persists for seconds beyond the end of the stimulus. The mechanisms
10.1016/j.neuroscience.2019.12.026	Optical dissection of synaptic plasticity for early adaptation in Caenorhabditis elegans.	Neuroscience	To understand neuronal information processing, it is essential to investigate the input-output relationship and its modulation via detailed dissections of synaptic transmission between pre- and postsynaptic neurons. In Caenorhabditis elegans, pre-exposure to a
10.1186/s12868-023-00792-6	A deep generative adversarial network capturing complex spiral waves in disinhibited circuits of the cerebral cortex	BMC Neuroscience	Background In the cerebral cortex, disinhibited activity is characterized by propagating waves that spread across neural tissue. In this pathological state, a widely reported form of activity are spiral waves that travel in a circular pattern around a fixed sp
10.1002/cne.901890110	Coronate cells: Displaced amacrines of the rabbit retina?	The Journal of comparative neurology	Abstract The rabbit retinal ganglion cell layer contains a soma population which is morphologically distinct from the demonstrated ganglion cells. These “coronate cells” (Vaney, '80) have many features in common with classical neurons and are qualitatively dif
10.1038/ncomms11645	Splicing factors control C. elegans behavioural learning in a single neuron by producing DAF-2c receptor	Nature Communications	Alternative splicing generates protein diversity essential for neuronal properties. However, the precise mechanisms underlying this process and its relevance to physiological and behavioural functions are poorly understood. To address these issues, we focused 
10.1523/jneurosci.5088-12.2013	Heterosynaptic Plasticity Prevents Runaway Synaptic Dynamics	Journal of Neuroscience	Spike timing-dependent plasticity (STDP) and other conventional Hebbian-type plasticity rules are prone to produce runaway dynamics of synaptic weights. Once potentiated, a synapse would have higher probability to lead to spikes and thus to be further potentia
10.1073/pnas.2207912119	Multiple forms of working memory emerge from synapse–astrocyte interactions in a neuron–glia network model	bioRxiv	Competing accounts propose that working memory (WM) is subserved either by persistent activity in single neurons, or by time-varying activity across a neural population, or by activity-silent mechanisms carried out by hidden internal states of the neural popul
10.1016/j.cognition.2022.105118	The best of both worlds: Dual systems of reasoning in animals and AI	Cognition	Much of human cognition involves two different types of reasoning that operate together. Type 1 reasoning systems are intuitive and fast, whereas Type 2 reasoning systems are reflective and slow. Why has our cognition evolved with these features? Both systems 
10.1016/j.conb.2018.06.009	The development of local circuits in the neocortex: recent lessons from the mouse visual cortex	Current Opinion in Neurobiology	Precise synaptic connections among neurons in the neocortex generate the circuits that underlie a broad repertoire of cortical functions including perception, learning and memory, and complex problem solving. The specific patterns and properties of these synap
10.1093/9780197846032.001.0001	Populations of Individuals		  Populations of Individuals describes a novel way to view variation among biological entities based upon their individuality. While genetic differences can account for biological variation across species, within an individual organism the genetic code is esse
10.3389/fnbeh.2022.1008818	Fear conditioning in invertebrates	Frontiers in Behavioral Neuroscience	Learning to identify and predict threats is a basic skill that allows animals to avoid harm. Studies in invertebrates like Aplysia californica, Drosophila melanogaster, and Caenorhabditis elegans have revealed that the basic mechanisms of learning and memory a
10.1021/ja4020524	Singlet oxygen generation by the genetically encoded tag miniSOG.	Journal of the American Chemical Society	The genetically encodable fluorescent tag miniSOG is expected to revolutionize correlative light- and electron microscopy due to its ability to produce singlet oxygen upon light irradiation. The quantum yield of this process was reported as ΦΔ = 0.47 ± 0.05, a
10.1016/bs.mcb.2017.03.002	Correlative light and electron microscopic detection of GFP-labeled proteins using modular APEX.	Methods in Cell Biology	The use of green fluorescent protein (GFP) and related proteins has revolutionized light microscopy. Here we describe a rapid and simple method to localize GFP-tagged proteins in cells and in tissues by electron microscopy (EM) using a modular approach involvi
10.1038/d41586-020-02947-5	Probing fine-scale connections in the brain	Nature	
10.1109/tmi.2025.3590484	Self-Supervised Neuron Morphology Representation With Graph Transformer	IEEE Transactions on Medical Imaging	Effective representation of neuronal morphology is essential for cell typing and understanding brain function. However, the complexity of neuronal morphology manifests not only in inter-class structural differences but also in intra-class variations across dev
10.1016/0042-6989(83)90102-5	On and off pathways through amacrine cells in mammalian retina: the synaptic connections of "starburst" amacrine cells.	Vision Research	The neural architecture of on and off pathways in mammalian retina is described, including the development of ideas leading to an understanding of the bisublaminar organization of the inner plexiform layer of the retina which supports these two pathways. The c
10.1002/cne.24251	Synaptogenesis and synaptic protein localization in the postnatal development of rod bipolar cell dendrites in mouse retina	The Journal of comparative neurology	Retinal responses to photons originate in rod photoreceptors and are transmitted to the ganglion cell output of the retina through the primary rod bipolar pathway. At the first synapse of this pathway, input from multiple rods is pooled into individual rod bip
10.1111/ejn.12399	Adaptive and non‐adaptive changes in activity‐deprived presynaptic terminals	European Journal of Neuroscience	Abstract How the number of docked vesicles is regulated is still unclear. Following chronic activity blockade the number of docked vesicles increases, providing a model through which to address this issue. We tested the hypotheses that the number of docked ves
10.1002/cne.903160402	Polyaxonal amacrine cells of rabbit retina: Morphology and stratification of PA1 cells	The Journal of comparative neurology	Abstract Polyaxonal amacrine cells are a new class of amacrine cell bearing one to six branching, axon‐like processes, closely resembling the axons of Golgi type II cells found elsewhere in the central nervous system. Of the four types of polyaxonal amacrine c
10.1016/j.cub.2021.12.055	Descending neurons coordinate anterior grooming behavior in Drosophila.	Current Biology	The brain coordinates the movements that constitute behavior, but how descending neurons convey the myriad of commands required to activate the motor neurons of the limbs in the right order and combinations to produce those movements is not well understood. Fo
10.1523/jneurosci.2181-19.2020	Activity Dependent and Independent Determinants of Synaptic Size Diversity	Journal of Neuroscience	The extraordinary diversity of excitatory synapse sizes is commonly attributed to activity-dependent processes that drive synaptic growth and diminution. Recent studies also point to activity-independent size fluctuations, possibly driven by innate synaptic mo
10.1242/bio.053983	Gap junctions: historical discoveries and new findings in the Caenorhabditis elegans nervous system	Biology Open	ABSTRACT Gap junctions are evolutionarily conserved structures at close membrane contacts between two cells. In the nervous system, they mediate rapid, often bi-directional, transmission of signals through channels called innexins in invertebrates and connexin
10.1038/nprot.2011.389	High-throughput, detailed, cell-specific neuroanatomy of dendritic spines using microinjection and confocal microscopy	Nature Protocols	Morphological features such as size, shape and density of dendritic spines have been shown to reflect important synaptic functional attributes and potential for plasticity. Here we describe in detail a protocol for obtaining detailed morphometric analysis of s
10.1126/science.aaj2161	Deconstructing behavioral neuropharmacology with cellular specificity	Science	A tailored look at behavioral pharmacology It is important to understand how animal behavior is mediated by molecular, cellular, and circuit components of the brain. However, it has been difficult to link the activity of specific molecules in defined cells to 
10.7554/elife.63392	Permeabilization-free en bloc immunohistochemistry for correlative microscopy	bioRxiv	A dense reconstruction of neuronal synaptic connectivity typically requires high-resolution 3D electron microscopy (EM) data, but EM data alone lacks functional information about neurons and synapses. One approach to augment structural EM datasets is with the 
10.1016/j.pneurobio.2019.01.003	Precision in the Development of Neocortical Architecture: from Progenitors to Cortical Networks	Progress in neurobiology	Of all brain regions, the 6-layered neocortex has undergone the most dramatic changes in size and complexity during mammalian brain evolution. These changes, occurring in the context of a conserved set of organizational features that emerge through stereotypic
10.1016/j.celrep.2021.108953	Nanoscale 3D EM reconstructions reveal intrinsic mechanisms of structural diversity of chemical synapses	Cell Reports	SUMMARY Chemical synapses of shared cellular origins have remarkably heterogeneous structures, but how this diversity is generated is unclear. Here, we use three-dimensional (3D) electron microscopy and artificial intelligence algorithms for image processing t
10.1371/journal.pgen.1001346	Dopamine Signalling in Mushroom Bodies Regulates Temperature-Preference Behaviour in Drosophila	PLoS Genetics	The ability to respond to environmental temperature variation is essential for survival in animals. Flies show robust temperature-preference behaviour (TPB) to find optimal temperatures. Recently, we have shown that Drosophila mushroom body (MB) functions as a
10.1101/726174	Neural Anatomy and Optical Microscopy (NAOMi) Simulation for evaluating calcium imaging methods	bioRxiv	The past decade has seen a multitude of new in vivo functional imaging methodologies. However, the lack of ground-truth comparisons or evaluation metrics makes large-scale, systematic validation impossible. Here we provide a new framework for evaluating TPM me
10.1523/jneurosci.19-21-09587.1999	Synaptic Basis of Cortical Persistent Activity: the Importance of NMDA Receptors to Working Memory	Journal of Neuroscience	Delay-period activity of prefrontal cortical cells, the neural hallmark of working memory, is generally assumed to be sustained by reverberating synaptic excitation in the prefrontal cortical circuit. Previous model studies of working memory emphasized the hig
10.3390/ijms24129833	Imaging Approaches to Investigate Pathophysiological Mechanisms of Brain Disease in Zebrafish	International Journal of Molecular Scien	Zebrafish has become an essential model organism in modern biomedical research. Owing to its distinctive features and high grade of genomic homology with humans, it is increasingly employed to model diverse neurological disorders, both through genetic and phar
10.7554/elife.85300	Homophilic wiring principles underpin neuronal network topology in vitro	bioRxiv	Economic efficiency has been a popular explanation for how networks self-organize within the developing nervous system. However, the precise nature of the economic negotiations governing this putative organizational principle remains unclear. Here, we address 
10.1103/physreve.78.037101	Functions of neuronal network motifs.	Physical review. E, Statistical, nonline	It was recently found that neuronal (and many other) networks contain some significantly recurring wiring patterns, termed "network motifs," which are believed to be basic building blocks of these networks and to perform important functional roles in them. We 
10.3389/fninf.2012.00021	A Mutual Information Approach to Automate Identification of Neuronal Clusters in Drosophila Brain Images	Front. Neuroinform.	Mapping neural circuits can be accomplished by labeling a small number of neural structures per brain, and then combining these structures across multiple brains. This sparse labeling method has been particularly effective in Drosophila melanogaster, where clo
10.1523/jneurosci.0348-14.2014	Direct Visualization of Trans-Synaptic Neurexin–Neuroligin Interactions during Synapse Formation	Journal of Neuroscience	Neurexins and neuroligins are synaptic cell-adhesion molecules that are essential for normal synapse specification and function and are thought to bind to each other trans-synaptically, but such interactions have not been demonstrated directly. Here, we genera
10.1159/000355506	Invertebrate Models in Addiction Research	Brain, Behavior and Evolution	While drug addiction is a uniquely human problem, most research examining the biological mechanisms of the transition from substance use to addiction is conducted with vertebrate animal models. Many other fields of neuroscience have greatly benefitted from con
10.1038/s41593-025-01922-5	EPSILON: a method for pulse-chase labeling to probe synaptic AMPAR exocytosis during memory formation	Nature Neuroscience	A tool to map changes in synaptic strength during a defined time window could provide powerful insights into the mechanisms of learning and memory. Here we developed a technique, Extracellular Protein Surface Labeling in Neurons (EPSILON), to map α-amino-3-hyd
10.1016/j.jneumeth.2019.108394	Atlas-based imaging data analysis tool for quantitative mouse brain histology (AIDAhisto).	Journal of Neuroscience Methods	Cell counting in neuroscience is a routine method of utmost importance to support descriptive in vivo findings with quantitative data on the cellular level. Although known to be error- and bias-prone, manual cell counting of histological stained brain slices r
10.1002/cne.21588	Repeated stress alters dendritic spine morphology in the rat medial prefrontal cortex	The Journal of comparative neurology	Abstract Anatomical alterations in the medial prefrontal cortex (mPFC) are associated with hypothalamopituitary adrenal (HPA) axis dysregulation, altered stress hormone levels, and psychiatric symptoms of stress‐related mental illnesses. Functional imaging stu
10.1016/s0006-3495(00)76521-0	Analysis and implications of equivalent uniform approximations of nonuniform unitary synaptic systems.	Biophysical Journal	Real synaptic systems consist of a nonuniform population of synapses with a broad spectrum of probability and response distributions varying between synapses, and broad amplitude distributions of postsynaptic unitary responses within a given synapse. A common 
10.3389/fnana.2014.00015	Evolution of the human brain: when bigger is better	Frontiers in Neuroanatomy	Comparative studies of the brain in mammals suggest that there are general architectural principles governing its growth and evolutionary development. We are beginning to understand the geometric, biophysical and energy constraints that have governed the evolu
10.1016/j.jsb.2014.03.018	Correlative Light- and Electron Microscopy with chemical tags	Journal of Structural Biology	Correlative microscopy incorporates the specificity of fluorescent protein labeling into high-resolution electron micrographs. Several approaches exist for correlative microscopy, most of which have used the green fluorescent protein (GFP) as the label for lig
10.7554/elife.04250	Automatic discovery of cell types and microcircuitry from neural connectomics	eLife	Neural connectomics has begun producing massive amounts of data, necessitating new analysis methods to discover the biological and computational structure. It has long been assumed that discovering neuron types and their relation to microcircuitry is crucial t
10.3390/e25010051	Modeling the Evolution of Biological Neural Networks Based on Caenorhabditis elegans Connectomes across Development	Entropy	Knowledge of the structural properties of biological neural networks can help in understanding how particular responses and actions are generated. Recently, Witvliet et al. published the connectomes of eight isogenic Caenorhabditis elegans hermaphrodites at di
10.1162/netn_a_00458	Brain connectome from neuronal morphology	Network Neuroscience	Abstract Single-subject morphological brain networks derived from cross-feature correlation of macroscopic MRI-derived morphological measures provide an important means for studying the brain connectome. However, the validity of this approach remains to be con
10.1016/j.neuroimage.2015.09.041	Generative models of the human connectome	NeuroImage	The human connectome represents a network map of the brain's wiring diagram and the pattern into which its connections are organized is thought to play an important role in cognitive function. The generative rules that shape the topology of the human connectom
10.1515/revneuro-2025-0124	Fast cortical oscillations as a potential network mechanism for language processing	Reviews in the Neurosciences	Abstract Since the 19th century, the study of brain mechanisms of language has depended on available tools: the clinical study of language-impaired patients, with neuropathological correlates, in the style of Broca and Wernicke; imaging techniques including MR
10.1146/annurev-cellbio-100913-013053	Astrocyte regulation of synaptic behavior.	Annual Review of Cell and Developmental 	Astrocytes regulate multiple aspects of neuronal and synaptic function from development through to adulthood. Instead of addressing each function independently, this review provides a comprehensive overview of the different ways astrocytes modulate neuronal sy
10.1016/j.neuroimage.2018.01.087	Quantification of anisotropy and orientation in 3D electron microscopy and diffusion tensor imaging in injured rat brain	NeuroImage	&NA; Diffusion tensor imaging (DTI) reveals microstructural features of grey and white matter non‐invasively. The contrast produced by DTI, however, is not fully understood and requires further validation. We used serial block‐face scanning electron microscopy
10.1038/nmeth.3623	Focused ion beams in biology	Nature Methods	A quiet revolution is under way in technologies used for nanoscale cellular imaging. Focused ion beams, previously restricted to the materials sciences and semiconductor fields, are rapidly becoming powerful tools for ultrastructural imaging of biological samp
10.1101/092437	NeuroGFX: a graphical functional explorer for fruit fly brain circuits	bioRxiv	Recently, multiple focused efforts have resulted in substantial increase in the availability of connectome data in the fruit fly brain. Elucidating neural circuit function from such structural data calls for a scalable computational modeling methodology. We pr
10.1016/j.xgen.2024.100720	Adult single-nucleus neuronal transcriptomes of insulin signaling mutants reveal regulators of behavior and learning	Cell Genomics	Summary Gene expression in individual neurons can change during development to adulthood and can have large effects on behavior. Additionally, the insulin/insulin-like signaling (IIS) pathway regulates many of the adult functions of Caenorhabditis elegans, inc
10.1103/6wgv-b9m6	Diverging network architecture of the C. elegans connectome and signaling network	PRX Life	The connectome describes the complete set of synaptic contacts through which neurons communicate. While the architecture of the C. elegans connectome has been extensively characterized, much less is known about the organization of causal signaling networks ari
10.1162/netn_a_00344	NBS-SNI, an extension of the network-based statistic: Abnormal functional connections between important structural actors	bioRxiv	Elucidating the coupling between the structure and the function of the brain and its development across maturation has attracted a lot of interest in the field of network neuroscience in the last fifteen years. Mounting evidence support the hypothesis that the
10.15476/elte.2017.160	Data Mining in Genomics, Metagenomics and Connectomics		We have developed AmphoraNet, an easy-to-use webserver that is capable of assigning a probability-weighted taxonomic group for each phylogenetic marker gene found in the input metagenomic sample; the webserver is based on the AMPHORA2 workﬂow. Then we have dev
10.1016/j.neulet.2006.03.079	Synaptic efficacy cluster formation across the dendrite via STDP.	Neuroscience Letters	The role of spike-timing-dependent plasticity (STDP) in shaping the strength of a synapse located on the dendritic tree has gained recent interest. Previous theoretical studies using STDP have mostly used simplified integrate-and-fire models to investigate the
10.1007/978-1-0716-4019-7_15	Phenomenological modeling of diverse and heterogeneous synaptic dynamics at natural density	arXiv.org	This chapter sheds light on the synaptic organization of the brain from the perspective of computational neuroscience. It provides an introductory overview on how to account for empirical data in mathematical models, implement such models in software, and perf
10.1101/2023.04.21.537850	Pharyngeal mechanosensory neurons control food swallow in Drosophila melanogaster	bioRxiv	As the early step of food ingestion, the swallow is under rigorous sensorimotor control. Nevertheless, the mechanisms underlying swallow control at a molecular and circuitry level remain largely unknown. Here, we find that mutation of the mechanotransduction c
10.1016/j.cub.2015.07.014	Functional Specialization of Neural Input Elements to the Drosophila ON Motion Detector.	Current Biology	Detecting the direction of visual movement is fundamental for every sighted animal in order to navigate, avoid predators, or detect conspecifics. Algorithmic models of correlation-type motion detectors describe the underlying computation remarkably well. They 
10.1117/1.nph.2.4.041407	Ultramicroscopy: development and outlook	Neurophotonics	Abstract. We present an overview of the ultramicroscopy technique we developed. Starting from developments 100 years ago, we designed a light sheet microscope and a chemical clearing to image complete mouse brains. Fluorescence of green fluorescent protein (GF
10.1007/s10827-006-6358-0	Attentional modulation of firing rate and synchrony in a model cortical network	Journal of Computational Neuroscience	The response of a neuron in the visual cortex to stimuli of different contrast placed in its receptive field is commonly characterized using the contrast response curve. When attention is directed into the receptive field of a V4 neuron, its contrast response 
10.1073/pnas.1400698111	Cellular mechanisms for integral feedback in visually guided behavior	Proceedings of the National Academy of S	Significance Visually driven behaviors of Drosophila have become a model system to study how neural circuits process sensory information. Here, we show that one of the computations performed by this system is temporal integration of visual motion. We provide e
10.1016/0166-2236(95)93930-v	How multiple-synapse boutons could preserve input specificity during an interneuronal spread of LTP.	Trends in Neurosciences	A model is proposed whereby the spread of long-term potentiation (LTP) between potentiated and neighboring neurons is initiated by a retrograde signal that is restricted to the synaptic clefts of the potentiated neurons. Next, a change, such as enhanced releas
10.1038/nn.3003	Semaphorin 3E–Plexin-D1 signaling controls pathway-specific synapse formation in the striatum	Nature Neuroscience	The proper formation of synaptic connectivity in the mammalian brain is critical for complex behavior. In the striatum, balanced excitatory synaptic transmission from multiple sources onto two classes of principal neurons is required for coordinated and volunt
10.7554/elife.85041	retro-Tango enables versatile retrograde circuit tracing in Drosophila	bioRxiv	Transsynaptic tracing methods are crucial tools in studying neural circuits. Although a couple of anterograde tracing methods and a targeted retrograde tool have been developed in Drosophila melanogaster, there is still need for an unbiased, user-friendly, and
10.64898/2026.05.28.727403	Eyewire II – A connectomic resource for resolving cell types and circuits of the mouse retina	bioRxiv	Comprehensive wiring diagrams from electron microscopy (EM) are a powerful tool to understand the inner workings of the brain. The retina is an easily accessible part of the brain that performs complex visual computations. Its thin, layered structure offers a 
10.1007/s00795-016-0134-7	Rapid specimen preparation to improve the throughput of electron microscopic volume imaging for three-dimensional analyses of subcellular ultrastructu	Medical Molecular Morphology	Serial block-face imaging using scanning electron microscopy enables rapid observations of three-dimensional ultrastructures in a large volume of biological specimens. However, such imaging usually requires days for sample preparation to reduce charging and in
10.1101/2025.09.24.678123	Composing trajectories for rapid inference of navigational goals	bioRxiv	Animals efficiently learn to navigate their environment. In the laboratory, naive mice explore their environment via highly structured trajectories and can learn to localize new spatial targets in as few as a handful of trials. It is unclear how such efficient
10.1152/jn.00464.2015	Brain activity mapping at multiple scales with silicon microprobes containing 1,024 electrodes.	Journal of Neurophysiology	The coordinated activity of neural ensembles across multiple interconnected regions has been challenging to study in the mammalian brain with cellular resolution using conventional recording tools. For instance, neural systems regulating learned behaviors ofte
10.3389/fnsyn.2019.00021	Model-Based Inference of Synaptic Transmission	Frontiers in Synaptic Neuroscience	Synaptic computation is believed to underlie many forms of animal behavior. A correct identification of synaptic transmission properties is thus crucial for a better understanding of how the brain processes information, stores memories and learns. Recently, a 
10.1016/j.celrep.2022.110577	MAPK signaling and a mobile scaffold complex regulate AMPA receptor transport to modulate synaptic strength	Cell Reports	SUMMARY Synaptic plasticity depends on rapid experience-dependent changes in the number of neurotransmitter receptors. Previously, we demonstrated that motor-mediated transport of AMPA receptors (AMPARs) to and from synapses is a critical determinant of synapt
10.1016/j.neuron.2017.08.017	A circuit node that integrates convergent input from neuromodulatory and social behavior-promoting neurons to control aggression in Drosophila	Neuron	Diffuse neuromodulatory systems such as norepinephrine (NE) control brain-wide states such as arousal, but whether they control complex social behaviors more specifically is not clear. Octopamine (OA), the insect homolog of NE, is known to promote both arousal
10.1101/2021.02.15.431332	Dynamin is primed at endocytic sites for ultrafast endocytosis	bioRxiv	Dynamin mediates fission of vesicles from the plasma membrane during endocytosis. Typically, dynamin is recruited from the cytosol to endocytic sites, requiring seconds to tens of seconds. However, ultrafast endocytosis in neurons internalizes vesicles as quic
10.1038/nmeth.2084	Biological Imaging Software Tools	Nature Methods	Few technologies are more widespread in modern biological laboratories than imaging. Recent advances in optical technologies and instrumentation are providing hitherto unimagined capabilities. Almost all these advances have required the development of software
10.1007/s10827-012-0390-z	A Bayesian compressed-sensing approach for reconstructing neural connectivity from subsampled anatomical data	Journal of Computational Neuroscience	In recent years, the problem of reconstructing the connectivity in large neural circuits ("connectomics") has re-emerged as one of the main objectives of neuroscience. Classically, reconstructions of neural connectivity have been approached anatomically, using
10.1016/b978-008045046-9.01771-x	Ultrastructural Analysis of Spine Plasticity	Encyclopedia of Neuroscience	
10.1016/j.neuint.2003.08.015	The problem of astrocyte identity.	Neurochemistry International	Astrocytes were the original neuroglia of Ramón y Cajal but after 100 years there is no satisfactory definition of what should comprise this class of cells. This essay takes a historical and philosophical approach to the question of astrocytic identity. The cl
10.1515/nf-2021-0018	The neural architecture of sleep regulation – insights from Drosophila	Neuroforum	Abstract The neural mechanisms that balance waking and sleep to ensure adequate sleep quality in mammals are highly complex, often eluding functional insight. In the last two decades, researchers made impressive progress in studying the less complex brain of t
10.1101/2021.12.21.473630	The marine gastropod Conomurex luhuanus (Strombidae) has high-resolution spatial vision and eyes with complex retinas	bioRxiv	All species within the conch snail family Strombidae possess large camera-type eyes that are surprisingly well-developed compared to those found in most other gastropods. Although these eyes are known to be structurally complex, very little research on their v
10.1038/d41586-021-02661-w	How the world’s biggest brain maps could transform neuroscience	Nature	
10.1523/jneurosci.1586-03.2004	The Glutamate Transporter GLT1a Is Expressed in Excitatory Axon Terminals of Mature Hippocampal Neurons	Journal of Neuroscience	GLT1 is the major glutamate transporter of the brain and has been thought to be expressed exclusively in astrocytes. Although excitatory axon terminals take up glutamate, the transporter responsible has not been identified. GLT1 is expressed in at least two fo
10.3389/fncir.2014.00139	Single dendrite-targeting interneurons generate branch-specific inhibition	Front. Neural Circuits	Microcircuits composed of dendrite-targeting inhibitory interneurons and pyramidal cells (PCs) are fundamental elements of cortical networks, however, the impact of individual interneurons on pyramidal dendrites is unclear. Here, we combine paired recordings a
10.1016/j.neuron.2017.01.030	Optimal degrees of synaptic connectivity	Neuron	Summary Synaptic connectivity varies widely across neuronal types. Cerebellar granule cells receive five orders of magnitude fewer inputs than the Purkinje cells they innervate, and cerebellum-like circuits including the insect mushroom body also exhibit large
10.48550/arxiv.2503.02618	<NO TITLE>		
10.1038/nature07604	Synaptic depression enables neuronal gain control	Nature	To act as computational devices, neurons must perform mathematical operations as they transform synaptic and modulatory input into output firing rate. Experiments and theory indicate that neuronal firing typically represents the sum of synaptic inputs, an addi
10.1016/j.media.2017.03.004	Transformation diffusion reconstruction of three-dimensional histology volumes from two-dimensional image stacks	Medical Image Anal.	Highlights • A method for 3D reconstruction of serial 2D histology image stacks is proposed.• Pre-alignment to an external pre-cut reference (blockface) prevents shape artifacts.• Formulated as diffusion of transformations from each slice to its neighbors.• Re
10.1016/j.ymeth.2016.12.013	TED: A Tolerant Edit Distance for segmentation evaluation.	Methods	In this paper, we present a novel error measure to compare a computer-generated segmentation of images or volumes against ground truth. This measure, which we call Tolerant Edit Distance (TED), is motivated by two observations that we usually encounter in biom
10.1002/syn.21556	Counting mitochondria using electron microscopy	Synapse	
10.1523/jneurosci.22-06-02215.2002	Endosomal Compartments Serve Multiple Hippocampal Dendritic Spines from a Widespread Rather Than a Local Store of Recycling Membrane	Journal of Neuroscience	Endosomes are essential to dendritic and synaptic function in sorting membrane proteins for degradation or recycling, yet little is known about their locations near synapses. Here, serial electron microscopy was used to ascertain the morphology and distributio
10.1017/s2633903x23000119	Okapi-EM: A napari plugin for processing and analyzing cryogenic serial focused ion beam/scanning electron microscopy images	Biological Imaging	Abstract An emergent volume electron microscopy technique called cryogenic serial plasma focused ion beam milling scanning electron microscopy (pFIB/SEM) can decipher complex biological structures by building a three-dimensional picture of biological samples a
10.1016/j.cell.2013.08.027	Motion detection: neuronal circuit meets theory.	Cell	Motion detection in fly vision has been investigated experimentally and theoretically for half of a century, yet mechanistic insights into the neuronal computation have only started to emerge. In a recent issue of Nature, two studies provide major insights int
10.3389/fncir.2018.00101	NeuTu: Software for Collaborative, Large-Scale, Segmentation-Based Connectome Reconstruction	Front. Neural Circuits	Reconstructing a connectome from an EM dataset often requires a large effort of proofreading automatically generated segmentations. While many tools exist to enable tracing or proofreading, recent advances in EM imaging and segmentation quality suggest new str
10.1098/rsif.2020.0459	Unsupervised learning of control signals and their encodings in Caenorhabditis elegans whole-brain recordings	Journal of the Royal Society Interface	A major goal of computational neuroscience is to understand the relationship between synapse-level structure and network-level functionality. Caenorhabditis elegans is a model organism to probe this relationship due to the historic availability of the synaptic
10.3389/fninf.2023.1118419	Learning the heterogeneous representation of brain's structure from serial SEM images using a masked autoencoder	Frontiers in Neuroinformatics	Introduction The exorbitant cost of accurately annotating the large-scale serial scanning electron microscope (SEM) images as the ground truth for training has always been a great challenge for brain map reconstruction by deep learning methods in neural connec
10.1152/physrev.00042.2020	Microcircuits for spatial coding in the medial entorhinal cortex	Physiological Reviews	The hippocampal formation is critically involved in learning and memory, and contains a large proportion of neurons encoding aspects of the organism's spatial surroundings. In the medial entorhinal cortex (MEC), this includes grid cells with their distinctive 
10.1002/cne.901660109	Functional role of efferents to the avian retina. II. Effects of reversible cooling of the isthmo‐optic nucleus	The Journal of comparative neurology	Abstract Efferents to the retina in the bird arise in the isthmo‐optic nucleus of the caudal midbrain, and terminate on amacrine cells in the retina. The functional role of these efferents was studied by determining the receptive field properties of 107 optic 
10.1038/s41593-018-0143-z	Learning-induced changes in selectivity and interactions of GABAergic interneuron classes in visual cortex	Nature Neuroscience	How learning enhances neural representations for behaviorally relevant stimuli via activity changes of cortical cell types remains unclear. We simultaneously imaged responses of pyramidal cells (PYR) along with parvalbumin (PV), somatostatin (SOM), and vasoact
10.1016/j.chaos.2023.113764	Self-organization and evolution of structure and function in cultured neuronal networks	Chaos, Solitons &amp; Fractals	Cultured neuronal networks (CNNs) have recently achieved major relevance as an alternative to in vivo models. While many works investigate the evolution of functional connectivity alone, experimental evidence of the simultaneous change of the structural neuron
10.1093/genetics/iyad085	Learning and memory using Drosophila melanogaster: a focus on advances made in the fifth decade of research	Genetics	Abstract In the last decade, researchers using Drosophila melanogaster have made extraordinary progress in uncovering the mysteries underlying learning and memory. This progress has been propelled by the amazing toolkit available that affords combined behavior
10.3389/fninf.2012.00030	CoCoMac 2.0 and the future of tract-tracing databases	Front. Neuroinform.	The CoCoMac database contains the results of several hundred published axonal tract-tracing studies in the macaque monkey brain. The combined results are used for constructing the macaque macro-connectome. Here we discuss the redevelopment of CoCoMac and compa
10.7554/elife.74172	The anterior paired lateral neuron normalizes odour-evoked activity in the Drosophila mushroom body calyx	eLife	To identify and memorize discrete but similar environmental inputs, the brain needs to distinguish between subtle differences of activity patterns in defined neuronal populations. The Kenyon cells (KCs) of the Drosophila adult mushroom body (MB) respond sparse
10.1016/j.pneurobio.2022.102290	Technologies for large-scale mapping of functional neural circuits active during a user-defined time window.	Progress in neurobiology	The mapping of neural circuits activated during behavior down to individual neurons is crucial for decoding how the brain processes information. Technologies allowing activity-dependent labeling of neurons during user-defined restricted time windows are rapidl
10.1109/tcyb.2018.2869384	A Directionally Selective Small Target Motion Detecting Visual Neural Network in Cluttered Backgrounds	IEEE Transactions on Cybernetics	Discriminating targets moving against a cluttered background is a huge challenge, let alone detecting a target as small as one or a few pixels and tracking it in flight. In the insect’s visual system, a class of specific neurons, called small target motion det
10.64898/2026.01.26.701771	A multi-input optic glomerulus mediates opposing behavioral responses to visual objects	bioRxiv	Prey, predators or conspecifics are first detected as visual objects in many seeing animals. Vision guides behavioral actions towards or away from these objects. An error in this visual perception could prove fatal. How object information is untangled to avoid
10.1007/s11432-021-3217-0	Neural connectivity inference with spike-timing dependent plasticity network	Science China Information Sciences	
10.20944/preprints201811.0038.v1	Functional Connectomics in C. elegans		The complete structure and connectivity of the Caenorhabditis elegans nervous system was first published in 1986. The ‘mind of a worm’ was the first organism to have its nervous system to be reconstructed at the level of synapses, and represented a critical mi
10.1349/ddlp.376	Regulation of apoptosis in the Caenorhabditis elegans nervous system.		
10.1101/2023.06.15.545207	Translational regulation enhances distinction of cell types in the nervous system	bioRxiv	Multicellular organisms are composed of specialized cell types with distinct proteomes. While recent advances in single-cell transcriptome analyses have revealed differential expression of mRNAs, cellular diversity in translational profiles remains underinvest
10.1002/glia.70033	Oligodendrogenesis in Evolution, Development and Adulthood	Glia	Oligodendrogenesis and myelin formation are important processes in the central nervous system (CNS) of jawed vertebrates, underpinning the highly efficient neural computation within the compact CNS architecture. Myelin, the dense lipid sheath wrapped around ax
10.1523/jneurosci.4269-08.2008	Kalirin 7 is required for synaptic structure and function	Journal of Neuroscience	Rho GTPases activated by GDP/GTP exchange factors (GEFs) play key roles in the developing and adult nervous system. Kalirin-7 (Kal7), the predominant adult splice form of the multifunctional Kalirin RhoGEF, includes a PDZ [postsynaptic density-95 (PSD-95)/Disc
10.1101/2021.11.30.470557	An atlas of the developing Tribolium castaneum brain reveals conservation in anatomy and divergence in timing to Drosophila melanogaster	bioRxiv	Insect brains are formed by conserved sets of neural lineages whose fibres form cohesive bundles with characteristic projection patterns. Within the brain neuropil these bundles establish a system of fascicles constituting the macrocircuitry of the brain. The 
10.1111/jmi.12120	Backscattered electron SEM imaging of cells and determination of the information depth	Journal of Microscopy	Summary Backscattered electron imaging of HT29 colon carcinoma cells in a scanning electron microscope was studied. Thin cell sections were placed on indium‐tin‐oxide‐coated glass slides, which is a promising substrate material for correlative light and electr
10.1038/s41592-025-02941-7	Optimism for abundant whole-brain connectomes and connectomic screening	Nature Methods	
10.1101/215236	Mapping neurons and brain regions underlying sensorimotor decisions and sequences in Drosophila	bioRxiv	ABSTRACT Nervous systems across the animal kingdom have the ability to select appropriate actions and sequences of actions in response to sensory cues. The circuit mechanisms by which nervous systems achieve choice, stability and transitions between behaviors 
10.1038/s41598-021-92995-2	Distribution and orientation of nerve fibers and myelin assembly in a brain section retrieved by small-angle neutron scattering	Scientific Reports	The structural connectivity of the brain has been addressed by various imaging techniques such as diffusion weighted magnetic resonance imaging (DWMRI) or specific microscopic approaches based on histological staining or label-free using polarized light (e.g.,
10.7554/elife.49373	ON selectivity in the Drosophila visual system is a multisynaptic process involving both glutamatergic and GABAergic inhibition	eLife	Sensory systems sequentially extract increasingly complex features. ON and OFF pathways, for example, encode increases or decreases of a stimulus from a common input. This ON/OFF pathway split is thought to occur at individual synaptic connections through a si
10.3389/fnsyn.2014.00026	The interplay of plasticity and adaptation in neural circuits: a generative model	Frontiers in Synaptic Neuroscience	Multiple neural and synaptic phenomena take place in the brain. They operate over a broad range of timescales, and the consequences of their interplay are still unclear. In this work, I study a computational model of a recurrent neural network in which two dyn
10.1016/j.nlm.2015.01.011	Input clustering in the normal and learned circuits of adult barn owls	Neurobiology of Learning and Memory	Experience-dependent formation of synaptic input clusters can occur in juvenile brains. Whether this also occurs in adults is largely unknown. We previously reconstructed the normal and learned circuits of prism-adapted barn owls and found that changes in clus
10.3390/ijms21020451	Neurogenesis and Specification of Retinal Ganglion Cells	International Journal of Molecular Scien	Across all species, retinal ganglion cells (RGCs) are the first retinal neurons generated during development, followed by the other retinal cell types. How are retinal progenitor cells (RPCs) able to produce these cell types in a specific and timely order? Her
10.1016/j.xcrp.2025.102510	Excitable dynamics simplify neural connectomes	Cell Reports Physical Science	Fiber networks that link brain regions form the structural basis of neural dynamics and function. Weighted networks offer detailed connectivity information, but their treatment poses methodological challenges. Here, we report that excitable dynamics—a common m
10.1016/j.conb.2016.06.005	The whole worm: brain-body-environment models of C. elegans.	Current Opinion in Neurobiology	Brain, body and environment are in continuous dynamical interaction, and it is becoming increasingly clear that an animal's behavior must be understood as a product not only of its nervous system, but also of the ongoing feedback of this neural activity throug
10.1016/j.semcdb.2022.11.012	Hox gene functions in the C. elegans nervous system: from early patterning to maintenance of neuronal identity	Seminars in Cell and Developmental Biolo	The nervous system emerges from a series of genetic programs that generate a remarkable array of neuronal cell types. Each cell type must acquire a distinct anatomical position, morphology, and function, enabling the generation of specialized circuits that dri
10.1101/406207	Plasticity of the electrical connectome of C. elegans	bioRxiv	The patterns of electrical synapses of an animal nervous system (“electrical connectome”), as well as the functional properties and plasticity of electrical synapses, are defined by the neuron type-specific complement of electrical synapse constituents. We sys
10.1038/s41467-026-72437-1	High-speed whole-brain imaging in Drosophila	Nature Communications	Recent advances in brain-wide recordings of small animals such as worms, fish, and flies have revealed complex activity involving large populations of neurons. In the Drosophila brain, with about 140,000 neurons, brain-wide recordings have been critical to unc
10.3389/neuro.01.037.2008	Feature Selectivity of the Gamma-Band of the Local Field Potential in Primate Primary Visual Cortex	Frontiers in Neuroscience	Extracellular voltage fluctuations (local field potentials, LFPs) reflecting neural mass action are ubiquitous across species and brain regions. Numerous studies have characterized the properties of LFP signals in the cortex to study sensory and motor computat
10.1371/journal.pone.0136660	Identification of Inhibitory Premotor Interneurons Activated at a Late Phase in a Motor Cycle during Drosophila Larval Locomotion	PLoS ONE	Rhythmic motor patterns underlying many types of locomotion are thought to be produced by central pattern generators (CPGs). Our knowledge of how CPG networks generate motor patterns in complex nervous systems remains incomplete, despite decades of work in a v
10.1007/978-3-319-24553-9_81	Who Is Talking to Whom: Synaptic Partner Detection in Anisotropic Volumes of Insect Brain	Lecture Notes in Computer Science	
10.3389/fncom.2014.00155	Temporal precision in population—but not individual neuron—dynamics reveals rapid experience-dependent plasticity in the rat barrel cortex	Frontiers in Computational Neuroscience	Cortical reorganization following sensory deprivation is characterized by alterations in the connectivity between neurons encoding spared and deprived cortical inputs. The extent to which this alteration depends on Spike Timing Dependent Plasticity (STDP), how
10.1002/jemt.20829	3D reconstruction of histological sections: Application to mammary gland tissue	Microscopy research and technique (Print	Abstract In this article, we present a novel method for the automatic 3D reconstruction of thick tissue blocks from 2D histological sections. The algorithm completes a high‐content (multiscale, multifeature) imaging system for simultaneous morphological and mo
10.3389/fnins.2022.808824	Fixed Point Attractor Theory Bridges Structure and Function in C. elegans Neuronal Network	Frontiers in Neuroscience	Understanding the structure–function relationship in a neuronal network is one of the major challenges in neuroscience research. Despite increasing researches at circuit connectivity and neural network structure, their structure-based biological interpretabili
10.1016/j.neuron.2014.08.054	Neuronal cell types and connectivity: lessons from the retina	Neuron	We describe recent progress towards defining neuronal cell types in the mouse retina, and attempt to extract lessons that may be generally useful in the mammalian brain. Achieving a comprehensive catalog of retinal cell types now appears within reach, because 
10.1364/boe.8.001277	Transcutical imaging with cellular and subcellular resolution.	Biomedical Optics Express	We demonstrate transcutical structural and functional imaging of neurons labeled with genetically encoded red fluorescent proteins and calcium indicators in the living Drosophila brain with cellular and subcellular resolution.
10.1103/physreve.109.014117	Explicit mutual information for simple networks and neurons with lognormal activities.	Physical Review E	Networks with stochastic variables described by heavy-tailed lognormal distribution are ubiquitous in nature, and hence they deserve an exact information-theoretic characterization. We derive analytical formulas for mutual information between elements of diffe
10.1371/journal.pbio.0020329	Serial Block-Face Scanning Electron Microscopy to Reconstruct Three-Dimensional Tissue Nanostructure	PLoS Biology	Three-dimensional (3D) structural information on many length scales is of central importance in biological research. Excellent methods exist to obtain structures of molecules at atomic, organelles at electron microscopic, and tissue at light-microscopic resolu
10.3390/ijms21072459	Density of GABAB Receptors Is Reduced in Granule Cells of the Hippocampus in a Mouse Model of Alzheimer’s Disease	International Journal of Molecular Scien	Metabotropic γ-aminobutyric acid (GABAB) receptors contribute to the control of network activity and information processing in hippocampal circuits by regulating neuronal excitability and synaptic transmission. The dysfunction in the dentate gyrus (DG) has bee
10.1101/2025.07.11.664377	New Synapse Detection in the Whole-Brain Connectome of Drosophila	bioRxiv	The FlyWire Drosophila brain connectome1 is a graph of roughly 140K neurons and >50 million synaptic connections2,3 reconstructed from the FAFB EM dataset4. Challenges in synapse detection were identified for neurons with features such as dark cytosols, axo-ax
10.1016/j.neuroscience.2007.01.055	Neuronal expression of P2X3 purinoceptors in the rat retina.	Neuroscience	P2X3 purinoceptors are involved in fast, excitatory neurotransmission in the nervous system, and are expressed predominantly within sensory neurons. In this study, we examined the cellular and synaptic localization of the P2X3 receptor subunit in the retina of
10.1016/j.bbagen.2015.08.002	Fluorescent ratiometric pH indicator SypHer2: applications in neuroscience and regenerative biology	Biochimica et Biophysica Acta	Background SypHer is a genetically encoded fluorescent pH-indicator with a ratiometric readout, suitable for measuring fast intracellular pH shifts. However, a relatively low brightness of the indicator limits its use. Methods Here we designed a new version of
10.1101/2024.06.29.601329	Modular organization of synapses within a neuromere for distinct axial locomotion in Drosophila larvae	bioRxiv	The ability to generate diverse patterns of behavior is advantageous for animal survival. However, it is still unclear how interneurons in a single nervous system are organized to exhibit distinct motions by coordinating the same set of motor neurons. In this 
10.1111/j.1471-4159.2009.06288.x	Determinants of regional and local diversity within the astroglial lineage of the normal central nervous system	Journal of Neurochemistry	Abstract Astrocytes are a major component of the resident non‐neuronal glial cell population of the CNS. They are ubiquitously distributed throughout the brain and spinal cord, where they were initially thought to function in both structural and homeostatic ca
10.3389/fnins.2021.787753	Open Frontiers in Neural Cell Type Investigations; Lessons From Caenorhabditis elegans and Beyond, Toward a Multimodal Integration	Frontiers in Neuroscience	Nervous system cells, the building blocks of circuits, have been studied with ever-progressing resolution, yet neural circuits appear still resistant to schemes of reductionist classification. Due to their sheer numbers, complexity and diversity, their systema
10.1007/978-3-642-40763-5_31	Deep Feature Learning for Knee Cartilage Segmentation Using a Triplanar Convolutional Neural Network	Lecture Notes in Computer Science	Segmentation of anatomical structures in medical images is often based on a voxel/pixel classification approach. Deep learning systems, such as convolutional neural networks (CNNs), can infer a hierarchical representation of images that fosters categorization.
10.1038/s41593-024-01738-9	Activity of nested neural circuits drives different courtship songs in Drosophila	Nature Neuroscience	Motor systems implement diverse motor programs to pattern behavioral sequences, yet how different motor actions are controlled on a moment-by-moment basis remains unclear. Here, we investigated the neural circuit mechanisms underlying the control of distinct c
10.1021/acschemneuro.7b00456	Drosophila as a model system for neurotransmitter measurements	ACS Chemical Neuroscience	Drosophila melanogaster, the fruit fly, is an important, simple model organism for studying the effects of genetic mutations on neuronal activity and behavior. Biologists use Drosophila for neuroscience studies because of its genetic tractability, complex beha
10.1108/03684929810795207	Communications and forum: The basic wiring diagram of the brain	Kybernetes	Considers the two main problems believed to remain in biology: the flow chart of man and all other living things, and the wiring diagram of the human brain. Outlines the tasks involved and sees the second one as requiring the unfolding of the cortex. Believes 
10.1016/j.celrep.2024.114763	Coordinated changes in a cortical circuit sculpt effects of novelty on neural dynamics	Cell Reports	SUMMARY Recent studies have found dramatic cell-type-specific responses to stimulus novelty, highlighting the importance of analyzing the cortical circuitry at this granularity to understand brain function. Although initial work characterized activity by cell 
10.1038/s41467-021-22592-4	Learning with reinforcement prediction errors in a model of the Drosophila mushroom body	Nature Communications	Effective decision making in a changing environment demands that accurate predictions are learned about decision outcomes. In Drosophila, such learning is orchestrated in part by the mushroom body, where dopamine neurons signal reinforcing stimuli to modulate 
10.7554/elife.17495	Drosophila larval to pupal switch under nutrient stress requires IP3R/Ca2+ signalling in glutamatergic interneurons	eLife	Neuronal circuits are known to integrate nutritional information, but the identity of the circuit components is not completely understood. Amino acids are a class of nutrients that are vital for the growth and function of an organism. Here, we report a neurona
10.1101/217745	The Block Object Storage Service (bossDB): A Cloud-Native Approach for Petascale Neuroscience Discovery	bioRxiv	Large volumetric neuroimaging datasets have grown in size over the past ten years from gigabytes to terabytes, with petascale data becoming available and more common over the next few years. Current approaches to store and analyze these emerging datasets are i
10.1038/nn.4339	Multilaminar networks of cortical neurons integrate common inputs from sensory thalamus	Nature Neuroscience	Neurons in the thalamorecipient layers of sensory cortices integrate thalamic and recurrent cortical input. Cortical neurons form fine-scale, functionally cotuned networks, but whether interconnected cortical neurons within a column process common thalamocorti
10.1007/978-1-4614-8094-5_1	Introduction to Dendritic Morphology	Springer Series in Computational Neurosc	
10.3389/fnint.2022.944303	Reductionistic Explanations of Cognitive Information Processing: Bottoming Out in Neurochemistry	Frontiers in Integrative Neuroscience	A common motivation for engaging in reductionistic research is to ground explanations in the most basic processes operative in the mechanism responsible for the phenomenon to be explained. I argue for a different motivation—directing inquiry to the level of or
10.1152/jn.00258.2001	Coding of temporal information by activity-dependent synapses.	Journal of Neurophysiology	Synaptic transmission in the neocortex is dynamic, such that the magnitude of the postsynaptic response changes with the history of the presynaptic activity. Therefore each response carries information about the temporal structure of the preceding presynaptic 
10.1016/j.cub.2012.09.008	Two Dopaminergic Neurons Signal to the Dorsal Fan-shaped Body to Promote Wakefulness in Drosophila	Current Biology	SUMMARY Background The neuronal circuitry underlying sleep is poorly understood. Although dopamine (DA) is thought to play a key role in sleep/wake regulation, the identities of the individual DA neurons and their downstream targets required for this process a
10.1038/s41598-022-24813-2	How axon and dendrite branching are guided by time, energy, and spatial constraints	Scientific Reports	Neurons are connected by complex branching processes—axons and dendrites—that process information for organisms to respond to their environment. Classifying neurons according to differences in structure or function is a fundamental part of neuroscience. Here, 
10.1016/j.tcb.2015.10.004	Super-Resolution Microscopy: From Single Molecules to Supramolecular Assemblies.	Trends in Cell Biology	Super-resolution microscopy (SRM) methods have allowed scientists to exceed the diffraction limit of light, enabling the discovery and investigation of cellular structures at the nanometer scale, from individual proteins to entire organelles. In this review we
10.1101/2023.01.06.523055	Long timescale anti-directional rotation in Drosophila optomotor behavior	bioRxiv	Locomotor movements cause visual images to be displaced across the eye, a retinal slip that is counteracted by stabilizing reflexes in many animals. In insects, optomotor turning causes the animal to turn in the direction of rotating visual stimuli, thereby re
10.1017/s003358352100007x	Where in the cell is my protein?	Quarterly Reviews of Biophysics (print)	Abstract The application of cryo-correlative light and cryo-electron microscopy (cryo-CLEM) gives us a way to locate structures of interest in the electron microscope. In brief, the structures of interest are fluorescently tagged, and images from the cryo-fluo
10.1109/tcbbio.2024.3517596	Advanced Feature Extraction and Outlier Detection for 3D Biological/Biomedical Image Registration	IEEE Transactions on Computational Biolo	3D image registration is essential in computer vision, medical imaging, and robotics. By aligning images from different perspectives into a single coordinate system, this approach provides a consistent viewpoint for analysis. Using accurate image alignment, we
10.1016/j.neuron.2018.10.023	Segregated Subnetworks of Intracortical Projection Neurons in Primary Visual Cortex.	Neuron	The rules by which neurons in neocortex choose their synaptic partners are not fully understood. In sensory cortex, intermingled neurons encode different attributes of sensory inputs and relay them to different long-range targets. While neurons with similar re
10.3389/fnins.2022.931328	Reduced Ca2+ transient amplitudes may signify increased or decreased depolarization depending on the neuromodulatory signaling pathway	Frontiers in Neuroscience	Neuromodulators regulate neuronal excitability and bias neural circuit outputs. Optical recording of neuronal Ca2+ transients is a powerful approach to study the impact of neuromodulators on neural circuit dynamics. We are investigating the polymodal nocicepto
10.1523/jneurosci.2624-13.2013	Target-Specific Effects of Somatostatin-Expressing Interneurons on Neocortical Visual Processing	Journal of Neuroscience	A diverse array of interneuron types regulates activity in the mammalian neocortex. Two of the most abundant are the fast-spiking, parvalbumin-positive (PV+) interneurons, which target the axosomatic region of pyramidal cells, and the somatostatin-positive (SO
10.1093/glycob/cww037	Conservation of anatomically restricted glycosaminoglycan structures in divergent nematode species.	Glycobiology	Heparan sulfates (HS) are glycosaminoglycans of the extracellular matrices and characterized by complex modification patterns owing to sulfations, epimerization, and acetylation. Distinct HS modification patterns have been shown to modulate protein-protein int
10.3389/fncom.2011.00037	Excitatory, Inhibitory, and Structural Plasticity Produce Correlated Connectivity in Random Networks Trained to Solve Paired-Stimulus Tasks	Frontiers in Computational Neuroscience	The pattern of connections among cortical excitatory cells with overlapping arbors is non-random. In particular, correlations among connections produce clustering – cells in cliques connect to each other with high probability, but with lower probability to cel
10.1371/journal.pone.0301284	Sample preparation and data collection for serial block face scanning electron microscopy of mammalian cell monolayers	bioRxiv	Volume electron microscopy encompasses a set of electron microscopy techniques that can be used to examine the ultrastructure of biological tissues and cells in three dimensions. Two block face techniques, focussed ion beam scanning electron microscopy (FIB-SE
10.1007/978-3-030-66415-2_26	Learning to Restore ssTEM Images from Deformation and Corruption	Lecture Notes in Computer Science	
10.1016/j.patter.2023.100789	BrainCog: A spiking neural network based, brain-inspired cognitive intelligence engine for brain-inspired AI and brain simulation	Patterns	Summary Spiking neural networks (SNNs) serve as a promising computational framework for integrating insights from the brain into artificial intelligence (AI). Existing software infrastructures based on SNNs exclusively support brain simulation or brain-inspire
10.3390/ijms20246193	Synaptic Plasticity Shapes Brain Connectivity: Implications for Network Topology	International Journal of Molecular Scien	Studies of brain network connectivity improved understanding on brain changes and adaptation in response to different pathologies. Synaptic plasticity, the ability of neurons to modify their connections, is involved in brain network remodeling following differ
10.64898/2026.01.29.702592	A Detailed Model for Understanding the Human Neocortex	bioRxiv	The neocortex underlies cognitive abilities that set humans apart from other species. Although Ramon y Cajal initiated its study in the 19th century, much about its fundamental properties remain poorly understood. Biologically detail modeling, has been shown t
10.3389/fphys.2024.1379977	Investigating visual navigation using spiking neural network models of the insect mushroom bodies	Frontiers in Physiology	Ants are capable of learning long visually guided foraging routes with limited neural resources. The visual scene memory needed for this behaviour is mediated by the mushroom bodies; an insect brain region important for learning and memory. In a visual navigat
10.1107/s1600577526001402	Critical point drying of brain tissue for X-ray phase-contrast imaging	bioRxiv	X-ray phase contrast tomography is emerging as a powerful method for imaging large volumes of brain tissue at sub-cellular resolution. However, current sample preparation methods are largely inherited from visible light or electron microscopy workflows and hen
10.1152/jn.2002.88.4.1766	Activation of mGluR5 modulates GABA(A) receptor function in retinal amacrine cells.	Journal of Neurophysiology	Amacrine cells in the vertebrate retina receive glutamatergic input from bipolar cells and make synapses onto bipolar cells, ganglion cells, and other amacrine cells. Recent studies indicate that amacrine cells express metabotropic glutamate receptors (mGluRs)
10.1038/s41586-019-1716-z	Hierarchical organization of cortical and thalamic connectivity	Nature	The mammalian cortex is a laminar structure containing many areas and cell types that are densely interconnected in complex ways, and for which generalizable principles of organization remain mostly unknown. Here we describe a major expansion of the Allen Mous
10.7554/elife.11147	A serial multiplex immunogold labeling method for identifying peptidergic neurons in connectomes	bioRxiv	Electron microscopy-based connectomics aims to comprehensively map synaptic connections in neural tissue. However, current approaches are limited in their capacity to directly assign molecular identities to neurons. Here, we use serial multiplex immunogold lab
10.1038/s41598-018-38232-9	Immunofluorescence Tomography: High-resolution 3-D reconstruction by serial-sectioning of methacrylate embedded tissues and alignment of 2-D immunoflu	Scientific Reports	Immunofluorescence tomography is a high-resolution 3-D reconstruction method based on methacrylate embedding and serial-sectioning, where 2-D images of immuno-stained serial-sections are computationally aligned into image stacks, and the 3-D volume rendered. B
10.1038/nature06447	Behavioural report of single neuron stimulation in somatosensory cortex	Nature	Understanding how neural activity in sensory cortices relates to perception is a central theme of neuroscience. Action potentials of sensory cortical neurons can be strongly correlated to properties of sensory stimuli and reflect the subjective judgements of a
10.1038/s41467-025-59668-4	Hierarchical competing inhibition circuits govern motor stability in C. elegans	Nature Communications	Stable movement and efficient motor transition are both crucial for animals to navigate their environments, yet the neural principles underlying these abilities are not fully understood. In free-moving Caenorhabditis elegans, sustained forward locomotion is oc
10.1126/sciadv.adi1870	Genetically targeted chemical assembly of polymers specifically localized extracellularly to surface membranes of living neurons	Science Advances	Multicellular biological systems, particularly living neural networks, exhibit highly complex organization properties that pose difficulties for building cell-specific biocompatible interfaces. We previously developed an approach to genetically program cells t
10.1371/journal.pbio.3002649	Combining nanobody labeling with STED microscopy reveals input-specific and layer-specific organization of neocortical synapses	PLoS Biology	The discovery of synaptic nanostructures revealed key insights into the molecular logic of synaptic function and plasticity. Yet, our understanding of how diverse synapses in the brain organize their nano-architecture remains elusive, largely due to the limita
10.1371/journal.pcbi.1002671	Sub-diffraction Limit Localization of Proteins in Volumetric Space Using Bayesian Restoration of Fluorescence Images from Ultrathin Specimens	PLoS Comput. Biol.	Photon diffraction limits the resolution of conventional light microscopy at the lateral focal plane to 0.61λ/NA (λ = wavelength of light, NA = numerical aperture of the objective) and at the axial plane to 1.4nλ/NA2 (n = refractive index of the imaging medium
10.1016/j.cag.2019.05.032	BrainTrawler: A visual analytics framework for iterative exploration of heterogeneous big brain data	Computers & graphics	Abstract In recent years, big brain-initiatives and consortia have created vast resources of publicly available brain data that can be used by neuroscientists for their own research experiments. This includes microscale connectivity data—brain-network graphs w
10.1002/glia.23459	Drosophila glia: Few cell types and many conserved functions	Glia	Glial cells constitute without any dispute an essential element in providing an efficiently operating nervous system. Work in many labs over the last decades has demonstrated that neuronal function, from action potential generation to its propagation, from eli
10.1016/j.cub.2023.11.030	Visually guided and context-dependent spatial navigation in the translucent fish Danionella cerebrum.	Current Biology	Danionella cerebrum (DC) is a promising vertebrate animal model for systems neuroscience due to its small adult brain volume and inherent optical transparency, but the scope of their cognitive abilities remains an area of active research. In this work, we esta
10.3389/fcell.2022.842342	SuRVoS 2: Accelerating Annotation and Segmentation for Large Volumetric Bioimage Workflows Across Modalities and Scales	Frontiers in Cell and Developmental Biol	As sample preparation and imaging techniques have expanded and improved to include a variety of options for larger sized and numbers of samples, the bottleneck in volumetric imaging is now data analysis. Annotation and segmentation are both common, yet difficu
10.1002/hipo.22841	Shifting patterns of polyribosome accumulation at synapses over the course of hippocampal long-term potentiation	Hippocampus	Hippocampal long‐term potentiation (LTP) is a cellular memory mechanism. For LTP to endure, new protein synthesis is required immediately after induction and some of these proteins must be delivered to specific, presumably potentiated, synapses. Local synthesi
10.1016/j.sigpro.2021.108121	Robust dense light field reconstruction from sparse noisy sampling	Signal Processing	
10.20944/preprints202109.0412.v1	Ramsey’s Theory Meets The Human Brain Connectome		Ramsey&amp;rsquo;s theory (RAM) from combinatorics and network theory goes looking for regularities and repeated patterns inside structures equipped with nodes and edges. RAM represents the outcome of a dual methodological commitment: by one side a top-down ap
10.1002/nbm.3779	Decoding the microstructural correlate of diffusion MRI	NMR in Biomedicine	Diffusion imaging has evolved considerably over the past decade. While it provides valuable information about the structural connectivity at the macro‐ and mesoscopic scale, bridging the gap to the microstructure at the level of single nerve fibers poses an en
10.1523/eneuro.0166-22.2022	Neuromodulation Reduces Interindividual Variability of Neuronal Output	eNeuro	Visual Abstract Abstract In similar states, neural circuits produce similar outputs across individuals despite substantial interindividual variability in neuronal ionic conductances and synapses. Circuit states are largely shaped by neuromodulators that tune i
10.1016/j.neuron.2016.02.016	Population-level representation of a temporal sequence underlying song production in the zebra finch	Neuron	SUMMARY The zebra finch brain features a set of clearly defined and hierarchically arranged motor nuclei that are selectively responsible for producing singing behavior. One of these regions, a critical forebrain structure called HVC, contains premotor neurons
10.1109/smc53992.2023.10394668	Multifunctionality in a Connectome-Based Reservoir Computer	IEEE International Conference on Systems	Multifunctionality describes the capacity for a neural network to perform multiple mutually exclusive tasks without altering its network connections; and is an emerging area of interest in the reservoir computing machine learning paradigm. Multifunctionality h
10.1017/s1431927619005920	Integrated Array Tomography for High Throughput Electron Microscopy	Microscopy and Microanalysis	Volume electron microscopy (EM) is now increasingly looked to for answering complex biological questions, thanks in large part to revolutionary developments in instrumentation and sample preparation techniques. However, due to the slow nature of electron-probe
10.1016/0306-4522(87)90033-9	Cholinergic amacrine cells of the chicken retina: a light and electron microscope immunocytochemical study.	Neuroscience	Cholinergic amacrine cells of the chicken retina were detected by immunohistochemistry using an antiserum against affinity-purified chicken choline acetyltransferase. Three populations of cells were detected: type I cholinergic amacrine cells had cell bodies o
10.1016/bs.mcb.2023.01.011	Resin comparison for serial block face scanning volume electron microscopy.	Methods in Cell Biology	Serial Block Face Scanning Electron Microscopy (SBF-SEM) is one of several volume electron microscopy (vEM) techniques whose purpose is to reveal the nanostructure of cells and tissues in three dimensions. As one of the earliest, and possibly most widely adopt
10.1017/s0952523800011792	Synaptic inputs to retrogradely labeled ganglion cells in the retina of the cane toad, Bufo marinus	Visual Neuroscience	Abstract The entire population of ganglion cells in the retina of the toad Bufo marinus was labeled by retrograde transport of a lysine-fixable biotinylated dextran amine of 3000 molecular weight. Synaptic connections between bipolar, amacrine, and ganglion ce
10.1101/2025.07.09.663979	Connectomic reconstruction from hippocampal CA3 reveals spatially graded mossy fiber inputs and selective feedforward inhibition to pyramidal cells	bioRxiv	The mossy fiber (MF) connections to pyramidal cells in hippocampal CA3 are hypothesized to participate in pattern separation and memory encoding, yet no large-scale neuronal wiring diagram exists for these connections. We assembled a 3D electron microscopy vol
10.64898/2026.05.05.723068	Gene Gradients Reveal Directed Structural Connectivity Across Species	bioRxiv	Diffusion MRI (dMRI) tractography is widely used to estimate structural connectivity (SC) between brain regions in vivo, but it cannot determine the direction of white matter pathways. Here, we introduce a structure-function computational model that combines d
10.1016/j.neures.2024.07.006	Inference of Monosynaptic Connections from Parallel Spike Trains: A Review.	Neurosciences research	This article presents a mini-review about the progress in inferring monosynaptic connections from spike trains of multiple neurons over the past twenty years. First, we explain a variety of meanings of "neuronal connectivity" in different research areas of neu
10.64898/2026.04.23.720437	ER-associated control of axonal vesicle trafficking during neuronal development	bioRxiv	Axonal vesicle trafficking is essential for presynaptic assembly, yet the intracellular structures that spatially and temporally regulate vesicle transport during neuronal development remain unclear. Here we identify previously uncharacterized membrane contact
10.1016/j.celrep.2026.117725	Deep learning segmentation with curvature consistency reveals astrocyte nanostructure across species.	Cell Reports	Cellular function depends on the precise deployment and distribution of nanoscale structures, but these features remain difficult to measure and compare between cells and datasets. This challenge is pronounced for astrocytes, whose intricate nanostructures int
10.1177/0271678x241280775	Microglia contact cerebral vasculature through gaps between astrocyte endfeet	bioRxiv	The close spatial relationship between microglia and cerebral blood vessels implicates microglia in vascular development, homeostasis and disease. In this study we used the publicly available Cortical MM^3 electron microscopy dataset to systematically investig
10.1073/pnas.2018653118	Shortened tethering filaments stabilize presynaptic vesicles in support of elevated release probability during LTP in rat hippocampus	Proceedings of the National Academy of S	Significance Long-term potentiation (LTP), a form of synaptic plasticity important for learning and memory, results in an increased probability of release of neurotransmitter from presynaptic vesicles. Prior work showed total vesicle number was decreased follo
10.1371/journal.pone.0049998	Nicotine Uses Neuron-Glia Communication to Enhance Hippocampal Synaptic Transmission and Long-term Memory	PLoS ONE	Nicotine enhances synaptic transmission and facilitates long-term memory. Now it is known that bi-directional glia-neuron interactions play important roles in the physiology of the brain. However, the involvement of glial cells in the effects of nicotine has n
10.1371/journal.pgen.1004356	Octopamine Neuromodulation Regulates Gr32a-Linked Aggression and Courtship Pathways in Drosophila Males	PLoS Genetics	Chemosensory pheromonal information regulates aggression and reproduction in many species, but how pheromonal signals are transduced to reliably produce behavior is not well understood. Here we demonstrate that the pheromonal signals detected by Gr32a-expressi
10.1093/cercor/bht171	Function of dendritic spines on hippocampal inhibitory neurons.	Cerebral Cortex	The majority of γ-aminobutyric acid (GABA)ergic interneurons have smooth dendrites with no or only few dendritic spines, but certain types of spiny GABAergic interneurons do actually contain substantial numbers of spines. The explanation for such spines has so
10.1016/j.cell.2015.11.022	Control of synaptic connectivity by a network of Drosophila IgSF cell surface proteins	Cell	Summary We have defined a network of interacting Drosophila cell surface proteins in which a 21-member IgSF subfamily, the Dprs, binds to a 9-member subfamily, the DIPs. The structural basis of the Dpr-DIP interaction code appears to be dictated by shape compl
10.1162/neco_a_00795	Efficient Associative Computation with Discrete Synapses	Neural Computation	Neural associative networks are a promising computational paradigm for both modeling neural circuits of the brain and implementing associative memory and Hebbian cell assemblies in parallel VLSI or nanoscale hardware. Previous work has extensively investigated
10.1038/s41467-023-43382-0	Modular interneuron circuits control motion sensitivity in the mouse retina	Nature Communications	Neural computations arise from highly precise connections between specific types of neurons. Retinal ganglion cells (RGCs) with similar stratification patterns are positioned to receive similar inputs but often display different response properties. In this st
10.1038/s41598-017-11793-x	An autocrine purinergic signaling controls astrocyte-induced neuronal excitation	Scientific Reports	Astrocyte-derived gliotransmitters glutamate and ATP modulate neuronal activity. It remains unclear, however, how astrocytes control the release and coordinate the actions of these gliotransmitters. Using transgenic expression of the light-sensitive channelrho
10.1098/rstb.2019.0235	Effects of sleep and waking on the synaptic ultrastructure	Philosophical Transactions of the Royal 	We summarize here several studies performed in our laboratory, mainly using serial block-face scanning electron microscopy (SBEM), to assess how sleep, spontaneous waking and short sleep deprivation affect the size and number of synapses in the cerebral cortex
10.1007/s00422-023-00981-w	Multistability in neural systems with random cross-connections	Biological cybernetics	Neural circuits with multiple discrete attractor states could support a variety of cognitive tasks according to both empirical data and model simulations. We assess the conditions for such multistability in neural systems using a firing rate model framework, i
10.1038/nature19097	Circadian Neuron Feedback Controls the Drosophila Sleep-Activity Profile	Nature	Little is known about the ability of Drosophila circadian neurons to promote sleep. Here we show, using optogenetic manipulation and video recording, that a subset of dorsal clock neurons (DN1s) are potent sleep-promoting cells that release glutamate to direct
10.3389/fnsys.2024.1417346	The neuroanatomical organization of the hypothalamus is driven by spatial and topological efficiency	Frontiers in Systems Neuroscience	The hypothalamus in the mammalian brain is responsible for regulating functions associated with survival and reproduction representing a complex set of highly interconnected, yet anatomically and functionally distinct, sub-regions. It remains unclear what fact
10.1162/netn_a_00204	Edges in brain networks: Contributions to models of structure and function	Network Neuroscience	Abstract Network models describe the brain as sets of nodes and edges that represent its distributed organization. So far, most discoveries in network neuroscience have prioritized insights that highlight distinct groupings and specialized functional contribut
10.1126/sciadv.aed1338	Natural noncoding pumilio variants retune value-coding interneurons to bias Drosophila oviposition decisions	Science Advances	How natural regulatory genetic variation creates innate biases in economic decisions through modifying circuit structure and function is rarely explored. Here, we trace this link in a simple value-based decision in Drosophila: where to oviposit. Although labor
10.1016/j.pain.2006.02.034	The tetrapartite synapse: path to CNS sensitization and chronic pain.	Pain	De Leo, Joyce A.a,b,c,*; Tawfik, Vivianne L.a,c; LaCroix-Fralish, Michael L.a,c Author Information
10.1007/s12021-018-9389-6	Towards Differential Connectomics with NeuroVIISAS	Neuroinformatics	The comparison of connectomes is an essential step to identify changes in structural and functional neuronal networks. However, the connectomes themselves as well as the comparisons of connectomes could be manifold. In most applications, comparisons of connect
10.1016/j.brainresbull.2017.04.011	Local energy on demand: Are 'spontaneous' astrocytic Ca2+-microdomains the regulatory unit for astrocyte-neuron metabolic cooperation?	Brain Research Bulletin	Astrocytes are a neural cell type critically involved in maintaining brain energy homeostasis as well as signaling. Like neurons, astrocytes are a heterogeneous cell population. Cortical astrocytes show a complex morphology with a highly branched aborization a
10.7554/elife.00782	A longitudinal study of Caenorhabditis elegans larvae reveals a novel locomotion switch, regulated by Gαs signaling	eLife	Despite their simplicity, longitudinal studies of invertebrate models are rare. We thus sought to characterize behavioral trends of Caenorhabditis elegans, from the mid fourth larval stage through the mid young adult stage. We found that, outside of lethargus,
10.1101/2024.10.25.620166	Social Experience Shapes Fighting Strategies in                   <i>Drosophila</i>		Abstract Social isolation generally increases aggression but decreases mating competition, resulting in an intricate and ambiguous relationship between social experience, aggression, and reproductive success. In male Drosophila , aggression is often characteri
10.1016/j.cub.2024.10.048	Higher-order cortical and thalamic pathways shape visual processing streams in the mouse cortex.	Current Biology	Mammalian visual functions rely on distributed processing across interconnected cortical and subcortical regions. In higher-order visual areas (HVAs), visual features are processed in specialized streams that integrate feedforward and higher-order inputs from 
10.1162/netn_a_00084	Guided graph spectral embedding: Application to the C. elegans connectome	Network Neuroscience	Graph spectral analysis can yield meaningful embeddings of graphs by providing insight into distributed features not directly accessible in nodal domain. Recent efforts in graph signal processing have proposed new decompositions—for example, based on wavelets 
10.1016/j.trac.2023.117513	Advances in X-ray neuroimaging: Bridging scales from molecular to organ architectures	Trends in Analytical Chemistry (TrAC)	
10.1021/cn100111a	Two-photon microscopy for chemical neuroscience	ACS Chemical Neuroscience	Microscopes using non-linear excitation of chromophores with pulsed near-IR light can generate highly localized foci of molecules in the electronic singlet state that are concentrated in volumes of less than one femtoliter. The three-dimensional confinement of
10.1016/j.tins.2025.10.007	Sexual dimorphism in pheromone perception across worms, flies, and rodents.	Trends in Neurosciences	Sex-specific chemosensory behaviors arise from differences in how males and females detect and process environmental chemical cues, including pheromones, which drive sex-appropriate behaviors essential for reproduction across many species. This review compares
10.1371/journal.pone.0054478	Altered Network Communication Following a Neuroprotective Drug Treatment	PLoS ONE	Preconditioning is defined as a range of stimuli that allow cells to withstand subsequent anaerobic and other deleterious conditions. While cell protection under preconditioning is well established, this paper investigates the influence of neuroprotective prec
10.1007/s00441-005-1122-8	Synaptic connections of cone bipolar cells that express the neurokinin 1 receptor in the rabbit retina	Cell and Tissue Research	We have investigated and further characterized, in the rabbit retina, the synaptic connectivity of the ON-type cone bipolar cells that are immunoreactive for an antibody against the neurokinin-1 receptor (NK1R). NK1R-immunoreactive bipolar cell axons terminate
10.64898/2026.06.18.732873	RAEM: random-access electron microscopy for revisitable 3D imaging	bioRxiv	Volume electron microscopy is essential for understanding cells, tissues, and neural circuits in their native 3D context, but many biological specimens are too large to image exhaustively at nanometer resolution. Researchers therefore must choose between broad
10.7554/elife.04380	Homeostasis in C. elegans sleep is characterized by two behaviorally and genetically distinct mechanisms	eLife	Biological homeostasis invokes modulatory responses aimed at stabilizing internal conditions. Using tunable photo- and mechano-stimulation, we identified two distinct categories of homeostatic responses during the sleep-like state of Caenorhabditis elegans (le
10.1101/2023.10.24.563674	Mapping Alzheimer’s Molecular Pathologies in Large-Scale Connectomics Data: A Publicly Accessible Correlative Microscopy Resource	bioRxiv	Abstract Connectomics using volume-electron-microscopy enables mapping and analysis of neuronal networks, revealing insights into neural circuit function and dysfunction. In Alzheimer’s disease (AD), where amyloid-β (Aβ) and hyperphosphorylated-Tau (pTau) are 
10.1002/syn.21813	Resolving Presynaptic Structure by Electron Tomography	Synapse	A key goal in neurobiology is to generate a theoretical framework that merges structural, physiological, and molecular explanations of brain function. These categories of explanation do not advance in synchrony; advances in one category define new experiments 
10.1016/j.cub.2016.06.061	Neuromodulation of courtship drive through tyramine-responsive neurons in the Drosophila brain	Current Biology	SUMMARY Neuromodulators influence the activities of collections of neurons, and have profound impacts on animal behavior. Male courtship drive is complex, and is subject to neuromodulatory control. Using the fruit fly, Drosophila melanogaster, we identified ne
10.1101/2025.10.13.682010	Scanning and active sampling behaviours emerge from conserved insect neural circuits	bioRxiv	Navigating insects often pause and rotate to sample their surroundings, behaviours termed scanning. These and other active sampling behaviours embody navigational uncertainty, and are key for spatial learning, yet their neural basis remains unclear and existin
10.1038/nn.2484	Functional organization and population dynamics in the mouse primary auditory cortex	Nature Neuroscience	Cortical processing of auditory stimuli involves large populations of neurons with distinct individual response profiles. However, the functional organization and dynamics of local populations in the auditory cortex have remained largely unknown. Using in vivo
10.1103/2jt7-c8cq	Connectivity Structure and Dynamics of Nonlinear Recurrent Neural Networks	Physical Review X	Studies of the dynamics of nonlinear recurrent neural networks often assume independent and identically distributed couplings, but large-scale connectomics data indicate that biological neural circuits exhibit markedly different connectivity properties. These 
10.1038/ncomms3201	Variability in visual cortex size reflects tradeoff between local orientation sensitivity and global orientation modulation	Nature Communications	The surface area of early visual cortices varies several fold across healthy adult humans and is genetically heritable. But the functional consequences of this anatomical variability are still largely unexplored. Here we show that interindividual variability i
10.3389/fncir.2017.00051	TDat: An Efficient Platform for Processing Petabyte-Scale Whole-Brain Volumetric Images	Front. Neural Circuits	Three-dimensional imaging of whole mammalian brains at single-neuron resolution has generated terabyte (TB)- and even petabyte (PB)-sized datasets. Due to their size, processing these massive image datasets can be hindered by the computer hardware and software
10.7554/elife.15015	Reconstruction of genetically identified neurons imaged by serial-section electron microscopy	eLife	Resolving patterns of synaptic connectivity in neural circuits currently requires serial section electron microscopy. However, complete circuit reconstruction is prohibitively slow and may not be necessary for many purposes such as comparing neuronal structure
10.7554/elife.34560	Learning place cells, grid cells and invariances with excitatory and inhibitory plasticity	eLife	Neurons in the hippocampus and adjacent brain areas show a large diversity in their tuning to location and head direction, and the underlying circuit mechanisms are not yet resolved. In particular, it is unclear why certain cell types are selective to one spat
10.3389/fnins.2018.00664	A Process for Digitizing and Simulating Biologically Realistic Oligocellular Networks Demonstrated for the Neuro-Glio-Vascular Ensemble	Frontiers in Neuroscience	One will not understand the brain without an integrated exploration of structure and function, these attributes being two sides of the same coin: together they form the currency of biological computation. Accordingly, biologically realistic models require the 
10.1101/2025.05.05.652281	Lrrns define a visual circuit underlying brightness and contrast perception		Abstract Brightness and contrast are fundamental features of vision, crucial for object detection, environmental navigation, and feeding. Here, we identify a brightness-and contrast-processing circuit in the zebrafish visual system and uncover the role of Leuc
10.1016/j.neuron.2013.04.017	Recombinant probes for visualizing endogenous synaptic proteins in living neurons	Neuron	Summary The ability to visualize endogenous proteins in living neurons provides a powerful means to interrogate neuronal structure and function. Here we generate recombinant antibody-like proteins, termed FingRs (Fibronectin intrabodies generated with mRNA dis
10.1101/2021.03.10.434256	A single motor neuron determines the rhythm of early motor behavior in Ciona	bioRxiv	Vertebrate rhythmic motor behaviour is generated by the central pattern generator (CPG) located in the spinal cord. However, the development of the CPG has not been elucidated at the single-neuron level. We found that a single pair of motor neurons (A10.64/MN2
10.7554/elife.46165	Sweet neurons inhibit texture discrimination by signaling TMC-expressing mechanosensitive neurons in Drosophila	eLife	Integration of stimuli of different modalities is an important but incompletely understood process during decision making. Here, we show that Drosophila are capable of integrating mechanosensory and chemosensory information of choice options when deciding wher
10.1007/s12264-012-1249-z	Ultrastructural analysis of neuronal synapses using state-of-the-art nano-imaging techniques	Neuroscience Bulletin	Neuronal synapses are functional nodes in neural circuits. Their organization and activity define an individual's level of intelligence, emotional state and mental health. Changes in the structure and efficacy of synapses are the biological basis of learning a
10.1152/physrev.00036.2007	Activity-dependent structural and functional plasticity of astrocyte-neuron interactions.	Physiological Reviews	Observations from different brain areas have established that the adult nervous system can undergo significant experience-related structural changes throughout life. Less familiar is the notion that morphological plasticity affects not only neurons but glial c
10.1242/jcs.210450	Axonal endoplasmic reticulum is very narrow	Journal of Cell Science	ABSTRACT The endoplasmic reticulum (ER) is an interconnected network of tubules and sheets. In most tissues of the body, ER tubules have a diameter of ∼60 nm. Using new methods for serial-section electron microscopy, a distinct class of very narrow, 20- to 30-
10.3389/fnbot.2022.1041410	Emergent dynamics in a robotic model based on the Caenorhabditis elegans connectome	Frontiers in Neurorobotics	We analyze the neural dynamics and their relation with the emergent actions of a robotic vehicle that is controlled by a neural network numerical simulation based on the nervous system of the nematode Caenorhabditis elegans. The robot interacts with the enviro
10.1101/2020.12.22.423967	A neuronal circuit for vector computation builds an allocentric traveling-direction signal in the Drosophila fan-shaped body	bioRxiv	Many behavioral tasks require the manipulation of mathematical vectors, but, outside of computational models1–8, it is not known how brains perform vector operations. Here we show how the Drosophila central complex, a region implicated in goal-directed navigat
10.1038/nmeth.2480	Why not connectomics?	Nature Methods	Opinions diverge on whether mapping the synaptic connectivity of the brain is a good idea. Here we argue that albeit their limitations, such maps will reveal essential characteristics of neural circuits that would otherwise be inaccessible.
10.1523/jneurosci.1616-12.2012	Subcellular Synaptic Connectivity of Layer 2 Pyramidal Neurons in the Medial Prefrontal Cortex	Journal of Neuroscience	Pyramidal neurons in the prefrontal cortex (PFC) are important for the control of cognitive and emotional behavior. The medial PFC (mPFC) receives diverse long-range excitatory inputs from the midline thalamus, contralateral mPFC, basolateral amygdala, and ven
10.1016/j.cub.2016.12.033	Circuit mechanisms of a retinal ganglion cell with stimulus dependent response latency and activation beyond its dendrites	Current Biology	SUMMARY Center-surround antagonism has been used as the canonical model to describe receptive fields of retinal ganglion cells (RGCs) for decades. We describe a newly identified RGC type in mouse, called the ON delayed (OND) RGC, with receptive field propertie
10.1523/jneurosci.4793-11.2012	Pathways for emotions and attention converge on the thalamic reticular nucleus in primates	Journal of Neuroscience	How do emotional events readily capture our attention? To address this question we used neural tracers to label pathways linking areas involved in emotional and attentional processes in the primate brain (Macaca mulatta). We report that a novel pathway from th
10.1016/j.conb.2020.10.010	Multi-regional circuits underlying visually guided decision-making in Drosophila.	Current Opinion in Neurobiology	Visually guided decision-making requires integration of information from distributed brain areas, necessitating a brain-wide approach to examine its neural mechanisms. New tools in Drosophila melanogaster enable circuits spanning the brain to be charted with s
10.1111/j.1460-9568.2008.06434.x	Stimulus‐selective spiking is driven by the relative timing of synchronous excitation and disinhibition in cat striate neurons in vivo	European Journal of Neuroscience	Abstract What patterns of synaptic input cause cortical neurons to fire action potentials? Are they stochastic in nature, or do action potentials arise from the specific timing of synaptic input? We addressed these questions by measuring the membrane potential
10.48550/arxiv.2308.04526	<NO TITLE>		In this work, we describe a method for large-scale 3D cell-tracking through a segmentation selection approach. The proposed method is effective at tracking cells across large microscopy datasets on two fronts: (i) It can solve problems containing millions of s
10.3389/fcell.2024.1359207	Sensory cells in tunicates: insights into mechanoreceptor evolution	Frontiers in Cell and Developmental Biol	Tunicates, the sister group of vertebrates, offer a unique perspective for evolutionary developmental studies (Evo-Devo) due to their simple anatomical organization. Moreover, the separation of tunicates from vertebrates predated the vertebrate-specific genome
10.1002/hipo.20811	Ultrastructural modifications of spine and synapse morphology by SAP97	Hippocampus	Synaptic scaffolding proteins from membrane‐associated guanylate kinases (MAGUK) family are implicated in synapse formation and functioning. To better understand the role of one of the proteins of this family, SAP97, we studied with electron microscopy the eff
10.3389/fnins.2022.760298	Backpropagation With Sparsity Regularization for Spiking Neural Network Learning	Frontiers in Neuroscience	The spiking neural network (SNN) is a possible pathway for low-power and energy-efficient processing and computing exploiting spiking-driven and sparsity features of biological systems. This article proposes a sparsity-driven SNN learning algorithm, namely bac
10.1371/journal.pcbi.1005186	The Hamiltonian Brain: Efficient Probabilistic Inference with Excitatory-Inhibitory Neural Circuit Dynamics	PLoS Comput. Biol.	Probabilistic inference offers a principled framework for understanding both behaviour and cortical computation. However, two basic and ubiquitous properties of cortical responses seem difficult to reconcile with probabilistic inference: neural activity displa
10.1038/s41467-025-60078-9	Concept transfer of synaptic diversity from biological to artificial neural networks	Nature Communications	Recent developments in artificial neural networks have drawn inspiration from biological neural networks, leveraging the concept of the artificial neuron to model the learning abilities of biological nerve cells. However, while neuroscience has provided new in
10.64898/2026.05.18.725766	Hidden symmetries in network connectivity support ring attractor dynamics in the fly’s neural compass	bioRxiv	Theoretical models can explain how network structure shapes neural computation, but they typically assume idealized connectivity that is inconsistent with the heterogeneous wiring of biological circuits. We address this issue in the Drosophila head-direction s
10.1152/physiol.00161.2005	Astrocytes coordinate synaptic networks: balanced excitation and inhibition.	Physiology	Although neurons are essential for brain function, an emerging alternative view holds that astrocytes, the dominant glial cell type, coordinate synaptic networks. Through the release of glutamate, astrocytes locally excite neurons, and via adenosine, which acc
10.1016/j.celrep.2022.110416	Astrocyte-neuron crosstalk through Hedgehog signaling mediates cortical synapse development	Cell Reports	SUMMARY Neuron-glia interactions play a critical role in the regulation of synapse formation and circuit assembly. Here we demonstrate that canonical Sonic hedgehog (Shh) pathway signaling in cortical astrocytes acts to coordinate layer-specific synaptic conne
10.21769/bioprotoc.4221	Macroscopic Structural and Connectome Mapping of the Mouse Brain Using Diffusion Magnetic Resonance Imaging	Bio-protocol	Translational work in rodents elucidates basic mechanisms that drive complex behaviors relevant to psychiatric and neurological conditions. Nonetheless, numerous promising studies in rodents later fail in clinical trials, highlighting the need for improving th
10.3389/fnana.2017.00071	A Laminar Organization for Selective Cortico-Cortical Communication	Frontiers in Neuroanatomy	The neocortex is central to mammalian cognitive ability, playing critical roles in sensory perception, motor skills and executive function. This thin, layered structure comprises distinct, functionally specialized areas that communicate with each other through
10.1002/cne.903530208	Analysis of dendritic spines in rat CA1 pyramidal cells intracellularly filled with a fluorescent dye	The Journal of comparative neurology	Abstract The dendritic branching pattern and the distribution of dendritic spines were studied in hippocampal neurones with an improved technique. In slices taken from adult Wistar rats, CA1 pyramidal cells were filled with Lucifer yellow and examined under a 
10.1007/978-3-642-74149-4_14	Structural Organization and Development of Dorsally-Directed (Vertical) Asymmetrical Amacrine Cells in Rabbit Retina	Neurobiology of the Inner Retina	
10.1016/s0166-4328(01)00281-9	Measuring pain in the (knockout) mouse: big challenges in a small mammal.	Behavioural Brain Research	The increasing popularity of the mouse as a subject in basic science studies of pain can largely be attributed to the development of transgenic "knockout" technology in this species only. To take advantage of this biological technique, many investigators are r
10.1016/j.cub.2016.12.003	Control of movement initiation underlies the development of balance	Current Biology	Summary Balance arises from the interplay of external forces acting on the body and internally generated movements. Many animal bodies are inherently unstable, necessitating corrective locomotion to maintain stability. Understanding how developing animals come
10.1016/j.cub.2022.08.058	Differential coding of absolute and relative aversive value in the Drosophila brain.	Current Biology	Animals use prior experience to assign absolute (good or bad) and relative (better or worse) value to new experience. These learned values guide appropriate later decision making. Even though our understanding of how the valuation system computes absolute valu
10.1109/bigdata62323.2024.10825445	Nuclear Pore Segmentation in 3D FIB-SEM Images with Dynamic Cyclical Data Augmentation	BigData Congress [Services Society]	We developed a deep learning approach to detect and segment nuclear pores in large high-resolution 3D FIB-SEM images. The approach extracts small blocks containing nuclear pore regions from different parts of a cell nucleus and applies data augmentation techni
10.1007/978-3-319-10404-1_3	Candidate Sampling for Neuron Reconstruction from Anisotropic Electron Microscopy Volumes	Lecture Notes in Computer Science	The automatic reconstruction of neurons from stacks of electron microscopy sections is an important computer vision problem in neuroscience. Recent advances are based on a two step approach: First, a set of possible 2D neuron candidates is generated for each s
10.1016/0012-1606(76)90161-5	Synaptic arrays of the inner plexiform layer in the developing retina of Xenopus.	Developmental Biology	
10.1016/j.brainresrev.2010.04.004	Biocytin-labelling and its impact on late 20th century studies of cortical circuitry	Brain Research Reviews	In recognition of the impact that a powerful new anatomical tool, such as the Golgi method, can have, this essay highlights the enormous influence that biocytin-filling has had on modern neuroscience. This method has allowed neurones that have been recorded in
10.1109/icip.2013.6738559	A fast learning algorithm for image segmentation with max-pooling convolutional networks	2013 IEEE International Conference on Im	We present a fast algorithm for training MaxPooling Convolutional Networks to segment images. This type of network yields record-breaking performance in a variety of tasks, but is normally trained on a computationally expensive patch-by-patch basis. Our new me
10.1371/journal.pgen.1010091	Co-transmission of neuropeptides and monoamines choreograph the C. elegans escape response	PLoS Genetics	Co-localization and co-transmission of neurotransmitters and neuropeptides is a core property of neural signaling across species. While co-transmission can increase the flexibility of cellular communication, understanding the functional impact on neural dynami
10.7554/elife.39393	Reactive oxygen species regulate activity-dependent neuronal plasticity in Drosophila	eLife	Reactive oxygen species (ROS) have been extensively studied as damaging agents associated with ageing and neurodegenerative conditions. Their role in the nervous system under non-pathological conditions has remained poorly understood. Working with the Drosophi
10.1038/s41467-023-39804-8	Inheritance of associative memories and acquired cellular changes in C. elegans	Nature Communications	Experiences have been shown to modulate behavior and physiology of future generations in some contexts, but there is limited evidence for inheritance of associative memory in different species. Here, we trained C. elegans nematodes to associate an attractive o
10.1016/j.cub.2023.12.047	Descending control and regulation of spontaneous flight turns in Drosophila	Current Biology	SUMMARY The clumped distribution of resources in the world has influenced the pattern of foraging behavior since the origins of locomotion, selecting for a common search motif in which straight movements through resource-poor regions alternate with zig-zag exp
10.3389/fncir.2019.00029	Large-Area Fluorescence and Electron Microscopic Correlative Imaging With Multibeam Scanning Electron Microscopy	Front. Neural Circuits	Recent improvements in correlative light and electron microscopy (CLEM) technology have led to dramatic improvements in the ability to observe tissues and cells. Fluorescence labeling has been used to visualize the localization of molecules of interest through
10.3390/ijms21228657	Cannabinoid Type 1 Receptor is Undetectable in Rodent and Primate Cerebral Neural Stem Cells but Participates in Radial Neuronal Migration	International Journal of Molecular Scien	Cannabinoid type 1 receptor (CB1R) is expressed and participates in several aspects of cerebral cortex embryonic development as demonstrated with whole-transcriptome mRNA sequencing and other contemporary methods. However, the cellular location of CB1R, which 
10.1016/j.jbc.2021.101094	Interactome analysis of Caenorhabditis elegans synapses by TurboID-based proximity labeling	bioRxiv	Proximity labelling provides a powerful in vivo tool to characterize the proteome of sub-cellular structures and the interactome of specific proteins. Using the highly active biotin ligase TurboID, we optimize a proximity labelling protocol for C. elegans. We 
10.1016/s0928-4257(00)80059-5	Anatomical and functional differentiation of glutamatergic synaptic innervation in the neocortex.	Journal of Physiology - Paris	Pyramidal neurons are the principal neurons of the neocortex and their excitatory impact on other pyramidal neurons and interneurons is central to neocortical dynamics. A fundamental principal that has emerged which governs pyramidal neuron excitation of other
10.1101/2020.08.25.266247	A neural model for insect steering applied to olfaction and path integration	bioRxiv	Many animal behaviours require orientation and steering with respect to the environment. For insects, a key brain area involved in spatial orientation and navigation is the central complex. Activity in this neural circuit has been shown to track the insect’s c
10.3389/fncom.2015.00120	An algorithm to predict the connectome of neural microcircuits	Frontiers in Computational Neuroscience	Experimentally mapping synaptic connections, in terms of the numbers and locations of their synapses and estimating connection probabilities, is still not a tractable task, even for small volumes of tissue. In fact, the six layers of the neocortex contain thou
10.7554/elife.87602	Somatotopic organization among parallel sensory pathways that promote a grooming sequence in Drosophila	eLife	Mechanosensory neurons located across the body surface respond to tactile stimuli and elicit diverse behavioral responses, from relatively simple stimulus location-aimed movements to complex movement sequences. How mechanosensory neurons and their postsynaptic
10.1073/pnas.1600786113	Contrasting responses within a single neuron class enable sex-specific attraction in Caenorhabditis elegans	Proceedings of the National Academy of S	Significance Roundworms carry out crucial sensory behaviors with a relatively small number of neurons. We find that male roundworms have strong preferences for particular concentrations of sex-specific small molecule cues secreted by their potential mates. The
10.1038/s41593-020-00719-y	Edge-centric functional network representations of human cerebral cortex reveal overlapping system-level architecture	Nature Neuroscience	Network neuroscience has relied on a node-centric network model in which cells, populations and regions are linked to one another via anatomical or functional connections. This model cannot account for interactions of edges with one another. In this study, we 
10.1002/cyto.a.20895	Neuron tracing in perspective	Cytometry Part A	Abstract The study of the structure and function of neuronal cells and networks is of crucial importance in the endeavor to understand how the brain works. A key component in this process is the extraction of neuronal morphology from microscopic imaging data. 
10.1073/pnas.0337591100	Gain control of firing rate by shunting inhibition: Roles of synaptic noise and dendritic saturation	Proceedings of the National Academy of S	Adjusting input–output gain is crucial for information processing by the brain. Gain control of subthreshold depolarization is commonly ascribed to increased membrane conductance caused by shunting inhibition. But contrary to its divisive effect on depolarizat
10.1016/j.neuron.2008.01.013	The subspine organization of actin fibers regulates the structure and plasticity of dendritic spines.	Neuron	Synapse function and plasticity depend on the physical structure of dendritic spines as determined by the actin cytoskeleton. We have investigated the organization of filamentous (F-) actin within individual spines on CA1 pyramidal neurons in rat hippocampal s
10.1016/j.cell.2020.05.029	BRICseq bridges brain-wide interregional connectivity to neural activity and gene expression in single animals	Cell	Summary Comprehensive analysis of neuronal networks requires brain-wide measurement of connectivity, activity, and gene expression. Although high-throughput methods are available for mapping brain-wide activity and transcriptomes, comparable methods for mappin
10.1002/cne.21823	High‐affinity Na+/K+‐dependent glutamate transporter EAAT4 is expressed throughout the rat fore‐ and midbrain	The Journal of comparative neurology	Abstract Excitatory amino acid transporter 4 (EAAT4), a member of the high‐affinity Na + /K + ‐dependent glutamate transporter family, is highly enriched in Purkinje cells of the cerebellum, although it is not restricted to these cells. The detailed expression
10.1007/s00441-014-2103-6	The importance of metadata to assess information content in digital reconstructions of neuronal morphology	Cell and Tissue Research	Digital reconstructions of axonal and dendritic arbors provide a powerful representation of neuronal morphology in formats amenable to quantitative analysis, computational modeling, and data mining. Reconstructed files, however, require adequate metadata to id
10.1016/j.neuron.2014.02.007	Gliotransmitters Travel in Time and Space	Neuron	The identification of the presence of active signaling between astrocytes and neurons in a process termed gliotransmission has caused a paradigm shift in our thinking about brain function. However, we are still in the early days of the conceptualization of how
10.1073/pnas.2410768122	Broken time-reversal symmetry in visual motion detection	Proceedings of the National Academy of S	Significance In neural circuits, symmetries in processing can tell us about the computations being performed and can echo symmetries in the inputs to the circuit. For example, because all local motion signals in a movie reverse direction when the movie is reve
10.1093/cercor/bhm149	Shared neural resources between music and language indicate semantic processing of musical tension-resolution patterns.	Cerebral Cortex	Harmonic tension-resolution patterns have long been hypothesized to be meaningful to listeners familiar with Western music. Even though it has been shown that specifically chosen musical pieces can prime meaningful concepts, the empirical evidence in favor of 
10.1038/nature23019	Synaptic organization of visual space in primary visual cortex	Nature	How a sensory stimulus is processed and perceived depends on the surrounding sensory scene. In the visual cortex, contextual signals can be conveyed by an extensive network of intra- and inter-areal excitatory connections that link neurons representing stimulu
10.1101/2025.08.19.671076	Mechanistic basis of dynamic and heterogeneous divisive normalization in visual cortex	bioRxiv	Neocortical computation emerges from the dynamic interplay of excitation and inhibition, operating in a loose balance regime where recurrent and external inputs contribute comparably to neuronal activity. Neurons display broad heterogeneity in synaptic inputs 
10.1523/jneurosci.3612-08.2008	Nonrandom Local Circuits in the Dentate Gyrus	Journal of Neuroscience	The dentate hilus has been extensively studied in relation to its potential role in memory and in temporal lobe epilepsy. Little is known, however, about the synapses formed between the two major cell types in this region, glutamatergic mossy cells and hilar i
10.1007/s12264-025-01397-1	The Glutamate-gated Chloride Channel Facilitates Sleep by Enhancing the Excitability of Two Pairs of Neurons in the Ventral Nerve Cord of Drosophila	Neuroscience Bulletin	Sleep, an essential and evolutionarily conserved behavior, is regulated by numerous neurotransmitter systems. In mammals, glutamate serves as the wake-promoting signaling agent, whereas in Drosophila, it functions as the sleep-promoting signal. However, the pr
10.1101/855130	En bloc preparation of Drosophila brains enables high-throughput FIB-SEM connectomics	bioRxiv	Deriving the detailed synaptic connections of the entire nervous system has been a long term but unrealized goal of the nascent field of connectomics. For Drosophila, in particular, three sample preparation problems must be solved before the requisite imaging 
10.1101/2023.07.12.547497	ATUM-Tomo: A multi-scale approach to cellular ultrastructure by combined volume scanning electron microscopy and electron tomography	bioRxiv	Like other volume electron microscopy approaches, Automated Tape Collecting Ultramicrotomy (ATUM) enables imaging of serial sections deposited on thick plastic tapes by scanning electron microscopy (SEM). ATUM is unique in enabling hierarchical imaging and thu
10.7554/elife.02938	Caenorhabditis elegans male sensory-motor neurons and dopaminergic support cells couple ejaculation and post-ejaculatory behaviors	eLife	The circuit structure and function underlying post-coital male behaviors remain poorly understood. Using mutant analysis, laser ablation, optogenetics, and Ca2+ imaging, we observed that following C. elegans male copulation, the duration of post-coital letharg
10.1371/journal.pbio.1002147	Understanding Brains: Details, Intuition, and Big Data	PLoS Biology	Understanding how the brain works requires a delicate balance between the appreciation of the importance of a multitude of biological details and the ability to see beyond those details to general principles. As technological innovations vastly increase the am
10.3389/fphy.2017.00061	Design and validation of diffusion MRI models of white matter	Frontiers of Physics	Diffusion MRI is arguably the method of choice for characterizing white matter microstructure in vivo. Over the typical duration of diffusion encoding, the displacement of water molecules is conveniently on a length scale similar to that of the underlying cell
10.64898/2026.05.30.728930	Rank Dependency of Rescaled Pruning in Recurrent Neural Networks	bioRxiv	Throughout development and maturity, neural circuits undergo massive synaptic pruning, yielding highly sparse connectivity while preserving robust population-level computations. These population dynamics are often low-dimensional, allowing task-related computa
10.1371/journal.pone.0034786	Combinatorial Expression Rules of Ion Channel Genes in Juvenile Rat (Rattus norvegicus) Neocortical Neurons	PLoS ONE	The electrical diversity of neurons arises from the expression of different combinations of ion channels. The gene expression rules governing these combinations are not known. We examined the expression of twenty-six ion channel genes in a broad range of singl
10.1038/s41592-023-01998-6	D-LMBmap: a fully automated deep-learning pipeline for whole-brain profiling of neural circuitry	Nature Methods	Recent proliferation and integration of tissue-clearing methods and light-sheet fluorescence microscopy has created new opportunities to achieve mesoscale three-dimensional whole-brain connectivity mapping with exceptionally high throughput. With the rapid gen
10.1242/dev.115071	Investigating CNS synaptogenesis at single-synapse resolution by combining reverse genetics with correlative light and electron microscopy	Development	Determining direct synaptic connections of specific neurons in the central nervous system (CNS) is a major technical challenge in neuroscience. As a corollary, molecular pathways controlling developmental synaptogenesis in vivo remain difficult to address. Her
10.1016/j.gde.2020.04.005	Activity regulates brain development in the fly.	Current Opinion in Genetics and Developm	It has long been appreciated that activity sculpts the formation of neuronal circuits in the mammalian brain. By contrast, in Drosophila it was generally thought that genetically hardwired mechanisms of development, mediated by cell recognition molecules, are 
10.1016/j.celrep.2013.07.039	Preconfigured, skewed distribution of firing rates in the hippocampus and entorhinal cortex	Cell Reports	Summary Despite the importance of the discharge frequency in neuronal communication, little is known about the firing rate patterns of cortical populations. Using large-scale recordings from multiple layers of the entorhinal-hippocampal loop, we found that fir
10.1113/jphysiol.2008.167171	Astrocytes going live: advances and challenges	Journal of Physiology	Astrocytes are one of the most numerous cell types in the CNS. They have emerged as sophisticated cells participating in a large and diverse variety of functions vital for normal brain development, adult physiology and pathology. Recent in vivo studies have pr
10.1101/2023.04.14.536712	Ultrastructure of the brain waste-clearance pathway	bioRxiv	Efficient metabolic waste clearance is essential for optimal brain function. Waste accumulation can cause inflammation, tissue damage, and potentially lead to dementia and other neurological disorders. The primary waste exit route is debated, with evidence sug
10.3389/fncir.2021.787164	Genetic Mechanisms Underlying the Evolution of Connectivity in the Human Cortex	Frontiers in Neural Circuits	One of the most salient features defining modern humans is our remarkable cognitive capacity, which is unrivaled by any other species. Although we still lack a complete understanding of how the human brain gives rise to these unique abilities, the past several
10.1038/s41592-024-02375-7	Rapid, biochemical tagging of cellular activity history in vivo	bioRxiv	Intracellular calcium (Ca2+) is ubiquitous to cell signaling across all biology. While existing fluorescent sensors and reporters can detect activated cells with elevated Ca2+ levels, these approaches require implants to deliver light to deep tissue, precludin
10.1523/jneurosci.5062-08.2009	Cortical Hubs Revealed by Intrinsic Functional Connectivity: Mapping, Assessment of Stability, and Relation to Alzheimer’s Disease	Journal of Neuroscience	Recent evidence suggests that some brain areas act as hubs interconnecting distinct, functionally specialized systems. These nexuses are intriguing because of their potential role in integration and also because they may augment metabolic cascades relevant to 
10.1371/journal.pcbi.1007756	3D mesh processing using GAMer 2 to enable reaction-diffusion simulations in realistic cellular geometries	PLoS Comput. Biol.	Recent advances in electron microscopy have enabled the imaging of single cells in 3D at nanometer length scale resolutions. An uncharted frontier for in silico biology is the ability to simulate cellular processes using these observed geometries. Enabling suc
10.1073/pnas.97.2.901	Dynamics of dendritic calcium transients evoked by quantal release at excitatory hippocampal synapses.	Proceedings of the National Academy of S	Synaptic N -methyl- d -aspartate (NMDA) receptors detect coincident pre- and postsynaptic activity and play a critical role in triggering changes in synaptic strength at central synapses. Despite intensive study of synaptic plasticity, relatively little is kno
10.1038/s41467-017-02681-z	Diversity of meso-scale architecture in human and non-human connectomes	Nature Communications	Brain function is reflected in connectome community structure. The dominant view is that communities are assortative and segregated from one another, supporting specialized information processing. However, this view precludes the possibility of non-assortative
10.1038/s41467-024-53610-w	Ancestral neural circuits potentiate the origin of a female sexual behavior in Drosophila	Nature Communications	Courtship interactions are remarkably diverse in form and complexity among species. How neural circuits evolve to encode new behaviors that are functionally integrated into these dynamic social interactions is unknown. Here we report a recently originated fema
10.1038/srep39682	Dendritic and Axonal Propagation Delays Determine Emergent Structures of Neuronal Networks with Plastic Synapses	Scientific Reports	Spike-timing-dependent plasticity (STDP) modifies synaptic strengths based on the relative timing of pre- and postsynaptic spikes. The temporal order of spikes turned out to be crucial. We here take into account how propagation delays, composed of dendritic an
10.1016/j.jneumeth.2019.108365	Rabies virus-mediated connectivity tracing from single neurons.	Journal of Neuroscience Methods	An understanding of how the brain processes information requires knowledge of its underlying wiring diagrams, as well as insights into the relationship between circuit architecture and physiological function. Notably, rabies virus based single-cell genetic man
10.1101/2021.02.14.431141	Ongoing habenular activity is driven by forebrain networks and modulated by olfactory stimuli	bioRxiv	Ongoing neural activity, which represents internal brain states, is constantly modulated by the sensory information that is generated by the environment. In this study, we show that the habenular circuits act as a major brain hub integrating the structured ong
10.1016/j.jsb.2010.02.011	Micromachining tools and correlative approaches for cellular cryo-electron tomography.	Journal of Structural Biology	A principal limitation of cryo-transmission electron microscopy performed on cells or tissues is the accessible specimen thickness. This is exacerbated in tomography applications, where the aspect ratio (and thus the apparent specimen thickness) changes consid
10.3389/fncom.2013.00004	On the dynamics of cortical development: synchrony and synaptic self-organization	Frontiers in Computational Neuroscience	We describe a model for cortical development that resolves long-standing difficulties of earlier models. It is proposed that, during embryonic development, synchronous firing of neurons and their competition for limited metabolic resources leads to selection o
10.1016/j.tins.2011.03.002	Shaping the synaptic signal: molecular mobility inside and outside the cleft	Trends in Neurosciences	Rapid communication in the brain relies on the release and diffusion of small transmitter molecules across the synaptic cleft. How these diffuse signals are transformed into cellular responses is determined by the scatter of target postsynaptic receptors, whic
10.1016/j.tins.2004.04.009	The mGluR theory of fragile X mental retardation.	Trends in Neurosciences	Many of the diverse functional consequences of activating group 1 metabotropic glutamate receptors require translation of pre-existing mRNA near synapses. One of these consequences is long-term depression (LTD) of transmission at hippocampal synapses. Loss of 
10.1007/s10827-017-0669-1	Feedforward architectures driven by inhibitory interactions	Journal of Computational Neuroscience	Directed information transmission is paramount for many social, physical, and biological systems. For neural systems, scientists have studied this problem under the paradigm of feedforward networks for decades. In most models of feedforward networks, activity 
10.1038/s41592-025-02949-z	Linking structure and function: biological insights from fly connectomes	Nature Methods	
10.1038/s41593-021-00962-x	A massive 7T fMRI dataset to bridge cognitive neuroscience and artificial intelligence	Nature Neuroscience	Extensive sampling of neural activity during rich cognitive phenomena is critical for robust understanding of brain function. Here we present the Natural Scenes Dataset (NSD), in which high-resolution functional magnetic resonance imaging responses to tens of 
10.1093/cercor/bhm068	Specificity in inhibitory systems associated with prefrontal pathways to temporal cortex in primates.	Cerebral Cortex	The prefrontal cortex selects relevant signals and suppresses irrelevant stimuli for a given task through mechanisms that are not understood. We addressed this issue using as a model system the pathways from the functionally distinct prefrontal areas 10 and 32
10.1038/s41592-020-0792-1	Machine learning analysis of whole mouse brain vasculature	Nature Methods	Tissue clearing methods enable the imaging of biological specimens without sectioning. However, reliable and scalable analysis of large imaging datasets in three dimensions remains a challenge. Here we developed a deep learning-based framework to quantify and 
10.1093/aesa/saaa019	The Loss of Sociality Is Accompanied by Reduced Neural Investment in Mushroom Body Volume in the Sweat Bee Augochlora Pura (Hymenoptera: Halictidae)	Annals of the Entomological Society of A	Abstract Social behavior has been predicted to select for increased neural investment (the social brain hypothesis) and also to select for decreased neural investment (the distributed cognition hypothesis). Here, we use two related bees, the social Augochlorel
10.1113/jp271458	Differential signalling and glutamate receptor compositions in the OFF bipolar cell types in the mouse retina	Journal of Physiology	Key points Using whole‐cell clamp methods, we characterized the temporal coding in each type of OFF bipolar cell. We found that type 2 and 3a cells are transient, type 1 and 4 cells are sustained, and type 3b cells are intermediate. The light‐evoked excitatory
10.1016/b978-0-12-416026-2.00015-7	Visualizing proteins in electron micrographs at nanometer resolution	Methods in Cell Biology	To understand protein function we need a detailed description of the molecular topography of the cell. The subcellular localization of proteins can be revealed using genetically encoded fluorescent proteins or immunofluorescence. However, the precise localizat
10.3389/fncom.2026.1845838	Structural and dynamical strategies to prevent runaway excitation in reservoir computing	Frontiers in Computational Neuroscience	  Reservoirs, typically implemented as recurrent neural networks (RNNs) with fixed random connection weights, can be combined with a simple trained readout layer to perform a wide range of computational tasks. However, increasing the magnitude of reservoir con
10.1111/j.1365-2818.2010.03444.x	3D elemental and structural analysis of biological specimens using electrons and ions	Journal of Microscopy	We demonstrate the utility of focused ion beam scanning electron microscopy combined with energy dispersive x‐ray spectrometry for 3D morphological and elemental correlative analysis of subcellular features. Although recent advances in super‐resolution light m
10.1523/jneurosci.5961-10.2011	How Thalamus Connects to Spiny Stellate Cells in the Cat's Visual Cortex	Journal of Neuroscience	In the cat's visual cortex, the responses of simple cells seem to be totally determined by their thalamic input, yet only a few percent of the excitatory synapses in layer 4 arise from the thalamus. To resolve this discrepancy between structure and function, w
10.1098/rspb.2023.0671	Transitions in cognitive evolution	Proceedings of the Royal Society B	The evolutionary history of animal cognition appears to involve a few major transitions: major changes that opened up new phylogenetic possibilities for cognition. Here, we review and contrast current transitional accounts of cognitive evolution. We discuss ho
10.1101/lm.053807.123	Roles of feedback and feed-forward networks of dopamine subsystems: insights from Drosophila studies	Learning & memory (Cold Spring Harbor, N	Across animal species, dopamine-operated memory systems comprise anatomically segregated, functionally diverse subsystems. Although individual subsystems could operate independently to support distinct types of memory, the logical interplay between subsystems 
10.1038/s41586-023-06715-z	Neural landscape diffusion resolves conflicts between needs across time	Nature	Behavioural and electrophysiological studies in simultaneously thirsty and hungry mice reveal a neural basis for resolving conflicts between needs, in which choices are guided by a persistent and distributed neural goal state that undergoes spontaneous transit
10.1109/embc.2019.8857887	An Effective Encoder-Decoder Network for Neural Cell Bodies and Cell Nucleus Segmentation of EM Images	Annual International Conference of the I	Neural systems are complicated networks connected by a large number of neurons through gap junctions and synapse. At present, for electron microscopy connectomics research, neuron structure recognition algorithms mostly focus on synapses, dendrites, axons and 
10.1101/2021.10.11.463861	A reservoir of timescales in random neural network	bioRxiv	The temporal activity of many biological systems, including neural circuits, exhibits fluctuations simultaneously varying over a large range of timescales. The mechanisms leading to this temporal heterogeneity are yet unknown. Here we show that random neural n
10.1101/2024.07.07.601368	EM-Compressor: Electron Microscopy Image Compression in Connectomics with Variational Autoencoders	bioRxiv	The ongoing pursuit to map detailed brain structures at high resolution using electron microscopy (EM) has led to advancements in imaging that enable the generation of connectomic volumes that have reached the petabyte scale and are soon expected to reach the 
10.3389/fncir.2016.00027	The Diversity of Cortical Inhibitory Synapses	Front. Neural Circuits	The most typical and well known inhibitory action in the cortical microcircuit is a strong inhibition on the target neuron by axo-somatic synapses. However, it has become clear that synaptic inhibition in the cortex is much more diverse and complicated. Firstl
10.1038/s41467-023-37180-x	Catalyzing next-generation Artificial Intelligence through NeuroAI	Nature Communications	One of the ambitions of computational neuroscience is that we will continue to make improvements in the field of artificial intelligence that will be informed by advances in our understanding of how the brains of various species evolved to process information.
10.1101/2024.09.09.612113	Non-allometric expansion and enhanced compartmentalization of Purkinje cell dendrites in the human cerebellum	bioRxiv	Purkinje cell (PC) dendrites are optimized to integrate the vast cerebellar input array and drive the sole cortical output. PCs are classically seen as stereotypical computational units, yet mouse PCs are morphologically diverse and those with multi-branched s
10.1101/2023.09.25.559373	A rotational velocity estimate constructed through visuomotor competition updates the fly’s neural compass	bioRxiv	Navigating animals continuously integrate velocity signals to update internal representations of their directional heading and spatial location in the environment. How neural circuits combine sensory and motor information to construct these velocity estimates 
10.1111/ejn.12558	Olfactory coding in the insect brain: data and conjectures	European Journal of Neuroscience	Much progress has been made recently in understanding how olfactory coding works in insect brains. Here, I propose a wiring diagram for the major steps from the first processing network (the antennal lobe) to behavioral readout. I argue that the sequence of la
10.1523/eneuro.0377-17.2017	Study of the Size and Shape of Synapses in the Juvenile Rat Somatosensory Cortex with 3D Electron Microscopy	eNeuro	Abstract Changes in the size of the synaptic junction are thought to have significant functional consequences. We used focused ion beam milling and scanning electron microscopy (FIB/SEM) to obtain stacks of serial sections from the six layers of the rat somato
10.1177/1073858417728032	Harmonic Brain Modes: A Unifying Framework for Linking Space and Time in Brain Dynamics	bioRxiv	A fundamental characteristic of spontaneous brain activity is coherent oscillations covering a wide range of frequencies. Interestingly, these temporal oscillations are highly correlated among spatially distributed cortical areas forming structured correlation
10.1016/j.eswa.2024.124562	A novel 3D instance segmentation network for synapse reconstruction from serial electron microscopy images	Expert systems with applications	
10.1016/j.cub.2018.01.066	Sexual Dimorphisms: How Sex-Shared Neurons Generate Sex-Specific Behaviors.	Current Biology	How sexually dimorphic behaviors are represented in the brain is a long-standing question. Two new studies in C. elegans uncover novel molecular mechanisms that allow neurons shared by opposite sexes to generate distinct sex-specific behaviors.
10.1098/rstb.2017.0367	Clues to basis of exploratory behaviour of the C. elegans snout from head somatotropy	Philosophical Transactions of the Royal 	Wave propagation during locomotory movements of Caenorhabditis elegans is constrained to a single dorso/ventral plane. By contrast, the tip of the head (snout) can make rapid exploratory movements in all directions relative to the body axis. These extra degree
10.1038/nn.3137	Release probability of hippocampal glutamatergic terminals scales with the size of the active zone	Nature Neuroscience	Cortical synapses have structural, molecular and functional heterogeneity; our knowledge regarding the relationship between their ultrastructural and functional parameters is still fragmented. Here we asked how the neurotransmitter release probability and pres
10.3389/fnana.2015.00156	REMOD: A Tool for Analyzing and Remodeling the Dendritic Architecture of Neural Cells	Frontiers in Neuroanatomy	Dendritic morphology is a key determinant of how individual neurons acquire a unique signal processing profile. The highly branched dendritic structure that originates from the cell body, explores the surrounding 3D space in a fractal-like manner, until it rea
10.1016/j.nbd.2014.01.008	GABAergic circuit dysfunction in the Drosophila Fragile X syndrome model	Neurobiology of Disease	Fragile X syndrome (FXS), caused by loss of FMR1 gene function, is the most common heritable cause of intellectual disability and autism spectrum disorders. The FMR1 protein (FMRP) translational regulator mediates activity-dependent control of synapses. In add
10.1002/glia.24384	Astrocytic A2A receptors silencing negatively impacts hippocampal synaptic plasticity and memory of adult mice	Glia	Astrocytes are wired to bidirectionally communicate with neurons namely with synapses, thus shaping synaptic plasticity, which in the hippocampus is considered to underlie learning and memory. Adenosine A2A receptors (A2AR) are a potential candidate to modulat
10.1073/pnas.1106612109	A small world of weak ties provides optimal global integration of self-similar modules in functional brain networks	Proceedings of the National Academy of S	The human brain is organized in functional modules. Such an organization presents a basic conundrum: Modules ought to be sufficiently independent to guarantee functional specialization and sufficiently connected to bind multiple processors for efficient inform
10.1007/s00359-025-01775-0	Neurons sensitive to sky compass signals in the brain of the Madeira cockroach Rhyparobia maderae	Journal of Comparative Physiology A. Sen	Many insects are formidable navigators illustrated by homing behavior in bees and ants or regular seasonal migrations in butterflies, moths, and others. For spatial orientation, many insects rely on celestial cues, in particular the position of the sun or the 
10.1002/ece3.11137	Synchrotron‐source micro‐x‐ray computed tomography for examining butterfly eyes	bioRxiv	1. Comparative anatomy is an important tool for investigating evolutionary relationships amongst species, but the lack of scalable imaging tools and stains for rapidly mapping the microscale anatomies of related species poses a major impediment to using compar
10.1038/s41467-024-45063-y	Finding the gap: neuromorphic motion-vision in dense environments	Nature Communications	Inspired by insects in nature, the authors develop a neuromorphic robotic system with obstacle avoidance, tunnel centering and gap crossing capabilities. Their robotic system accomplishes these multiple capabilities by steering towards regions of low apparent 
10.1111/j.1460-9568.1996.tb01192.x	Immunohistochemical Localization of Dopamine D Receptors in Rat Retina	European Journal of Neuroscience	Abstract We have localized the dopamine D1 receptor in rat retina using a subtype‐specific monoclonal antibody. Immunolabelling can be detected in the inner and outer plexiform layers and in a number of cells in the inner nuclear layer. In the inner plexiform 
10.1523/eneuro.0366-23.2024	Prolonged Activity Deprivation Causes Pre- and Postsynaptic Compensatory Plasticity at Neocortical Excitatory Synapses	eNeuro	Homeostatic plasticity stabilizes firing rates of neurons, but the pressure to restore low activity rates can significantly alter synaptic and cellular properties. Most previous studies of homeostatic readjustment to complete activity silencing in rodent foreb
10.1038/s44287-026-00320-8	Building digital twin brains at the limits of measurement	Nature Reviews Electrical Engineering	
10.1101/2021.04.15.440041	Switch-like and persistent memory formation in individual Drosophila larvae	bioRxiv	Associative learning allows animals to use past experience to predict future events. The circuits underlying memory formation support immediate and sustained changes in function, often in response to a single example. Larval Drosophila is a genetic model for m
10.1111/j.1460-9568.2007.05282.x	Truncated TrkB‐T1 regulates the morphology of neocortical layer I astrocytes in adult rat brain slices	European Journal of Neuroscience	Abstract By altering their morphology, astrocytes, including those involved in the maintenance and plasticity of neurons and in clearance of transmitter, play important roles in synaptic transmission; however, the mechanism that regulates the morphological pla
10.1016/j.jneumeth.2008.11.008	Detection of the optimal neuron traces in confocal microscopy images	Journal of Neuroscience Methods	Quantitative methods of analysis of neural circuits rely on large datasets of neurons reconstructed accurately in three dimensions (3D). Due to the complexity of neuronal arbors, large datasets of reconstructed neurons must be generated with automated algorith
10.3389/fnins.2020.00903	Imaging the Neuroimmune Dynamics Across Space and Time	Frontiers in Neuroscience	The immune system is essential for maintaining homeostasis, as well as promoting growth and healing throughout the brain and body. Considering that immune cells respond rapidly to changes in their microenvironment, they are very difficult to study without affe
10.5772/67603	Post-Transcriptional Mechanisms of Neuronal Translational Control in Synaptic Plasticity		The dynamic complexity of synaptic function is matched by extensive multidimen‐ sional regulation of neuronal mRNA translation which is achieved by a number of post‐ transcriptional mechanisms. The first key aspect of this regulatory capacity is mRNA distal tr
10.1016/bs.ctdb.2020.12.009	Synaptic recognition molecules in development and disease	Current Topics in Developmental Biology	Synaptic connectivity patterns underlie brain functions. How recognition molecules control where and when neurons form synapses with each other, therefore, is a fundamental question of cellular neuroscience. This chapter delineates adhesion and signaling compl
10.1007/978-1-4939-3777-6_1	Male Fruit Fly’s Courtship and Its Double Control by the Fruitless and Doublesex Genes	Animal Models of Behavior Genetics	
10.1098/rsif.2017.0623	Generative models for network neuroscience: prospects and promise	Journal of the Royal Society Interface	Network neuroscience is the emerging discipline concerned with investigating the complex patterns of interconnections found in neural systems, and identifying principles with which to understand them. Within this discipline, one particularly powerful approach 
10.1109/isbi48211.2021.9434075	Automatic Multi Class Organelle Segmentation For Cellular Fib-Sem Images	IEEE International Symposium on Biomedic	Focused Ion Beam milling combined with Scanning Electron Microscopy (FIB-SEM) technique is an electron microscopy imaging method that offers the possibility of acquiring 3D isotropic images of biological structures at the nanometric scale. Automated image segm
10.1109/tbdata.2024.3378062	Weakly-Supervised Cross-Domain Segmentation of Electron Microscopy With Sparse Point Annotation	IEEE Transactions on Big Data	Accurate segmentation of organelle instances from electron microscopy (EM) images plays an essential role in many neuroscience researches. However, practical scenarios usually suffer from high annotation costs, label scarcity, and large domain diversity. While
10.1016/j.micron.2014.01.009	Exploring the third dimension: volume electron microscopy comes of age.	Micron	Groundbreaking advances in volume electron microscopy and specimen preparation are enabling the 3-dimensional visualisation of specimens with unprecedented detail, and driving a gratifying resurgence of interest in the ultrastructural examination of cellular s
10.1016/j.cub.2022.09.043	Decision making: Dopaminergic neurons for better or worse	Current Biology	All animals constantly need to weigh their options based on new experiences: something initially considered bad can become better in the light of something worse. A new study now shows how flies re-evaluate between better and worse.
10.1523/jneurosci.1014-23.2023	Neuroscience Needs Network Science	Journal of Neuroscience	The brain is a complex system comprising a myriad of interacting neurons, posing significant challenges in understanding its structure, function, and dynamics. Network science has emerged as a powerful tool for studying such interconnected systems, offering a 
10.1101/2025.05.15.654129	Whole-brain chemosensory responses of both                   <i>C. elegans</i>                   sexes		Sexually-dimorphic neural circuits play a critical role in shaping sex-specific animal behaviors. Maps of the structural dimorphisms in these circuits have been explored by analyzing “synaptic connectomes”, electron micrograph reconstructions of synaptic conne
10.1073/pnas.2002937117	Mechanism for analogous illusory motion perception in flies and humans	Proceedings of the National Academy of S	Significance Most of the time, visual circuitry in our brains faithfully reports visual scenes. Sometimes, however, it can report motion in images that are in fact stationary, leading us to perceive illusory motion. In this study, we establish that fruit flies
10.3389/fninf.2023.1170337	Connectomes: from a sparsity of networks to large-scale databases	Frontiers in Neuroinformatics	The analysis of whole brain networks started in the 1980s when only a handful of connectomes were available. In these early days, information about the human connectome was absent and one could only dream about having information about connectivity in a single
10.1101/lm.053997.124	The caloric value of food intake structurally adjusts a neuronal mushroom body circuit mediating olfactory learning in Drosophila	Learning & memory (Cold Spring Harbor, N	Associative learning enables the adaptive adjustment of behavioral decisions based on acquired, predicted outcomes. The valence of what is learned is influenced not only by the learned stimuli and their temporal relations, but also by prior experiences and int
10.1073/pnas.2219341120	A proprioceptive feedback circuit drives Caenorhabditis elegans locomotor adaptation through dopamine signaling	Proceedings of the National Academy of S	Significance Adaptive locomotion of animals requires proprioception to provide real-time information on body position and locomotory dynamics. While many studies have successfully identified and described various proprioceptive components or mechanisms in diff
10.1038/s41598-021-94282-6	Extracellular detection of neuronal coupling	Scientific Reports	We developed a method to non-invasively detect synaptic relationships among neurons from in vitro networks. Our method uses microelectrode arrays on which neurons are cultured and from which propagation of extracellular action potentials (eAPs) in single axons
10.1523/jneurosci.0310-16.2016	Anatomical Reconstruction and Functional Imaging Reveal an Ordered Array of Skylight Polarization Detectors in Drosophila	Journal of Neuroscience	Many insects exploit skylight polarization as a compass cue for orientation and navigation. In the fruit fly, Drosophila melanogaster , photoreceptors R7 and R8 in the dorsal rim area (DRA) of the compound eye are specialized to detect the electric vector (e-v
10.1038/s41598-023-27453-2	Trogocytosis of neurons and glial cells by microglia in a healthy adult macaque retina	Scientific Reports	Microglial cells are the primary resident immune cells in the retina. In healthy adults, they are ramified; that is, they have extensive processes that move continually. In adult retinas, microglia maintain the normal structure and function of neurons and othe
10.1371/journal.pcbi.1004225	General Relationship of Global Topology, Local Dynamics, and Directionality in Large-Scale Brain Networks	PLoS Comput. Biol.	The balance of global integration and functional specialization is a critical feature of efficient brain networks, but the relationship of global topology, local node dynamics and information flow across networks has yet to be identified. One critical step in 
10.1146/annurev.pharmtox.011008.145602	Sorting out astrocyte physiology from pharmacology.	Annual Review of Pharmacology and Toxico	A number of exciting findings have been made in astrocytes during the past 15 years that have led many researchers to redefine how the brain works. Astrocytes are now widely regarded as cells that propagate Ca 2+ over long distances in response to stimulation,
10.1016/j.neuron.2020.11.027	Activity labeling in vivo using CaMPARI2 reveals intrinsic and synaptic differences between neurons with high and low firing rate set points	Neuron	Summary Neocortical pyramidal neurons regulate firing around a stable mean firing rate (FR) that can differ by orders of magnitude between neurons, but the factors that determine where individual neurons sit within this broad FR distribution are not understood
10.1002/glia.23632	A ROADMAP TO INTEGRATE ASTROCYTES INTO SYSTEMS NEUROSCIENCE	Glia	Systems neuroscience is still mainly a neuronal field, despite the plethora of evidence supporting the fact that astrocytes modulate local neural circuits, networks, and complex behaviors. In this article, we sought to identify which types of studies are neces
10.1007/978-3-662-08022-1_11	Glutamate-Mediated Synaptic Excitation of Cortical Interneurons	Handbook of Experimental Pharmacology	
10.7554/elife.48178	High-throughput microcircuit analysis of individual human brains through next-generation multineuron patch-clamp	bioRxiv	Comparing neuronal microcircuits across different brain regions, species and individuals can reveal common and divergent principles of network computation. Simultaneous patch-clamp recordings from multiple neurons offer the highest temporal and subthreshold re
10.1101/2023.07.16.549202	A novel polycistronic method tailored for engineering split GECIs	bioRxiv	Abstract We assessed the feasibility of using stop-codons as means to obtain polycistronic expression in eukaryotic cells. We show robust bicistronic expression of different open reading frames (ORFs), when these are cloned in-sequence and simply separated by 
10.1016/j.neuron.2024.04.012	A pupillary contrast response in mice and humans: neural mechanisms and visual functions	Neuron	SUMMARY In the pupillary light response (PLR), increases in ambient light constrict the pupil to dampen increases in retinal illuminance. Here, we report that the pupillary reflex arc implements a second input-output transformation; it senses temporal contrast
10.1523/eneuro.0328-19.2019	Capillary-Based and Stokes-Based Trapping of Serial Sections for Scalable 3D-EM Connectomics	eNeuro	Abstract Serial section electron microscopy (ssEM), a technique where volumes of tissue can be anatomically reconstructed by imaging consecutive tissue slices, has proven to be a powerful tool for the investigation of brain anatomy. Between the process of cutt
10.1523/jneurosci.2358-09.2009	Embedding Multiple Trajectories in Simulated Recurrent Neural Networks in a Self-Organizing Manner	Journal of Neuroscience	Complex neural dynamics produced by the recurrent architecture of neocortical circuits is critical to the cortex's computational power. However, the synaptic learning rules underlying the creation of stable propagation and reproducible neural trajectories with
10.1523/jneurosci.4825-12.2013	Altered Synaptic Dynamics during Normal Brain Aging	Journal of Neuroscience	What is the neuroanatomical basis for the decline in brain function that occurs during normal aging? Previous postmortem studies have blamed it on a reduction in spine density, though results remain controversial and spine dynamics were not assessed. We used c
10.1016/j.tins.2014.08.011	Synapse rearrangements upon learning: from divergent-sparse connectivity to dedicated sub-circuits.	Trends in Neurosciences	Learning can involve formation of new synapses and loss of synapses, providing memory traces of learned skills. Recent findings suggest that these synapse rearrangements reflect assembly of task-related sub-circuits from initially broadly distributed and spars
10.1101/2024.12.02.626511	Profiling presynaptic scaffolds using split-GFP reconstitution reveals cell-type-specific spatial configurations in the fly brain		Abstract Characterization of intracellular synapse heterogeneity aides to understand the intricate computational logic of neuronal circuits. Despite recent advances in connectomics, the spatial patterns of synapses and their inter-individual variability remain
10.1073/pnas.2514875123	Disruption of a selective vesicle pool upon retrograde amnesia dissociates memory at presynaptic terminals	Proceedings of the National Academy of S	Significance What determines memory stability? We show that distinct presynaptic vesicle populations underlie the labile and consolidated memories, which are simultaneously formed following odor-shock associative learning in fruit flies. These distinct synapti
10.1162/neco.1989.1.4.541	Backpropagation Applied to Handwritten Zip Code Recognition	Neural Computation	The ability of learning networks to generalize can be greatly enhanced by providing constraints from the task domain. This paper demonstrates how such constraints can be integrated into a backpropagation network through the architecture of the network. This ap
10.1371/journal.pone.0036751	Optimization of Cell Morphology Measurement via Single-Molecule Tracking PALM	PLoS ONE	In neurons, the shape of dendritic spines relates to synapse function, which is rapidly altered during experience-dependent neural plasticity. The small size of spines makes detailed measurement of their morphology in living cells best suited to super-resoluti
10.1016/j.compbiomed.2025.109972	Enhancing Cell Instance Segmentation in Scanning Electron Microscopy Images via a Deep Contour Closing Operator	Comput. Biol. Medicine	Accurately segmenting and individualizing cells in scanning electron microscopy (SEM) images is a highly promising technique for elucidating tissue architecture in oncology. While current artificial intelligence (AI)-based methods are effective, errors persist
10.1002/wdev.304	Formation of adult organs through metamorphosis in ascidians	Wiley Interdisciplinary Reviews: Develop	The representative characteristic of ascidians is their vertebrate‐like, tadpole shape at the larval stage. Ascidians lose the tadpole shape through metamorphosis to become adults with a nonmotile, sessile body and a shape generally considered distinct from th
10.1002/(sici)1096-9861(19981012)400:1<110::aid-cne8>3.0.co;2-c	Increased number and size of dendritic spines in ipsilateral barrel field cortex following unilateral whisker trimming in postnatal rat	The Journal of comparative neurology	The barrel field area of the primary somatosensory cortex of rodents is a fertile ground for investigating experience-dependent plasticity and its mechanisms, because the neurons in its layer IV are distributed in groups (barrels) which correspond somatotopica
10.1016/j.cophys.2021.03.001	A leg to stand on: computational models of proprioception	Current Opinion in Physiology	Dexterous motor control requires feedback from proprioceptors, internal mechanosensory neurons that sense the body’s position and movement. An outstanding question in neuroscience is how diverse proprioceptive feedback signals contribute to flexible motor cont
10.3389/fnana.2014.00097	Dendritic spine dysgenesis in Rett syndrome	Frontiers in Neuroanatomy	Spines are small cytoplasmic extensions of dendrites that form the postsynaptic compartment of the majority of excitatory synapses in the mammalian brain. Alterations in the numerical density, size, and shape of dendritic spines have been correlated with neuro
10.1186/s13619-025-00260-y	Cutting-edge technologies in neural regeneration	Cell Regeneration	Neural regeneration stands at the forefront of neuroscience, aiming to repair and restore function to damaged neural tissues, particularly within the central nervous system (CNS), where regenerative capacity is inherently limited. However, recent breakthroughs
10.1073/pnas.1720186115	Specificity and robustness of long-distance connections in weighted, interareal connectomes	Proceedings of the National Academy of S	Significance Interareal communication occurs along physical pathways. The prevailing hypothesis is that long-distance connections reduce the processing length between brain areas, facilitating efficient communication. We show, in five weighted interareal netwo
10.1371/journal.pcbi.1004537	Untangling Brain-Wide Dynamics in Consciousness by Cross-Embedding	PLoS Comput. Biol.	Brain-wide interactions generating complex neural dynamics are considered crucial for emergent cognitive functions. However, the irreducible nature of nonlinear and high-dimensional dynamical interactions challenges conventional reductionist approaches. We int
10.1093/bioinformatics/btac712	Neuron tracing from light microscopy images: automation, deep learning and bench testing	Bioinform.	Abstract Motivation Large-scale neuronal morphologies are essential to neuronal typing, connectivity characterization and brain modeling. It is widely accepted that automation is critical to the production of neuronal morphology. Despite previous survey papers
10.1101/2020.09.21.306902	Chronic in vivo STED nanoscopy uncovers multiple drivers of shape volatility in stable cortical spines	bioRxiv	Excitatory synapses on spines of pyramidal neurons are considered a central locus of cortical memory traces. Here we introduce chronic in vivo STED nanoscopy to superresolve dendritic spines in mouse neocortex for up to one month and assess on-going spine remo
10.1093/cercor/bht268	Contribution of Intracolumnar Layer 2/3-to-Layer 2/3 Excitatory Connections in Shaping the Response to Whisker Deflection in Rat Barrel Cortex	Cerebral Cortex	This computational study integrates anatomical and physiological data to assess the functional role of the lateral excitatory connections between layer 2/3 (L2/3) pyramidal cells (PCs) in shaping their response during early stages of intracortical processing o
10.1016/j.neuron.2010.09.024	Single-Synapse Analysis of a Diverse Synapse Population: Proteomic Imaging Methods and Markers	Neuron	Summary A lack of methods for measuring the protein compositions of individual synapses in situ has so far hindered the exploration and exploitation of synapse molecular diversity. Here we describe the use of array tomography, a new high-resolution proteomic i
10.1007/s00427-016-0542-7	The insect central complex as model for heterochronic brain development—background, concepts, and tools	Development, Genes and Evolution	The adult insect brain is composed of neuropils present in most taxa. However, the relative size, shape, and developmental timing differ between species. This diversity of adult insect brain morphology has been extensively described while the genetic mechanism
10.1093/sleep/zsag153	Context-dependent arousal via wake-promoting pontine neurons in the Drosophila melanogaster fan-shaped body	Sleep	Abstract Neurons projecting into the Drosophila dorsal fan-shaped body (dFB) respond electrically during rising sleep pressure to implement sleep. While the molecular and circuit mechanisms that track sleep pressure have been an area of intense focus, less att
10.3389/fncir.2018.00089	Methods for Mapping Neuronal Activity to Synaptic Connectivity: Lessons From Larval Zebrafish	Front. Neural Circuits	For a mechanistic understanding of neuronal circuits in the brain, a detailed description of information flow is necessary. Thereby it is crucial to link neuron function to the underlying circuit structure. Multiphoton calcium imaging is the standard technique
10.64898/2026.05.28.728331	Comparative connectomics reveals stage-specific gap junction rewiring that reshapes avoidance behavior	bioRxiv	Environmental stress can remodel neural circuits, yet how such rewiring generates behavioral adaptation remains poorly understood. The dauer stage of Caenorhabditis elegans provides a unique model to address this question. Here, we investigated how dauer-speci
10.1093/jmicro/dfv371	Recent advancement in the challenges to connectomics.	Microscopy	Advancement of microscopic technologies established significant progress in our understanding of the brain. In the recent effort to elucidate the complete wiring map of the brain circuitry termed 'connectome', the different modalities of imaging technology, in
10.1109/icma.2016.7558865	Segmentation of mitochondria based on SEM images	IEEE International Conference on Mechatr	Recently, due to the rapid development of scanning electron microscope (SEM) with its very high resolution in three dimensions, we can look more closely into those fine structures related to brain function. However, high resolution will inevitably produce huge
10.1002/jnr.24029	Astroglial glutamate transporters in the brain: Regulating neurotransmitter homeostasis and synaptic transmission	Journal of Neuroscience Research	Astrocytes, the major glial cell type in the central nervous system (CNS), are critical for brain function and have been implicated in various disorders of the central nervous system. These cells are involved in a wide range of cerebral processes including bra
10.7554/elife.110717	A pilot study for whole proteome tagging in Caenorhabditis elegans	eLife	Tagging all proteins encoded by an animal genome with a fluorescent tag would open many windows to the discovery of unexpected patterns of protein expression and localization. To scale such an approach, it would be beneficial to introduce multiple, spectrally 
10.1101/2025.10.01.679777	The Rod Bipolar Cell Pathway Contributes To Surround Responses In OFF Retinal Ganglion Cells	bioRxiv	Sensory neurons can be influenced by stimuli beyond their receptive field center, yet the mechanisms underlying this surround modulation remain poorly understood. In the retina, many OFF ganglion cells exhibit responses to ON stimulation outside their receptiv
10.52202/079017-3777	Retrospective for the Dynamic Sensorium Competition for predicting large-scale mouse primary visual cortex activity from videos	Neural Information Processing Systems	Understanding how biological visual systems process information is challenging because of the nonlinear relationship between visual input and neuronal responses. Artificial neural networks allow computational neuroscientists to create predictive models that co
10.1016/j.plrev.2019.11.002	Driving the connectome by-wire: Comment on "What would a synthetic connectome look like?" by Ithai Rabinowitch.	Physics of Life Reviews	
10.1371/journal.pcbi.1004927	Model Constrained by Visual Hierarchy Improves Prediction of Neural Responses to Natural Scenes	PLoS Comput. Biol.	Accurate estimation of neuronal receptive fields is essential for understanding sensory processing in the early visual system. Yet a full characterization of receptive fields is still incomplete, especially with regard to natural visual stimuli and in complete
10.1101/2021.07.24.453623	A dopamine-gated learning circuit underpins reproductive state-dependent odor preference in Drosophila females	bioRxiv	Motherhood induces a drastic, sometimes long-lasting, change in internal state and behavior in most female animals. How a change in reproductive state or the discrete event of mating modulates specific female behaviors is still incompletely understood. Using c
10.3902/jnns.32.12	Transition in “Digital Brain” Researches, and Surrogate-based Generative Model	The Brain &amp; Neural Networks	侵襲的・非侵襲的なアプローチによる様々なモダリティ・階層におけるデータが集積してくると，これらを統合し新たな知見を得るためのフレームワークの出現が望まれる．構造データ・機能データ・時系列データといった様々なデータの統合と，in silicoにて脳機能を再現する数理フレームワーク「デジタル脳」の開発により，新たなる病態の理解や治療法の追求が加速すると考えられる．このような「デジタル脳」の実現を目指して，様々なアプローチが多階層的に行われてきた．単一細胞レベルの形態的コンポーネントモデルやスパイキングモデル，メソスケー
10.1523/jneurosci.1448-13.2013	Rich Club Organization and Intermodule Communication in the Cat Connectome	Journal of Neuroscience	Macroscopic brain networks have been shown to display several properties of an efficient communication architecture. In light of global communication, the formation of a densely connected neural "rich club" of hubs is of particular interest, because brain hubs
10.1016/j.neuroscience.2018.07.028	Pyridazine-derivatives Enhance Structural and Functional Plasticity of Tripartite Synapse Via Activation of Local Translation in Astrocytic Processes	Neuroscience	Excitatory amino acid transporter 2 (EAAT2) is primarily located in perisynaptic astrocytic processes (PAP) where it plays a critical role in synaptic glutamate homeostasis. Dysregulation of EAAT2 at the translational level has been implicated in a myriad of n
10.1101/2022.08.16.504030	Centripetal integration of past events by hippocampal astrocytes and its regulation by the locus coeruleus	bioRxiv	An essential feature of neurons is their ability to centrally integrate information from their dendrites. The activity of astrocytes, in contrast, has been described as mostly uncoordinated across cellular compartments without clear central integration. Here, 
10.1016/j.semcdb.2014.05.009	Nematode Tango Milonguero - the C. elegans male's search for the hermaphrodite vulva.	Seminars in Cell and Developmental Biolo	The vulva search corresponds to the first step of mating in Caenorhabditis elegans wherein the male recognizes a potential mate through contact and commences a systematic, contact-based search of her surface for the vulva. During this 'dance' the male presses 
10.1016/b978-0-12-375027-3.00005-3	Graphical Models of Functional and Effective Neuronal Connectivity	Statistical Signal Processing for Neuros	
10.1038/nn.4653	Spatial representation in the hippocampal formation: a history	Nature Neuroscience	Since the first place cell was recorded and the cognitive-map theory was subsequently formulated, investigation of spatial representation in the hippocampal formation has evolved in stages. Early studies sought to verify the spatial nature of place cell activi
10.3389/fncir.2011.00006	Innate Neural Assemblies for Lego Memory	Front. Neural Circuits	Reference EPFL-ARTICLE-183381doi:10.3389/fncir.2011.00006View record in PubMedView record in Web of Science Record created on 2013-01-28, modified on 2017-05-12
10.1016/j.celrep.2012.09.011	A GAL4-driver line resource for Drosophila neurobiology.	Cell Reports	We established a collection of 7,000 transgenic lines of Drosophila melanogaster. Expression of GAL4 in each line is controlled by a different, defined fragment of genomic DNA that serves as a transcriptional enhancer. We used confocal microscopy of dissected 
10.3389/fnsys.2015.00151	Philosophy of the Spike: Rate-Based vs. Spike-Based Theories of the Brain	Frontiers in Systems Neuroscience	Does the brain use a firing rate code or a spike timing code? Considering this controversial question from an epistemological perspective, I argue that progress has been hampered by its problematic phrasing. It takes the perspective of an external observer loo
10.1007/978-94-007-2888-2_4	Two-Photon Calcium Imaging in the Intact Brain	Advances in Experimental Medicine and Bi	The calcium ion is a fundamental second messenger that plays crucial roles in the pathophysiology of brain cells. In this chapter, we will focus on the measurement of calcium fluctuations as a reporter of cellular excitability of both neurons and glial cells i
10.3389/fphys.2022.843473	Application of a multicomponent model of convectional reaction-diffusion to description of glucose gradients in a neurovascular unit	Frontiers in Physiology	A supply of glucose to a nervous tissue is fulfilled by a cerebrovascular network, and further diffusion is known to occur at both an arteriolar and a microvascular level. Despite a direct relation, a blood flow dynamic and reaction-diffusion of metabolites ar
10.1101/2020.09.09.289454	Natural sensory context drives diverse brain-wide activity during C. elegans mating	bioRxiv	Natural goal-directed behaviors often involve complex sequences of many stimulus-triggered components. Understanding how brain circuits organize such behaviors requires mapping the interactions between an animal, its environment, and its nervous system. Here, 
10.1016/j.neuron.2017.11.039	Morphometric Similarity Networks Detect Microscale Cortical Organization and Predict Inter-Individual Cognitive Variation	Neuron	SUMMARY Macroscopic cortical networks are important for cognitive function, but it remains challenging to construct anatomically plausible individual structural connectomes from human neuroimaging. We introduce a new technique for cortical network mapping base
10.1016/j.cub.2019.01.079	Neural Basis for Looming Size and Velocity Encoding in the Drosophila Giant Fiber Escape Pathway.	Current Biology	Identified neuron classes in vertebrate cortical [1-4] and subcortical [5-8] areas and invertebrate peripheral [9-11] and central [12-14] brain neuropils encode specific visual features of a panorama. How downstream neurons integrate these features to control 
10.1073/pnas.1813416116	Fundamental bounds on learning performance in neural circuits	Proceedings of the National Academy of S	Significance We show how neural circuits can use additional connectivity to achieve faster and more precise learning. Biologically, internal synaptic noise imposes an optimal size of network for learning a given task. Above the optimal size, addition of neuron
10.1109/isbi.2008.4541260	Automated lateral sectioning for Knife-Edge Scanning Microscopy	IEEE International Symposium on Biomedic	Recent advances in high-throughput microscopy are used to acquire large-scale anatomical information at the microscopic level. One of these methods, known as knife-edge scanning microscopy (KESM), allows large volumes of tissue to be imaged using physical sect
10.64898/2026.03.01.708750	Predictive coding and oscillations underlie the optomotor response in distant insect lineages	bioRxiv	The optomotor response (OMR) refers to animals’ distinctive turning response to rotating visual stimuli. It is assumed to be a predictable Stimulus-Response (S-R) behavior. Here we show in two phylogenetically and ecologically distant insects (ants and earwigs
10.1016/j.neuron.2013.08.024	Reelin mobilizes a VAMP7-dependent synaptic vesicle pool and selectively augments spontaneous neurotransmission	Neuron	Summary Reelin is a glycoprotein that is critical for proper layering of neocortex during development as well as dynamic regulation of glutamatergic postsynaptic signaling in mature synapses. Here we show that Reelin also acts presynaptically, resulting in rob
10.1038/nn.3220	Slow dynamics and high variability in balanced cortical networks with clustered connections	Nature Neuroscience	Anatomical studies demonstrate that excitatory connections in cortex are not uniformly distributed across a network but instead exhibit clustering into groups of highly connected neurons. The implications of clustering for cortical activity are unclear. We stu
10.1371/journal.pcbi.1009015	The gradient clusteron: A model neuron that learns to solve classification tasks via dendritic nonlinearities, structural plasticity, and gradient des	bioRxiv	Synaptic clustering on neuronal dendrites has been hypothesized to play an important role in implementing pattern recognition. Neighboring synapses on a dendritic branch can interact in a synergistic, cooperative manner via the nonlinear voltage-dependence of 
10.1016/j.celrep.2025.115330	Computational functions of precisely balanced neuronal microcircuits in an olfactory memory network.	Cell Reports	Models of balanced autoassociative memory networks predict that specific inhibition is critical to store information in connectivity. To explore these predictions, we characterized and manipulated different subtypes of fast-spiking interneurons in the posterio
10.1093/cercor/bhaf073	Information transfer and recovery for the sense of touch	bioRxiv	Transformation of postsynaptic potentials (PSPs) into action potentials (APs) is the rate-limiting step of communication in neural networks. The efficiency of this intracellular information transfer also powerfully shapes stimulus representations in sensory co
10.1109/cvpr.2009.5206848	ImageNet: A large-scale hierarchical image database	2009 IEEE Conference on Computer Vision 	The explosion of image data on the Internet has the potential to foster more sophisticated and robust models and algorithms to index, retrieve, organize and interact with images and multimedia data. But exactly how such data can be harnessed and organized rema
10.1038/s41592-022-01624-x	SyConn2: dense synaptic connectivity inference for volume electron microscopy	Nature Methods	The ability to acquire ever larger datasets of brain tissue using volume electron microscopy leads to an increasing demand for the automated extraction of connectomic information. We introduce SyConn2, an open-source connectome analysis toolkit, which works wi
10.3389/fncom.2025.1551555	Circuit-level modeling of prediction error computation of multi-dimensional features in voluntary actions	Frontiers Comput. Neurosci.	Introduction Predictive processing posits that the brain minimizes discrepancies between internal predictions and sensory inputs, offering a unifying account of perception, cognition, and action. In voluntary actions, it is thought to suppress self-generated s
10.7554/elife.108044	A comprehensive mechanosensory connectome reveals a somatotopically organized neural circuit architecture controlling stimulus-aimed grooming of the D	eLife	Animals respond to tactile stimulations of the body with location-appropriate behavior, such as aimed grooming. These responses are mediated by mechanosensory neurons distributed across the body, whose axons project into somatotopically organized brain regions
10.7554/elife.39196	Multiple neurons encode CrebB dependent appetitive long-term memory in the mushroom body circuit	eLife	Lasting changes in gene expression are critical for the formation of long-term memories (LTMs), depending on the conserved CrebB transcriptional activator. While requirement of distinct neurons in defined circuits for different learning and memory phases have 
10.1016/j.neuron.2021.08.035	The nematode C. elegans senses airborne sound	Neuron	SUMMARY Unlike olfaction, taste, touch, vision, and proprioception, which are widespread across animal phyla, hearing is found only in vertebrates and some arthropods. The vast majority of invertebrate species are thus considered insensitive to sound. Here, we
10.1007/978-3-540-87921-3_26	Quality Meshing of a Forest of Branching Structures	Proceedings of the 17th International Me	
10.1016/j.neucom.2018.11.017	Interneuronal gamma oscillations in hippocampus via adaptive exponential integrate-and-fire neurons	Neurocomputing	Abstract Fast neuronal oscillations in gamma frequencies are observed in neocortex and hippocampus during essential arousal behaviors. Through a four-variable Hodgkin–Huxley type model, Wang and Buzsaki have numerically demonstrated that such rhythmic activity
10.1073/pnas.0811698106	Oligomeric amyloid β associates with postsynaptic densities and correlates with excitatory synapse loss near senile plaques	Proceedings of the National Academy of S	Synapse loss correlates with a cognitive decline in Alzheimer's disease (AD), but whether this is caused by fibrillar deposits known as senile plaques or soluble oligomeric forms of amyloid β (Aβ) is controversial. By using array tomography, a technique that c
10.31202/ecjse.1523210	Investigation of Factors Affecting Motif-Based Short- and Long-Term Memory Behaviour in Brain Neuron Networks	El-Cezeri Fen ve Mühendislik Dergisi	Learning and memory formation in living things is a subject under investigation. It is thought that the memory formed in the brain's neural network structure is closely related to the connections between neurons. Connections called "motifs" have been identifie
10.1093/micmic/ozad067.611	Enhanced FIB-SEM Sample Preparation Methods and Pipeline for Comparative Biology.	Microscopy and Microanalysis	Technology advances are often driven by applications. The enhanced focused ion beam-scanning electron microscopy (FIB-SEM) [1, 2, 3] was initially developed to meet the grant challenge of Janelia’s Drosophila connectomics research [4], which requires nano-scal
10.1016/j.cub.2021.11.055	Retinal horizontal cells use different synaptic sites for global feedforward and local feedback signaling	Current Biology	Summary In the outer plexiform layer (OPL) of the mammalian retina, cone photoreceptors (cones) provide input to more than a dozen types of cone bipolar cell (CBC). In the mouse, this transmission is modulated by a single horizontal cell (HC) type. HCs perform
10.64898/2026.06.04.729906	Deconstructing a behavioral state: parallel neural integrators control distinct features of an aversive behavioral state in C. elegans	bioRxiv	Transient sensory stimuli can trigger long-lasting changes in behavior and cognition. For example, repeated aversive experiences can lead to persistent changes in arousal and mood. Specialized integrator circuits can store information about recent experiences,
10.1242/bio.038547	Localized disorganization of the cochlear inner hair cell synaptic region after noise exposure	Biology Open	ABSTRACT The prevalence and importance of hearing damage caused by noise levels not previously thought to cause permanent hearing impairment has become apparent in recent years. The damage to, and loss of, afferent terminals of auditory nerve fibres at the coc
10.7554/elife.08758	A neural command circuit for grooming movement control	eLife	Animals perform many stereotyped movements, but how nervous systems are organized for controlling specific movements remains unclear. Here we use anatomical, optogenetic, behavioral, and physiological techniques to identify a circuit in Drosophila melanogaster
10.1557/s43577-022-00282-w	Functional imaging of brain organoids using high-density microelectrode arrays	MRS bulletin	Abstract Studies have provided evidence that human cerebral organoids (hCOs) recapitulate fundamental milestones of early brain development, but many important questions regarding their functionality and electrophysiological properties persist. High-density mi
10.1101/2025.11.08.687380	Sensory processing reformats odor coding around valence and dynamics	bioRxiv	Extracting relevant features of a complex sensory signal typically involves sequential processing through multiple brain regions. However, identifying the logic and mechanisms of these transformations has been difficult, due to the challenges of measuring both
10.7554/elife.12432	A cellular and regulatory map of the cholinergic nervous system of C. elegans	eLife	Nervous system maps are of critical importance for understanding how nervous systems develop and function. We systematically map here all cholinergic neuron types in the male and hermaphrodite C. elegans nervous system. We find that acetylcholine (ACh) is the 
10.1107/s1600576721000194	Upscaling X-ray nanoimaging to macroscopic specimens	Journal of Applied Crystallography	In the era of diffraction-limited storage rings, can X-ray nanoimaging be extended to millimetre- or even centimetre-sized specimens such as whole mouse brains? The authors believe so and provide size-dependent imaging time and resource estimates based on calc
10.1038/nature18609	Species-specific wiring for direction selectivity in the mammalian retina	Nature	Directionally tuned signalling in starburst amacrine cell (SAC) dendrites lies at the heart of the circuit that detects the direction of moving stimuli in the mammalian retina. The relative contributions of intrinsic cellular properties and network connectivit
10.1088/1367-2630/13/5/053014	Can intrinsic noise induce various resonant peaks?		We theoretically describe how weak signals may be efficiently transmitted throughout more than one frequency range in noisy excitable media by a sort of stochastic multiresonance. This helps us to reinterpret recent experiments in neuroscience and to suggest t
10.3390/sym10100467	An Adversarial and Densely Dilated Network for Connectomes Segmentation	Symmetry	Automatic reconstructing of neural circuits in the brain is one of the most crucial studies in neuroscience. Connectomes segmentation plays an important role in reconstruction from electron microscopy (EM) images; however, it is rather challenging due to highl
10.1038/nn.3238	Identification of a dopamine pathway that regulates sleep and arousal in Drosophila	Nature Neuroscience	Sleep is required to maintain physiological functions, including memory, and is regulated by monoamines across species. Enhancement of dopamine signals by a mutation in the dopamine transporter (DAT) decreases sleep, but the underlying dopamine circuit respons
10.1016/0306-4522(90)90342-2	Synaptic organization of serotonin-like immunoreactive amacrine cells in the larval tiger salamander retina.	Neuroscience	Immunoelectron microscopy was used to investigate the ultrastructural features and synaptic relationships of serotonin-like immunoreactive amacrine cells in the larval tiger salamander retina. Serotonin-positive somas exhibited an evenly distributed peroxidase
10.3389/neuro.11.001.2008	Large-Scale Modeling – a Tool for Conquering the Complexity of the Brain	Frontiers Neuroinformatics	Is there any hope of achieving a thorough understanding of higher functions such as perception, memory, thought and emotion or is the stunning complexity of the brain a barrier which will limit such efforts for the foreseeable future? In this perspective we di
10.1016/s0896-6273(01)00518-9	Dynamics of spontaneous activity in neocortical slices.	Neuron	The flow of activity in the cortical microcircuitry is poorly understood. We use calcium imaging to reconstruct, with millisecond and single-cell resolution, the spontaneous activity of populations of neurons in unstimulated slices from mouse visual cortex. We
10.3389/fnana.2021.781314	Neuron Class and Target Variability in the Three-Dimensional Localization of SK2 Channels in Hippocampal Neurons as Detected by Immunogold FIB-SEM	Frontiers in Neuroanatomy	Small-conductance calcium-activated potassium (SK) channels are crucial for learning and memory. However, many aspects of their spatial organization in neurons are still unknown. In this study, we have taken a novel approach to answering these questions combin
10.1038/s41586-025-09784-4	Surface optimization governs the local design of physical networks	Nature	The brain’s connectome1, 2–3 and the vascular system4 are examples of physical networks whose tangible nature influences their structure, layout and, ultimately, their function. The material resources required to build and maintain these networks have inspired
10.1523/jneurosci.2223-18.2019	Activity-Dependent Remodeling of Drosophila Olfactory Sensory Neuron Brain Innervation during an Early-Life Critical Period	Journal of Neuroscience	Critical periods are windows of development when the environment has a pronounced effect on brain circuitry. Models of neurodevelopmental disorders, including autism spectrum disorders, intellectual disabilities, and schizophrenia, are linked to disruption of 
10.1093/bioinformatics/btq219	As-rigid-as-possible mosaicking and serial section registration of large ssTEM datasets	Bioinform.	Motivation: Tiled serial section Transmission Electron Microscopy (ssTEM) is increasingly used to describe high-resolution anatomy of large biological specimens. In particular in neurobiology, TEM is indispensable for analysis of synaptic connectivity in the b
10.1111/brv.12139	Design principles and developmental mechanisms underlying retinal mosaics	Biological Reviews of The Cambridge Phil	Most structures within the central nervous system (CNS) are composed of different types of neuron that vary in both number and morphology, but relatively little is known about the interplay between these two features, i.e. about the population dynamics of a gi
10.1007/978-1-62703-056-4_20	Correlative light-electron microscopy as a tool to study in vivo dynamics and ultrastructure of intracellular structures.	Methods in molecular biology	Correlative light-electron microscopy (CLEM) is a very effective technique that combines live-cell imaging and immuno-electron microscopy for ultrastructural morphological characterization of dynamic intracellular organelles. The use of green fluorescent prote
10.1007/s11064-025-04554-0	Dynamic and Homeostatic Neuron–Astrocyte Interactions at GABAergic Synapses	Neurochemical Research	Astrocytes support neuron function through a range of regulatory mechanisms, including synaptic modulation. There is a more comprehensive understanding of astrocyte contribution to transmission at excitatory synapses than inhibitory synapses. However, the syna