10.1016/j.media.2023.102768	Unpaired mesh-to-image translation for 3D fluorescent microscopy images of neurons	Medical Image Anal.	While Generative Adversarial Networks (GANs) can now reliably produce realistic images in a multitude of imaging domains, they are ill-equipped to model thin, stochastic textures present in many large 3D fluorescent microscopy (FM) images acquired in biologica
10.1155/2010/769207	Dendritic Spines and Development: Towards a Unifying Model of Spinogenesis—A Present Day Review of Cajal's Histological Slides and Drawings	Journal of Neural Transplantation and Pl	Dendritic spines receive the majority of excitatory connections in the central nervous system, and, thus, they are key structures in the regulation of neural activity. Hence, the cellular and molecular mechanisms underlying their generation and plasticity, bot
10.1016/0006-8993(84)91174-0	Dopamine-containing amacrine cells of rhesus monkey retina parallel rods in spatial distribution.	Brain Research	Dopamine-containing amacrine cells of rhesus monkey were found everywhere outside of the foveola in whole, flat retinas by the formaldehyde-glutaraldehyde fluorescent method. There were about 7500 such cells in a single retina and their density, determined by 
10.3389/fnbeh.2017.00102	Generating Executable Models of the Drosophila Central Complex	Frontiers in Behavioral Neuroscience	The central complex (CX) is a set of neuropils in the center of the fly brain that have been implicated as playing an important role in vision-mediated behavior and integration of spatial information with locomotor control. In contrast to currently available d
10.1016/j.neubiorev.2025.106417	The Cognitive Neuroscience of Memory Representations	Neuroscience and Biobehavioral Reviews	The present paper considers the cognitive neuroscience of memory from a representational perspective with the aim of shedding light on current empirical and theoretical issues. We focus on episodic memory, differentiating active versus latent, and cognitive ve
10.1016/j.celrep.2017.09.040	Overproduction of neurons is correlated with enhanced cortical ensembles and increased perceptual discrimination	Cell Reports	Summary Brains vary greatly in neuron number and density, even across individuals within the same species, yet it remains unclear if such variation leads to differences in brain function or behavior. By imaging cortical activity of a mouse model where neuronal
10.1101/2022.08.11.503144	Modeling and simulation of neocortical micro- and mesocircuitry (Part I, anatomy)	bioRxiv	The function of the neocortex is fundamentally determined by its repeating microcircuit motif, but also by its rich, interregional connectivity. We present a data-driven computational model of the anatomy of non-barrel primary somatosensory cortex of juvenile 
10.3109/01913123.2015.1043416	Lipofuscin Granules in the Epileptic Human Temporal Neocortex with Age	Ultrastructural Pathology	Lipofuscin granules (LGs), the "age pigments", are autofluorescent cell products from lysosomes that diverge in number and size among brain regions. Human temporal cortex from 20- to 55-year-old epileptic subjects were studied with the fat soluble dye Sudan Bl
10.1038/s41586-019-1034-5	A Potassium Channel β Subunit Couples Mitochondrial Electron Transport to Sleep	Nature	The essential but enigmatic functions of sleep1,2 must be reflected in molecular changes sensed by the brain’s sleep-control systems. In the fruitfly Drosophila, about two dozen sleep-inducing neurons3 with projections to the dorsal fan-shaped body (dFB) adjus
10.3389/fncir.2016.00041	Hebbian Wiring Plasticity Generates Efficient Network Structures for Robust Inference with Synaptic Weight Plasticity	bioRxiv	In the adult mammalian cortex, a small fraction of spines are created and eliminated every day, and the resultant synaptic connection structure is highly nonrandom, even in local circuits. However, it remains unknown whether a particular synaptic connection st
10.3389/fnsys.2012.00043	MR connectomics: a conceptual framework for studying the developing brain	Frontiers in Systems Neuroscience	The combination of advanced neuroimaging techniques and major developments in complex network science, have given birth to a new framework for studying the brain: “connectomics.” This framework provides the ability to describe and study the brain as a dynamic 
10.1073/pnas.1304921110	Connectome	Proceedings of the National Academy of S	Proceedings of the National Academy of Sciences (PNAS), a peer reviewed journal of the National Academy of Sciences (NAS) - an authoritative source of high-impact, original research that broadly spans the biological, physical, and social sciences.
10.1177/10738584261445356	Perisynaptic Astrocytic Processes as Communication Hubs and Early Sites of Dysfunction	The Neuroscientist	Astrocytes play key roles in shaping the synaptic environment, yet the cellular structures through which they interact with individual synapses remain incompletely understood. Perisynaptic astrocytic processes (PAPs) are ultrathin astrocytic leaflets that vari
10.3389/neuro.01.1.1.010.2007	Ultrastructure of Dendritic Spines: Correlation Between Synaptic and Spine Morphologies	Frontiers in Neuroscience	Dendritic spines are critical elements of cortical circuits, since they establish most excitatory synapses. Recent studies have reported correlations between morphological and functional parameters of spines. Specifically, the spine head volume is correlated w
10.1109/iccvw69036.2025.00604	From Natural to Nanoscale: Training ControlNet on Scarce FIB-SEM Data for Augmenting Semantic Segmentation Data	2025 IEEE/CVF International Conference o	Focused Ion Beam Scanning Electron Microscopy (FIB-SEM) is widely used for ultrastructural imaging, with segmentation of FIB-SEM stacks being essential for down-stream quantification and biological analysis. However, manual annotation of these datasets is labo
10.1016/j.neuron.2024.08.015	The sodium-bicarbonate cotransporter Slc4a5 mediates feedback at the first synapse of vision	Neuron	Summary Feedback at the photoreceptor synapse is the first neuronal circuit computation in vision, which influences downstream activity patterns within the visual system. Yet, the identity of the feedback signal and the mechanism of synaptic transmission are s
10.1126/sciadv.ads2852	Nervous system–wide analysis of all C. elegans cadherins reveals neuron-specific functions across multiple anatomical scales	Science Advances	Differential expression of cell adhesion proteins is a hallmark of cell-type diversity across the animal kingdom. Gene family-wide characterization of their organismal expression and function is, however, lacking. Using genome-engineered reporter alleles, we e
10.1080/10407413.2026.2651681	Contrasting Success in Neurotechnology: Sensory Substitution, Brain–Computer Interfaces, and the Limits of Dimensional Reduction	Ecological psychology	Abstract Neurotechnologies interfacing with sensory and motor systems have achieved markedly different outcomes despite pursuing similar restorative goals. Sensory substitution devices—which convert visual information to tactile or auditory signals with three 
10.1016/j.cub.2024.09.048	Substance P and dopamine form a “push-pull” system that diurnally regulates retinal gain	Current Biology	Summary The operation of the retina, like other brain circuits, is under modulatory control. One coordinator of changes in retinal function is dopamine, a neuromodulator released in a light-dependent way to adjust vision on a diurnal cycle. Here, we demonstrat
10.1093/cercor/bhq256	Locally synchronized astrocytes.	Cerebral Cortex	Astrocytes exhibit spontaneous calcium fluctuations. These activities have not been captured by large-scale recordings, and little is known about their collective dynamics. In situ and in vivo calcium imaging from hundreds (up to 2195) of astrocytes in the mou
10.1214/11-aoas467	Efficient methods for sampling spike trains in networks of coupled neurons		Monte Carlo approaches have recently been proposed to quantify connectivity in neuronal networks. The key problem is to sample from the conditional distribution of a single neuronal spike train, given the activity of the other neurons in the network. Dependenc
10.3389/fcell.2023.1076736	Light and focused ion beam microscopy workflow for resin-embedded tissues	Frontiers in Cell and Developmental Biol	Although the automated image acquisition with the focused ion beam scanning electron microscope (FIB-SEM) provides volume reconstructions, volume analysis of large samples remains challenging. Here, we present a workflow that combines a modified sample protoco
10.1091/mbc.e20-02-0156	AnnotatorJ: an ImageJ plugin to ease hand annotation of cellular compartments	bioRxiv	AnnotatorJ combines single-cell identification with deep learning and manual annotation. Cellular analysis quality depends on accurate and reliable detection and segmentation of cells so that the subsequent steps of analyses e.g. expression measurements may be
10.1128/mcb.01844-07	Staufen1 Regulation of Protein Synthesis-Dependent Long-Term Potentiation and Synaptic Function in Hippocampal Pyramidal Cells	Molecular and Cellular Biology	Staufen1 (Stau1) is an RNA-binding protein involved in transport, localization, decay, and translational control of mRNA. In neurons, it is present in cell bodies and also in RNA granules which are transported along dendrites. Dendritic mRNA localization might
10.1038/s41593-025-01942-1	Dynamics of glia and neurons regulate homeostatic rest, sleep and feeding behavior in Drosophila	Nature Neuroscience	Homeostatic processes, including sleep, are critical for brain function. Here we identify astrocyte-like glia (or astrocytes, AL) and ensheathing glia (EG), the two major classes of glia that arborize inside the brain, as brain-wide, locally acting homeostats 
10.1038/s41422-026-01218-8	The axon initial segment-associated microglia regulate neuronal activity and visual perception	Cell Research	As innate immune cells in the brain, microglia directly contact excitatory neurons and regulate their activities under various conditions; however, the mechanisms of direct microglia–neuron functional interactions remain largely unknown. Here, we identified on
10.1073/pnas.1618551114	Molecular codes for cell type specification in Brn3 retinal ganglion cells	Proceedings of the National Academy of S	Significance We report here transcriptome analysis by RNA sequencing (RNASeq) of genetically labeled and affinity-purified mouse retinal ganglion cell (RGC) populations. Using a previously established conditional knock-in reporter strategy, we label RGCs from 
10.1016/j.cophys.2018.04.004	Sex differences in Drosophila behavior: Qualitative and Quantitative Dimorphism	Current Opinion in Physiology	The importance of sex as a biological variable is being recognized by more and more researchers, including those using Drosophila melanogaster as a model organism. Differences between the two sexes are not confined to well-known reproductive behaviors, but inc
10.48550/arxiv.2406.19708	<NO TITLE>		We present a multi-scale differentiable brain modeling workflow utilizing BrainPy, a unique differentiable brain simulator that combines accurate brain simulation with powerful gradient-based optimization. We leverage this capability of BrainPy across differen
10.1038/s41467-024-47278-5	Dynamic encoding of temperature in the central circadian circuit coordinates physiological activities	Nature Communications	The circadian clock regulates animal physiological activities. How temperature reorganizes circadian-dependent physiological activities remains elusive. Here, using in-vivo two-photon imaging with the temperature control device, we investigated the response of
10.1016/j.celrep.2021.110128	Microglia sense neuronal activity via GABA in the early postnatal hippocampus.	Cell Reports	Microglia, the resident macrophages in the central nervous system, express receptors for classical neurotransmitters, such as γ-aminobutyric acid (GABA) and glutamate, suggesting that they sense synaptic activity. To detect microglial Ca2+ responses to neurona
10.1016/j.neubiorev.2012.02.006	Left-right asymmetries of behaviour and nervous system in invertebrates.	Neuroscience and Biobehavioral Reviews	Evidence of left-right asymmetries in invertebrates has begun to emerge, suggesting that lateralization of the nervous system may be a feature of simpler brains as well as more complex ones. A variety of studies have revealed sensory and motor asymmetries in b
10.1016/j.conb.2018.10.011	Function first: classifying cell types and circuits of the retina.	Current Opinion in Neurobiology	Cell type classification has been a major part of retina research for over one hundred years. In recent years, the ability to sample large populations of retinal cells has accelerated cell type classification based on different criteria like genetics, morpholo
10.3389/fncel.2019.00052	Genetically Encoded Voltage Indicators Are Illuminating Subcellular Physiology of the Axon	Frontiers in Cellular Neuroscience	Everything we see and do is regulated by electrical signals in our nerves and muscle. Ion channels are crucial for sensing and generating electrical signals. Two voltage-dependent conductances, Na+ and K+, form the bedrock of the electrical impulse in the brai
10.64898/2026.08.06.743205	Cortico-subcortical multi-head self-attention as a substrate for cognitive performance	bioRxiv	The neocortex is central to mammalian cognition, yet a computational framework that is both biologically constrained and capable of performing complex cognitive tasks remains missing. Here we show that cortico-thalamic circuits are well suited to implement mul
10.1007/s11571-014-9314-0	Noise-induced burst and spike synchronizations in an inhibitory small-world network of subthreshold bursting neurons	Cognitive Neurodynamics	We are interested in noise-induced firings of subthreshold neurons which may be used for encoding environmental stimuli. Noise-induced population synchronization was previously studied only for the case of global coupling, unlike the case of subthreshold spiki
10.1016/b978-0-323-85280-7.00014-2	Beyond the shortest path—diffusion-based routing strategies	Connectome Analysis	
10.1038/nature17936	PRINCIPLES UNDERLYING SENSORY MAP TOPOGRAPHY IN PRIMARY VISUAL CORTEX	Nature	The primary visual cortex contains a detailed map of the visual scene, which is represented according to multiple stimulus dimensions including spatial location, ocular dominance and stimulus orientation. The maps for spatial location and ocular dominance aris
10.1038/nrn3878	Disentangling calcium-driven astrocyte physiology	Nature Reviews Neuroscience	Astrocytes seem to rely on relatively sluggish and spatially blurred Ca(2+) waves to communicate with fast and point-precise neural circuits. This apparent discrepancy could, however, reflect our current inability to understand the microscopic mechanisms invol
10.3389/fnbeh.2023.1140657	In search of behavioral and brain processes involved in honey bee dance communication	Frontiers in Behavioral Neuroscience	Honey bees represent an iconic model animal for studying the underlying mechanisms affecting advanced sensory and cognitive abilities during communication among colony mates. After von Frisch discovered the functional value of the waggle dance, this complex mo
10.1038/s41467-018-05896-w	Disentangling astroglial physiology with a realistic cell model in silico	Nature Communications	Electrically non-excitable astroglia take up neurotransmitters, buffer extracellular K+ and generate Ca2+ signals that release molecular regulators of neural circuitry. The underlying machinery remains enigmatic, mainly because the sponge-like astrocyte morpho
10.3389/fnsyn.2018.00024	Structural Properties of Synaptic Transmission and Temporal Dynamics at Excitatory Layer 5B Synapses in the Adult Rat Somatosensory Cortex	Frontiers in Synaptic Neuroscience	Cortical computations rely on functionally diverse and highly dynamic synapses. How their structural composition affects synaptic transmission and plasticity and whether they support functional diversity remains rather unclear. Here, synaptic boutons on layer 
10.1073/pnas.1921294117	Mechanisms underlying homeostatic plasticity in the Drosophila mushroom body in vivo	Proceedings of the National Academy of S	Significance When a neuron fires, it excites or inhibits other neurons. These two opposing forces—excitation and inhibition—need to be carefully balanced in the brain for neural networks to function properly. Maintaining this balance requires homeostatic plast
10.1093/brain/awaa406	Three-dimensional analysis of synaptic organization in the hippocampal CA1 field in Alzheimer’s disease	Brain : a journal of neurology	Abstract Alzheimer’s disease is the most common form of dementia, characterized by a persistent and progressive impairment of cognitive functions. Alzheimer’s disease is typically associated with extracellular deposits of amyloid-β peptide and accumulation of 
10.1080/01677063.2018.1464568	Glia: from ‘just glue’ to essential players in complex nervous systems: a comparative view from flies to mammals	Journal of neurogenetics	In the last years, glial cells have emerged as central players in the development and function of complex nervous systems. Therefore, the concept of glial cells has evolved from simple supporting cells to essential actors. The molecular mechanisms that govern 
10.1073/pnas.2209531119	A novel post-developmental role of the Hox genes underlies normal adult behavior	Proceedings of the National Academy of S	Significance At the end of development, cells must deactivate the genetic programs that guided their differentiation and switch on the molecular code script that ensures cellular stability and physiology. Within the nervous system, while there is a substantial
10.1038/s41467-021-21735-x	Whole-brain tissue mapping toolkit using large-scale highly multiplexed immunofluorescence imaging and deep neural networks	Nature Communications	Mapping biological processes in brain tissues requires piecing together numerous histological observations of multiple tissue samples. We present a direct method that generates readouts for a comprehensive panel of biomarkers from serial whole-brain slices, ch
10.1007/s12021-022-09569-4	Petabyte-Scale Multi-Morphometry of Single Neurons for Whole Brains	Neuroinformatics	Recent advances in brain imaging allow producing large amounts of 3-D volumetric data from which morphometry data is reconstructed and measured. Fine detailed structural morphometry of individual neurons, including somata, dendrites, axons, and synaptic connec
10.1016/j.jsb.2013.08.012	Three-dimensional network of Drosophila brain hemisphere.	Journal of Structural Biology	The first step to understanding brain function is to determine the brain's network structure. We report a three-dimensional analysis of the brain network of the fruit fly Drosophila melanogaster by synchrotron-radiation tomographic microscopy. A skeletonized w
10.1016/j.jbiotec.2010.03.004	Automated detection and quantification of fluorescently labeled synapses in murine brain tissue sections for high throughput applications.	Journal of Biotechnology	The automated detection and quantification of fluorescently labeled synapses in the brain is a fundamental challenge in neurobiology. Here we have applied a framework, based on machine learning, to detect and quantify synapses in murine hippocampus tissue sect
10.1007/s11571-021-09687-w	Identifying super-feminine, super-masculine and sex-defining connections in the human braingraph	Cognitive Neurodynamics	For more than a decade now, we can discover and study thousands of cerebral connections with the application of diffusion magnetic resonance imaging (dMRI) techniques and the accompanying algorithmic workflow. While numerous connectomical results were publishe
10.1016/j.crmeth.2023.100520	Preserving extracellular space for high-quality optical and ultrastructural studies of whole mammalian brains	Cell Reports Methods	Summary Analysis of brain structure, connectivity, and molecular diversity relies on effective tissue fixation. Conventional tissue fixation causes extracellular space (ECS) loss, complicating the segmentation of cellular objects from electron microscopy datas
10.1093/cercor/bhm131	A larynx area in the human motor cortex.	Cerebral Cortex	The map of the human motor cortex has lacked a representation for the intrinsic musculature of the larynx ever since the electrical stimulation studies of Penfield. In addition, there has been no attempt to localize this area using neuroimaging techniques. Bec
10.3390/molecules25245897	Fluorescent and Electron-Dense Green Color Emitting Nanodiamonds for Single-Cell Correlative Microscopy	Molecules	Correlative light and electron microscopy (CLEM) is revolutionizing how cell samples are studied. CLEM provides a combination of the molecular and ultrastructural information about a cell. For the execution of CLEM experiments, multimodal fiducial landmarks ar
10.1101/2023.07.27.550815	The effective number of shared dimensions: A simple method for revealing shared structure between datasets	bioRxiv	A number of recent studies have sought to understand the behavior of artificial and biological neural networks by comparing representations across layers, networks and brain areas. Simultaneously, there has been growing interest in using dimensionality of a da
10.1523/jneurosci.20-05-01791.2000	NMDA Receptor-Mediated Subthreshold Ca2+ Signals in Spines of Hippocampal Neurons	Journal of Neuroscience	We have used rapid confocal microscopy to investigate the mechanism of Ca 2+ signals in individual dendritic spines of hippocampal CA1 pyramidal cells. The experiments focused on the signals that occur during single weak synaptic responses that were subthresho
10.1016/j.cell.2010.01.026	The Angelman Syndrome-associated ubiquitin ligase Ube3A regulates synapse development by ubiquitinating Arc	Cell	Angelman Syndrome is a debilitating neurological disorder caused by mutation of the E3 ubiquitin ligase Ube3A, a gene whose mutation has also recently been associated with autism spectrum disorders (ASDs). The function of Ube3A during nervous system developmen
10.1016/j.jneumeth.2013.10.021	Monitoring synaptic and neuronal activity in 3D with synthetic and genetic indicators using a compact acousto-optic lens two-photon microscope	Journal of Neuroscience Methods	Graphical abstract
10.1016/j.conb.2010.12.006	Molecular signals of plasticity at the tetrapartite synapse	Current Opinion in Neurobiology	The emergence of astroglia as an important participant of the synaptic machinery has led to the ‘tripartite synapse’ hypothesis. Recent findings suggest that synaptic signaling also involves the surrounding extracellular matrix (ECM). The ECM can incorporate a
10.1371/journal.pone.0146581	Neurokernel: An Open Source Platform for Emulating the Fruit Fly Brain	PLoS ONE	We have developed an open software platform called Neurokernel for collaborative development of comprehensive models of the brain of the fruit fly Drosophila melanogaster and their execution and testing on multiple Graphics Processing Units (GPUs). Neurokernel
10.1023/a:1014292023605	Soluble guanylate cyclases in the retina	Molecular and Cellular Biochemistry	Soluble guanylate cyclase catalyzes the formation of cyclic GMP using GTP as substrate. It is now well established that soluble guanylate cyclase is highly activated by nitric oxide, and that many of the effects of nitric oxide on various cells and tissues are
10.1002/cne.901530203	Observations on the synaptic organization of the retina of the albino rat: A light and electron microscopic study	The Journal of comparative neurology	Abstract An electron microscopic study of the retina of the albino rat, with particular emphasis on the synaptic organization of the inner and outer plexiform layers, has been correlated with specimens impregnated with a modified Golgi technique. The central e
10.1371/journal.pcbi.1002658	High-throughput Computer Method for 3D Neuronal Structure Reconstruction from the Image Stack of the Drosophila Brain and Its Applications	PLoS Comput. Biol.	Drosophila melanogaster is a well-studied model organism, especially in the field of neurophysiology and neural circuits. The brain of the Drosophila is small but complex, and the image of a single neuron in the brain can be acquired using confocal microscopy.
10.1523/eneuro.0208-19.2021	Characterization of the Brain Functional Architecture of Psychostimulant Withdrawal Using Single-Cell Whole-Brain Imaging	eNeuro	Abstract Numerous brain regions have been identified as contributing to withdrawal behaviors, but it is unclear the way in which these brain regions as a whole lead to withdrawal. The search for a final common brain pathway that is involved in withdrawal remai
10.1098/rstb.2014.0211	Light, heat, action: neural control of fruit fly behaviour	Philosophical Transactions of the Royal 	The fruit fly Drosophila melanogaster has emerged as a popular model to investigate fundamental principles of neural circuit operation. The sophisticated genetics and small brain permit a cellular resolution understanding of innate and learned behavioural proc
10.1101/2021.08.02.454613	Deploying photons for communication within neuronal networks		Deficiencies in neurotransmission lead to neurological disorders or misinterpretation of perceived threats. To restore defects in cellular communication, we developed a synthetic, photon-assisted synaptic transmission (PhAST) system. PhAST is based on lucifera
10.1038/nrn3567	Genes and circuits of courtship behaviour in Drosophila males	Nature Reviews Neuroscience	In Drosophila melanogaster, the causal links among a complex behaviour, single neurons and single genes can be demonstrated through experimental manipulations. A key player in establishing the male courtship circuitry is the fruitless (fru) gene, the expressio
10.1101/2021.12.23.474014	An extended toolkit for production and use of RVdG-CVS-N2c rabies viral vectors uncovers hidden hippocampal connections		From the large collection of molecular tools used to investigate neuronal connectivity, envA-pseudotyped rabies viral vectors (RVdGenvA) uniquely enable cell-type specific, trans-synaptic retrograde labeling. However, widespread use of the powerful and flexibl
10.1073/pnas.2310841121	Long-term neuropeptide modulation of female sexual drive via the TRP channel in Drosophila melanogaster	Proceedings of the National Academy of S	Significance Animals experience the mating-related “ticking of a biological clock” as their mating motivation or sexual drive changes over their lifespan. In the fruit fly, a female develops sexual drive over a couple of days after emergence, which is almost c
10.1016/j.celrep.2022.110382	Input rate encoding and gain control in dendrites of neocortical pyramidal neurons	Cell Reports	SUMMARY Elucidating how neurons encode network activity is essential to understanding how the brain processes information. Neocortical pyramidal cells receive excitatory input onto spines distributed along dendritic branches. Local dendritic branch nonlinearit
10.1038/nn736	Dendritic spine geometry is critical for AMPA receptor expression in hippocampal CA1 pyramidal neurons	Nature Neuroscience	Dendritic spines serve as preferential sites of excitatory synaptic connections and are pleomorphic. To address the structure-function relationship of the dendritic spines, we used two-photon uncaging of glutamate to allow mapping of functional glutamate recep
10.1093/bioinformatics/bty435	TomoEED: fast edge‐enhancing denoising of tomographic volumes	Bioinform.	Summary: TomoEED is an optimized software tool for fast feature‐preserving noise filtering of large 3D tomographic volumes on CPUs and GPUs. The tool is based on the anisotropic nonlinear diffusion method. It has been developed with special emphasis in the red
10.1016/j.ymeth.2014.12.013	Neuroinformatics of the Allen Mouse Brain Connectivity Atlas.	Methods	The Allen Mouse Brain Connectivity Atlas is a mesoscale whole brain axonal projection atlas of the C57Bl/6J mouse brain. Anatomical trajectories throughout the brain were mapped into a common 3D space using a standardized platform to generate a comprehensive a
10.1126/science.aaw5202	Cortical layer–specific critical dynamics triggering perception	Science	Brain circuit visualization and manipulation How are behaviorally relevant representations of the outside world initiated and manifested in the mammalian brain? Marshel et al. combined a channelrhodopsin with an improved holographic stimulation technique to ex
10.1016/j.neuron.2015.02.035	Specific wiring of distinct amacrine cells in the directionally selective retinal circuit permits independent coding of direction and size.	Neuron	Local and global forms of inhibition controlling directionally selective ganglion cells (DSGCs) in the mammalian retina are well documented. It is established that local inhibition arising from GABAergic starburst amacrine cells (SACs) strongly contributes to 
10.1515/revneuro.1995.6.3.177	An Analysis of Contemporary Morphological Concepts of Synaptic Remodelling in the CNS: Perforated Synapses Revisited	Reviews in the Neurosciences	Perforated synapses refer to a synaptic type found in the central nervous system. They are characterized by their large size and by a discontinuity of the postsynaptic density when viewed in transverse sections, and by a doughnut or horseshoe shape when viewed
10.1016/j.cell.2011.11.001	Computer vision in cell biology.	Cell	Computer vision refers to the theory and implementation of artificial systems that extract information from images to understand their content. Although computers are widely used by cell biologists for visualization and measurement, interpretation of image con
10.1371/journal.pone.0040844	Cranial Irradiation Alters Dendritic Spine Density and Morphology in the Hippocampus	PLoS ONE	Therapeutic irradiation of the brain is a common treatment modality for brain tumors, but can lead to impairment of cognitive function. Dendritic spines are sites of excitatory synaptic transmission and changes in spine structure and number are thought to repr
10.24963/ijcai.2023/68	Self-Supervised Neuron Segmentation with Multi-Agent Reinforcement Learning	International Joint Conference on Artifi	The performance of existing supervised neuron segmentation methods is highly dependent on the number of accurate annotations, especially when applied to large scale electron microscopy (EM) data. By extracting semantic information from unlabeled data, self-sup
10.1364/boe.544383	In vivo dual-plane 3-photon microscopy: spanning the depth of the mouse neocortex	Biomedical Optics Express	Cortical computations arise from patterns of neuronal activity that span across all cortical layers and cell types. Three-photon excitation has extended the depth limit of in vivo imaging within the mouse brain to encompass all cortical layers. However, simult
10.7554/elife.43194	Accelerated redevelopment of vocal skills is preceded by lasting reorganization of the song motor circuitry	eLife	Complex motor skills take considerable time and practice to learn. Without continued practice the level of skill performance quickly degrades, posing a problem for the timely utilization of skilled motor behaviors. Here we quantified the recurring development 
10.1016/j.cub.2023.07.041	Anatomical restructuring of a lateralized neural circuit during associative learning by asymmetric insulin signaling	Current Biology	SUMMARY Studies of neuronal connectivity in model organisms, i.e., of their connectomes, have been instrumental in dissecting the structure-function relationship of nervous systems. However, the limited sample size of these studies has impeded analyses into ho
10.1016/j.neubiorev.2022.104570	Dopaminergic muhsroom body neurons in Drosophila: flexibility of neuron identity in a model organism?	Neuroscience and Biobehavioral Reviews	In classical neuroscience, Dale´s principle postulates that neuronal identity is conferred by the specific neurotransmitter that it releases. However, the brain might be more tractable to specific situations regardless of specific specialisation which may cont
10.1093/jmicro/dfs069	Serial block-face scanning electron microscopy combined with double-axis electron beam tomography provides new insight into cellular relationships.	Microscopy	To evaluate the advantages of combination of two advanced electron microscopic technologies such as serial block-face scanning electron microscopy and double-axis electron beam tomography, we analyzed the three-dimensional morphology of cellular relationships 
10.7554/elife.13367	Whole-brain imaging reaches new heights (and lengths)	eLife	Advances in microscopy and sample preparation have led to the first ever mapping of individual neurons in the whole mouse brain.
10.1016/j.cub.2022.10.017	Transient active zone remodeling in the Drosophila mushroom body supports memory.	Current Biology	Elucidating how the distinct components of synaptic plasticity dynamically orchestrate the distinct stages of memory acquisition and maintenance within neuronal networks remains a major challenge. Specifically, plasticity processes tuning the functional and al
10.3389/fnana.2015.00076	The effects of neuron morphology on graph theoretic measures of network connectivity: the analysis of a two-level statistical model	Frontiers in Neuroanatomy	We developed a two-level statistical model that addresses the question of how properties of neurite morphology shape the large-scale network connectivity. We adopted a low-dimensional statistical description of neurites. From the neurite model description we d
10.1093/oxfordjournals.jmicro.a050414	Separation of synaptic vesicles from bovine cerebral cortex.	Journal of Electron Microscopy	Ken Kadota, Akira Takahashi, Mihoko Usami, Naoji Toyota, Noriyuki Miyazaki, Tomoko Kadota; Separation of Synaptic Vesicles from Bovine Cerebral Cortex, Jou
10.1016/j.celrep.2017.04.060	Inhibitory control of feature selectivity in an object motion sensitive circuit of the retina	Cell Reports	SUMMARY Object motion sensitive (OMS) W3-retinal ganglion cells (W3-RGCs) in mice respond to local movements in a visual scene, but remain silent during self-generated global image motion. The excitatory inputs that drive responses of W3-RGCs to local motion w
10.1016/j.neuron.2018.01.036	α-Actinin Anchors PSD-95 at Postsynaptic Sites	Neuron	SUMMARY Despite the central role PSD-95 plays in anchoring postsynaptic AMPARs, how PSD-95 itself is tethered to postsynaptic sites is not well understood. Here we show that the F-actin binding protein α-actinin binds to the very N-terminus of PSD-95. Knock-do
10.1016/j.jphysparis.2007.10.003	Effects of Hebbian learning on the dynamics and structure of random networks with inhibitory and excitatory neurons.	Journal of Physiology - Paris	The aim of the present paper is to study the effects of Hebbian learning in random recurrent neural networks with biological connectivity, i.e. sparse connections and separate populations of excitatory and inhibitory neurons. We furthermore consider that the n
10.1117/1.nph.11.s1.s11507	Fiber-based in vivo imaging: unveiling avenues for exploring mechanisms of synaptic plasticity and neuronal adaptations underlying behavior	Neurophotonics	Abstract. In recent decades, various subfields within neuroscience, spanning molecular, cellular, and systemic dimensions, have significantly advanced our understanding of the elaborate molecular and cellular mechanisms that underpin learning, memory, and adap
10.1016/j.conb.2021.03.015	Cell adhesion molecules regulating astrocyte-neuron interactions	Current Opinion in Neurobiology	A tripartite synapse is comprised of a neuronal presynaptic axon and a postsynaptic dendrite, which are closely ensheathed by a perisynaptic astrocyte process. Through their structural and functional association with thousands of neuronal synapses, astrocytes 
10.1038/s41592-025-02887-w	Universal consensus 3D segmentation of cells from 2D segmented stacks	Nature Methods	Cell segmentation is the foundation of a wide range of microscopy-based biological studies. Deep learning has revolutionized two-dimensional (2D) cell segmentation, enabling generalized solutions across cell types and imaging modalities. This has been driven b
10.1016/j.neuron.2023.12.002	Developmental transformation of Ca2+ channel-vesicle nanotopography at a central GABAergic synapse.	Neuron	The coupling between Ca2+ channels and release sensors is a key factor defining the signaling properties of a synapse. However, the coupling nanotopography at many synapses remains unknown, and it is unclear how it changes during development. To address these 
10.1146/annurev-vision-102016-061331	Higher-Order Areas of the Mouse Visual Cortex.	Annual Review of Vision Science	The brain has evolved to transform sensory information in the environment into neural representations that can be used for perception and action. Higher-order sensory cortical areas, with their increasingly complex receptive fields and integrative properties, 
10.1146/annurev-physiol-031220-095215	Temperature Sensation: From Molecular Thermosensors to Neural Circuits and Coding Principles	Annual Review of Physiology	Temperature is a universal cue and regulates many essential processes ranging from enzymatic reactions to species migration. Due to the profound impact of temperature on physiology and behavior, animals and humans have evolved sophisticated mechanisms to detec
10.1109/prmvai70103.2026.11605713	Topology, Time, and Spikes: A Systematic Investigation of Structural and Temporal Interactions in Neural Architectures	2026 IEEE International Conference on Pa	Neural network performance is influenced not only by parameter optimization but also by the underlying structural topology and temporal dynamics. In this work, we systematically investigate the interaction between network topology, temporal unfolding length, a
10.1038/s41467-023-44681-2	Functional neuronal circuits emerge in the absence of developmental activity	Nature Communications	The complex neuronal circuitry of the brain develops from limited information contained in the genome. After the genetic code instructs the birth of neurons, the emergence of brain regions, and the formation of axon tracts, it is believed that temporally struc
10.1039/c6nr01908k	Simultaneous cathodoluminescence and electron microscopy cytometry of cellular vesicles labeled with fluorescent nanodiamonds.	Nanoscale	Light and Transmission Electron Microscopies (LM and TEM) hold potential in bioimaging owing to the advantages of fast imaging of multiple cells with LM and ultrastructure resolution offered by TEM. Integrated or correlated LM and TEM are the current approache
10.1007/s10162-014-0480-x	How to Bury the Dead: Elimination of Apoptotic Hair Cells from the Hearing Organ of the Mouse	Journal of the Association for Research 	Hair cell death is a major cause of hearing impairment. Preservation of surface barrier upon hair cell loss is critical to prevent leakage of potassium-rich endolymph into the organ of Corti and to prevent expansion of cellular damage. Understanding of wound h
10.1038/ncomms6655	Reciprocal inhibition between sensory ASH and ASI neurons modulates nociception and avoidance in Caenorhabditis elegans	Nature Communications	Sensory modulation is essential for animal sensations, behaviours and survival. Peripheral modulations of nociceptive sensations and aversive behaviours are poorly understood. Here we identify a biased cross-inhibitory neural circuit between ASH and ASI sensor
10.1101/2020.10.28.358200	Ultrastructural view of astrocyte-astrocyte and astrocyte-synapse contacts within the hippocampus	bioRxiv	Astrocytes branch out and make contact at their interfaces. However, the ultrastructural interactions of astrocytes and astrocytes with their surroundings, including the spatial-location selectivity of astrocyte-synapse contacts, remain unknown. Here, the bran
10.1016/j.cub.2017.05.083	Motion Vision: Cortical Preferences Influenced by Retinal Direction Selectivity.	Current Biology	A recent study shows that retinal direction selectivity influences a subset of cells in primary visual cortex which respond to the optic flow associated with forward motion, while other cortical direction selective cells perform this computation independently.
10.1101/2020.04.11.037333	Parallel Visual Pathways with Topographic versus Nontopographic Organization Connect the Drosophila Eyes to the Central Brain	bioRxiv	One hallmark of the visual system is the strict retinotopic organization from the periphery towards the central brain, spanning multiple layers of synaptic integration. Recent Drosophila studies on the computation of distinct visual features have shown that re
10.1162/imag.a.1317	Bayesian insights into exchange and restriction in gray matter diffusion MRI	Imaging neuroscience	Abstract Biophysical models in diffusion MRI (dMRI) hold promise for characterizing gray matter tissue microstructure. Yet, the reliability of their parameter estimates remains largely under studied, especially in models that incorporate water exchange. In thi
10.1016/j.neuron.2020.09.005	Artificial Neural Networks for Neuroscientists: A Primer	Neuron	SUMMARY Artificial neural networks (ANNs) are essential tools in machine learning that have drawn increasing attention in neuroscience. Besides offering powerful techniques for data analysis, ANNs provide a new approach for neuroscientists to build models for 
10.1016/b978-0-12-800781-5.00012-8	Role of the Clustered Protocadherins in Promoting Neuronal Diversity and Function	Neural Surface Antigens	
10.1371/journal.pone.0227601	Switchable resolution in soft x-ray tomography of single cells	PLoS ONE	The diversity of living cells, in both size and internal complexity, calls for imaging methods with adaptable spatial resolution. Soft x-ray tomography (SXT) is a three-dimensional imaging technique ideally suited to visualizing and quantifying the internal or
10.3389/fbioe.2024.1357598	A leg model based on anatomical landmarks to study 3D joint kinematics of walking in Drosophila melanogaster	bioRxiv	Walking is the most common form of how animals move on land. The model organism Drosophila melanogaster has become increasingly popular for studying how the nervous system controls behavior in general and walking in particular. Despite recent advances in track
10.7554/elife.99545	Efficient coding in biophysically realistic excitatory-inhibitory spiking networks	eLife	The principle of efficient coding posits that sensory cortical networks are designed to encode maximal sensory information with minimal metabolic cost. Despite the major influence of efficient coding in neuroscience, it has remained unclear whether fundamental
10.1016/j.conb.2011.11.010	Computational Methods and Challenges for Large-Scale Circuit Mapping	Current Opinion in Neurobiology	Summary The connectivity architecture of neuronal circuits is essential to understand how brains work, yet our knowledge about the neuronal wiring diagrams remains limited and partial. Technical breakthroughs in labeling and imaging methods starting more than 
10.1515/revneuro-2022-0137	Efficient, continual, and generalized learning in the brain – neural mechanism of Mental Schema 2.0 –	Reviews in the Neurosciences	Abstract There has been tremendous progress in artificial neural networks (ANNs) over the past decade; however, the gap between ANNs and the biological brain as a learning device remains large. With the goal of closing this gap, this paper reviews learning mec
10.1016/j.neuron.2019.10.001	Natural Variation in a Dendritic Scaffold Protein Remodels Experience-Dependent Plasticity by Altering Neuropeptide Expression	Neuron	Summary The extent to which behavior is shaped by experience varies between individuals. Genetic differences contribute to this variation, but the neural mechanisms are not understood. Here, we dissect natural variation in the behavioral flexibility of two Cae
10.1098/rstb.2016.0154	Astrocytic control of synaptic function	Philosophical Transactions of the Royal 	Astrocytes intimately interact with synapses, both morphologically and, as evidenced in the past 20 years, at the functional level. Ultrathin astrocytic processes contact and sometimes enwrap the synaptic elements, sense synaptic transmission and shape or alte
10.1523/jneurosci.1620-21.2022	Dendritic domain-specific sampling of long-range axons shapes feedforward and feedback connectivity of L5 neurons	Journal of Neuroscience	Feedforward and feedback pathways interact in specific dendritic domains to enable cognitive functions such as predictive processing and learning. Based on axonal projections, hierarchically lower areas are thought to form synapses primarily on dendrites in mi
10.1016/j.cell.2013.11.045	Tachykinin-expressing neurons control male-specific aggressive arousal in Drosophila	Cell	Males of most species are more aggressive than females, but the neural mechanisms underlying this dimorphism are not clear. Here, we identify a neuron and a gene that control the higher level of aggression characteristic of Drosophila melanogaster males. Males
10.64898/2026.06.21.733621	Automated cryo-volume EM for high-resolution 3D imaging and in situ structural analysis of cells and tissues	bioRxiv	Cryo-volume electron microscopy (CVEM) enables three-dimensional imaging of biological ultrastructure in a near-native state but has been limited by low image contrast and charging artifacts that hinder data interpretation and complicate automation of data acq
10.1101/2022.04.05.487126	Can the Insect Path Integration Memory be a Bump Attractor?	bioRxiv	Many animal species are able to return to their nest after a foraging excursion without using familiar visual cues to guide them. They accomplish this by using a navigation competence known as path integration, which is vital in environments that do not have p
10.1016/j.conb.2018.10.004	Neuroplasticity in the acoustic startle reflex in larval zebrafish.	Current Opinion in Neurobiology	Learning is essential for animal survival under changing environments. Even in its simplest form, learning involves interactions between a handful of neuronal circuits, hundreds of neurons and many thousand synapses. In this review I will focus on habituation 
10.7554/elife.88824	The unique synaptic circuitry of specialized olfactory glomeruli in Drosophila melanogaster	bioRxiv	In the Drosophila olfactory system most odorants are encoded in the antennal lobe in a combinatory way, activating several glomerular circuits. However, odorants of particular ecological role for the fly are encoded through activation of a single specialized o
10.1007/bf00218858	The optic lobe of Drosophila melanogaster. I. A Golgi analysis of wild-type structure	Cell and Tissue Research	
10.1016/j.pneurobio.2019.01.008	The Roles of Supervised Machine Learning in Systems Neuroscience	Progress in neurobiology	Over the last several years, the use of machine learning (ML) in neuroscience has been rapidly increasing. Here, we review ML’s contributions, both realized and potential, across several areas of systems neuroscience. We describe four primary roles of ML withi
10.1371/journal.pbio.1002512	Spatial Embedding and Wiring Cost Constrain the Functional Layout of the Cortical Network of Rodents and Primates	PLoS Biology	Mammals show a wide range of brain sizes, reflecting adaptation to diverse habitats. Comparing interareal cortical networks across brains of different sizes and mammalian orders provides robust information on evolutionarily preserved features and species-speci
10.1152/jn.2001.86.3.1412	Glutamate receptors form hot spots on apical dendrites of neocortical pyramidal neurons.	Journal of Neurophysiology	Apical dendrites of layer V cortical pyramidal neurons are a major target for glutamatergic synaptic inputs from cortical and subcortical brain regions. Because innervation from these regions is somewhat laminar along the dendrites, knowing the distribution of
10.1101/2022.09.10.507000	High-resolution volumetric imaging constrains compartmental models to explore synaptic integration and temporal processing by cochlear nucleus globula	bioRxiv	Globular bushy cells (GBCs) of the cochlear nucleus play central roles in the temporal processing of sound. Despite investigation over many decades, fundamental questions remain about their dendrite structure, afferent innervation, and integration of synaptic 
10.1038/nmeth1107-975	Following the wires	Nature Methods	
10.1016/j.asd.2013.12.006	Clearing pigmented insect cuticle to investigate small insects' organs in situ using confocal laser-scanning microscopy (CLSM).	Arthropod structure & development	Various microscopic techniques allow investigating structures from submicron to millimeter range, however, this is only possible if the structures of interest are not covered by pigmented cuticle. Here, we present a protocol that combines clearing of pigmented
10.1101/pdb.top89	Array tomography: high-resolution three-dimensional immunofluorescence.	Cold Spring Harbor Protocols	INTRODUCTION Array tomography, which is described in this article, is a volumetric microscopy method based on physical serial sectioning. Ultrathin sections of a plastic-embedded tissue are cut using an ultramicrotome, bonded in an ordered array to a glass cov
10.1002/jemt.23459	2D and 3D immunogold localization on (epoxy) ultrathin sections with and without osmium tetroxide	Microscopy research and technique (Print	For nearly 50 years immunogold labeling on ultrathin sections has been successfully used for protein localization in laboratories worldwide. In theory and in practice, this method has undergone continual improvement over time. In this study, we carefully analy
10.1002/cne.22461	Subcellular distribution of α1G subunit of T‐type calcium channel in the mouse dorsal lateral geniculate nucleus	The Journal of comparative neurology	Abstract T‐type calcium channels play a pivotal role in regulating neural membrane excitability in the nervous system. However, the precise subcellular distributions of T‐type channel subunits and their implication for membrane excitability are not well unders
10.1016/j.celrep.2021.110106	Cholinergic feedback to bipolar cells contributes to motion detection in the mouse retina	Cell Reports	SUMMARY Retinal bipolar cells are second-order neurons that transmit basic features of the visual scene to postsynaptic partners. However, their contribution to motion detection has not been fully appreciated. Here, we demonstrate that cholinergic feedback fro
10.1126/sciadv.ade1136	Optogenetic polymerization and assembly of electrically functional polymers for modulation of single-neuron excitability	Science Advances	Ionic conductivity and membrane capacitance are two foundational parameters that govern neuron excitability. Conventional optogenetics has emerged as a powerful tool to temporarily manipulate membrane ionic conductivity in intact biological systems. However, n
10.1111/j.1749-6632.2010.05888.x	The human connectome: a complex network	Annals of the New York Academy of Scienc	The human brain is a complex network. An important first step toward understanding the function of such a network is to map its elements and connections, to create a comprehensive structural description of the network architecture. This paper reviews current e
10.1016/j.isci.2026.114902	Segmentally repeated ventral nerve cord circuits drive different leg rubbing behaviors in Drosophila grooming	iScience	Summary Animals recognize mechanosensory stimuli and generate targeted responses. Flies perform distinct leg rubbing movements depending on which of the legs is stimulated. While the leg that receives stimulus is always involved in cleaning, different adjacent
10.1016/j.conb.2025.103137	From neurons to novelty: Circuit mechanisms shaping courtship evolution	Current Opinion in Neurobiology	The vast diversity of animal behaviors has long inspired ethologists and neuroscientists, but circuit mechanisms driving this variation remain elusive. Recent advances in genetic tools and comparative approaches have enabled unprecedented insights into how neu
10.1016/j.tins.2026.01.011	The impact of dendritic mitochondrial heterogeneity on synapse function.	Trends in Neurosciences	Mitochondria are energy- and metabolite-producing organelles that are differentially distributed throughout neuronal axons and dendrites to meet unique energy demands. Emerging evidence indicates that mitochondria in dendrites can be molecularly, structurally,
10.1016/j.cub.2020.06.036	Making Feeding Decisions in the Drosophila Nervous System.	Current Biology	Feeding is one of the most fundamental activities of animals. Whether an animal will eat or not depends on sensory cues concerning nutrient availability and quality as well as on its growth, hormonal and metabolic state. These diverse signals, which originate 
10.1016/j.neuroscience.2017.06.005	A stable brain from unstable components: Emerging concepts and implications for neural computation.	Neuroscience	Neuroscientists have often described the adult brain in similar terms to an electronic circuit board- dependent on fixed, precise connectivity. However, with the advent of technologies allowing chronic measurements of neural structure and function, the emergin
10.1103/physreve.101.042124	Self-consistent formulations for stochastic nonlinear neuronal dynamics.	Physical Review E	Neural dynamics is often investigated with tools from bifurcation theory. However, many neuron models are stochastic, mimicking fluctuations in the input from unknown parts of the brain or the spiking nature of signals. Noise changes the dynamics with respect 
10.1016/j.tins.2015.09.002	Manuscript for TINS Forum: A postulate on the brain’s basic wiring logic	Trends in Neurosciences	How should evolution and development build the brain to be capable of flexible and generative cognition? I wish to put forth a “power-of-two”-based wiring logic that provides the basic computational principle in organizing the microarchitecture of cell assembl
10.1371/journal.pcbi.1006153	Functional triplet motifs underlie accurate predictions of single-trial responses in populations of tuned and untuned V1 neurons	bioRxiv	Visual stimuli are encoded in the activity patterns of neocortical neuronal populations. Trial-averaged neuronal activity is selectively modulated by particular visual stimulus parameters, such as the direction of a moving bar of light, resulting in well-defin
10.1016/j.neuron.2012.06.017	Target-Specific Expression of Presynaptic NMDA Receptors in Neocortical Microcircuits	Neuron	Summary Traditionally, NMDA receptors are located postsynaptically; yet, putatively presynaptic NMDA receptors (preNMDARs) have been reported. Although implicated in controlling synaptic plasticity, their function is not well understood and their expression pa
10.1523/jneurosci.5214-14.2015	Endogenous Sequential Cortical Activity Evoked by Visual Stimuli	Journal of Neuroscience	Although the functional properties of individual neurons in primary visual cortex have been studied intensely, little is known about how neuronal groups could encode changing visual stimuli using temporal activity patterns. To explore this, we used in vivo two
10.1002/cne.23244	ON Cone Bipolar Cell Axonal Synapses in the OFF Inner Plexiform Layer of the Rabbit Retina	The Journal of comparative neurology	Analysis of the rabbit retinal connectome RC1 reveals that the division between the ON and the OFF inner plexiform layer (IPL) is not structurally absolute. ON cone bipolar cells make noncanonical axonal synapses onto specific targets and receive amacrine cell
10.1126/sciadv.abf2806	Stable but not rigid: Chronic in vivo STED nanoscopy reveals extensive remodeling of spines, indicating multiple drivers of plasticity	Science Advances	STED microscopy uncovers a delicate balance of stability and volatility of stable spines in mouse cortex over 1 month. Excitatory synapses on dendritic spines of pyramidal neurons are considered a central memory locus. To foster both continuous adaption and th
10.1016/j.brainres.2014.10.054	Modulation of functional connectivity following visual adaptation: homeostasis in V1.	Brain Research	Sensory neurons exhibit remarkable adaptability in acquiring new optimal selectivity to unfamiliar features when a new stimulus becomes prevalent in the environment. In conventionally prepared adult anesthetized cats, we used visual adaptation to change the pr
10.1016/j.celrep.2018.08.068	Transsynaptic Binding of Orphan Receptor GPR179 to Dystroglycan-Pikachurin Complex Is Essential for the Synaptic Organization of Photoreceptors	Cell Reports	SUMMARY Establishing synaptic contacts between neurons is paramount for nervous system function. This process involves transsynaptic interactions between a host of cell adhesion molecules that act in cooperation with the proteins of the extracellular matrix to
10.1371/journal.pbio.0050119	Imaging the Impact of Cortical Microcirculation on Synaptic Structure and Sensory-Evoked Hemodynamic Responses In Vivo	PLoS Biology	In vivo two-photon microscopy was used to image in real time dendrites and their spines in a mouse photothrombotic stroke model that reduced somatosensory cortex blood flow in discrete regions of cortical functional maps. This approach allowed us to define rel
10.1016/j.ultramic.2023.113877	Optical STEM detection for scanning electron microscopy.	Ultramicroscopy	Recent advances in electron microscopy techniques have led to a significant scale up in volumetric imaging of biological tissue. The throughput of electron microscopes, however, remains a limiting factor for the volume that can be imaged in high resolution wit
10.64898/2026.02.27.708665	From local motifs to global dynamical stability in the mouse brain connectome	bioRxiv	Brain connectomics provides insights into the architectural organization of neural circuits across the brain. But it remains unclear how neurons and their connections give rise to brain-wide activity. Here, using a sparse detailed mouse brain connection map ca
10.1371/journal.pgen.1009456	Neuropeptide F signaling regulates parasitoid-specific germline development and egg-laying in Drosophila	PLoS Genetics	Drosophila larvae and pupae are at high risk of parasitoid infection in nature. To circumvent parasitic stress, fruit flies have developed various survival strategies, including cellular and behavioral defenses. We show that adult Drosophila females exposed to
10.1038/s41586-026-10220-4	Climbing fibres recruit disinhibition to enhance Purkinje cell calcium signals	Nature	Climbing fibre (CF) inputs to Purkinje cells (PCs) instruct plasticity and learning in the cerebellum1, 2–3. Paradoxically, CFs also excite molecular layer interneurons (MLIs)4,5, a cell type that inhibits PCs and can restrict plasticity and learning6,7. Howev
10.1016/j.brainresrev.2007.05.003	Toward a molecular catalogue of synapses.	Brain Research Reviews	1906 was a landmark year in the history of the study of the nervous system, most notably for the first 'neuroscience' Nobel prize given to the anatomists Ramon Y Cajal and Camillo Golgi. 1906 is less well known for another event, also of great significance for
10.1038/nn.3132	State and location dependence of action potential metabolic cost in cortical pyramidal neurons	Nature Neuroscience	Action potential generation and conduction requires large quantities of energy to restore Na(+) and K(+) ion gradients. We investigated the subcellular location and voltage dependence of this metabolic cost in rat neocortical pyramidal neurons. Using Na(+)/K(+
10.1016/j.jsb.2020.107492	Pathology of myelinated axons in the PLP-deficient mouse model of spastic paraplegia type 2 revealed by volume imaging using focused ion beam-scanning	Journal of Structural Biology	Graphical abstract
10.1038/s42003-023-05328-6	Positive and biphasic extracellular waveforms correspond to return currents and axonal spikes	bioRxiv	Multiple biophysical mechanisms may generate non-negative extracellular waveforms during action potentials, but the origin and prevalence of positive spikes and biphasic spikes in the intact brain are unknown. Using extracellular recordings from densely-connec
10.1016/j.neuroscience.2012.04.061	Beyond counts and shapes: Studying pathology of dendritic spines in the context of the surrounding neuropil through serial section electron microscopy	Neuroscience	Because dendritic spines are the sites of excitatory synapses, pathological changes in spine morphology should be considered as part of pathological changes in neuronal circuitry in the forms of synaptic connections and connectivity strength. In the past, spin
10.1016/j.neuron.2016.02.009	Recurrent Network models of sequence generation and memory	Neuron	SUMMARY Sequential activation of neurons is a common feature of network activity during a variety of behaviors, including working memory and decision making. Previous network models for sequences and memory emphasized specialized architectures in which a princ
10.1103/physrevx.4.021039	Balanced Networks of Spiking Neurons with Spatially Dependent Recurrent Connections		Networks of model neurons with balanced recurrent excitation and inhibition produce irregular and asynchronous spiking activity. We extend the analysis of balanced networks to include the known dependence of connection probability on the spatial separation bet
10.1523/jneurosci.5365-12.2013	Two Clusters of GABAergic Ellipsoid Body Neurons Modulate Olfactory Labile Memory in Drosophila	Journal of Neuroscience	In Drosophila , aversive olfactory memory is believed to be stored in a prominent brain structure, the mushroom body (MB), and two pairs of MB intrinsic neurons, the dorsal paired medial (DPM) and the anterior paired lateral (APL) neurons, are found to regulat
10.1016/j.mcn.2018.04.004	New approaches for solving old problems in neuronal protein trafficking	Molecular and cellular neurosciences	&NA; Fundamental cellular properties are determined by the repertoire and abundance of proteins displayed on the cell surface. As such, the trafficking mechanisms for establishing and maintaining the surface proteome must be tightly regulated for cells to resp
10.1016/bs.ctdb.2020.11.010	Development of motor circuits: From neuronal stem cells and neuronal diversity to motor circuit assembly.	Current Topics in Developmental Biology	In this review, we discuss motor circuit assembly starting from neuronal stem cells. Until recently, studies of neuronal stem cells focused on how a relatively small pool of stem cells could give rise to a large diversity of different neuronal identities. Hist
10.1523/jneurosci.4071-12.2013	Functional Heterogeneity in Neighboring Neurons of Cat Primary Visual Cortex in Response to Both Artificial and Natural Stimuli	Journal of Neuroscience	Neurons in primary visual cortex of many mammals are clustered according to their preference to stimulus parameters such as orientation and spatial frequency. Nevertheless, responses to complex visual stimuli are highly heterogeneous between adjacent neurons. 
10.3389/fninf.2011.00004	Informatics and Data Mining Tools and Strategies for the Human Connectome Project	Front. Neuroinform.	The Human Connectome Project (HCP) is a major endeavor that will acquire and analyze connectivity data plus other neuroimaging, behavioral, and genetic data from 1,200 healthy adults. It will serve as a key resource for the neuroscience research community, ena
10.1101/2023.09.12.557402	Toolkits for detailed and high-throughput interrogation of synapses in C. elegans	bioRxiv	Visualizing synaptic connectivity has traditionally relied on time-consuming electron microscopy-based imaging approaches. To scale the analysis of synaptic connectivity, fluorescent protein-based techniques have been established, ranging from the labeling of 
10.1002/cne.24157	Survey of retinal ganglion cell morphology in marmoset	The Journal of comparative neurology	Abstract In primate retina, the midget, parasol, and small bistratified cell populations form the large majority of ganglion cells. In addition, there is a variety of low‐density wide‐field ganglion cell types that are less well characterized. Here we studied 
10.23919/ccc58697.2023.10240396	Self-Organized Criticality in C. Elegans Neural Network	Cybersecurity and Cyberforensics Confere	The self-organized criticality is a fundamental property for organisms to perform normal functional activities. Extensive large-scale biological neural network researches have found the existence of self-organized criticality through avalanche phenomenon, whic
10.1111/jmi.12231	Correlation of two-photon in vivo imaging and FIB/SEM microscopy	Journal of Microscopy	Advances in the understanding of brain functions are closely linked to the technical developments in microscopy. In this study, we describe a correlative microscopy technique that offers a possibility of combining two‐photon in vivo imaging with focus ion beam
10.1016/j.neuron.2024.11.003	Differential behavioral engagement of inhibitory interneuron subtypes in the zebra finch brain	Neuron	Summary: Inhibitory interneurons are highly heterogeneous circuit elements often characterized by cell biological properties, but how these factors relate to specific roles underlying complex behavior remains poorly understood. Using chronic silicon probe reco
10.1002/advs.202511922	vEMINR: Ultra‐Fast Isotropic Reconstruction for Volume Electron Microscopy With Implicit Neural Representation	Advancement of science	Volume electron microscopy (vEM) is a powerful technique that enables 3D visualization of biological structures at the nanometer scale. However, vEM imaging relies on sequential scanning of 2D images, and due to section thickness limitations, the axial resolut
10.1007/978-1-4939-3615-1_16	Rapid and Semi-Automated Extraction of Neuronal Cell Bodies and Nuclei from Electron Microscopy Image Stacks	Methods in molecular biology	Connectomics—the study of how neurons wire together in the brain—is at the forefront of modern neuroscience research. However, many connectomics studies are limited by the time and precision needed to correctly segment large volumes of electron microscopy (EM)
10.1016/j.cub.2019.08.048	Spatiotemporally Asymmetric Excitation Supports Mammalian Retinal Motion Sensitivity	Current Biology	Summary The detection of visual motion is a fundamental function of the visual system. How motion speed and direction are computed together at the cellular level, however, remains largely unknown. Here, we suggest a circuit mechanism by which excitatory inputs
10.1101/2024.08.28.610055	Columnar cholinergic neurotransmission onto T5 cells of Drosophila	bioRxiv	Several nicotinic and muscarinic acetylcholine receptors (AChRs) are expressed in the brain of Drosophila melanogaster. However, the contribution of different AChRs to visual information processing remains poorly understood. T5 cells are the primary motion-sen
10.1101/2025.01.14.633085	Causal Spike Timing Dependent Plasticity Prevents Assembly Fusion in Recurrent Networks		The organization of neurons into functionally related assemblies is a fundamental feature of cortical networks, yet our understanding of how these assemblies maintain distinct identities while sharing members remains limited. Here we analyze how spike-timing-d
10.1186/s13040-018-0183-7	A fast forward 3D connection algorithm for mitochondria and synapse segmentations from serial EM images	BioData Mining	It is becoming increasingly clear that the quantification of mitochondria and synapses is of great significance to understand the function of biological nervous systems. Electron microscopy (EM), with the necessary resolution in three directions, is the only a
10.1126/science.1260088	Expansion Microscopy	Science	Overcoming the limits of the microscope The resolution of a light microscope is limited. Physicists have long since worked out what these limits are and which parameters determine the spatial resolution. Many groups have nevertheless made numerous attempts to 
10.1523/jneurosci.0778-19.2019	Connectomic Identification and Three-Dimensional Color Tuning of S-OFF Midget Ganglion Cells in the Primate Retina	Journal of Neuroscience	In the trichromatic primate retina, the “midget” retinal ganglion cell is the classical substrate for red–green color signaling, with a circuitry that enables antagonistic responses between long (L)- and medium (M)-wavelength-sensitive cone inputs. Previous ph
10.1016/j.tins.2016.11.007	Weighing the Evidence in Peters’ Rule: Does Neuronal Morphology Predict Connectivity?	Trends in Neurosciences	Although the importance of network connectivity is increasingly recognized, identifying synapses remains challenging relative to the routine characterization of neuronal morphology. Thus, researchers frequently employ axon–dendrite colocations as proxies of po
10.7554/elife.46839	Local synaptic inputs support opposing, network-specific odor representations in a widely projecting modulatory neuron	eLife	Serotonin plays different roles across networks within the same sensory modality. Previously, we used whole-cell electrophysiology in Drosophila to show that serotonergic neurons innervating the first olfactory relay are inhibited by odorants (Zhang and Gaudry
10.1117/1.nph.6.1.015005	Light-sheet fluorescence expansion microscopy: fast mapping of neural circuits at super resolution	Neurophotonics	Abstract. The goal of understanding the architecture of neural circuits at the synapse level with a brain-wide perspective has powered the interest in high-speed and large field-of-view volumetric imaging at subcellular resolution. Here, we developed a method 
10.1016/b978-0-12-416026-2.00011-x	Targeted ultramicrotomy: a valuable tool for correlated light and electron microscopy of small model organisms.	Methods in Cell Biology	Correlative light and electron microscopy (CLEM) is used when one needs to combine both imaging modalities on the same sample. When working on living small model organisms, such as Caenorhabditis elegans, specific CLEM protocols are required to acquire high-re
10.1371/journal.pcbi.1007602	Developmental trajectory of Caenorhabditis elegans nervous system governs its structural organization	PLoS Comput. Biol.	A central problem of neuroscience involves uncovering the principles governing the organization of nervous systems which ensure robustness in brain development. The nematode Caenorhabditis elegans provides us with a model organism for studying this question. I
10.1101/2024.09.14.613036	Heterogeneous responses to embryonic critical period perturbations within the Drosophila larval locomotor circuit	bioRxiv	As developing neural circuits become functional, they undergo a phase of heightened plasticity that facilitates network tuning in response to intrinsic and/or extrinsic stimuli. These developmental windows are termed critical periods (CPs), because perturbatio
10.1085/jgp.107.4.535	Pharmacology of the skate electroretinogram indicates independent ON and OFF bipolar cell pathways	The Journal of General Physiology	Organization of afferent information into parallel ON and OFF pathways is a critical feature of the vertebrate visual system. All afferent visual information in the vertebrate retina reaches the inner plexiform layer (IPL) via bipolar cells. It is at the bipol
10.1002/mrd.22455	Three dimensional reconstruction by electron microscopy in the life sciences: An introduction for cell and tissue biologists	Molecular Reproduction and Development	SUMMARY Early applications of transmission electron microscopy (TEM) in the life sciences have contributed tremendously to our current understanding at the subcellular level. Initially limited to two‐dimensional representations of three‐dimensional (3D) object
10.64898/2026.06.12.730308	Developmental Continuity of Brain Network Core Organization in C. elegans	bioRxiv	The brain is the most captivating chef d’oeuvre of nature. Naturally then, the mind wonders about the process that births such a fascinating organ. Neurodevelopment is a complex yet robust phenomenon that conceals answers to our questions in its intricacies. I
10.20948/graphicon-2022-706-714	Generation and Study of the Synthetic Brain Electron Microscopy Dataset for Segmentation Purpose	Proceedings of the 32nd International Co	Advanced microscopy technologies such as electron microscopy have opened up a new field of vision for biomedical researchers. The use of artificial intelligence methods for processing EM data is largely difficult due to the small amount of annotated data at th
10.1016/j.neucom.2022.07.037	STDIN: Spatio-temporal distilled interpolation for electron microscope images	Neurocomputing	
10.7554/elife.38554	MDN brain descending neurons coordinately activate backward and inhibit forward locomotion	eLife	Command-like descending neurons can induce many behaviors, such as backward locomotion, escape, feeding, courtship, egg-laying, or grooming (we define ‘command-like neuron’ as a neuron whose activation elicits or ‘commands’ a specific behavior). In most animal
10.1073/pnas.2022395118	The narrowing of dendrite branches across nodes follows a well-defined scaling law	Proceedings of the National Academy of S	Significance To study the systematic variation of dendrite diameters, we established a superresolution method that allows us to resolve dendrite diameters in Drosophila class IV dendritic arborization neurons, a model cell for studying branching morphogenesis.
10.1093/sleep/zsab235	Identification of Ultrastructural Signatures of Sleep and Wake in the Fly Brain.	Sleep	The cellular consequences of sleep loss are poorly characterized. In the pyramidal neurons of mouse frontal cortex we found that mitochondria and secondary lysosomes occupy a larger proportion of the cytoplasm after chronic sleep restriction compared to sleep,
10.1016/0306-4522(83)90054-4	Dose-dependent effects of intravitreal kainic acid on specific cell types in chicken retina.	Neuroscience	In chicken retina, approximately two thirds of the bipolar cells and most amacrine cells are destroyed after intravitreal injection of from 20 to 60 nmoles of kainic acid. These cells, plus horizontal cells are destroyed after intravitreal injections of 120 nm
10.5772/58266	Big Challenges from the Little Brain — Imaging the Cerebellum		The cerebellum is a compact structure that has about one-ninth of the volume of the neocortex, but comprises more than half of the neurons in the central nervous system. While the cerebel‐ lum has historically been understood to assist with movement and balanc
10.3389/fnana.2022.760279	Automated Synapse Detection Method for Cerebellar Connectomics	Frontiers in Neuroanatomy	The connectomic analyses of large-scale volumetric electron microscope (EM) images enable the discovery of hidden neural connectivity. While the technologies for neuronal reconstruction of EM images are under rapid progress, the technologies for synapse detect
10.1016/j.cell.2015.11.021	Ig Superfamily Ligand and Receptor Pairs Expressed in Synaptic Partners in Drosophila	Cell	Summary Information processing relies on precise patterns of synapses between neurons. The cellular recognition mechanisms regulating this specificity are poorly understood. In the medulla of the Drosophila visual system, different neurons form synaptic connec
10.1007/978-4-431-56469-0_6	Insect Brains: Minute Structures Controlling Complex Behaviors	Diversity and Commonality in Animals	
10.1093/cercor/bhh121	Male-specific volume expansion of the human hippocampus during adolescence.	Cerebral Cortex	To clarify the developmental brain changes during adolescence, brain morphology was compared between healthy younger adolescent and elder adolescent subjects using both voxel-based morphometry (VBM) and volumetric region-of-interest (ROI) analysis of magnetic 
10.1101/2025.10.30.685642	Sensory receptor expansion and neural accommodation in butterfly color vision	bioRxiv	The evolution of complex brains required existing neurons and neural circuits to accommodate new inputs. The genetic and developmental mechanisms that enable such integration are largely unknown. Butterflies evolved more complex retinal mosaics through the add
10.7554/elife.49291	Monosynaptic tracing maps brain-wide afferent oligodendrocyte precursor cell connectivity	bioRxiv	Neurons form bona fide synapses with oligodendrocyte precursor cells (OPCs), but the circuit context of these neuron to OPC synapses remains incompletely understood. Using monosynaptically-restricted rabies virus tracing of OPC afferents, we identified extensi
10.7554/elife.54229	A neuropeptide regulates fighting behavior in Drosophila melanogaster	eLife	Aggressive behavior is regulated by various neuromodulators such as neuropeptides and biogenic amines. Here we found that the neuropeptide Drosulfakinin (Dsk) modulates aggression in Drosophila melanogaster. Knock-out of Dsk or Dsk receptor CCKLR-17D1 reduced 
10.1038/s41380-021-01292-x	Emerging strategies for the genetic dissection of gene functions, cell types, and neural circuits in the mammalian brain	Molecular Psychiatry	The mammalian brain is composed of a large number of highly diverse cell types with different molecular, anatomical, and functional features. Distinct cellular identities are generated during development under the regulation of intricate genetic programs and m
10.1016/j.neuroimage.2013.05.109	Connectomic approaches before the connectome	NeuroImage	Connectome is a term with a short history but a long past. Since the origins of neuroscience the concept of a 'map of neural connections' has been a constant inspiring idea for those who believed the brain as the organ of intellect. A myriad of proto-connectom
10.1523/jneurosci.06-02-00331.1986	The rod pathway in the rabbit retina: a depolarizing bipolar and amacrine cell	Journal of Neuroscience	Anatomical and electrophysiological techniques were combined to study the morphology, synaptic connections, and response properties of two neurons in the rod pathway of the rabbit retina: the rod bipolar cell and the narrow-field, bistratified (NFB) amacrine c
10.1093/cercor/bhz343	Volume Electron Microscopy Study of the Relationship Between Synapses and Astrocytes in the Developing Rat Somatosensory Cortex	Cerebral Cortex	Abstract In recent years, numerous studies have shown that astrocytes play an important role in neuronal processing of information. One of the most interesting findings is the existence of bidirectional interactions between neurons and astrocytes at synapses, 
10.1038/s41467-023-40527-z	A circuit suppressing retinal drive to the optokinetic system during fast image motion	Nature Communications	Optokinetic nystagmus (OKN) assists stabilization of the retinal image during head rotation. OKN is driven by ON direction selective retinal ganglion cells (ON DSGCs), which encode both the direction and speed of global retinal slip. The synaptic circuits resp
10.1101/2020.08.21.260984	Whole-animal connectome and cell-type complement of the three-segmented Platynereis dumerilii larva	bioRxiv	Nervous systems coordinate effectors across the body during movements. We know little about the cellular-level structure of synaptic circuits for such body-wide control. Here we describe the whole-body synaptic connectome and cell-type complement of a three-se
10.1038/srep43621	Automated sub-5 nm image registration in integrated correlative fluorescence and electron microscopy using cathodoluminescence pointers	Scientific Reports	In the biological sciences, data from fluorescence and electron microscopy is correlated to allow fluorescence biomolecule identification within the cellular ultrastructure and/or ultrastructural analysis following live-cell imaging. High-accuracy (sub-100 nm)
10.1007/978-3-642-33712-3_56	Globally Optimal Closed-Surface Segmentation for Connectomics	Lecture Notes in Computer Science	
10.1007/978-1-62703-517-0_9	Intracellular Loading and Rapid Calcium Imaging in Processes of Hippocampal Astrocytes	Neuromethods	In the brain, astrocytes modulate the transfer of information between neurons at the level of the synapse. Following their activation via receptors during synaptic transmission, these glial cells encode and in turn regulate the efficacy of transmission through
10.1371/journal.pcbi.1004347	Decreasing-Rate Pruning Optimizes the Construction of Efficient and Robust Distributed Networks	PLoS Comput. Biol.	Robust, efficient, and low-cost networks are advantageous in both biological and engineered systems. During neural network development in the brain, synapses are massively over-produced and then pruned-back over time. This strategy is not commonly used when de
10.1038/s41467-020-15648-4	Structural basis of astrocytic Ca2+ signals at tripartite synapses	Nature Communications	Astrocytic Ca2+ signals can be fast and local, supporting the idea that astrocytes have the ability to regulate single synapses. However, the anatomical basis of such specific signaling remains unclear, owing to difficulties in resolving the spongiform domain 
10.1016/j.neuroscience.2007.07.059	Reversible reduction in dendritic spines in CA1 of rat and ground squirrel subjected to hypothermia-normothermia in vivo: A three-dimensional electron	Neuroscience	A study was made at electron microscope level of changes in the three-dimensional (3-D) morphology of dendritic spines and postsynaptic densities (PSDs) in CA1 of the hippocampus in ground squirrels, taken either at low temperature during hibernation (brain te
10.1109/isbi.2019.8759576	Learning Metric Graphs for Neuron Segmentation in Electron Microscopy Images	IEEE International Symposium on Biomedic	In the deep metric learning approach to image segmentation, a convolutional net densely generates feature vectors at the pixels of an image. Pairs of feature vectors are trained to be similar or different, depending on whether the corresponding pixels belong t
10.1146/annurev-cellbio-100913-013020	Development of dendritic form and function.	Annual Review of Cell and Developmental 	The nervous system is populated by numerous types of neurons, each bearing a dendritic arbor with a characteristic morphology. These type-specific features influence many aspects of a neuron's function, including the number and identity of presynaptic inputs a
10.1038/s41586-025-09029-4	Whole-body physics simulation of fruit fly locomotion	Nature	The body of an animal influences how its nervous system generates behaviour1. Accurately modelling the neural control of sensorimotor behaviour requires an anatomically detailed biomechanical representation of the body. Here we introduce a whole-body model of 
10.1002/ar.24192	Contributions of Lorente de Nó to the Nonlinear Circuitry of the Brain	The Anatomical Record	Rafael Lorente de Nó, the youngest disciple of Santiago Ramón y Cajal, made significant and versatile contributions to the broad area of neuroscience. Present assay highlights the groundbreaking contributions of this Spanish investigator to neuronal connectivi
10.1038/s41592-019-0625-2	Simultaneous mesoscopic and two-photon imaging of neuronal activity in cortical circuits	Nature Methods	Spontaneous and sensory-evoked activity propagates across varying spatial scales in the mammalian cortex, but technical challenges have limited conceptual links between the function of local neuronal circuits and brain-wide network dynamics. We present a metho
10.1101/2024.03.27.586991	Circadian control of a sex-specific behavior in Drosophila	bioRxiv	An endogenous circadian clock controls many of the behavioral traits of Drosophila melanogaster. This “clock” relies on the activity of interconnected clusters of neurons that harbor the clock machinery. The hierarchy among clusters involved in the control of 
10.1007/s10827-017-0649-5	Exact analytical results for integrate-and-fire neurons driven by excitatory shot noise	Journal of Computational Neuroscience	A neuron receives input from other neurons via electrical pulses, so-called spikes. The pulse-like nature of the input is frequently neglected in analytical studies; instead, the input is usually approximated to be Gaussian. Recent experimental studies have sh
10.1038/s41598-021-99531-2	Compartment specific regulation of sleep by mushroom body requires GABA and dopaminergic signaling	Scientific Reports	Sleep is a fundamental behavioral state important for survival and is universal in animals with sufficiently complex nervous systems. As a highly conserved neurobehavioral state, sleep has been described in species ranging from jellyfish to humans. Biogenic am
10.1126/science.1193378	From the Connectome to the Synaptome: An Epic Love Story	Science	Connections by Degree A recent explosion of data and of large projects dealing with the problem of connectivity in the human brain has not yet led to clear strategies to study connectomes. DeFelipe (p. 1198 ) reviews the intellectual history of the field, from
10.1101/2024.10.14.618245	Direct segmentation of cortical cytoarchitectonic domains using ultra-high-resolution whole-brain diffusion MRI		Abstract We assess the potential of detecting cortical laminar patterns and areal borders by directly clustering voxel values of microstructural parameters derived from high-resolution mean apparent propagator (MAP) magnetic resonance imaging (MRI), as an alte
10.3389/fnins.2025.1750272	Structure–function relationships across scales: implications for atlases	Frontiers in Neuroscience	Neuroscience aims to understand how the structural and functional organization of the brain relates to behavior. Structural studies at the cellular level establish the neurobiological framework for understanding function. Structure is only part of the story ho
10.1109/cvpr.2016.26	Affinity CNN: Learning Pixel-Centric Pairwise Relations for Figure/Ground Embedding	Computer Vision and Pattern Recognition	Spectral embedding provides a framework for solving perceptual organization problems, including image segmentation and figure/ground organization. From an affinity matrix describing pairwise relationships between pixels, it clusters pixels into regions, and, u
10.1016/j.neurobiolaging.2016.12.001	Ultrastructural Evidence for Impaired Mitochondrial Fission in the Aged Rhesus Monkey Dorsolateral Prefrontal Cortex	Neurobiology of Aging	Dorsolateral prefrontal cortex (dlPFC) mediates high-order cognitive functions that are impaired early in the aging process in monkeys and humans. Here, we report pronounced changes in mitochondrial morphology in dendrites of dlPFC neurons from aged rhesus mac
10.1523/eneuro.0227-23.2023	Ultrastructure of Synaptic Connectivity within Subregions of the Suprachiasmatic Nucleus Revealed by a Genetically Encoded Tag and Serial Blockface El	eNeuro	Abstract The hypothalamic suprachiasmatic nucleus (SCN) is the central circadian pacemaker in vertebrates. The SCN receives photic information exclusively through melanopsin-expressing retinal ganglion cells (mRGCs) to synchronize circadian rhythms with the en
10.1038/nature24626	Ultra-selective looming detection from radial motion opponency	Nature	Nervous systems combine lower-level sensory signals to detect higher-order stimulus features critical to survival, such as the visual looming motion created by an imminent collision or approaching predator. Looming-sensitive neurons have been identified in div
10.1083/jcb.201803152	Fueling thought: Management of glycolysis and oxidative phosphorylation in neuronal metabolism	Journal of Cell Biology	Yellen reviews how cellular metabolism responds acutely to the intense energy requirements of neurons when they are stimulated.
10.1186/s12915-021-01110-4	Interspecies variation of larval locomotion kinematics in the genus Drosophila and its relation to habitat temperature	BMC Biology	Speed and trajectory of locomotion are the characteristic traits of individual species. Locomotion kinematics may have been shaped during evolution towards increased survival in the habitats of each species. Although kinematics of locomotion is thought to be i
10.7554/elife.26414	SynEM, automated synapse detection for connectomics	eLife	Nerve tissue contains a high density of chemical synapses, about 1 per µm3 in the mammalian cerebral cortex. Thus, even for small blocks of nerve tissue, dense connectomic mapping requires the identification of millions to billions of synapses. While the focus
10.1093/cercor/bhaa271	Excess Neuronal Branching Allows for Local Innervation of Specific Dendritic Compartments in Mature Cortex.	Cerebral Cortex	The connectivity of cortical microcircuits is a major determinant of brain function; defining how activity propagates between different cell types is key to scaling our understanding of individual neuronal behavior to encompass functional networks. Furthermore
10.1101/2020.12.22.424048	Heterogeneity of Neuronal Populations Within Columns of Primate V1 Revealed by High-Density Recordings	bioRxiv	Primary visual cortex (V1) has been the focus of extensive neurophysiological investigation, and its laminar organization provides a key exemplar of the functional logic of neocortical microcircuits. Using newly developed high-density, linear array probes, we 
10.1038/nprot.2013.086	Using transmission electron microscopy and 3View to determine collagen fibril size and three-dimensional organization	Nature Protocols	Collagen fibrils are the major tensile element in vertebrate tissues, in which they occur as ordered bundles in the extracellular matrix. Abnormal fibril assembly and organization results in scarring, fibrosis, poor wound healing and connective tissue diseases
10.1016/j.eurpsy.2018.02.003	The tetrapartite synapse: a key concept in the pathophysiology of schizophrenia	European psychiatry	Abstract Growing evidence points to synaptic pathology as a core component of the pathophysiology of schizophrenia (SZ). Significant reductions of dendritic spine density and altered expression of their structural and molecular components have been reported in
10.1371/journal.pcbi.1011480	Emergent spatial goals in an integrative model of the insect central complex	PLoS Comput. Biol.	The insect central complex appears to encode and process spatial information through vector manipulation. Here, we draw on recent insights into circuit structure to fuse previous models of sensory-guided navigation, path integration and vector memory. Specific
10.1016/j.bbr.2013.06.020	Monogenic heritable autism gene neuroligin impacts Drosophila social behaviour.	Behavioural Brain Research	Autism spectrum disorders (ASDs) are characterized by deficits in social interactions, language development and repetitive behaviours. Multiple genes involved in the formation, specification and maintenance of synapses have been identified as risk factors for 
10.1016/j.neunet.2018.10.017	Heterogeneity of synaptic input connectivity regulates spike-based neuronal avalanches	Neural Networks	Our mysterious brain is believed to operate near a non-equilibrium point and generate critical self-organized avalanches in neuronal activity. A central topic in neuroscience is to elucidate the underlying circuitry mechanisms of neuronal avalanches in the bra
10.1371/journal.pbio.3002861	Community-based reconstruction and simulation of a full-scale model of the rat hippocampus CA1 region	PLoS Biology	The CA1 region of the hippocampus is one of the most studied regions of the rodent brain, thought to play an important role in cognitive functions such as memory and spatial navigation. Despite a wealth of experimental data on its structure and function, it ha
10.1016/j.tins.2025.10.002	A tiny vertebrate reveals brain-scale network functions	Trends in Neurosciences	In a recent article, Légaré and colleagues demonstrate that key mammalian brain network organizational features, which have been extensively mapped in human functional connectivity studies, are conserved in the tiny vertebrate brain of the larval zebrafish. Us
10.1002/dneu.22780	Axon growth and synaptic function: a balancing act for axonal regeneration and neuronal circuit formation in CNS trauma and disease	Developmental Neurobiology	Axons in the adult mammalian central nervous system (CNS) fail to regenerate inside out due to intrinsic and extrinsic neuronal determinants. During CNS development, axon growth, synapse formation, and function are tightly regulated processes allowing immature
10.7554/elife.64630	A robust method for particulate detection of a genetic tag for 3D electron microscopy	eLife	Genetic tags allow rapid localization of tagged proteins in cells and tissues. APEX, an ascorbate peroxidase, has proven to be one of the most versatile and robust genetic tags for ultrastructural localization by electron microscopy (EM). Here, we describe a s
10.64898/2026.03.31.715753	Axonal ensembles repeatedly cluster and order synapses along dendrites in mouse cortex	bioRxiv	Neuronal ensembles—groups of neurons that exhibit coordinated activity during behavior—are a fundamental feature of cortical computation. Dendritic branches amplify clustered synaptic inputs through local nonlinearities, suggesting that presynaptic groups migh
10.3389/fnmol.2023.1125087	Advances in neurexin studies and the emerging role of neurexin-2 in autism spectrum disorder	Frontiers in Molecular Neuroscience	Over the past 3 decades, the prevalence of autism spectrum disorder (ASD) has increased globally from 20 to 28 million cases making ASD the fastest-growing developmental disability in the world. Neurexins are a family of presynaptic cell adhesion molecules tha
10.1016/j.jneumeth.2014.01.022	A Modular Hierarchical Approach to 3D Electron Microscopy Image Segmentation	Journal of Neuroscience Methods	The study of neural circuit reconstruction, i.e., connectomics, is a challenging problem in neuroscience. Automated and semi-automated electron microscopy (EM) image analysis can be tremendously helpful for connectomics research. In this paper, we propose a fu
10.1038/nprot.2017.017	Diverse protocols for correlative super-resolution fluorescence imaging and electron microscopy of chemically fixed samples	Nature Protocols	Our groups have recently developed related approaches for sample preparation for super-resolution imaging within endogenous cellular environments using correlative light and electron microscopy (CLEM). Four distinct techniques for preparing and acquiring super
10.1101/2020.07.27.223321	Dense reconstruction of elongated cell lineages: overcoming suboptimum lineage encoding and sparse cell sampling	bioRxiv	Acquiring both lineage and cell-type information during brain development could elucidate transcriptional programs underling neuronal diversification. This is now feasible with single-cell RNA-seq combined with CRISPR-based lineage tracing, which generates gen
10.1016/j.crmeth.2022.100225	A versatile viral toolkit for functional discovery in the nervous system	Cell Reports Methods	Summary The ability to precisely control transgene expression is essential for basic research and clinical applications. Adeno-associated viruses (AAVs) are non-pathogenic and can be used to drive stable expression in virtually any tissue, cell type, or specie
10.1242/jcs.189001	Seeing is believing – multi-scale spatio-temporal imaging towards in vivo cell biology	Journal of Cell Science	ABSTRACT Life is driven by a set of biological events that are naturally dynamic and tightly orchestrated from the single molecule to entire organisms. Although biochemistry and molecular biology have been essential in deciphering signaling at a cellular and o
10.1152/physrev.00016.2007	Dendritic excitability and synaptic plasticity.	Physiological Reviews	Most synaptic inputs are made onto the dendritic tree. Recent work has shown that dendrites play an active role in transforming synaptic input into neuronal output and in defining the relationships between active synapses. In this review, we discuss how these 
10.1038/s41592-024-02226-5	RoboEM: automated 3D flight tracing for synaptic-resolution connectomics	bioRxiv	Mapping neuronal networks from 3-dimensional electron microscopy data still poses substantial reconstruction challenges, in particular for thin axons. Currently available automated image segmentation methods, while substantially progressed, still require human
10.1038/s41586-022-04742-w	Hmx gene conservation identifies the origin of vertebrate cranial ganglia	Nature	The evolutionary origin of vertebrates included innovations in sensory processing associated with the acquisition of a predatory lifestyle1. Vertebrates perceive external stimuli through sensory systems serviced by cranial sensory ganglia, whose neurons arise 
10.1167/iovs.61.8.13	Atlas of Human Retinal Pigment Epithelium Organelles Significant for Clinical Imaging	Investigative Ophthalmology and Visual S	Purpose To quantify organelles impacting imaging in the cell body and intact apical processes of human retinal pigment epithelium (RPE), including melanosomes, lipofuscin–melanolipofuscin (LM), mitochondria, and nuclei. Methods A normal perifovea of a 21-year-
10.1038/s42003-024-06697-2	Species–specific circuitry of double cone photoreceptors in two avian retinas	Communications Biology	In most avian retinas, double cones (consisting of a principal and accessory member) outnumber other photoreceptor types and have been associated with various functions, such as encoding luminance, sensing polarized light, and magnetoreception. However, their 
10.1016/j.neuroscience.2005.11.061	Inhibition of glutamate uptake in the spinal cord induces hyperalgesia and increased responses of spinal dorsal horn neurons to peripheral afferent st	Neuroscience	Glutamate is a primary excitatory neurotransmitter in the mammalian CNS. Glutamate released from presynaptic neurons is cleared from the synaptic cleft passively by diffusion and actively by glutamate transporters. In this study, the role of glutamate transpor
10.1523/jneurosci.20-21-08012.2000	A Glia-Derived Signal Regulating Neuronal Differentiation	Journal of Neuroscience	Astrocytes are present in large numbers in the nervous system, are associated with synapses, and propagate ionic signals. Astrocytes influence neuronal physiology by responding to and releasing neurotransmitters, but the mechanisms that establish the close int
10.1167/iovs.18-25753	Bipolar Cell Type-Specific Expression and Conductance of Alpha-7 Nicotinic Acetylcholine Receptors in the Mouse Retina	Investigative Ophthalmology and Visual S	Purpose Motion detection is performed by a unique neural network in the mouse retina. Starburst amacrine cells (SACs), which release acetylcholine and gamma-aminobutyric acid (GABA) into the network, are key neurons in the motion detection pathway. Although GA
10.1109/tpami.2024.3409634	DeepMulticut: Deep Learning of Multicut Problem for Neuron Segmentation From Electron Microscopy Volume	IEEE Transactions on Pattern Analysis an	Superpixel aggregation is a powerful tool for automated neuron segmentation from electron microscopy (EM) volume. However, existing graph partitioning methods for superpixel aggregation still involve two separate stages—model estimation and model solving, and 
10.1083/jcb.202208005	Deep neural network automated segmentation of cellular structures in volume electron microscopy	bioRxiv	Three-dimensional electron-microscopy is an important imaging modality in contemporary cell biology. Identification of intracellular structures is laborious and time-consuming, however, and seriously impairs effective use of a potentially powerful tool. Resolv
10.1016/j.conb.2009.03.009	Advances in the speed and resolution of light microscopy.	Current Opinion in Neurobiology	Neurobiological processes occur on spatiotemporal scales spanning many orders of magnitude. Greater understanding of these processes therefore demands improvements in the tools used in their study. Here we review recent efforts to enhance the speed and resolut
10.1101/2021.10.29.466492	Removing Inter-Experimental Variability from Functional Data in Systems Neuroscience	bioRxiv	Integrating data from multiple experiments is common practice in systems neuroscience but it requires inter-experimental variability to be negligible compared to the biological signal of interest. This requirement is rarely fulfilled; systematic changes betwee
10.1002/cne.20261	Identification and morphological classification of horizontal, bipolar, and amacrine cells within the zebrafish retina	The Journal of comparative neurology	Abstract Horizontal, bipolar, and amacrine cells in the zebrafish retina were morphologically characterized using DiOlistic techniques . In this method, 1,1′‐dioctadecyl‐3,3,3′,3′‐tetramethylindocarbocyanine perchlorate (DiI)‐coated microcarriers are shot at h
10.3389/fncir.2019.00065	The Organization of the Second Optic Chiasm of the Drosophila Optic Lobe	Front. Neural Circuits	Visual pathways from the compound eye of an insect relay to four neuropils, successively the lamina, medulla, lobula, and lobula plate in the underlying optic lobe. Among these neuropils, the medulla, lobula, and lobula plate are interconnected by the complex 
10.7717/peerj.18289	Nervous system guides behavioral immunity in Caenorhabditis elegans	PeerJ	Caenorhabditis elegans is a versatile model organism for exploring complex biological systems. Microbes and the external environment can affect the nervous system and drive behavioral changes in C. elegans. For better survival, C. elegans may develop behaviora
10.1101/2025.07.11.664263	‘Backpropagation and the brain’ realized in cortical error neuron microcircuits	bioRxiv	Neural responses to mismatches between expected and actual stimuli have been widely reported across different species. How does the brain use such error signals for learning? While global error signals can be useful, their ability to learn complex computation 
10.1016/s0006-3495(01)75846-8	The role of perisynaptic glial sheaths in glutamate spillover and extracellular Ca(2+) depletion.	Biophysical Journal	Recent findings suggest that rapid activation of extrasynaptic receptors and transient depletion of extracellular Ca(2+) may represent an important component of glutamatergic synaptic transmission. These phenomena imply a previously unrecognized role for synap
10.1016/j.neuron.2017.03.037	Chemogenetic Interrogation of a Brain-wide Fear Memory Network in Mice.	Neuron	Behavior depends on coordinated activity across multiple brain regions. Within such networks, highly connected hub regions are assumed to disproportionately influence behavioral output, although this hypothesis has not been systematically evaluated. Previously
10.3389/fnana.2018.00057	Neural Organization of A3 Mushroom Body Extrinsic Neurons in the Honeybee Brain	Frontiers in Neuroanatomy	In the insect brain, the mushroom body is a higher order brain area that is key to memory formation and sensory processing. Mushroom body (MB) extrinsic neurons leaving the output region of the MB, the lobes and the peduncle, are thought to be especially impor
10.1038/s41598-021-82187-3	Elucidating the complex organization of neural micro-domains in the locust Schistocerca gregaria using dMRI	Scientific Reports	To understand brain function it is necessary to characterize both the underlying structural connectivity between neurons and the physiological integrity of these connections. Previous research exploring insect brain connectivity has typically used electron mic
10.1038/s41593-023-01281-z	Ascending neurons convey behavioral state to integrative sensory and action selection brain regions	Nature Neuroscience	Knowing one’s own behavioral state has long been theorized as critical for contextualizing dynamic sensory cues and identifying appropriate future behaviors. Ascending neurons (ANs) in the motor system that project to the brain are well positioned to provide s
10.1016/j.neuroimage.2017.02.031	Functional connectomics from a "big data" perspective	NeuroImage	In the last decade, explosive growth regarding functional connectome studies has been observed. Accumulating knowledge has significantly contributed to our understanding of the brain's functional network architectures in health and disease. With the developmen
10.1016/j.mlwa.2026.100871	Harnessing machine learning for decoding Caenorhabditis elegans behavior	Machine Learning with Applications	Caenorhabditis elegans ( C. elegans ) has emerged as a genetically tractable model for decoding the neural and molecular underpinnings of behavior. Traditional methods of behavioral analysis are limited in scalability, resolution, and reproducibility, especial
10.1016/j.conb.2017.01.005	Multisensory integration in C. elegans	Current Opinion in Neurobiology	Multisensory integration is a neural process by which signals from two or more distinct sensory channels are simultaneously processed to form a more coherent representation of the environment. Multisensory integration, especially when combined with a survey of
10.1016/j.neuron.2024.11.008	The Unbearable Slowness of Being: Why do we live at 10 bits/s?	Neuron	This article is about the neural conundrum behind the slowness of human behavior. The information throughput of a human being is about 10 bits/s. In comparison, our sensory systems gather data at ∼ 109 bits/s. The stark contrast between these numbers remains u
10.1007/978-1-4939-9702-2_9	Serial Multiphoton Tomography and Analysis of Volumetric Images of the Mouse Brain	Neuromethods	
10.3389/fnsyn.2016.00028	Correlative Light Electron Microscopy: Connecting Synaptic Structure and Function	Frontiers in Synaptic Neuroscience	Many core paradigms of contemporary neuroscience are based on information obtained by electron or light microscopy. Intriguingly, these two imaging techniques are often viewed as complementary, yet separate entities. Recent technological advancements in micros
10.1101/2020.01.24.919217	Metastable attractors explain the variable timing of stable behavioral action sequences	bioRxiv	Natural animal behavior displays rich lexical and temporal dynamics, even in a stable environment. This implies that behavioral variability arises from sources within the brain, but the origin and mechanics of these processes remain largely unknown. Here, we f
10.3390/nano11010014	Cell Volume (3D) Correlative Microscopy Facilitated by Intracellular Fluorescent Nanodiamonds as Multi-Modal Probes	bioRxiv	Three-dimensional correlative light and electron microscopy (3D CLEM) are attaining popularity as a potential technique to explore the functional aspects of a cell together with high-resolution ultrastructural details across the cell volume. In order to perfor
10.1016/j.neuropharm.2006.07.021	Multiple forms of long-term plasticity at unitary neocortical layer 5 synapses.	Neuropharmacology	Long-term potentiation and depression (LTP and LTD) are cellular plasticity phenomena expressed at a variety of central synapses, and are thought to contribute to learning and developmental changes in circuitry. Recurrent neocortical layer-5 synapses are thoug
10.1101/2022.03.08.483420	A descending inhibitory mechanism of nociception mediated by an evolutionarily conserved neuropeptide system in Drosophila	bioRxiv	Nociception is a neural process that animals have developed to avoid potentially tissue-damaging stimuli. While nociception is triggered in the peripheral nervous system, its modulation by the central nervous system is a critical process in mammals, whose dysf
10.1017/s0952523819000117	Dynamics and sources of response variability and its coordination in visual cortex	Visual Neuroscience	Abstract The trial-to-trial response variability in sensory cortices and the extent to which this variability can be coordinated among cortical units have strong implications for cortical signal processing. Yet, little is known about the relative contributions
10.1371/journal.pbio.1001639	Integrated Electron Microscopy: Super-Duper Resolution	PLoS Biology	New developments in electron microscopy used in combination reveal the elegant architecture of cellular structures at very high resolution.
10.1146/annurev-neuro-072116-031418	Circuits and Mechanisms for Surround Modulation in Visual Cortex	Annual Review of Neuroscience	Surround modulation (SM) is a fundamental property of sensory neurons in many species and sensory modalities. SM is the ability of stimuli in the surround of a neuron’s receptive field (RF) to modulate (typically suppress) the neuron’s response to stimuli simu
10.1101/2022.08.31.506080	Embryonic cortical layer 5 pyramidal neurons form an active, transient circuit motif perturbed by autism-associated mutations	bioRxiv	Cortical circuits are composed predominantly of pyramidal-to-pyramidal neuron connections, yet their assembly during embryonic development is not well understood. We show that embryonic layer 5 pyramidal neurons, identified through single cell transcriptomics,
10.1038/s41467-024-49895-6	Contributions of cortical neuron firing patterns, synaptic connectivity, and plasticity to task performance	Nature Communications	Neuronal responses during behavior are diverse, ranging from highly reliable ‘classical’ responses to irregular ‘non-classically responsive’ firing. While a continuum of response properties is observed across neural systems, little is known about the synaptic 
10.1002/neu.480210712	Metamorphic-like changes in the nervous system of the nematode Caenorhabditis elegans.	Journal of Neurobiology	Abstract During postembryonic development of the nematode Caenorhabditis elegans , one class of embryonic motoneurons, the DD cells, respecifies its pattern of synaptic connections. At the same time, a closely related set of postembryonic motoneurons, the VD c
10.3389/fncom.2018.00009	Self-Consistent Scheme for Spike-Train Power Spectra in Heterogeneous Sparse Networks	Frontiers in Computational Neuroscience	Recurrent networks of spiking neurons can be in an asynchronous state characterized by low or absent cross-correlations and spike statistics which resemble those of cortical neurons. Although spatial correlations are negligible in this state, neurons can show 
10.1523/eneuro.0142-15.2016	LSPS/Optogenetics to Improve Synaptic Connectivity Mapping: Unmasking the Role of Basket Cell-Mediated Feedforward Inhibition	eNeuro	Abstract Neocortical pyramidal cells (PYRs) receive synaptic inputs from many types of GABAergic interneurons. Connections between parvalbumin (PV)-positive, fast-spiking interneurons (“PV cells”) and PYRs are characterized by perisomatic synapses and high-amp
10.1101/2024.09.26.614457	Undoing of firing rate adaptation enables invariant population codes	bioRxiv	Neural adaptation supports coding efficiency by tuning responses to prevailing stimulus statistics. However, when information is represented by neural populations, adaptation of individual units could degrade behaviorally relevant signals. Here we investigate 
10.1007/s12565-023-00720-y	Three-dimensional ultrastructure analysis of organelles in injured motor neuron	Anatomical Science International	Morphological analysis of organelles is one of the important clues for understanding the cellular conditions and mechanisms occurring in cells. In particular, nanoscale information within crowded intracellular organelles of tissues provide more direct implicat
10.1371/journal.pgen.1011582	Memory-like states created by the first ethanol experience are encoded into the Drosophila mushroom body learning and memory circuitry in an ethanol-s	PLoS Genetics	A first ethanol exposure creates three memory-like states in Drosophila. Ethanol memory-like states appear genetically and behaviorally paralleled to the canonical learning and memory traces anesthesia-sensitive, anesthesia-resistant, and long-term memory ASM,
10.1007/978-3-642-23623-5_82	Carving: Scalable Interactive Segmentation of Neural Volume Electron Microscopy Images	Lecture Notes in Computer Science	Interactive segmentation algorithms should respond within seconds and require minimal user guidance. This is a challenge on 3D neural electron microscopy images. We propose a supervoxel-based energy function with a novel background prior that achieves these go
10.1002/hipo.22536	LTP ENHANCES SYNAPTOGENESIS IN THE DEVELOPING HIPPOCAMPUS	Hippocampus	In adult hippocampus, long‐term potentiation (LTP) produces synapse enlargement while preventing the formation of new small dendritic spines. Here, we tested how LTP affects structural synaptic plasticity in hippocampal area CA1 of Long‐Evans rats at postnatal
10.1016/j.celrep.2025.116029	Transformation of radial glia into postnatal neural stem cells depends on birth	Cell Reports	SUMMARY A common feature of various postnatal stem cells is their close association with blood vessels. Postnatal neural stem cells (NSCs) in the ventricular-subventricular zone originate from fetal radial glia (RG), which possess NSC properties. Here, using l
10.7554/elife.09862	Stereotyped spatial patterns of functional synaptic connectivity in the cerebellar cortex	eLife	Motor coordination is supported by an array of highly organized heterogeneous modules in the cerebellum. How incoming sensorimotor information is channeled and communicated between these anatomical modules is still poorly understood. In this study, we used tra
10.1016/j.cub.2021.01.105	Interaction of "chromatic" and "achromatic" circuits in Drosophila color opponent processing.	Current Biology	Color vision is an important sensory capability of humans and many animals. It relies on color opponent processing in visual circuits that gradually compare the signals of photoreceptors with different spectral sensitivities. In Drosophila, this comparison beg
10.1111/jmi.12667	High-performance serial block-face SEM of non-conductive biological samples enabled by focal gas injection-based charge compensation	Journal of Microscopy	A longstanding limitation of imaging with serial block‐face scanning electron microscopy is specimen surface charging. This charging is largely due to the difficulties in making biological specimens and the resins in which they are embedded sufficiently conduc
10.1016/s0065-2660(09)65003-3	Mapping and manipulating neural circuits in the fly brain.	Advances in Genetics	Drosophila is a marvelous system to study the underlying principles that govern how neural circuits govern behaviors. The scale of the fly brain (approximately 100,000 neurons) and the complexity of the behaviors the fly can perform make it a tractable experim
10.1016/j.neucom.2020.11.067	A recurrent neural network model of C. elegans responses to aversive stimuli	Neurocomputing	Abstract Although the synaptic connections of the C. elegans connectome have been precisely mapped with detailed electron microscopy studies of nematode slices, their excitatory or inhibitory character is mostly unknown. This makes the C. elegans neural dynami
10.1007/s10479-020-03542-7	Operations Research Methods for Estimating the Population Size of Neuron Types	Annals of Operations Research	Understanding brain computation requires assembling a complete catalog of its architectural components. Although the brain is organized into several anatomical and functional regions, it is ultimately the neurons in every region that are responsible for cognit
10.1101/739136	Spherical deconvolution with tissue-specific response functions and multi-shell diffusion MRI to estimate multiple fiber orientation distributions (mF	bioRxiv	In diffusion MRI, spherical deconvolution approaches can resolve local white matter (WM) fiber orientation distributions (FOD) to produce state-of-the-art fiber tractography reconstructions. In contrast, spherical deconvolution typically produces suboptimal re
10.1101/2023.06.29.547138	Inferring Neuron-level Brain Circuit Connection via Graph Neural Network Amidst Small Established Connections	bioRxiv	Abstract Motivation Reconstructing neuron-level brain circuit network is a universally recognized formidable task. A significant impediment involves discerning the intricate interconnections among multitudinous neurons in a complex brain network. However, the 
10.1073/pnas.1819261116	Reciprocal modulation of 5-HT and octopamine regulates pumping via feedforward and feedback circuits in C. elegans	Proceedings of the National Academy of S	Significance Physiological regulation and behavior depend less on neurons than on neuronal circuits. Neurosignal integration is the basis of neurocircuit function. The modalities of neuroinformation integration are evolutionarily conserved in animals and human
10.1109/tpami.2019.2921327	Joint Segmentation and Path Classification of Curvilinear Structures	IEEE Transactions on Pattern Analysis an	Detection of curvilinear structures in images has long been of interest. One of the most challenging aspects of this problem is inferring the graph representation of the curvilinear network. Most existing delineation approaches first perform binary segmentatio
10.1002/adem.200900080	Imaging of Cell‐to‐Material Interfaces by SEM after in situ Focused Ion Beam Milling on Flat Surfaces and Complex 3D‐Fibrous Structures	Advanced Engineering Materials	Detailed analysis of the cell-to-implant interface needs to be performed prior to medical application. As these interfaces are often not accessible for direct visualization SEM after in situ focused ion beam milling was explored that allows selecting the regio
10.3389/fncom.2017.00048	Cliques of Neurons Bound into Cavities Provide a Missing Link between Structure and Function	Frontiers in Computational Neuroscience	The lack of a formal link between neural network structure and its emergent function has hampered our understanding of how the brain processes information. We have now come closer to describing such a link by taking the direction of synaptic transmission into 
10.1038/ncomms3038	In-vivo single neuron axotomy triggers axon regeneration to restore synaptic density in specific cortical circuits	Nature Communications	To what extent, how and when axons respond to injury in the highly interconnected grey matter is poorly understood. Here we use two-photon imaging and focused ion beam–scanning electron microscopy to explore, at synaptic resolution, the regrowth capacity of se
10.1016/j.neuron.2022.04.030	The Emergence and Influence of Internal States	Neuron	Animal behavior is shaped by a variety of “internal states” – partially hidden variables that profoundly shape perception, cognition, and action. The neural basis of internal states, such as fear, arousal, hunger, motivation, aggression, and many others, is a 
10.1007/978-3-030-32239-7_79	ACE-Net: Biomedical Image Segmentation with Augmented Contracting and Expansive Paths	International Conference on Medical Imag	Nowadays U-net-like FCNs predominate various biomedical image segmentation applications and attain promising performance, largely due to their elegant architectures, e.g., symmetric contracting and expansive paths as well as lateral skip-connections. It remain
10.1016/j.chembiol.2016.12.010	Precision Optogenetic Tool for Selective Single- and Multiple-Cell Ablation in a Live Animal Model System	Cell Chemical Biology	SUMMARY Cell ablation is a strategy to study cell lineage and function during development. Optogenetic methods are an important cell-ablation approach, and we have previously developed a mini singlet oxygen generator (miniSOG) tool that works in the living Cae
10.1007/978-3-642-74149-4_5	The Anatomy of Multiple Gabaergic and Glycinergic Pathways in the Inner Plexiform Layer of The Goldfish Retina	Neurobiology of the Inner Retina	
10.1371/journal.pcbi.1009879	Benchmarking of deep learning algorithms for 3D instance segmentation of confocal image datasets	bioRxiv	Segmenting three dimensional microscopy images is essential for understanding phenomena like morphogenesis, cell division, cellular growth and genetic expression patterns. Recently, deep learning (DL) pipelines have been developed which claim to provide high a
10.1038/s41467-023-41012-3	Heterogeneous receptor expression underlies non-uniform peptidergic modulation of olfaction in Drosophila	bioRxiv	Sensory systems are dynamically adjusted according to the animal’s ongoing needs by neuromodulators, such as neuropeptides. Although many neuropeptides are often widely-distributed throughout sensory networks, it is unclear whether such neuropeptides uniformly
10.1145/3381755.3381776	Closed-loop experiments on the BrainScaleS-2 architecture	Neuro Inspired Computational Elements Wo	The evolution of biological brains has always been contingent on their embodiment within their respective environments, in which survival required appropriate navigation and manipulation skills. Studying such interactions thus represents an important aspect of
10.1016/j.neuron.2021.08.028	A general principle of dendritic constancy: A neuron's size- and shape-invariant excitability.	Neuron	Reducing neuronal size results in less membrane and therefore lower input conductance. Smaller neurons are thus more excitable, as seen in their responses to somatic current injections. However, the impact of a neuron's size and shape on its voltage responses 
10.1016/j.cub.2025.05.051	Divergent synaptic dynamics originate parallel pathways for computation and behavior in an olfactory circuit	Current Biology	SUMMARY To enable diverse sensory processing and behavior, central circuits use divergent connectivity to create parallel pathways. However, linking synaptic and cellular mechanisms to the circuit-level segregation of computation has been challenging. Here, we
10.1016/s0079-6123(08)63609-2	Structural organization of GABAergic circuitry in ectotherm retinas.	Progress in Brain Research	
10.1016/j.jsb.2015.11.001	Myelinated mouse nerves studied by X-ray phase contrast zoom tomography.	Journal of Structural Biology	We have used X-ray phase contrast tomography to resolve the structure of uncut, entire myelinated optic, saphenous and sciatic mouse nerves. Intrinsic electron density contrast suffices to identify axonal structures. Specific myelin labeling by an osmium tetro
10.26508/lsa.202101068	MANF supports the inner hair cell synapse and the outer hair cell stereocilia bundle in the cochlea	Life Science Alliance	The authors show in the mouse how the auditory hair cell structural maintenance is perturbed by the inactivation of Manf and the concomitant ER stress, causing early-onset, progressive hearing loss. Failure in the structural maintenance of the hair cell stereo
10.1038/s41467-020-18632-0	Myelin replacement triggered by single-cell demyelination in mouse cortex	Nature Communications	Myelin, rather than being a static insulator of axons, is emerging as an active participant in circuit plasticity. This requires precise regulation of oligodendrocyte numbers and myelination patterns. Here, by devising a laser ablation approach of single oligo
10.1016/j.cell.2020.12.012	NeuroPAL: A Multicolor Atlas for Whole-Brain Neuronal Identification in C. elegans	Cell	SUMMARY Comprehensively resolving neuronal identities in whole-brain images is a major challenge. We achieve this in C. elegans by engineering a multicolor transgene called NeuroPAL (a neuronal polychromatic atlas of landmarks). NeuroPAL worms share a stereoty
10.1038/nrn1497	Parallel processing in the mammalian retina	Nature Reviews Neuroscience	Our eyes send different 'images' of the outside world to the brain - an image of contours (line drawing), a colour image (watercolour painting) or an image of moving objects (movie). This is commonly referred to as parallel processing, and starts as early as t
10.4103/1673-5374.217321	On the road towards the global analysis of human synapses	Neural Regeneration Research	Synapses are essential units for the flow of information in the brain. Over the last 70 years, synapses have been widely studied in multiple animal models including worms, fruit flies, and rodents. In comparison, the study of human synapses has evolved signifi
10.1101/2020.08.04.236042	Network-centered homeostasis through inhibition maintains hippocampal spatial map and cortical circuit function	bioRxiv	Despite ongoing experiential change, neural activity maintains remarkable stability. Such stability is thought to be mediated by homeostatic plasticity and is deemed to be critical for normal neural function. However, what aspect of neural activity does homeos
10.1101/2025.11.03.686448	Human-specific fast synaptic kinetics enable rapid detection of predictive features	bioRxiv	Abstract Humans can discern the underlying principles in complex environments, but the cellular basis of this ability is unclear. By comparing layer 2/3 cortical pyramidal neurons in five mammals (mouse, rat, marmoset, macaque and human), we found that human n
10.1049/iet-ipr.2019.1527	DenseUNet: densely connected UNet for electron microscopy image segmentation	IET Image Processing	Electron microscopy (EM) image segmentation plays an important role in computer-aided diagnosis of specific pathogens or disease. However, EM image segmentation is a laborious task and needs to impose experts knowledge, which can take up valuable time from res
10.1093/bioinformatics/btw165	Deep models for brain EM image segmentation: novel insights and improved performance	Bioinform.	Abstract Motivation: Accurate segmentation of brain electron microscopy (EM) images is a critical step in dense circuit reconstruction. Although deep neural networks (DNNs) have been widely used in a number of applications in computer vision, most of these mod
10.1371/journal.pgen.1006153	Aversive Behavior in the Nematode C. elegans Is Modulated by cGMP and a Neuronal Gap Junction Network	PLoS Genetics	All animals rely on their ability to sense and respond to their environment to survive. However, the suitability of a behavioral response is context-dependent, and must reflect both an animal’s life history and its present internal state. Based on the integrat
10.1371/journal.pone.0059759	Light-Emitting Channelrhodopsins for Combined Optogenetic and Chemical-Genetic Control of Neurons	PLoS ONE	Manipulation of neuronal activity through genetically targeted actuator molecules is a powerful approach for studying information flow in the brain. In these approaches the genetically targeted component, a receptor or a channel, is activated either by a small
10.1162/netn_a_00004	Nonrandom network connectivity comes in pairs	Network Neuroscience	Overrepresentation of bidirectional connections in local cortical networks has been repeatedly reported and is a focus of the ongoing discussion of nonrandom connectivity. Here we show in a brief mathematical analysis that in a network in which connection prob
10.1101/2022.06.27.497827	Local axonal translation sustains synapse-type-specific neurotransmission	bioRxiv	Dendritic protein synthesis is a well-known regulator of neurotransmission in the central nervous system. For example, local on-demand protein synthesis in dendrites is required for hippocampal long-term1,2 and homeostatic plasticity3. Although axonal protein 
10.1109/tmi.2022.3164343	Scalable Biologically-Aware Skeleton Generation for Connectomic Volumes	IEEE Transactions on Medical Imaging	As connectomic datasets exceed hundreds of terabytes in size, accurate and efficient skeleton generation of the label volumes has evolved into a critical component of the computation pipeline used for analysis, evaluation, visualization, and error correction. 
10.1101/2022.07.19.500315	Mechanosensory stimulation triggers sustained local motor activity in Drosophila melanogaster	bioRxiv	Most vertebrates and invertebrates such as Drosophila melanogaster are able to move in complex environments due to their ability to integrate sensory information along with motor commands. Mechanosensory structures exist along each leg to assist in motor coord
10.1111/j.1365-2818.2008.03104.x	Ultramicrotomy in the ESEM, a versatile method for materials and life sciences	Journal of Microscopy	Summary We here present the results of the first materials science analyses obtained with the prototype of a serial block‐face sectioning and imaging tool, 3View™ of Gatan, Inc (Pleasanton, CA, U.S.A.). It is a specially designed ultramicrotome operating in si
10.1016/j.neuron.2009.06.023	Synapse Distribution Suggests a Two-Stage Model of Dendritic Integration in CA1 Pyramidal Neurons	Neuron	SUMMARY Competing models have been proposed to explain how neurons integrate the thousands of inputs distributed throughout their dendritic trees. In a simple global integration model, inputs from all locations sum in the axon. In a two-stage integration model
10.1002/cne.24966	An open access mouse brain flatmap and upgraded rat and human brain flatmaps based on current reference atlases.	The Journal of comparative neurology	Here we present a flatmap of the mouse central nervous system (CNS) (brain) and substantially enhanced flatmaps of the rat and human brain. Also included are enhanced representations of nervous system white matter tracts, ganglia, and nerves, and an enhanced s
10.1016/j.neuron.2010.09.007	Molecular Mechanisms of Synaptic Specificity in Developing Neural Circuits	Neuron	The function of the brain depends on highly specific patterns of connections between populations of neurons. The establishment of these connections requires the targeting of axons and dendrites to defined zones or laminae, the recognition of individual target 
10.1101/2021.05.18.444689	Structure induces computational function in networks with diverse types of spiking neurons	bioRxiv	Nature endows networks of spiking neurons in the brain with innate computing capabilities. But it has remained an open problem how the genome achieves that. Experimental data imply that the genome encodes synaptic connection probabilities between neurons depen
10.1101/255570	Neural circuitry of a polycystin-mediated hydrodynamic startle response for predator avoidance	bioRxiv	Startle responses triggered by aversive stimuli including predators are widespread across animals. These coordinated whole-body actions require the rapid and simultaneous activation of a large number of muscles. Here we study a startle response in a planktonic
10.1016/s0896-6273(01)00489-5	Construction of complex receptive fields in cat primary visual cortex.	Neuron	In primary visual cortex, neurons are classified into simple cells and complex cells based on their response properties. Although the role of these two cell types in vision is still unknown, an attractive hypothesis is that simple cells are necessary to constr
10.70675/1df3f262ze471z4c22z84aazd6afebab3fc6	Anatomy, physiology and input connectivity of anterior thalamic neurons projecting to cortical head direction regions		  Le noyau thalamique antérieur est une région clé du système de la direction de la tête (HD). Les sous-noyaux anterodorsal (AD) et anteroventral (AV) reçoivent des afférences du corps mamillaire et transmettent ces informations à deux régions corticales HD : 
10.1007/s00429-014-0726-8	A gradual depth-dependent change in connectivity features of supragranular pyramidal cells in rat barrel cortex	Brain Structure and Function	Recent experimental evidence suggests a finer genetic, structural and functional subdivision of the layers which form a cortical column. The classical layer II/III (LII/III) of rodent neocortex integrates ascending sensory information with contextual cortical 
10.1002/cne.25045	The central nervous system of whip spiders (Amblypygi): Large mushroom bodies receive olfactory and visual input	The Journal of comparative neurology	Whip spiders (Amblypygi) are known for their nocturnal navigational abilities, which rely on chemosensory and tactile cues and, to a lesser degree, on vision. Unlike true spiders, the first pair of legs in whip spiders is modified into extraordinarily long sen
10.3389/fnins.2024.1384336	A lightweight data-driven spiking neuronal network model of Drosophila olfactory nervous system with dedicated hardware support	Frontiers in Neuroscience	Data-driven spiking neuronal network (SNN) models enable in-silico analysis of the nervous system at the cellular and synaptic level. Therefore, they are a key tool for elucidating the information processing principles of the brain. While extensive research ha
10.1523/jneurosci.3675-14.2015	Anatomical Identification of Extracellularly Recorded Cells in Large-Scale Multielectrode Recordings	Journal of Neuroscience	This study combines for the first time two major approaches to understanding the function and structure of neural circuits: large-scale multielectrode recordings, and confocal imaging of labeled neurons. To achieve this end, we develop a novel approach to the 
10.1016/j.preteyeres.2019.05.001	Voltage- and calcium-gated ion channels of neurons in the vertebrate retina.	Progress in retinal and eye research	In this review, we summarize studies investigating the types and distribution of voltage- and calciumgated ion channels in the different classes of retinal neurons: rods, cones, horizontal cells, bipolar cells, amacrine cells, interplexiform cells, and ganglio
10.7554/elife.52701	Sex-determining genes distinctly regulate courtship capability and target preference via sexually dimorphic neurons	eLife	For successful mating, a male animal must execute effective courtship behaviors toward a receptive target sex, which is female. Whether the courtship execution capability and upregulation of courtship toward females are specified through separable sex-determin
10.1038/s41593-024-01784-3	Predicting modular functions and neural coding of behavior from a synaptic wiring diagram	Nature Neuroscience	A long-standing goal in neuroscience is to understand how a circuit’s form influences its function. Here, we reconstruct and analyze a synaptic wiring diagram of the larval zebrafish brainstem to predict key functional properties and validate them through comp
10.1016/0165-3806(93)90088-r	Glutamatergic and GABAergic synaptic currents in ganglion cells from isolated retinae of pigmented rats during postnatal development.	Brain research. Developmental brain rese	This study was aimed at characterizing the earliest phases of synaptogenesis in the mammalian retina. Spontaneous activity of ganglion cells in the isolated superfused retina was used as an indicator for the functionality of synaptic connections. Retinal gangl
10.1038/s41583-024-00888-w	Understanding the molecular diversity of synapses	Nature Reviews Neuroscience	Synapses are composed of thousands of proteins, providing the potential for extensive molecular diversity to shape synapse type-specific functional specializations. In this Review, we explore the landscape of synaptic diversity and describe the mechanisms that
10.64898/2025.12.15.694449	Anesthesia-triggered dopaminergic bursts actively induce forgetting: a paradigm shift in understanding cold-shock amnesia	bioRxiv	Abstract Retrograde memory loss, the inability to recall events preceding amnesia onset, is a well-documented consequence of anesthesia. Recent discoveries, pioneered by Drosophila research, have challenged the view that forgetting is a passive process, and ha
10.3389/fnhum.2022.940842	From descriptive connectome to mechanistic connectome: Generative modeling in functional magnetic resonance imaging analysis	Frontiers in Human Neuroscience	As a newly emerging field, connectomics has greatly advanced our understanding of the wiring diagram and organizational features of the human brain. Generative modeling-based connectome analysis, in particular, plays a vital role in deciphering the neural mech
10.1109/embc46164.2021.9630350	Contrastive Learning for Mitochondria Segmentation	Annual International Conference of the I	Mitochondria segmentation in electron microscopy images is essential in neuroscience. However, due to the image degradation during the imaging process, the large variety of mitochondrial structures, as well as the presence of noise, artifacts and other sub-cel
10.48550/arxiv.2601.12464	Large-scale EM Benchmark for Multi-Organelle Instance Segmentation in the Wild	arXiv.org	Accurate instance-level segmentation of organelles in electron microscopy (EM) is critical for quantitative analysis of subcellular morphology and inter-organelle interactions. However, current benchmarks, based on small, curated datasets, fail to capture the 
10.1101/542456	Firing rate distributions in spiking networks with heterogeneous connectivity	bioRxiv	Meanfield theory for networks of spiking neurons based on the so-called diffusion approximation has been used to calculate certain measures of neuronal activity which can be compared with experimental data. This includes the distribution of firing rates across
10.1038/s41598-017-00981-4	Combination of High-density Microelectrode Array and Patch Clamp Recordings to Enable Studies of Multisynaptic Integration	Scientific Reports	We present a novel, all-electric approach to record and to precisely control the activity of tens of individual presynaptic neurons. The method allows for parallel mapping of the efficacy of multiple synapses and of the resulting dynamics of postsynaptic neuro
10.3390/cells13070573	Enhanced Release Probability without Changes in Synaptic Delay during Analogue–Digital Facilitation	Cells	Neuronal timing with millisecond precision is critical for many brain functions such as sensory perception, learning and memory formation. At the level of the chemical synapse, the synaptic delay is determined by the presynaptic release probability (Pr) and th
10.1038/s41467-019-10836-3	Learning cellular morphology with neural networks	Nature Communications	Reconstruction and annotation of volume electron microscopy data sets of brain tissue is challenging but can reveal invaluable information about neuronal circuits. Significant progress has recently been made in automated neuron reconstruction as well as automa
10.1038/s41567-020-01036-8	Capturing the continuous complexity of behaviour in Caenorhabditis elegans	Nature Physics	
10.7554/elife.57013	Three-dimensional synaptic organization of the human hippocampal CA1 field	bioRxiv	The hippocampal CA1 field integrates a wide variety of subcortical and cortical inputs, but its synaptic organization in humans is still unknown due to the difficulties involved studying the human brain via electron microscope techniques. However, we have show
10.1371/journal.pcbi.1012285	Parallel synapses with transmission nonlinearities enhance neuronal classification capacity	PLoS Comput. Biol.	Cortical neurons often establish multiple synaptic contacts with the same postsynaptic neuron. To avoid functional redundancy of these parallel synapses, it is crucial that each synapse exhibits distinct computational properties. Here we model the current to t
10.1101/2025.10.21.683766	Networks of sexually dimorphic neurons that regulate social behaviors in Drosophila	bioRxiv	Neural mechanisms underlying sexually dimorphic social behaviors remain enigmatic in most species. In Drosophila, sexually dimorphic P1/pC1x neurons have been described as a site of sensory integration that regulates mating and aggressive behaviors. We show th
10.1073/pnas.1918368117	Homeostatic mechanisms regulate distinct aspects of cortical circuit dynamics	Proceedings of the National Academy of S	Significance Despite decades of intense studies on homeostasis, network properties undergoing homeostatic regulation remain elusive. Furthermore, whether diverse forms of homeostatic plasticity are simply redundant or serve distinct functions is unclear. Here,
10.1523/jneurosci.5252-09.2010	Transcranial electric stimulation entrains cortical neuronal populations in rats	Journal of Neuroscience	Low intensity electric fields have been suggested to affect the ongoing neuronal activity in vitro and in human studies. However, the physiological mechanism of how weak electrical fields affect and interact with intact brain activity is not well understood. W
10.1016/j.conb.2023.102822	Descending control of motor sequences in Drosophila	Current Opinion in Neurobiology	The descending neurons connecting the fly’s brain to its ventral nerve cord respond to sensory stimuli and evoke motor programs of varying complexity. Anatomical characterization of the descending neurons and their synaptic connections suggests how these circu
10.1098/rspb.2018.2727	Neural arbors are Pareto optimal	Proceedings of the Royal Society B	Neural arbors (dendrites and axons) can be viewed as graphs connecting the cell body of a neuron to various pre- and post-synaptic partners. Several constraints have been proposed on the topology of these graphs, such as minimizing the amount of wire needed to
10.1523/jneurosci.0001-14.2014	Structured Synaptic Inhibition Has a Critical Role in Multiple-Choice Motion-Discrimination Tasks	Journal of Neuroscience	Neural network models have been constructed to explore the underlying neural mechanisms for decision-making in multiple-choice motion-discrimination tasks. Despite great progress made, several key experimental observations have not been interpreted. In contras
10.1016/j.isci.2025.113540	Entirely synthetic memory inception via dual optogenetic activation of sensory and dopaminergic neurons	bioRxiv	Associative conditioning is a fundamental learning paradigm that links salient stimuli to appropriate behavior. The vinegar fly is an important memory model that can associate odors with rewarding or punishing reinforcement stimuli via distinct sets of dopamin
10.1016/j.neuron.2014.08.029	Illuminating the multifaceted roles of neurotransmission in shaping neuronal circuitry	Neuron	Summary Across the nervous system, neurons form highly stereotypic patterns of synaptic connections that are designed to serve specific functions. Mature wiring patterns are often attained upon the refinement of early, less precise connectivity. Much work has 
10.1016/j.cell.2024.01.005	Integrating cellular electron microscopy with multimodal data to explore biology across space and time.	Cell	Biology spans a continuum of length and time scales. Individual experimental methods only glimpse discrete pieces of this spectrum but can be combined to construct a more holistic view. In this Review, we detail the latest advancements in volume electron micro
10.1038/s42003-026-10418-2	Cortical PV and VIP interneurons similarly influence SST neuron output despite distinct unitary properties	Communications Biology	Somatostatin (SST) expressing cells are powerful inhibitors of excitatory pyramidal neurons. It has been shown that SST cells are targeted by other inhibitory interneurons, namely parvalbumin- (PV) and vasoactive intestinal polypeptide- (VIP) expressing cells 
10.64898/2026.02.04.703894	Time perception follows Weber’s law in Drosophila	bioRxiv	The ability to perceive time is essential for adaptive behavior, enabling organisms to respond to change, coordinate actions, and predict future events in dynamic environments and during social interactions. However, its evolutionary origins and underlying neu
10.1093/cercor/bhx233	Random recurrent networks near criticality capture the broadband power distribution of human ECoG dynamics	bioRxiv	Brain electric field potentials are dominated by an arrhythmic broadband signal, but the underlying mechanism is poorly understood. Here we propose that broadband power spectra characterize recurrent neural networks of nodes (neurons or clusters of neurons), e
10.1523/jneurosci.1346-14.2014	Experience-Dependent Emergence of Fine-Scale Networks in Visual Cortex	Journal of Neuroscience	Visual cortical neurons selectively respond to particular features of visual stimuli and this selective responsiveness emerges from specific connectivity in the cortex. Most visual response properties are basically established by eye opening and are thereafter
10.1016/j.bpj.2017.02.035	Visualizing Calcium Flux in Freely Moving Nematode Embryos.	Biophysical Journal	The lack of physiological recordings from Caenorhabditis elegans embryos stands in stark contrast to the comprehensive anatomical and gene expression datasets already available. Using light-sheet fluorescence microscopy to address the challenges associated wit
10.1101/2022.08.30.505842	A parcellation scheme of mouse isocortex based on reversals in connectivity gradients	bioRxiv	The brain is composed of several anatomically clearly separated structures. This parcellation is often extended into the isocortex, based on anatomical, physiological or functional differences. Here, we derive a parcellation scheme based purely on the spatial 
10.1038/s41467-018-07416-2	MFF-dependent mitochondrial fission regulates presynaptic release and axon branching by limiting axonal mitochondria size	Nature Communications	Neurons display extreme degrees of polarization, including compartment-specific organelle morphology. In cortical, long-range projecting, pyramidal neurons (PNs), dendritic mitochondria are long and tubular whereas axonal mitochondria display uniformly short l
10.1016/j.ymeth.2015.04.019	Correlative light and electron microscopy enables viral replication studies at the ultrastructural level.	Methods	Electron microscopy (EM) is a powerful tool to study structural changes within cells caused e.g. by ectopic protein expression, gene silencing or virus infection. Correlative light and electron microscopy (CLEM) has proven to be useful in cases when it is prob
10.1038/s41587-021-01094-0	Whole-cell segmentation of tissue images with human-level performance using large-scale data annotation and deep learning	Nature Biotechnology	A principal challenge in the analysis of tissue imaging data is cell segmentation—the task of identifying the precise boundary of every cell in an image. To address this problem we constructed TissueNet, a dataset for training segmentation models that contains
10.1016/j.biopsych.2019.05.015	Multiscale Neuroscience of Psychiatric Disorders.	Biological Psychiatry	The human brain comprises a multiscale network with multiple levels of organization. Neurons with dendritic and axonal connections form the microscale fabric of brain circuitry, and macroscale brain regions and white matter connections form the infrastructure 
10.1523/jneurosci.0004-15.2015	PKMζ, But Not PKCλ, Is Rapidly Synthesized and Degraded at the Neuronal Synapse	Journal of Neuroscience	Synthesizing, localizing, and stabilizing new protein copies at synapses are crucial factors in maintaining the synaptic changes required for storing long-term memories. PKMζ recently emerged as a molecule putatively responsible for maintaining encoded memorie
10.1016/j.neuron.2019.01.044	Re-evaluating circuit mechanisms underlying pattern separation	Neuron	Summary When animals interact with complex environments their neural circuits must separate overlapping patterns of activity that represent sensory and motor information. Pattern separation is thought to be a key function of several brain regions, including th
10.1016/j.celrep.2013.09.023	Rapid and permanent neuronal inactivation in vivo via subcellular generation of reactive oxygen using KillerRed	Cell Reports	Summary Inactivation of selected neurons in vivo can define their contribution to specific developmental outcomes, circuit functions, and behaviors. Here, we show that the optogenetic tool KillerRed selectively, rapidly, and permanently inactivates different c
10.1101/2022.02.20.481154	Public Volume Electron Microscopy Data: An Essential Resource to Study the Brain Microvasculature	bioRxiv	Electron microscopy is the primary approach to study ultrastructural features of the cerebrovasculature. However, 2D snapshots of a vascular bed capture only a small fraction of its complexity. Recent efforts to synaptically map neuronal circuitry using volume
10.1162/neco_a_00975	Extraction of Synaptic Input Properties in Vivo	Neural Computation	Knowledge of synaptic input is crucial for understanding synaptic integration and ultimately neural function. However, in vivo, the rates at which synaptic inputs arrive are high, so that it is typically impossible to detect single events. We show here that it
10.1093/jmicro/dfy028	Backscattered electron imaging of resin-embedded sections.	Microscopy	Scanning electron microscopes have longer focal depths than transmission electron microscopes and enable visualization of the three-dimensional (3D) surface structures of specimens. While scanning electron microscopy (SEM) in biological research was generally 
10.1523/jneurosci.3500-13.2014	Serotonin and Downstream Leucokinin Neurons Modulate Larval Turning Behavior in Drosophila	Journal of Neuroscience	Serotonin (5-HT) is known to modulate motor outputs in a variety of animal behaviors. However, the downstream neural pathways of 5-HT remain poorly understood. We studied the role of 5-HT in directional change, or turning, behavior of fruit fly ( Drosophila me
10.1101/pdb.top107985	Fighting Flies: Quantifying and Analyzing Drosophila Aggression.	Cold Spring Harbor Protocols	Aggression is an innate behavior that likely evolved in the framework of defending or obtaining resources. This complex social behavior is influenced by genetic, environmental, and internal factors. Drosophila melanogaster remains an effective and exciting mod
10.1073/pnas.1819448116	Macroscale intrinsic network architecture of the hypothalamus	Proceedings of the National Academy of S	Significance Control of multiple life-critical physiological and fundamental behavioral functions requires the hypothalamus. Here, we provide a comprehensive description and analysis of mammalian intrahypothalamic network organization at the level of gray matt
10.1038/s41467-018-07192-z	High-resolution ultramicroscopy of the developing and adult nervous system in optically cleared Drosophila melanogaster	Nature Communications	The fruit fly, Drosophila melanogaster, is an important experimental model to address central questions in neuroscience at an organismic level. However, imaging of neural circuits in intact fruit flies is limited due to structural properties of the cuticle. He
10.1534/genetics.115.177006	Directional Trans-Synaptic Labeling of Specific Neuronal Connections in Live Animals	Genetics	Abstract Understanding animal behavior and development requires visualization and analysis of their synaptic connectivity, but existing methods are laborious or may not depend on trans-synaptic interactions. Here we describe a transgenic approach for in vivo l
10.1038/nn.4498	Retinal origin of direction selectivity in the superior colliculus	Nature Neuroscience	Detecting visual features in the environment, such as motion direction, is crucial for survival. The circuit mechanisms that give rise to direction selectivity in a major visual center, the superior colliculus (SC), are entirely unknown. We optogenetically iso
10.1371/journal.pcbi.1004167	Identifying and Tracking Simulated Synaptic Inputs from Neuronal Firing: Insights from In Vitro Experiments	BMC Neuroscience	Accurately describing synaptic interactions between neurons and how interactions change over time are key challenges for systems neuroscience. Although intracellular electrophysiology is a powerful tool for studying synaptic integration and plasticity, it is l
10.1073/pnas.1205982109	DBL-1, a TGF-β, is essential for Caenorhabditis elegans aversive olfactory learning	Proceedings of the National Academy of S	The TGF-β superfamily is conserved throughout metazoan, and its members play essential roles in development and disease. TGF-β has also been implicated in adult neural plasticity. However, the underlying mechanisms are not well understood. Here we report that 
10.3390/cells11193150	Structural Heterogeneity of the GABAergic Tripartite Synapse	Cells	The concept of the tripartite synapse describes the close interaction of pre- and postsynaptic elements and the surrounding astrocyte processes. For glutamatergic synapses, it is established that the presence of astrocytic processes and their structural arrang
10.3389/fnana.2012.00002	The Dendritic Density Field of a Cortical Pyramidal Cell	Frontiers in Neuroanatomy	Much is known about the computation in individual neurons in the cortical column. Also, the selective connectivity between many cortical neuron types has been studied in great detail. However, due to the complexity of this microcircuitry its functional role wi
10.1523/jneurosci.1337-20.2021	Visual Familiarity Induced 5-Hz Oscillations and Improved Orientation and Direction Selectivities in V1	Journal of Neuroscience	Neural oscillations play critical roles in information processing, communication between brain areas, learning, and memory. We have recently discovered that familiar visual stimuli can robustly induce 5-Hz oscillations in the primary visual cortex (V1) of awak
10.48550/arxiv.2308.07870	<NO TITLE>		Artificial intelligence (AI) is rapidly becoming one of the key technologies of this century. The majority of results in AI thus far have been achieved using deep neural networks trained with a learning algorithm called error backpropagation, always considered
10.1038/s41586-025-08790-w	Functional connectomics spanning multiple areas of mouse visual cortex	bioRxiv	To understand the brain we must relate neurons’ functional responses to the circuit architecture that shapes them. Here, we present a large functional connectomics dataset with dense calcium imaging of a millimeter scale volume. We recorded activity from appro
10.1073/pnas.2516572123	A data-driven framework linking the connectome to spatial gene expression gradients inspired by chemoaffinity theory	Proceedings of the National Academy of S	Significance Understanding how gene expression patterns determine the wiring of the brain is a fundamental question in neuroscience. SPERRFY offers a data-driven framework to decode spatial encoding of whole-brain connectivity by applying multivariate analysis
10.1038/srep15051	Fully automatic and robust 3D registration of serial-section microscopic images	Scientific Reports	Robust and fully automatic 3D registration of serial-section microscopic images is critical for detailed anatomical reconstruction of large biological specimens, such as reconstructions of dense neuronal tissues or 3D histology reconstruction to gain new struc
10.1523/jneurosci.1657-20.2020	Highlights from the Era of Open Source Web-Based Tools	Journal of Neuroscience	High digital connectivity and a focus on reproducibility are contributing to an open science revolution in neuroscience. Repositories and platforms have emerged across the whole spectrum of subdisciplines, paving the way for a paradigm shift in the way we shar
10.7554/elife.01239	A diversity of localized timescales in network activity	eLife	Neurons show diverse timescales, so that different parts of a network respond with disparate temporal dynamics. Such diversity is observed both when comparing timescales across brain areas and among cells within local populations; the underlying circuit mechan
10.1039/c4lc00789a	A multi-channel device for high-density target-selective stimulation and long-term monitoring of cells and subcellular features in C. elegans	Lab on a Chip	Selective cell ablation can be used to identify neuronal functions in multicellular model organisms such as Caenorhabditis elegans. The optogenetic tool KillerRed facilitates selective ablation by enabling light-activated damage of cell or subcellular componen
10.1002/syn.21557	Electron microscopy for mitochondrial density of tissue	Synapse	
10.1016/j.cell.2016.09.009	Competitive Disinhibition Mediates Behavioral Choice and Sequences in Drosophila.	Cell	Even a simple sensory stimulus can elicit distinct innate behaviors and sequences. During sensorimotor decisions, competitive interactions among neurons that promote distinct behaviors must ensure the selection and maintenance of one behavior, while suppressin
10.1017/s0952523800012141	The DAPI-3 amacrine cells of the rabbit retina	Visual Neuroscience	Abstract In the rabbit retina, the nuclear dye, 4,6, diarnidino-2-phenylindole (DAPI), selectively labels a third type of amacrine cell, in addition to the previously characterized type a and type b cholinergic amacrine cells. In this study, these “DAPI-3” ama
10.1101/2020.11.13.381087	The impact of neuron morphology on cortical network architecture	bioRxiv	It has become increasingly clear that the neurons in the cerebral cortex are not randomly interconnected. This wiring specificity can result from synapse formation mechanisms that interconnect neurons depending on their activity or genetically defined identity
10.3389/fnmol.2019.00099	Gap Junctions in A8 Amacrine Cells Are Made of Connexin36 but Are Differently Regulated Than Gap Junctions in AII Amacrine Cells	Frontiers in Molecular Neuroscience	In the mammalian retina, amacrine cells represent the most diverse cell class and are involved in the spatio-temporal processing of visual signals in the inner plexiform layer. They are connected to bipolar, other amacrine and ganglion cells, forming complex n
10.1038/s41593-019-0431-2	Targeting neuronal and glial cell types with synthetic promoter AAVs in mice, non-human primates and humans	Nature Neuroscience	Targeting genes to specific neuronal or glial cell types is valuable for both understanding and repairing brain circuits. Adeno-associated viruses (AAVs) are frequently used for gene delivery, but targeting expression to specific cell types is an unsolved prob
10.1146/annurev-neuro-080317-0621333	The Drosophila Mushroom Body: From Architecture to Algorithm in a Learning Circuit.	Annual Review of Neuroscience	The Drosophila brain contains a relatively simple circuit for forming Pavlovian associations, yet it achieves many operations common across memory systems. Recent advances have established a clear framework for Drosophila learning and revealed the following ke
10.1101/2022.10.21.513016	Optical mapping of ground reaction force dynamics in freely behaving Drosophila melanogaster larvae	bioRxiv	During locomotion, soft-bodied terrestrial animals solve complex control problems at substrate interfaces, but our understanding of how they achieve this without rigid components remains incomplete. Here, we develop new all-optical methods based on optical int
10.1186/s12859-015-0616-y	Learning-guided automatic three dimensional synapse quantification for drosophila neurons	BMC Bioinformatics	The subcellular distribution of synapses is fundamentally important for the assembly, function, and plasticity of the nervous system. Automated and effective quantification tools are a prerequisite to large-scale studies of the molecular mechanisms of subcellu
10.1101/2024.06.14.599047	Ultrastructural sublaminar-specific diversity of excitatory synaptic boutons in layer 1 of the adult human temporal lobe neocortex	bioRxiv	Layer (L)1, beside receiving massive cortico-cortical, commissural and associational projections, is the termination zone of tufted dendrites of pyramidal neurons and the area of Ca2+ spike initiation. However, its synaptic organization in humans is not known.
10.1093/genetics/iyae141	Neuropeptide signaling network of Caenorhabditis elegans: from structure to behavior	Genetics	Abstract Neuropeptides are abundant signaling molecules that control neuronal activity and behavior in all animals. Owing in part to its well-defined and compact nervous system, Caenorhabditis elegans has been one of the primary model organisms used to investi
10.1038/nchembio.408	The chemical biology of synapses and neuronal circuits.	Nature Chemical Biology	Excitatory synapses are located in confined chemical spaces called the dendritic spines. These are atypical femtoliter-order microdomains where the behavior of even single molecules may have important biological consequences. Powerful chemical biological techn
10.1098/rspb.1993.0051	The coupling pattern of axon-bearing horizontal cells in the mammalian retina	Proceedings of the Royal Society of Lond	In most vertebrate retinae, horizontal cells of the same functional type are homologously coupled through gap junctions. However, ultrastructural, physiological and dye-coupling studies have shown that the axon terminals of horizontal cells in mammalian retina
10.1016/j.bbadis.2014.08.002	Advanced diffusion MRI fiber tracking in neurosurgical and neurodegenerative disorders and neuroanatomical studies: A review.	Biochimica et Biophysica Acta	Diffusion MRI enabled in vivo microstructural imaging of the fiber tracts in the brain resulting in its application in a wide range of settings, including in neurological and neurosurgical disorders. Conventional approaches such as diffusion tensor imaging (DT
10.1371/journal.pcbi.1007409	Cyclic transitions between higher order motifs underlie sustained asynchronous spiking in sparse recurrent networks	PLoS Comput. Biol.	A basic—yet nontrivial—function which neocortical circuitry must satisfy is the ability to maintain stable spiking activity over time. Stable neocortical activity is asynchronous, critical, and low rate, and these features of spiking dynamics contribute to eff
10.1186/2041-9139-3-27	Whole-body gene expression pattern registration in Platynereis larvae	EvoDevo	Digital anatomical atlases are increasingly used in order to depict different gene expression patterns and neuronal morphologies within a standardized reference template. In evo-devo, a discipline in which the comparison of gene expression patterns is a widely
10.1038/s41467-022-32247-7	A neural circuit for wind-guided olfactory navigation	Nature Communications	To navigate towards a food source, animals frequently combine odor cues about source identity with wind direction cues about source location. Where and how these two cues are integrated to support navigation is unclear. Here we describe a pathway to the Drosop
10.1038/nmeth.1854	Serial two-photon tomography: an automated method for ex-vivo mouse brain imaging	Nature Methods	Here we describe an automated method, named serial two-photon (STP) tomography, that achieves high-throughput fluorescence imaging of mouse brains by integrating two-photon microscopy and tissue sectioning. STP tomography generates high-resolution datasets tha
10.1038/nn.4016	A transcriptional reporter of intracellular Ca2+ in Drosophila	Nature Neuroscience	Intracellular Ca(2+) is a widely used neuronal activity indicator. Here we describe a transcriptional reporter of intracellular Ca(2+) (TRIC) in Drosophila that uses a binary expression system to report Ca(2+)-dependent interactions between calmodulin and its 
10.1101/2024.06.05.597487	Scalable electron tomography for connectomics	bioRxiv	We demonstrate limited-tilt, serial section electron tomography (ET), which can non-destructively map brain circuits over large 3D volumes and reveal high-resolution, supramolecular details within subvolumes of interest. We show accelerated ET imaging of thick
10.1016/j.cell.2015.09.034	Global brain dynamics embed the motor command sequence of Caenorhabditis elegans.	Cell	While isolated motor actions can be correlated with activities of neuronal networks, an unresolved problem is how the brain assembles these activities into organized behaviors like action sequences. Using brain-wide calcium imaging in Caenorhabditis elegans, w
10.1146/annurev-vision-100119-124713	Impact of Photoreceptor Loss on Retinal Circuitry	Annual Review of Vision Science	Our sense of sight relies on photoreceptors, which transduce photons into the nervous system’s electrochemical interpretation of the visual world. These precious photoreceptors can be disrupted by disease, injury, and aging. Once photoreceptors start to die, b
10.1091/mbc.e15-06-0405	Dendritic spine geometry can localize GTPase signaling in neurons	Molecular Biology of the Cell	The spread of Cdc42 activation at dendritic spines is modeled by means of reaction-diffusion equations solved on spine-like geometries. Excitable behavior arising from positive feedback in Cdc42 activation leads to traveling waves of Cdc42 activity. The narrow
10.1007/s00709-013-0580-1	Serial block face scanning electron microscopy—the future of cell ultrastructure imaging	Protoplasma	One of the major drawbacks in transmission electron microscopy has been the production of three-dimensional views of cells and tissues. Currently, there is no one suitable 3D microscopy technique that answers all questions and serial block face scanning electr
10.1523/jneurosci.0695-21.2021	Dendritic Morphology of an Inhibitory Retinal Interneuron Enables Simultaneous Local and Global Synaptic Integration	Journal of Neuroscience	Amacrine cells, inhibitory interneurons of the retina, feature synaptic inputs and outputs in close proximity throughout their dendritic trees, making them notable exceptions to prototypical somato-dendritic integration with output transmitted via axonal actio
10.1063/1.5017822	Clustering promotes switching dynamics in networks of noisy neurons.	Chaos	Macroscopic variability is an emergent property of neural networks, typically manifested in spontaneous switching between the episodes of elevated neuronal activity and the quiescent episodes. We investigate the conditions that facilitate switching dynamics, f
10.1016/j.conb.2025.102984	Sources of behavioral variability in C. elegans: sex differences, individuality, and internal states	Current Opinion in Neurobiology	Animal behavior varies across different timescales. This includes rapid shifts in behavior as animals transition between states and long-term changes that develop throughout an organism’s life. This review presents the contributions of sex differences, individ
10.1111/jmi.12244	Challenges of microtome‐based serial block‐face scanning electron microscopy in neuroscience	Journal of Microscopy	Serial block‐face scanning electron microscopy (SBEM) is becoming increasingly popular for a wide range of applications in many disciplines from biology to material sciences. This review focuses on applications for circuit reconstruction in neuroscience, which
10.1117/1.nph.2.4.041406	Fluorescence micro-optical sectioning tomography using acousto-optical deflector-based confocal scheme	Neurophotonics	Fluorescent labeling has opened up the possibility of clarifying the complex distribution and circuit wiring of specific neural circuits for particular functions. To acquire the brain-wide fluorescently labeled neural wiring, we have previously developed the f
10.1016/j.neuron.2025.08.022	Ultrabright chemical labeling enables rapid neural connectivity profiling in large tissue samples.	Neuron	Comprehensive mapping of neuronal connections across entire nervous systems remains a fundamental challenge in neuroscience. Here, we introduce labeling individual neurons with chemical dyes and controllable sparseness (LINCS), a technology that achieves rapid
10.1038/nn.4580	Sensory integration and neuromodulatory feedback facilitate Drosophila mechanonociceptive behavior	Nature Neuroscience	Nociception is an evolutionarily conserved mechanism to encode and process harmful environmental stimuli. Like most animals, Drosophila melanogaster larvae respond to a variety of nociceptive stimuli, including noxious touch and temperature, with stereotyped e
10.1101/2022.11.13.516316	Neuronal contact predicts connectivity in the C. elegans brain	bioRxiv	Axons must project to particular brain regions, contact adjacent neurons, and choose appropriate synaptic targets to form a nervous system. Multiple mechanisms have been proposed to explain synaptic partnership choice. In a ‘lock-and-key’ mechanism, first prop
10.1111/j.1365-2818.2009.03140.x	Advantages of indium–tin oxide‐coated glass slides in correlative scanning electron microscopy applications of uncoated cultured cells	Journal of Microscopy	Summary A method of direct visualization by correlative scanning electron microscopy (SEM) and fluorescence light microscopy of cell structures of tissue cultured cells grown on conductive glass slides is described. We show that by growing cells on indium–tin 
10.1534/genetics.114.172239	Neuropeptide Receptors NPR-1 and NPR-2 Regulate Caenorhabditis elegans Avoidance Response to the Plant Stress Hormone Methyl Salicylate	Genetics	Methyl salicylate (MeSa) is a stress hormone released by plants under attack by pathogens or herbivores . MeSa has been shown to attract predatory insects of herbivores and repel pests. The molecules and neurons underlying animal response to MeSa are not known
10.1101/2020.06.22.165209	Cholinergic relay from punishment- to reward-encoding dopamine neurons signals punishment withdrawal as reward in Drosophila	bioRxiv	Animals form and update learned associations between otherwise neutral cues and aversive outcomes to predict and avoid danger in changing environments. When a cue later occurs without punishment, this unexpected withdrawal of aversive outcome is encoded as rew
10.7554/elife.29044	A common directional tuning mechanism of Drosophila motion-sensing neurons in the ON and in the OFF pathway	eLife	In the fruit fly optic lobe, T4 and T5 cells represent the first direction-selective neurons, with T4 cells responding selectively to moving brightness increments (ON) and T5 cells to brightness decrements (OFF). Both T4 and T5 cells comprise four subtypes wit
10.1126/sciadv.adq8131	FlyVISTA, an integrated machine learning platform for deep phenotyping of sleep in Drosophila	Science Advances	There is great interest in using genetically tractable organisms such as Drosophila to gain insights into the regulation and function of sleep. However, sleep phenotyping in Drosophila has largely relied on simple measures of locomotor inactivity. Here, we pre
10.1186/s12868-024-00919-3	The songbird connectome (OSCINE-NET.ORG): structure–function organization beyond the canonical vocal control network	BMC Neuroscience	Understanding the neural basis of behavior requires insight into how different brain systems coordinate with each other. Existing connectomes for various species have highlighted brain systems essential to various aspects of behavior, yet their application to 
10.1016/j.neuron.2014.07.020	Network Structure within the Cerebellar Input Layer Enables Lossless Sparse Encoding	Neuron	Summary The synaptic connectivity within neuronal networks is thought to determine the information processing they perform, yet network structure-function relationships remain poorly understood. By combining quantitative anatomy of the cerebellar input layer a
10.1038/s41467-024-46484-5	The influence of cortical activity on perception depends on behavioral state and sensory context	Nature Communications	The mechanistic link between neural circuit activity and behavior remains unclear. While manipulating cortical activity can bias certain behaviors and elicit artificial percepts, some tasks can still be solved when cortex is silenced or removed. Here, mice wer
10.1002/syn.890070303	Serial reconstructions of granule cell spines in the mammalian olfactory bulb	Synapse	Abstract The Morphology of olfactory bulb granule cell spines and their dendrodendritic synaptic relations with mitral and tufted cell dendrites were examined using serial electron micrographs and 3D computer reconstructions. Most granule cell spines were pedu
10.1016/j.neuron.2014.02.031	Balance and stability of synaptic structures during synaptic plasticity.	Neuron	Subsynaptic structures such as bouton, active zone, postsynaptic density (PSD) and dendritic spine, are highly correlated in their dimensions and also correlate with synapse strength. Why this is so and how such correlations are maintained during synaptic plas
10.1103/physreve.80.061917	Adaptive self-organization in a realistic neural network model.	Physical review. E, Statistical, nonline	Information processing in complex systems is often found to be maximally efficient close to critical states associated with phase transitions. It is therefore conceivable that also neural information processing operates close to criticality. This is further su
10.1101/2023.06.28.546621	The functionally plastic rod photoreceptors in the simplex retina of Little skate (Leucoraja erinacea) exhibit a hybrid rod-cone morphology and enhanc	bioRxiv	The retinas of the vast majority of vertebrate species are termed “duplex” – that is, they contain both rod and cone photoreceptor neurons in different ratios. The retina of Little skate (Leucoraja erinacea) is a rarity among vertebrates because it contains on
10.1016/j.jneumeth.2020.108947	The present and the future of microstructure MRI: From a paradigm shift to normal science	Journal of Neuroscience Methods	The aspiration of imaging tissue microstructure with MRI is to uncover micrometer-scale tissue features within millimeter-scale imaging voxels, in vivo. This kind of super-resolution has fueled a paradigm shift within the biomedical imaging community. However,
10.1093/nar/gkaa486	Combining single-cell RNA-sequencing with a molecular atlas unveils new markers for Caenorhabditis elegans neuron classes	Nucleic Acids Research	Abstract Single-cell RNA-sequencing (scRNA-seq) of the Caenorhabditis elegans nervous system offers the unique opportunity to obtain a partial expression profile for each neuron within a known connectome. Building on recent scRNA-seq data and on a molecular at
10.1002/syn.890080205	Organization of mitochondria in olfactory bulb granule cell dendritic spines	Synapse	Abstract In contrast to dendritic spines with only postsynaptic functions, the spines of olfactory bulb granule cells subserve both pre‐and postsynatic roles. In single sections these spines were previously seen to contain mitochondria, most likely needed to p
10.1016/j.conb.2015.01.007	Large-scale imaging in small brains	Current Opinion in Neurobiology	The dense connectivity in the brain and arrangements of cells into circuits means that one neuron’s activity can influence many others. To observe this interconnected system comprehensively, an aspiration within neuroscience is to record from as many neurons a
10.1109/isbi.2013.6556809	Neuron Segmentation in Electron Microscopy Images Using Partial Differential Equations	IEEE International Symposium on Biomedic	In connectomics, neuroscientists seek to identify the synaptic connections between neurons. Segmentation of cell membranes using supervised learning algorithms on electron microscopy images of brain tissue is often done to assist in this effort. Here we presen
10.1016/j.cub.2020.12.047	A sex-specific switch between visual and olfactory inputs underlies adaptive sex differences in behavior	Current Biology	Summary Although males and females largely share the same genome and nervous system, they differ profoundly in reproductive investments and require distinct behavioral, morphological, and physiological adaptations. How can the nervous system, while bound by bo
10.1016/j.neuron.2009.03.020	Reading the book of memory: sparse sampling versus dense mapping of connectomes.	Neuron	Many theories of neural networks assume rules of connection between pairs of neurons that are based on their cell types or functional properties. It is finally becoming feasible to test such pairwise models of connectivity, due to emerging advances in neuroana
10.1016/j.cub.2010.07.045	Sexual Dimorphism in the Fly Brain	Current Biology	Summary Background Sex-specific behavior may originate from differences in brain structure or function. In Drosophila, the action of the male-specific isoform of fruitless in about 2000 neurons appears to be necessary and sufficient for many aspects of male co
10.1109/access.2021.3056958	Cylindrical Shape Decomposition for 3D Segmentation of Tubular Objects	IEEE Access	We develop a cylindrical shape decomposition (CSD) algorithm to decompose an object, a union of several tubular structures, into its semantic components. We decompose the object using its curve skeleton and restricted translational sweeps. For that, CSD partit
10.1016/j.semcdb.2009.07.008	Electron tomography in life science	Seminars in Cell and Developmental Biolo	Electron tomography (ET) is a three-dimensional technique suitable to study pleomorphic biological structures with nanometer resolution. This makes the methodology remarkably versatile, allowing the exploration of a large range of biological specimens, both in
10.1101/2021.05.03.442480	Gain control by sparse, ultra-slow glycinergic synapses	bioRxiv	Retinal ON starburst amacrine cells (SACs) play a critical role in computing stimulus direction, partly in service of image stabilization by optokinetic nystagmus. ON SAC responses are sculpted by rich GABAergic innervation, mostly from neighbouring SACs. Surp
10.1017/s0952523809990137	Receptive field properties of ON- and OFF-ganglion cells in the mouse retina	Visual Neuroscience	Abstract There are two subclasses of alpha cell in the mammalian retina, which are morphologically identical in plain view but have opposite responses to a luminance change: one is ON center and the other is OFF center. Recent studies have shown that the neura
10.1109/tnnls.2020.3015208	Long-Tailed Characteristic of Spiking Pattern Alternation Induced by Log-Normal Excitatory Synaptic Distribution	IEEE Transactions on Neural Networks and	Studies of structural connectivity at the synaptic level show that in synaptic connections of the cerebral cortex, the excitatory postsynaptic potential (EPSP) in most synapses exhibits sub-mV values, while a small number of synapses exhibit large EPSPs ( $\gt
10.1145/3786344	A Comprehensive Review of Brain-inspired Navigation	ACM Computing Surveys	Intelligent navigation is essential for unmanned systems. Yet nowadays navigation technologies still fall short of animals’ innate navigation prowess, characterized by continuous, efficient, adaptive, low-power navigating across complex terrains, and despite t
10.1117/12.2663901	Exploiting large neuroimaging datasets to create connectome-constrained approaches for more robust, efficient, and adaptable artificial intelligence	Defense + Commercial Sensing	Despite the progress in deep learning networks, efficient learning at the edge (enabling adaptable, low-complexity machine learning solutions) remains a critical need for defense and commercial applications. We have pursued multiple neuroscience-inspired AI ef
10.1016/j.neuron.2010.01.006	Membrane potential dynamics of GABAergic neurons in the barrel cortex of behaving mice.	Neuron	Computations in cortical circuits are mediated by synaptic interactions between excitatory and inhibitory neurons, and yet we know little about their activity in awake animals. Here, through single and dual whole-cell recordings combined with two-photon micros
10.2139/ssrn.3625819	A Versatile Tiling Light Sheet Microscope for Imaging of Cleared Tissues.	Cell Reports	We present a tiling light sheet microscope compatible with all tissue clearing methods for rapid multicolor 3D imaging of cleared tissues with micron-scale (4 × 4 × 10 μm3) to submicron-scale (0.3 × 0.3 × 1 μm3) spatial resolution. The resolving ability is imp
10.1523/jneurosci.0095-11.2011	Myelination and axonal electrical activity modulate the distribution and motility of mitochondria at CNS nodes of Ranvier	Journal of Neuroscience	Energy production presents a formidable challenge to axons as their mitochondria are synthesized and degraded in neuronal cell bodies. To meet the energy demands of nerve conduction, small mitochondria are transported to and enriched at mitochondrial stationar
10.3389/fpsyg.2022.987101	Neurobiological reduction: From cellular explanations of behavior to interventions	Frontiers in Psychology	Scientific reductionism, the view that higher level functions can be explained by properties at some lower-level or levels, has been an assumption of nervous system analyses since the acceptance of the neuron doctrine in the late 19th century, and became a dom
10.1002/(sici)1096-9861(19980330)393:1<58::aid-cne6>3.0.co;2-p	Three‐dimensional organization of cell adhesion junctions at synapses and dendritic spines in area CA1 of the rat hippocampus	The Journal of comparative neurology	Recent work has emphasized the role of adhesion molecules in synaptic plasticity, including long-term potentiation in the hippocampus. Such adhesion molecules are concentrated in junctions that are characterized by dense thickenings on both sides of the juncti
10.1101/2025.11.25.690444	Synaptopodin KO rat for assessing the dendritic spine apparatus and axonal cisternal organelle in synaptic plasticity, development, and behavior	bioRxiv	Abstract The actin-binding protein synaptopodin (Synpo) regulates the cytoskeleton and organization of endoplasmic reticulum, thereby amplifying intracellular Ca 2+ signaling. Knockout (KO) mouse models have been used to study the role of Synpo in kidney and b
10.1016/j.isci.2025.113525	An extension module for a two-photon microscope enables flexible in vivo imaging and all-optical physiology	iScience	Summary Two-photon imaging is essential for revealing the structure, function, and interaction of various cell types. However, conventional two-photon microscopes have limitations in sample accessibility and optogenetic manipulation during imaging. Here, we pr
10.1038/s41467-018-03359-w	Next generation histology methods for three-dimensional imaging of fresh and archival human brain tissues	Nature Communications	Modern clearing techniques for the three-dimensional (3D) visualisation of neural tissue microstructure have been very effective when used on rodent brain but very few studies have utilised them on human brain material, mainly due to the inherent difficulties 
10.1126/science.adh9979	Integrated platform for multiscale molecular imaging and phenotyping of the human brain	bioRxiv	Understanding cellular architectures and their connectivity is essential for interrogating system function and dysfunction. However, we lack technologies for mapping the multi-scale details of individual cells in the human organ-scale system. To address this c
10.64898/2025.12.04.691871	Acute in vivo proximity labeling for membrane targeted proteomics in neuronal circuits	bioRxiv	Despite the growing use of proximity labeling tools, there are limited techniques available to identify subcellularly localized proteins within targeted neuronal circuits on acute timescales in vivo. We engineered membrane targeted versions of the proximity la
10.1093/oso/9780199632190.003.0012	Three-dimensional electron microscopy of tissues and cells	Electron Microscopy in Biology	Abstract The three-dimensional (3D) visualization and analysis of structures is of such considerable importance to investigators in many biomedical and other disciplines that it requires no justification. A fundamental difficulty in many subjects is that the 3
10.1093/jmicro/dfaf010	Unraveling the neural code: analysis of large-scale two-photon microscopy data	Microscopy	Abstract The brain is an intricate neuronal network that orchestrates our thoughts, emotions and actions through dynamic interactions between neurons. If we could record the activity of all neurons simultaneously in detail, it could revolutionize our understan
10.3389/fnbeh.2019.00012	Comparative Principles for Next-Generation Neuroscience	Frontiers in Behavioral Neuroscience	Neuroscience is enjoying a renaissance of discovery due in large part to the implementation of next-generation molecular technologies. The advent of genetically encoded tools has complemented existing methods and provided researchers the opportunity to examine
10.1523/jneurosci.1124-14.2014	Topography and Areal Organization of Mouse Visual Cortex	Journal of Neuroscience	To guide future experiments aimed at understanding the mouse visual system, it is essential that we have a solid handle on the global topography of visual cortical areas. Ideally, the method used to measure cortical topography is objective, robust, and simple 
10.1016/j.cophys.2019.01.006	When networks walk a fine line: balance of excitation and inhibition in spinal motor circuits	Current Opinion in Physiology	Investigations on spinal motor circuits have primarily been related to direct connections to motoneurons and supraspinal input, while the motor pattern generation circuit itself has remained elusive. In the classical half-center model (HCM), motor patterns are
10.7554/elife.84312	Early-life experience reorganizes neuromodulatory regulation of stage-specific behavioral responses and individuality dimensions during development	eLife	Early-life experiences may promote stereotyped behavioral alterations that are dynamic across development time, but also behavioral responses that are variable among individuals, even when initially exposed to the same stimulus. Here, by utilizing longitudinal
10.1073/pnas.2111183118	Hugin+ neurons provide a link between sleep homeostat and circadian clock neurons	Proceedings of the National Academy of S	Significance This manuscript identifies a mechanism by which sleep can sometimes occur at the wrong circadian time of day. Sleep is regulated by two processes, the circadian system, which confers 24-h rhythms on sleep, and the homeostatic system, which ensures
10.1101/2024.04.30.591885	The retina’s neurovascular unit: Müller glial sheaths and neuronal contacts	bioRxiv	The neurovascular unit (NVU), comprising vascular, glial and neural elements, supports the energetic demands of neural computation, but this aspect of the retina’s trilaminar vessel network is poorly understood. Only the innermost vessel layer – the superficia
10.1177/1073858409343961	Sensory Experience and Cortical Rewiring	The Neuroscientist	Adult primary sensory cortex is not hard wired, but adapts to sensory experience. The cellular basis for cortical plasticity involves a combination of functional and structural changes in cortical neurons and the connections between them. Functional changes su
10.1101/2025.04.23.650240	Specialized parallel pathways for adaptive control of visual object pursuit		Summary To pursue a moving visual object, the brain must generate motor commands that continuously steer the object to the center of the visual field via feedback. The gain of this control loop is flexible, yet the biological mechanisms underlying such adaptiv
10.1523/jneurosci.1894-12.2013	Temperature integration at the AC thermosensory neurons in Drosophila	Journal of Neuroscience	Temperature sensation has a strong impact on animal behavior and is necessary for animals to avoid exposure to harmful temperatures. It is now well known that thermoTRP (transient receptor potential) channels in thermosensory neurons detect a variable range of
10.1016/j.conb.2015.08.001	Synapse-type-specific plasticity in local circuits.	Current Opinion in Neurobiology	Neuroscientists spent decades debating whether synaptic plasticity was presynaptically or postsynaptically expressed. It was eventually concluded that plasticity depends on many factors, including cell type. More recently, it has become increasingly clear that
10.1002/dneu.22466	Oxytocin mediated behavior in invertebrates: An evolutionary perspective	Developmental Neurobiology	ABSTRACT The molecular and functional conservation of oxytocin‐related neuropeptides in behavior is striking. In animals separated by at least 600 million years of evolution, from roundworms to humans, oxytocin homologs play critical roles in the modulation of
10.1007/s00359-025-01785-y	Emerging tools to advance neuroethology in butterflies and moths	Journal of Comparative Physiology A. Sen	Butterflies and moths have played historically important roles in developing our understanding of both ecology and evolutionary biology, and neuroethology. In both contexts, the diversity of behavioral strategies and specializations displayed by different Lepi
10.1101/2023.11.30.569086	Wind Gates Olfaction Driven Search States in Free Flight	bioRxiv	For organisms tracking a chemical cue to its source, the motion of their surrounding fluid provides crucial information for success. Swimming and flying animals engaged in olfaction driven search often start by turning into the direction of an oncoming wind or
10.3389/fncir.2022.977700	Igneous: Distributed dense 3D segmentation meshing, neuron skeletonization, and hierarchical downsampling	Frontiers in Neural Circuits	Three-dimensional electron microscopy images of brain tissue and their dense segmentations are now petascale and growing. These volumes require the mass production of dense segmentation-derived neuron skeletons, multi-resolution meshes, image hierarchies (for 
10.1016/j.tins.2003.10.010	Interneuron Diversity series: Fast in, fast out--temporal and spatial signal processing in hippocampal interneurons.	Trends in Neurosciences	
10.3389/fnmol.2017.00024	Redundant Postsynaptic Functions of SynCAMs 1–3 during Synapse Formation	Frontiers in Molecular Neuroscience	Investigating the roles of synaptogenic adhesion molecules during synapse formation has proven challenging, often due to compensatory functions between additional family members. The synaptic cell adhesion molecules 1–3 (SynCAM1–3) are expressed both pre- and 
10.1016/j.brainresbull.2026.111788	A coupling network for brain computing: E-I balanced embedding in dual-attractor dynamics systems.	Brain Research Bulletin	As an important neural network model, the continuous attractor neural network (CANN) demonstrates unique advantages in simulating and explaining the representation and storage mechanisms of continuous variables (such as position, direction, etc.) in the brain.
10.1038/sj.modpathol.3800869	Electron Microscopy	Modern Pathology	
10.1007/978-3-319-10443-0_39	Deep Learning Based Imaging Data Completion for Improved Brain Disease Diagnosis	Lecture Notes in Computer Science	Combining multi-modality brain data for disease diagnosis commonly leads to improved performance. A challenge in using multimodality data is that the data are commonly incomplete; namely, some modality might be missing for some subjects. In this work, we propo
10.1038/s41583-024-00824-y	Network state transitions during cortical development	Nature Reviews Neuroscience	Mammalian cortical networks are active before synaptogenesis begins in earnest, before neuronal migration is complete, and well before an animal opens its eyes and begins to actively explore its surroundings. This early activity undergoes several transformatio
10.1002/hbm.23141	Cortical chemoarchitecture shapes macroscale effective functional connectivity patterns in macaque cerebral cortex	Human Brain Mapping	Abstract The mammalian cortex is a complex system of—at the microscale level—interconnected neurons and—at the macroscale level—interconnected areas, forming the infrastructure for local and global neural processing and information integration. While the effec
10.3389/fphys.2021.659440	The Power of Drosophila melanogaster for Modeling Neonicotinoid Effects on Pollinators and Identifying Novel Mechanisms	Frontiers in Physiology	Neonicotinoids are the most widely used insecticides in the world and are implicated in the widespread population declines of insects including pollinators. Neonicotinoids target nicotinic acetylcholine receptors which are expressed throughout the insect centr
10.1103/physreve.90.022721	Scale-free and economical features of functional connectivity in neuronal networks.	Physical review. E, Statistical, nonline	A form of activity that is highly studied in cultured cortical networks is the neuronal avalanche, characterized by bursts whose distribution follows a power law. While the statistics of neuronal avalanches are well characterized, much less is known about the 
10.1016/j.neulet.2026.138582	Complicated regulation of the activity of a single interneuron through rigid synaptic connections with asymmetric salt-sensory neurons in Caenorhabdit	Neuroscience Letters	Sensory inputs are integrated by interneurons to generate appropriate behavioural outputs. In the nematode Caenorhabditis elegans, the AIY interneuron receives major synaptic input from the salt-sensing ASE neurons, ASEL and ASER, which respond asymmetrically 
10.3389/fncir.2013.00151	Three-dimensional mapping of microcircuit correlation structure	Front. Neural Circuits	Great progress has been made toward understanding the properties of single neurons, yet the principles underlying interactions between neurons remain poorly understood. Given that connectivity in the neocortex is locally dense through both horizontal and verti
10.1101/2020.10.10.334656	Conduction velocity along the local axons of parvalbumin interneurons correlates with the degree of axonal myelination	bioRxiv	Parvalbumin-containing (PV+) basket cells in mammalian neocortex are fast-spiking interneurons that regulate the activity of local neuronal circuits in multiple ways. Even though PV+ basket cells are locally projecting interneurons, their axons are myelinated.
10.64898/2026.03.23.713806	Direct Reconstruction of DC Cortical Conductivity from Large-Scale Electron Microscopy Data	bioRxiv	Abstract Electrical conductivity of cortical gray matter governs the magnitude and spatial distribution of electric fields generated by brain stimulation and intrinsic neuronal activity measured with M/EEG and intracortical recordings. However, reported macros
10.1523/jneurosci.0735-19.2019	Synaptic Odyssey	Journal of Neuroscience	Synaptic communication is at the heart of nervous system function. Our understanding of synaptic structure and plasticity has grown enormously since the founding of the Society for Neuroscience 50 years ago. Much insight has come from examining these structure
10.3389/fnsys.2024.1413780	Variation and convergence in the morpho-functional properties of the mammalian neocortex	Frontiers in Systems Neuroscience	Man's natural inclination to classify and hierarchize the living world has prompted neurophysiologists to explore possible differences in brain organisation between mammals, with the aim of understanding the diversity of their behavioural repertoires. But what
10.1038/s41592-025-02891-0	Nondestructive X-ray tomography of brain tissue ultrastructure	bioRxiv	Maps of dense subcellular features in biological tissue are the key to understanding the structural basis of organ function. Electron microscopy provides the necessary resolution, yet - as electrons penetrate samples for only a few 100s of nm - requires physic
10.1152/jn.2002.88.2.761	Spike frequency adaptation and neocortical rhythms.	Journal of Neurophysiology	Spike-frequency adaptation in neocortical pyramidal neurons was examined using the whole cell patch-clamp technique and a phenomenological model of neuronal activity. Noisy current was injected to reproduce the irregular firing typically observed under in vivo
10.3389/fnbeh.2021.821680	Neural Circuits Underlying Behavioral Flexibility: Insights From Drosophila	Frontiers in Behavioral Neuroscience	Behavioral flexibility is critical to survival. Animals must adapt their behavioral responses based on changes in the environmental context, internal state, or experience. Studies in Drosophila melanogaster have provided insight into the neural circuit mechani
10.1186/1471-2202-14-156	The Caenorhabditis elegans interneuron ALA is (also) a high-threshold mechanosensor	BMC Neuroscience	To survive dynamic environments, it is essential for all animals to appropriately modulate their behavior in response to various stimulus intensities. For instance, the nematode Caenorhabditis elegans suppresses the rate of egg-laying in response to intense me
10.3389/fninf.2016.00050	Memory-Efficient Analysis of Dense Functional Connectomes	Front. Neuroinform.	The functioning of the human brain relies on the interplay and integration of numerous individual units within a complex network. To identify network configurations characteristic of specific cognitive tasks or mental illnesses, functional connectomes can be c
10.1093/g3journal/jkac248	Genetic screens identified dual roles of microtubule-associated serine threonine kinase and CREB within a single thermosensory neuron in the regulatio	bioRxiv	Animals integrate sensory stimuli presented at the past and present, assess the changes in their surroundings and navigate themselves toward preferred environment. Identifying the molecular and circuit mechanisms of such sensory integration is pivotal to under
10.1093/nar/gkx292	Using high-throughput barcode sequencing to efficiently map connectomes	bioRxiv	The function of a neural circuit is determined by the details of its synaptic connections. At present, the only available method for determining a neural wiring diagram with single synapse precision—a “connectome”—is based on imaging methods that are slow, lab
10.1101/2023.07.26.550661	Four individually identified paired dopamine neurons signal taste punishment in larval Drosophila	bioRxiv	Dopaminergic neurons (DANs) carry out multiple tasks in the brain, including the transmission of information related to rewards and punishments across various animal species. They are responsible for evaluating sensory input, storing resulting associations as 
10.1016/j.bandc.2023.106080	Current perspectives on the brain connectome.	Brain and Cognition	
10.1109/globalsip.2013.6736878	MIGRAINE: MRI Graph Reliability Analysis and Inference for Connectomics	IEEE Global Conference on Signal and Inf	Currently, connectomes (e.g., functional or structural brain graphs) can be estimated in humans at ≈ 1 mm3 scale using a combination of diffusion weighted magnetic resonance imaging, functional magnetic resonance imaging and structural magnetic resonance imagi
10.7554/elife.47579	Asymmetric ON-OFF processing of visual motion cancels variability induced by the structure of natural scenes	eLife	Animals detect motion using a variety of visual cues that reflect regularities in the natural world. Experiments in animals across phyla have shown that motion percepts incorporate both pairwise and triplet spatiotemporal correlations that could theoretically 
10.1016/j.celrep.2018.10.065	Dissecting Molecular and Circuit Mechanisms for Inhibition and Delayed Response of ASI Neurons during Nociceptive Stimulus.	Cell Reports	The mechanisms by which off-response neurons stay quiescent during stimulation are largely unknown. Here, we dissect underlying molecular and circuit mechanisms for the inhibition of off-response ASI neurons during nociceptive Cu2+ stimulation. ASIs are inhibi
10.1016/j.jneumeth.2012.05.031	Vamping: Stereology-based automated quantification of fluorescent puncta size and density	Journal of Neuroscience Methods	The size of dendritic spines and postsynaptic densities (PSDs) is well-known to be correlated with molecular and functional characteristics of the synapse. Thus, the development of microscopy methods that allow high throughput quantification and measurement of
10.3389/fnins.2021.726763	A Compartmentalized Neuronal Cell-Culture Platform Compatible With Cryo-Fixation by High-Pressure Freezing for Ultrastructural Imaging	Frontiers in Neuroscience	The human brain contains a wide array of billions of neurons and interconnections, which are often simplified for analysis in vitro using compartmentalized microfluidic devices for neuronal cell culturing, to better understand neuronal development and disease.
10.1016/j.cell.2021.12.022	Vision-dependent specification of cell types and function in the developing cortex	Cell	SUMMARY The role of postnatal experience in sculpting cortical circuitry, while long appreciated, is poorly understood at the level of cell types. We explore this in the mouse primary visual cortex (V1) using single-nucleus RNA-sequencing, visual deprivation, 
10.1016/j.cviu.2011.02.009	Automatic registration and fast volume reconstruction from serial histology sections	Computer Vision and Image Understanding	
10.3389/fncir.2013.00143	Target dependence of orientation and direction selectivity of corticocortical projection neurons in the mouse V1	Front. Neural Circuits	Higher order visual areas that receive input from the primary visual cortex (V1) are specialized for the processing of distinct features of visual information. However, it is still incompletely understood how this functional specialization is acquired. Here we
10.1101/2024.08.23.609242	Functional imaging and connectome analyses reveal organizing principles of taste circuits in Drosophila	bioRxiv	Taste is crucial for many innate and learned behaviors. In the fly, taste impacts feeding, oviposition, locomotion, mating, and memory formation, to name a few. These diverse roles may necessitate the apparent distributed nature of taste responses across diffe
10.1371/journal.pbio.2000237	Plasticity in Single Axon Glutamatergic Connection to GABAergic Interneurons Regulates Complex Events in the Human Neocortex	PLoS Biology	In the human neocortex, single excitatory pyramidal cells can elicit very large glutamatergic EPSPs (VLEs) in inhibitory GABAergic interneurons capable of triggering their firing with short (3–5 ms) delay. Similar strong excitatory connections between two indi
10.1016/j.media.2017.11.005	Learning normalized inputs for iterative estimation in medical image segmentation	Medical Image Anal.	HighlightsImage segmentation pipeline based on Fully Convolutional Networks (FCN) and ResNets is proposed.FCN can serve as a pre‐processor to normalize medical imaging input data.A trainable FCN is an alternative to hand‐designed, modality specific pre‐process
10.1101/2021.10.10.463817	Walking strides direct rapid and flexible recruitment of visual circuits for course control in Drosophila	bioRxiv	Flexible mapping between activity in sensory systems and movement parameters is a hallmark of successful motor control. This flexibility depends on continuous comparison of short-term postural dynamics and the longer-term goals of an animal, thereby necessitat
10.3389/fnins.2011.00050	Projection Neuron Circuits Resolved Using Correlative Array Tomography	Frontiers in Neuroscience	Assessment of three-dimensional morphological structure and synaptic connectivity is essential for a comprehensive understanding of neural processes controlling behavior. Different microscopy approaches have been proposed based on light microcopy (LM), electro
10.1038/s41467-024-51401-x	Slow ramping emerges from spontaneous fluctuations in spiking neural networks	Nature Communications	The capacity to initiate actions endogenously is critical for goal-directed behavior. Spontaneous voluntary actions are typically preceded by slow-ramping activity in medial frontal cortex that begins around two seconds before movement, which may reflect spont
10.1101/525014	Enhancer viruses and a transgenic platform for combinatorial cell subclass-specific labeling		The rapid pace of cell type identification by new single-cell analysis methods has not been met with efficient experimental access to the newly discovered types. To enable flexible and efficient access to specific neural populations in the mouse cortex, we col
10.1016/j.conb.2022.102525	Temperature sensing and context-dependent thermal behavior in nematodes.	Current Opinion in Neurobiology	As small ectotherms, whose temperature equilibrates almost instantly with that of their environment, free-living nematodes rely on their behavior for thermoregulation. Caenorhabditis elegans has been extensively used as a model to address the fundamental mecha