10.1101/785931	Comparative single-cell transcriptomics of complete insect nervous systems	bioRxiv	Molecular profiles of neurons influence information processing, but bridging the gap between genes, circuits and behavior has been very difficult. Furthermore, the behavioral state of an animal continuously changes across development and as a result of sensory
10.1364/boe.396695	X-ray Zernike phase contrast tomography: 3D ROI visualization of mm-sized mice organ tissues down to sub-cellular components	Biomedical Optics Express	Thanks to its non-invasive nature, X-ray phase contrast tomography is a very versatile imaging tool for biomedical studies. In contrast, histology is a well-established method, though having its limitations: it requires extensive sample preparation and it is q
10.1371/journal.pone.0040937	Microbial Light-Activatable Proton Pumps as Neuronal Inhibitors to Functionally Dissect Neuronal Networks in C. elegans	PLoS ONE	Essentially any behavior in simple and complex animals depends on neuronal network function. Currently, the best-defined system to study neuronal circuits is the nematode Caenorhabditis elegans, as the connectivity of its 302 neurons is exactly known. Individu
10.1101/2024.09.02.610892	A gut-brain-gut interoceptive circuit loop gates sugar ingestion in Drosophila	bioRxiv	The communication between the brain and digestive tract is critical for optimising nutrient preference and food intake, yet the underlying neural mechanisms remain poorly understood1–7. Here, we show that a gut-brain-gut circuit loop gates sugar ingestion in f
10.1371/journal.pcbi.1000208	The Effects of NR2 Subunit-Dependent NMDA Receptor Kinetics on Synaptic Transmission and CaMKII Activation	PLoS Comput. Biol.	N-Methyl-d-aspartic acid (NMDA) receptors are widely expressed in the brain and are critical for many forms of synaptic plasticity. Subtypes of the NMDA receptor NR2 subunit are differentially expressed during development; in the forebrain, the NR2B receptor i
10.1093/cercor/bhy001	Training and spontaneous reinforcement of neuronal assemblies by spike timing plasticity	bioRxiv	The synaptic connectivity of cortex is plastic, with experience shaping the ongoing interactions between neurons. Theoretical studies of spike timing–dependent plasticity (STDP) have focused on either just pairs of neurons or large-scale simulations. A simple 
10.1101/2020.12.02.408518	Normalizing the brain connectome for communication through synchronization		ABSTRACT Networks in neuroscience determine how brain function unfolds, and their perturbations lead to psychiatric disorders and brain disease. Brain networks are characterized by their connectomes, which comprise the totality of all connections, and are comm
10.1073/pnas.1613680113	Mushroom spine dynamics in medium spiny neurons of dorsal striatum associated with memory of moderate and intense training	Proceedings of the National Academy of S	Significance Interference with activity of cerebral structures, including the dorsal striatum, produces amnesia after moderate levels of training; such interference, nonetheless, becomes ineffective when animals are subjected to intense training procedures. Th
10.1016/0042-6989(77)90144-4	Extensive lateral transmission in the inner plexiform layer of the pigeon retina.	Vision Research	
10.1101/2023.07.14.549063	Postsynaptic mitochondria are positioned to support functional diversity of dendritic spines	bioRxiv	Postsynaptic mitochondria are critical to the development, plasticity, and maintenance of synaptic inputs. However, their relationship to synaptic structure and functional activity is unknown. We examined a correlative dataset from ferret visual cortex with in
10.1523/jneurosci.1641-13.2013	Optimizing Working Memory with Heterogeneity of Recurrent Cortical Excitation	Journal of Neuroscience	A neural correlate of parametric working memory is a stimulus-specific rise in neuron firing rate that persists long after the stimulus is removed. Network models with local excitation and broad inhibition support persistent neural activity, linking network ar
10.1016/j.neuron.2013.09.041	Twenty-five Years of Progress: The View from NIMH and NINDS	Neuron	As directors of two NIH Institute supporting neuroscience research, we explore the gap between 25 years of stunning progress in fundamental neuroscience and the persistent needs of those with brain disorders. We conclude that closing this gap will require a mo
10.64898/2026.06.16.732444	Olfactory Loss Enhances Visual Learning in Drosophila through Structural and Functional Reorganisation	bioRxiv	Summary Loss of a sensory modality can enhance performance in the remaining senses. However, the circuit mechanisms by which such cross-modal compensation can improve cognitive functions, including learning, are unknown. Here, we show that compromising olfacti
10.1038/s41586-021-03952-y	Hominini-Specific Regulation of CBLN2 Increases Prefrontal Spinogenesis	Nature	The similarities and differences between nervous systems of various species result from developmental constraints and specific adaptations1–4. Comparative analyses of the prefrontal cortex (PFC), a cerebral cortex region involved in higher-order cognition and 
10.1371/journal.pcbi.1002689	Spike-Timing Dependence of Structural Plasticity Explains Cooperative Synapse Formation in the Neocortex	PLoS Comput. Biol.	Structural plasticity governs the long-term development of synaptic connections in the neocortex. While the underlying processes at the synapses are not fully understood, there is strong evidence that a process of random, independent formation and pruning of e
10.1371/journal.pbio.1001810	Dual PDF Signaling Pathways Reset Clocks Via TIMELESS and Acutely Excite Target Neurons to Control Circadian Behavior	PLoS Biology	Studies in Drosophila circadian neurons reveal a bifurcation in the Pigment Dispersing Factor (PDF) neuropeptide signaling pathway, independently synchronizing circadian clocks via PKA or acutely controlling neuronal excitability via cAMP.
10.1016/j.copbio.2016.03.012	Extracting Structural and Functional Features of Widely Distributed Biological Circuits with Single Cell Resolution via Tissue Clearing and Delivery V	Current Opinion in Biotechnology	The scientific community has learned a great deal from imaging small and naturally transparent organisms such as nematodes and zebrafish. The consequences of genetic mutations on their organ development and survival can be visualized easily and with high-throu
10.1073/pnas.2312664121	Sleep deprivation drives brain-wide changes in cholinergic presynapse abundance in Drosophila melanogaster	Proceedings of the National Academy of S	Significance While evidence from several species supports a trend toward synaptic upscaling during wakefulness, little is known about whether this synaptic accumulation occurs similarly across many brain regions or cell types or whether it is restricted to par
10.1038/s41593-026-02256-6	Spatial, temporal, and Notch determination of terminal selector expression controls neuronal cell fate in the Drosophila optic lobe	Nature Neuroscience	In the medulla of the Drosophila optic lobe, the identity of each neuronal type is specified in progenitors and newborn neurons via the integration of temporal, spatial, and Notch-driven patterning mechanisms. This identity is maintained in differentiating and
10.1038/s41598-022-12281-7	Reduced neural investment in post-reproductive females of the bee Ceratina calcarta	Scientific Reports	Many insects show plasticity in the area of the brain called the mushroom bodies (MB) with foraging and social experience. MBs are paired neuropils associated with learning and memory. MB volume is typically greater in mature foragers relative to young and/or 
10.3389/fninf.2016.00016	Building the Ferretome	bioRxiv	Databases of structural connections of the mammalian brain, such as CoCoMac (cocomac.g-node.org) or BAMS (brancusi.usc.edu), are valuable resources for the analysis of brain connectivity and the modeling of brain dynamics in species such as the non-human prima
10.1016/j.cois.2016.02.009	The neurobiological basis of orientation in insects: insights from the silkmoth mating dance.	Current Opinion in Insect Science	Counterturning is a common movement pattern during orientation behavior in insects. Once male moths sense sex pheromones and then lose the input, they demonstrate zigzag movements, alternating between left and right turns, to increase the probability to contac
10.7554/elife.52420	Lamina-specific AMPA receptor dynamics following visual deprivation in vivo	eLife	Regulation of AMPA receptor (AMPAR) expression is central to synaptic plasticity and brain function, but how these changes occur in vivo remains elusive. Here, we developed a method to longitudinally monitor the expression of synaptic AMPARs across multiple co
10.1002/glia.20990	The perivascular astroglial sheath provides a complete covering of the brain microvessels: An electron microscopic 3D reconstruction	Glia	Abstract The unravelling of the polarized distribution of AQP4 in perivascular astrocytic endfeet has revitalized the interest in the role of astrocytes in controlling water and ion exchange at the brain–blood interface. The importance of the endfeet is based 
10.3389/fnana.2016.00062	Progress Towards Mammalian Whole-Brain Cellular Connectomics	Frontiers in Neuroanatomy	Neurons are the fundamental structural units of the nervous system—i.e., the Neuron Doctrine—as the pioneering work of Santiago Ramón y Cajal in the 1880’s clearly demonstrated through careful observation of Golgi-stained neuronal morphologies. However, at tha
10.3389/fncir.2013.00026	Correlative analysis of immunoreactivity in confocal laser-scanning microscopy and scanning electron microscopy with focused ion beam milling	Front. Neural Circuits	Recently, three-dimensional reconstruction of ultrastructure of the brain has been realized with minimal effort by using scanning electron microscopy (SEM) combined with focused ion beam (FIB) milling (FIB-SEM). Application of immunohistochemical staining in e
10.1101/2023.05.26.541296	Mapping memories: pulse-chase labeling reveals AMPA receptor dynamics during memory formation	bioRxiv	A tool to map changes in synaptic strength during a defined time window could provide powerful insights into the mechanisms governing learning and memory. We developed a technique, Extracellular Protein Surface Labeling in Neurons (EPSILON), to map α-amino-3-h
10.1016/j.neuron.2023.07.019	Molecular logic of synaptic diversity between Drosophila tonic and phasic motoneurons.	Neuron	Although neuronal subtypes display unique synaptic organization and function, the underlying transcriptional differences that establish these features are poorly understood. To identify molecular pathways that contribute to synaptic diversity, single-neuron Pa
10.1016/s0166-2236(99)01458-7	Rod pathways: the importance of seeing nothing.	Trends in Neurosciences	Anatomical and physiological studies of the mammalian retina have revealed two primary pathways available for the transmission of rod signals to the ganglion cells: one via ON rod bipolars, amacrine II cells, and ON and OFF cone bipolars, which is exquisitely 
10.1016/bs.mcb.2019.03.012	Expedited large-volume 3-D SEM workflows for comparative microanatomical imaging.	Methods in Cell Biology	To-date, different electron microscopy (EM) approaches are available (e.g., TEM, SEM, STEM, CLEM, etc.) to collect three-dimensional (3-D) information in tissues and cells from the microscale up to the nanometer scale. However, an abundant amount of possibilit
10.1073/pnas.1710202115	Structured networks support sparse traveling waves in rodent somatosensory cortex	Proceedings of the National Academy of S	Significance The deflection of a single whisker activates neurons in the corresponding barrel of rodent somatosensory cortex, which is followed by a traveling wave of activity across the upper layer 2/3 (L2/3) of barrel cortex. There are many ways to generate 
10.1016/j.physrep.2025.10.003	Nonequilibrium physics of brain dynamics	Physics reports	Information processing in the brain is coordinated by the dynamic activity of neurons and neural populations at a range of spatiotemporal scales. These dynamics, captured in the form of electrophysiological recordings and neuroimaging, show evidence of time-ir
10.1109/isbi53787.2023.10230512	CELL INSTANCE SEGMENTATION VIA MULTI-SCALE NON-LOCAL CORRELATION	bioRxiv	For cell instance segmentation on Electron Microscopy (EM) images, state-of-the-art methods either conduct pixel-wise classification or follow a detection and segmentation manner. However, both approaches suffer from the enormous cell instances of EM images wh
10.1016/b978-012370880-9.00399-6	Circuit Functions of Gap Junctions in the Mammalian Retina	The Senses: A Comprehensive Reference	
10.1016/j.neuron.2014.09.032	Independent, reciprocal neuromodulatory control of sweet and bitter taste sensitivity during starvation in Drosophila	Neuron	SUMMARY An organism’s behavioral decisions often depend upon the relative strength of appetitive and aversive sensory stimuli, the relative sensitivity to which can be modified by internal states like hunger. However, whether sensitivity to such opposing influ
10.1101/2024.05.29.596399	Bio-inspired augmented reality: an interactive, digital twin of C. elegans	bioRxiv	This work presents a digital twin of the nematode Caenorhabditis elegans (C. elegans), an organism whose biology has been extensively studied. The digital twin can emulate neuronal activity and the corresponding muscle activity, and performs basic locomotion m
10.1523/jneurosci.4361-05.2006	Enhanced Excitatory Synaptic Connectivity in Layer V Pyramidal Neurons of Chronically Injured Epileptogenic Neocortex in Rats	Journal of Neuroscience	Formation of new recurrent excitatory circuits after brain injuries has been hypothesized as a major factor contributing to epileptogenesis. Increases in total axonal length and the density of synaptic boutons are present in layer V pyramidal neurons of chroni
10.21203/rs.3.rs-8950784/v1	Neurotransmitter-Specific Clustering Reveals Distinct Topological Roles in the Drosophila Brain Connectome		Abstract How does neurotransmitter identity shape the architecture of brain-wide neural cir cuits? We addressed this question by analyzing neurotransmitter-specific subnetworks within the FlyWire adult Drosophila connectome — 180,799 reciprocal synaptic pairs 
10.7554/elife.03293	Identification of motor neurons and a mechanosensitive sensory neuron in the defecation circuitry of Drosophila larvae	eLife	Defecation allows the body to eliminate waste, an essential step in food processing for animal survival. In contrast to the extensive studies of feeding, its obligate counterpart, defecation, has received much less attention until recently. In this study, we r
10.1016/j.cub.2024.11.064	A recurrent neural circuit in Drosophila temporally sharpens visual inputs	Current Biology	Summary A critical goal of vision is to detect changes in light intensity, even when these changes are blurred by the spatial resolution of the eye and the motion of the animal. Here we describe a recurrent neural circuit in Drosophila that compensates for blu
10.3389/fcomp.2024.1156204	Beyond neurons: computer vision methods for analysis of morphologically complex astrocytes	Frontiers Comput. Sci.	The study of the geometric organization of biological tissues has a rich history in the literature. However, the geometry and architecture of individual cells within tissues has traditionally relied upon manual or indirect measures of shape. Such rudimentary m
10.3389/fncel.2020.600537	A17 Amacrine Cells and Olfactory Granule Cells: Parallel Processors of Early Sensory Information	Frontiers in Cellular Neuroscience	Neurons typically receive synaptic input in their dendritic arbor, integrate inputs in their soma, and send output action potentials through their axon, following Cajal’s law of dynamic polarization. Two notable exceptions are retinal amacrine cells and olfact
10.1074/jbc.rev120.009633	Assaying three-dimensional cellular architecture using X-ray tomographic and correlated imaging approaches	Journal of Biological Chemistry	Much of our understanding of the spatial organization of and interactions between cellular organelles and macromolecular complexes has been the result of imaging studies utilizing either light- or electron-based microscopic analyses. These classical approaches
10.48550/arxiv.2603.18497	Recovering Sparse Neural Connectivity from Partial Measurements: A Covariance-Based Approach with Granger-Causality Refinement	arXiv.org	Inferring the connectivity of neural circuits from incomplete observations is a fundamental challenge in neuroscience. We present a covariance-based method for estimating the weight matrix of a recurrent neural network from sparse, partial measurements across 
10.1016/j.coi.2019.04.005	Role of Neurons in the Control of Immune Defense	Current Opinion in Immunology	Studies in recent years have strengthened the notion that neural mechanisms are involved in the control of immune responses. From initial studies that highlighted the vagus nerve control of inflammatory responses in vertebrates, many advances have been made, i
10.1016/j.neuron.2013.07.023	Environmental Enrichment Rescues Binocular Matching of Orientation Preference in Mice that Have a Precocious Critical Period	Neuron	SUMMARY Experience shapes neural circuits during critical periods in early life. The timing of critical periods is regulated by both genetics and the environment. Here we study the functional significance of such temporal regulations in the mouse primary visua
10.1186/1749-8104-9-16	Nuclei-specific differences in nerve terminal distribution, morphology, and development in mouse visual thalamus	Neural Development	Mouse visual thalamus has emerged as a powerful model for understanding the mechanisms underlying neural circuit formation and function. Three distinct nuclei within mouse thalamus receive retinal input, the dorsal lateral geniculate nucleus (dLGN), the ventra
10.3389/fnana.2018.00076	Fast Homogeneous En Bloc Staining of Large Tissue Samples for Volume Electron Microscopy	Frontiers in Neuroanatomy	Fixation and staining of large tissue samples are critical for the acquisition of volumetric electron microscopic image datasets and the subsequent reconstruction of neuronal circuits. Efficient protocols exist for the staining of small samples, but uniform co
10.1017/s0952523800012311	Evidence for only depolarizing rod bipolar cells in the primate retina	Visual Neuroscience	Abstract The mammalian rod bipolar, for which only one class has been identified, has been described as being hyperpolarizing by some investigators and depolarizing by others. We now report the effects of 2-amino-4-phosphonobutyrate (APB), a potent blocker of 
10.1038/s41592-024-02426-z	CAVE: Connectome Annotation Versioning Engine	Nature Methods	Advances in electron microscopy, image segmentation and computational infrastructure have given rise to large-scale and richly annotated connectomic datasets, which are increasingly shared across communities. To enable collaboration, users need to be able to c
10.1523/jneurosci.0740-19.2019	Activity Shapes Neural Circuit Form and Function: A Historical Perspective	Journal of Neuroscience	The brilliant and often prescient hypotheses of Ramon y Cajal have proven foundational for modern neuroscience, but his statement that “In adult centers the nerve paths are something fixed, ended, immutable … ” is an exception that did not stand the test of em
10.1371/journal.pbio.0050189	The Functional Microarchitecture of the Mouse Barrel Cortex	PLoS Biology	Cortical maps, consisting of orderly arrangements of functional columns, are a hallmark of the organization of the cerebral cortex. However, the microorganization of cortical maps at the level of single neurons is not known, mainly because of the limitations o
10.1038/s41467-026-71725-0	Interactions across hemispheres in prefrontal cortex reflect global cognitive processing	bioRxiv	Brain functions involve processing in local networks as well as modulation from brainwide signals, such as arousal. Dissecting the contributions of populations of neurons to these functions requires knowledge of interactions between brain areas. We investigate
10.1101/785618	Spaced Training Forms Complementary Long-Term Memories of Opposite Valence in Drosophila	bioRxiv	Forming long-term memory (LTM) in many cases requires repetitive experience spread over time. In Drosophila, aversive olfactory LTM is optimal following spaced training, multiple trials of differential odor conditioning with rest intervals. Studies often compa
10.1016/j.cub.2015.03.039	Neuroanatomy: connectome connects fly and mammalian brain networks.	Current Biology	A recent study shows that brain connectivity in Drosophila melanogaster follows a small-world, modular and rich-club organisation that facilitates information processing. This organisation shows a striking similarity with the mammalian brain.
10.1016/j.cogsys.2023.101156	Testing methods of neural systems understanding	Cognitive Systems Research	Neuroscientists apply a range of analysis tools to recorded neural activity in order to glean insights into how neural circuits drive behavior in organisms. Despite the fact that these tools shape the progress of the field as a whole, we have little empirical 
10.3389/fninf.2011.00028	Microstructural Analysis of Human White Matter Architecture Using Polarized Light Imaging: Views from Neuroanatomy	Front. Neuroinform.	To date, there are several methods for mapping connectivity, ranging from the macroscopic to molecular scales. However, it is difficult to integrate this multiply-scaled data into one concept. Polarized light imaging (PLI) is a method to quantify fiber orienta
10.1038/s41583-023-00718-5	Brain network communication: concepts, models and applications	Nature Reviews Neuroscience	Understanding communication and information processing in nervous systems is a central goal of neuroscience. Over the past two decades, advances in connectomics and network neuroscience have opened new avenues for investigating polysynaptic communication in co
10.1101/2025.07.16.665048	Barcoded Rabies In Situ Connectomics for high-throughput reconstruction of neural circuits	bioRxiv	Sequencing of oligonucleotide barcodes holds promise as a high-throughput approach for reconstructing synaptic connectivity at scale (1). Rabies viruses can act as a vehicle for barcode transmission, thanks to their ability to spread between synaptically conne
10.1523/jneurosci.3994-06.2006	Uniform Serial Sectioning for Transmission Electron Microscopy	Journal of Neuroscience	The transmission electron microscope (TEM) was first used approximately half a century ago to answer important neurobiological questions, showing unequivocally that neurons communicate via synaptic junctions ([Palay and Palade, 1955][1]; [Gray, 1959][2]). TEM 
10.1016/j.neuron.2013.02.018	Hypothalamic survival circuits: blueprints for purposive behaviors.	Neuron	Neural processes that direct an animal's actions toward environmental goals are critical elements for understanding behavior. The hypothalamus is closely associated with motivated behaviors required for survival and reproduction. Intense feeding, drinking, agg
10.1007/s00429-017-1382-6	Quantification of Neuronal Density across Cortical Depth Using Automated 3D Analysis of Confocal Image Stacks	Brain Structure and Function	A new framework for measuring densities of immunolabeled neurons across cortical layers was implemented that combines a confocal microscopy sampling strategy with automated analysis of 3D image stacks. Its utility was demonstrated by quantifying neuronal densi
10.1016/j.neuron.2018.07.042	The CeNGEN Project: The Complete Gene Expression Map of an Entire Nervous System	Neuron	Differential gene expression defines individual neuron types and determines how each contributes to circuit physiology and responds to injury and disease. The C. elegans Neuronal Gene Expression Map & Network (CeNGEN) will establish a comprehensive gene expres
10.1038/ncomms13208	Spontaneous emergence of fast attractor dynamics in a model of developing primary visual cortex	Nature Communications	Recent evidence suggests that neurons in primary sensory cortex arrange into competitive groups, representing stimuli by their joint activity rather than as independent feature analysers. A possible explanation for these results is that sensory cortex implemen
10.1038/s41467-023-43970-0	Optimized design and in vivo application of optogenetically functionalized Drosophila dopamine receptors	bioRxiv	Neuromodulatory signaling via G protein-coupled receptor (GPCRs) plays a pivotal role in regulating neural network function and animal behavior. Recent efforts have led to the development of optogenetic tools to induce G protein-mediated signaling, with the pr
10.1016/0028-3908(95)00142-s	Variation in the number, location and size of synaptic vesicles provides an anatomical basis for the nonuniform probability of release at hippocampal 	Neuropharmacology	Synaptic vesicles, synaptic clefts and postsynaptic areas were measured in three dimensional reconstructions at representative axonal boutons in hippocampal area CA1. Both docked and non-docked vesicles were counted and measured. Small boutons on thin spines h
10.1073/pnas.2305326121	Synapse-type-specific competitive Hebbian learning forms functional recurrent networks	bioRxiv	Cortical networks exhibit complex stimulus-response patterns that are based on specific recurrent interactions between neurons. For example, the balance between excitatory and inhibitory currents has been identified as a central component of cortical computati
10.1017/s1431927611001449	Serial sectioning for examination of photoreceptor cell architecture by focused ion beam technology	Microscopy and Microanalysis	Extended abstract of a paper presented at Microscopy and Microanalysis 2011 in Nashville, Tennessee, USA, August 7–August 11, 2011.
10.1016/j.celrep.2024.114190	Dendrite architecture determines mitochondrial distribution patterns in vivo	Cell Reports	SUMMARY Neuronal morphology influences synaptic connectivity and neuronal signal processing. However, it remains unclear how neuronal shape affects steady-state distributions of organelles like mitochondria. In this work, we investigated the link between mitoc
10.1101/2022.02.18.481045	Sample Preparation and Warping Accuracy for Correlative Multimodal Imaging in the Mouse Olfactory Bulb Using 2-Photon, Synchrotron X-Ray and Volume El	bioRxiv	Integrating physiology with structural insights of the same neuronal circuit provides a unique approach to understanding how the mammalian brain computes information. However, combining the techniques that provide both streams of data represents an experimenta
10.1101/2020.05.18.102061	Graph Properties of the Adult Drosophila Central Brain	bioRxiv	The recent Drosophila central brain connectome offers the possibility of analyzing the graph properties of the fly brain. Crucially, this connectome is dense, meaning all nodes and links are represented, within the limits of experimental error. We consider the
10.1523/jneurosci.1350-22.2022	Subtype-Specific Roles of Ellipsoid Body Ring Neurons in Sleep Regulation in Drosophila	Journal of Neuroscience	The ellipsoid body (EB) is a major structure of the central complex of the Drosophila melanogaster brain. Twenty-two subtypes of EB ring neurons have been identified based on anatomic and morphologic characteristics by light-level microscopy and EM connectomic
10.1038/s42254-022-00532-5	Tackling the subsampling problem to infer collective properties from limited data	Nature Reviews Physics	Despite the development of large-scale data-acquisition techniques, experimental observations of complex systems are often limited to a tiny fraction of the system under study. This spatial subsampling is particularly severe in neuroscience, in which only a ti
10.1038/s41398-023-02668-z	Distinct neurexin isoforms cooperate to initiate and maintain foraging activity	Translational Psychiatry	Neurexins are synaptic adhesion molecules that play diverse roles in synaptic development, function, maintenance, and plasticity. Neurexin genes have been associated with changes in human behavior, where variants in NRXN1 are associated with autism, schizophre
10.1016/j.neuron.2008.10.013	The mystery and magic of glia: a perspective on their roles in health and disease.	Neuron	In this perspective, I review recent evidence that glial cells are critical participants in every major aspect of brain development, function, and disease. Far more active than once thought, glial cells powerfully control synapse formation, function, and blood
10.1016/j.neuro.2024.03.005	How neurobehavior and brain development in alternative whole-organism models can contribute to prediction of developmental neurotoxicity	Neurotoxicology	Developmental neurotoxicity (DNT) is not routinely evaluated in chemical risk assessment because current test paradigms for DNT require the use of mammalian models which are ethically controversial, expensive, and resource demanding. Consequently, efforts have
10.1371/journal.pone.0000597	Mapping Human Whole-Brain Structural Networks with Diffusion MRI	PLoS ONE	Understanding the large-scale structural network formed by neurons is a major challenge in system neuroscience. A detailed connectivity map covering the entire brain would therefore be of great value. Based on diffusion MRI, we propose an efficient methodology
10.1038/s41592-024-02336-0	Next-generation AI for connectomics	Nature Methods	
10.1038/nprot.2015.019	An optogenetics- and imaging-assisted simultaneous multiple patch-clamp recording system for decoding complex neural circuits	Nature Protocols	Deciphering neuronal circuitry is central to understanding brain function and dysfunction, yet it remains a daunting task. To facilitate the dissection of neuronal circuits, a process requiring functional analysis of synaptic connections and morphological iden
10.1101/617977	A Drosophila larval premotor/motor neuron connectome generating two behaviors via distinct spatio-temporal muscle activity	bioRxiv	Animals generate diverse motor behaviors, yet how the same motor neurons generate distinct behaviors remains an open question. Drosophila larvae have multiple behaviors – e.g. forward crawling, backward crawling, self-righting and escape – and all of the body 
10.1002/cne.24308	A map of sensilla and neurons in the taste system of drosophila larvae	The Journal of comparative neurology	Abstract In Drosophila melanogaster larvae, the prime site of external taste reception is the terminal organ (TO). Though investigation on the TO's implications in taste perception has been expanding rapidly, the sensilla of the TO have been essentially unexpl
10.1111/j.1471-4159.2007.04864.x	Vesicular release of glutamate mediates bidirectional signaling between astrocytes and neurons	Journal of Neurochemistry	Abstract The major excitatory neurotransmitter in the CNS, glutamate, can be released exocytotically by neurons and astrocytes. Glutamate released from neurons can affect adjacent astrocytes by changing their intracellular Ca 2+ dynamics and, vice versa , glut
10.3389/fncom.2022.876315	Dynamics and Information Import in Recurrent Neural Networks	Frontiers in Computational Neuroscience	Recurrent neural networks (RNNs) are complex dynamical systems, capable of ongoing activity without any driving input. The long-term behavior of free-running RNNs, described by periodic, chaotic and fixed point attractors, is controlled by the statistics of th
10.1016/s0896-6273(00)80379-7	Tonic synaptic inhibition modulates neuronal output pattern and spatiotemporal synaptic integration.	Neuron	Irregular firing patterns are observed in most central neurons in vivo, but their origin is controversial. Here, we show that two types of inhibitory neurons in the cerebellar cortex fire spontaneously and regularly in the absence of synaptic input but generat
10.1101/2022.08.20.504653	Axon arrival times and physical occupancy establish visual projection neuron integration on developing dendrites in the Drosophila optic glomeruli	bioRxiv	Behaviorally relevant, higher order representations of an animal’s environment are built from the convergence of visual features encoded in the early stages of visual processing. Although developmental mechanisms that generate feature encoding channels in earl
10.1016/j.conb.2021.09.011	Transcriptomic evidence for dense peptidergic networks within forebrains of four widely divergent tetrapods.	Current Opinion in Neurobiology	The primary function common to every neuron is communication with other neurons. Such cell-cell signaling can take numerous forms, including fast synaptic transmission and slower neuromodulation via secreted messengers, such as neuropeptides, dopamine, and man
10.1101/2025.06.19.660638	Spectral imprint of structural embedding in effective connectivity	bioRxiv	Neural fluctuations exhibit rich spectral profiles that reflects both local dynamics and structural (or anatomical) embedding. Yet, standard models of resting-state effective connectivity neglect structural embedding and assume uniformity in the timescales of 
10.1016/j.yjmcc.2014.08.010	Serial block face scanning electron microscopy for the study of cardiac muscle ultrastructure at nanoscale resolutions.	Journal of Molecular and Cellular Cardio	Electron microscopy techniques have made a significant contribution towards understanding muscle physiology since the 1950s. Subsequent advances in hardware and software have led to major breakthroughs in terms of image resolution as well as the ability to gen
10.1002/cne.902800108	Morphologies of rabbit retinal ganglion cells with complex receptive fields	The Journal of comparative neurology	Abstract Ganglion cells that had complex receptive field properties, namely, On‐Off and On direction‐selective cells, orientation‐selective cells, local edge detectors, and uniformity detectors (suppressed by contrast cells) were recorded in an isolated superf
10.1016/j.conb.2022.102546	The two body problem: proprioception and motor control across the metamorphic divide	Current Opinion in Neurobiology	Like a rocket being propelled into space, evolution has engineered flies to launch into adulthood via multiple stages. Flies develop and deploy two distinct bodies, linked by the transformative process of metamorphosis. The fly larva is a soft hydraulic tube t
10.48550/arxiv.2306.12109	<NO TITLE>		Three-dimensional microscopy is often limited by anisotropic spatial resolution, resulting in lower axial resolution than lateral resolution. Current State-of-The-Art (SoTA) isotropic reconstruction methods utilizing deep neural networks can achieve impressive
10.1101/2023.10.31.564922	From connectome to effectome: learning the causal interaction map of the fly brain	bioRxiv	A long-standing goal of neuroscience is to obtain a causal model of the nervous system. This would allow neuroscientists to explain animal behavior in terms of the dynamic interactions between neurons. The recently reported whole-brain fly connectome [1–7] spe
10.1111/cns.13123	Astrocyte morphology: Diversity, plasticity, and role in neurological diseases	CNS Neuroscience & Therapeutics	Astrocytes are the most abundant glial cells in the central nervous system (CNS) and participate in synaptic, circuit, and behavioral functions. The well‐developed protoplasmic astrocytes contain numerous processes forming well‐delineated bushy territories tha
10.1046/j.1460-9568.2000.00986.x	Alterations in Purkinje cell spines of calbindin D‐28 k and parvalbumin knock‐out mice	European Journal of Neuroscience	Abstract The second messenger Ca 2+ is known to act in a broad spectrum of fundamental cell processes, including modifications of cell shape and motility, through the intermediary of intracellular calcium‐binding proteins. The possible impact of the lack of th
10.1073/pnas.2505822122	PyReconstruct: A fully open-source, collaborative successor to Reconstruct	bioRxiv	As the serial section community transitions to volume electron microscopy, tools are needed to balance rapid segmentation efforts with documenting the fine detail of structures that support cell function. New annotation applications should be accessible to use
10.1101/2020.09.18.304410	A Global Temporal Genetic Program for Neural Circuit Formation	bioRxiv	Wiring a complex brain relies on cell-type and temporal-specific expression of genes encoding cell recognition molecules regulating circuit formation1–3. Though genetic programs driving cell-type specificity have been described4–6, how precise temporal control
10.1038/s41586-025-08734-4	Sleep pressure accumulates in a voltage-gated lipid peroxidation memory	bioRxiv	Voltage-gated potassium (KV) channels contain cytoplasmic β-subunits whose aldo-keto reductase activity is required for the homeostatic regulation of sleep. Here we show that Hyperkinetic, the β-subunit of the KV1 channel Shaker in Drosophila, forms a dynamic 
10.1016/j.neuroscience.2022.07.017	NMDA receptors mediate synaptic plasticity impairment of hippocampal neurons due to arsenic exposure.	Neuroscience	Endemic arsenism is a worldwide health problem. Chronic arsenic exposure results in cognitive dysfunction due to arsenic and its metabolites accumulating in hippocampus. As the cellular basis of cognition, synaptic plasticity is pivotal in arsenic-induced cogn
10.1016/j.conb.2026.103175	Sexual dimorphism in the nervous system: Three principles from the nematode C. elegans	Current Opinion in Neurobiology	Recent interest in the neurobiology of the C. elegans male has driven exciting progress in understanding sexual dimorphism in the nervous system of this important model system. From these studies, a framework emerges in which the effects of biological sex fall
10.1242/jcs.222315	CryoAPEX – an electron tomography tool for subcellular localization of membrane proteins	Journal of Cell Science	ABSTRACT We describe a method, termed cryoAPEX, which couples chemical fixation and high-pressure freezing of cells with peroxidase tagging (APEX) to allow precise localization of membrane proteins in the context of a well-preserved subcellular membrane archit
10.1111/tra.12789	Deep learning for automatic segmentation of the nuclear envelope in electron microscopy data, trained with volunteer segmentations	Traffic : the International Journal of I	Advancements in volume electron microscopy mean it is now possible to generate thousands of serial images at nanometre resolution overnight, yet the gold standard approach for data analysis remains manual segmentation by an expert microscopist, resulting in a 
10.1002/cne.901480106	The connections between bipolar cells and photoreceptors in the retina of the domestic cat	The Journal of comparative neurology	Abstract An invaginating bipolar cell that has dendritic terminals forming the central elements of the cone triads is described for the retina of the cat. This type of bipolar contacts a minimum of four or five and a maximum of nine or ten cones. There is no e
10.1021/acschemneuro.5c00053	Decoding Neuropeptide Complexity: Advancing Neurobiological Insights from Invertebrates to Vertebrates Through Evolutionary Perspectives	ACS Chemical Neuroscience	Neuropeptides are vital signaling molecules involved in neural communication, hormonal regulation, and stress response across diverse taxa. Despite their critical roles, neuropeptide research remains challenging due to their low abundance, complex post-transla
10.1016/s0014-4835(80)80059-5	Localization of putative amino acid neurotransmitters in the human retina.	Experimental Eye Research	
10.1093/jmicro/dfv042	High-resolution imaging by scanning electron microscopy of semithin sections in correlation with light microscopy.	Microscopy	In this study, we introduce scanning electron microscopy (SEM) of semithin resin sections. In this technique, semithin sections were adhered on glass slides, stained with both uranyl acetate and lead citrate, and observed with a backscattered electron detector
10.1016/s0091-679x(10)96015-9	Three-dimensional reconstruction methods for Caenorhabditis elegans ultrastructure.	Methods in Cell Biology	The roundworm Caenorhabditis elegans is one of the major model organisms in modern cell and developmental biology. Here, we present methods for the three-dimensional (3D) reconstruction of the worm ultrastructure. We describe the use of (1) serial-section anal
10.7554/elife.33498	LRRTM1 underlies synaptic convergence in visual thalamus	bioRxiv	It has long been thought that the mammalian visual system is organized into parallel pathways, with incoming visual signals being parsed in the retina based on feature (e.g. color, contrast and motion) and then transmitted to the brain in unmixed, feature-spec
10.1093/biosci/biu058	Neurobiology of Caenorhabditis elegans Locomotion: Where Do We Stand?	BioScience	Animals use a nervous system for locomotion in some stage of their life cycle. The nematode Caenorhabditis elegans, a major animal model for almost all fields of experimental biology, has long been used for detailed studies of genetic and physiological locomot
10.1007/978-3-319-57363-2_13	Whole-Brain Imaging Using Genetically Encoded Activity Sensors in Vertebrates	Decoding Neural Circuit Structure and Fu	
10.1371/journal.pone.0007716	Imaging Transient Blood Vessel Fusion Events in Zebrafish by Correlative Volume Electron Microscopy	PLoS ONE	The study of biological processes has become increasingly reliant on obtaining high-resolution spatial and temporal data through imaging techniques. As researchers demand molecular resolution of cellular events in the context of whole organisms, correlation of
10.1371/journal.pcbi.1011354	Attractor neural networks with double well synapses	bioRxiv	It is widely believed that memory storage depends on activity-dependent synaptic modifications. Classical studies of learning and memory in neural networks describe synaptic efficacy either as continuous [1, 2] or discrete [2–4]. However, recent results sugges
10.1016/j.neuroscience.2015.07.007	Stargazing: Monitoring subcellular dynamics of brain astrocytes.	Neuroscience	Astrocytes are major non-neuronal cell types in the central nervous system that regulate a variety of processes in the brain including synaptic transmission, neurometabolism, and cerebrovasculature tone. Recent discoveries have revealed that astrocytes perform
10.1109/tmi.2011.2171705	Supervoxel-Based Segmentation of Mitochondria in EM Image Stacks With Learned Shape Features	IEEE Transactions on Medical Imaging	It is becoming increasingly clear that mitochondria play an important role in neural function. Recent studies show mitochondrial morphology to be crucial to cellular physiology and synaptic function and a link between mitochondrial defects and neuro-degenerati
10.1101/638171	Modality-specific circuits for skylight orientation in the fly visual system	bioRxiv	In the fly optic lobe ∼800 highly stereotypical columnar microcircuits are arranged retinotopically to process visual information. Differences in cellular composition and synaptic connectivity within functionally specialized columns remains largely unknown. He
10.1609/aaai.v30i1.10141	Deep Contextual Networks for Neuronal Structure Segmentation	AAAI Conference on Artificial Intelligen	    The goal of connectomics is to manifest the interconnections of neural system with the Electron Microscopy (EM) images. However, the formidable size of EM image data renders human annotation impractical, as it may take decades to fulfill the whole job. An 
10.1016/j.ibror.2018.10.001	A simplified morphological classification scheme for pyramidal cells in six layers of primary somatosensory cortex of juvenile rats	IBRO Reports	Highlights • A simplified classification scheme for PCs by identifying apical dendritic morphology.• This classification scheme yielded 19 PC types cross all 6 layers of juvenile rat SSC.• Three aims are:• to introduce a simplified classification scheme for th
10.3389/fninf.2015.00018	3D-printer visualization of neuron models	Front. Neuroinform.	Neurons come in a wide variety of shapes and sizes. In a quest to understand this neuronal diversity, researchers have three-dimensionally traced tens of thousands of neurons; many of these tracings are freely available through online repositories like NeuroMo
10.1002/cne.23409	Cingulate area 32 homologies in mouse, rat, macaque and human: Cytoarchitecture and receptor architecture	The Journal of comparative neurology	ABSTRACT Homologizing between human and nonhuman area 32 has been impaired since Brodmann said he could not homologize with certainty human area 32 to a specific cortical domain in other species. Human area 32 has four divisions, however, and two can be struct
10.1152/jn.00094.2015	Five key factors determining pairwise correlations in visual cortex	Journal of Neurophysiology	The responses of cortical neurons to repeated presentation of a stimulus are highly variable, yet correlated. These “noise correlations” reflect a low-dimensional structure of population dynamics. Here, we examine noise correlations in 22,705 pairs of neurons 
10.1111/jmi.12056	Correlative light and electron microscopy for the analysis of cell division	Journal of Microscopy	Summary Correlative light and electron microscopy (CLEM) has recently gained increasing attention, because it enables the acquisition of dynamic as well as ultrastructural information about subcellular processes. It is the power of combining the two imaging mo
10.1007/s12154-015-0147-z	Probing the future of correlative microscopy	Journal of Chemical Biology	
10.1038/s41467-024-47021-0	Serotonergic modulation of vigilance states in zebrafish and mice	Nature Communications	Vigilance refers to being alertly watchful or paying sustained attention to avoid potential threats. Animals in vigilance states reduce locomotion and have an enhanced sensitivity to aversive stimuli so as to react quickly to dangers. Here we report that an un
10.1152/jn.01004.2007	Role of interneuron diversity in the cortical microcircuit for attention.	Journal of Neurophysiology	Receptive fields of neurons in cortical area V4 are large enough to fit multiple stimuli, making V4 the ideal place to study the effects of selective attention at the single-neuron level. Experiments have revealed evidence for stimulus competition and have cha
10.1111/ejn.15960	XIth Cajal Conference: New frontiers in neuron‐glial plasticity in health and disease	European Journal of Neuroscience	The brain is a complex assembly of interconnected neurons where synapses enable the transmission of information. Synapses are progressively established in the brain via mechanisms of neuronal competition, where the neurons that fire together, wire together (He
10.1038/nn.3447	SeeDB: a simple and morphology-preserving optical clearing agent for neuronal circuit reconstruction	Nature Neuroscience	We report a water-based optical clearing agent, SeeDB, which clears fixed brain samples in a few days without quenching many types of fluorescent dyes, including fluorescent proteins and lipophilic neuronal tracers. Our method maintained a constant sample volu
10.1101/199521	Attractor dynamics in networks with learning rules inferred from in vivo data	bioRxiv	The attractor neural network scenario is a popular scenario for memory storage in association cortex, but there is still a large gap between models based on this scenario and experimental data. We study a recurrent network model in which both learning rules an
10.1016/j.conb.2025.103055	Neuromodulatory processing in the bi-pathway brain architecture.	Current Opinion in Neurobiology	The brain is inherently a complex and parallel system that processes both external and internal sensory cues to generate adaptive responses. Sensory cues encapsulate not only objective information about their physical and chemical properties but also subjectiv
10.1007/s11571-021-09770-2	Control of noise-induced coherent oscillations in three-neuron motifs	Cognitive Neurodynamics	The phenomenon of self-induced stochastic resonance (SISR) requires a nontrivial scaling limit between the deterministic and the stochastic timescales of an excitable system, leading to the emergence of coherent oscillations which are absent without noise. In 
10.3389/fninf.2018.00061	A Segmentation Scheme for Complex Neuronal Arbors and Application to Vibration Sensitive Neurons in the Honeybee Brain	bioRxiv	The morphology of a neuron is strongly related to its physiological properties, and thus to information processing functions. Optical microscope images are widely used for extracting the structure of neurons. Although several approaches have been proposed to t
10.1007/s13295-016-0025-3	Connectomics: a need for comparative studies	e-Neuroforum	Connectomics, the study of circuit architecture, has the potential to reveal the connectivity of any brain or brain area with single-synapse resolution. This is extremely exciting but at the same time quite daunting. The exciting part is obvious. The daunting 
10.1007/978-3-540-71512-2_5	Anatomical Concepts of Brain Connectivity	Understanding Complex Systems	
10.1109/iccvw.2017.7	Solving Large Multicut Problems for Connectomics via Domain Decomposition	2017 IEEE International Conference on Co	In this contribution we demonstrate how a Multicut-based segmentation pipeline can be scaled up to datasets of hundreds of Gigabytes in size. Such datasets are prevalent in connectomics, where neuron segmentation needs to be performed across very large electro
10.1038/s41467-022-32775-2	High-density electrode recordings reveal strong and specific connections between retinal ganglion cells and midbrain neurons	Nature Communications	The superior colliculus is a midbrain structure that plays important roles in visually guided behaviors in mammals. Neurons in the superior colliculus receive inputs from retinal ganglion cells but how these inputs are integrated in vivo is unknown. Here, we d
10.1016/s0306-4522(00)00089-0	Vesicle number does not predict postsynaptic measures of miniature synaptic activity frequency in cultured cortical neurons.	Neuroscience	We tested the hypothesis that heterogeneity in the frequency of miniature synaptic activity reflects differences in the number of vesicles present in presynaptic terminals. Using imaging techniques, we measured dendritic miniature synaptic calcium transients a
10.1007/s12565-025-00900-y	The synaptic organization of the human temporal lobe neocortex by high-resolution transmission, focused ion beam scanning, and electron microscopic to	Anatomical Science International	Fine-scale transmission electron microscopy (TEM), focused ion beam scanning EM (FIB), and EM tomography have opened a new window on the synaptic organization of the normal, developing and pathologically altered brain in experimental animals. Progress in the h
10.1016/j.neuron.2019.02.021	The Excitatory, the Inhibitory, and the Modulatory: Mapping Chemical Neurotransmission in the Brain.	Neuron	In this issue of Neuron, Deng et al. (2019) report the generation of a new set of tools to manipulate the entire set of neurotransmitters, neuromodulators, neuropeptides, and their receptors-the "chemoconnectome"-in Drosophila.
10.64898/2026.05.22.727331	Data-Constrained Recurrent Network Neural Model Uncovers the Circuit Mechanism of Olfactory OFF Responses	bioRxiv	Sensory neural circuits must encode both the presence and termination of a stimulus. Following odor offset, projection neurons (PNs) in the insect antennal lobe (AL) exhibit transient increases in firing rate, termed OFF responses, yet the circuit mechanisms t
10.1016/j.cub.2016.06.016	Glutamatergic monopolar interneurons provide a novel pathway of excitation in the mouse retina	Current Biology	Summary Excitatory and inhibitory neurons in the central nervous system (CNS) are distinguished by several features, including morphology, transmitter content and synapse architecture [1]. Such distinctions are exemplified in the vertebrate retina. Retinal bip
10.7554/elife.25301	Parallel Activin and BMP signaling coordinates R7/R8 photoreceptor subtype pairing in the stochastic Drosophila retina	eLife	Drosophila color vision is achieved by comparing outputs from two types of color-sensitive photoreceptors, R7 and R8. Ommatidia (unit eyes) are classified into two subtypes, known as ‘pale’ or ‘yellow’, depending on Rhodopsin expression in R7 and R8. Subtype s
10.1016/j.cophys.2019.02.006	Diversity of neurons and circuits controlling the speed and coordination of locomotion	Current Opinion in Physiology	While often considered to be a simple and stereotyped motor behavior, effective locomotion entails complex changes in vigor, speed, and gait. Studies over several decades in many species have uncovered the basic building blocks of the spinal locomotor CPG. Mor
10.1101/2025.07.27.666997	Representation Transfer via Invariant Input-driven Neural Manifolds for Brain-inspired Computations	bioRxiv	Domain adaptation is a core challenge for embodied AI deployed in unpredictable, noisy environments. Conventional deep models degrade under domain shifts and require costly retraining. Inspired by biological brains, we propose a modular framework where each mo
10.1073/pnas.95.9.5323	Differential signaling via the same axon of neocortical pyramidal neurons.	Proceedings of the National Academy of S	The nature of information stemming from a single neuron and conveyed simultaneously to several hundred target neurons is not known. Triple and quadruple neuron recordings revealed that each synaptic connection established by neocortical pyramidal neurons is po
10.1016/j.cell.2022.05.011	Transcriptome, connectome and neuromodulation of the primate brain.	Cell	Single-cell transcriptomic analysis has facilitated cell type identification in the brain and mapping of cell type-specific connectomes, helping to elucidate neural circuits underlying brain functions and to treat brain disorders by neuromodulation. Yet, we la
10.64898/2026.01.09.698615	Autocrine feedback maintains homeostatic neuropeptide expression in a peptidergic hub neuron	bioRxiv	Neuronal circuits sustain stable function by self-regulating their gene expression and neurosecretion. Patterns for autocrine feedback by neuropeptides are widespread across nervous systems, but how they contribute to neuronal homeostasis remains poorly unders
10.1111/jmi.12023	Automated in‐chamber specimen coating for serial block‐face electron microscopy	Journal of Microscopy	Summary When imaging insulating specimens in a scanning electron microscope, negative charge accumulates locally (‘sample charging’). The resulting electric fields distort signal amplitude, focus and image geometry, which can be avoided by coating the specimen
10.1080/01677063.2017.1395875	Novel genetic approaches to behavior in Drosophila	Journal of neurogenetics	Abstract The study of behavior requires manipulation of the controlling neural circuits. The fruit fly, Drosophila melanogaster, is an ideal model for studying behavior because of its relatively small brain and the numerous sophisticated genetic tools that hav
10.3389/fcomp.2021.613981	FusionNet: A Deep Fully Residual Convolutional Neural Network for Image Segmentation in Connectomics	Frontiers of Computer Science	Cellular-resolution connectomics is an ambitious research direction with the goal of generating comprehensive brain connectivity maps using high-throughput, nano-scale electron microscopy. One of the main challenges in connectomics research is developing scala
10.1038/s41592-025-02971-1	The past and future of functional connectomics	Nature Methods	
10.1109/iccvw60793.2023.00422	PCTrans: Position-Guided Transformer with Query Contrast for Biological Instance Segmentation	2023 IEEE/CVF International Conference o	Recently, query-based transformer gradually draws attention in segmentation tasks due to its powerful ability. Compared to instance segmentation in natural images, biological instance segmentation is more challenging due to high texture similarity, crowded obj
10.1038/nrn.2016.182	Micro-connectomics: probing the organization of neuronal networks at the cellular scale	Nature Reviews Neuroscience	Defining the organizational principles of neuronal networks at the cellular scale, or micro-connectomics, is a key challenge of modern neuroscience. In this Review, we focus on graph theoretical parameters of micro-connectome topology, often informed by econom
10.1016/j.bbrc.2004.02.086	Temporal dynamics of NMDA receptor-induced changes in spine morphology and AMPA receptor recruitment to spines.	Biochemical and Biophysical Research Com	Recent studies have shown that the activation of NMDA receptors can induce rapid changes in dendritic morphology and synaptic recruitment of AMPA receptors in dendritic spines. Here, we analyze the time course of NMDA receptor-induced changes in dendrite morph
10.1007/s00429-018-1628-y	Diffusion MRI-based cortical connectome reconstruction: dependency on tractography procedures and neuroanatomical characteristics	Brain Structure and Function	Diffusion MRI (dMRI)-based tractography offers unique abilities to map whole-brain structural connections in human and animal brains. However, dMRI-based tractography indirectly measures white matter tracts, with suboptimal accuracy and reliability. Recently, 
10.1016/j.conb.2021.10.006	Neural architectures in the light of comparative connectomics	Current Opinion in Neurobiology	Since the Cambrian, animals diversified from a few body forms or bauplans, into many extinct and all extant species. A characteristic neural architecture serves each bauplan. How the connectome of each animal differs from that of closely related species or whe
10.1162/089976600300015529	The Number of Synaptic Inputs and the Synchrony of Large, Sparse Neuronal Networks	Neural Computation	The prevalence of coherent oscillations in various frequency ranges in the central nervous system raises the question of the mechanisms that synchronize large populations of neurons. We study synchronization in models of large networks of spiking neurons with 
10.64898/2026.03.01.708921	Minimal biophysical rules are sufficient for the emergence of computational intelligence at the neuronal scale	bioRxiv	Abstract How intelligence emerges from the brain’s complex microscopic physical system is a central question for neuroscience and artificial intelligence. Constrained by the genomic bottleneck that precludes synapse-by-synapse specification, we propose and val
10.1016/j.conb.2016.01.007	Studying small brains to understand the building blocks of cognition.	Current Opinion in Neurobiology	Cognition encompasses a range of higher-order mental processes, such as attention, working memory, and model-based decision-making. These processes are thought to involve the dynamic interaction of multiple central brain regions. A mechanistic understanding of
10.1038/s41467-020-19936-x	Distributed control of motor circuits for backward walking in Drosophila	Nature Communications	How do descending inputs from the brain control leg motor circuits to change how an animal walks? Conceptually, descending neurons are thought to function either as command-type neurons, in which a single type of descending neuron exerts a high-level control t
10.1016/j.neuron.2018.05.028	A Viral Receptor Complementation Strategy to Overcome CAV-2 Tropism for Efficient Retrograde Targeting of Neurons.	Neuron	Retrogradely transported neurotropic viruses enable genetic access to neurons based on their long-range projections and have become indispensable tools for linking neural connectivity with function. A major limitation of viral techniques is that they rely on c
10.3791/57059	Multimodal Hierarchical Imaging of Serial Sections for Finding Specific Cellular Targets within Large Volumes	Journal of Visualized Experiments	Targeting specific cells at ultrastructural resolution within a mixed cell population or a tissue can be achieved by hierarchical imaging using a combination of light and electron microscopy. Samples embedded in resin are sectioned into arrays consisting of ri
10.1038/s41467-020-17005-x	Dynamic perceptual feature selectivity in primary somatosensory cortex upon reversal learning	Nature Communications	Neurons in primary sensory cortex encode a variety of stimulus features upon perceptual learning. However, it is unclear whether the acquired stimulus selectivity remains stable when the same input is perceived in a different context. Here, we monitor the acti
10.1038/nn825	Cooperation between independent hippocampal synapses is controlled by glutamate uptake	Nature Neuroscience	Localized action of released neurotransmitters is the basis for synaptic independence. In the hippocampal neuropil, where synapses are densely packed, it has been postulated that released glutamate, by diffusing out of the synaptic cleft, may also activate pos
10.1038/s41597-022-01219-3	The brainstem connectome database	Scientific Data	Connectivity data of the nervous system and subdivisions, such as the brainstem, cerebral cortex and subcortical nuclei, are necessary to understand connectional structures, predict effects of connectional disorders and simulate network dynamics. For that purp
10.1007/s00018-021-03820-y	Molecular and neural mechanisms regulating sexual motivation of virgin female Drosophila	Cellular and Molecular Life Sciences	During courtship, multiple information sources are integrated in the brain to reach a final decision, i.e., whether or not to mate. The brain functions for this complex behavior can be investigated by genetically manipulating genes and neurons, and performing 
10.1073/pnas.0711669105	Structural plasticity with preserved topology in the postsynaptic protein network	Proceedings of the National Academy of S	The size, shape, and molecular arrangement of the postsynaptic density (PSD) determine the function of excitatory synapses in the brain. Here, we directly measured the internal dynamics of scaffold proteins within single living PSDs, focusing on the principal 
10.1101/2021.05.29.445828	Denoising-based Image Compression for Connectomics	bioRxiv	Connectomic reconstruction of neural circuits relies on nanometer resolution microscopy which produces on the order of a petabyte of imagery for each cubic millimeter of brain tissue. The cost of storing such data is a significant barrier to broadening the use
10.3390/cells14241936	Astrocyte-Mediated Plasticity: Multi-Scale Mechanisms Linking Synaptic Dynamics to Learning and Memory	Cells	Astrocytes play a pivotal role in shaping synaptic function and in learning, memory, and emotion. Recent studies show that perisynaptic astrocytic processes form structured interactions with pre- and postsynaptic elements, which extends synaptic diversity beyo
10.1038/nn.2826	Neuronal activity drives matching of pre- and postsynaptic function during synapse maturation	Nature Neuroscience	The structure and function of presynaptic and postsynaptic compartments varies markedly in neurons, but little is known about how they are functionally arranged with respect to each other. In rat hippocampal neurons, we found that, although they are structural
10.1371/journal.pcbi.1004339	A Bio-inspired Collision Avoidance Model Based on Spatial Information Derived from Motion Detectors Leads to Common Routes	PLoS Comput. Biol.	Avoiding collisions is one of the most basic needs of any mobile agent, both biological and technical, when searching around or aiming toward a goal. We propose a model of collision avoidance inspired by behavioral experiments on insects and by properties of o
10.1017/s1431927614013579	X-ray Microscopy as an Approach to Increasing Accuracy and Efficiency of Serial Block-face Imaging for Correlated Light and Electron Microscopy of Bio	Microscopy and Microanalysis	Abstract The recently developed three-dimensional electron microscopic (EM) method of serial block-face scanning electron microscopy (SBEM) has rapidly established itself as a powerful imaging approach. Volume EM imaging with this scanning electron microscopy 
10.1016/bs.mcb.2020.09.006	Step-by-step guide to post-acquisition correlation of confocal and FIB/SEM volumes using Amira software.	Methods in Cell Biology	In recent years new methodologies and workflow pipelines for acquiring correlated fluorescence microscopy and volume electron microscopy datasets have been extensively described and made accessible to users of different levels. Post-acquisition image processin
10.1177/1073858420974336	Monoamines: Dopamine, Norepinephrine, and Serotonin, Beyond Modulation, “Switches” That Alter the State of Target Networks	The Neuroscientist	How do monoamines influence the perceptual and behavioral aspects of brain function? A library of information regarding the genetic, molecular, cellular, and function of monoamines in the nervous system and other organs has accumulated. We briefly review monoa
10.1101/2020.10.26.353631	Drosophila clock cells use multiple mechanisms to transmit time-of-day signals in the brain	Proceedings of the National Academy of S	Significance Despite our growing understanding of how the fly clock network maintains free-running rhythms of behavior and physiology, little is known about how information is communicated from the clock network to the rest of the brain to regulate behavior. W
10.1523/eneuro.0205-16.2016	Graph Theoretic and Motif Analyses of the Hippocampal Neuron Type Potential Connectome	eNeuro	Abstract We computed the potential connectivity map of all known neuron types in the rodent hippocampal formation by supplementing scantly available synaptic data with spatial distributions of axons and dendrites from the open-access knowledge base Hippocampom
10.1038/500154a	Neuroscience: Accurate maps of visual circuitry	Nature	
10.1038/nature09613	Glial and neuronal control of brain blood flow	Nature	Blood flow in the brain is regulated by neurons and astrocytes. Knowledge of how these cells control blood flow is crucial for understanding how neural computation is powered, for interpreting functional imaging scans of brains, and for developing treatments f
10.1093/cercor/bhj030	Synaptic distinction of laminar-specific prefrontal-temporal pathways in primates.	Cerebral Cortex	Prefrontal pathways exert diverse effects in widespread cortical areas, issuing projections both to the middle layers and to layer I, which are anatomically and functionally distinct. Here we addressed the still unanswered question of whether cortical pathways
10.3389/fncom.2024.1460006	Reinforcement learning as a robotics-inspired framework for insect navigation: from spatial representations to neural implementation	Frontiers Comput. Neurosci.	Bees are among the master navigators of the insect world. Despite impressive advances in robot navigation research, the performance of these insects is still unrivaled by any artificial system in terms of training efficiency and generalization capabilities, pa
10.1016/j.cub.2014.04.038	Neural circuit assembly: economically wired by a single cadherin.	Current Biology	Neurons are thought to acquire shapes and configurations consistent with the wiring optimization principle. A new study sheds light on the underlying molecular mechanisms by demonstrating that N-cadherin-mediated differential adhesion determines relative neuri
10.1109/isbi.2011.5872507	Fast cell detection in high-throughput imagery using GPU-accelerated machine learning	IEEE International Symposium on Biomedic	High-throughput microscopy allows fast imaging of large tissue samples, producing an unprecedented amount of sub-cellular information. The size and complexity of these data sets often out-scale current reconstruction algorithms. Overcoming this computational b
10.1146/annurev-neuro-080317-061839	Acoustic Pattern Recognition and Courtship Songs: Insights from Insects	Annual Review of Neuroscience	Across the animal kingdom, social interactions rely on sound production and perception. From simple cricket chirps to more elaborate bird songs, animals go to great lengths to communicate information critical for reproduction and survival via acoustic signals.
10.1016/j.neuron.2022.08.028	Independent response modulation of visual cortical neurons by attentional and behavioral states	Neuron	Sensory processing is influenced by cognitive and behavioral states, but how these states interact to modulate responses of individual neurons is unknown. We trained mice in a visual discrimination task wherein they attended to different locations within a hem
10.1093/genetics/iyae105	Behavioral plasticity.	Genetics	Behavioral plasticity allows animals to modulate their behavior based on experience and environmental conditions. Caenorhabditis elegans exhibits experience-dependent changes in its behavioral responses to various modalities of sensory cues, including odorants
10.1016/j.conb.2008.08.010	Ome sweet ome: what can the genome tell us about the connectome?	Current Opinion in Neurobiology	Some neuroscientists argue that detailed maps of synaptic connectivity--wiring diagrams--will be needed if we are to understand how the brain underlies behavior and how brain malfunctions underlie behavioral disorders. Such large-scale circuit reconstruction, 
10.1101/2025.08.04.668437	Polyadic synapses introduce unique wiring architectures in T5 cells of Drosophila	bioRxiv	Connectomes provide neuronal wiring diagrams and allow for investigating the detailed synaptic morphology of each connection. In the visual system of Drosophila, T5 cells are the primary motion-sensing neurons in the OFF-pathway. On their dendrites, they recei
10.1242/jcs.090027	Advances in high-resolution imaging – techniques for three-dimensional imaging of cellular structures	Journal of Cell Science	A fundamental goal in biology is to determine how cellular organization is coupled to function. To achieve this goal, a better understanding of organelle composition and structure is needed. Although visualization of cellular organelles using fluorescence or e
10.1017/s0952523806232073	Immunolocalization of metabotropic glutamate receptors 1 and 5 in the synaptic layers of the chicken retina	Visual Neuroscience	We have examined the distribution of metabotropic glutamate receptors (mGluRs) 1 and 5 in the adult chicken retina using preembedding immuno-electronmicroscopy. Immunoreactivity for mGluRs 1 and 5 was found in both the outer plexiform layer (OPL) and the inner
10.1016/j.ultramic.2020.113055	Transmission imaging on a scintillator in a scanning electron microscope.	Ultramicroscopy	Large area electron microscopy (EM) imaging has long been difficult due to fundamental limits in throughput for conventional electron microscopes. New developments in transmission electron microscopy and multi-beam scanning electron microscopy (MBSEM) imaging 
10.3389/fncir.2015.00038	Model-based analysis of pattern motion processing in mouse primary visual cortex	Front. Neural Circuits	Neurons in sensory areas of neocortex exhibit responses tuned to specific features of the environment. In visual cortex, information about features such as edges or textures with particular orientations must be integrated to recognize a visual scene or object.
10.1093/jmicro/dfw024	Live correlative light-electron microscopy to observe molecular dynamics in high resolution.	Microscopy	Fluorescence microscopy (FM) is a powerful tool for observing specific molecular components in living cells, but its spatial resolution is relatively low. In contrast, electron microscopy (EM) provides high-resolution information about cellular structures, but
10.3389/fnins.2020.589319	MERCs. The Novel Assistant to Neurotransmission?	Frontiers in Neuroscience	In neuroscience, much attention is paid to intercellular interactions, in particular, to synapses. However, many researchers do not pay due attention to the contribution of intracellular contacts to the work of intercellular interactions. Nevertheless, along w
10.48550/arxiv.2511.13063	FGNet: Leveraging Feature-Guided Attention to Refine SAM2 for 3D EM Neuron Segmentation	AAAI Conference on Artificial Intelligen	Accurate segmentation of neural structures in Electron Microscopy (EM) images is paramount for neuroscience. However, this task is challenged by intricate morphologies, low signal-to-noise ratios, and scarce annotations, limiting the accuracy and generalizatio
10.1142/s0129065717500447	Long Synfire Chains Emerge by Spike-Timing Dependent Plasticity Modulated by Population Activity	International Journal of Neural Systems	Sequences of precisely timed neuronal activity are observed in many brain areas in various species. Synfire chains are a well-established model that can explain such sequences. However, it is unknown under which conditions synfire chains can develop in initial
10.3389/fncir.2025.1740624	Tunable dual-AAV sparse labeling of PV+ retinal ganglion cells enables single-neuron projection by fMOST	Frontiers in Neural Circuits	Introduction Sparse and bright labeling of retinal ganglion cell (RGC) is essential for correlating single-cell morphology with brain-wide visual circuitry. This study aimed to develop a cell-type-specific, sparse labeling strategy for parvalbumin-expressing R
10.1093/cercor/bhr158	Inhibition of matrix metalloproteinases prevents the potentiation of nondeprived-eye responses after monocular deprivation in juvenile rats.	Cerebral Cortex	The ocular dominance (OD) shift induced by monocular deprivation (MD) during the critical period is mediated by an initial depression of deprived-eye responses followed by an increased responsiveness to the nondeprived eye. It is not fully clear to what extent
10.1201/9781420038231-13	and IP3 Signaling in the Nematode Caenorhabditis elegans	Calcium Signaling	References............................................................................................................. 180 Nonmammalian model organisms such as Escherichia coli, Saccharomyces, Caenorhabditis elegans, Drosophila, zebrafish, and the plant Arabi
10.1016/j.celrep.2023.112337	Ecdysone signaling determines lateral polarity and remodels neurites to form Drosophila's left-right brain asymmetry.	Cell Reports	Left-right (LR) asymmetry of the brain is fundamental to its higher-order functions. The Drosophila brain's asymmetrical body (AB) consists of a structural pair arborized from AB neurons and is larger on the right side than the left. We find that the AB initia
10.1016/j.cub.2022.01.035	Olfactory stimuli and moonwalker SEZ neurons can drive backward locomotion in Drosophila	Current Biology	Summary How different sensory stimuli are collected, processed, and further transformed into a coordinated motor response is a fundamental question in neuroscience. In particular, the internal and external conditions that drive animals to switch to backward wa
10.1073/pnas.1710374114	FMRFamide-like peptides expand the behavioral repertoire of a densely connected nervous system	Proceedings of the National Academy of S	Significance Under environmental stress, animals can adopt different forms and behaviors through phenotypic plasticity. The roundworm Caenorhabditis elegans can exit reproductive growth and enter the stress-resistant dauer larval stage. We investigated phenoty
10.1002/cne.70060	Principles for Dendritic Spine Size and Density in Human and Mouse Cortical Pyramidal Neurons	The Journal of comparative neurology	Dendritic spines of pyramidal neurons are the targets of most excitatory synapses in the cerebral cortex, and dendritic spine morphology directly reflects their function. However, there are scarce data available regarding both the detailed morphology of these 
10.3389/fnana.2015.00019	Scalable and DiI-compatible optical clearance of the mammalian brain	Frontiers in Neuroanatomy	Efficient optical clearance is fundamental for whole brain imaging. In particular, clearance of the brain without membrane damage is required for the imaging of lipophilic tracer-labeled neural tracts. Relying on an ascending gradient of fructose solutions, Se
10.7554/elife.23435	Co-expression of xenopsin and rhabdomeric opsin in photoreceptors bearing microvilli and cilia	eLife	Ciliary and rhabdomeric opsins are employed by different kinds of photoreceptor cells, such as ciliary vertebrate rods and cones or protostome microvillar eye photoreceptors, that have specialized structures and molecular physiologies. We report unprecedented 
10.1016/j.cell.2021.07.009	Basic principles of hydrogel-based tissue transformation technologies and their applications	Cell	Emerging tissue transformation technologies provide an unprecedented opportunity to investigate system-level molecular and anatomical features in situ. Hydrogel-based methods engineer physicochemical tissue properties to render intact organs optically transpar
10.1038/nrn2373	Actin in action: the interplay between the actin cytoskeleton and synaptic efficacy	Nature Reviews Neuroscience	Synapse regulation exploits the capacity of actin to function as a stable structural component or as a dynamic filament. Beyond its well-appreciated role in eliciting visible morphological changes at the synapse, the emerging picture points to an active contri
10.1016/j.cub.2023.10.011	Neural mechanisms to incorporate visual counterevidence in self movement estimation	Current Biology	Summary In selecting appropriate behaviors, animals should weigh sensory evidence both for and against specific beliefs about the world. For instance, animals measure optic flow to estimate and control their own rotation. However, existing models of flow detec
10.1016/j.crmeth.2026.101332	A genetic strategy for targeting local astrocytes in adult Drosophila	Cell Reports Methods	Summary Astrocytes are the brain’s major glial population and have been associated with a vast number of functions. To probe this diversity and to reach a similar level of understanding about astrocyte physiology that we have about neurons, we need genetic too
10.1007/s00441-015-2335-0	The increase in the number of spines on the gonadotropin-releasing hormone neuron across pubertal development in rats	Cell and Tissue Research	The onset of puberty is initiated by an increase in the release of the gonadotropin-releasing hormone (GnRH) from GnRH neurons in the hypothalamus. However, the precise mechanism that leads to the activation of GnRH neurons at puberty remains controversial. Sp
10.1093/brain/awt088	The influence of phospho-tau on dendritic spines of cortical pyramidal neurons in patients with Alzheimer’s disease	Brain : a journal of neurology	The dendritic spines on pyramidal cells represent the main postsynaptic elements of cortical excitatory synapses and they are fundamental structures in memory, learning and cognition. In the present study, we used intracellular injections of Lucifer yellow in 
10.17760/d20000284	Statistical theory of synaptic connectivity in the neocortex		Learning and long-term memory rely on plasticity of neural circuits. In adult cerebral cortex plasticity can be mediated by modulation of existing synapses and structural reorganization of circuits through growth and retraction of dendritic spines.
10.1016/j.isci.2019.11.011	All-Optical Volumetric Physiology for Connectomics in Dense Neuronal Structures	iScience	Summary All-optical physiology (AOP) manipulates and reports neuronal activities with light, allowing for interrogation of neuronal functional connections with high spatiotemporal resolution. However, contemporary high-speed AOP platforms are limited to single
10.15252/msb.202110514	A negative feedback loop in the GPCR pathway underlies efficient coding of external stimuli	Molecular Systems Biology	Efficient navigation based on chemical cues is an essential feature shared by all animals. These cues may be encountered in complex spatiotemporal patterns and with orders of magnitude varying intensities. Nevertheless, sensory neurons accurately extract the r
10.1007/s00701-023-05611-9	Technical report: surgical preparation of human brain tissue for clinical and basic research	Acta Neurochirurgica	The study of the distinct structure and function of the human central nervous system, both in healthy and diseased states, is becoming increasingly significant in the field of neuroscience. Typically, cortical and subcortical tissue is discarded during surgeri
10.1038/s41586-024-07523-9	Descending networks transform command signals into population motor control	Nature	To convert intentions into actions, movement instructions must pass from the brain to downstream motor circuits through descending neurons (DNs). These include small sets of command-like neurons that are sufficient to drive behaviours1—the circuit mechanisms f
10.1016/b978-0-12-381320-6.00002-3	Dissecting mechanisms of myelinated axon formation using zebrafish.	Methods in Cell Biology	The myelin sheath is an essential component of the vertebrate nervous system, and its disruption causes numerous diseases, including multiple sclerosis (MS), and neurodegeneration. Although we understand a great deal about the early development of the glial ce
10.1016/0006-8993(93)90909-7	Synaptic transmission from rods to rod-dominated bipolar cells in the tiger salamander retina.	Brain Research	Synaptic transmission between photoreceptors and bipolar cells was studied in dark-adapted tiger salamander retinas. Based on the relative light sensitivity, bipolar cells, either depolarizing (DBC) or hyperpolarizing (HBC), fell into two groups: one receives 
10.3389/fncel.2014.00468	Pannexin2 oligomers localize in the membranes of endosomal vesicles in mammalian cells while Pannexin1 channels traffic to the plasma membrane	Frontiers in Cellular Neuroscience	Pannexin2 (Panx2) is the largest of three members of the pannexin proteins. Pannexins are topologically related to connexins and innexins, but serve different functional roles than forming gap junctions. We previously showed that pannexins form oligomeric chan
10.1371/journal.pcbi.1013138	Hierarchical recurrent temporal prediction as a model of the mammalian dorsal visual pathway	bioRxiv	A major goal of neuroscience is to identify whether there are generalized principles that can explain the diverse structures and functions of the brain. The principle of temporal prediction provides one approach, arguing that the sensory brain is optimized to 
10.1016/j.cub.2017.03.004	A descending neuron correlated with the rapid steering maneuvers of flying Drosophila	Current Biology	Summary To navigate through the world, animals must stabilize their path against disturbances and change direction to avoid obstacles and to search for resources [1,2]. Locomotion is thus guided by sensory cues, but also depends on intrinsic processes, such as
10.1007/s00429-014-0838-1	Multiscale fingerprinting of neuronal functional connectivity	Brain Structure and Function	Current cellular-based connectomics approaches aim to delineate the functional or structural organizations of mammalian brain circuits through neuronal activity mapping and/or axonal tracing. To discern possible connectivity between functionally identified neu
10.1038/nature11614	Layered reward signaling through octopamine and dopamine in Drosophila	Nature	Dopamine is synonymous with reward and motivation in mammals. However, only recently has dopamine been linked to motivated behaviour and rewarding reinforcement in fruitflies. Instead, octopamine has historically been considered to be the signal for reward in 
10.1113/jphysiol.2013.258087	Segmentation of the mouse fourth deep lumbrical muscle connectome reveals concentric organisation of motor units	Journal of Physiology	Key points An accelerated image segmentation algorithm was developed and applied to analysis of motor unit arborisation and connectivity (the ‘connectome’) in fourth deep lumbrical muscles (4DL) of mice expressing fluorescent proteins as morphological reporter
10.1126/sciadv.adv3557	GRASPing experience-dependent protein expression signatures enriched for hippocampal engram cell synapses	Science Advances	Enhanced synaptic wiring onto sparsely distributed memory engram cells supports contextual memory storage and recall, with negative-valence memories exhibiting greater salience. Protein-level adaptations of input-specific synaptic connectivity onto hippocampal
10.1016/j.isci.2024.111585	Heterogeneous and higher-order cortical connectivity undergirds efficient, robust, and reliable neural codes	bioRxiv	Simplified models of neural networks have demonstrated the importance of establishing a reasonable tradeoff between memory capacity and fault-tolerance in cortical coding schemes. The intensity of the tradeoff is mediated by the level of neuronal variability. 
10.1016/j.neuron.2016.12.017	Role of Mitochondrial Metabolism in the Control of Early Lineage Progression and Aging Phenotypes in Adult Hippocampal Neurogenesis	Neuron	SUMMARY Precise regulation of cellular metabolism is hypothesized to constitute a vital component of the developmental sequence underlying the life-long generation of hippocampal neurons from quiescent neural stem cells (NSCs). The identity of stage-specific m
10.1016/j.cell.2020.06.031	Cell types promoting goosebumps form a niche to regulate hair follicle stem cells	Cell	SUMMARY Piloerection (goosebumps) requires concerted actions of the hair follicle, the arrector pili muscle (APM), and the sympathetic nerve, providing a model to study interactions across epithelium, mesenchyme, and nerves. Here, we show that APMs and sympath
10.1016/j.neures.2007.03.001	Watching neuronal circuit dynamics through functional multineuron calcium imaging (fMCI).	Neurosciences research	Functional multineuron calcium imaging (fMCI) is a large-scale optical recording technique that monitors the spatiotemporal pattern of action potentials, all at once, from large neuron populations. fMCI has unique advantages, including: (i) simultaneous record
10.1016/j.cell.2026.01.025	Brain-wide mapping of oligodendrocyte organization, oligodendrogenesis, and myelin injury	Cell	SUMMARY Insulating sheaths of myelin accelerate neuronal communication in the mammalian brain. Oligodendrocytes that produce myelin are generated throughout life to gradually increase myelin coverage, but these dynamics have not been defined brain-wide across 
10.1038/s41467-025-64514-8	Multilayer regulation underlies the functional precision and evolutionary potential of the olfactory system	Nature Communications	Sensory neurons must be reproducibly specified to permit accurate neural representation of external signals but also able to change during evolution. We studied this paradox in the Drosophila olfactory system by establishing a single-cell transcriptomic atlas 
10.1186/s13064-022-00164-6	A single-cell transcriptomic atlas of complete insect nervous systems across multiple life stages	Neural Development	Molecular profiles of neurons influence neural development and function but bridging the gap between genes, circuits, and behavior has been very difficult. Here we used single cell RNAseq to generate a complete gene expression atlas of the Drosophila larval ce
10.1002/cne.903250203	Synaptic connections of the narrow‐field, bistratified rod amacrine cell (AII) in the rabbit retina	The Journal of comparative neurology	Abstract The synaptic connections of the narrow‐field, bistratified rod amacrine cell (All) in the inner plexiform layer (IPL) of the rabbit retina were reconstructed from electron micrographs of continuous series of thin sections. The All amacrine cell receiv
10.3389/fnins.2024.1439897	Neurons with larval synaptic targets pioneer the later nervous system in the annelid Malacoceros fuliginosus	Frontiers in Neuroscience	Comparative studies on the development of nervous systems have a significant impact on understanding animal nervous system evolution. Nevertheless, an important question is to what degree neuronal structures, which play an important role in early stages, becom
10.1101/2024.03.27.587084	The laminar organization of cell types in macaque cortex and its relationship to neuronal oscillations	bioRxiv	Abstract The canonical microcircuit (CMC) has been hypothesized to be the fundamental unit of information processing in cortex. Each CMC unit is thought to be an interconnected column of neurons with specific connections between excitatory and inhibitory neuro
10.1073/pnas.98.1.295	Presynaptic regulation of recurrent excitation by D1 receptors in prefrontal circuits.	Proceedings of the National Academy of S	The prefrontal cortex plays a fundamental role in the working memory functions of the cerebral cortex and is also the site of dysfunction in several neurological and psychiatric disorders, including schizophrenia. Prefrontal neurons are distinguished by their 
10.1016/j.yjsbx.2021.100046	Optimization of negative stage bias potential for faster imaging in large-scale electron microscopy	bioRxiv	Large-scale electron microscopy (EM) allows analysis of both tissues and macromolecules in a semi-automated manner, but acquisition rate forms a bottleneck. We reasoned that a negative bias potential may be used to enhance signal collection, allowing shorter d
10.1016/j.neuron.2019.10.037	Nested Neuronal Dynamics Orchestrate a Behavioral Hierarchy across Timescales	Neuron	Summary Classical and modern ethological studies suggest that animal behavior is organized hierarchically across timescales, such that longer-timescale behaviors are composed of specific shorter-timescale actions. Despite progress relating neuronal dynamics to
10.3389/fnins.2022.897706	Spatiotemporal Control of Neuronal Remodeling by Cell Adhesion Molecules: Insights From Drosophila	Frontiers in Neuroscience	Developmental neuronal remodeling is required for shaping the precise connectivity of the mature nervous system. Remodeling involves pruning of exuberant neural connections, often followed by regrowth of adult-specific ones, as a strategy to refine neural circ
10.3389/fphys.2020.00993	Communication Among Photoreceptors and the Central Clock Affects Sleep Profile	Frontiers in Physiology	Light is one of the most important factors regulating rhythmical behavior of Drosophila melanogaster. It is received by different photoreceptors and entrains the circadian clock, which controls sleep. The retina is known to be essential for light perception, a
10.1073/pnas.2522808122	From nematode to Nobel: How community-shared resources fueled the rise of Caenorhabditis elegans as a research organism	Proceedings of the National Academy of S	Experimental organisms such as the nematode Caenorhabditis elegans are fundamental to biological discovery. The success of C. elegans research has been greatly enabled by infrastructure that allows thousands of scientists to share and access research materials
10.1371/journal.pone.0064294	Adaptation Shifts Preferred Orientation of Tuning Curve in the Mouse Visual Cortex	PLoS ONE	In frontalized mammals it has been demonstrated that adaptation produces shift of the peak of the orientation tuning curve of neuron following frequent or lengthier presentation of a non-preferred stimulus. Depending on the duration of adaptation the shift is 
10.7554/elife.57101	Neuronal octopamine signaling regulates mating-induced germline stem cell increase in female Drosophila melanogaster	eLife	Stem cells fuel the development and maintenance of tissues. Many studies have addressed how local signals from neighboring niche cells regulate stem cell identity and their proliferative potential. However, the regulation of stem cells by tissue-extrinsic sign
10.1111/evo.13498	Selection for associative learning of color stimuli reveals correlated evolution of this learning ability across multiple stimuli and rewards	Evolution; international journal of orga	We are only starting to understand how variation in cognitive ability can result from local adaptations to environmental conditions. A major question in this regard is to what extent selection on cognitive ability in a specific context affects that ability in 
10.1177/1073858414540216	Quantitative investigations of axonal and dendritic arbors: development, structure, function and pathology	The Neuroscientist	The branching structures of neurons are a long-standing focus of neuroscience. Axonal and dendritic morphology affect synaptic signaling, integration, and connectivity, and their diversity reflects the computational specialization of neural circuits. Altered n
10.1007/978-3-319-46976-8_19	The Importance of Skip Connections in Biomedical Image Segmentation	Lecture Notes in Computer Science	
10.1016/j.celrep.2021.109509	3D neuronal mitochondrial morphology in axons, dendrites, and somata of the aging mouse hippocampus	bioRxiv	The brain’s ability to process complex informations relies on the constant supply of energy through aerobic respiration by mitochondria. Neurons contain three anatomically distinct compartments – the soma, dendrites, and projecting axons – which have different
10.2478/s13380-011-0008-3	Influence of aging and neurodegeneration on dendritic spine morphology		In neuronal circuits, excitatory synaptic transmission predominantly occurs at postsynaptic protrusions called dendritic spines. Spines are highly plastic structures capable of formation, enlargement, shrinkage, and elimination over time. Individual spine morp
10.1371/journal.pone.0008853	On Optical Detection of Densely Labeled Synapses in Neuropil and Mapping Connectivity with Combinatorially Multiplexed Fluorescent Synaptic Markers	PLoS ONE	We propose a new method for mapping neural connectivity optically, by utilizing Cre/Lox system Brainbow to tag synapses of different neurons with random mixtures of different fluorophores, such as GFP, YFP, etc., and then detecting patterns of fluorophores at 
10.1002/cne.903150305	Localization of GABA, glycine, glutamate and tyrosine hydroxylase in the human retina	The Journal of comparative neurology	Abstract A light microscope study using postembedding immunocytochemistry techniques to demonstrate the common neurotransmitter candidates gamma‐aminobutyric acid (GABA), glycine, glutamate, and tyrosine hydroxylase for dopamine has been done on human retina. 
10.1002/cne.22791	Coordinate Development of Skin Cells and Cutaneous Sensory Axons in Zebrafish	The Journal of comparative neurology	Peripheral sensory axons innervate the epidermis early in embryogenesis to detect touch stimuli. To characterize the time course of cutaneous innervation and the nature of interactions between sensory axons and skin cells at early developmental stages, we cond
10.1146/annurev-ento-031616-035500	Neuropeptides as Regulators of Behavior in Insects.	Annual Review of Entomology	Neuropeptides are by far the largest and most diverse group of signaling molecules in multicellular organisms. They are ancient molecules important in regulating a multitude of processes. Their small proteinaceous character allowed them to evolve and radiate q
10.1016/j.cub.2023.10.041	Interactions between specialized gain control mechanisms in olfactory processing.	Current Biology	Gain control is a process that adjusts a system's sensitivity when input levels change. Neural systems contain multiple mechanisms of gain control, but we do not understand why so many mechanisms are needed or how they interact. Here, we investigate these ques
10.1038/s41592-019-0403-1	Deep learning for cellular image analysis	Nature Methods	Recent advances in computer vision and machine learning underpin a collection of algorithms with an impressive ability to decipher the content of images. These deep learning algorithms are being applied to biological images and are transforming the analysis an
10.1007/bf00232576	Immunocytochemical and autoradiographic localization of GABA system in the vertebrate retina	Molecular and Cellular Biochemistry	
10.1038/s41467-025-66355-x	Cryo-correlative light and electron tomography of dopaminergic axonal varicosities reveals non-synaptic modulation of cortico-striatal synapses	bioRxiv	Dopamine is an essential brain neuromodulator involved in reward and motor control. Dopaminergic (DA) neurons project to most brain areas, with particularly dense innervation in the striatum. DA varicosities bind to target striatal synapses and form dopamine h
10.3390/brainsci10050314	Massive Data Management and Sharing Module for Connectome Reconstruction	Brain Science	Recently, with the rapid development of electron microscopy (EM) technology and the increasing demand of neuron circuit reconstruction, the scale of reconstruction data grows significantly. This brings many challenges, one of which is how to effectively manage
10.3390/a17100451	An Algorithm for Creating a Synaptic Cleft Digital Phantom Suitable for Further Numerical Modeling	Algorithms	One of the most significant applications of mathematical numerical methods in biology is the theoretical description of the convectional reaction–diffusion of chemical compounds. Initial biological objects must be appropriately mimicked by digital domains that
10.1016/j.neuron.2020.08.030	LTP Induction Boosts Glutamate Spillover by Driving Withdrawal of Perisynaptic Astroglia	Neuron	Summary Extrasynaptic actions of glutamate are limited by high-affinity transporters expressed by perisynaptic astroglial processes (PAPs): this helps maintain point-to-point transmission in excitatory circuits. Memory formation in the brain is associated with
10.1101/2023.06.21.546024	Small-field visual projection neurons detect translational optic flow and support walking control	bioRxiv	Animals rely on visual motion for navigating the world, and research in flies has clarified how neural circuits extract information from moving visual scenes. However, the major pathways connecting these patterns of optic flow to behavior remain poorly underst
10.1101/2021.11.17.468951	Self-organization of in vitro neuronal assemblies drives to complex network topology	bioRxiv	Activity-dependent self-organization plays an important role in the formation of specific and stereotyped connectivity patterns in neural circuits. By combining neuronal cultures, tools with approaches from network neuroscience and information theory, we can s
10.1073/pnas.0630290100	The high variance of AMPA receptor- and NMDA receptor-mediated responses at single hippocampal synapses: Evidence for multiquantal release	Proceedings of the National Academy of S	Most of our knowledge about transmission at central synapses has been obtained by studying populations of synapses, but some important properties of synapses can be determined only by studying them individually. An important issue is whether a presynaptic acti
10.1523/jneurosci.21-10-03580.2001	Layer-Specific Intracolumnar and Transcolumnar Functional Connectivity of Layer V Pyramidal Cells in Rat Barrel Cortex	Journal of Neuroscience	Layer V pyramidal cells in rat barrel cortex are considered to play an important role in intracolumnar and transcolumnar signal processing. However, the precise circuitry mediating this processing is still incompletely understood. Here we obtained detailed map
10.1101/2022.04.28.489874	Differentiated dynamic response in C. elegans chemosensory cilia	bioRxiv	Cilia are membrane-enveloped organelles that protrude from the surface of most eurokaryotic cells and play crucial roles in sensing the external environment. For maintenance and function cilia are dependent on intraflagellar transport (IFT). Here we use a comb
10.1038/s41598-020-64060-x	In vivo large-scale analysis of Drosophila neuronal calcium traces by automated tracking of single somata	Scientific Reports	How does the concerted activity of neuronal populations shape behavior? Impediments to address this question are primarily due to critical experimental barriers. An integrated perspective on large scale neural information processing requires an in vivo approac
10.1371/journal.pcbi.1002038	Neurobiologically Realistic Determinants of Self-Organized Criticality in Networks of Spiking Neurons	PLoS Comput. Biol.	Self-organized criticality refers to the spontaneous emergence of self-similar dynamics in complex systems poised between order and randomness. The presence of self-organized critical dynamics in the brain is theoretically appealing and is supported by recent 
10.3389/fncel.2023.1085690	Electron microscopy analysis of astrocyte-synapse interactions shows altered dynamics in an Alzheimer’s disease mouse model	Frontiers in Cellular Neuroscience	Introduction Astrocyte-synapse bi-directional communication is required for neuronal development and synaptic plasticity. Astrocytes structurally interact with synapses using their distal processes also known as leaflets or perisynaptic astrocytic processes (P
10.1098/rsbl.2023.0576	Evolution of neural circuitry and cognition	Biology Letters	Neural circuits govern the interface between the external environment, internal cues and outwardly directed behaviours. To process multiple environmental stimuli and integrate these with internal state requires considerable neural computation. Expansion in neu
10.1038/s41593-018-0226-x	Inhibitory connectivity defines the realm of excitatory plasticity	Nature Neuroscience	Recent experiments demonstrate substantial volatility of excitatory connectivity in the absence of any learning. This challenges the hypothesis that stable synaptic connections are necessary for long-term maintenance of acquired information. Here we measure on
10.1016/j.cub.2020.10.069	Dual Role of an mps-2/KCNE-Dependent Pathway in Long-Term Memory and Age-Dependent Memory Decline.	Current Biology	Activity-dependent persistent changes in neuronal intrinsic excitability and synaptic strength are underlying learning and memory. Voltage-gated potassium (Kv) channels are potential regulators of memory and may be linked to age-dependent neuronal disfunction.
10.1371/journal.pone.0024899	Automated Detection and Segmentation of Synaptic Contacts in Nearly Isotropic Serial Electron Microscopy Images	PLoS ONE	We describe a protocol for fully automated detection and segmentation of asymmetric, presumed excitatory, synapses in serial electron microscopy images of the adult mammalian cerebral cortex, taken with the focused ion beam, scanning electron microscope (FIB/S
10.1016/b978-0-12-407239-8.00011-2	Correlative microscopy.	Methods in Cell Biology	Correlative microscopy is a method when for the analysis of the very same cell or tissue area several different methods of light or electron microscopy are used. Usually these methods of analysis are separated by the period of additional preparation. Tradition
10.1073/pnas.2421376122	The PVD neuron has male-specific structure and mating function in Caenorhabditis elegans	Proceedings of the National Academy of S	Significance Neurons form intricate shapes and networks, which may display sexual differences. Pinpointing these changes at the single-cell level, however, is challenging. In Caenorhabditis elegans, the PVD neuron is a powerful model for stereotypical neuron s
10.1093/cercor/bhh043	Serial processing in the human somatosensory system.	Cerebral Cortex	Although numerous anatomical and electrophysiological findings in animal studies have supported a hierarchical scheme of somatosensory processing, precise activation timings of each cortical area are not known. Therefore we examined the temporal relationship o
10.3389/fnana.2014.00065	A comparison of manual neuronal reconstruction from biocytin histology or 2-photon imaging: morphometry and computer modeling	Frontiers in Neuroanatomy	Accurate 3D reconstruction of neurons is vital for applications linking anatomy and physiology. Reconstructions are typically created using Neurolucida after biocytin histology (BH). An alternative inexpensive and fast method is to use freeware such as Neuroma
10.1101/2023.08.07.552361	Non-homogenous axonal bouton distribution in whole-brain single cell neuronal networks	bioRxiv	We examined the distribution of pre-synaptic contacts in axons of mouse neurons and constructed whole-brain single-cell neuronal networks using an extensive dataset of 1891 fully reconstructed neurons. We found that bouton locations were not homogeneous throug
10.1371/journal.pone.0234930	Structural dynamics and stability of corticocortical and thalamocortical axon terminals during motor learning	PLoS ONE	Synaptic plasticity is the cellular basis of learning and memory. When animals learn a novel motor skill, synaptic modifications are induced in the primary motor cortex (M1), and new postsynaptic dendritic spines relevant to motor memory are formed in the earl
10.5353/th_991044058184703414	Brain functional connectome of rumination in patients with major depressive disorder		
10.1002/wdev.260	Quantitating the cell: turning images into numbers with ImageJ	Wiley Interdisciplinary Reviews: Develop	Modern biological research particularly in the fields of developmental and cell biology has been transformed by the rapid evolution of the light microscope. The light microscope, long a mainstay of the experimental biologist, is now used for a wide array of bi
10.1038/s41598-019-55431-0	UNI-EM: An Environment for Deep Neural Network-Based Automated Segmentation of Neuronal Electron Microscopic Images	Scientific Reports	Recently, there has been rapid expansion in the field of micro-connectomics, which targets the three-dimensional (3D) reconstruction of neuronal networks from stacks of two-dimensional (2D) electron microscopy (EM) images. The spatial scale of the 3D reconstru
10.1109/southeastcon52093.2024.10500049	Scaling Properties for Artificial Neural Network Models of a Small Nervous System	bioRxiv	The nematode worm C. elegans provides a unique opportunity for exploring in silico data-driven models of a whole nervous system, given its transparency and well-characterized nervous system facilitating a wealth of measurement data from wet-lab experiments. Th
10.1016/j.tins.2005.11.002	How to build a central synapse: clues from cell culture.	Trends in Neurosciences	Central neurons develop and maintain molecularly distinct synaptic specializations for excitatory and inhibitory transmitters, often only microns apart on their dendritic arbor. Progress towards understanding the molecular basis of synaptogenesis has come from
10.7554/elife.98358	Synaptic enrichment and dynamic regulation of the two opposing dopamine receptors within the same neurons	bioRxiv	Dopamine can play opposing physiological roles depending on the receptor subtype. In the fruit fly Drosophila melanogaster, Dop1R1 and Dop2R encode the D1- and D2-like receptors, respectively, and are reported to oppositely regulate intracellular cAMP levels. 
10.1371/journal.pcbi.1010215	Metastable spiking networks in the replica-mean-field limit	PLoS Comput. Biol.	Characterizing metastable neural dynamics in finite-size spiking networks remains a daunting challenge. We propose to address this challenge in the recently introduced replica-mean-field (RMF) limit. In this limit, networks are made of infinitely many replicas
10.1101/2023.02.27.530331	Topology recapitulates ontogeny of dendritic arbors	bioRxiv	Abstract Branching of dendrites and axons allows neurons to make synaptic contacts with large numbers of other neurons, facilitating the high connectivity of the nervous system. Neurons have geometric properties, such as the lengths and diameters of their bran
10.1371/journal.pone.0167505	Role of Heterogeneous Macromolecular Crowding and Geometrical Irregularity at Central Excitatory Synapses in Shaping Synaptic Transmission	PLoS ONE	Besides the geometrical tortousity due to the extrasynaptic structures, macromolecular crowding and geometrical irregularities constituting the cleft composition at central excitatory synapses has a major and direct role in retarding the glutamate diffusion wi
10.1016/j.conb.2022.102532	Connecting the dots in ethology: applying network theory to understand neural and animal collectives.	Current Opinion in Neurobiology	A major goal shared by neuroscience and collective behavior is to understand how dynamic interactions between individual elements give rise to behaviors in populations of neurons and animals, respectively. This goal has recently become within reach, thanks to 
10.1038/nature08897	Learning-related fine-scale specificity imaged in motor cortex circuits of behaving mice	Nature	Cortical neurons form specific circuits, but the functional structure of this microarchitecture and its relation to behaviour are poorly understood. Two-photon calcium imaging can monitor activity of spatially defined neuronal ensembles in the mammalian cortex
10.1523/jneurosci.0363-19.2019	Presynaptic Mitochondria Volume and Abundance Increase during Development of a High-Fidelity Synapse	Journal of Neuroscience	The calyx of Held, a large glutamatergic presynaptic terminal in the auditory brainstem undergoes developmental changes to support the high action-potential firing rates required for auditory information encoding. In addition, calyx terminals are morphological
10.1016/j.tins.2018.09.002	The Worm Connectome: Back to the Future.	Trends in Neurosciences	Large-scale efforts are underway to map the neuronal connectomes of various animal species. In 1986 White et al. reported the first complete reconstruction of the nervous system connectome of an animal. Largely through manual reconstruction of serial electron 
10.1186/s12915-021-01072-7	A workflow for streamlined acquisition and correlation of serial regions of interest in array tomography	BMC Biology	Array tomography (AT) is a high-resolution imaging method to resolve fine details at the organelle level and has the advantage that it can provide 3D volumes to show the tissue context. AT can be carried out in a correlative way, combing light and electron mic
10.1534/genetics.116.192898	The Neuropeptides FLP-2 and PDF-1 Act in Concert To Arouse Caenorhabditis elegans Locomotion	Genetics	Abstract During larval molts, Caenorhabditis elegans exhibits a sleep-like state (termed lethargus) that is characterized by the absence of feeding and profound locomotion quiescence. The rhythmic pattern of locomotion quiescence and arousal linked to the molt
10.3389/fncir.2013.00002	Revealing the secrets of neuronal circuits with recombinant rabies virus technology	Front. Neural Circuits	An understanding of how the brain processes information requires knowledge of the architecture of its underlying neuronal circuits, as well as insights into the relationship between architecture and physiological function. A range of sophisticated tools is nee
10.1007/978-1-4614-9102-6_4	From Cajal to the Connectome: Building a Neuroanatomical Framework for Understanding the Auditory System	Springer Handbook of Auditory Research	
10.1073/pnas.1304505110	Presynaptic gating of excitation in the dorsal raphe nucleus by GABA	Proceedings of the National Academy of S	Significance Using a combination of approaches, a unique organization of the synaptic architecture of the dorsal raphe nucleus is revealed. That is, presynaptic GABAergic and glutamatergic boutons often pair with each other and converge on a single postsynapti
10.1101/2024.11.04.621960	A neural network model that generates salt concentration memory-dependent chemotaxis in                   <i>Caenorhabditis elegans</i>		Abstract A neuroanatomical minimal network model was revisited to elucidate the mechanism of salt concentration memory-dependent chemotaxis observed in Caenorhabditis elegans. C. elegans memorizes the salt concentration during cultivation, manifesting a pronou
10.1101/2022.06.17.496604	Activity regulates a cell type-specific mitochondrial phenotype in zebrafish lateral line hair cells	bioRxiv	Hair cells of the inner ear are particularly sensitive to changes in mitochondria, the subcellular organelles necessary for energy production in all eukaryotic cells. There are over thirty mitochondrial deafness genes, and mitochondria are implicated in hair c
10.1111/j.1460-9568.2005.03932.x	Modulation of synaptic transmission in neocortex by network activities	European Journal of Neuroscience	Abstract Neocortical neurons integrate inputs from thousands of presynaptic neurons that fire in vivo with frequencies that can reach 20 Hz. An important issue in understanding cortical integration is to determine the actual impact of presynaptic firing on pos
10.48550/arxiv.2606.23874	Identifying structural design principles shaping the computational abilities of recurrent neural networks	arXiv.org	Understanding how the architecture of neural networks shapes the computations they carry is a central challenge in neuroscience and machine learning. While specific circuit architectures have been linked to particular network computations and theoretical bound
10.1016/j.cub.2021.10.069	A neuropeptidergic circuit gates selective escape behavior of Drosophila larvae.	Current Biology	Animals display selective escape behaviors when faced with environmental threats. Selection of the appropriate response by the underlying neuronal network is key to maximizing chances of survival, yet the underlying network mechanisms are so far not fully unde
10.1016/j.neuroimage.2023.120374	In vivo labeling and quantitative imaging of neuronal populations using MRI	NeuroImage	The study of neural circuits, which underlies perception, cognition, emotion, and behavior, is essential for understanding the mammalian brain, a complex organ consisting of billions of neurons. To study the structure and function of the brain, in vivo neurona
10.1101/2021.08.03.454974	Synaptic plasticity is predicted by spatiotemporal firing rate patterns and robust to                   <i>in vivo</i>                   -like variabi		Abstract Synaptic plasticity, the experience-induced change in connections between neurons, underlies learning and memory in the brain. Most of our understanding of synaptic plasticity derives from in vitro experiments with precisely repeated stimulus patterns
10.1152/jn.00386.2016	Integration of autopatching with automated pipette and cell detection in vitro.	Journal of Neurophysiology	Patch clamp is the main technique for measuring electrical properties of individual cells. Since its discovery in 1976 by Neher and Sakmann, patch clamp has been instrumental in broadening our understanding of the fundamental properties of ion channels and syn
10.1007/978-3-319-66179-7_46	Suggestive Annotation: A Deep Active Learning Framework for Biomedical Image Segmentation	Lecture Notes in Computer Science	
10.1186/s13227-015-0036-0	Posterior eyespots in larval chitons have a molecular identity similar to anterior cerebral eyes in other bilaterians	EvoDevo	Development of cerebral eyes is generally based on fine-tuned networks and closely intertwined with the formation of brain and head. Consistently and best studied in insects and vertebrates, many signaling pathways relaying the activity of eye developmental fa
10.3389/fnmol.2013.00054	Learning improvement after PI3K activation correlates with de novo formation of functional small spines	Frontiers in Molecular Neuroscience	PI3K activation promotes the formation of synaptic contacts and dendritic spines, morphological features of glutamatergic synapses that are commonly known to be related to learning processes. In this report, we show that in vivo administration of a peptide tha
10.1007/978-3-319-67558-9_29	ssEMnet: Serial-Section Electron Microscopy Image Registration Using a Spatial Transformer Network with Learned Features	Lecture Notes in Computer Science	
10.31887/dcns.2018.20.2/osporns	Graph theory methods: applications in brain networks	Dialogues in Clinical Neuroscience	Network neuroscience is a thriving and rapidly expanding field. Empirical data on brain networks, from molecular to behavioral scales, are ever increasing in size and complexity. These developments lead to a strong demand for appropriate tools and methods that
10.1007/s00359-019-01383-9	Neuromodulation of insect motion vision	Journal of Comparative Physiology	Insects use vision to choose from a repertoire of flexible behaviors which they perform for survival. Decisions for behavioral plasticity are achieved through the neuromodulation of sensory processes, including motion vision. Here, we briefly review the anatom
10.1523/jneurosci.3436-09.2009	Dopamine-stimulated dephosphorylation of connexin 36 mediates AII amacrine cell uncoupling	Journal of Neuroscience	Gap junction proteins form the substrate for electrical coupling between neurons. These electrical synapses are widespread in the CNS and serve a variety of important functions. In the retina, connexin 36 (Cx36) gap junctions couple AII amacrine cells and are 
10.1038/nn2049	Top-down laminar organization of the excitatory network in motor cortex	Nature Neuroscience	Cortical layering is a hallmark of the mammalian neocortex and a major determinant of local synaptic circuit organization in sensory systems. In motor cortex, the laminar organization of cortical circuits has not been resolved, although their input-output oper
10.1007/s12038-025-00518-2	Enhanced whole-brain calcium imaging and cell identification in C. elegans reveal AWCOFF neuronal responses to 2-nonanone	Journal of Biosciences	
10.1002/cne.10950	Differences in the expression of AMPA and NMDA receptors between axospinous perforated and nonperforated synapses are related to the configuration and	The Journal of comparative neurology	Abstract Axospinous synapses are traditionally divided according to postsynaptic density (PSD) configuration into a perforated subtype characterized by a complex‐shaped PSD and nonperforated subtype exhibiting a simple‐shaped, disc‐like PSD. It has been hypoth
10.1098/rstb.2013.0604	Volume transmission signalling via astrocytes	Philosophical Transactions of the Royal 	The influence of astrocytes on synaptic function has been increasingly studied, owing to the discovery of both gliotransmission and morphological ensheathment of synapses. While astrocytes exhibit at best modest membrane potential fluctuations, activation of G
10.1038/s41467-022-33565-6	Vesicular release probability sets the strength of individual Schaffer collateral synapses	bioRxiv	Information processing in the brain is controlled by quantal release of neurotransmitters, a tightly regulated process. From ultrastructural analysis, it is known that presynaptic boutons along single axons differ in the number of vesicles docked at the active
10.1002/cne.903180204	Neurons of the human retina: A Golgi study	The Journal of comparative neurology	Abstract Golgi techniques have been applied to post mortem specimens of human retina. Analysis was possible on 150 human retinas processed and viewed by light microscopy as wholemounts. Camera lucida drawings and photography were used to classify the impregnat
10.1155/2016/6170509	Large and Small Dendritic Spines Serve Different Interacting Functions in Hippocampal Synaptic Plasticity and Homeostasis	Journal of Neural Transplantation and Pl	The laying down of memory requires strong stimulation resulting in specific changes in synaptic strength and corresponding changes in size of dendritic spines. Strong stimuli can also be pathological, causing a homeostatic response, depressing and shrinking th
10.1016/j.tins.2022.06.007	The quest for multiscale brain modeling.	Trends in Neurosciences	Addressing the multiscale organization of the brain, which is fundamental to the dynamic repertoire of the organ, remains challenging. In principle, it should be possible to model neurons and synapses in detail and then connect them into large neuronal assembl
10.17504/protocols.io.8epv5r6jdg1b/v1	Rat pelvic nerve preparation for serial block-face scanning electron microscopy v1		This protocol describes the steps required to prepare rat pelvic nerve for serial block-face scanning electron microscopy. It is suitable for any peripheral nerve.
10.1101/2023.06.07.543722	Cell type-specific contributions to a persistent aggressive internal state in female Drosophila	bioRxiv	Persistent internal states are important for maintaining survival-promoting behaviors, such as aggression. In female Drosophila melanogaster, we have previously shown that individually activating either aIPg or pC1d cell types can induce aggression. Here we in
10.1101/2021.08.11.455923	Soma and Neurite Density MRI (SANDI) of the in-vivo mouse brain	bioRxiv	Diffusion MRI (dMRI) provides unique insights into the neural tissue milieu by probing interaction of diffusing molecules and tissue microstructure. Most dMRI techniques focus on white matter tissues (WM) due to the relatively simpler modelling of diffusion in
10.3389/fncel.2024.1409405	Unusual morphology of foveal Müller glia in an adult human born pre-term	Frontiers in Cellular Neuroscience	The fovea of the human retina, a specialization for acute and color vision, features a high concentration of cone photoreceptors. A pit on the inner retinal aspect is created by the centrifugal migration of post-receptoral neurons. Foveal cells are specified e
10.1101/gad.348241.121	Building a circuit through correlated spontaneous neuronal activity in the developing vertebrate and invertebrate visual systems	Genes & Development	In this review, Choi et al. compare the spontaneous activity of the developing visual system between mammals and Drosophila and suggest that Drosophila is an emerging model for mechanistic and functional studies of correlated spontaneous activity.
10.1016/j.mcn.2017.01.004	The role of drebrin in dendritic spines	Molecular and cellular neurosciences	ABSTRACT Dendritic spines form typical excitatory synapses in the brain and their shapes vary depending on synaptic inputs. It has been suggested that the morphological changes of dendritic spines play an important role in synaptic plasticity. Dendritic spines
10.1371/journal.pbio.0040343	Plasticity of Astrocytic Coverage and Glutamate Transporter Expression in Adult Mouse Cortex	PLoS Biology	Astrocytes play a major role in the removal of glutamate from the extracellular compartment. This clearance limits the glutamate receptor activation and affects the synaptic response. This function of the astrocyte is dependent on its positioning around the sy
10.1101/2023.05.21.541471	A method for extracting an approximated connectome from libraries of single cell anatomical reconstructions	bioRxiv	Functional brain activity is supported by specific circuit wiring diagrams. When the synaptic annotation is available, the analysis of high-resolution connectomes allows for unraveling the circuit architectures. Despite the continuous technological and computa
10.1038/nmeth.1602	BrainAligner: 3D Registration Atlases of Drosophila Brains	Nature Methods	Analyzing Drosophila melanogaster neural expression patterns in thousands of three-dimensional image stacks of individual brains requires registering them into a canonical framework based on a fiducial reference of neuropil morphology. Given a target brain lab
10.64898/2026.04.22.719985	Heterophilic interactions between cell-surface proteins Teneurin-m and Capricious drive dendrite segregation in the Drosophila olfactory circuit	bioRxiv	How dendrites of different neurons segregate into discrete spatial domains during neural circuit assembly is poorly understood. Here, using the Drosophila olfactory system, we found that heterophilic interactions between two cell-surface proteins Teneurin-m (T
10.3389/fnins.2026.1772632	MambaSSM: efficient segmentation of brain structures in anisotropic 3D EM images via state-space models	Frontiers in Neuroscience	Accurate segmentation of brain structures from anisotropic 3D electron microscopy (EM) images remains challenging due to the trade-off between global context modeling and computational efficiency. While state-space models (SSMs) like Mamba have shown promise i
10.1101/662189	Systematic Integration of Structural and Functional Data into Multi-Scale Models of Mouse Primary Visual Cortex	bioRxiv	Structural rules underlying functional properties of cortical circuits are poorly understood. To explore these rules systematically, we integrated information from extensive literature curation and large-scale experimental surveys into a data-driven, biologica
10.1016/0006-8993(80)90748-9	Uptake of [3H]glycine and [3H]GABA by amacrine cells in the cat retina.	Brain Research	After intravitreal injection, [3H]glycine accumulates in 3 distinct subpopulations of amacrine cells in the cat retina whereas [3H]GABA accumulates in 4 different subpopulations. Each labeled cell type can be distinguished on the basis of size and cytologic fe
10.1016/j.cell.2011.07.022	Astrocytes are endogenous regulators of basal transmission at central synapses.	Cell	Basal synaptic transmission involves the release of neurotransmitters at individual synapses in response to a single action potential. Recent discoveries show that astrocytes modulate the activity of neuronal networks upon sustained and intense synaptic activi
10.1371/journal.pone.0227897	A network approach to analyze neuronal lineage and layer innervation in the Drosophila optic lobes	PLoS ONE	The optic lobes of the fruit fly Drosophila melanogaster form a highly wired neural network composed of roughly 130.000 neurons of more than 80 different types. How neuronal diversity arises from very few cell progenitors is a central question in developmental
10.64898/2026.05.18.725829	Input-dependent directionality of interactions between cortical areas	bioRxiv	Tracking signal flow across areas is essential for understanding brain function. Recent studies using cross-covariances show that activity directionality can shift rapidly with behavioral or task demands; yet, the circuit mechanisms underlying these changes re
10.1101/2021.11.03.467132	Synergy of color and motion vision for detecting approaching objects in Drosophila	bioRxiv	Color and motion are used by many species to identify salient moving objects. They are processed largely independently, but color contributes to motion processing in humans, for example, enabling moving colored objects to be detected when their luminance match
10.1016/j.cell.2025.08.032	Distinct circuit motifs evaluate opposing innate values of odors.	Cell	Evaluating the innate value of objects is critical for expressing adaptive behaviors. However, where and how this computation takes place in the brain remain elusive. By recording from virtually every neuron in Drosophila higher olfactory areas, we show that t
10.2353/ajpath.2009.090372	Degenerating synaptic boutons in prion disease: microglia activation without synaptic stripping.	American Journal of Pathology	A growing body of evidence suggests that the loss of synapses is an early and major component of a number of neurodegenerative diseases. Murine prion disease offers a tractable preparation in which to study synaptic loss in a chronic neurodegenerative disease 
10.1002/cne.901750103	Horizontal cells of the pigeon retina	The Journal of comparative neurology	Abstract Two types of horizontal cells are seen in Golgi‐impregnated retinas of the pigeon. Type I horizontal cells are compact, “brush‐shaped,” and have an axon ending as an irregular spinous arborization. The majority of the dendrites terminate in the distal
10.1101/2023.03.01.530520	Brain-wide neural activity underlying memory-guided movement	bioRxiv	Behavior requires neural activity across the brain, but most experiments probe neurons in a single area at a time. Here we used multiple Neuropixels probes to record neural activity simultaneously in brain-wide circuits, in mice performing a memory-guided dire
10.1046/j.1460-9568.2002.02048.x	Innervation of interneurons immunoreactive for VIP by intrinsically bursting pyramidal cells and fast‐spiking interneurons in infragranular layers of 	European Journal of Neuroscience	Abstract Cortical columns contain specific neuronal populations with characteristic sets of connections. This wiring forms the structural basis of dynamic information processing. However, at the single‐cell level little is known about specific connectivity pat
10.1093/bioinformatics/btw794	Image-based correction of continuous and discontinuous non-planar axial distortion in serial section microscopy	Bioinform.	Motivation: Serial section microscopy is an established method for detailed anatomy reconstruction of biological specimen. During the last decade, high resolution electron microscopy (EM) of serial sections has become the de‐facto standard for reconstruction o
10.1523/jneurosci.1099-23.2023	Nfia Is Critical for AII Amacrine Cell Production: Selective Bipolar Cell Dependencies and Diminished ERG	Journal of Neuroscience	The nuclear factor one (NFI) transcription factor genes Nfia, Nfib, and Nfix are all enriched in late-stage retinal progenitor cells, and their loss has been shown to retain these progenitors at the expense of later-generated retinal cell types. Whether they p
10.1523/jneurosci.4630-08.2009	Activity Level-Dependent Synapse-Specific AMPA Receptor Trafficking Regulates Transmission Kinetics	Journal of Neuroscience	Central glutamatergic synapses may express AMPA-sensitive glutamate receptors (AMPA-Rs) with distinct gating properties and exhibit different transmission dynamics, which are important for computing various synaptic inputs received at different populations of 
10.1101/2021.11.06.467552	Mushroom body input connections form independently of sensory activity in Drosophila melanogaster	bioRxiv	Associative brain centers, such as the insect mushroom body, need to represent sensory information in an efficient manner. In Drosophila melanogaster, the Kenyon cells of the mushroom body integrate inputs from a random set of olfactory projection neurons, but
10.1016/0304-3940(91)90024-n	Many diverse types of retinal neurons show tracer coupling when injected with biocytin or Neurobiotin.	Neuroscience Letters	This study demonstrates that the junctional connections between rod-signal interneurons in mammalian retina can be visualized by tracer coupling, following intracellular injection of the biotinylated compounds, biocytin and Neurobiotin. In addition, many other
10.1017/s0952523819000014	Synaptic inputs from identified bipolar and amacrine cells to a sparsely branched ganglion cell in rabbit retina	Visual Neuroscience	Abstract There are more than 30 distinct types of mammalian retinal ganglion cells, each sensitive to different features of the visual environment. In rabbit retina, they can be grouped into four classes according to their morphology and stratification of thei
10.1016/b978-0-12-809324-5.24217-x	Direction Selectivity in the Retina and Beyond	The Senses: A Comprehensive Reference	
10.1101/2020.07.15.204263	Astrocyte-neuron crosstalk through Hedgehog signaling mediates cortical circuit assembly	bioRxiv	Neuron-glia relationships play a critical role in the regulation of synapse formation and neuronal specification. The cellular and molecular mechanisms by which neurons and astrocytes communicate and coordinate are not well understood. Here we demonstrate that
10.1038/s41467-026-68578-y	Iso-orientation bias of layer 2/3 connections unifies spontaneous, visually and optogenetically driven V1 dynamics	Nature Communications	Functionally specific long-range lateral connectivity in layer 2/3 of the adult primary visual cortex (V1) supports the integration of visual information across visual space and shapes spontaneous, visual and optogenetically driven V1 activity. However, a comp
10.1103/physreve.98.042405	Spike shape and synaptic-amplitude distribution interact to set the high-frequency firing-rate response of neuronal populations	Physical Review E	The dynamics of an ensemble of particles driven out of a potential well, with replacement, by the Poissonian arrival of amplitude-distributed shot noise is examined. A general formula for the high-frequency limit of the escape-rate susceptibility is derived. F
10.3389/fnsyn.2022.1004154	Palmitoylation of A-kinase anchoring protein 79/150 modulates its nanoscale organization, trafficking, and mobility in postsynaptic spines	Frontiers in Synaptic Neuroscience	A-kinase anchoring protein 79-human/150-rodent (AKAP79/150) organizes signaling proteins to control synaptic plasticity. AKAP79/150 associates with the plasma membrane and endosomes through its N-terminal domain that contains three polybasic regions and two Cy
10.1101/2022.12.09.519772	ViMO - Visual Analysis of Neuronal Connectivity Motifs	bioRxiv	Recent advances in high-resolution connectomics provide researchers with access to accurate petascale reconstructions of neuronal circuits and brain networks for the first time. Neuroscientists are analyzing these networks to better understand information proc
10.1523/jneurosci.1503-19.2019	Dynamic Changes in Ultrastructure of the Primary Cilium in Migrating Neuroblasts in the Postnatal Brain	Journal of Neuroscience	New neurons, referred to as neuroblasts, are continuously generated in the ventricular-subventricular zone of the brain throughout an animal's life. These neuroblasts are characterized by their unique potential for proliferation, formation of chain-like cell a
10.1016/j.expneurol.2013.09.007	Metabolic profiling of the mouse retina using amino acid signatures: insight into developmental cell dispersion patterns.	Experimental Neurology	Pattern recognition has been used for the complete and statistically rigid classification of retinal neurons in vertebrates such as the adult cat, primate, rat and goldfish. Here, we label the mouse retina with antibodies against seven amino acids and use patt
10.1016/j.tcm.2007.05.001	Astrocytic calcium signaling: the information currency coupling neuronal activity to the cerebral microcirculation.	Trends in cardiovascular medicine	In the brain, increased neuronal synaptic activity is accompanied by an increase in local cerebral blood flow that serves to satisfy neuronal metabolic demands. This linkage between neuronal activity and local blood flow has been appreciated for more than 100 
10.9729/am.2016.46.2.100	Reconstruction of Neural Circuits Using Serial Block-Face Scanning Electron Microscopy		Electron microscopy is currently the only available technique with a spatial resolution sufficient to identify fine neuronal processes and synaptic structures in densely packed neuropil. For large-scale volume reconstruction of neuronal connectivity, serial bl
10.3389/fncir.2014.00009	Constancy and trade-offs in the neuroanatomical and metabolic design of the cerebral cortex	Front. Neural Circuits	Mammalian brains span about four orders of magnitude in cortical volume and have to operate in different environments that require diverse behavioral skills. Despite these geometric and behavioral diversities, the examination of cerebral cortex across species 
10.3389/fncir.2011.00016	In vivo Labeling of Constellations of Functionally Identified Neurons for Targeted in vitro Recordings	Front. Neural Circuits	Relating the functional properties of neurons in an intact organism with their cellular and synaptic characteristics is necessary for a mechanistic understanding of brain function. However, while the functional properties of cortical neurons (e.g., tuning to s
10.1038/s41586-020-03169-5	Structural and developmental principles of neuropil assembly in C. elegans	Nature	Neuropil is a fundamental form of tissue organization within the brain1, in which densely packed neurons synaptically interconnect into precise circuit architecture2,3. However, the structural and developmental principles that govern this nanoscale precision r
10.3389/fnsys.2017.00088	Behavioral Modulation by Spontaneous Activity of Dopamine Neurons	Frontiers in Systems Neuroscience	Dopamine modulates a variety of animal behaviors that range from sleep and learning to courtship and aggression. Besides its well-known phasic firing to natural reward, a substantial number of dopamine neurons (DANs) are known to exhibit ongoing intrinsic acti
10.1371/journal.pcbi.1004045	Orientation Selectivity in Inhibition-Dominated Networks of Spiking Neurons: Effect of Single Neuron Properties and Network Dynamics	PLoS Comput. Biol.	The neuronal mechanisms underlying the emergence of orientation selectivity in the primary visual cortex of mammals are still elusive. In rodents, visual neurons show highly selective responses to oriented stimuli, but neighboring neurons do not necessarily ha
10.1017/s1431927613012609	Three-Dimensional Imaging of Cerebellar Mossy Fiber Rosettes by Ion-Abrasion Scanning Electron Microscopy	Microscopy and Microanalysis	Abstract The detailed knowledge of the three-dimensional (3D) organization of the nervous tissue provides essential information on its functional elucidation. We used serial block-face scanning electron microscopy with focused ion beam (FIB) milling to reveal 
10.1073/pnas.2306800121	The mechanics of correlated variability in segregated cortical excitatory subnetworks	Proceedings of the National Academy of S	Significance The structure of recurrent connectivity within cortical networks has important implications for their activity. Previous work has found neurons preferentially interconnect to form clustered assemblies. Traditionally, such assemblies of neurons sho
10.3389/fncir.2010.00007	A Theory of Loop Formation and Elimination by Spike Timing-Dependent Plasticity	Front. Neural Circuits	We show that the local spike timing-dependent plasticity (STDP) rule has the effect of regulating the trans-synaptic weights of loops of any length within a simulated network of neurons. We show that depending on STDP's polarity, functional loops are formed or
10.1016/j.conb.2021.12.002	Dynamic Functional Connectivity in the Static Connectome of C. elegans	Current Opinion in Neurobiology	A hallmark of adaptive behavior is the ability to flexibly respond to sensory cues, depending on context and experience. To understand how neural circuits implement this flexibility, it is critical to resolve how a static anatomical connectome can be modulated
10.1016/j.molcel.2023.11.011	Phosphorylation-dependent membraneless organelle fusion and fission illustrated by postsynaptic density assemblies.	Molecules and Cells	Membraneless organelles formed by phase separation of proteins and nucleic acids play diverse cellular functions. Whether and, if yes, how membraneless organelles in ways analogous to membrane-based organelles also undergo regulated fusion and fission is unkno
10.5772/intechopen.109855	Perspective Chapter: Functional Human Brain Connectome in Deep Brain Stimulation (DBS) for Parkinson’s Disease (PD)	Advances in Electroencephalography and B	Historically, the success of DBS depends on the accuracy of electrode localization in neuroanatomical structures. With time, diffusion-weighted magnetic resonance imaging (MRI) and functional MRI have been introduced to study the structural connectivity and fu
10.7554/elife.25141	Thalamic input to auditory cortex is locally heterogeneous but globally tonotopic	eLife	Topographic representation of the receptor surface is a fundamental feature of sensory cortical organization. This is imparted by the thalamus, which relays information from the periphery to the cortex. To better understand the rules governing thalamocortical 
10.1101/2024.04.03.587837	Interneuron diversity and normalization specificity in a visual system	bioRxiv	Normalization is a fundamental operation in image processing. Convolutional nets have evolved to include a large number of normalizations (Ioffe and Szegedy 2015; Ulyanov, Vedaldi, and Lempitsky 2016; Wu and He 2018), and this architectural shift has proved es
10.1016/j.physa.2014.10.019	Effect of Small-World Connectivity on Fast Sparsely Synchronized Cortical Rhythms		Fast cortical rhythms with stochastic and intermittent neural discharges have been observed in electric recordings of brain activity. Recently, Brunel et al. developed a framework to describe this kind of fast sparse synchronization in both random and globally
10.1016/j.neuroscience.2014.03.038	Compartment-specific tyrosine hydroxylase-positive innervation to AII amacrine cells in the rabbit retina.	Neuroscience	Tyrosine-hydroxylase-positive (TH(+)) amacrine cells release dopamine in a paracrine manner and also form GABA-ergic contact sites with inner retinal neurons. The best known sites are formed by TH(+) fibrous rings and AII amacrine cell somata in stratum 1 of t
10.1371/journal.pcbi.1002836	Soft-bound Synaptic Plasticity Increases Storage Capacity	PLoS Comput. Biol.	Accurate models of synaptic plasticity are essential to understand the adaptive properties of the nervous system and for realistic models of learning and memory. Experiments have shown that synaptic plasticity depends not only on pre- and post-synaptic activit
10.3389/fncom.2015.00089	Homeostatic role of heterosynaptic plasticity: models and experiments	Frontiers in Computational Neuroscience	Homosynaptic Hebbian-type plasticity provides a cellular mechanism of learning and refinement of connectivity during development in a variety of biological systems. In this review we argue that a complimentary form of plasticity—heterosynaptic plasticity—repre
10.1016/j.jsb.2008.10.002	Focused ion beam (FIB) combined with high resolution scanning electron microscopy: a promising tool for 3D analysis of chromosome architecture.	Journal of Structural Biology	Focused ion beam (FIB) milling in combination with field emission scanning electron microscopy (FESEM) was applied to investigations of metaphase barley chromosomes, providing new insight into the chromatin packaging in the chromosome interior and 3D distribut
10.1146/annurev.neuro.30.051606.094222	Anatomical and physiological plasticity of dendritic spines.	Annual Review of Neuroscience	In excitatory neurons, most glutamatergic synapses are made on the heads of dendritic spines, each of which houses the postsynaptic terminal of a single glutamatergic synapse. We review recent studies demonstrating in vivo that spines are motile and plastic st
10.1371/journal.pgen.1004100	Regulation of Synaptic nlg-1/Neuroligin Abundance by the skn-1/Nrf Stress Response Pathway Protects against Oxidative Stress	PLoS Genetics	The Nrf family of transcription factors mediates adaptive responses to stress and longevity, but the identities of the crucial Nrf targets, and the tissues in which they function in multicellular organisms to promote survival, are not known. Here, we use whole
10.1242/dev.181479	The Drosophila NCAM homolog Fas2 signals independently of adhesion	Development	ABSTRACT The development of tissues and organs requires close interaction of cells. To achieve this, cells express adhesion proteins such as the neural cell adhesion molecule (NCAM) or its Drosophila ortholog Fasciclin 2 (Fas2). Both are members of the Ig-doma
10.1523/jneurosci.5158-11.2012	Spatial profile of excitatory and inhibitory synaptic connectivity in mouse primary auditory cortex	Journal of Neuroscience	The role of local cortical activity in shaping neuronal responses is controversial. Among other questions, it is unknown how the diverse response patterns reported in vivo—lateral inhibition in some cases, approximately balanced excitation and inhibition (co-t
10.1111/apha.12921	Discovering long‐term potentiation (LTP) – recollections and reflections on what came after	Acta Physiologica	Abstract Chance events led me to a lifelong career in scientific research. They paved the way for being the first to see long‐term potentiation of synaptic efficiency ( LTP ) in Per Andersen's laboratory in Oslo in 1966. Here I describe my way to this discover
10.1002/9781119086420.ch4	3D CLEM	Correlative Imaging	Although the range of microscopic techniques is very broad, one can make a simple and clear-cut separation between light microscopy (LM) and electron microscopy (EM). This is not the case with correlative light and electron microscopy (CLEM), where the exact s
10.1038/nn.3414	BMP signaling specifies the development of a large and fast CNS synapse	Nature Neuroscience	Large excitatory synapses with multiple active zones ensure reliable and fast information transfer at specific points in neuronal circuits. However, the mechanisms that determine synapse size in CNS circuits are largely unknown. Here we use the calyx of Held s
10.3390/cells13201716	The Neural Correlations of Olfactory Associative Reward Memories in Drosophila	Cells	Advancing treatment to resolve human cognitive disorders requires a comprehensive understanding of the molecular signaling pathways underlying learning and memory. While most organ systems evolved to maintain homeostasis, the brain developed the capacity to pe
10.1007/bf01205147	The formation of photoreceptor synapses in the retina of larvalXenopus	Journal of Neurocytology	The first appearance and early development of synapses between photoreceptors, bipolar cells and horizontal cells were studied in the retina of larval Xenopus, between stages 37/8 and 46. Synapse morphology was reconstructed from examination of serial sections
10.1101/2025.06.25.661552	A scalable, all-optical method for mapping synaptic connectivity with cell-type specificity	bioRxiv	Single-cell transcriptomics has uncovered the vast heterogeneity of cell types that compose each region of the mammalian brain, but describing how such diverse types connect to form functional circuits has remained challenging. Current methods for measuring th
10.3389/fncel.2013.00262	Recurrent synapses and circuits in the CA3 region of the hippocampus: an associative network	Frontiers in Cellular Neuroscience	In the CA3 region of the hippocampus, pyramidal cells excite other pyramidal cells and interneurons. The axons of CA3 pyramidal cells spread throughout most of the region to form an associative network. These connections were first drawn by Cajal and Lorente d
10.1093/brain/awx275	Synaptic phosphorylated &agr;-synuclein in dementia with Lewy bodies	Brain : a journal of neurology	Dementia with Lewy bodies is characterized by the accumulation of Lewy bodies and Lewy neurites in the CNS, both of which are composed mainly of aggregated α-synuclein phosphorylated at Ser129. Although phosphorylated α-synuclein is believed to exert toxic eff
10.1016/0042-6989(83)90032-9	Synaptic patterns and response properties of bipolar and ganglion cells in the cat retina.	Vision Research	After intracellular recording, bipolar cells of the cat retina have been stained with HRP and their contacts in the outer and inner plexiform layers examined by electron microscopy. Rod bipolars and cone bipolar cb6 make invaginating, ribbon related contacts w
10.1101/2020.11.03.367540	Sticks and Stones, a conserved cell surface ligand for the Type IIa RPTP Lar, regulates neural circuit wiring in Drosophila	bioRxiv	Control of tyrosine phosphorylation is an essential element of many cellular processes, including proliferation, differentiation neurite outgrowth, and synaptogenesis. Receptor-like protein-tyrosine phosphatases (RPTPs) have cytoplasmic phosphatase domains and
10.1371/journal.pone.0066191	Computational Tissue Volume Reconstruction of a Peripheral Nerve Using High-Resolution Light-Microscopy and Reconstruct	PLoS ONE	The development of neural cuff-electrodes requires several in vivo studies and revisions of the electrode design before the electrode is completely adapted to its target nerve. It is therefore favorable to simulate many of the steps involved in this process to
10.1371/journal.pone.0214541	Weight statistics controls dynamics in recurrent neural networks	bioRxiv	Recurrent neural networks are complex non-linear systems, capable of ongoing activity in the absence of driving inputs. The dynamical properties of these systems, in particular their long-time attractor states, are determined on the microscopic level by the co
10.3109/01677063.2015.1054993	A gustatory second-order neuron that connects sucrose-sensitive primary neurons and a distinct region of the gnathal ganglion in the Drosophila brain	Journal of neurogenetics	Although the gustatory system provides animals with sensory cues important for food choice and other critical behaviors, little is known about neural circuitry immediately following gustatory sensory neurons (GSNs). Here, we identify and characterize a bilater
10.64898/2026.01.05.697602	Elements of Olfactory Intelligence in Drosophila	bioRxiv	The ability to make the world of odorants intelligible is a key capability of the Drosophila olfactory system that we shall call olfactory intelligence. We argue that olfactory intelligence does not only arise in the form of associative learning in the Mushroo
10.1038/s41467-020-14645-x	Natural images are reliably represented by sparse and variable populations of neurons in visual cortex	Nature Communications	Natural scenes sparsely activate neurons in the primary visual cortex (V1). However, how sparsely active neurons reliably represent complex natural images and how the information is optimally decoded from these representations have not been revealed. Using two
10.1016/j.neuron.2015.05.010	Subnetwork-Specific Homeostatic Plasticity in Mouse Visual Cortex In Vivo	Neuron	Summary Homeostatic regulation has been shown to restore cortical activity in vivo following sensory deprivation, but it is unclear whether this recovery is uniform across all cells or specific to a subset of the network. To address this issue, we used chronic
10.3390/brainsci11060717	Experimental Platform to Study Spiking Pattern Propagation in Modular Networks In Vitro	Brain Science	The structured organization of connectivity in neural networks is associated with highly efficient information propagation and processing in the brain, in contrast with disordered homogeneous network architectures. Using microfluidic methods, we engineered mod
10.1101/2023.08.23.554405	Morphology and ultrastructure of external sense organs of Drosophila larvae	bioRxiv	Sensory perception is the ability through which an organism is able to process sensory stimuli from the environment. This stimulus is transmitted from the peripheral sensory organs to the central nervous system, where it is interpreted. Drosophila melanogaster
10.1111/gtc.70116	A GPI-anchored Ly6/uPAR superfamily gene belly roll is expressed in multiple peptidergic neurons in Drosophila melanogaster larvae	bioRxiv	The Lymphocyte antigen-6 (Ly6)/urokinase-type plasminogen activator receptor (uPAR) superfamily (LU super family) of proteins are involved in diverse biological processes. In Drosophila melanogaster, members of the LU superfamily have undergone lineage-specifi
10.3389/neuro.04.001.2009	Precisely Timed Signal Transmission in Neocortical Networks with Reliable Intermediate-Range Projections	Front. Neural Circuits	The mammalian neocortex has a remarkable ability to precisely reproduce behavioral sequences or to reliably retrieve stored information. In contrast, spiking activity in behaving animals shows a considerable trial-to-trial variability and temporal irregularity
10.7554/elife.62576	The connectome of the adult Drosophila mushroom body provides insights into function	eLife	Making inferences about the computations performed by neuronal circuits from synapse-level connectivity maps is an emerging opportunity in neuroscience. The mushroom body (MB) is well positioned for developing and testing such an approach due to its conserved 
10.1016/j.compbiomed.2023.106694	A GNN-based model for capturing spatio-temporal changes in locomotion behaviors of aging C. elegans	Comput. Biol. Medicine	Investigating the locomotion of aging C. elegans is an important way for understanding the basic mechanisms behind age-related changes in organisms. However, the locomotion of aging C. elegans is often quantified using insufficient physical variables, which ma
10.1016/j.celrep.2017.12.022	Interrogating spatio-temporal landscape of neuromodulatory GPCR signaling by real-time imaging of cAMP dynamics in intact neuronal circuits	Cell Reports	Modulation of neuronal circuits is key to information processing in the brain. The majority of neuromodulators exert their effects by activating G protein coupled receptors (GPCR) that control the production of second messengers directly impacting cellular phy
10.1109/isbi53787.2023.10230767	Planar to Spatial: a Synapse Reconstruction Method to Rebuild Voxel Connections for Anisotropic Serial EM Images	IEEE International Symposium on Biomedic	Reconstructing synapses from anisotropic serial electron microscopy (EM) images remains challenging, especially in restoring neural circuits. Recently, hybrid 2D/3D convolution is proposed to tackle this anisotropy problem. However, Z-axis anisotropy results i
10.1098/rspb.2021.2499	Rotation of skylight polarization during learning walks is necessary to trigger neuronal plasticity in Cataglyphis ants	Proceedings of the Royal Society B	Many animals use celestial cues for impressive navigational performances in challenging habitats. Since the position of the sun and associated skylight cues change throughout the day and season, it is crucial to correct for these changes. Cataglyphis desert an
10.1371/journal.pgen.1004584	A Conserved Dopamine-Cholecystokinin Signaling Pathway Shapes Context–Dependent Caenorhabditis elegans Behavior	PLoS Genetics	An organism's ability to thrive in changing environmental conditions requires the capacity for making flexible behavioral responses. Here we show that, in the nematode Caenorhabditis elegans, foraging responses to changes in food availability require nlp-12, a
10.1016/j.pbiomolbio.2021.06.013	Mesoscale microscopy and image analysis tools for understanding the brain	Progress in Biophysics and Molecular Bio	Over the last ten years, developments in whole-brain microscopy now allow for high-resolution imaging of intact brains of small animals such as mice. These complex images contain a wealth of information, but many neuroscience laboratories do not have all of th
10.1002/cne.25339	A three‐dimensional atlas of the honeybee central complex, associated neuropils and peptidergic layers of the central body	The Journal of comparative neurology	The central complex (CX) in the brain of insects is a highly conserved group of midline‐spanning neuropils consisting of the upper and lower division of the central body, the protocerebral bridge, and the paired noduli. These neuropils are the substrate for a 
10.1016/j.conb.2019.03.012	Big data in nanoscale connectomics, and the greed for training labels.	Current Opinion in Neurobiology	The neurosciences have developed methods that outpace most other biomedical fields in terms of acquired bytes. We review how the information content and analysis challenge of such data indicates that electron microscopy (EM)-based connectomics is an especially
10.1523/jneurosci.3218-18.2019	Robust Associative Learning Is Sufficient to Explain the Structural and Dynamical Properties of Local Cortical Circuits	Journal of Neuroscience	The ability of neural networks to associate successive states of network activity lies at the basis of many cognitive functions. Hence, we hypothesized that many ubiquitous structural and dynamical properties of local cortical networks result from associative 
10.1038/s41593-023-01510-5	The logic of recurrent circuits in the primary visual cortex	bioRxiv	Recurrent cortical activity sculpts visual perception by refining, amplifying or suppressing visual input. However, the rules that govern the influence of recurrent activity remain enigmatic. We used ensemble-specific two-photon optogenetics in the mouse visua
10.1038/s41593-026-02213-3	Functional bipartite invariance in mouse primary visual cortex receptive fields	Nature Neuroscience	Sensory systems support generalization by representing features that persist under input variation; however, identifying the neuronal basis of these invariances remains difficult due to high-dimensional and nonlinear neural computations. Here we leverage the i
10.1152/jn.2000.83.3.1733	Dopamine-mediated stabilization of delay-period activity in a network model of prefrontal cortex.	Journal of Neurophysiology	The prefrontal cortex (PFC) is critically involved in working memory, which underlies memory-guided, goal-directed behavior. During working-memory tasks, PFC neurons exhibit sustained elevated activity, which may reflect the active holding of goal-related info
10.3791/56911	Ratiometric Calcium Imaging of Individual Neurons in Behaving Caenorhabditis Elegans	Journal of Visualized Experiments	It has become increasingly clear that neural circuit activity in behaving animals differs substantially from that seen in anesthetized or immobilized animals. Highly sensitive, genetically encoded fluorescent reporters of Ca2+ have revolutionized the recording
10.1523/jneurosci.3874-05.2006	A Resilient, Low-Frequency, Small-World Human Brain Functional Network with Highly Connected Association Cortical Hubs	Journal of Neuroscience	Small-world properties have been demonstrated for many complex networks. Here, we applied the discrete wavelet transform to functional magnetic resonance imaging (fMRI) time series, acquired from healthy volunteers in the resting state, to estimate frequency-d
10.1007/s00429-014-0836-3	The strength of weak connections in the macaque cortico-cortical network	Brain Structure and Function	Examination of the cortico-cortical network of mammals has unraveled key topological features and their role in the function of the healthy and diseased brain. Recent findings from social and biological networks pinpoint the significant role of weak connection
10.1111/jmi.12071	Integration of a high‐NA light microscope in a scanning electron microscope	Journal of Microscopy	Summary We present an integrated light‐electron microscope in which an inverted high‐NA objective lens is positioned inside a scanning electron microscope (SEM). The SEM objective lens and the light objective lens have a common axis and focal plane, allowing h
10.1109/42.293928	Computer-assisted registration, segmentation, and 3D reconstruction from images of neuronal tissue sections	IEEE Trans. Medical Imaging	Neuroscientists have studied the relationship between nerve cell morphology and function for over a century. To pursue these studies, they need accurate three-dimensional models of nerve cells that facilitate detailed anatomical measurement and the identificat
10.1523/eneuro.0250-18.2018	Central Compensation in Auditory Brainstem after Damaging Noise Exposure	eNeuro	Abstract Noise exposure is one of the most common causes of hearing loss and peripheral damage to the auditory system. A growing literature suggests that the auditory system can compensate for peripheral loss through increased central neural activity. The curr
10.1126/sciadv.1601335	Feedforward and feedback frequency-dependent interactions in a large-scale laminar network of the primate cortex	Science Advances	A large-scale laminar network model sheds light on frequency-dependent interactions in the primate cortex. Interactions between top-down and bottom-up processes in the cerebral cortex hold the key to understanding attentional processes, predictive coding, exec
10.1016/b978-0-12-803784-3.00017-2	Impact of Structural Plasticity on Memory Formation and Decline	The Rewiring Brain	
10.1016/j.pneurobio.2022.102264	Ultrastructural view of astrocyte arborization, astrocyte-astrocyte and astrocyte-synapse contacts, intracellular vesicle-like structures, and mitocho	Progress in neurobiology	The complexity of astrocyte morphology and syncytial coupling through gap junctions are crucial for astrocyte function in the brain. However, the ultrastructural details of astrocyte arborization and interactions between neighboring astrocytes remain unknown. 
10.1101/2025.03.07.642121	Attractor-based models for sequences and pattern generation in neural circuits		Abstract Neural circuits in the brain perform a variety of essential functions, including input classification, pattern completion, and the generation of rhythms and oscillations that support functions such as breathing and locomotion. There is also substantia
10.3389/fninf.2023.1272243	Translating single-neuron axonal reconstructions into meso-scale connectivity statistics in the mouse somatosensory thalamus	Frontiers Neuroinformatics	Characterizing the connectomic and morphological diversity of thalamic neurons is key for better understanding how the thalamus relays sensory inputs to the cortex. The recent public release of complete single-neuron morphological reconstructions enables the a
10.1038/s41467-024-54694-0	Synaptic connectome of the Drosophila circadian clock	bioRxiv	The circadian clock and its output pathways play a pivotal role in optimizing daily processes. To obtain novel insights into how diverse rhythmic physiology and behaviors are orchestrated, we have generated the first comprehensive connectivity map of an animal
10.1007/s00359-014-0910-6	Walking Drosophila align with the e-vector of linearly polarized light through directed modulation of angular acceleration	Journal of Comparative Physiology	Understanding the mechanisms that link sensory stimuli to animal behavior is a central challenge in neuroscience. The quantitative description of behavioral responses to defined stimuli has led to a rich understanding of different behavioral strategies in many
10.1016/j.neuron.2012.09.010	NEUROMODULATION OF NEURONAL CIRCUITS: BACK TO THE FUTURE	Neuron	All nervous systems are subject to neuromodulation. Neuromodulators can be delivered as local hormones, as cotransmitters in projection neurons, and through the general circulation. Because neuromodulators can transform the intrinsic firing properties of circu
10.1007/978-3-319-66709-6_9	A Comparative Study of Local Search Algorithms for Correlation Clustering	Lecture Notes in Computer Science	
10.1038/s44303-024-00045-z	KMnO4/Pb staining allows uranium free imaging of tissue architectures in low vacuum scanning electron microscopy	npj Imaging	Scanning electron microscopy under low-vacuum conditions allows high-resolution imaging of complex cell/tissue architectures in nonconductive specimens. However, the conventional methods for metal staining of biological specimens require harmful uranium compou
10.1101/2025.03.23.644782	Neural Basis of Odometry in Drosophila		Abstract Path integration is a mode of navigation in which travel distance and direction are integrated to calculate position. Estimating travel distance, or ‘odometry,’ requires the summation of translational vectors over time. Although neurons sensitive to t
10.1038/s41598-022-15027-7	Edge-colored directed subgraph enumeration on the connectome	Scientific Reports	Following significant advances in image acquisition, synapse detection, and neuronal segmentation in connectomics, researchers have extracted an increasingly diverse set of wiring diagrams from brain tissue. Neuroscientists frequently represent these wiring di
10.53053/jdaz1963	Full connectome of adult fruit fly completed, with help from citizen scientists	Spectrum	
10.48550/arxiv.2205.13493	<NO TITLE>		Can we use spiking neural networks (SNN) as generative models of multi-neuronal recordings, while taking into account that most neurons are unobserved? Modeling the unobserved neurons with large pools of hidden spiking neurons leads to severely underconstraine
10.1016/j.jphysparis.2005.12.082	Synaptic plasticity, astrocytes and morphological homeostasis.	Journal of Physiology - Paris	Recent discoveries suggest that astrocytes are an integral part of synaptic connections, as they sense and modulate synaptic activity. Moreover, there is evidence that astrocytes change the number of synaptic connections directly via synaptogenic signals or in
10.1371/journal.pcbi.1004584	Computing the Local Field Potential (LFP) from Integrate-and-Fire Network Models	PLoS Comput. Biol.	Leaky integrate-and-fire (LIF) network models are commonly used to study how the spiking dynamics of neural networks changes with stimuli, tasks or dynamic network states. However, neurophysiological studies in vivo often rather measure the mass activity of ne
10.1371/journal.pcbi.1011046	How synaptic strength, short-term plasticity, and input synchrony contribute to neuronal spike output	bioRxiv	Neurons integrate from thousands of synapses whose strengths span an order of magnitude. Intriguingly, in mouse neocortex, the few ‘strong’ synapses are formed between similarly tuned cells, suggesting they determine neuronal spiking output. This raises the qu
10.1371/journal.pone.0060877	Development of a Plastic Embedding Method for Large-Volume and Fluorescent-Protein-Expressing Tissues	PLoS ONE	Fluorescent proteins serve as important biomarkers for visualizing both subcellular organelles in living cells and structural and functional details in large-volume tissues or organs. However, current techniques for plastic embedding are limited in their abili
10.1523/jneurosci.4466-06.2007	Direct Astrocytic Contacts Regulate Local Maturation of Dendritic Spines	Journal of Neuroscience	Astrocytes contribute on both development and function of synapses, but it remains unclear whether direct astrocytic contacts regulate development of individual synapses. Two-photon time-lapse imaging of astrocytic and dendritic protrusive activity revealed th
10.3389/fnana.2011.00029	The Evolution of the Brain, the Human Nature of Cortical Circuits, and Intellectual Creativity	Frontiers in Neuroanatomy	The tremendous expansion and the differentiation of the neocortex constitute two major events in the evolution of the mammalian brain. The increase in size and complexity of our brains opened the way to a spectacular development of cognitive and mental skills.
10.1016/j.bpj.2025.11.005	Tracking the morphological evolution of neuronal dendrites by first-passage analysis	bioRxiv	A high degree of structural complexity arises in dynamic neuronal dendrites due to extensive branching patterns and diverse spine morphologies, which enable the nervous system to adjust function, construct complex input pathways and thereby enhance the computa
10.1016/j.bpj.2010.01.013	Scale-free topology of the CA3 hippocampal network: a novel method to analyze functional neuronal assemblies.	Biophysical Journal	Cognitive mapping functions of the hippocampus critically depend on the recurrent network of the CA3 pyramidal cells. However, it is still not known in detail how network activity patterns emerge, or how they encode information. By using functional multineuron
10.1016/j.celrep.2024.113857	A molecular atlas of adult C. elegans motor neurons reveals ancient diversity delineated by conserved transcription factor codes	Cell Reports	SUMMARY Motor neurons (MNs) constitute an ancient cell type targeted by multiple adult-onset diseases. It is therefore important to define the molecular makeup of adult MNs in animal models and extract organizing principles. Here, we generate a comprehensive m
10.64898/2026.02.14.705915	Distinct NMDA Receptor Pools Determine Diverse Forms of Cortical Plasticity	bioRxiv	NMDA receptors (NMDARs) are well-established as coincidence detectors in Hebbian learning, but this requires postsynaptic localization. Presynaptic NMDARs, however, remain controversial due to limitations of pharmacology and calcium imaging. We therefore disse
10.1007/s12021-013-9205-2	VolRoverN: Enhancing surface and volumetric reconstruction for realistic dynamical simulation of cellular and subcellular function	Neuroinformatics	Establishing meaningful relationships between cellular structure and function requires accurate morphological reconstructions. In particular, there is an unmet need for high quality surface reconstructions to model subcellular and synaptic interactions among n
10.1080/01677063.2017.1391249	Untangling the wiring of the Drosophila visual system: developmental principles and molecular strategies	Journal of neurogenetics	The assembly of neural circuits relies on the accurate establishment of connections between synaptic partners. Precise wiring results from responses that neurons elicit to environmental cues and cell-cell contact events during development. A common design prin
10.1016/j.jneumeth.2016.04.017	Array tomography of physiologically-characterized CNS synapses	Journal of Neuroscience Methods	Background The ability to correlate plastic changes in synaptic physiology with changes in synaptic anatomy has been very limited in the central nervous system because of shortcomings in existing methods for recording the activity of specific CNS synapses and 
10.53053/hrfy1961	New atlas maps neuronal wiring in mouse brain	Spectrum	
10.1016/j.neuron.2016.09.018	The Dynamics of Functional Brain Networks: Integrated Network States during Cognitive Task Performance	Neuron	Higher brain function relies upon the ability to flexibly integrate information across specialized communities of brain regions, however it is unclear how this mechanism manifests over time. In this study, we used time-resolved network analysis of functional m
10.1007/978-3-319-57363-2_17	The Developmental Origin of Cell Type Diversity in the Drosophila Visual System	Decoding Neural Circuit Structure and Fu	
10.1038/s41592-022-01482-7	Viv: multiscale visualization of high-resolution multiplexed bioimaging data on the web	Nature Methods	Nature Methods | VOL 19 | May 2022 | 511–516 | www.nature.com/naturemethods data; Ludovic Autin and Ivan Viola for visualization inspiration and discussion; Jonathan Alberts for extensive help testing the prototype viewer with large trajectories; and Rick Horw
10.1523/jneurosci.1110-04.2004	A Morphological Correlate of Synaptic Scaling in Visual Cortex	Journal of Neuroscience	We studied the response of dendritic spines in the thalamic-recipient zone of rat visual cortex to simple manipulations of the visual environment. We measured the morphologies of a total of 3824 spines located on the basal dendrites of 60 layer 3 pyramidal cel
10.1016/j.biosystems.2018.09.016	The emergent connectome in Caenorhabditis elegans embryogenesis	Biosystems	The relatively new field of connectomics provides us with a unique window into nervous system function. In the model organism Caenorhabditis elegans, this promise is even greater due to the relatively small number of cells (302) in its nervous system. While th
10.1098/rsif.2024.0586	I2Bot: an open-source tool for multi-modal and embodied simulation of insect navigation	bioRxiv	Achieving a comprehensive understanding of animal intelligence demands an integrative approach that acknowledges the interplay between an organism’s brain, body, and environment. Insects like ants, despite their limited computational resources, demonstrate rem
10.1093/g3journal/jkad221	SynLight: a bicistronic strategy for simultaneous active zone and cell labeling in the Drosophila nervous system	G3	Abstract At synapses, chemical neurotransmission mediates the exchange of information between neurons, leading to complex movement, behaviors, and stimulus processing. The immense number and variety of neurons within the nervous system make discerning individu
10.1152/jn.00858.2009	Estimating network parameters from combined dynamics of firing rate and irregularity of single neurons.	Journal of Neurophysiology	High firing irregularity is a hallmark of cortical neurons in vivo, and modeling studies suggest a balance of excitation and inhibition is necessary to explain this high irregularity. Such a balance must be generated, at least partly, from local interconnected
10.1016/j.conb.2019.04.001	Convolutional nets for reconstructing neural circuits from brain images acquired by serial section electron microscopy	Current Opinion in Neurobiology	Neural circuits can be reconstructed from brain images acquired by serial section electron microscopy. Image analysis has been performed by manual labor for half a century, and efforts at automation date back almost as far. Convolutional nets were first applie
10.48550/arxiv.2408.08616	<NO TITLE>		Analysis and visualization of 3D microscopy images pose challenges due to anisotropic axial resolution, demanding volumetric super-resolution along the axial direction. While training a learning-based 3D super-resolution model seems to be a straightforward sol
10.1096/fj.201601039r	Intra‐ and interregional coregulation of opioid genes: broken symmetry in spinal circuits	The FASEB Journal	ABSTRACT Regulation of the formation and rewiring of neural circuits by neuropeptides may require coordinated production of these signaling molecules and their receptors that may be established at the transcriptional level. Here, we address this hypothesis by 
10.3389/fnsys.2025.1683448	Minimization of prediction errors during cerebral embryogenesis and the emergence of agency	Frontiers in Systems Neuroscience	A theory of self-organization in the central nervous system is described, proposing that additive and dissipative synaptodendritic summation leads to synchronous oscillation as the equilibrium state, thereby underpinning a primary mechanism of prediction error
10.1162/netn_a_00455	The exponential distance rule-based network model predicts topology and reveals functionally relevant properties of the Drosophila projectome	Network Neuroscience	Abstract Studying structural brain networks has witnessed significant advancement in recent decades. Findings revealed a geometric principle, the exponential distance rule (EDR) showing that the number of neurons decreases exponentially with the length of thei
10.1109/cvpr.2016.90	Deep Residual Learning for Image Recognition	Computer Vision and Pattern Recognition	Deeper neural networks are more difficult to train. We present a residual learning framework to ease the training of networks that are substantially deeper than those used previously. We explicitly reformulate the layers as learning residual functions with ref
10.1364/boe.4.001978	Volumetric imaging and quantification of cytoarchitecture and myeloarchitecture with intrinsic scattering contrast.	Biomedical Optics Express	We present volumetric imaging and computational techniques to quantify neuronal and myelin architecture with intrinsic scattering contrast. Using spectral / Fourier domain Optical Coherence Microscopy (OCM) and software focus-tracking we validate imaging of ne
10.1523/jneurosci.3255-13.2013	Imaging Neuronal Populations in Behaving Rodents: Paradigms for Studying Neural Circuits Underlying Behavior in the Mammalian Cortex	Journal of Neuroscience	Understanding the neural correlates of behavior in the mammalian cortex requires measurements of activity in awake, behaving animals. Rodents have emerged as a powerful model for dissecting the cortical circuits underlying behavior attributable to the converge
10.1016/s0306-4522(97)00557-5	Postsynaptic pyramidal target selection by descending layer III pyramidal axons: dual intracellular recordings and biocytin filling in slices of rat n	Neuroscience	Paired intracellular recordings in slices of adult rat neocortex with biocytin filling of synaptically connected neurons were used to investigate the pyramidal targets, in layer V, of layer III pyramidal axons. The time-course and sensitivity of excitatory pos
10.1007/s12021-021-09555-2	Towards an Architecture of a Multi-purpose, User-Extendable Reference Human Brain Atlas	Neuroinformatics	Human brain atlas development is predominantly research-oriented and the use of atlases in clinical practice is limited. Here I introduce a new definition of a reference human brain atlas that serves education, research and clinical applications, and is extend
10.1016/bs.mcb.2023.01.013	Serial block-face scanning electron microscopy of Schmidtea mediterranea.	Methods in Cell Biology	The flatworm planarian, Schmidtea mediterranea (Smed) is a master at regenerating and rebuilding whole animals from fragments. A full understanding of Smed's regenerative capabilities requires a high-resolution characterization of organs, tissues, and the adul
10.1038/ncomms6252	Superficial layer pyramidal cells communicate heterogeneously between multiple functional domains of cat primary visual cortex	Nature Communications	The axons of pyramidal neurons in the superficial layers of the neocortex of higher mammals form lateral networks of discrete clusters of synaptic boutons. In primary visual cortex the clusters are reported to link domains that share the same orientation prefe
10.1080/15419060600631474	Regulation of Gap Junction Coupling Through the Neuronal Connexin Cx35 by Nitric Oxide and cGMP	Cell Communication & Adhesion	Gap-junctional coupling among neurons is subject to regulation by a number of neurotransmitters including nitric oxide. We studied the mechanisms by which NO regulates coupling in cells expressing Cx35, a connexin expressed in neurons throughout the central ne
10.1002/(sici)1096-9861(19980706)396:3<351::aid-cne6>3.0.co;2-1	GABAA and GABAC receptors on mammalian rod bipolar cells	The Journal of comparative neurology	Rod bipolar (RB) cells of mammalian retinae receive synapses from different gamma-aminobutyric acid (GABAergic) amacrine cells in the inner plexiform layer (IPL). We addressed the question whether RB cells of the rabbit and of the rat retina express different 
10.3389/fncir.2021.684969	The Drosophila Larval Locomotor Circuit Provides a Model to Understand Neural Circuit Development and Function	Frontiers in Neural Circuits	It is difficult to answer important questions in neuroscience, such as: “how do neural circuits generate behaviour?,” because research is limited by the complexity and inaccessibility of the mammalian nervous system. Invertebrate model organisms offer simpler 
10.3389/fnins.2011.00048	Genetic Approaches to Reveal the Connectivity of Adult-Born Neurons	Frontiers in Neuroscience	Much has been learned about the environmental and molecular factors that influence the division, migration, and programmed cell death of adult-born neurons in the mammalian brain. However, detailed knowledge of the mechanisms that govern the formation and main
10.7554/elife.106686	Cell-specific tools for understanding behavior	eLife	Novel tools that allow neuron-specific investigations of the structure controlling sleep regulation in fruit flies reveal the extent of neuronal heterogeneity.
10.1038/s41467-026-74648-y	Biomimetic ferroelectric-semiconductor transistor enables neuronal multisensory integration	Nature Communications	Human brain seamlessly integrates multisensory stimuli to synthesize complementary information for enhanced perceptions, depending on neural principles of superadditivity, inverse effectiveness, and temporal congruency. Replicating multisensory integration in 
10.1002/glia.22335	Glial glutamate transport modulates dendritic spine head protrusions in the hippocampus	Glia	Abstract Accumulating evidence supports the idea that synapses are tripartite, whereby perisynaptic astrocytes modulate both pre‐ and postsynaptic function. Although some of these features have been uncovered by using electrophysiological methods, less is know
10.1002/cne.25221	Sex‐specific and caste‐specific brain adaptations related to spatial orientation in Cataglyphis ants	The Journal of comparative neurology	Cataglyphis desert ants are charismatic central place foragers. After long‐ranging foraging trips, individual workers navigate back to their nest relying mostly on visual cues. The reproductive caste faces other orientation challenges, i.e. mate finding and co
10.1016/j.cophys.2018.03.009	Emerging roles of mitochondria in synaptic transmission and neurodegeneration	Current Opinion in Physiology	Mitochondria play numerous critical physiological functions in neurons including ATP production, Ca2+ regulation, lipid synthesis, ROS signaling, and the ability to trigger apoptosis. Recently developed technologies, including in vivo 2-photon imaging in awake
10.3791/50783	Preparation of Primary Neurons for Visualizing Neurites in a Frozen-hydrated State Using Cryo-Electron Tomography	Journal of Visualized Experiments	Neurites, both dendrites and axons, are neuronal cellular processes that enable the conduction of electrical impulses between neurons. Defining the structure of neurites is critical to understanding how these processes move materials and signals that support s
10.5772/intechopen.109963	Transcranial Magnetic Stimulation, Connectome and Its Clinical Applications	Advances in Electroencephalography and B	Transcranial magnetic stimulation is an non-invasive method of neuromodulation. It uses magnetic field to induce generation of current for cortical stimulation. It can modulate the altered equilibrium in cortical excitability by magnetic field. Though it is fa
10.1371/journal.pcbi.1013469	Cortical networks with multiple interneuron types generate oscillatory patterns during predictive coding	bioRxiv	Predictive coding (PC) proposes that our brains work as an inference machine, generating an internal model of the world and minimizing predictions errors (i.e., differences between external sensory evidence and internal prediction signals). Theoretical models 
10.1101/2022.07.18.500521	NeuVue: A scalable and customizable framework for electron microscopy proofreading	bioRxiv	Abstract Connectomic reconstruction from large image volumes produces segmentation and synaptic-assignment errors that must be resolved to support downstream analyses. As datasets have grown larger and teams more distributed, proofreading has become a critical
10.1038/s41593-024-01823-z	Multimodal cue integration and learning in a neural representation of head direction	Nature Neuroscience	Navigation requires us to take account of multiple spatial cues with varying levels of informativeness and learn their spatial relationships. Here we investigate this process in the Drosophila head direction system, which functions as a ring attractor and a to
10.1126/sciadv.adi4350	Emergence of co-tuning in inhibitory neurons as a network phenomenon mediated by randomness, correlations, and homeostatic plasticity	Science Advances	Cortical excitatory neurons show clear tuning to stimulus features, but the tuning properties of inhibitory interneurons are ambiguous. While inhibitory neurons have been considered to be largely untuned, some studies show that some parvalbumin-expressing (PV)
10.1038/s41592-019-0501-0	BigStitcher: reconstructing high-resolution image datasets of cleared and expanded samples	Nature Methods	Light-sheet imaging of cleared and expanded samples creates terabyte-sized datasets that consist of many unaligned three-dimensional image tiles, which must be reconstructed before analysis. We developed the BigStitcher software to address this challenge. BigS
10.3389/fncel.2019.00291	The Stability of Glutamatergic Synapses Is Independent of Activity Level, but Predicted by Synapse Size	Frontiers in Cellular Neuroscience	Neuronal activity is thought to drive the remodeling of circuits in the mammalian cerebral cortex. However, its precise function in the underlying formation and elimination of glutamatergic synapses has remained controversial. To clarify the role of activity i
10.1109/tmi.2023.3275209	Data-Driven Morphological Feature Perception of Single Neuron With Graph Neural Network	IEEE Transactions on Medical Imaging	Clarifying the morphological characteristics of neurons can promote the understanding of brain function. However, traditional morphometrics fail to capture the modeling of each point in reconstructed neurons, leading to limited ability to distinguish massive n
10.1016/j.isci.2025.112747	Volume electron microscopy reveals 3D synaptic nanoarchitecture in postmortem human prefrontal cortex	bioRxiv	Synaptic function is directly reflected in quantifiable ultrastructural features using electron microscopy (EM) approaches. This coupling of synaptic function and ultrastructure suggests that in vivo synaptic function can be inferred from EM analysis of ex viv
10.1101/2021.04.08.439043	A neural circuit linking two sugar sensors regulates satiety-dependent fructose drive in Drosophila	bioRxiv	Ingestion of certain sugars leads to activation of fructose sensors within the brain of flies, which then sustain or terminate feeding behavior depending on internal state. Here, we describe a three-part neural circuit that links satiety with fructose sensing.
10.1016/j.neunet.2025.107653	Prediction of functional neural circuits in caenorhabditis elegans based on overlapping community detection	Neural Networks	The identification of functional neural circuits is crucial for understanding brain functions. However, experimental methods are often labor-intensive and resource-intensive. In this study, we modified the BIGCLAM algorithm to detect overlapping communities in
10.1016/j.visres.2015.12.007	Physiological and morphological characterization of ganglion cells in the salamander retina	Vision Research	Retinal ganglion cells (RGCs) integrate visual information from the retina and transmit collective signals to the brain. A systematic investigation of functional and morphological characteristics of various types of RGCs is important to comprehensively underst
10.1534/genetics.117.300294	Sexual Dimorphism and Sex Differences in Caenorhabditis elegans Neuronal Development and Behavior	Genetics	Abstract As fundamental features of nearly all animal species, sexual dimorphisms and sex differences have particular relevance for the development and function of the nervous system. The unique advantages of the nematode Caenorhabditis elegans have allowed th
10.1016/j.neubiorev.2023.105193	From neurotransmitters to networks: Transcending organisational hierarchies with molecular-informed functional imaging	Neuroscience and Biobehavioral Reviews	The human brain exhibits complex interactions across micro, meso-, and macro-scale organisational principles. Recent synergistic multi-modal approaches have begun to link micro-scale information to systems level dynamics, transcending organisational hierarchie
10.1038/s41467-026-69443-8	Feeding decision-making by a single neuron via disparate neurotransmitters	Nature Communications	Animals use gustatory information to decide whether to ingest nutritious substances or avoid toxic ones. Although certain neurons in the gustatory circuits respond to both aversive and appetitive signals, how these neurons resolve inputs with opposing valences
10.3389/fncel.2020.00253	Dopaminergic Modulation of Signal Processing in a Subset of Retinal Bipolar Cells	Frontiers in Cellular Neuroscience	The retina and the olfactory bulb are the gateways to the visual and olfactory systems, respectively, similarly using neural networks to initiate sensory signal processing. Sensory receptors receive signals that are transmitted to neural networks before projec
10.7554/elife.58138	Multiscale cardiac imaging spanning the whole heart and its internal cellular architecture in a small animal model	eLife	Cardiac pumping depends on the morphological structure of the heart, but also on its subcellular (ultrastructural) architecture, which enables cardiac contraction. In cases of congenital heart defects, localized ultrastructural disruptions that increase the ri
10.1101/2025.05.16.654254	Accelerating Neuron Reconstruction with PATHFINDER		Comprehensive mapping of neural connections is essential for understanding brain function. Existing automated methods for connectome reconstruction from high-resolution images of brain tissue introduce errors that require extensive and time-consuming manual co
10.1101/2024.10.23.619891	Convergent olfactory circuits for courtship in                   <i>Drosophila</i>                   revealed by                   <i>ds</i>          		Summary Animals exhibit sex-specific behaviors that are governed by sexually dimorphic circuits. One such behavior in male Drosophila melanogaster , courtship, is regulated by various sensory modalities, including olfaction. Here, we reveal how sexually dimorp
10.1002/cne.901680304	Light and electron microscopy of the ground squirrel retina: Functional considerations	The Journal of comparative neurology	Abstract Light and electron microscopy of Golgi‐impregnated ground squirrel retinas have revealed a range of morphological subtypes of bipolar, amacrine, and ganglion cells. There are at least seven subtypes of bipolar cells. Those subtypes in which the somata
10.1038/ncomms12270	Spatial clustering of tuning in mouse primary visual cortex	Nature Communications	The primary visual cortex of higher mammals is organized into two-dimensional maps, where the preference of cells for stimulus parameters is arranged regularly on the cortical surface. In contrast, the preference of neurons in the rodent appears to be arranged
10.1016/j.cub.2024.06.060	A two-layer neural circuit controls fast forward locomotion in Drosophila.	Current Biology	Fast forward locomotion is critical for animal hunting and escaping behaviors. However, how the underlying neural circuit is wired at synaptic resolution to decide locomotion direction and speed remains poorly understood. Here, we identified in the ventral ner
10.1038/s41598-021-91250-y	Energy constraints on brain network formation	Scientific Reports	Energy constraints are a fundamental limitation of the brain, which is physically embedded in a restricted space. The collective dynamics of neurons through connections enable the brain to achieve rich functionality, but building connections and maintaining ac
10.1371/journal.pcbi.1005217	Creating High-Resolution Multiscale Maps of Human Tissue Using Multi-beam SEM	PLoS Comput. Biol.	Multi-beam scanning electron microscopy (mSEM) enables high-throughput, nano-resolution imaging of macroscopic tissue samples, providing an unprecedented means for structure-function characterization of biological tissues and their cellular inhabitants, seamle
10.64898/2026.06.06.730610	Molecular and ultrastructural characterization of the intramuscular nerve cords of the octopus arm	bioRxiv	Cephalopod arms are controlled by a distributed peripheral nervous system comprising the axial nerve cord (ANC), subacetabular ganglia associated with each sucker, four longitudinal intramuscular nerve cords (INCs) embedded within the arm musculature and obliq
10.1371/journal.pcbi.1005576	Mechanisms underlying a thalamocortical transformation during active tactile sensation	PLoS Comput. Biol.	During active somatosensation, neural signals expected from movement of the sensors are suppressed in the cortex, whereas information related to touch is enhanced. This tactile suppression underlies low-noise encoding of relevant tactile features and the brain
10.1016/j.yfrne.2024.101157	Endocrine disrupting effects on morphological synaptic plasticity.	Frontiers in neuroendocrinology (Print)	Neural regulation of the homeostasis depends on healthy synaptic function. Adaptation of synaptic functions to physiological needs manifests in various forms of synaptic plasticity (SP), regulated by the normal hormonal regulatory circuits. During the past sev
10.53053/pvxo1692	Worms help untangle brain structure/function mystery	The Transmitter	
10.1080/01677063.2017.1359834	The power of projectomes: genetic mosaic labeling in the larval zebrafish brain reveals organizing principles of sensory circuits	Journal of neurogenetics	In no vertebrate species do we possess an accurate, comprehensive tally of neuron types in the brain. This is in no small part due to the vast diversity of neuronal types that comprise complex vertebrate nervous systems. A fundamental goal of neuroscience is t
10.3389/fnana.2018.00095	Verifying, Challenging, and Discovering New Synapses Among Fully EM-Reconstructed Neurons in the Leech Ganglion	bioRxiv	Neural circuits underpin the production of animal behavior, largely based upon the precise pattern of synaptic connectivity among the neurons involved. For large numbers of neurons, determining such “connectomes” by direct physiological means is difficult, as 
10.3389/fmolb.2024.1396587	RNAi-dependent expression of sperm genes in ADL chemosensory neurons is required for olfactory responses in Caenorhabditis elegans	Frontiers in Molecular Biosciences	Environmental conditions experienced early in the life of an animal can result in gene expression changes later in its life history. We have previously shown that C. elegans animals that experienced the developmentally arrested and stress resistant dauer stage
10.1109/ijcnn.2012.6252786	Recurrent competitive networks can learn locally excitatory topologies	IEEE International Joint Conference on N	A common form of neural network consists of spatially arranged neurons, with weighted connections between the units providing both local excitation and long-range or global inhibition. Such networks, known as soft-winner-take-all networks or lateral-inhibition
10.1038/s41467-020-14781-4	Autophagy-dependent filopodial kinetics restrict synaptic partner choice during Drosophila brain wiring	Nature Communications	Brain wiring is remarkably precise, yet most neurons readily form synapses with incorrect partners when given the opportunity. Dynamic axon-dendritic positioning can restrict synaptogenic encounters, but the spatiotemporal interaction kinetics and their regula
10.1016/0014-4886(77)90165-0	Modifications by light of synaptic density in the inner plexiform layer of the toad, Xenopus laevis.	Experimental Neurology	
10.1038/nprot.2008.147	Paired-recordings from synaptically coupled cortical and hippocampal neurons in acute and cultured brain slices	Nature Protocols	Analysis of synaptic transmission, synaptic plasticity, axonal processing, synaptic timing or electrical coupling requires the simultaneous recording of both the pre- and postsynaptic compartments. Paired-recording technique of monosynaptically connected neuro
10.1113/jphysiol.2007.141788	Postnatal development of synaptic transmission in local networks of L5A pyramidal neurons in rat somatosensory cortex	Journal of Physiology	The probability of synaptic transmitter release determines the spread of excitation and the possible range of computations at unitary connections. To investigate whether synaptic properties between neocortical pyramidal neurons change during the assembly perio
10.1098/rstb.2013.0592	What do we know about gliotransmitter release from astrocytes?	Philosophical Transactions of the Royal 	Astrocytes participate in information processing by actively modulating synaptic properties via gliotransmitter release. Various mechanisms of astrocytic release have been reported, including release from storage organelles via exocytosis and release from the 
10.1038/s41583-020-00390-z	Inhibitory stabilization and cortical computation	Nature Reviews Neuroscience	Neuronal networks with strong recurrent connectivity provide the brain with a powerful means to perform complex computational tasks. However, high-gain excitatory networks are susceptible to instability, which can lead to runaway activity, as manifested in pat
10.1371/journal.pcbi.1012870	Exploring the transmission of cognitive task information through optimal brain pathways	PLoS Comput. Biol.	Understanding the large-scale information processing that underlies complex human cognition is the central goal of cognitive neuroscience. While emerging activity flow models demonstrate that cognitive task information is transferred by interregional functiona
10.1101/2023.01.23.525290	Cell-type-specific inhibitory circuitry from a connectomic census of mouse visual cortex	bioRxiv	Mammalian cortex features a vast diversity of neuronal cell types, each with characteristic anatomical, molecular and functional properties. Synaptic connectivity powerfully shapes how each cell type participates in the cortical circuit, but mapping connectivi
10.1007/s12264-026-01661-y	Cross-Species Social Experience Suppresses Aggression in Drosophila	Neuroscience Bulletin	Many animals inhabit multi-species environments, competing for shared resources. Yet how cross-species experiences influence aggressive interactions remains unclear. Here, we found that prior experience with phylogenetically related Drosophila species, such as
10.1073/pnas.0901530106	Maximization of the connectivity repertoire as a statistical principle governing the shapes of dendritic arbors	Proceedings of the National Academy of S	The shapes of dendritic arbors are fascinating and important, yet the principles underlying these complex and diverse structures remain unclear. Here, we analyzed basal dendritic arbors of 2,171 pyramidal neurons sampled from mammalian brains and discovered 3 
10.1038/s41593-023-01403-7	Optimal routing to cerebellum-like structures	bioRxiv	The vast expansion from mossy fibers to cerebellar granule cells (GrC) produces a neural representation that supports functions including associative and internal model learning. This motif is shared by other cerebellum-like structures and has inspired numerou
10.1371/journal.pbio.0060159	Mapping the Structural Core of Human Cerebral Cortex	PLoS Biology	Structurally segregated and functionally specialized regions of the human cerebral cortex are interconnected by a dense network of cortico-cortical axonal pathways. By using diffusion spectrum imaging, we noninvasively mapped these pathways within and across c
10.1101/2023.09.26.559559	Absolute Number of Three Populations of Interneurons and All GABAergic Synapses in the Human Hippocampus	Journal of Neuroscience	The human hippocampus, essential for learning and memory, is implicated in numerous neurological and psychiatric disorders, each linked to specific neuronal subpopulations. Advancing our understanding of hippocampal function requires computational models groun
10.1101/2024.02.25.581936	Sample preparation methods for volume electron microscopy in mollusc Berghia stephanieae	bioRxiv	Abstract Creating a high-resolution brain atlas in diverse species offers crucial insights into general principles underlying brain function and development. A volume electron microscopy approach to generate such neural maps has been gaining importance due to 
10.1002/9781119086420.ch7	Integrated Light and Electron Microscopy	Correlative Imaging	In the past decades, correlative light and electron microscopy (CLEM) methods have evolved from being mostly used by a few pioneering, specialist labs to a collection of techniques and workflows practiced by a broad group of researchers in structural biology. 
10.1016/j.brainresrev.2007.07.011	Reconstruction of an average cortical column in silico.	Brain Research Reviews	The characterization of individual neurons by Golgi and Cajal has been the basis of neuroanatomy for a century. A new challenge is to anatomically describe, at cellular resolution, complete local circuits that can drive behavior. In this essay, we review the p
10.1016/j.ydbio.2021.01.010	The development of sex differences in the nervous system and behavior of flies, worms, and rodents.	Developmental Biology	Understanding how sex differences in innate animal behaviors arise has long fascinated biologists. As a general rule, the potential for sex differences in behavior is built by the developmental actions of sex-specific hormones or regulatory proteins that direc
10.1073/pnas.1400615111	Inducible and titratable silencing of Caenorhabditis elegans neurons in vivo with histamine-gated chloride channels	Proceedings of the National Academy of S	Significance Inducible silencing of neurons is a powerful method for studying the functions of neural circuits. We describe a system for inducible silencing of Caenorhabditis elegans neurons, based on transgenic C. elegans nematodes engineered to produce the i
10.1007/s10827-009-0153-7	Thermodynamic constraints on neural dimensions, firing rates, brain temperature and size	Journal of Computational Neuroscience	There have been suggestions that heat caused by cerebral metabolic activity may constrain mammalian brain evolution, architecture, and function. This article investigates physical limits on brain wiring and corresponding changes in brain temperature that are i
10.1109/tvcg.2021.3127132	NeuRegenerate: A Framework for Visualizing Neurodegeneration	IEEE Transactions on Visualization and C	Recent advances in high-resolution microscopy have allowed scientists to better understand the underlying brain connectivity. However, due to the limitation that biological specimens can only be imaged at a single timepoint, studying changes to neural projecti
10.1101/2023.03.22.533857	Integrating EM and Patch-seq data: Synaptic connectivity and target specificity of predicted Sst transcriptomic types	bioRxiv	Abstract Neural circuit function is shaped both by the cell types that comprise the circuit and the connections between those cell types 1 . Neural cell types have previously been defined by morphology 2, 3 , electrophysiology 4, 5 , transcriptomic expression 
10.1523/eneuro.0056-17.2018	Increased Axonal Bouton Stability during Learning in the Mouse Model of MECP2 Duplication Syndrome	eNeuro	Abstract MECP2 duplication syndrome is an X-linked form of syndromic autism caused by genomic duplication of the region encoding methyl-CpG-binding protein 2 (MECP2). Mice overexpressing MECP2 demonstrate social impairment, behavioral inflexibility, and altere
10.1177/1073858418769644	Dendritic Spine Elimination: Molecular Mechanisms and Implications	The Neuroscientist	Dynamic modification of synaptic connectivity in response to sensory experience is a vital step in the refinement of brain circuits as they are established during development and modified during learning. In addition to the well-established role for new spine 
10.1016/j.celrep.2020.108182	Local Efficacy of Glutamate Uptake Decreases with Synapse Size.	Cell Reports	Synaptically released glutamate is largely cleared by glutamate transporters localized on perisynaptic astrocyte processes. Therefore, the substantial variability of astrocyte coverage of individual hippocampal synapses implies that the efficacy of local gluta
10.1101/2024.11.26.625447	Quantifying information stored in synaptic connections rather than in firing activities of neural networks		A cornerstone of our understanding of both biological and artificial neural networks is that they store information in the strengths of synaptic connections among the neurons. However, in contrast to the well-established theory for quantifying information enco
10.14711/thesis-hdl152426	Role of Orb2 Linking Cellular Plasticity to Synaptic Plasticity		