10.1111/j.1365-2818.2009.03121.x	Comparison of different preparation methods of biological samples for FIB milling and SEM investigation	Journal of Microscopy	Summary When a new approach in microscopy is introduced, broad interest is attracted only when the sample preparation procedure is elaborated and the results compared with the outcome of the existing methods. In the work presented here we tested different prep
10.3389/fncom.2016.00109	Effective Suppression of Pathological Synchronization in Cortical Networks by Highly Heterogeneous Distribution of Inhibitory Connections	Frontiers in Computational Neuroscience	Even without external random input, cortical networks in vivo sustain asynchronous irregular firing with low firing rate. In addition to detailed balance between excitatory and inhibitory activities, recent theoretical studies have revealed that another featur
10.1038/s41583-025-00941-2	Molecular and functional diversity of the autonomic nervous system	Nature Reviews Neuroscience	The autonomic nervous system (ANS) plays a pivotal role in regulating organ functions through descending brain-to-body signalling. The pathways involved are broadly categorized into two major branches: the sympathetic nervous system, which mediates 'fight or f
10.1371/journal.pgen.1006697	Local neuropeptide signaling modulates serotonergic transmission to shape the temporal organization of C. elegans egg-laying behavior	PLoS Genetics	Animal behaviors are often composed of distinct alternating behavioral states. Neuromodulatory signals are thought to be critical for establishing stable behavioral states and for orchestrating transitions between them. However, we have only a limited understa
10.3109/02713689609003465	Neurotransmitters in the retina.	Current Eye Research	Processing of visual information within the retina depends in large measure upon a complement of chemical neurotransmitters which are released at synaptic contacts between individual neurons. Numerous investigators have participated in the identification of ma
10.1111/dgd.12890	Studying zebrafish nervous system structure and function in health and disease with electron microscopy	Development, Growth and Differentiation	Zebrafish (Danio rerio) is a well‐established model for studying the nervous system. Findings in zebrafish often inform studies on human diseases of the nervous system and provide crucial insight into disease mechanisms. The functions of the nervous system oft
10.1016/j.neubiorev.2020.12.032	Drosophila reward system - A summary of current knowledge.	Neuroscience and Biobehavioral Reviews	The fruit fly Drosophila melanogaster brain is the most extensively investigated model of a reward system in insects. Drosophila can discriminate between rewarding and punishing environmental stimuli and consequently undergo associative learning. Functional mo
10.1523/jneurosci.4274-07.2008	Disinhibition Combines with Excitation to Extend the Operating Range of the OFF Visual Pathway in Daylight	Journal of Neuroscience	Cone signals divide into parallel ON and OFF bipolar cell pathways, which respond to objects brighter or darker than the background and release glutamate onto the corresponding type of ganglion cell. It is assumed that ganglion cell excitatory responses are dr
10.1111/joa.70124	Multimorphic spines and complex postsynaptic structures in the rat and human brains: A common finding with intriguing morphology and open functional q	Journal of Anatomy	Dendritic spines are postsynaptic specializations that mainly contact excitatory inputs and modulate a wide range of processes involving synaptic transmission and plasticity. Based on morphological features, they were classified into stubby, wide, thin, mushro
10.1073/pnas.2123146119	The neuropeptide landscape of human prefrontal cortex	Proceedings of the National Academy of S	Significance The neuropeptide system encompasses the most diverse family of neurotransmitters, but their expression, cellular localization, and functional role in the human brain have received limited attention. Here, we study human postmortem samples from pre
10.1038/s43586-022-00131-9	Volume electron microscopy	Nature Reviews Methods Primers	Life exists in three dimensions, but until the turn of the century most electron microscopy methods provided only 2D image data. Recently, electron microscopy techniques capable of delving deep into the structure of cells and tissues have emerged, collectively
10.1098/rspb.2004.2927	Theta oscillations by synaptic excitation in a neocortical circuit model	Proceedings of the Royal Society of Lond	Neocortical theta-band oscillatory activity is associated with cognitive tasks involving learning and memory. This oscillatory activity is proposed to originate from the synchronization of interconnected layer V intrinsic bursting (IB) neurons by recurrent exc
10.1371/journal.pbio.1002238	A Change in the Ion Selectivity of Ligand-Gated Ion Channels Provides a Mechanism to Switch Behavior	PLoS Biology	Behavioral output of neural networks depends on a delicate balance between excitatory and inhibitory synaptic connections. However, it is not known whether network formation and stability is constrained by the sign of synaptic connections between neurons withi
10.1162/netn_a_00365	Response inhibition in premotor cortex corresponds to a complex reshuffle of the mesoscopic information network	bioRxiv	Recent studies have explored functional and effective neural networks in animal models; however, the dynamics of information propagation among functional modules under cognitive control remain largely unknown. Here, we addressed the issue using Transfer Entrop
10.3389/fninf.2019.00068	ShuTu: Open-Source Software for Efficient and Accurate Reconstruction of Dendritic Morphology	bioRxiv	Neurons perform computations by integrating inputs from thousands of synapses – mostly in the dendritic tree – to drive action potential firing in the axon. One fruitful approach to understanding this process is to record from neurons using patch-clamp electro
10.2144/000114236	Staining and embedding of human chromosomes for 3-d serial block-face scanning electron microscopy.	BioTechniques	The high-order structure of human chromosomes is an important biological question that is still under investigation. Studies have been done on imaging human mitotic chromosomes using mostly 2-D microscopy methods. To image micron-sized human chromosomes in 3-D
10.1146/annurev.physiol.010908.163140	Dendritic spine dynamics.	Annual Review of Physiology	Dendritic spines are the postsynaptic components of most excitatory synapses in the mammalian brain. Spines accumulate rapidly during early postnatal development and undergo a substantial loss as animals mature into adulthood. In past decades, studies have rev
10.7554/elife.90511	A neural correlate of individual odor preference in Drosophila	eLife	Behavior varies even among genetically identical animals raised in the same environment. However, little is known about the circuit or anatomical origins of this individuality. Here, we demonstrate a neural correlate of Drosophila odor preference behavior in t
10.1186/s12860-026-00577-9	Insulin signaling engages divergent transcriptional mechanisms in neural and metabolic tissues	BMC Molecular and Cell Biology	Background Insulin signaling is a conserved regulator of growth, metabolism, and lifespan across metazoans. While its systemic roles are well established, the mechanisms by which insulin coordinates tissue-specific transcriptional programs that underlie distin
10.1089/brain.2018.0587	Microstructure-Informed Connectomics: Enriching Large-Scale Descriptions of Healthy and Diseased Brains	Brain Connectivity	Rapid advances in neuroimaging and network science have produced powerful tools and measures to appreciate human brain organization at multiple spatial and temporal scales. It is now possible to obtain increasingly meaningful representations of whole-brain str
10.1103/physrevlett.126.118102	Nonequilibrium Green’s Functions for Functional Connectivity in the Brain	Physical Review Letters	A theoretical framework describing the set of interactions between neurons in the brain, or functional connectivity, should include dynamical functions representing the propagation of signal from one neuron to another. Green’s functions and response functions 
10.1016/0896-6273(95)90336-4	Vesicle pool mobilization during action potential firing at hippocampal synapses.	Neuron	Using the fluorescent membrane label FM 1-43, we have measured the release, reuptake, and repriming of synaptic vesicles in response to action potential stimulation of cultured hippocampal neurons. We find that approximately 90% of a recycling vesicle pool is 
10.1109/embc48229.2022.9870879	Axon Tracing and Centerline Detection using Topologically-Aware 3D U-Nets	Annual International Conference of the I	As advances in microscopy imaging provide an ever clearer window into the human brain, accurate reconstruction of neural connectivity can yield valuable insight into the relationship between brain structure and function. However, human manual tracing is a slow
10.1146/annurev.cellbio.23.090506.123417	Molecular mechanisms of presynaptic differentiation.	Annual Review of Cell and Developmental 	Information processing in the nervous system relies on properly localized and organized synaptic structures at the correct locations. The formation of synapses is a long and intricate process involving multiple interrelated steps. Decades of research have iden
10.1038/s41593-018-0138-9	Synaptic nanomodules underlie the organization and plasticity of spine synapses	Nature Neuroscience	Experience results in long-lasting changes in dendritic spine size, yet how the molecular architecture of the synapse responds to plasticity remains poorly understood. Here a combined approach of multicolor stimulated emission depletion microscopy (STED) and c
10.3389/fnana.2022.852057	Single-Neuron Labeling in Fixed Tissue and Targeted Volume Electron Microscopy	Frontiers in Neuroanatomy	The structural complexity of nervous tissue makes it very difficult to unravel the connectivity between neural elements at different scales. Numerous methods are available to trace long-range projections at the light microscopic level, and to identify the actu
10.1101/2023.02.10.528036	Evolution of connectivity architecture in the Drosophila mushroom body	bioRxiv	ABSTRACT Brain evolution has primarily been studied at the macroscopic level by comparing the relative size of homologous brain centers between species. How neuronal circuits change at the cellular level over evolutionary time remains largely unanswered. Here,
10.1523/jneurosci.3237-11.2012	Parasynaptic NMDA receptor signaling couples neuronal glutamate transporter function to AMPA receptor synaptic distribution and stability	Journal of Neuroscience	At synapses, two major processes occur concomitantly after the release of glutamate: activation of AMPA receptors (AMPARs) to conduct synaptic transmission and activation of excitatory amino acid transporters (EAATs) for transmitter removal. Although crosstalk
10.1002/cyto.a.24325	Innovative fluorescent probes for in vivo visualization of biomolecules in living Caenorhabditis elegans	Cytometry Part A	Caenorhabditis elegans (C. elegans) as a well‐established multicellular model organism has been widely used in the biological field for half a century. Its numerous advantages including small body size, rapid life cycle, high‐reproductive rate, well‐defined an
10.3389/fnana.2018.00088	Block Face Scanning Electron Microscopy of Fluorescently Labeled Axons Without Using Near Infra-Red Branding	Frontiers in Neuroanatomy	In this article, we describe the method that allows fluorescently tagged structures such as axons to be targeted for electron microscopy (EM) analysis without the need to convert their labels into electron dense stains, introduce any fiducial marks, or image l
10.1038/s41586-024-07558-y	Neuronal wiring diagram of an adult brain	Nature	Connections between neurons can be mapped by acquiring and analysing electron microscopic brain images. In recent years, this approach has been applied to chunks of brains to reconstruct local connectivity maps that are highly informative1–6, but nevertheless 
10.1186/1749-8104-6-28	A conserved juxtacrine signal regulates synaptic partner recognition in Caenorhabditis elegans	Neural Development	BackgroundAn essential stage of neural development involves the assembly of neural circuits via formation of inter-neuronal connections. Early steps in neural circuit formation, including cell migration, axon guidance, and the localization of synaptic componen
10.1002/dneu.22311	LONG-TERM STABILITY OF AXONAL BOUTONS IN THE MOUSE BARREL CORTEX	Developmental Neurobiology	Many lines of evidence indicate that postsynaptic dendritic spines are plastic during development and largely stable in adulthood. It remains unclear to what degree presynaptic axonal terminals undergo changes in the developing and mature cortex. In this study
10.1007/s00709-010-0118-8	Focused ion beam (FIB)/scanning electron microscopy (SEM) in tissue structural research	Protoplasma	The focused ion beam (FIB) and scanning electron microscope (SEM) are commonly used in material sciences for imaging and analysis of materials. Over the last decade, the combined FIB/SEM system has proven to be also applicable in the life sciences. We have exa
10.1002/cne.903030408	Midget ganglion cells of the parafovea of the human retina: A Study by electron microscopy and serial section reconstructions	The Journal of comparative neurology	Abstract In this study we used serial section electron microscopy and three‐dimensional reconstructions to examine four midget ganglion cells of the human retina. The four cells were located in the parafoveal retina 2.5 mm or 8° from the foveal center. Both ty
10.1016/j.conb.2023.102697	Chandelier cells shine a light on the formation of GABAergic synapses	Current Opinion in Neurobiology	Uncovering the wiring rules employed by neurons during development represents a formidable challenge with important repercussions for neurodevelopmental disorders. Chandelier cells (ChCs) are a singular GABAergic interneuron type, with a unique morphology, tha
10.1073/pnas.0810390106	The fractions of short- and long-range connections in the visual cortex	Proceedings of the National Academy of S	When analyzing synaptic connectivity in a brain tissue slice, it is difficult to discern between synapses made by local neurons and those arising from long-range axonal projections. We analyzed a data set of excitatory neurons and inhibitory basket cells recon
10.1371/journal.pgen.1011443	Behavioral screening reveals a conserved residue in Y-Box RNA-binding protein required for associative learning and memory in C. elegans	PLoS Genetics	RNA-binding proteins (RBPs) regulate translation and plasticity which are required for memory. RBP dysfunction has been linked to a range of neurological disorders where cognitive impairments are a key symptom. However, of the 2,000 RBPs in the human genome, m
10.1038/s41467-022-30214-w	A calcium-based plasticity model for predicting long-term potentiation and depression in the neocortex	Nature Communications	Pyramidal cells (PCs) form the backbone of the layered structure of the neocortex, and plasticity of their synapses is thought to underlie learning in the brain. However, such long-term synaptic changes have been experimentally characterized between only a few
10.1136/jamia.2001.0080001	Synthesis of Research: Extending Unbiased Stereology of Brain Ultrastructure to Three-dimensional Volumes	J. Am. Medical Informatics Assoc.	OBJECTIVE: Analysis of brain ultrastructure is needed to reveal how neurons communicate with one another via synapses and how disease processes alter this communication. In the past, such analyses have usually been based on single or paired sections obtained b
10.1523/jneurosci.1404-12.2013	LTP-Induced Long-Term Stabilization of Individual Nascent Dendritic Spines	Journal of Neuroscience	Learning new tasks has been associated with increased growth and stabilization of new dendritic spines. We examined whether long-term potentiation (LTP), a key cellular mechanism thought to underlie learning, plays a role in selective stabilization of individu
10.1523/jneurosci.2492-05.2005	The p75 Neurotrophin Receptor Negatively Modulates Dendrite Complexity and Spine Density in Hippocampal Neurons	Journal of Neuroscience	The correlation between functional and structural neuronal plasticity is by now well documented. However, the molecular mechanisms translating patterns of neuronal activity into specific changes in the structure of neurons remain unclear. Neurotrophins can be 
10.1371/journal.pone.0004625	A Toolkit and Robust Pipeline for the Generation of Fosmid-Based Reporter Genes in C. elegans	PLoS ONE	Engineering fluorescent proteins into large genomic clones, contained within BACs or fosmid vectors, is a tool to visualize and study spatiotemporal gene expression patterns in transgenic animals. Because these reporters cover large genomic regions, they most 
10.1038/s41467-022-32762-7	Center-surround interactions underlie bipolar cell motion sensitivity in the mouse retina	Nature Communications	Motion sensing is a critical aspect of vision. We studied the representation of motion in mouse retinal bipolar cells and found that some bipolar cells are radially direction selective, preferring the origin of small object motion trajectories. Using a glutama
10.3389/fnsyn.2025.1724377	Synaptic transmission in supragranular layers of the human cortex – comparative review of structure, function, and plasticity	Frontiers in Synaptic Neuroscience	Synapses are the highly specialized connection sites between neurons enabling the establishment of complex neuronal networks. As highly plastic structures, synapses collocate both the transmission and storage of information, which is an essential prerequisite 
10.1007/s10827-008-0135-1	Correlations in spiking neuronal networks with distance dependent connections	Journal of Computational Neuroscience	Can the topology of a recurrent spiking network be inferred from observed activity dynamics? Which statistical parameters of network connectivity can be extracted from firing rates, correlations and related measurable quantities? To approach these questions, w
10.1007/s12264-019-00349-w	A Neuronal Pathway that Commands Deceleration in Drosophila Larval Light-Avoidance	Neuroscience Bulletin	When facing a sudden danger or aversive condition while engaged in on-going forward motion, animals transiently slow down and make a turn to escape. The neural mechanisms underlying stimulation-induced deceleration in avoidance behavior are largely unknown. He
10.1523/jneurosci.1169-19.2019	BRAIN Initiative: Cutting-Edge Tools and Resources for the Community	Journal of Neuroscience	The overarching goal of the NIH BRAIN (Brain Research through Advancing Innovative Neurotechnologies) Initiative is to advance the understanding of healthy and diseased brain circuit function through technological innovation. Core principles for this goal incl
10.1523/eneuro.0425-18.2019	Characterization of Nanoscale Organization of F-Actin in Morphologically Distinct Dendritic Spines In Vitro Using Supervised Learning	eNeuro	Visual Abstract The cytoarchitecture of a neuron is very important in defining morphology and ultrastructure. Although there is a wealth of information on the molecular components that make and regulate these ultrastructures, there is a dearth of understanding
10.3389/fnins.2020.00599	Automatic Reconstruction of Mitochondria and Endoplasmic Reticulum in Electron Microscopy Volumes by Deep Learning	Frontiers in Neuroscience	Together, mitochondria and the endoplasmic reticulum (ER) occupy more than 20% of a cell's volume, and morphological abnormality may lead to cellular function disorders. With the rapid development of large-scale electron microscopy (EM), manual contouring and 
10.1002/advs.202519098	vEMRec: High‐Resolution Volume Electron Microscopy Reconstruction Based on Structure‐Preserving and High‐Fidelity 3D Alignment	Advancement of science	Three‐dimensional (3D) alignment is a key step in volume electron microscopy (vEM), aimed at addressing misalignment during data acquisition, thereby recovering the correct biological structures. However, automated 3D alignment has long been challenged by the 
10.3389/fncel.2025.1575158	Investigation of neuromodulation of the endbulb of Held synapse in the cochlear nucleus by serotonin and norepinephrine	Frontiers in Cellular Neuroscience	Introduction Synapses vary greatly in synaptic strength and plasticity, even within the same circuitry or set of pre- and postsynaptic neurons. Neuromodulation is a candidate mechanism to explain some of this variability. Neuromodulators such as monoamines can
10.1016/j.neucom.2020.03.129	Towards computational analytics of 3D neuron images using deep adversarial learning	Neurocomputing	
10.1017/s155192951099130x	Three-Dimensional Analysis of Optic Nerve Axons Using a Focused Ion Beam-Based Approach	Microscopy Today	Neurons in the central nervous system (CNS) are extensively interconnected, and consequently almost half of the human brain is occupied by wiring in the form of the myelinated axons. Dysfunction and degeneration of these axons can result in profound and perman
10.1002/cne.24558	Immunolocalization suggests a role of the histamine‐gated chloride channel PxHCLB in spectral opponent processing in butterfly photoreceptors	The Journal of comparative neurology	Spectrally opponent responses, that is, wavelength‐dependent inversions of response polarity, have been observed at the level of photoreceptors in butterflies. As inter‐photoreceptor connections have been found in the butterfly Papilio xuthus, and histamine is
10.1093/cercor/bhr317	Cell Type–Specific Three-Dimensional Structure of Thalamocortical Circuits in a Column of Rat Vibrissal Cortex	Cerebral Cortex	Soma location, dendrite morphology, and synaptic innervation may represent key determinants of functional responses of individual neurons, such as sensory-evoked spiking. Here, we reconstruct the 3D circuits formed by thalamocortical afferents from the lemnisc
10.3389/fncom.2025.1700144	Time delays in computational models of neuronal and synaptic dynamics	Frontiers Comput. Neurosci.	Time delays in signal propagation represent a fundamental aspect of neuronal communication that profoundly influences information processing and learning (Gerstner et al., 1993(Gerstner et al., , 1996(Gerstner et al., , 1997)). Synaptic delays, in particular, 
10.48550/arxiv.2606.15967	CRIS: Cross-Plane Self-Supervised Isotropic Restoration for Anisotropic Volumetric Imaging Across Modalities	arXiv.org	Anisotropic volumetric acquisitions are common in clinical MRI and volume electron microscopy (vEM), where sparse through-plane sampling creates thick slices or sections that degrade orthogonal reformats and downstream analysis. We present CRIS, a cross-plane 
10.1002/jnr.25332	Neuronal mechanisms regulating locomotion in adult Drosophila	Journal of Neuroscience Research	The coordinated action of multiple leg joints and muscles is required even for the simplest movements. Understanding the neuronal circuits and mechanisms that generate precise movements is essential for comprehending the neuronal basis of the locomotion and to
10.1002/cne.10181	Light‐ and electron‐microscopic analysis of vasoactive intestinal polypeptide‐immunoreactive amacrine cells in the guinea pig retina	The Journal of comparative neurology	Abstract Vasoactive intestinal polypeptide (VIP) is a neuroactive substance that is expressed in both nonmammalian and mammalian retinas. This study investigated the morphology and synaptic connections of VIP‐containing neurons in the guinea pig retina by immu
10.1038/s41467-021-23951-x	Super-resolution label-free volumetric vibrational imaging	Nature Communications	Innovations in high-resolution optical imaging have allowed visualization of nanoscale biological structures and connections. However, super-resolution fluorescence techniques, including both optics-oriented and sample-expansion based, are limited in quantific
10.1007/978-1-4020-7937-5_15	Glutamate-mediated bi-directional signaling between neurons and astrocytes	Glial ⇔ Neuronal Signaling	
10.1016/j.neuroscience.2025.03.006	Taking flight, the use of Drosophila melanogaster for neuroscience research in Uruguay.	Neuroscience	The Sociedad de Neurociencias del Uruguay is celebrating its 30th anniversary, sustained by more than a century of neuroscience research in the country. During this time, different approaches and experimental organisms have been incorporated to study diverse a
10.1038/s41467-021-26462-x	Drosophila ßHeavy-Spectrin is required in polarized ensheathing glia that form a diffusion-barrier around the neuropil	Nature Communications	In the central nervous system (CNS), functional tasks are often allocated to distinct compartments. This is also evident in the Drosophila CNS where synapses and dendrites are clustered in distinct neuropil regions. The neuropil is separated from neuronal cell
10.1038/s41598-021-82353-7	Analysis of segmentation ontology reveals the similarities and differences in connectivity onto L2/3 neurons in mouse V1	Scientific Reports	Quantitatively comparing brain-wide connectivity of different types of neuron is of vital importance in understanding the function of the mammalian cortex. Here we have designed an analytical approach to examine and compare datasets from hierarchical segmentat
10.1523/eneuro.0258-19.2019	Compound Stimuli Reveal the Structure of Visual Motion Selectivity in Macaque MT Neurons	eNeuro	Abstract Motion selectivity in primary visual cortex (V1) is approximately separable in orientation, spatial frequency, and temporal frequency (“frequency-separable”). Models for area MT neurons posit that their selectivity arises by combining direction-select
10.1038/s41467-024-47459-2	A primary sensory cortical interareal feedforward inhibitory circuit for tacto-visual integration	Nature Communications	Tactile sensation and vision are often both utilized for the exploration of objects that are within reach though it is not known whether or how these two distinct sensory systems combine such information. Here in mice, we used a combination of stereo photogram
10.1016/j.conb.2014.01.019	Toward large-scale connectome reconstructions.	Current Opinion in Neurobiology	Recent results have shown the possibility of both reconstructing connectomes of small but biologically interesting circuits and extracting from these connectomes insights into their function. However, these reconstructions were heroic proof-of-concept experime
10.1523/jneurosci.3122-10.2010	The Synaptic Organization of the Claustral Projection to the Cat's Visual Cortex	Journal of Neuroscience	The claustrum is a subcortical structure reciprocally connected with most areas of neocortex. This strategic location suggests an integrative role of the claustrum across different sensory modalities. However, our knowledge of the synaptic relationship between
10.1126/science.aec9923	Thalamic activation of the visual cortex at the single-synapse level.	Science	Deciphering thalamocortical (TC) activation at the level of individual synapses is essential to understanding how the cortex processes sensory information. In this work, we studied TC computation underlying the emergence of orientation selectivity in the mamma
10.1007/978-3-030-87199-4_18	Uncertainty-Aware Label Rectification for Domain Adaptive Mitochondria Segmentation	Lecture Notes in Computer Science	
10.1038/nn.4502	Network neuroscience	Nature Neuroscience	Despite substantial recent progress, our understanding of the principles and mechanisms underlying complex brain function and cognition remains incomplete. Network neuroscience proposes to tackle these enduring challenges. Approaching brain structure and funct
10.1523/jneurosci.18-14-05294.1998	Comparison of Hippocampal Dendritic Spines in Culture and in Brain	Journal of Neuroscience	We have quantified hippocampal spine structure at the light and ultrastructural levels in cell cultures ∼1- 3 weeks old and in the brains of rodents 5 and 21 d old. The number of spines bearing synapses increases with age in cultures and in brain, but the stru
10.1109/iccv.2015.82	Efficient Classifier Training to Minimize False Merges in Electron Microscopy Segmentation	IEEE International Conference on Compute	The prospect of neural reconstruction from Electron Microscopy (EM) images has been elucidated by the automatic segmentation algorithms. Although segmentation algorithms eliminate the necessity of tracing the neurons by hand, significant manual effort is still
10.1371/journal.pcbi.1007360	Stability of spontaneous, correlated activity in mouse auditory cortex	bioRxiv	Neural systems can be modeled as complex networks in which neural elements are represented as nodes linked to one another through structural or functional connections. The resulting network can be analyzed using mathematical tools from network science and grap
10.3389/fnmol.2019.00140	Novel Strategies for the Generation of Neuronal Diversity: Lessons From the Fly Visual System	Frontiers in Molecular Neuroscience	Among all organs of an adult animal, the central nervous system stands out because of its vast complexity and morphological diversity. During early development, the entire central nervous system develops from an apparently homogenous group of progenitors that 
10.1098/rstb.2017.0371	Sensorimotor integration in Caenorhabditis elegans: a reappraisal towards dynamic and distributed computations	Philosophical Transactions of the Royal 	The nematode Caenorhabditis elegans is a tractable model system to study locomotion, sensory navigation and decision-making. In its natural habitat, it is thought to navigate complex multisensory environments in order to find food and mating partners, while av
10.1111/acel.12379	Atypical antidepressants extend lifespan of Caenorhabditis elegans by activation of a non‐cell‐autonomous stress response	Aging Cell	Oxidative stress has long been associated with aging and has recently been linked to psychiatric disorders, including psychosis and depression. We identified multiple antipsychotics and antidepressants that extend Caenorhabditis elegans lifespan and protect th
10.1093/cercor/bhh014	Separable effects of semantic priming and imageability on word processing in human cortex.	Cerebral Cortex	Understanding the neural representation of semantic concepts is at the core of understanding human knowledge and experience. Competing cognitive theories suggest that these neural representations are based on either a unitary semantic code or on multiple seman
10.12688/f1000research.27158.3	DeepCLEM: automated registration for correlative light and electron microscopy using deep learning	F1000Research	In correlative light and electron microscopy (CLEM), the fluorescent images must be registered to the EM images with high precision. Due to the different contrast of EM and fluorescence images, automated correlation-based alignment is not directly possible, an
10.1523/eneuro.0088-18.2018	Microglia Enhance Synapse Activity to Promote Local Network Synchronization	eNeuro	Visual Abstract Microglia are highly motile immunoreactive cells that play integral roles in the response to brain infection and damage, and in the progression of various neurological diseases. During development, microglia also help sculpt neural circuits, vi
10.1038/s41467-023-41526-w	Neural representation of goal direction in the monarch butterfly brain	bioRxiv	Neural processing of a navigational goal requires the continuous comparison between the current heading and the intended goal direction. While the neural basis underlying the current heading is well-studied in insects, the coding of the goal direction is compl
10.1016/j.neucom.2015.06.007	Training sensory-motor behavior in the connectome of an artificial C. elegans	Neurocomputing	
10.1101/2022.04.11.487908	Olfactory receptor neurons generate multiple response motifs, increasing coding space dimensionality	bioRxiv	Odorants binding to olfactory receptor neurons (ORNs) trigger bursts of action potentials, providing the brain with its only experience of the olfactory environment. Our recordings made in vivo from locust ORNs showed odor-elicited firing patterns comprise fou
10.1080/19336934.2016.1214784	Dpr-DIP matching expression in Drosophila synaptic pairs	Fly	Neurons form precise patterns of connections. The cellular recognition mechanisms regulating the selection of synaptic partners are poorly understood. As final mediators of cell-cell interactions, cell surface and secreted molecules (CSMs) are expected to play
10.1083/jcb.30.2.424	A NEW STAINING METHOD (OTO) FOR ENHANCING CONTRAST OF LIPID-CONTAINING MEMBRANES AND DROPLETS IN OSMIUM TETROXIDE-FIXED TISSUE WITH OSMIOPHILIC THIOCA	Journal of Cell Biology	Al though the in t roduct ion of fixation of tissue with osmium tetroxide by Palade (8) ushered in the modern era of electron microscopy of biological materials, a need for greater contrast and greater resolution in visualizing membranous structures has s t im
10.1292/jvms.20-0175	Three-dimensional analysis of neural connectivity with cells in rat ileal mucosa by serial block-face scanning electron microscopy	Journal of Veterinary Medical Science	The comprehensive targets of innervation in the intestinal mucosa are unknown, partly because of the diversity of cell types and the complexity of the neural circuits. Herein, we investigated the comprehensive targets of neural connectivity and analyzed the pr
10.3389/fnint.2013.00003	Quantification of anisotropy and fiber orientation in human brain histological sections	Frontiers in Integrative Neuroscience	Diffusion weighted imaging (DWI) has provided unparalleled insight into the microscopic structure and organization of the central nervous system. Diffusion tensor imaging (DTI) and other models of the diffusion MRI signal extract microstructural properties of 
10.1109/isbi.2009.5193045	Cell tracking and segmentation in electron microscopy images using graph cuts	IEEE International Symposium on Biomedic	Understanding neural connectivity and structures in the brain requires detailed 3D anatomical models, and such an understanding is essential to the study of the nervous system. However, the reconstruction of 3D models from a large set of dense nanoscale medica
10.1093/cercor/bhr269	Network centrality in the human functional connectome.	Cerebral Cortex	The network architecture of functional connectivity within the human brain connectome is poorly understood at the voxel level. Here, using resting state functional magnetic resonance imaging data from 1003 healthy adults, we investigate a broad array of networ
10.1016/j.neubiorev.2026.106661	Opening the black box of neural variability: From noise to mechanisms.	Neuroscience and Biobehavioral Reviews	Neural models typically emphasize dominant trends in data while treating the remaining variability as random noise. In biological neural systems, however, variability plays more nuanced and multifaceted roles. Although variability arising from noise sources ca
10.1162/neco_a_00721	Accurate Connection Strength Estimation Based on Variational Bayes for Detecting Synaptic Plasticity	Neural Computation	Connection strength estimation is widely used in detecting the topology of neuronal networks and assessing their synaptic plasticity. A recently proposed model-based method using the leaky integrate-and-fire model neuron estimates membrane potential from spike
10.1167/iovs.64.15.35	Volumetric Reconstruction of a Human Retinal Pigment Epithelial Cell Reveals Specialized Membranes and Polarized Distribution of Organelles	Investigative Ophthalmology and Visual S	Purpose Despite the centrality of the retinal pigment epithelium (RPE) in vision and retinopathy our picture of RPE morphology is incomplete. With a volumetric reconstruction of human RPE ultrastructure, we aim to characterize major membranous features includi
10.3389/fnsyn.2015.00017	Computational reconstitution of spine calcium transients from individual proteins	Frontiers in Synaptic Neuroscience	We have built a stochastic model in the program MCell that simulates Ca2+ transients in spines from the principal molecular components believed to control Ca2+ entry and exit. Proteins, with their kinetic models, are located within two segments of dendrites co
10.1073/pnas.96.7.4107	Quantitative fine-structural analysis of olfactory cortical synapses.	Proceedings of the National Academy of S	To determine the extent to which hippocampal synapses are typical of those found in other cortical regions, we have carried out a quantitative analysis of olfactory cortical excitatory synapses, reconstructed from serial electron micrograph sections of mouse b
10.1016/j.neuron.2023.09.005	Evolutionary conservation of hippocampal mossy fiber synapse properties	Neuron	SUMMARY Various specialized structural/functional properties are considered essential for contextual memory encoding by hippocampal mossy fiber (MF) synapses. Though investigated to exquisite detail in model organisms, synapses, including MFs, have undergone m
10.1016/1350-9462(96)00011-0	Receptive fields of cat retinal ganglion cells with special reference to the Alpha cells	Progress in Retinal and Eye Research	
10.1101/2023.02.21.529414	Learning-induced reorganization of neuronal subnetworks in the primary sensory cortex	bioRxiv	Perceptual learning alters the representation of sensory input in primary sensory cortex. Alterations in neuronal tuning, correlation structure and population activity across many subcortical and cortical areas have been observed in previous studies. However, 
10.1038/nrn2699	Experience-dependent structural synaptic plasticity in the mammalian brain	Nature Reviews Neuroscience	Synaptic plasticity in adult neural circuits may involve the strengthening or weakening of existing synapses as well as structural plasticity, including synapse formation and elimination. Indeed, long-term in vivo imaging studies are beginning to reveal the st
10.1093/cercor/8.4.372	Gyri of the human neocortex: an MRI-based analysis of volume and variance.	Cerebral Cortex	This magnetic resonance imaging (MRI)-based morphometric analysis of cortical topography in the human brain is based upon the segmentation and parcellation of volumetric T1-weighted MRI data for a set of 20 young adult brains including 10 males and 10 females.
10.1101/2022.02.11.479024	A single-cell resolution gene expression atlas of the larval zebrafish brain	bioRxiv	The advent of multimodal brain atlases promises to accelerate discoveries in neuroscience by offering in silico queries of cell types, connectivity and gene expression in regions of interest. We employed multiplexed fluorescent in situ RNA hybridization chain 
10.1007/s12021-015-9286-1	Possum—A Framework for Three-Dimensional Reconstruction of Brain Images from Serial Sections	Neuroinformatics	Techniques based on imaging serial sections of brain tissue provide insight into brain structure and function. However, to compare or combine them with results from three dimensional imaging methods, reconstruction into a volumetric form is required. Currently
10.1177/10738584231185530	Plasticity of Dendritic Spines Underlies Fear Memory	The Neuroscientist	The brain has the powerful ability to transform experiences into anatomic maps and continuously integrate massive amounts of information to form new memories. The manner in which the brain performs these processes has been investigated extensively for decades.
10.1016/j.neuron.2013.03.008	Neuronal Morphology goes Digital: A Research Hub for Cellular and System Neuroscience	Neuron	Summary The importance of neuronal morphology in brain function has been recognized for over a century. The broad applicability of “digital reconstructions” of neuron morphology across neuroscience sub-disciplines has stimulated the rapid development of numero
10.1016/j.neuint.2010.02.013	Glia: the many ways to modulate synaptic plasticity.	Neurochemistry International	Synaptic plasticity consists in a change in synaptic strength that is believed to be the basis of learning and memory. Synaptic plasticity has been for a very long period of time a hallmark of neurons. Recent advances in physiology of glial cells indicate that
10.3389/fncel.2021.673433	Calcium Signals in Astrocyte Microdomains, a Decade of Great Advances	Frontiers in Cellular Neuroscience	The glial cells astrocytes have long been recognized as important neuron-supporting elements in brain development, homeostasis, and metabolism. After the discovery that the reciprocal communication between astrocytes and neurons is a fundamental mechanism in t
10.1016/0006-8993(72)90411-8	A somato-somatic synapse between amacrine and bipolar cells in the cat retina.	Brain Research	
10.1016/j.cub.2024.04.043	Ultrastructural differences impact cilia shape and external exposure across cell classes in the visual cortex	Current Biology	SUMMARY A primary cilium is a membrane-bound extension from the cell surface that contains receptors for perceiving and transmitting signals that modulate cell state and activity. Primary cilia in the brain are less accessible than cilia on cultured cells or e
10.1038/s41592-026-03179-7	Voltage imaging of neurons distributed across entire brains of larval zebrafish.	Nature Methods	Neurons interact in networks distributed throughout the brain. While much effort has focused on whole-brain calcium imaging, advances in genetically encoded voltage indicators raise the question of whether it might be possible to image neuronal voltage across 
10.1038/s41551-019-0455-7	A nanoelectrode array for obtaining intracellular recordings from thousands of connected neurons	Nature Biomedical Engineering	Current electrophysiological or optical techniques cannot reliably perform simultaneous intracellular recordings from more than a few tens of neurons. Here we report a nanoelectrode array that can simultaneously obtain intracellular recordings from thousands o
10.1089/zeb.2022.0049	Three-Dimensional Structure of Inner Ear Hair Cell Ribbon Synapses in a Zebrafish Model of Usher Syndrome Type 1B	Zebrafish	Our understanding of inner ear hair cell ultrastructure has heretofore relied upon two-dimensional imaging; however, serial block-face scanning electron microscopy (SBFSEM) changes this paradigm allowing for three-dimensional evaluation. We compared inner ear 
10.3389/conf.fninf.2013.09.00060	Mojo 2.0: Connectome Annotation Tool		Introduction A connectome is the wiring diagram of connections in a nervous system. Mapping this network of connections is necessary for discovering the underlying architecture of the brain and investigating the physical underpinning of cognition, intelligence
10.3389/fncel.2023.1241957	Regulation of axon pathfinding by astroglia across genetic model organisms	Frontiers in Cellular Neuroscience	Glia and neurons are intimately associated throughout bilaterian nervous systems, and were early proposed to interact for patterning circuit assembly. The investigations of circuit formation progressed from early hypotheses of intermediate guideposts and a “gl
10.1093/genetics/iyab072	Methods for analyzing neuronal structure and activity in Caenorhabditis elegans.	Genetics	The model research animal Caenorhabditis elegans has unique properties making it particularly advantageous for studies of the nervous system. The nervous system is composed of a stereotyped complement of neurons connected in a consistent manner. Here, we descr
10.1016/j.tins.2022.06.009	Foundations and implications of astrocyte heterogeneity during brain development and disease.	Trends in Neurosciences	Astrocytes play crucial roles in regulating brain circuit formation and physiology. Recent technological advances have revealed unprecedented levels of astrocyte diversity encompassing molecular, morphological, and functional differences. This diversification 
10.1016/j.conb.2020.08.006	Imaging dendritic spines: molecular organization and signaling for plasticity.	Current Opinion in Neurobiology	The structural plasticity of dendritic spines is considered to be essential for various forms of synaptic plasticity and, ultimately, learning and memory. The process is mediated by signaling pathways that promote the reorganization of the actin cytoskeleton a
10.1371/journal.pbio.3002246	An interactive deep learning-based approach reveals mitochondrial cristae topologies	PLoS Biology	The convolution of membranes called cristae is a critical structural and functional feature of mitochondria. Crista structure is highly diverse between different cell types, reflecting their role in metabolic adaptation. However, their precise three-dimensiona
10.1155/2014/902395	Stochastic Resonance in Neuronal Network Motifs with Ornstein-Uhlenbeck Colored Noise		We consider here the effect of the Ornstein-Uhlenbeck colored noise on the stochastic resonance of the feed-forward-loop (FFL) network motif. The FFL motif is modeled through the FitzHugh-Nagumo neuron model as well as the chemical coupling. Our results show t
10.1101/051300	Systematic exploration of unsupervised methods for mapping behavior	bioRxiv	To fully understand the mechanisms giving rise to behavior, we need to be able to precisely measure it. When coupled with large behavioral data sets, unsupervised clustering methods offer the potential of unbiased mapping of behavioral spaces. However, unsuper
10.17918/00000418	Standardizing RNA-seq data comparison and unambiguous cell type classification		RNA sequencing (RNA-seq) has been established as a high throughput sequencing method that provides gene expression profiling. However, with the vast amount of data generated through RNA-seq, it remains a challenge to extract meaningful interpretations of the d
10.1016/j.neuroscience.2015.12.016	Morphological and physiological analysis of type-5 and other bipolar cells in the Mouse Retina	Neuroscience	Graphical Abstract A neurobiotin injected, immunolabeled XBC bipolar cell and type 5 bipolar cell stratifying near the ON-ChAT (choline acetyltransferase) band in the mouse retina. The graph shows step-pulse evoked Na+ currents from voltage clamp recordings. R
10.1002/(sici)1096-9861(20000103)416:1<19::aid-cne3>3.0.co;2-h	Synaptic connections of DB3 diffuse bipolar cell axons in macaque retina	The Journal of comparative neurology	In primate retinas, the dendrites of DB3 diffuse bipolar cells are known to receive inputs from cones. The goal of this study was to describe the synaptic connections of DB3 bipolar cell axons in the inner plexiform layer. DB3 bipolar cells in midperipheral re
10.1038/nn1416	LAR receptor protein tyrosine phosphatases in the development and maintenance of excitatory synapses	Nature Neuroscience	Leukocyte common antigen-related (LAR) family receptor protein tyrosine phosphatases (LAR-RPTP) bind to liprin-alpha (SYD2) and are implicated in axon guidance. We report that LAR-RPTP is concentrated in mature synapses in cultured rat hippocampal neurons, and
10.1073/pnas.2024690118	Cell-type–specific, multicolor labeling of endogenous proteins with split fluorescent protein tags in Drosophila	Proceedings of the National Academy of S	Significance Split fluorescent protein (FP) systems have been used to endogenously tag proteins in human cells. However, there have been a limited number of studies to evaluate the potential of multicolor FP11 tags in organisms. Here, we implement the approach
10.1002/hipo.20600	Glutamate spillover augments GABA synthesis and release from axodendritic synapses in rat hippocampus	Hippocampus	Tight coupling between gamma‐aminobutyric acid (GABA) synthesis and vesicle filling suggests that the presynaptic supply of precursor glutamate could dynamically regulate inhibitory synapses. Although the neuronal glutamate transporter excitatory amino acid tr
10.1523/jneurosci.2785-09.2009	Selective Targeting of the Dendrites of Corticothalamic Cells by Thalamic Afferents in Area 17 of the Cat	Journal of Neuroscience	Pyramidal cells of layer 6 in cat visual cortex are the source of the corticothalamic projection, and their recurrent collaterals provide substantially more excitatory synapses in layer 4 than does the thalamic input. They have predominantly simple receptive f
10.1101/2023.12.23.572742	Nitric oxide modulates contrast suppression in a subset of mouse retinal ganglion cells	bioRxiv	Neuromodulators have major influences on the regulation of neural circuit activity across the nervous system. Nitric oxide (NO) has been shown to be a prominent neuromodulator in many circuits and has been extensively studied in the retina. Here, it has been a
10.1162/imag.a.1030	MRI-scale histology validates spatial sensitivity of in-vivo MRI-based axon radius estimation	Imaging neuroscience	Abstract The axon radius holds promise as a clinical MRI biomarker for neurological disorders. However, in-vivo MRI estimation appears infeasible on clinical scanners and lacks experimental validation. Crucially, existing histology is only sparsely sampled, en
10.1002/wsbm.1376	Trends in high‐throughput and functional neuroimaging in Caenorhabditis elegans	Wiley Interdisciplinary Reviews: Systems	The nervous system of Caenorhabditis elegans is an important model system for understanding the development and function of larger, more complex nervous systems. It is prized for its ease of handling, rapid life cycle, and stereotyped, well‐cataloged developme
10.1109/tmi.2021.3089547	CleftNet: Augmented Deep Learning for Synaptic Cleft Detection from Brain Electron Microscopy	IEEE Transactions on Medical Imaging	Detecting synaptic clefts is a crucial step to investigate the biological function of synapses. The volume electron microscopy (EM) allows the identification of synaptic clefts by photoing EM images with high resolution and fine details. Machine learning appro
10.1101/2020.06.03.127191	Relationship between input connectivity, morphology and orientation tuning of layer 2/3 pyramidal cells in mouse visual cortex	bioRxiv	Neocortical pyramidal cells (PCs) display functional specializations defined by their excitatory and inhibitory circuit connectivity. For layer 2/3 (L2/3) PCs, little is known about the detailed relationship between their neuronal response properties, dendriti
10.1103/physreve.91.042808	Eigenspectrum bounds for semirandom matrices with modular and spatial structure for neural networks.	Physical review. E, Statistical, nonline	The eigenvalue spectrum of the matrix of directed weights defining a neural network model is informative of several stability and dynamical properties of network activity. Existing results for eigenspectra of sparse asymmetric random matrices neglect spatial o
10.1016/0896-6273(92)90068-o	Direct measurement of quantal changes underlying long-term potentiation in CA1 hippocampus.	Neuron	The modification responsible for the long-term synaptic potentiation (LTP) that follows a brief conditioning period is not known. To elucidate this change, we have resolved quantal levels of transmission before and after induction of LTP. We find an increase b
10.1101/2020.11.18.386128	Enhanced olfactory memory performance in trap-design Y-mazes allows the study of novel memory phenotypes in Drosophila	bioRxiv	The neural basis of behaviour is identified by systematically disrupting the activity of specific neurons and screening for loss in phenotype. Robust, high-scoring behavioural assays are thus necessary for identifying the neural circuits of novel behaviours. H
10.1038/s41467-024-45042-3	DeepFocus: fast focus and astigmatism correction for electron microscopy	Nature Communications	High-throughput 2D and 3D scanning electron microscopy, which relies on automation and dependable control algorithms, requires high image quality with minimal human intervention. Classical focus and astigmatism correction algorithms attempt to explicitly model
10.1038/s41467-019-12372-6	Multiplexed and high-throughput neuronal fluorescence imaging with diffusible probes	Nature Communications	Synapses contain hundreds of distinct proteins whose heterogeneous expression levels are determinants of synaptic plasticity and signal transmission relevant to a range of diseases. Here, we use diffusible nucleic acid imaging probes to profile neuronal synaps
10.1038/s41592-022-01637-6	Mapping of the zebrafish brain takes shape	Nature Methods	
10.1038/s41586-024-07088-7	Synaptic wiring motifs in posterior parietal cortex support decision-making	bioRxiv	The posterior parietal cortex (PPC) exhibits choice-selective activity during perceptual decision-making tasks. However, it is not known how this selective activity arises from the underlying synaptic connectivity. Here, we combined virtual reality behavior, t
10.25080/ectn7568	An Active Learning Plugin In Napari To Fine-Tune Models For Large-scale Bioimage Analysis	SciPy	A plugin to perform active learning for fine-tuning deep learning models for bioimage analysis and understanding, all integrated within the napari viewer and Next-Generation-File-Formats ecosystem for large-scale image analysis.
10.1093/cercor/1.1.1	Distributed hierarchical processing in the primate cerebral cortex.	Cerebral Cortex	Patricia S. Goldman-Rakic, Pasko Rakic; Preface: Cerebral Cortex Has Come of Age, Cerebral Cortex, Volume 1, Issue 1, 1 January 1991, Pages 1, https://doi.
10.1038/s41592-024-02401-8	Collaborative augmented reconstruction of 3D neuron morphology in mouse and human brains	Nature Methods	Digital reconstruction of the intricate 3D morphology of individual neurons from microscopic images is a crucial challenge in both individual laboratories and large-scale projects focusing on cell types and brain anatomy. This task often fails in both conventi
10.1016/j.cub.2014.01.006	Neural circuit components of the Drosophila OFF motion vision pathway.	Current Biology	Background Detecting the direction of visual motion is an essential task of the early visual system. The Reichardt detector has been proven to be a faithful description of the underlying computation in insects. A series of recent studies addressed the neural i
10.1016/j.isci.2024.108825	Spatial patterns of noise-induced inner hair cell ribbon loss in the mouse mid-cochlea	iScience	Summary In the mammalian cochlea, moderate acoustic overexposure leads to loss of ribbon-type synapse between the inner hair cell (IHC) and its postsynaptic spiral ganglion neuron (SGN), causing a reduced dynamic range of hearing but not a permanent threshold 
10.7551/mitpress/1128.003.0015	Synaptic Plasticity: From Molecules to Behavior	Advances in Synaptic Plasticity	
10.1101/2024.10.29.620860	Ephrin-mediated dendrite-dendrite repulsion regulates compartment-specific targeting of dendrites in the central nervous system		Abstract Neurons often forms synaptic contacts at specific subcellular domains to differentially regulate the activity of target neurons. However, how dendrites are targeted to specific subcellular domains of axons is rarely studied. Here we use Drosophila mus
10.1016/j.physa.2024.129523	Mixed synaptic modulation and inhibitory plasticity perform complementary roles in metastable transitions	Physica A: Statistical Mechanics and its	
10.1038/s41593-026-02268-2	Synchronous climbing fiber activity enables instructive signaling for cerebellar learning through modulation of disinhibitory circuits	Nature Neuroscience	Motor learning relies on signals that instruct adaptive plasticity following errors. In the cerebellum, climbing fibers (CFs) provide these instructions to Purkinje cells (PCs). Yet CFs fire continuously, even without errors, requiring molecular layer interneu
10.1101/2025.07.15.664975	The dorsal/ventral subdivision of the hindbrain predates the tunicate/vertebrate split	bioRxiv	While the CNSs of the chordate sister clades Tunicata and Vertebrata have unmistakable homology, the extent of their conservation is still being uncovered. We report that the hindbrain of the tunicate Ciona, like those of vertebrates, has functionally-distinct
10.1002/cne.24345	DNER and NFIA are Expressed by Developing and Mature AII Amacrine Cells in the Mouse Retina	The Journal of comparative neurology	The present study has taken advantage of publicly available cell type specific mRNA expression databases in order to identify potential genes participating in the development of retinal AII amacrine cells. We profile two such genes, Delta/Notch‐like EGF repeat
10.3389/fncel.2021.617989	Spontaneous Ca2+ Fluctuations Arise in Thin Astrocytic Processes With Real 3D Geometry	Frontiers in Cellular Neuroscience	Fluctuations of cytosolic Ca2+ concentration in astrocytes are regarded as a critical non-neuronal signal to regulate neuronal functions. Although such fluctuations can be evoked by neuronal activity, rhythmic astrocytic Ca2+ oscillations may also spontaneousl
10.1016/s0166-2236(96)10024-2	Transmitter timecourse in the synaptic cleft: its role in central synaptic function.	Trends in Neurosciences	The speed of clearance of transmitter from the cleft influences many aspects of synaptic function, including the timecourse of the postsynaptic response and the peak postsynaptic receptor occupancy. The timecourse of transmitter clearance can be estimated eith
10.3389/fnmol.2018.00143	The Role of Actin Cytoskeleton in Dendritic Spines in the Maintenance of Long-Term Memory	Frontiers in Molecular Neuroscience	Evidence indicates that long-term memory formation involves alterations in synaptic efficacy produced by modifications in neural transmission and morphology. However, it is not clear how such alterations induced by learning, that encode memory, are maintained 
10.1101/2024.03.17.585258	Whole-body connectome of a segmented annelid larva	bioRxiv	Nervous systems coordinate effectors across the body during movements. We know little about the cellular-level structure of synaptic circuits for such body-wide control. Here we describe the whole-body synaptic connectome of a segmented larva of the marine ann
10.1371/journal.pone.0105324	Large-Scale, High-Resolution Multielectrode-Array Recording Depicts Functional Network Differences of Cortical and Hippocampal Cultures	PLoS ONE	Understanding the detailed circuitry of functioning neuronal networks is one of the major goals of neuroscience. Recent improvements in neuronal recording techniques have made it possible to record the spiking activity from hundreds of neurons simultaneously w
10.1038/nn.4292	Neocortex: a lean mean memory storage machine	Nature Neuroscience	
10.1016/j.csbj.2020.06.039	Rich-club in the brain’s macrostructure: Insights from graph theoretical analysis	Computational and Structural Biotechnolo	The brain is a complex network. Growing evidence supports the critical roles of a set of brain regions within the brain network, known as the brain’s cores or hubs. These regions require high energy cost but possess highly efficient neural information transfer
10.3389/fncir.2016.00032	Feed-Forward Propagation of Temporal and Rate Information between Cortical Populations during Coherent Activation in Engineered In Vitro Networks	Front. Neural Circuits	Transient propagation of information across neuronal assembles is thought to underlie many cognitive processes. However, the nature of the neural code that is embedded within these transmissions remains uncertain. Much of our understanding of how information i
10.1016/j.neuron.2020.07.019	Brainwide Genetic Sparse Cell Labeling to Illuminate the Morphology of Neurons and Glia with Cre-Dependent MORF Mice	Neuron	SUMMARY Cajal recognized that the elaborate shape of neurons is fundamental to their function in the brain. However, there are no simple and generalizable genetic methods to study neuronal or glial cell morphology in the mammalian brain. Here, we describe four
10.1103/jmqh-bqnc	Brain functions emerge as thermal equilibrium states of the connectome		A fundamental idea in neuroscience is that cognitive functions -- such as perception, learning, memory, and locomotion -- are shaped and constrained by the brain's structural organization. Despite significant progress in mapping and analyzing structural connec
10.1038/s41592-024-02554-6	Moculus: an immersive virtual reality system for mice incorporating stereo vision	Nature Methods	Due to technical roadblocks, it is unclear how visual circuits represent multiple features or how behaviorally relevant representations are selected for long-term memory. Here we developed Moculus, a head-mounted virtual reality platform for mice that covers t
10.1016/j.cub.2012.06.007	Dissection of cortical microcircuits by single-neuron stimulation in vivo	Current Biology	Summary Background A fundamental process underlying all brain functions is the propagation of spiking activity in networks of excitatory and inhibitory neurons. In the neocortex, although functional connections between pairs of neurons have been studied extens
10.1016/j.neures.2020.05.004	Long-range connections enrich cortical computations.	Neurosciences research	The cerebral cortex can perform powerful computations, including those involved in higher cognitive functions. Cortical processing for such computations is executed by local circuits and is further enriched by long-range connectivity. This connectivity is acti
10.1523/jneurosci.2442-07.2007	Plasticity of Neuron-Glial Interactions Mediated by Astrocytic EphARs	Journal of Neuroscience	Ephrin (Eph) signaling via Eph receptors affects neuronal structure and function. We report here that exogenous ephrinAs (EphAs) induce outgrowth of filopodial processes from astrocytes within minutes in rat hippocampal slice cultures. Identical effects were i
10.1016/j.neucom.2013.10.019	A 3D undulatory locomotion model inspired by C. elegans through DNN approach	Neurocomputing	
10.1073/pnas.0608755103	The spine neck filters membrane potentials	Proceedings of the National Academy of S	Dendritic spines receive most synaptic inputs in the forebrain. Their morphology, with a spine head isolated from the dendrite by a slender neck, indicates a potential role in isolating inputs. Indeed, biochemical compartmentalization occurs at spine heads bec
10.1038/s41467-019-12791-5	Cortical astrocytes develop in a plastic manner at both clonal and cellular levels	Nature Communications	Astrocytes play essential roles in the neural tissue where they form a continuous network, while displaying important local heterogeneity. Here, we performed multiclonal lineage tracing using combinatorial genetic markers together with a new large volume color
10.1162/netn_a_00022	Optimized connectome architecture for sensory-motor integration	Network Neuroscience	The intricate connectivity patterns of neural circuits support a wide repertoire of communication processes and functional interactions. Here we systematically investigate how neural signaling is constrained by anatomical connectivity in the mesoscale Drosophi
10.1111/cns.13571	Ultrastructural studies of the neurovascular unit reveal enhanced endothelial transcytosis in hyperglycemia‐enhanced hemorrhagic transformation after 	CNS Neuroscience & Therapeutics	Pre‐existing hyperglycemia (HG) aggravates the breakdown of blood–brain barrier (BBB) and increases the risk of hemorrhagic transformation (HT) after acute ischemic stroke in both animal models and patients. To date, HG‐induced ultrastructural changes of brain
10.1113/jphysiol.2007.149575	Glutamatergic transmission and plasticity between olfactory bulb mitral cells	Journal of Physiology	In the olfactory bulb the sets of mitral cells that project their apical dendrite to the same glomerulus represent unique functional networks. While it is known that mitral cells release vesicular glutamate from their apical tuft it is believed that the result
10.1523/jneurosci.1946-07.2007	Structural Determinants of Transmission at Large Hippocampal Mossy Fiber Synapses	Journal of Neuroscience	Synapses are the key elements for signal processing and plasticity in the brain. To determine the structural factors underlying the unique functional properties of the hippocampal mossy fiber synapse, the complete quantitative geometry was investigated, using 
10.1038/s41598-025-19946-z	Innate spectral preferences and aversive visual learning reveal wavelength-dependent preferences and discrimination in Drosophila melanogaster	Scientific Reports	Chromatic information is detected by distinctly tuned photoreceptors and used in both innate and learned behaviors. Although the molecular identities and spectral sensitivities of these photoreceptors have been extensively characterized, how they combine to fu
10.1016/j.neuroimage.2016.11.006	Multi-scale brain networks	NeuroImage	&NA; The network architecture of the human brain has become a feature of increasing interest to the neuroscientific community, largely because of its potential to illuminate human cognition, its variation over development and aging, and its alteration in disea
10.1523/jneurosci.5243-11.2012	Mechanisms Underlying Signal Filtering at a Multisynapse Contact	Journal of Neuroscience	Visual information must be relayed through the lateral geniculate nucleus before it reaches the visual cortex. However, not all spikes created in the retina lead to postsynaptic spikes and properties of the retinogeniculate synapse contribute to this filtering
10.1038/s41598-022-05256-1	Neuropeptidergic regulation of compulsive ethanol seeking in C. elegans	Scientific Reports	Despite the catastrophic consequences of alcohol abuse, alcohol use disorders (AUD) and comorbidities continue to strain the healthcare system, largely due to the effects of alcohol-seeking behavior. An improved understanding of the molecular basis of alcohol 
10.1016/j.cmpb.2022.106759	Deep residual contextual and subpixel convolution network for automated neuronal structure segmentation in micro-connectomics	Comput. Methods Programs Biomed.	BACKGROUND AND OBJECTIVE The goal of micro-connectomics research is to reconstruct the connectome and elucidate the mechanisms and functions of the nervous system via electron microscopy (EM). Due to the enormous variety of neuronal structures, neuron segmenta
10.1101/2023.06.16.545305	Specification and survival of post-metamorphic branchiomeric neurons in the hindbrain of a non-vertebrate chordate	bioRxiv	Tunicates are the sister group to the vertebrates, yet most species have a life cycle split between swimming larva and sedentary adult phases. During metamorphosis, larval neurons are largely replaced by adult-specific ones. Yet the regulatory mechanisms under
10.1016/j.conb.2016.01.012	Quantifying collectivity.	Current Opinion in Neurobiology	In biological function emerges from the interactions of components with only partially aligned interests. An example is the brain-a large aggregation of neurons capable of producing unitary, coherent output. A theory for how such aggregations produce coherent 
10.1038/s41593-023-01537-8	Microglia enhance post-anesthesia neuronal activity by shielding inhibitory synapses	Nature Neuroscience	Microglia are resident immune cells of the central nervous system and play key roles in brain homeostasis. During anesthesia, microglia increase their dynamic process surveillance and interact more closely with neurons. However, the functional significance of 
10.7554/elife.87589	Deletion of neuroligins from astrocytes does not detectably alter synapse numbers or astrocyte cytoarchitecture by maturity	eLife	Astrocytes perform multifarious roles in the formation, regulation, and function of synapses in the brain, but the mechanisms involved are incompletely understood. Interestingly, astrocytes abundantly express neuroligins, postsynaptic adhesion molecules that f
10.1117/12.2274120	Imaging cellular and subcellular structure of human brain tissue using micro computed tomography	Optical Engineering + Applications	Brain tissues have been an attractive subject for investigations in neuropathology, neuroscience, and neurobiol- ogy. Nevertheless, existing imaging methodologies have intrinsic limitations in three-dimensional (3D) label-free visualisation of extended tissue 
10.1101/2024.05.27.596121	Periodic ER-plasma membrane junctions support long-range Ca2+ signal integration in dendrites	bioRxiv	Neuronal dendrites must relay synaptic inputs over long distances, but the mechanisms by which activity-evoked intracellular signals propagate over macroscopic distances remain unclear. Here, we discovered a system of periodically arranged endoplasmic reticulu
10.1016/j.compbiomed.2017.10.027	Image processing for precise three-dimensional registration and stitching of thick high-resolution laser-scanning microscopy image stacks	Comput. Biol. Medicine	The possible depth of imaging of laser-scanning microscopy is limited not only by the working distances of objective lenses but also by image degradation caused by attenuation and diffraction of light passing through the specimen. To tackle this problem, one c
10.1038/s41598-018-25099-z	Iron-specific Signal Separation from within Heavy Metal Stained Biological Samples Using X-Ray Microtomography with Polychromatic Source and Energy-In	Scientific Reports	Biological samples are frequently stained with heavy metals in preparation for examining the macro, micro and ultra-structure using X-ray microtomography and electron microscopy. A single X-ray microtomography scan reveals detailed 3D structure based on staini
10.1016/j.crmeth.2024.100907	Accelerated protein retention expansion microscopy using microwave radiation	Cell Reports Methods	Summary Protein retention expansion microscopy (ExM) retains fluorescent signals in fixed tissue and isotropically expands the tissue to allow nanoscale (<70 nm) resolution on diffraction-limited confocal microscopes. Despite the numerous advantages of ExM, th
10.1073/pnas.2605503123	N-(3-methylbutyl)acetamide mediates male-male courtship in Bactrocera dorsalis through behavioral threshold modulation.	Proceedings of the National Academy of S	Male-male courtship, observed across diverse taxa, is often regarded as an evolutionary paradox. Here, we address this paradox by demonstrating that such behavior in the globally invasive pest Bactrocera dorsalis arises as a byproduct of a context-dependent sh
10.1007/978-3-030-58539-6_13	The Semantic Mutex Watershed for Efficient Bottom-Up Semantic Instance Segmentation	European Conference on Computer Vision	Semantic instance segmentation is the task of simultaneously partitioning an image into distinct segments while associating each pixel with a class label. In commonly used pipelines, segmentation and label assignment are solved separately since joint optimizat
10.1016/bs.mcb.2020.09.001	Super-resolution correlative light-electron microscopy using a click-chemistry approach for studying intracellular trafficking.	Methods in Cell Biology	Correlative light and electron microscopy (CLEM) entails a group of multimodal imaging techniques that are combined to pinpoint to the location of fluorescently labeled molecules in the context of their ultrastructural cellular environment. Here we describe a 
10.1371/journal.pcbi.1004887	A Model for an Angular Velocity-Tuned Motion Detector Accounting for Deviations in the Corridor-Centering Response of the Bee	PLoS Comput. Biol.	We present a novel neurally based model for estimating angular velocity (AV) in the bee brain, capable of quantitatively reproducing experimental observations of visual odometry and corridor-centering in free-flying honeybees, including previously unaccounted 
10.1038/s41565-019-0478-y	Scalable ultrasmall three-dimensional nanowire transistor probes for intracellular recording	Nature Nanotechnology	New tools for intracellular electrophysiology that push the limits of spatiotemporal resolution while reducing invasiveness could provide a deeper understanding of electrogenic cells and their networks in tissues, and push progress towards human–machine interf
10.1371/journal.pcbi.1001044	Neural Development Features: Spatio-Temporal Development of the Caenorhabditis elegans Neuronal Network	PLoS Computational Biology	The nematode Caenorhabditis elegans, with information on neural connectivity, three-dimensional position and cell linage, provides a unique system for understanding the development of neural networks. Although C. elegans has been widely studied in the past, we
10.1117/12.2582338	DC-UNet: rethinking the U-Net architecture with dual channel efficient CNN for medical image segmentation	Medical Imaging	Recently, deep learning has become much more popular in computer vision applications. The Convolutional Neural Network (CNN) has brought a breakthrough in image segmentation, especially for medical images. In this regard, the UNet is the predominant approach t
10.1038/s41593-019-0480-6	The next generation of approaches to investigate the link between synaptic plasticity and learning	Nature Neuroscience	Activity-dependent synaptic plasticity has since long been proposed to represent the subcellular substrate of learning and memory, one of the most important behavioral processes through which we adapt to our environment. Despite the undisputed importance of sy
10.1016/j.neuron.2016.10.035	High-Performance Computing in Neuroscience for Data-Driven Discovery, Integration, and Dissemination.	Neuron	Opportunities offered by new neuro-technologies are threatened by lack of coherent plans to analyze, manage, and understand the data. High-performance computing will allow exploratory analysis of massive datasets stored in standardized formats, hosted in open 
10.1038/s41467-022-33249-1	Transformation of primary sensory cortical representations from layer 4 to layer 2	bioRxiv	Sensory input arrives from thalamus in cortical layer (L) 4, from which it flows predominantly to superficial layers, so that L4 to L2 constitutes one of the earliest cortical feedforward networks. Despite extensive study, the transformation performed by this 
10.64898/2026.03.19.712811	Morphotype-Resolved 3D Morphometry Reveals a Structure–Density–Location Coupling in Mitochondrial Networks	bioRxiv	Mitochondrial architecture plays a critical role in cellular function, yet how organelle structure, metabolic density, and subcellular position are jointly remodeled across whole cells remains poorly understood. We applied quantitative 3D soft X-ray tomography
10.1162/neco_a_01638	Vector Symbolic Finite State Machines in Attractor Neural Networks	Neural Computation	Abstract Hopfield attractor networks are robust distributed models of human memory, but they lack a general mechanism for effecting state-dependent attractor transitions in response to input. We propose construction rules such that an attractor network may imp
10.1371/journal.pcbi.1011097	Targeting operational regimes of interest in recurrent neural networks	PLoS Comput. Biol.	Neural computations emerge from local recurrent neural circuits or computational units such as cortical columns that comprise hundreds to a few thousand neurons. Continuous progress in connectomics, electrophysiology, and calcium imaging require tractable spik
10.33140/nabcc.04.01.01	Visual Cortical Neurons Depolarize after Hippocampal Ripples	New Advances in Brain &amp; Critical Car	Objective: When memory is consolidated, the hippocampus emits brief high-frequency oscillations called ripples, which often occur simultaneously with slow waves in the neocortex. Long-term visual memory consolidation requires neuronal coordination between the 
10.1111/joa.70223	Regional specialization of upper‐layer inhibitory interneuron organization in the human prefrontal cortex	Journal of Anatomy	Abstract GABAergic interneurons play a central role in shaping cortical microcircuit function, yet the anatomical organization of major interneuron populations across different subdivisions of the human prefrontal cortex remains poorly characterized. The prese
10.1016/j.tins.2014.07.009	Neuronal remodeling in retinal circuit assembly, disassembly and reassembly	Trends in Neurosciences	Developing neuronal circuits often undergo a period of refinement to eliminate aberrant synaptic connections. Inappropriate connections can also form amongst surviving neurons during neuronal degeneration. The laminar organization of the vertebrate retina enab
10.1101/424713	A Sparse Unreliable Distributed Code Underlies the Limits of Behavioral Discrimination		The cortical code that underlies perception must enable subjects to perceive the world at timescales relevant for behavior. We find that mice can integrate visual stimuli very quickly (<100 ms) to reach plateau performance in an orientation discrimination task
10.1101/2020.03.19.979393	A semi-automated approach to dense segmentation of 3D white matter electron microscopy	bioRxiv	Purpose Neuroscience methods working on widely different scales can complement and inform each other. At the macroscopic scale, magnetic resonance imaging methods that estimate microstructural measures have much to gain from ground truth validation and models 
10.1038/nmeth.1808	Principles for applying optogenetic tools derived from direct comparative analysis of microbial opsins	Nature Methods	Diverse optogenetic tools have allowed versatile control over neural activity. Many depolarizing and hyperpolarizing tools have now been developed in multiple laboratories and tested across different preparations, presenting opportunities but also making it di
10.1101/724328	Modular integration of neural connectomics, dynamics and biomechanics for identification of behavioral sensorimotor pathways in Caenorhabditis elegans	bioRxiv	Computational approaches which emulate in-vivo nervous system are needed to investigate mechanisms of the brain to orchestrate behavior. Such approaches must integrate a series of biophysical models encompassing the nervous system, muscles, biomechanics to all
10.3389/fncom.2017.00097	Feasibility of 3D Reconstruction of Neural Morphology Using Expansion Microscopy and Barcode-Guided Agglomeration	Frontiers in Computational Neuroscience	We here introduce and study the properties, via computer simulation, of a candidate automated approach to algorithmic reconstruction of dense neural morphology, based on simulated data of the kind that would be obtained via two emerging molecular technologies—
10.1088/1742-5468/2013/03/p03014	Statistical mechanics of complex neural systems and high dimensional data		Recent experimental advances in neuroscience have opened new vistas into the immense complexity of neuronal networks. This proliferation of data challenges us on two parallel fronts. First, how can we form adequate theoretical frameworks for understanding how 
10.1103/physreve.88.062716	Potentiation decay of synapses and length distributions of synfire chains self-organized in recurrent neural networks.	Physical review. E, Statistical, nonline	Synfire chains are thought to underlie precisely timed sequences of spikes observed in various brain regions and across species. How they are formed is not understood. Here we analyze self-organization of synfire chains through the spike-timing dependent plast
10.1101/cshperspect.a041510	The Unusual Effectiveness of Evolution in Systems Neuroscience.	Cold Spring Harbor Perspectives in Biolo	This perspective advocates for "evolutionary systems neuroscience" as a framework combining evolutionary biology with neural circuit analysis. Evolution creates natural circuit modifications that preserve essential functions while enabling new behaviors. Moder
10.1016/j.celrep.2020.02.083	Ultrastructural Correlates of Presynaptic Functional Heterogeneity in Hippocampal Synapses	Cell Reports	Summary Although similar in molecular composition, synapses can exhibit strikingly distinct functional transmitter release and plasticity characteristics. To determine whether ultrastructural differences co-define this functional heterogeneity, we combine hipp
10.1016/j.neuron.2011.12.002	A CRE-DEPENDENT, ANTEROGRADE TRANS-SYNAPTIC VIRAL TRACER FOR MAPPING OUTPUT PATHWAYS OF GENETICALLY MARKED NEURONS	Neuron	SUMMARY Neurotropic viruses that conditionally infect or replicate in molecularly defined neuronal subpopulations, and then spread trans-synaptically, are powerful tools for mapping neural pathways. Genetically targetable retrograde trans-synaptic tracer virus
10.1101/2021.06.09.447732	Desmosomal connectomics of all somatic muscles in an annelid larva	bioRxiv	Cells form networks in animal tissues through synaptic, chemical and adhesive links. Invertebrate muscle cells often connect to other cells through desmosomes, adhesive junctions anchored by intermediate filaments. To study desmosomal networks, we skeletonised
10.48550/arxiv.2606.21605	μMatch: Foundation Models for Semi-supervised Learning and Domain Adaptation in EM	arXiv.org	Vision foundation models have substantially advanced computer vision, enabling state-of-the-art performance in zero- and few-shot settings. They have been successfully applied to biomedical imaging tasks ranging from organ segmentation in computed tomography t
10.1101/2024.09.13.612635	An interpretable deep learning framework for classifying neuronal morphologies using topology and graph neural networks	bioRxiv	Neuronal shape determines how neurons process and integrate information, yet a consistent and objective classification of neuronal morphologies remains elusive. Current approaches rely heavily on subjective expert views or on predefined features, limiting repr
10.3389/fncom.2011.00004	Extraction of Network Topology From Multi-Electrode Recordings: Is there a Small-World Effect?	Frontiers in Computational Neuroscience	The simultaneous recording of the activity of many neurons poses challenges for multivariate data analysis. Here, we propose a general scheme of reconstruction of the functional network from spike train recordings. Effective, causal interactions are estimated 
10.1146/annurev-neuro-072116-031240	Neuromodulation and Strategic Action Choice in Drosophila Aggression.	Annual Review of Neuroscience	In this review, I discuss current knowledge and outstanding questions on the neuromodulators that influence aggressive behavior of the fruit fly Drosophila melanogaster. I first present evidence that Drosophila exchange information during an agonistic interact
10.1101/pdb.top108156	Development of the Drosophila Optic Lobe.	Cold Spring Harbor Protocols	The Drosophila visual system has been a great model to study fundamental questions in neurobiology, such as neural fate specification, axon guidance, circuit formation, and information processing. The Drosophila visual system is composed of the compound eye an
10.1016/j.cell.2016.02.027	Communication in Neural Circuits: Tools, Opportunities, and Challenges	Cell	Communication, the effective delivery of information, is fundamental to life across all scales and species. Nervous systems (by necessity) may be most specifically adapted among biological tissues for high rate and complexity of information transmitted, and th
10.1109/tmi.2024.3400276	WASPSYN: A Challenge for Domain Adaptive Synapse Detection in Microwasp Brain Connectomes	IEEE Transactions on Medical Imaging	The size of image volumes in connectomics studies now reaches terabyte and often petabyte scales with a great diversity of appearance due to different sample preparation procedures. However, manual annotation of neuronal structures (e.g., synapses) in these hu
10.1038/s41586-025-09135-3	Bogong moths use a stellar compass for long-distance navigation at night	Nature	Each spring, billions of Bogong moths escape hot conditions across southeast Australia by migrating up to 1,000 km to a place that they have never previously visited—a limited number of cool caves in the Australian Alps, historically used for aestivating over 
10.1523/jneurosci.0603-08.2008	Principles of Long-Term Dynamics of Dendritic Spines	Journal of Neuroscience	Long-term potentiation of synapse strength requires enlargement of dendritic spines on cerebral pyramidal neurons. Long-term depression is linked to spine shrinkage. Indeed, spines are dynamic structures: they form, change their shapes and volumes, or can disa
10.1242/dev.148312	Can injured adult CNS axons regenerate by recapitulating development?	Development	In the adult mammalian central nervous system (CNS), neurons typically fail to regenerate their axons after injury. During development, by contrast, neurons extend axons effectively. A variety of intracellular mechanisms mediate this difference, including chan
10.1093/cercor/bhi100	Morphology, electrophysiology and functional input connectivity of pyramidal neurons characterizes a genuine layer va in the primary somatosensory cor	Cerebral Cortex	Cortical layer V classically has been subdivided into sublayers Va and Vb on cytoarchitectonic grounds. In the analysis of cortical microcircuits, however, layer Va has largely been ignored. The purpose of this study was to investigate pyramidal neurons of lay
10.1007/s10519-024-10193-y	Exploring the Asymmetric Body’s Influence on Interval Timing Behaviors of Drosophila melanogaster	Behavior Genetics	The roles of brain asymmetry in Drosophila are diverse, encompassing the regulation of behavior, the creation of memory, neurodevelopment, and evolution. A comprehensive examination of the Drosophila brain has the potential to enhance our understanding of the 
10.1101/2022.05.10.491406	BigNeuron: A resource to benchmark and predict best-performing algorithms for automated reconstruction of neuronal morphology	bioRxiv	BigNeuron is an open community bench-testing platform combining the expertise of neuroscientists and computer scientists toward the goal of setting open standards for accurate and fast automatic neuron reconstruction. The project gathered a diverse set of imag
10.1016/j.neuron.2012.08.019	Synaptic energy use and supply.	Neuron	Neuronal computation is energetically expensive. Consequently, the brain's limited energy supply imposes constraints on its information processing capability. Most brain energy is used on synaptic transmission, making it important to understand how energy is p
10.1016/j.media.2016.05.010	Metric hashing forests	Medical Image Anal.	In this paper, we propose metric Hashing Forests (mHF) which is a supervised variant of random forests tailored for the task of nearest neighbor retrieval through hashing. This is achieved by training independent hashing trees that parse and encode the feature
10.3389/fnsyn.2019.00037	Presynaptic Boutons That Contain Mitochondria Are More Stable	bioRxiv	Addition and removal of presynaptic terminals reconfigures neuronal circuits of the mammalian neocortex, but little is known about how this presynaptic structural plasticity is controlled. Since mitochondria can regulate presynaptic function, we investigated w
10.1126/sciadv.adz4585	Lrrn-mediated retinal ganglion cell targeting drives visual circuit assembly for brightness and contrast detection	Science Advances	Brightness and contrast are fundamental features of vision, crucial for object detection, environmental navigation, and feeding. Here, we identify a brightness- and contrast-processing circuit in the zebrafish visual system and uncover the role of leucine-rich
10.1101/2024.03.08.584060	GABAergic amacrine cells balance biased chromatic information in the mouse retina	bioRxiv	The retina extracts chromatic information present in an animal’s environment. In the mouse, the feed-forward, excitatory pathway through the retina is dominated by a chromatic gradient, with green and UV signals primarily processed in the dorsal and ventral re
10.1134/s0361768822030057	Multiclass U-Net Segmentation of Brain Electron Microscopy Data Using Original and Semi-Synthetic Training Datasets	Programming and computer software	A manual labeling of 20 layers of the known open dataset EPFL for six classes is prepared. These classes are: (1) mitochondria, including their boundaries; (2) boundaries of mitochondria; (3) cell membranes; (4) postsynaptic densities (PSD); (5) axon sheaths; 
10.1101/2023.04.03.534791	Identifying determinants of synaptic specificity by integrating connectomes and transcriptomes	bioRxiv	How do developing neurons select their synaptic partners? To identify molecules matching synaptic partners, we integrated the synapse-level connectome of neural circuits with the developmental expression patterns and binding specificities of cell adhesion mole
10.1007/s00418-022-02148-3	Weighted average ensemble-based semantic segmentation in biological electron microscopy images	Histochemistry and Cell Biology	Semantic segmentation of electron microscopy images using deep learning methods is a valuable tool for the detailed analysis of organelles and cell structures. However, these methods require a large amount of labeled ground truth data that is often unavailable
10.1101/2023.11.30.569472	Developmental remodeling repurposes larval neurons for sexual behaviors in adult Drosophila	bioRxiv	Most larval neurons in Drosophila are repurposed during metamorphosis for functions in adult life, but their contribution to the neural circuits for sexually dimorphic behaviors is unknown. Here, we identify two interneurons in the nerve cord of adult Drosophi
10.1016/j.neures.2015.02.007	Merging advanced technologies with classical methods to uncover dendritic spine dynamics: A hot spot of synaptic plasticity.	Neurosciences research	The structure of dendritic spines determines synaptic efficacy, a plastic process that mediates information processing in the vertebrate nervous system. Aberrant spine morphology, including alterations in shape, size, and number, are common in different brain 
10.7554/elife.50597	Distinct roles for innexin gap junctions and hemichannels in mechanosensation	bioRxiv	Mechanosensation is central to a wide range of functions, including tactile and pain perception, hearing, proprioception, and control of blood pressure, but identifying the molecules underlying mechanotransduction has proved challenging. In Caenorhabditis eleg
10.3390/e12010089	Maximum Entropy Approaches to Living Neural Networks	Entropy	Understanding how ensembles of neurons collectively interact will be a key step in developing a mechanistic theory of cognitive processes. Recent progress in multineuron recording and analysis techniques has generated tremendous excitement over the physiology 
10.1016/j.jneumeth.2012.08.021	MRI-guided volume reconstruction of mouse brain from histological sections.	Journal of Neuroscience Methods	A method is presented for three-dimensional reconstruction of the mouse brain from histological sections with the guidance of magnetic resonance images (MRI). A major focus of the method is dealing with sections in which anatomical structures have been separat
10.1007/978-3-319-95921-4_23	Automated Segmentation of HeLa Nuclear Envelope from Electron Microscopy Images	Communications in Computer and Informati	
10.1016/j.mri.2018.11.014	Challenges in Diffusion MRI Tractography - Lessons Learned from International Benchmark Competitions	Magnetic Resonance Imaging	Diffusion MRI (dMRI) fiber tractography has become a pillar of the neuroimaging community due to its ability to noninvasively map the structural connectivity of the brain. Despite widespread use in clinical and research domains, these methods suffer from sever
10.1007/s12021-013-9207-0	Connecting connectomes	Neuroinformatics	New techniques and paradigms in neuroscience have drastically increased the amount and diversity of experimental measurements and simulation results to be handled and processed. This development requires new approaches for data storage, sharing, analysis, co-r
10.3390/ijms24054407	Navigating Like a Fly: Drosophila melanogaster as a Model to Explore the Contribution of Serotonergic Neurotransmission to Spatial Navigation	International Journal of Molecular Scien	Serotonin is a monoamine that acts in vertebrates and invertebrates as a modulator promoting changes in the structure and activity of brain areas relevant to animal behavior, ranging from sensory perception to learning and memory. Whether serotonin contributes
10.1038/s41586-022-04909-5	The neuronal logic of how internal states control food choice	Nature	When deciding what to eat, animals evaluate sensory information about food quality alongside multiple ongoing internal states1–10. How internal states interact to alter sensorimotor processing and shape decisions such as food choice remains poorly understood. 
10.1016/j.neuron.2004.08.011	Neuronal synchrony mediated by astrocytic glutamate through activation of extrasynaptic NMDA receptors.	Neuron	Fast excitatory neurotransmission is mediated by activation of synaptic ionotropic glutamate receptors. In hippocampal slices, we report that stimulation of Schaffer collaterals evokes in CA1 neurons delayed inward currents with slow kinetics, in addition to f
10.3389/fncom.2013.00016	Versatile networks of simulated spiking neurons displaying winner-take-all behavior	Frontiers in Computational Neuroscience	We describe simulations of large-scale networks of excitatory and inhibitory spiking neurons that can generate dynamically stable winner-take-all (WTA) behavior. The network connectivity is a variant of center-surround architecture that we call center-annular-
10.1038/s41467-025-60648-x	Closed-loop two-photon functional imaging in a freely moving animal	Nature Communications	Direct measurement of neural activity in freely moving animals is essential for understanding how the brain controls and represents behaviors. Genetically encoded calcium indicators report neural activity as changes in fluorescence intensity, but brain motion 
10.1038/s41592-024-02497-y	NeuroMechFly v2: simulating embodied sensorimotor control in adult Drosophila	Nature Methods	Discovering principles underlying the control of animal behavior requires a tight dialogue between experiments and neuromechanical models. Such models have primarily been used to investigate motor control with less emphasis on how the brain and motor systems w
10.1016/j.neuint.2007.06.026	Different cellular sources and different roles of adenosine: A1 receptor-mediated inhibition through astrocytic-driven volume transmission and synapse	Neurochemistry International	Adenosine is a prototypical neuromodulator, which mainly controls excitatory transmission through the activation of widespread inhibitory A1 receptors and synaptically located A2A receptors. It was long thought that the predominant A1 receptor-meditated modula
10.1098/rstb.1999.0392	Extracellular glutamate diffusion determines the occupancy of glutamate receptors at CA1 synapses in the hippocampus.	Philosophical transactions of the Royal 	Following exocytosis at excitatory synapses in the brain, glutamate binds to several subtypes of postsynaptic receptors. The degree of occupancy of AMPA and NMDA receptors at hippocampal synapses is, however, not known. One approach to estimate receptor occupa
10.1101/2024.10.13.618022	A biophysically-detailed model of inter-areal interactions in cortical sensory processing		Abstract Mechanisms of top-down modulation in sensory perception and their relation to underlying connectivity are not completely understood. We present here a biophysically-detailed computational model of two interconnected cortical areas, representing the fi
10.3389/fnmol.2019.00304	Molecular Architecture of Genetically-Tractable GABA Synapses in C. elegans	Frontiers in Molecular Neuroscience	Inhibitory synapses represent a minority of the total chemical synapses in the mammalian brain, yet proper tuning of inhibition is fundamental to shape neuronal network properties. The neurotransmitter γ-aminobutyric acid (GABA) mediates rapid synaptic inhibit
10.1073/pnas.1514138112	Tissue mechanics govern the rapidly adapting and symmetrical response to touch	Proceedings of the National Academy of S	Significance Recordings from Pacinian corpuscles in the 1960s showed that touch elicits symmetric activation followed by rapid adaptation. Sinusoidal stimulation resulted in frequency doubling within a sensitive frequency band, suggesting that these receptors 
10.1101/440396	Functional clustering of dendritic activity during decision-making	bioRxiv	The active properties of dendrites support local nonlinear operations, but previous imaging and electrophysiological measurements have produced conflicting views regarding the prevalence of local nonlinearities in vivo. We imaged calcium signals in pyramidal c
10.1016/j.tins.2016.08.004	Homeostatic Plasticity of Subcellular Neuronal Structures: From Inputs to Outputs	Trends in Neurosciences	Neurons in the brain are highly plastic, allowing an organism to learn and adapt to its environment. However, this ongoing plasticity is also inherently unstable, potentially leading to aberrant levels of circuit activity. Homeostatic forms of plasticity are t
10.1101/2021.01.18.427072	Fluorescence-based 3D targeting of FIB-SEM acquisition of small volumes in large samples	bioRxiv	Cells are three dimensional objects. Therefore, 3D electron microscopy is often crucial for correct interpretation of ultrastructural data. Today samples are frequently imaged in 3D at ultrastructural resolution using volume Scanning Electron Microscopy (SEM) 
10.1523/jneurosci.0963-17.2017	Assessing the Role of Inhibition in Stabilizing Neocortical Networks Requires Large-Scale Perturbation of the Inhibitory Population	Journal of Neuroscience	Neurons within cortical microcircuits are interconnected with recurrent excitatory synaptic connections that are thought to amplify signals (Douglas and Martin, 2007), form selective subnetworks (Ko et al., 2011), and aid feature discrimination. Strong inhibit
10.1113/jp275073	Cholinergic excitation complements glutamate in coding visual information in retinal ganglion cells	Journal of Physiology	Starburst amacrine cells release GABA and ACh. This study explores the coordinated function of starburst‐mediated cholinergic excitation and GABAergic inhibition to bistratified retinal ganglion cells, predominantly direction‐selective ganglion cells (DSGCs). 
10.1073/pnas.2221680120	A cGAL-UAS bipartite expression toolkit for Caenorhabditis elegans sensory neurons	Proceedings of the National Academy of S	Significance Many experiments require the precise targeting of gene expression to individual cells: interrogation of neural circuits; cell biology; and pinpointing the cellular sites of gene action. Bipartite expression systems allow independent construction o
10.3389/fnana.2018.00016	Total Number Is Important: Using the Disector Method in Design-Based Stereology to Understand the Structure of the Rodent Brain	Frontiers in Neuroanatomy	The advantages of using design-based stereology in the collection of quantitative data, have been highlighted, in numerous publications, since the description of the disector method by Sterio (1984). This review article discusses the importance of total number
10.7554/elife.66410	Fast deep neural correspondence for tracking and identifying neurons in C. elegans using semi-synthetic training	eLife	We present an automated method to track and identify neurons in C. elegans, called ‘fast Deep Neural Correspondence’ or fDNC, based on the transformer network architecture. The model is trained once on empirically derived semi-synthetic data and then predicts 
10.1111/j.1471-4159.1976.tb01505.x	THE DISTRIBUTION OF CHOLINE ACETYLTRANSFERASE ACTIVITY IN VERTEBRATE RETINA 1	Journal of Neurochemistry	Abstract— Choline acetyltransferase (ChAc) activity was determined in retinal layers from 10 vertebrates. In all animals, the highest activity was in the inner plexiform layer, intermediate activity in the inner nuclear and ganglion cell layers, and very low a
10.1016/j.celrep.2023.113075	Integration of spatially opposing cues by a single interneuron guides decision-making in C. elegans.	Cell Reports	The capacity of animals to respond to hazardous stimuli in their surroundings is crucial for their survival. In mammals, complex evaluations of the environment require large numbers and different subtypes of neurons. The nematode C. elegans avoids hazardous ch
10.1016/0012-1606(83)90201-4	The embryonic cell lineage of the nematode Caenorhabditis elegans.	Developmental Biology	The embryonic cell lineage of Caenorhabditis elegans has been traced from zygote to newly hatched larva, with the result that the entire cell lineage of this organism is now known. During embryogenesis 671 cells are generated; in the hermaphrodite 113 of these
10.1186/s12859-015-0605-1	Topological characterization of neuronal arbor morphology via sequence representation: II - global alignment	BMC Bioinformatics	The increasing abundance of neuromorphological data provides both the opportunity and the challenge to compare massive numbers of neurons from a wide diversity of sources efficiently and effectively. We implemented a modified global alignment algorithm represe
10.1073/pnas.0911855107	Toward discovery science of human brain function	Proceedings of the National Academy of S	Although it is being successfully implemented for exploration of the genome, discovery science has eluded the functional neuroimaging community. The core challenge remains the development of common paradigms for interrogating the myriad functional systems in t
10.1038/s41586-020-2972-7	Neural circuit mechanisms of sexual receptivity in Drosophila females	Nature	Choosing a mate is one of the most consequential decisions a female will make during her lifetime. A female fly signals her willingness to mate by opening her vaginal plates, allowing a courting male to copulate1,2. Vaginal plate opening (VPO) occurs in respon
10.1101/2025.03.19.643839	Benchmarking overlapping community detection methods for applications in human connectomics		Abstract Brain networks exhibit non-trivial modular organization, with groups of densely connected areas participating in specialized functions. Traditional community detection algorithms assign each node to one module, but this representation cannot capture i
10.1126/sciadv.adv8387	C. elegans somatostatin/allatostatin C signaling regulates sleep, metabolism, survival, and memory via a sleep-active neuron	Science Advances	Somatostatin/allatostatin C signaling regulates sleep, metabolism, memory, and longevity, but the underlying neuronal mechanisms remain unclear. We investigated the Caenorhabditis elegans somatostatin/allatostatin C ortholog NLP-99 and its receptor NPR-16. We 
10.1007/s00429-019-02023-3	What we can learn from the complex architecture of single axons	Brain Structure and Function	Anterogradely labeled connections at the single-axon level provide unparalleled spatial and quantitative data as well as a novel perspective on laminar, columnar, hierarchical and other aspects of cortical organization. Here, I briefly summarize single-axon re
10.1093/genetics/iyae077	TWISP: a transgenic worm for interrogating signal propagation in Caenorhabditis elegans	Genetics	Abstract Genetically encoded optical indicators and actuators of neural activity allow for all-optical investigations of signaling in the nervous system. But commonly used indicators, actuators, and expression strategies are poorly suited for systematic measur
10.3389/fphys.2024.1363943	Exploring neonicotinoid effects on Drosophila: insights into olfactory memory, neurotransmission, and synaptic connectivity	Frontiers in Physiology	Neonicotinoid insecticides, the fastest-growing class in recent decades, interfere with cholinergic neurotransmission by binding to the nicotinic acetylcholine receptor. This disruption affects both targeted and non-targeted insects, impairing cognitive functi
10.1016/j.cell.2020.08.013	Cell Types of the Human Retina and Its Organoids at Single-Cell Resolution	Cell	Summary Human organoids recapitulating the cell-type diversity and function of their target organ are valuable for basic and translational research. We developed light-sensitive human retinal organoids with multiple nuclear and synaptic layers and functional s
10.1038/2822	Frequency-dependent synaptic depression and the balance of excitation and inhibition in the neocortex	Nature Neuroscience	The stability of cortical neuron activity in vivo suggests that the firing rates of both excitatory and inhibitory neurons are dynamically adjusted. Using dual recordings from excitatory pyramidal neurons and inhibitory fast-spiking neurons in neocortical slic
10.1016/j.neunet.2010.12.010	Distributed representation of tone frequency in highly decodable spatio-temporal activity in the auditory cortex	Neural Networks	Although the place code of tone frequency, or tonotopic map, has been widely accepted in the auditory cortex, tone-evoked activation becomes less frequency-specific at moderate or high sound pressure levels. This implies that sound frequency is not represented
10.1038/s41598-018-37646-9	Small changes in synaptic gain lead to seizure-like activity in neuronal network at criticality	Scientific Reports	Epilepsy is a neurological disorder characterised by spontaneous recurrent seizures. The mechanisms by which multiple molecular and cellular changes lead to seizures is not well understood. Here, we study cortical seizure generation by simulating the activity 
10.1016/0165-0270(94)00125-z	Studies on the 3-dimensional architecture of dendritic spines and varicosities in human cortex by confocal laser scanning microscopy and Lucifer yello	Journal of Neuroscience Methods	A method for 3-dimensional (3-D) visualization of dendritic spines and varicosities in human cortical neurons is described. Intracellular microinjection of Lucifer Yellow was used to display the morphology of dendrites on pyramidal and non-pyramidal neurons. C
10.1038/ncomms4992	Chemical reactivation of quenched fluorescent protein molecules enables resin-embedded fluorescence microimaging	Nature Communications	Resin embedding is a well-established technique to prepare biological specimens for microscopic imaging. However, it is not compatible with modern green-fluorescent protein (GFP) fluorescent-labelling technique because it significantly quenches the fluorescenc
10.1016/j.neuron.2022.02.014	A weakened recurrent circuit in the hippocampus of Rett syndrome mice disrupts long-term memory representations	Neuron	Summary Successful recall of a contextual memory requires reactivating ensembles of hippocampal cells that were allocated during memory formation. Altering the ratio of excitation-to-inhibition (E/I) during memory retrieval can bias cell participation in an en
10.1101/lm.053556.121	Optogenetic and thermogenetic manipulation of defined neural circuits and behaviors in Drosophila	Learning & memory (Cold Spring Harbor, N	Neural network dynamics underlying flexible animal behaviors remain elusive. The fruit fly Drosophila melanogaster is considered an excellent model in behavioral neuroscience because of its simple neuroanatomical architecture and the availability of various ge
10.1111/j.1365-2818.2010.03402.x	The Viking viewer for connectomics: scalable multi-user annotation and summarization of large volume data sets	Journal of Microscopy	Modern microscope automation permits the collection of vast amounts of continuous anatomical imagery in both two and three dimensions. These large data sets present significant challenges for data storage, access, viewing, annotation and analysis. The cost and
10.1007/s00429-017-1470-7	Volume electron microscopy of the distribution of synapses in the neuropil of the juvenile rat somatosensory cortex	Brain Structure and Function	Knowing the proportions of asymmetric (excitatory) and symmetric (inhibitory) synapses in the neuropil is critical for understanding the design of cortical circuits. We used focused ion beam milling and scanning electron microscopy (FIB/SEM) to obtain stacks o
10.1523/jneurosci.1453-16.2017	Gap Junction–Mediated Signaling from Motor Neurons Regulates Motor Generation in the Central Circuits of Larval Drosophila	Journal of Neuroscience	In this study, we used the peristaltic crawling of Drosophila larvae as a model to study how motor patterns are regulated by central circuits. We built an experimental system that allows simultaneous application of optogenetics and calcium imaging to the isola
10.1098/rstb.2014.0173	Cerebral cartography and connectomics	Philosophical Transactions of the Royal 	Cerebral cartography and connectomics pursue similar goals in attempting to create maps that can inform our understanding of the structural and functional organization of the cortex. Connectome maps explicitly aim at representing the brain as a complex network
10.3389/fncom.2014.00005	Spike-timing computation properties of a feed-forward neural network model	Frontiers in Computational Neuroscience	Brain function is characterized by dynamical interactions among networks of neurons. These interactions are mediated by network topology at many scales ranging from microcircuits to brain areas. Understanding how networks operate can be aided by understanding 
10.1093/cercor/bhaa331	3D Synaptic Organization of the Rat CA1 and Alterations Induced by Cocaine Self-Administration	bioRxiv	The hippocampus plays a key role in contextual conditioning and has been proposed as an important component of the cocaine addiction brain circuit. To gain knowledge about cocaine-induced alterations in this circuit, we used Focused Ion Beam milling/Scanning E
10.3389/fncom.2011.00047	Synaptic Scaling in Combination with Many Generic Plasticity Mechanisms Stabilizes Circuit Connectivity	Frontiers in Computational Neuroscience	Synaptic scaling is a slow process that modifies synapses, keeping the firing rate of neural circuits in specific regimes. Together with other processes, such as conventional synaptic plasticity in the form of long term depression and potentiation, synaptic sc
10.3389/fnins.2024.1325062	Brain topology improved spiking neural network for efficient reinforcement learning of continuous control	Frontiers in Neuroscience	The brain topology highly reflects the complex cognitive functions of the biological brain after million-years of evolution. Learning from these biological topologies is a smarter and easier way to achieve brain-like intelligence with features of efficiency, r
10.1016/j.devcel.2026.04.011	Adhesion-controlled mechanics of the glial niche regulate neural stem cell proliferative potential.	Developmental Cell	Stem cell proliferation drives tissue formation and homeostasis. Whether and how niche cell mechanics act in vivo to control this process remains unclear. Here, we identify a triad of cell adhesion molecules from the immunoglobulin superfamily, which physicall
10.1101/2020.04.27.060624	Fluorescent in situ sequencing of DNA barcoded antibodies	bioRxiv	Biological tissues contain thousands of different proteins yet conventional antibody staining can only assay a few at a time because of the limited number of spectrally distinct fluorescent labels. The capacity to map the location of hundreds or thousands of p
10.1101/2020.11.30.403840	The generation of cortical novelty responses through inhibitory plasticity	bioRxiv	Animals depend on fast and reliable detection of novel stimuli in their environment. Indeed, neurons in multiple sensory areas respond more strongly to novel in comparison to familiar stimuli. Yet, it remains unclear which circuit, cellular and synaptic mechan
10.3389/fpsyt.2016.00101	Dendritic Spines as Tunable Regulators of Synaptic Signals	Frontiers in Psychiatry	Neurons are perpetually receiving vast amounts of information in the form of synaptic input from surrounding cells. The majority of input occurs at thousands of dendritic spines, which mediate excitatory synaptic transmission in the brain, and is integrated by
10.1371/journal.pcbi.1004517	A Generative Statistical Algorithm for Automatic Detection of Complex Postures	PLoS Comput. Biol.	This paper presents a method for automated detection of complex (non-self-avoiding) postures of the nematode Caenorhabditis elegans and its application to analyses of locomotion defects. Our approach is based on progressively detailed statistical models that e
10.1038/s41586-024-07600-z	Synaptic architecture of leg and wing premotor control networks in Drosophila	Nature	Animal movement is controlled by motor neurons (MNs), which project out of the central nervous system to activate muscles1. MN activity is coordinated by complex premotor networks that facilitate the contribution of individual muscles to many different behavio
10.1038/s41596-023-00804-z	Preparation of large biological samples for high-resolution, hierarchical, synchrotron phase-contrast tomography with multimodal imaging compatibility	Nature Protocols	Imaging across different scales is essential for understanding healthy organ morphology and pathophysiological changes. The macro- and microscale three-dimensional morphology of large samples, including intact human organs, is possible with X-ray microtomograp
10.1101/2024.09.07.611785	niiv: Interactive Self-supervised Neural Implicit Isotropic Volume Reconstruction	bioRxiv	Three-dimensional (3D) microscopy data often is anisotropic with significantly lower resolution (up to 8×) along the z axis than along the xy axes. Computationally generating plausible isotropic resolution from anisotropic imaging data would benefit the visual
10.1016/0896-6273(95)90020-9	A model of spike initiation in neocortical pyramidal neurons.	Neuron	Neocortical pyramidal cells possess voltage-dependent dendritic sodium channels that promote propagation of action potentials into the dendritic tree but paradoxically may fail to originate dendritic spikes. A biophysical model was constructed to reconcile the
10.64898/2026.07.28.741281	Comparative connectomics of parasite esophagus suggests evolutionary simplification of a nervous system	bioRxiv	Several prominent examples suggest that the evolution of parasitism is accompanied by nervous system simplification. However, it is unclear if this is a generalizable rule and whether parasite- associated simplification occurs at the level of synaptic connecti
10.1111/joa.12287	From gross anatomy to the nanomorphome: stereological tools provide a paradigm for advancing research in quantitative morphomics	Journal of Anatomy	Abstract The terms morphome and morphomics are not new but, recently, a group of morphologists and cell biologists has given them clear definitions and emphasised their integral importance in systems biology. By analogy to other ‘‐omes’, the morphome refers to
10.1016/s0074-7696(08)60956-0	Three-dimensional reconstruction from serial sections.	International Review of Cytology	
10.1101/041103	Inhibitory control of correlated intrinsic variability in cortical networks	bioRxiv	Cortical networks exhibit intrinsic dynamics that drive coordinated, large-scale fluctuations across neuronal populations and create noise correlations that impact sensory coding. To investigate the network-level mechanisms that underlie these dynamics, we dev
10.5607/en.2018.27.1.28	The Transient Intermediate Plexiform Layer, a Plexiform Layer-like Structure Temporarily Existing in the Inner Nuclear Layer in Developing Rat Retina	Experimental Neurobiology	The retina is a highly specialised part of the brain responsible for visual processing. It is well-laminated; three layers containing five different types of neurons are compartmentalised by two synaptic layers. Among the retinal layers, the inner nuclear laye
10.1016/j.cois.2019.09.002	Linking physiological processes and feeding behaviors by octopamine.	Current Opinion in Insect Science	The biogenic amine octopamine and to some extent its precursor tyramine function as an alerting signal in insects. Octopaminergic/tyraminergic neurons arborize in most parts of the central nervous system and additionally reach almost all peripheral organs, tis
10.1016/j.neuron.2017.01.028	Different Modes of Visual Integration in the Lateral Geniculate Nucleus Revealed by Single-Cell-Initiated Transsynaptic Tracing	Neuron	Summary The thalamus receives sensory input from different circuits in the periphery. How these sensory channels are integrated at the level of single thalamic cells is not well understood. We performed targeted single-cell-initiated transsynaptic tracing to l
10.1017/9781107281875.005	From Connectome to Function: Using Optogenetics to Shed Light on the Caenorhabditis elegans Nervous System	Optogenetics	
10.1002/cne.25087	Axo-axonic Synapses: Diversity in Neural Circuit Function	The Journal of comparative neurology	The chemical synapse is the principal form of contact between neurons of the central nervous system. These synapses are typically configured as presynaptic axon terminations onto postsynaptic dendrites or somata, giving rise to axo‐dendritic and axo‐somatic sy
10.7554/elife.10778	Nanoconnectomic upper bound on the variability of synaptic plasticity	eLife	Information in a computer is quantified by the number of bits that can be stored and recovered. An important question about the brain is how much information can be stored at a synapse through synaptic plasticity, which depends on the history of probabilistic 
10.1016/j.cub.2023.05.010	Cyclic structure with cellular precision in a vertebrate sensorimotor neural circuit	Current Biology	Summary Neuronal wiring diagrams reconstructed by electron microscopy1–5 pose new questions about the organization of nervous systems following the time-honored tradition of cross-species comparisons 6,7. The C. elegans connectome has been conceptualized as a 
10.1007/978-3-030-32239-7_53	Fast and Accurate Electron Microscopy Image Registration with 3D Convolution	International Conference on Medical Imag	
10.3389/fninf.2011.00005	Potential Synaptic Connectivity of Different Neurons onto Pyramidal Cells in a 3D Reconstruction of the Rat Hippocampus	Front. Neuroinform.	Most existing connectomic data and ongoing efforts focus either on individual synapses (e.g., with electron microscopy) or on regional connectivity (tract tracing). An individual pyramidal cell (PC) extends thousands of synapses over macroscopic distances (∼cm
10.1101/2023.05.12.540591	Deep learning-driven characterization of single cell tuning in primate visual area V4 supports topological organization	bioRxiv	Deciphering the brain’s structure-function relationship is key to understanding the neuronal mechanisms underlying perception and cognition. The cortical column, a vertical organization of neurons with similar functions, is a classic example of primate neocort
10.1007/978-1-62703-776-1_24	FIB-SEM tomography in biology.	Methods in molecular biology	Three-dimensional information is much easier to understand than a set of two-dimensional images. Therefore a layman is thrilled by the pseudo-3D image taken in a scanning electron microscope (SEM) while, when seeing a transmission electron micrograph, his imag
10.1016/j.devcel.2012.10.003	Development in the STORM	Developmental Cell	The recent invention of super-resolution microscopy has brought up much excitement in the biological research community. Here, we will focus on Stochastic Optical Reconstruction Microscopy/Photoactivated Localization Microscopy (STORM/PALM) to discuss the chal
10.3389/fncir.2015.00090	Precise Synaptic Efficacy Alignment Suggests Potentiation Dominated Learning	Front. Neural Circuits	Recent evidence suggests that parallel synapses from the same axonal branch onto the same dendritic branch have almost identical strength. It has been proposed that this alignment is only possible through learning rules that integrate activity over long time s
10.1016/j.tins.2011.07.005	Synaptic plasticity in sleep: learning, homeostasis, and disease	Trends in Neurosciences	Sleep is a fundamental and evolutionarily conserved aspect of animal life. Recent studies have shed light on the role of sleep in synaptic plasticity. Demonstrations of memory replay and synapse homeostasis suggest that one essential role of sleep is in the co
10.1371/journal.pbio.3003345	SIFa peptidergic neurons orchestrate the internal states and energy balance of male Drosophila melanogaster	PLoS Biology	Neuropeptide SIFamide (SIFa) neurons in Drosophila melanogaster have been characterized by their exceptionally elaborate arborization patterns, which extend from the brain into the ventral nerve cord (VNC). SIFa neurons are equipped to receive signals that int
10.1101/2024.02.29.582364	Brain orchestra under spontaneous conditions: Identifying communication modules from the functional architecture of area V1	bioRxiv	While single-neuron responses in mouse V1 are well characterized, less is known about how functional ensembles— groups of neurons that co-activate more frequently than expected by chance—emerge as computational units within laminar V1 circuits. Even with incre
10.1093/genetics/iyae158	Automated multimodal imaging of Caenorhabditis elegans behavior in multi-well plates.	Genetics	Assays of behavior in model organisms play an important role in genetic screens, drug testing, and the elucidation of gene-behavior relationships. We have developed an automated, high-throughput imaging and analysis method for assaying behaviors of the nematod
10.1038/nmeth.4206	Automated synaptic connectivity inference for volume electron microscopy	Nature Methods	Teravoxel volume electron microscopy data sets from neural tissue can now be acquired in weeks, but data analysis requires years of manual labor. We developed the SyConn framework, which uses deep convolutional neural networks and random forest classifiers to 
10.3389/fnsys.2018.00064	The Cortical States of Wakefulness	Frontiers in Systems Neuroscience	Cortical neurons process information on a background of spontaneous, ongoing activity with distinct spatiotemporal profiles defining different cortical states. During wakefulness, cortical states alter constantly in relation to behavioral context, attentional 
10.3389/fnins.2020.00343	Noise Helps Optimization Escape From Saddle Points in the Synaptic Plasticity	Frontiers in Neuroscience	Numerous experimental studies suggest that noise is inherent in the human brain. However, the functional importance of noise remains unknown. n particular, from a computational perspective, such stochasticity is potentially harmful to brain function. In machin
10.1007/978-1-62703-137-0_23	High data output method for 3-D correlative light-electron microscopy using ultrathin cryosections.	Methods in molecular biology	Investigation of intracellular dynamics requires a detailed description of the molecular topography and ultrastructural morphology of the cell, for example, the position of a protein in relation to a given compartment of the cell and the morphology of the comp
10.1523/eneuro.0065-17.2017	A Cre Mouse Line for Probing Irradiance- and Direction-Encoding Retinal Networks	eNeuro	Abstract Cell type-specific Cre driver lines have revolutionized the analysis of retinal cell types and circuits. We show that the transgenic mouse Rbp4-Cre selectively labels several retinal neuronal types relevant to the encoding of absolute light intensity 
10.1016/j.cviu.2016.04.009	Bio-inspired computer vision: Towards a synergistic approach of artificial and biological vision	Computer Vision and Image Understanding	We present an overview of computational approaches to biological vision.We develop a task centered presentation of biological vision studies.We revisit three tasks: image sensing, scene segmentation and optical flow.We show how new computer vision methods coul
10.1101/2024.05.13.593825	Cone bipolar cell synapses generate transient versus sustained signals in parallel ON pathways of the mouse retina	bioRxiv	Parallel processing is a fundamental organizing principle in the nervous system and understanding how parallel neural circuits generate distinct outputs from common inputs is a key goal of neuroscience. In the mammalian retina, divergence of cone signals into 
10.1038/s41593-025-02111-0	Preconfigured neuronal firing sequences in human brain organoids	Nature Neuroscience	Neuronal firing sequences are thought to be the building blocks of information and broadcasting within the brain. Yet, it remains unclear when these sequences emerge during neurodevelopment. Here we demonstrate that structured firing sequences appear in sponta
10.1038/s41592-018-0106-z	CDeep3M - Plug-and-Play cloud based deep learning for image segmentation	Nature Methods	As biomedical imaging datasets expand, deep neural networks are considered vital for image processing, yet community access is still limited by setting up complex computational environments and availability of high-performance computing resources. We address t
10.7554/elife.99804	Mapping the fly nerve cord	eLife	The first neuronal wiring diagram of an insect nerve cord, which includes biological information on cell type and organisation, enables further investigation into premotor circuit function.
10.1038/s41593-020-00776-3	Targeted photostimulation uncovers circuit motifs supporting short-term memory	Nature Neuroscience	Short-term memory is associated with persistent neural activity that is maintained by positive feedback between neurons. To explore the neural circuit motifs that produce memory-related persistent activity, we measured coupling between functionally characteriz
10.1038/s43587-021-00039-1	Olfactory perception of food abundance regulates dietary restriction-mediated longevity via a brain-to-gut signal	Nature Aging	The role of food nutrients in mediating the positive effect of dietary restriction (DR) on longevity has been extensively characterized, but how non-nutrient food components regulate lifespan is not well understood. Here, we show that food-associated odors sho
10.1371/journal.pcbi.1008722	Integrated information structure collapses with anesthetic loss of conscious arousal in Drosophila melanogaster	bioRxiv	The physical basis of consciousness remains one of the most elusive concepts in current science. One influential conjecture is that consciousness is to do with some form of causality, measurable through information. The integrated information theory of conscio
10.1093/cercor/bhaa379	Maturation of Complex Synaptic Connections of Layer 5 Cortical Axons in the Posterior Thalamic Nucleus Requires SNAP25	bioRxiv	Synapses are able to form in the absence of neuronal activity, but how is their subsequent maturation affected in the absence of regulated vesicular release? We explored this question using 3D electron microscopy and immuno electron microscopy analyses in the 
10.1101/2024.09.02.610815	Is criticality a unified set-point of brain function?	bioRxiv	Brains face selective pressure to optimize computation, broadly defined. This optimization is achieved by myriad mechanisms and processes that influence the brain’s computational state. These include development, plasticity, homeostasis, and more. Despite enor
10.1186/s40708-022-00158-4	Smart imaging to empower brain-wide neuroscience at single-cell levels	Brain Informatics	A deep understanding of the neuronal connectivity and networks with detailed cell typing across brain regions is necessary to unravel the mechanisms behind the emotional and memorial functions as well as to find the treatment of brain impairment. Brain-wide im
10.1002/cne.23059	Neuronal organization of the hemiellipsoid body of the land hermit crab, Coenobita clypeatus: Correspondence with the mushroom body ground pattern	The Journal of comparative neurology	Abstract Malacostracan crustaceans and dicondylic insects possess large second‐order olfactory neuropils called, respectively, hemiellipsoid bodies and mushroom bodies. Because these centers look very different in the two groups of arthropods, it has been deba
10.1016/j.crmeth.2025.100988	Comparative prospects of imaging methods for whole-brain mammalian connectomics	Cell Reports Methods	Summary Mammalian whole-brain connectomes are a foundational ingredient for a holistic understanding of brains. Indeed, imaging connectomes at sufficient resolution to densely reconstruct cellular morphology and synapses represents a long-standing goal in neur
10.1101/2024.06.07.597979	Spiking networks that efficiently process dynamic sensory features explain receptor information mixing in somatosensory cortex	bioRxiv	How do biological neural systems efficiently encode, transform and propagate information between the sensory periphery and the sensory cortex about sensory features evolving at different time scales? Are these computations efficient in normative information pr
10.1111/jmi.13436	A workflow for semi‐automated volume correlative light microscopy and transmission electron tomography	Journal of Microscopy	Volume Correlative Light and Electron Microscopy (vCLEM) is a powerful method for assessing the ultrastructure of molecularly defined subcellular domains. A central challenge in vCLEM has been the efficient navigation of Regions of Interest (ROIs) across multi
10.1101/2021.12.14.472089	Rehydration of freeze substituted brain tissue for pre-embedding immunoelectron microscopy	bioRxiv	Electron microscopy (EM) volume reconstruction is a powerful tool for investigating the fundamental structure of brain circuits, but the full potential of this technique is limited by the difficulty of integrating molecular information. High quality ultrastruc
10.1016/j.neuron.2016.05.019	Mechanism of high frequency signaling at a depressing ribbon synapse	Neuron	SUMMARY Ribbon synapses mediate continuous release in neurons that have graded voltage responses. While mammalian retinas can signal visual flicker at 80-100 Hz, the time constant, τ, for refilling of a depleted vesicle release pool at cone photoreceptor ribbo
10.1016/j.neunet.2018.04.003	Effect of dilution in asymmetric recurrent neural networks	Neural Networks	We study with numerical simulation the possible limit behaviors of synchronous discrete-time deterministic recurrent neural networks composed of N binary neurons as a function of a network's level of dilution and asymmetry. The network dilution measures the fr
10.1016/j.neuron.2018.03.032	Dunce Phosphodiesterase Acts as a Checkpoint for Drosophila Long-Term Memory in a Pair of Serotonergic Neurons	Neuron	Summary A key function of the brain is to filter essential information and store it in the form of stable, long-term memory (LTM). We demonstrate here that the Dunce (Dnc) phosphodiesterase, an important enzyme that degrades cAMP, acts as a molecular switch th
10.1101/2025.04.24.649900	Hebb’s Vision: The Structural Underpinnings of Hebbian Assemblies		1 Abstract In 1949, Donald Hebb proposed that groups of neurons that activate stereotypically form the organizational building blocks of perception, cognition, and behavior. Finding the structural underpinning of such assemblies has been technically challengin
10.1016/j.cell.2015.11.019	Coordinated and Compartmentalized Neuromodulation Shapes Sensory Processing in Drosophila	Cell	SUMMARY Learned and adaptive behaviors rely on neural circuits that flexibly couple the same sensory input to alternative output pathways. Here, we show that the Drosophila mushroom body functions like a switchboard in which neuromodulation reroutes the same o
10.1109/tmi.2019.2903562	CE-Net: Context Encoder Network for 2D Medical Image Segmentation	IEEE Transactions on Medical Imaging	Medical image segmentation is an important step in medical image analysis. With the rapid development of a convolutional neural network in image processing, deep learning has been used for medical image segmentation, such as optic disc segmentation, blood vess
10.1002/bies.70122	Imprecision in Vision: Lessons From Neural Circuits in the Fly	Bioessays	Visual systems appear like homogenous structures, where identical functional units repeat themselves across the eye. This architecture is thought to ensure a uniform sampling of the surrounding environment. Furthermore, anatomically and functionally identical 
10.1038/nn.3405	ROBUST TIMING AND MOTOR PATTERNS BY TAMING CHAOS IN RECURRENT NEURAL NETWORKS	Nature Neuroscience	The brain's ability to tell time and produce complex spatiotemporal motor patterns is critical for anticipating the next ring of a telephone or playing a musical instrument. One class of models proposes that these abilities emerge from dynamically changing pat
10.1038/s41467-024-49125-z	Diffusion-based deep learning method for augmenting ultrastructural imaging and volume electron microscopy	Nature Communications	Electron microscopy (EM) revolutionized the way to visualize cellular ultrastructure. Volume EM (vEM) has further broadened its three-dimensional nanoscale imaging capacity. However, intrinsic trade-offs between imaging speed and quality of EM restrict the att
10.1242/jeb.212332	Connecting brain to behaviour: a role for general purpose steering circuits in insect orientation?	Journal of Experimental Biology	ABSTRACT The lateral accessory lobes (LALs), paired structures that are homologous among all insect species, have been well studied for their role in pheromone tracking in silkmoths and phonotaxis in crickets, where their outputs have been shown to correlate w
10.1038/s41598-025-27587-5	A workflow integrating organ-on-chip culture and correlative 3D light and electron microscopy for microtissue analysis	bioRxiv	Correlative microscopy approaches offer powerful means to study tissue development across spatial scales, but combining 3D light and electron imaging remains technically challenging. Here, we present a practical workflow that integrates organ-on-a-chip culture
10.1101/2024.02.07.579358	A Multiscale Sensorimotor Model of Experience-Dependent Behavior in a Minimal Organism	bioRxiv	To survive in ever-changing environments, living organisms need to continuously combine the ongoing external inputs they receive, representing present conditions, with their dynamical internal state, which includes influences of past experiences. It is still u
10.1534/genetics.114.172510	Brainbow: New Resources and Emerging Biological Applications for Multicolor Genetic Labeling and Analysis	Genetics	Abstract Brainbow is a genetic cell-labeling technique where hundreds of different hues can be generated by stochastic and combinatorial expression of a few spectrally distinct fluorescent proteins. Unique color profiles can be used as cellular identification 
10.3389/fphys.2026.1735677	Quantitative reconstruction of neuronal mitochondrial network in neurites and somata in rat hippocampus and prefrontal cortex	Frontiers in Physiology	Introduction Mitochondrial networks exhibit striking heterogeneity in their morphology and distribution across different neuronal compartments, reflecting the diverse metabolic demands of these structures. Methods In this study, we used automated tape-collecti
10.1038/srep35861	Fluorescent protein tagging of endogenous protein in brain neurons using CRISPR/Cas9-mediated knock-in and in utero electroporation techniques	Scientific Reports	Genome editing is a powerful technique for studying gene functions. CRISPR/Cas9-mediated gene knock-in has recently been applied to various cells and organisms. Here, we successfully knocked in an EGFP coding sequence at the site immediately after the first AT
10.1016/j.cub.2016.06.070	Mechanosensation and adaptive motor control in insects	Current Biology	Summary The ability of animals to flexibly navigate through complex environments depends on the integration of sensory information with motor commands. The sensory modality most tightly linked to motor control is mechanosensation. Adaptive motor control depend
10.1038/s41467-024-46348-y	Distributed feature representations of natural stimuli across parallel retinal pathways	Nature Communications	How sensory systems extract salient features from natural environments and organize them across neural pathways is unclear. Combining single-cell and population two-photon calcium imaging in mice, we discover that retinal ON bipolar cells (second-order neurons
10.1186/2042-1001-1-16	Q&A: What is the Open Connectome Project?	Neural Systems & Circuits	Although it has been over a century since neuroscientists first conjectured that networks of neurons comprise the brain, technology has limited high-throughput investigations of neural circuitry until very recently. In the last couple of decades, several exper
10.1007/978-3-662-21935-5_5	Cell Coupling in the Retina	Neuroscience Intelligence Unit	
10.1016/bs.mcb.2020.10.001	Visualization and co-registration of correlative microscopy data with the ImageJ plug-in Correlia.	Methods in Cell Biology	Correlative microscopy experiments require the co-registration of the image data acquired by different micro-analytical techniques. Major challenges are the potentially very different fields-of-view and resolutions as well as the multi-modality of the data. To
10.1007/s00359-025-01780-3	The diversity of lepidopteran spatial orientation strategies – neuronal mechanisms and emerging challenges in a changing world	Journal of Comparative Physiology A. Sen	The Lepidoptera, butterflies and moths, display an astonishing diversity of spatial orientation strategies essential for survival, reproduction, and ecological success. These spatial orientation strategies range from basic taxes to light, wind, gravity, and ch
10.3389/fncom.2013.00156	Simultaneous stability and sensitivity in model cortical networks is achieved through anti-correlations between the in- and out-degree of connectivity	Frontiers in Computational Neuroscience	Neuronal networks in rodent barrel cortex are characterized by stable low baseline firing rates. However, they are sensitive to the action potentials of single neurons as suggested by recent single-cell stimulation experiments that reported quantifiable behavi
10.1523/jneurosci.5701-07.2008	Efficient Recruitment of Layer 2/3 Interneurons by Layer 4 Input in Single Columns of Rat Somatosensory Cortex	Journal of Neuroscience	Interneurons in layers 2/3 are excited by pyramidal cells within the same layer (Reyes et al., 1998; Gupta et al., 2000), but little is known about translaminar innervation of these interneurons by spiny neurons in the main cortical input layer 4 (L4). Here, w
10.1093/cercor/bhm041	Activity-dependent PSD formation and stabilization of newly formed spines in hippocampal slice cultures.	Cerebral Cortex	Development and remodeling of synaptic networks occurs through a continuous turnover of dendritic spines. However, the mechanisms that regulate the formation and stabilization of newly formed spines remain poorly understood. Here, we applied repetitive confoca
10.7554/elife.06914	The neuropeptide tachykinin is essential for pheromone detection in a gustatory neural circuit	eLife	Gustatory pheromones play an essential role in shaping the behavior of many organisms. However, little is known about the processing of taste pheromones in higher order brain centers. Here, we describe a male-specific gustatory circuit in Drosophila that under
10.1126/science.abb4608	Orderly Compartmental Mapping of Premotor Inhibitory Inputs in Developing Spinal Cord	Science	Spinal circuit development Motor neuron circuits in the zebrafish spinal cord support both the rapid evasion response and the leisurely swimming response. Kishore et al. now follow the development of inhibitory interneurons as these circuits are assembled in t
10.1007/s00441-009-0895-6	Synaptic connections of calbindin-immunoreactive cone bipolar cells in the inner plexiform layer of rabbit retina	Cell and Tissue Research	In the mammalian retina, information concerning various aspects of an image is transferred in parallel, and cone bipolar cells are thought to play a major role in this parallel processing. We have examined the synaptic connections of calbindin-immunoreactive (
10.1113/jphysiol.2011.219576	Intrinsic morphological diversity of thick‐tufted layer 5 pyramidal neurons ensures robust and invariant properties of in silico synaptic connections	Journal of Physiology	Non‐technical summary  Pyramidal neurons are output neurons of the neocortex. The thick‐tufted layer 5 (TTL5) pyramidal neurons are one of the most extensively studied neocortical cell types and are characterized by an exquisite morphological structure. Despit
10.1101/2021.05.15.444029	Evidence of wiring development processes from the connectome of adult Drosophila	bioRxiv	How is the brain wired during development? Here we look at some of the characteristics of the adult Drosophila brain, a result of this development process. From this we can speculate on at least some aspects of how the wiring was done. A common hypothesis is t
10.1523/jneurosci.4350-13.2014	Long-Term Recordings Improve the Detection of Weak Excitatory–Excitatory Connections in Rat Prefrontal Cortex	Journal of Neuroscience	Characterization of synaptic connectivity is essential to understanding neural circuit dynamics. For extracellularly recorded spike trains, indirect evidence for connectivity can be inferred from short-latency peaks in the correlogram between two neurons. Desp
10.1016/j.neuron.2016.11.002	Life at Low Copy Number: How Dendrites Manage with So Few mRNAs.	Neuron	Most mammalian dendrites have surprisingly few copy numbers of mRNAs relative to the large number of synapses and consequently, at any given moment, the majority of synapses do not have a repertoire of mRNAs within their immediate locale capable of initiating 
10.1038/s41598-019-54887-4	The human-specific paralogs SRGAP2B and SRGAP2C differentially modulate SRGAP2A-dependent synaptic development	Scientific Reports	Human-specific gene duplications (HSGDs) have recently emerged as key modifiers of brain development and evolution. However, the molecular mechanisms underlying the function of HSGDs remain often poorly understood. In humans, a truncated duplication of SRGAP2A
10.3389/fnsyn.2023.1113957	GluN2B-NMDAR subunit contribution on synaptic plasticity: A phenomenological model for CA3-CA1 synapses	Frontiers in Synaptic Neuroscience	Synaptic plasticity is believed to be a key mechanism underlying learning and memory. We developed a phenomenological N-methyl-D-aspartate (NMDA) receptor-based voltage-dependent synaptic plasticity model for synaptic modifications at hippocampal CA3-CA1 synap
10.1371/journal.pbio.1001529	Monoaminergic Orchestration of Motor Programs in a Complex C. elegans Behavior	PLoS Biology	A single monoamine can orchestrate different phases of a compound motor sequence in C. elegans through the synaptic and extra-synaptic activation of distinct classes of receptors.
10.1101/2020.04.23.058339	Circuits for integrating learnt and innate valences in the fly brain	bioRxiv	Animal behavior is shaped both by evolution and by individual experience. In many species parallel brain pathways are thought to encode innate and learnt behavior drives and as a result may link the same sensory cue to different actions if innate and learnt dr
10.1016/j.conb.2007.07.008	Barrel cortex and whisker-mediated behaviors.	Current Opinion in Neurobiology	Neural networks of the rodent barrel cortex are particularly tractable for developing a quantitative understanding of response transformations in a cortical column. A column in barrel cortex consists of approximately 10 compartments. Two thalamic input pathway
10.1038/srep29561	Griffiths phase and long-range correlations in a biologically motivated visual cortex model	Scientific Reports	Activity in the brain propagates as waves of firing neurons, namely avalanches. These waves’ size and duration distributions have been experimentally shown to display a stable power-law profile, long-range correlations and 1/f b power spectrum in vivo and in v
10.7554/elife.25751	An intersectional gene regulatory strategy defines subclass diversity of C. elegans motor neurons	eLife	A core principle of nervous system organization is the diversification of neuron classes into subclasses that share large sets of features but differ in select traits. We describe here a molecular mechanism necessary for motor neurons to acquire subclass-speci
10.5665/sleep.2456	The microarchitecture of C. elegans behavior during lethargus: homeostatic bout dynamics, a typical body posture, and regulation by a central neuron.	Sleep	Abstract Study Objectives: The nematode C. elegans develops through four larval stages before it reaches adulthood. At the transition between stages and before it sheds its cuticle, it exhibits a sleep-like behavior during a stage termed lethargus. The objecti
10.64898/2026.04.16.718965	Sensory-motor integration in a nonspiking interneuron contributes to active sensor control in Drosophila	bioRxiv	An animal’s nervous system enables it to detect and respond to stimuli to navigate its environment. To enhance sensory acquisition, animals can actively position sensors, altering how they extract information from the external world. However, active sensing, a
10.1186/s12860-016-0122-8	Hierarchical imaging: a new concept for targeted imaging of large volumes from cells to tissues	BMC Cell Biology	Imaging large volumes such as entire cells or small model organisms at nanoscale resolution seemed an unrealistic, rather tedious task so far. Now, technical advances have lead to several electron microscopy (EM) large volume imaging techniques. One is array t
10.1371/journal.pbio.3000928	Hippocampal neurons with stable excitatory connectivity become part of neuronal representations	PLoS Biology	Experiences are represented in the brain by patterns of neuronal activity. Ensembles of neurons representing experience undergo activity-dependent plasticity and are important for learning and recall. They are thus considered cellular engrams of memory. Yet, t
10.1073/pnas.1703601115	Generation of a whole-brain atlas for the cholinergic system and mesoscopic projectome analysis of basal forebrain cholinergic neurons	Proceedings of the National Academy of S	Significance The cholinergic system plays a critical role in neural modulation of the mammalian brain. Here, we generated a comprehensive atlas of the cholinergic system in the mouse brain via the whole-brain imaging and reconstruction system. In the whole-bra
10.1016/s0959-4388(00)00087-8	Homer: a link between neural activity and glutamate receptor function.	Current Opinion in Neurobiology	The proteins of the Homer family bind to proline-rich sequences in group I metabotropic glutamate receptors, inositol trisphosphate receptors, ryanodine receptors, and Shank family proteins. Homer proteins also self associate and function as adaptors to couple
10.1016/j.biosystems.2017.10.010	Fundamental principles of the olfactory code	Biosyst.	Sensory coding represents a basic principle of all phyla in nature: species attempt to perceive their natural surroundings and to make sense of them. Ultimately, sensory coding is the only way to allow a species to make the kinds of crucial decisions that lead
10.1523/jneurosci.1962-06.2006	Nonlinear [Ca2+] Signaling in Dendrites and Spines Caused by Activity-Dependent Depression of Ca2+ Extrusion	Journal of Neuroscience	Spine Ca 2+ triggers the induction of synaptic plasticity and other adaptive neuronal responses. The amplitude and time course of Ca 2+ signals specify the activation of the signaling pathways that trigger different forms of plasticity such as long-term potent
10.7554/elife.79928	Single spikes drive sequential propagation and routing of activity in a cortical network	bioRxiv	Single spikes can trigger repeatable firing sequences in cortical networks. The mechanisms that support reliable propagation of activity from such small events and their functional consequences remain unclear. By constraining a recurrent network model with exp
10.3389/fnbeh.2020.607700	The Neurotransmitters Involved in Drosophila Alcohol-Induced Behaviors	Frontiers in Behavioral Neuroscience	Alcohol is a widely used and abused substance with numerous negative consequences for human health and safety. Historically, alcohol's widespread, non-specific neurobiological effects have made it a challenge to study in humans. Therefore, model organisms are 
10.1523/eneuro.0346-18.2018	Newly Identified Electrically Coupled Neurons Support Development of the Drosophila Giant Fiber Model Circuit	eNeuro	Abstract The Drosophila giant fiber (GF) escape circuit is an extensively studied model for neuron connectivity and function. Researchers have long taken advantage of the simple linear neuronal pathway, which begins at peripheral sensory modalities, travels th
10.1134/s1990519x1305012x	A method of mesa trimming with glass knives for obtaining large series of ultrathin sections	Cell and Tissue Biology	Ultrastructural analysis of tissue based on 3D reconstruction from serial ultrathin sections is one of the most adequate methods in studies of spatial organization of bio-objects. The sample preparation technique for 3D reconstruction includes the two most tec
10.1177/1073858406293182	Small-World Brain Networks	The Neuroscientist	Many complex networks have a small-world topology characterized by dense local clustering or cliquishness of connections between neighboring nodes yet a short path length between any (distant) pair of nodes due to the existence of relatively few long-range con
10.1371/journal.pone.0025122	Synapse Geometry and Receptor Dynamics Modulate Synaptic Strength	PLoS ONE	Synaptic transmission relies on several processes, such as the location of a released vesicle, the number and type of receptors, trafficking between the postsynaptic density (PSD) and extrasynaptic compartment, as well as the synapse organization. To study the
10.1371/journal.pone.0293856	Fine-tuning TrailMap: The utility of transfer learning to improve the performance of deep learning in axon segmentation of light-sheet microscopy imag	PLoS ONE	Light-sheet microscopy has made possible the 3D imaging of both fixed and live biological tissue, with samples as large as the entire mouse brain. However, segmentation and quantification of that data remains a time-consuming manual undertaking. Machine learni
10.7554/elife.35878	Deficiency of parkin and PINK1 impairs age-dependent mitophagy in Drosophila	eLife	Mutations in the genes for PINK1 and parkin cause Parkinson’s disease. PINK1 and parkin cooperate in the selective autophagic degradation of damaged mitochondria (mitophagy) in cultured cells. However, evidence for their role in mitophagy in vivo is still scar
10.1016/s0928-4257(97)87921-1	Synaptic integration fields and associative plasticity of visual cortical cells in vivo.	Journal of Physiology - Paris	Two major constraints in connectivity decide the spatial extent of visual cortical receptive fields, both during development and adult functioning: 1) feedforward input, extrinsic to visual cortex, is organized in an orderly projection to form a point-to-point
10.1126/science.add9330	The connectome of an insect brain	bioRxiv	Brains contain networks of interconnected neurons, so knowing the network architecture is essential for understanding brain function. We therefore mapped the synaptic-resolution connectome of an insect brain (Drosophila larva) with rich behavior, including lea
10.1073/pnas.2410254121	Uncovering multiscale structure in the variability of larval zebrafish navigation	Proceedings of the National Academy of S	Significance When animals deploy motor strategies to navigate and adapt to changing environments and their own experiencess, their behavior shows a high degree of variability across multiple timescales and from one animal to another. Using high-fidelity Markov
10.1016/j.heares.2017.12.017	A biophysical modelling platform of the cochlear nucleus and other auditory circuits: from channels to networks	Hearing Research	&NA; Models of the auditory brainstem have been an invaluable tool for testing hypotheses about auditory information processing and for highlighting the most important gaps in the experimental literature. Due to the complexity of the auditory brainstem, and in
10.1016/j.celbio.2025.100219	High-pressure Golgi-Cox neuronal staining for X-ray whole-brain imaging	Cell Biomaterials	
10.1557/mrs.2016.136	Cryo-scanning transmission electron tomography of biological cells	MRS Bulletin	Abstract
10.1007/s12021-022-09573-8	nGauge: Integrated and Extensible Neuron Morphology Analysis in Python	bioRxiv	The study of neuron morphology requires robust and comprehensive methods to quantify the differences between neurons of different subtypes and animal species. Several software packages have been developed for the analysis of neuron tracing results stored in th
10.1523/eneuro.0426-19.2020	Cortical Presynaptic Boutons Progressively Engulf Spinules as They Mature	bioRxiv	Despite decades of discussion in the neuroanatomical literature, the role of the synaptic ‘spinule’ in synaptic development and function remains elusive. Canonically, spinules are finger-like projections that emerge from postsynaptic spines and can become enve
10.1016/j.cub.2013.02.057	Clonal development and organization of the adult Drosophila central brain	Current Biology	Summary Background The insect brain can be divided into neuropils that are formed by neurites of both local and remote origin. The complexity of the interconnections obscures how these neuropils are established and interconnected through development. The Droso
10.1016/j.conb.2026.103204	The sensory and neuronal mechanisms underlying long-distance migration in insects.	Current Opinion in Neurobiology	Many animals, such as birds and bats, are capable of migrating over vast distances to specific destinations. Remarkably, even insects such as the North American Monarch butterfly and the Australian Bogong moth undertake similarly long-distance migrations to sp
10.1126/science.abj5861	Local Connectivity and Synaptic Dynamics in Mouse and Human Neocortex	bioRxiv	To elucidate cortical microcircuit structure and synaptic properties we present a unique, extensive, and public synaptic physiology dataset and analysis platform. Through its application, we reveal principles that relate cell type to synapse properties and int
10.1101/2021.09.23.461548	A rise-to-threshold signal for a relative value deliberation	bioRxiv	Whereas progress has been made in identifying neural signals related to rapid, cued decisions1–4, less is known about how brains guide and terminate more ethologically relevant deliberations, where an animal’s own behavior governs the options experienced over 
10.1016/j.xpro.2025.104030	Protocol for detecting neuronal subnetworks from in vivo calcium imaging data using multiple clustering algorithms in MATLAB	STAR Protocols	Summary Neuronal subnetworks, defined by co-activation patterns, are fundamental units of brain computation. We provide a step-by-step workflow to detect subnetworks from in vivo calcium imaging data using multiple clustering algorithms in MATLAB. We apply sta
10.1002/pro.3993	The ImageJ ecosystem: Open‐source software for image visualization, processing, and analysis	Protein Science	For decades, biologists have relied on software to visualize and interpret imaging data. As techniques for acquiring images increase in complexity, resulting in larger multidimensional datasets, imaging software must adapt. ImageJ is an open‐source image analy
10.1101/829267	A versatile tiling light sheet microscope for cleared tissue imaging	bioRxiv	We present a versatile tiling light sheet microscope with advanced multicolor 3D imaging ability to image cleared tissues rapidly at cellular to subcellular spatial resolutions. The microscope is capable to adjust the spatial resolution and imaging speed conve
10.1371/journal.pcbi.0010042	The Human Connectome: A Structural Description of the Human Brain	PLoS Comput. Biol.	ABSTRACT The connection matrix of the human brain (the human “connectome”) represents an indispensable foundation for basic and applied neurobiological research. However, the network of anatomical connections linking the neuronal elements of the human brain is
10.1016/j.neuron.2016.03.014	Feeding State Modulates Behavioral Choice and Processing of Prey Stimuli in the Zebrafish Tectum.	Neuron	Animals use the sense of vision to scan their environment, respond to threats, and locate food sources. The neural computations underlying the selection of a particular behavior, such as escape or approach, require flexibility to balance potential costs and be
10.1101/2021.09.09.459396	Strong and specific connections between retinal axon mosaics and midbrain neurons revealed by large scale paired recordings		The superior colliculus (SC) is a midbrain structure that plays important roles in visually guided behaviors. Neurons in the SC receive afferent inputs from retinal ganglion cells (RGC), the output cells of the retina, but how SC neurons integrate RGC activity
10.1038/s41467-024-46827-2	Age-progressive interplay of HSP-proteostasis, ECM-cell junctions and biomechanics ensures C. elegans astroglial architecture	Nature Communications	Tissue integrity is sensitive to temperature, tension, age, and is sustained throughout life by adaptive cell-autonomous or extrinsic mechanisms. Safeguarding the remarkably-complex architectures of neurons and glia ensures age-dependent integrity of functiona
10.1093/gigascience/giaa147	Toward a scalable framework for reproducible processing of volumetric, nanoscale neuroimaging datasets	GigaScience	Abstract Background Emerging neuroimaging datasets (collected with imaging techniques such as electron microscopy, optical microscopy, or X-ray microtomography) describe the location and properties of neurons and their connections at unprecedented scale, promi
10.1016/j.neures.2024.11.001	Molecular, neural, and tissue circuits underlying physiological temperature responses in Caenorhabditis elegans.	Neurosciences research	Temperature is a constant environmental factor on Earth, acting as a continuous stimulus that organisms must constantly perceive to survive. Organisms possess neural systems that receive various types of environmental information, including temperature, and me
10.1111/j.1460-9568.2005.04522.x	Diversity of laminar connections linking periarcuate and lateral intraparietal areas depends on cortical structure	European Journal of Neuroscience	Abstract Lateral prefrontal and intraparietal cortices have strong connectional and functional associations but it is unclear how their common visuomotor, perceptual and working memory functions arise. The hierarchical scheme of cortical processing assumes tha
10.1021/jacs.8b11997	Spying on neuronal membrane potential with genetically targetable voltage indicators	Journal of the American Chemical Society	Methods for optical measurement of voltage dynamics in living cells are attractive because they provide spatial resolution surpassing traditional electrode-based measurements and temporal resolution exceeding that of widely-used Ca2+-imaging. Chemically-synthe
10.1371/journal.pone.0054050	Computer Assisted Assembly of Connectomes from Electron Micrographs: Application to Caenorhabditis elegans	PLoS ONE	A rate-limiting step in determining a connectome, the set of all synaptic connections in a nervous system, is extraction of the relevant information from serial electron micrographs. Here we introduce a software application, Elegance, that speeds acquisition o
10.3389/fbinf.2023.1308708	Segmentation of cellular ultrastructures on sparsely labeled 3D electron microscopy images using deep learning	Frontiers Bioinform.	Focused ion beam-scanning electron microscopy (FIB-SEM) images can provide a detailed view of the cellular ultrastructure of tumor cells. A deeper understanding of their organization and interactions can shed light on cancer mechanisms and progression. However
10.1038/s41586-022-05471-w	Structured cerebellar connectivity supports resilient pattern separation	Nature	The cerebellum is thought to help detect and correct errors between intended and executed commands^ 1 , 2 and is critical for social behaviours, cognition and emotion^ 3 – 6 . Computations for motor control must be performed quickly to correct errors in real t
10.64898/2026.07.09.737432	Learning the wiring rules of a mammalian cortical column	bioRxiv	Characterization of neural circuits’ architecture typically relies on measurable neuronal features such as morphology, molecular identity, and spatial location. While generative models lever-aging these properties have proven accurate, they remain constrained 
10.3390/brainsci11030342	The Graph of Our Mind	Brain Science	Graph theory in the last two decades penetrated sociology, molecular biology, genetics, chemistry, computer engineering, and numerous other fields of science. One of the more recent areas of its applications is the study of the connections of the human brain. 
10.1093/cercor/bhz226	Ultrastructural Evidence for a Role of Astrocytes and Glycogen-Derived Lactate in Learning-Dependent Synaptic Stabilization	Cerebral Cortex	Abstract Long-term memory formation (LTM) is a process accompanied by energy-demanding structural changes at synapses and increased spine density. Concomitant increases in both spine volume and postsynaptic density (PSD) surface area have been suggested but ne
10.1016/j.cub.2020.01.045	Spatial Comparisons of Mechanosensory Information Govern the Grooming Sequence in Drosophila	Current Biology	SUMMARY Animals integrate information from different sensory modalities, body parts, and time points to inform behavioral choice, but the relevant sensory comparisons and the underlying neural circuits are still largely unknown. We use the grooming behavior of
10.1007/978-3-540-69321-5_15	Segmentation of SBFSEM Volume Data of Neural Tissue by Hierarchical Classification	Lecture Notes in Computer Science	
10.1101/624528	Feedback inhibition and its control in an insect olfactory circuit	bioRxiv	Inhibitory neurons play critical roles in regulating and shaping olfactory responses in vertebrates and invertebrates. In insects, these roles are performed by relatively few neurons, which can be interrogated efficiently, revealing fundamental principles of o
10.1523/jneurosci.4179-07.2007	Nanoscale Organization of the MEC-4 DEG/ENaC Sensory Mechanotransduction Channel in Caenorhabditis elegans Touch Receptor Neurons	Journal of Neuroscience	Hearing, touch and proprioception are thought to involve direct activation of mechano-electrical transduction (MeT) channels. In Caenorhabditis elegans touch receptor neurons (TRNs), such channels contain two pore-forming subunits (MEC-4 and MEC-10) and two au
10.1073/pnas.2426180122	The fruit fly, Drosophila melanogaster, as a microrobotics platform	Proceedings of the National Academy of S	Significance Nature provides efficient solutions to complex challenges. Fruit flies, for example, navigate their environment with remarkable agility and can have their behavior precisely controlled through genetic manipulation—all within a 1 mg, 2.5 mm body. W
10.1038/s41593-025-02055-5	Recurrent pattern completion drives the neocortical representation of sensory inference	Nature Neuroscience	When sensory information is incomplete, the brain relies on prior expectations to infer perceptual objects. Despite the centrality of this process to perception, the neural mechanisms of sensory inference are not understood. Here we used illusory contours (ICs
10.1371/journal.pbio.1002572	Relative Contributions of Specific Activity Histories and Spontaneous Processes to Size Remodeling of Glutamatergic Synapses	PLoS Biology	The idea that synaptic properties are defined by specific pre- and postsynaptic activity histories is one of the oldest and most influential tenets of contemporary neuroscience. Recent studies also indicate, however, that synaptic properties often change spont
10.1111/adb.13019	Tyramine synthesis, vesicular packaging, and the SNARE complex function coordinately in astrocytes to regulate Drosophila alcohol sedation	Addiction Biology	Identifying mechanisms underlying alcohol‐related behaviors could provide important insights regarding the etiology of alcohol use disorder. To date, most genetic studies on alcohol‐related behavior in model organisms have focused on neurons, leaving the causa
10.3390/insects17060624	Analysis of Fall and Jump Behaviors in Freely Moving Drosophila melanogaster Using 58 fps Video	Insects	Simple Summary Falls are a major source of human disability and death, with interventions currently limited to exercise. Drosophila is a powerful model system for the analysis of movement disorders and possible interventions, both during normal aging and in Dr
10.1038/d41586-017-09031-5	Neuronal plasticity in nematode worms	Nature	
10.1101/2024.03.13.584757	A biological model of nonlinear dimensionality reduction	bioRxiv	Obtaining appropriate low-dimensional representations from high-dimensional sensory inputs in an unsupervised manner is essential for straightforward downstream processing. Although nonlinear dimensionality reduction methods such as t-distributed stochastic ne
10.7554/elife.78511	Single-cell transcriptome profiles of Drosophila fruitless-expressing neurons from both sexes	eLife	Drosophila melanogaster reproductive behaviors are orchestrated by fruitless neurons. We performed single-cell RNA-sequencing on pupal neurons that produce sex-specifically spliced fru transcripts, the fru P1-expressing neurons. Uniform Manifold Approximation 
10.3389/fphy.2020.525731	The Quantitative Comparison Between the Neuronal Network and the Cosmic Web	Frontiers of Physics	We investigate the similarities between two of the most challenging and complex systems in Nature: the network of neuronal cells in the human brain, and the cosmic network of galaxies. We explore the structural, morphological, network properties and the memory
10.1016/j.cois.2024.101219	Fly into Tranquility: GABA’s role in Drosophila Sleep	Current Opinion in Insect Science	Sleep is conserved across the animal kingdom, and Drosophila melanogaster is a prime model to understand its intricate circadian and homeostatic control. Gamma-aminobutyric acid (GABA), the brain’s main inhibitory neurotransmitter, plays a central role in slee
10.3389/fncom.2011.00008	The Role of Degree Distribution in Shaping the Dynamics in Networks of Sparsely Connected Spiking Neurons	Frontiers in Computational Neuroscience	Neuronal network models often assume a fixed probability of connection between neurons. This assumption leads to random networks with binomial in-degree and out-degree distributions which are relatively narrow. Here I study the effect of broad degree distribut
10.1038/nbt.3563	A split horseradish peroxidase for detection of intercellular protein-protein interactions and sensitive visualization of synapses	Nature Biotechnology	Intercellular protein–protein interactions (PPIs) enable communication between cells in diverse biological processes, including cell proliferation, immune responses, infection, and synaptic transmission, but they are challenging to visualize because existing t
10.1002/cne.25082	Functional, molecular and morphological heterogeneity of superficial interneurons in the larval zebrafish tectum	The Journal of comparative neurology	The superficial interneurons, SINs, of the zebrafish tectum, have been implicated in a range of visual functions, including size discrimination, directional selectivity, and looming‐evoked escape. This raises the question if SIN subpopulations, despite their m
10.1146/annurev.neuro.31.060407.125552	Multifunctional pattern-generating circuits.	Annual Review of Neuroscience	The ability of distinct anatomical circuits to generate multiple behavioral patterns is widespread among vertebrate and invertebrate species. These multifunctional neuronal circuits are the result of multistable neural dynamics and modular organization. The ev
10.1038/nn.4290	Dense EM-based reconstruction of the interglomerular projectome in the zebrafish olfactory bulb	Nature Neuroscience	The dense reconstruction of neuronal circuits from volumetric electron microscopy (EM) data has the potential to uncover fundamental structure-function relationships in the brain. To address bottlenecks in the workflow of this emerging methodology, we develope
10.1109/cvpr.2010.5540029	Neuron geometry extraction by perceptual grouping in ssTEM images	2010 IEEE Computer Society Conference on	In the field of neuroanatomy, automatic segmentation of electron microscopy images is becoming one of the main limiting factors in getting new insights into the functional structure of the brain. We propose a novel framework for the segmentation of thin elonga
10.1038/s41593-021-00984-5	Hypothalamic melanin-concentrating hormone regulates hippocampus-dorsolateral septum activity	Nature Neuroscience	Hypothalamic melanin-concentrating hormone (MCH) polypeptide contributes to regulating energy homeostasis, sleep and memory, although the mechanistic bases of its effects are unknown. In this study, in mice, we uncovered the physiological mechanism underlying 
10.1101/065722	Connectivity map of bipolar cells and photoreceptors in the mouse retina	bioRxiv	Visual processing begins at the first synapse of the visual system. In the mouse retina, three different types of photoreceptors provide input to 14 bipolar cell (BC) types. Classically, most BC types are thought to contact all cones within their dendritic fie
10.1093/genetics/iyae119	Tools and methods for cell ablation and cell inhibition in Caenorhabditis elegans	Genetics	Abstract To understand the function of cells such as neurons within an organism, it can be instrumental to inhibit cellular function, or to remove the cell (type) from the organism, and thus to observe the consequences on organismic and/or circuit function and
10.1016/j.cub.2019.04.002	Neuroscience: The Hidden Diversity of Electrical Synapses	Current Biology	The complete description of the expression of gap junction proteins in the nervous system of the worm reveals a great complexity of their distribution amongst different neuronal classes, opening an unprecedented opportunity to expose the functional diversity o
10.1093/genetics/iyad047	Distinct clusters of human pain gene orthologs in Caenorhabditis elegans regulate thermo-nociceptive sensitivity and plasticity	Genetics	Abstract The detection and avoidance of harmful stimuli are essential animal capabilities. The molecular and cellular mechanisms controlling nociception and its plasticity are conserved, genetically controlled processes of broad biomedical interest given their
10.1038/nature14182	Functional organization of excitatory synaptic strength in primary visual cortex	Nature	The strength of synaptic connections fundamentally determines how neurons influence each other’s firing. Excitatory connection amplitudes between pairs of cortical neurons vary over two orders of magnitude, comprising only very few strong connections among man
10.1083/jcb.201301072	The Bruchpilot cytomatrix determines the size of the readily releasable pool of synaptic vesicles	Journal of Cell Biology	Two Bruchpilot isoforms create a stereotypic arrangement of the cytomatrix that defines the size of the readily releasable pool of synaptic vesicles.
10.1016/j.eswa.2025.129847	Prior feature efficient diffusion model for 3D MRI image super-resolution improving brain connectomics analysis	Expert systems with applications	
10.1016/j.media.2025.103498	Imaging the structural connectome with hybrid MRI-microscopy tractography	Medical Image Analysis	Mapping how neurons are structurally wired into whole-brain networks can be challenging, particularly in larger brains where 3D microscopy is not available. Multi-modal datasets combining MRI and microscopy provide a solution, where high resolution but 2D micr
10.1038/s41598-018-33633-2	Feature selectivity is stable in primary visual cortex across a range of spatial frequencies	Scientific Reports	Reliable perception of environmental signals is a critical first step to generating appropriate responses and actions in awake behaving animals. The extent to which stimulus features are stably represented at the level of individual neurons is not well underst
10.3390/informatics4030029	Scalable Interactive Visualization for Connectomics	Informatics	Connectomics has recently begun to image brain tissue at nanometer resolution, which produces petabytes of data. This data must be aligned, labeled, proofread, and formed into graphs, and each step of this process requires visualization for human verification.
10.1101/2020.12.15.422897	Molecular topography of an entire nervous system	bioRxiv	Nervous systems are constructed from a deep repertoire of neuron types but the underlying gene expression programs that specify individual neuron identities are poorly understood. To address this deficit, we have produced an expression profile of all 302 neuro
10.1101/2020.05.01.072157	Release sites are positioned to activate NMDA receptors	bioRxiv	Neurotransmitter is released synchronously and asynchronously following an action potential. The release sites of these two phases are segregated within an active zone, with asynchronous release sites enriched near the center. Here we demonstrate that synchron
10.1016/j.cell.2018.06.019	A Complete Electron Microscopy Volume of the Brain of Adult Drosophila melanogaster	bioRxiv	Drosophila melanogaster has a rich repertoire of innate and learned behaviors. Its 100,000–neuron brain is a large but tractable target for comprehensive neural circuit mapping. Only electron microscopy (EM) enables complete, unbiased mapping of synaptic conne
10.1002/ame2.12487	Animal models in neuroscience with alternative approaches: Evolutionary, biomedical, and ethical perspectives	Animal Models and Experimental Medicine	Animal models have been a crucial tool in neuroscience research for decades, providing insights into the biomedical and evolutionary mechanisms of the nervous system, disease, and behavior. However, their use has raised concerns on several ethical, clinical, a
10.1016/j.celrep.2023.112782	Laminar and dorsoventral organization of layer 1 interneuronal microcircuitry in superficial layers of the medial entorhinal cortex.	Cell Reports	Layer 1 (L1) interneurons (INs) participate in various brain functions by gating information flow in the neocortex, but their role in the medial entorhinal cortex (MEC) is still unknown, largely due to scant knowledge of MEC L1 microcircuitry. Using simultaneo
10.1038/s41586-025-09652-1	The new frontier in understanding human and mammalian brain development	Nature	Neurodevelopmental disorders that cause cognitive, behavioural or motor impairments affect around 15% of children and adolescents worldwide1, with diagnoses of profound autism and attention deficit hyperactivity disorder increasing in the USA and contributing 
10.1007/s00422-025-01030-4	Task success in trained spiking neural network models coincides with emergence of cross-stimulus-modulated inhibition	Biological cybernetics	The neocortex is composed of spiking neurons interconnected in a sparse, recurrent network. Spiking activity within these networks underlies the computations that transform sensory inputs into appropriate behavioral responses. In this study, we train recurrent
10.1007/s00418-017-1564-6	Quantifying Golgi structure using EM: combining volume-SEM and stereology for higher throughput	Histochemistry and Cell Biology	Investigating organelles such as the Golgi complex depends increasingly on high-throughput quantitative morphological analyses from multiple experimental or genetic conditions. Light microscopy (LM) has been an effective tool for screening but fails to reveal 
10.1016/j.neucom.2014.11.033	Fly visual system inspired artificial neural network for collision detection	Neurocomputing	This work investigates one bio-inspired collision detection system based on fly visual neural structures, in which collision alarm is triggered if an approaching object in a direct collision course appears in the field of view of a camera or a robot, together 
10.1016/j.neuron.2022.04.010	Recurrent circadian circuitry regulates central brain activity to maintain sleep.	Neuron	Animal brains have discrete circadian neurons, but little is known about how they are coordinated to influence and maintain sleep. Here, through a systematic optogenetic screening, we identified a subtype of uncharacterized circadian DN3 neurons that is strong
10.1038/s41378-022-00479-8	Nanomaterial-based microelectrode arrays for in vitro bidirectional brain–computer interfaces: a review	Microsystems & Nanoengineering	A bidirectional in vitro brain–computer interface (BCI) directly connects isolated brain cells with the surrounding environment, reads neural signals and inputs modulatory instructions. As a noninvasive BCI, it has clear advantages in understanding and exploit
10.1093/cercor/bhn130	L2/3 interneuron groups defined by multiparameter analysis of axonal projection, dendritic geometry, and electrical excitability.	Cerebral Cortex	For a detailed description of the circuitry of cortical columns at the level of single neurons, it is essential to define the identities of the cell types that constitute these columns. For interneurons (INs), we described 4 "types of axonal projection pattern
10.3389/fbinf.2024.1435733	SciJava Ops: an improved algorithms framework for Fiji and beyond	Frontiers Bioinform.	Decades of iteration on scientific imaging hardware and software has yielded an explosion in not only the size, complexity, and heterogeneity of image datasets but also in the tooling used to analyze this data. This wealth of image analysis tools, spanning dif
10.1101/2023.04.23.537987	ElegansNet: a brief scientific report and initial experiments	bioRxiv	This research report introduces ElegansNet, a neural network that mimics real-world neuronal network circuitry, with the goal of better understanding the interplay between connectome topology and deep learning systems. The proposed approach utilizes the powerf
10.3389/fnins.2021.738088	Olfactory Receptor Gene Regulation in Insects: Multiple Mechanisms for Singular Expression	Frontiers in Neuroscience	The singular expression of insect olfactory receptors in specific populations of olfactory sensory neurons is fundamental to the encoding of odors in patterns of neuronal activity in the brain. How a receptor gene is selected, from among a large repertoire in 
10.1016/j.neuron.2018.08.008	CORRELATION OF SYNAPTIC INPUTS IN THE VISUAL CORTEX OF AWAKE BEHAVING MICE	Neuron	Summary The subthreshold mechanisms that underlie neuronal correlations in awake animals are poorly understood. Here, we perform dual whole-cell recordings in the visual cortex (V1) of awake mice to investigate membrane potential (Vm) correlations between uppe
10.1002/glia.21084	The glia of Caenorhabditis elegans	Glia	Glia have been, in many ways, the proverbial elephant in the room. Although glia are as numerous as neurons in vertebrate nervous systems, technical and other concerns had left research on these cells languishing, whereas research on neurons marched on. Import
10.1101/137976	Lewy pathology in Parkinson’s disease consists of a crowded organellar, membranous medley	bioRxiv	Parkinson’s disease, the most common age-related movement disorder, is a progressive neurodegenerative disease with unclear etiology. Key neuropathological hallmarks are Lewy bodies and Lewy neurites, which are neuronal inclusions that are immunopositive for t
10.1016/j.cell.2011.08.053	The neural circuits and synaptic mechanisms underlying motor initiation in C. elegans	Cell	Summary C. elegans is widely used to dissect how neural circuits and genes generate behavior. During locomotion, worms initiate backward movement to change locomotion direction spontaneously or in response to sensory cues; however, the underlying neural circui
10.1016/b978-0-12-391856-7.00043-3	Methods for three-dimensional analysis of dendritic spine dynamics.	Methods in Enzymology	Dendritic spines are small bulbous expansions that receive input from a single excitatory synapse. Although spines are often characterized by a mushroom-like morphology, they come in a wide range of sizes and shapes, even within the same dendrite. In a develop
10.1016/j.neuron.2006.06.017	A Cooperative Switch Determines the Sign of Synaptic Plasticity in Distal Dendrites of Neocortical Pyramidal Neurons	Neuron	Summary Pyramidal neurons in the cerebral cortex span multiple cortical layers. How the excitable properties of pyramidal neuron dendrites allow these neurons to both integrate activity and store associations between different layers is not well understood, bu
10.9729/am.2016.46.4.171	Nano-Resolution Connectomics Using Large-Volume Electron Microscopy		The brain is organized into functionally and topographically specific areas. This functional distinction among brain regions is mainly achieved by different types of neurons (e.g., excitatory and inhibitory), their relative abundance in each area, and their sp
10.1109/cvpr52733.2024.02100	FISBe: A Real-World Benchmark Dataset for Instance Segmentation of Long-Range thin Filamentous Structures	Computer Vision and Pattern Recognition	Instance segmentation of neurons in volumetric light microscopy images of nervous systems enables ground-breaking research in neuroscience by facilitating joint functional and morphological analyses of neural circuits at cel-lular resolution. Yet said multi-ne
10.3389/fnsyn.2016.00018	Understanding Synaptogenesis and Functional Connectome in C. elegans by Imaging Technology	Frontiers in Synaptic Neuroscience	Formation of functional synapses is a fundamental process for establishing neural circuits and ultimately for expressing complex behavior. Extensive research has interrogated how such functional synapses are formed and how synapse formation contributes to the 
10.7554/elife.46421	Imaging neuropeptide release at synapses with a genetically engineered reporter	eLife	Research on neuropeptide function has advanced rapidly, yet there is still no spatio-temporally resolved method to measure the release of neuropeptides in vivo. Here we introduce Neuropeptide Release Reporters (NPRRs): novel genetically-encoded sensors with hi
10.1177/1073858410387304	Astrocytes as Regulators of Synaptic Function: A Quest for the Ca2+ Master Key	The Neuroscientist	The emerging role of astrocytes in neural communication represents a conceptual challenge. In striking contrast to the rapid and highly space- and time-constrained machinery of neuronal spike propagation and synaptic release, astroglia appear slow and imprecis
10.1038/s41586-024-07851-w	Cooperative thalamocortical circuit mechanism for sensory prediction errors	bioRxiv	The brain functions as a prediction machine, utilizing an internal model of the world to anticipate sensations and the outcomes of our actions. Discrepancies between expected and actual events, referred to as prediction errors, are leveraged to update the inte
10.1152/ajplung.00333.2019	Volume-CLEM: A Method for Correlative Light- and Electron-Microscopy in Three Dimensions.	American Journal of Physiology - Lung ce	Generation of 3D datasets from serial sections of tissues imaged by light microscopy (LM) allows identification of rare structures by morphology or fluorescent labeling. Here, we demonstrate a workflow for correlative light- and electron microscopy (EM) from t
10.1073/pnas.2409160121	Encoding innate ability through a genomic bottleneck	bioRxiv	Animals are born with extensive innate behavioral capabilities, which arise from neural circuits encoded in the genome. However, the information capacity of the genome is orders of magnitude smaller than that needed to specify the connectivity of an arbitrary 
10.1109/tvcg.2020.3030451	The Mixture Graph-A Data Structure for Compressing, Rendering, and Querying Segmentation Histograms	IEEE Transactions on Visualization and C	In this paper, we present a novel data structure, called the Mixture Graph. This data structure allows us to compress, render, and query segmentation histograms. Such histograms arise when building a mipmap of a volume containing segmentation IDs. Each voxel i
10.3390/ijms27052361	From Microscopy to Nanoscopy: Contemporary Physical Methods in Mitochondrial Structural Biology	International Journal of Molecular Scien	Mitochondria play a crucial role in cellular bioenergetics, signaling, and metabolism; yet, many fundamental mechanisms such as the proton transfer along the membranes, the link between membrane curvature and oxidative phosphorylation, and the nanoscale organi
10.1016/j.xpro.2020.100232	ATUM-FIB microscopy for targeting and multiscale imaging of rare events in mouse cortex	STAR Protocols	Summary Here, we describe a detailed workflow for ATUM-FIB microscopy, a hybrid method that combines serial-sectioning scanning electron microscopy (SEM) with focused ion beam SEM (FIB-SEM). This detailed protocol is optimized for mouse cortex samples. The mai
10.1007/s00359-009-0481-0	Local and global motion preferences in descending neurons of the fly	Journal of Comparative Physiology	For a moving animal, optic flow is an important source of information about its ego-motion. In flies, the processing of optic flow is performed by motion sensitive tangential cells in the lobula plate. Amongst them, cells of the vertical system (VS cells) have
10.1111/j.1469-7793.2000.00489.x	Dendritic release of glutamate suppresses synaptic inhibition of pyramidal neurons in rat neocortex	Journal of Physiology	Dual whole-cell recordings were made in layer 2/3 of the rat neocortex in synaptically connected pyramidal cells and fast-spiking non-accommodating (FSN) interneurons. In 75% of cell pairs (n = 80), the cells formed reciprocal synaptic connections. Trains of b
10.3389/fnana.2016.00110	Connectomic Analysis of Brain Networks: Novel Techniques and Future Directions	Frontiers in Neuroanatomy	Brain networks, localized or brain-wide, exist only at the cellular level, i.e., between specific pre- and post-synaptic neurons, which are connected through functionally diverse synapses located at specific points of their cell membranes. “Connectomics” is th
10.1038/nn1891	Channelrhodopsin-2–assisted circuit mapping of long-range callosal projections	Nature Neuroscience	The functions of cortical areas depend on their inputs and outputs, but the detailed circuits made by long-range projections are unknown. We show that the light-gated channel channelrhodopsin-2 (ChR2) is delivered to axons in pyramidal neurons in vivo. In brai
10.1016/j.tics.2017.03.002	A Network Model of the Emotional Brain	Trends in Cognitive Sciences	Emotion is often understood in terms of a circumscribed set of cortical and subcortical brain regions. I propose, instead, that emotion be understood in terms of large-scale network interactions spanning the entire neuroaxis. I describe multiple anatomical and
10.1038/nn980	Neuron-to-astrocyte signaling is central to the dynamic control of brain microcirculation	Nature Neuroscience	The cellular mechanisms underlying functional hyperemia--the coupling of neuronal activation to cerebral blood vessel responses--are not yet known. Here we show in rat cortical slices that the dilation of arterioles triggered by neuronal activity is dependent 
10.1101/2021.04.22.441034	Computational Roles of Intrinsic Synaptic Dynamics	bioRxiv	Conventional theories assume that long-term information storage in the brain is implemented by modifying synaptic efficacy. Recent experimental findings challenge this view by demonstrating that dendritic spine sizes, or their corresponding synaptic weights, a
10.7554/elife.52781	Dynamics of pattern formation and emergence of swarming in Caenorhabditis elegans	eLife	Many animals collectively form complex patterns to tackle environmental difficulties. Several biological and physical factors, such as animal motility, population densities, and chemical cues, play significant roles in this process. However, very little is kno
10.1523/jneurosci.5014-13.2014	Specialized Pathways from the Primate Amygdala to Posterior Orbitofrontal Cortex	Journal of Neuroscience	The primate amygdala sends dense projections to posterior orbitofrontal cortex (pOFC) in pathways that are critical for processing emotional content, but the synaptic mechanisms are not understood. We addressed this issue by investigating pathways in rhesus mo
10.1016/j.cell.2018.04.041	A fine-scale functional logic to convergence from retina to thalamus	Cell	Summary Numerous well-defined classes of retinal ganglion cells innervate the thalamus to guide image-forming vision, yet the rules governing their convergence and divergence remain unknown. Using two-photon calcium imaging in awake mouse thalamus, we observed
10.1371/journal.pone.0052823	Imaging Trans-Cellular Neurexin-Neuroligin Interactions by Enzymatic Probe Ligation	PLoS ONE	Neurexin and neuroligin are transmembrane adhesion proteins that play an important role in organizing the neuronal synaptic cleft. Our lab previously reported a method for imaging the trans-synaptic binding of neurexin and neuroligin called BLINC (Biotin Label
10.1109/tvcg.2018.2864847	Culling for Extreme-Scale Segmentation Volumes: A Hybrid Deterministic and Probabilistic Approach	IEEE Transactions on Visualization and C	With the rapid increase in raw volume data sizes, such as terabyte-sized microscopy volumes, the corresponding segmentation label volumes have become extremely large as well. We focus on integer label data, whose efficient representation in memory, as well as 
10.64898/2025.12.09.693109	EMCF ecosystem: Towards pretrained foundation model for electron microscopy image analysis	bioRxiv	Volume electron microscopy (vEM) enables nanoscale visualization of three-dimensional (3D) cellular ultrastructure, providing critical insights into physiological processes and pathological alterations. However, its application to large-scale biological tissue
10.1016/j.conb.2013.08.017	Neural maps versus salt-and-pepper organization in visual cortex.	Current Opinion in Neurobiology	Theoretical neuroscientists have long been intrigued by the spatial patterns of neuronal selectivities observed in the visual cortices of many mammals, including primates. While theoretical studies have contributed significantly to our understanding of how the
10.1016/b978-1-4832-2795-5.50121-0	SUBMICROSCOPIC BASES OF SYNAPTIC ORGANIZATION IN GASTEROPOD NERVOUS SYSTEM	Electron Microscopy	
10.1017/s0952523811000344	The tasks of amacrine cells	Visual Neuroscience	Abstract Their unique patterns of size, numbers, and stratification indicate that amacrine cells have diverse functions. These are mostly unknown, as studies using imaging and electrophysiological methods have only recently begun. However, some of the events t
10.1371/journal.pcbi.1004439	A Three-Threshold Learning Rule Approaches the Maximal Capacity of Recurrent Neural Networks	PLoS Comput. Biol.	Understanding the theoretical foundations of how memories are encoded and retrieved in neural populations is a central challenge in neuroscience. A popular theoretical scenario for modeling memory function is the attractor neural network scenario, whose protot
10.1111/ejn.13439	Comparative effects of adaptation on layers II–III and V–VI neurons in cat V1	European Journal of Neuroscience	Abstract V1 is fundamentally grouped into columns that descend from layers II – III to V– VI . Neurons inherent to visual cortex are capable of adapting to changes in the incoming stimuli that drive the cortical plasticity. A principle feature called orientati
10.1523/eneuro.0281-23.2023	Examining Sleep Modulation by Drosophila Ellipsoid Body Neurons	eNeuro	Abstract Recent work in Drosophila has uncovered several neighboring classes of sleep-regulatory neurons within the central complex. However, the logic of connectivity and network motifs remains limited by the incomplete examination of relevant cell types. Usi
10.3389/fncom.2014.00083	Depth information in natural environments derived from optic flow by insect motion detection system: a model analysis	Frontiers in Computational Neuroscience	Knowing the depth structure of the environment is crucial for moving animals in many behavioral contexts, such as collision avoidance, targeting objects, or spatial navigation. An important source of depth information is motion parallax. This powerful cue is g
10.1523/jneurosci.4600-13.2014	Deprivation-Induced Strengthening of Presynaptic and Postsynaptic Inhibitory Transmission in Layer 4 of Visual Cortex during the Critical Period	Journal of Neuroscience	Inhibition from fast-spiking (FS) interneurons plays a crucial role in shaping cortical response properties and gating developmental periods of activity-dependent plasticity, yet the expression mechanisms underlying FS inhibitory plasticity remain largely unex
10.1016/j.neuron.2014.08.052	Stroke and the connectome: how connectivity guides therapeutic intervention.	Neuron	Connections between neurons are affected within 3 min of stroke onset by massive ischemic depolarization and then delayed cell death. Some connections can recover with prompt reperfusion; others associated with the dying infarct do not. Disruption in functiona
10.1016/j.cub.2014.06.025	Activity-dependent structural plasticity of perisynaptic astrocytic domains promotes excitatory synapse stability.	Current Biology	Background Excitatory synapses in the CNS are highly dynamic structures that can show activity-dependent remodeling and stabilization in response to learning and memory. Synapses are enveloped with intricate processes of astrocytes known as perisynaptic astroc
10.1371/journal.pone.0290326	Common knowledge processing patterns in networks of different systems	PLoS ONE	Knowledge processing has patterns which can be found in biological neuron activity and artificial neural networks. The work explores whether an underlying structure exists for knowledge which crosses domains. The results show common data processing patterns in
10.3389/fbinf.2023.1233748	Moving beyond the desktop: prospects for practical bioimage analysis via the web	Frontiers Bioinform.	As biological imaging continues to rapidly advance, it results in increasingly complex image data, necessitating a reevaluation of conventional bioimage analysis methods and their accessibility. This perspective underscores our belief that a transition from de
10.1371/journal.pone.0189320	FLP-1 neuropeptides modulate sensory and motor circuits in the nematode Caenorhabditis elegans	PLoS ONE	Parasitic nematodes infect over one quarter of the population worldwide, causing morbidity in over one billion people. Current anthelmintic drugs are beginning to lose effectiveness due to the presence of resistant strains. We are interested in the role of neu
10.1002/cne.23482	A new efficient method for synaptic vesicle quantification reveals differences between medial prefrontal cortex perforated and nonperforated synapses	The Journal of comparative neurology	ABSTRACT Communication between neurons is mediated by the release of neurotransmitter‐containing vesicles from presynaptic terminals. Quantitative characterization of synaptic vesicles can be highly valuable for understanding mechanisms underlying synaptic fun
10.1016/j.conb.2011.12.002	Functional imaging in freely moving animals.	Current Opinion in Neurobiology	Uncovering the relationships between animal behavior and cellular activity in the brain has been one of the key aims of neuroscience research for decades, and still remains so. Electrophysiological approaches have enabled sparse sampling from electrically exci
10.7554/elife.57685	Spatial readout of visual looming in the central brain of Drosophila	eLife	Visual systems can exploit spatial correlations in the visual scene by using retinotopy, the organizing principle by which neighboring cells encode neighboring spatial locations. However, retinotopy is often lost, such as when visual pathways are integrated wi
10.64898/2026.06.05.730322	From homeostasis to credit assignment: a signed-XOR connectomic motif for local directional error signalling	bioRxiv	Biological neural circuits are widely thought to require local error signals that tell synapses not only that a prediction is wrong, but also in which direction to change. We previously proposed that a six-neuron XOR motif acts as a homeostatic comparator: mat
10.1038/srep02926	Self-organized noise resistance of oscillatory neural networks with spike timing-dependent plasticity	Scientific Reports	Intuitively one might expect independent noise to be a powerful tool for desynchronizing a population of synchronized neurons. We here show that, intriguingly, for oscillatory neural populations with adaptive synaptic weights governed by spike timing-dependent
10.1038/nn.3854	A genetically specified connectomics approach applied to long-range feeding regulatory circuits	Nature Neuroscience	Synaptic connectivity and molecular composition provide a blueprint for information processing in neural circuits. Detailed structural analysis of neural circuits requires nanometer resolution, which can be obtained with serial-section electron microscopy. How
10.1523/jneurosci.2927-11.2012	Subsynaptic AMPA Receptor Distribution Is Acutely Regulated by Actin-Driven Reorganization of the Postsynaptic Density	Journal of Neuroscience	AMPA receptors (AMPARs) mediate synaptic transmission and plasticity during learning, development, and disease. Mechanisms determining subsynaptic receptor position are poorly understood but are key determinants of quantal size. We used a series of live-cell, 
10.64898/2026.06.16.732577	VFB-MCP: Natural-Language Access to Drosophila Neuroscience Grounded by an Expert-Curated Ontology-Led Knowledgebase	bioRxiv	Biological databases store curated knowledge that researchers traditionally access through web interfaces or APIs. To move beyond casual browsing requires domain-specific knowledge and expertise to frame the queries necessary to explore this data. This generat
10.1016/b978-0-12-814411-4.00005-6	Cortical columns	Neural Circuit and Cognitive Development	
10.52202/068431-1746	Structure-Aware Image Segmentation with Homotopy Warping	Neural Information Processing Systems	Besides per-pixel accuracy, topological correctness is also crucial for the segmentation of images with fine-scale structures, e.g., satellite images and biomedical images. In this paper, by leveraging the theory of digital topology, we identify pixels in an i
10.1038/nn.4134	Measuring macroscopic brain connections in vivo	Nature Neuroscience	Decades of detailed anatomical tracer studies in non-human animals point to a rich and complex organization of long-range white matter connections in the brain. State-of-the art in vivo imaging techniques are striving to achieve a similar level of detail in hu
10.1073/pnas.2314291121	A hierarchy index for networks in the brain reveals a complex entangled organizational structure	Proceedings of the National Academy of S	Significance Nervous systems are often schematically represented in terms of hierarchically arranged layers with stimuli in the “input” layer sequentially transformed through successive layers, eventually giving rise to response in the “output” layer. Empirica
10.1016/j.conb.2020.12.013	Developmental mechanisms underlying circuit wiring: Novel insights and challenges ahead	Current Opinion in Neurobiology	Synaptic connectivity within neural circuits is characterized by high degrees of cellular and subcellular specificity. This precision arises from the combined action of several classes of molecular cues, transmembrane receptors, secreted cues and extracellular
10.1371/journal.pgen.1010665	A sleep-active neuron can promote survival while sleep behavior is disturbed	bioRxiv	Sleep is controlled by neurons that induce behavioral quiescence and physiological restoration. It is not known, however, how sleep neurons link sleep behavior and survival. In Caenorhabditis elegans, the sleep-active RIS neuron induces sleep behavior and is r
10.1016/j.conb.2010.07.006	New resolving power for light microscopy: applications to neurobiology.	Current Opinion in Neurobiology	The recent invention of super-resolution fluorescence microscopy brings more than an order of magnitude gain in the spatial resolution of light microscopy. New opportunities keep emerging with the multicolor, three-dimensional, and live imaging functionalities
10.1016/j.tins.2007.06.010	Dendritic mechanisms controlling spike-timing-dependent synaptic plasticity.	Trends in Neurosciences	The ability of neurons to modulate the strength of their synaptic connections has been shown to depend on the relative timing of pre- and postsynaptic action potentials. This form of synaptic plasticity, called spike-timing-dependent plasticity (STDP), has bec
10.1523/jneurosci.3841-12.2013	Functional Differentiation of a Population of Electrically-Coupled Heterogeneous Elements in a Microcircuit	Journal of Neuroscience	Although electrical coupling is present in many microcircuits, the extent to which it will determine neuronal firing patterns and network activity remains poorly understood. This is particularly true when the coupling is present in a population of heterogeneou
10.3389/fncir.2019.00047	Uncovering the Transcriptional Correlates of Hub Connectivity in Neural Networks	Front. Neural Circuits	Connections in nervous systems are disproportionately concentrated on a small subset of neural elements that act as network hubs. Hubs have been found across different species and scales ranging from C. elegans to mouse, rat, cat, macaque, and human, suggestin
10.1113/jp273482	Degeneracy in the regulation of short‐term plasticity and synaptic filtering by presynaptic mechanisms	Journal of Physiology	Key points We develop a new biophysically rooted, physiologically constrained conductance‐based synaptic model to mechanistically account for short‐term facilitation and depression, respectively through residual calcium and transmitter depletion kinetics. We a
10.1038/srep06050	Robust image registration of biological microscopic images	Scientific Reports	Image registration of biological data is challenging as complex deformation problems are common. Possible deformation effects can be caused in individual data preparation processes, involving morphological deformations, stain variations, stain artifacts, rotat