cell_id,node_id
cell01,2
cell01,10
cell01,13
cell01,16
cell01,20
cell01,21
cell01,21
cell01,21
cell01,21
cell01,22
cell01,22
cell01,22
cell01,22
cell01,24
cell01,24
cell01,24
cell01,25
cell01,25
cell01,25
cell01,26
cell01,26
cell01,28
cell01,29
cell01,29
cell01,29
cell01,29
cell01,29
cell01,30
cell01,30
cell01,30
cell01,31
cell01,33
cell01,33
cell01,33
cell01,33
cell01,34
cell01,34
cell01,35
cell01,35
cell01,35
cell01,35
cell01,36
cell01,36
cell01,36
cell01,36
cell01,36
cell01,37
cell01,38
cell01,38
cell01,38
cell01,38
cell01,39
cell01,40
cell01,41
cell01,42
cell01,42
cell01,42
cell01,43
cell01,43
cell01,43
cell01,44
cell01,44
cell01,44
cell01,44
cell01,44
cell01,45
cell01,45
cell01,45
cell01,45
cell01,45
cell01,46
cell01,46
cell01,46
cell01,46
cell01,46
cell01,46
cell01,46
cell01,46
cell01,47
cell01,47
cell01,47
cell01,48
cell01,48
cell01,48
cell01,49
cell01,49
cell01,50
cell01,51
cell01,52
cell01,53
cell01,53
cell01,53
cell01,53
cell01,53
cell01,53
cell01,53
cell01,54
cell01,54
cell01,54
cell01,55
cell01,55
cell01,55
cell01,56
cell01,56
cell01,56
cell01,58
cell01,58
cell01,58
cell01,59
cell01,60
cell01,60
cell01,60
cell01,60
cell01,61
cell01,61
cell01,61
cell01,62
cell01,62
cell01,63
cell01,63
cell01,63
cell01,63
cell01,63
cell01,64
cell01,64
cell01,65
cell01,65
cell01,65
cell01,66
cell01,66
cell01,67
cell01,67
cell01,67
cell01,67
cell01,68
cell01,68
cell01,68
cell01,69
cell01,69
cell01,69
cell01,69
cell01,70
cell01,70
cell01,71
cell01,71
cell01,72
cell01,72
cell01,72
cell01,72
cell01,72
cell01,72
cell01,73
cell01,73
cell01,73
cell01,75
cell01,75
cell01,76
cell01,76
cell01,76
cell01,76
cell01,76
cell01,76
cell01,76
cell01,77
cell01,77
cell01,78
cell01,78
cell01,78
cell01,78
cell01,80
cell01,80
cell01,80
cell01,80
cell01,80
cell01,80
cell01,81
cell01,81
cell01,81
cell01,81
cell01,82
cell01,82
cell01,82
cell01,82
cell01,83
cell01,83
cell01,83
cell01,84
cell01,84
cell01,85
cell01,85
cell01,86
cell01,86
cell01,86
cell01,86
cell01,87
cell01,87
cell01,87
cell01,87
cell01,87
cell01,87
cell01,87
cell01,88
cell01,88
cell01,88
cell01,88
cell01,88
cell01,88
cell01,89
cell01,89
cell01,90
cell01,90
cell01,91
cell01,92
cell01,92
cell01,93
cell01,93
cell01,93
cell01,93
cell01,93
cell01,94
cell01,94
cell01,94
cell01,94
cell01,96
cell01,96
cell01,96
cell01,96
cell01,97
cell01,97
cell01,98
cell01,98
cell01,99
cell01,99
cell01,99
cell01,100
cell01,101
cell01,101
cell01,102
cell01,103
cell01,103
cell01,103
cell01,104
cell01,105
cell01,105
cell01,106
cell01,106
cell01,106
cell01,106
cell01,106
cell01,106
cell01,107
cell01,107
cell01,107
cell01,107
cell01,108
cell01,108
cell01,108
cell01,108
cell01,109
cell01,110
cell01,110
cell01,110
cell01,110
cell01,111
cell01,111
cell01,111
cell01,112
cell01,112
cell01,112
cell01,113
cell01,113
cell01,113
cell01,115
cell01,115
cell01,116
cell01,116
cell01,116
cell01,117
cell01,118
cell01,118
cell01,118
cell01,119
cell01,121
cell01,122
cell01,122
cell01,122
cell01,123
cell01,123
cell01,124
cell01,125
cell01,125
cell01,125
cell01,125
cell01,127
cell01,127
cell01,127
cell01,128
cell01,128
cell01,128
cell01,129
cell01,129
cell01,129
cell01,130
cell01,130
cell01,131
cell01,131
cell01,131
cell01,131
cell01,132
cell01,132
cell01,133
cell01,133
cell01,133
cell01,133
cell01,134
cell01,134
cell01,136
cell01,136
cell01,136
cell01,137
cell01,137
cell01,138
cell01,138
cell01,139
cell01,139
cell01,140
cell01,140
cell01,141
cell01,141
cell01,142
cell01,142
cell01,143
cell01,143
cell01,143
cell01,143
cell01,143
cell01,143
cell01,143
cell01,144
cell01,145
cell01,145
cell01,146
cell01,147
cell01,147
cell01,147
cell01,147
cell01,147
cell01,148
cell01,148
cell01,148
cell01,148
cell01,148
cell01,148
cell01,149
cell01,149
cell01,149
cell01,150
cell01,150
cell01,151
cell01,151
cell01,151
cell01,151
cell01,151
cell01,152
cell01,152
cell01,152
cell01,153
cell01,153
cell01,154
cell01,155
cell01,155
cell01,156
cell01,156
cell01,156
cell01,157
cell01,158
cell01,158
cell01,158
cell01,158
cell01,158
cell01,159
cell01,159
cell01,159
cell01,160
cell01,160
cell01,160
cell01,161
cell01,161
cell01,161
cell01,161
cell01,161
cell01,162
cell01,162
cell01,162
cell01,163
cell01,163
cell01,163
cell01,164
cell01,164
cell01,164
cell01,165
cell01,165
cell01,165
cell01,166
cell01,166
cell01,166
cell01,166
cell01,167
cell01,167
cell01,168
cell01,168
cell01,168
cell01,169
cell01,169
cell01,170
cell01,170
cell01,171
cell01,171
cell01,171
cell01,171
cell01,171
cell01,172
cell01,172
cell01,172
cell01,172
cell01,173
cell01,173
cell01,174
cell01,174
cell01,174
cell01,175
cell01,175
cell01,175
cell01,175
cell01,175
cell01,175
cell01,175
cell01,176
cell01,176
cell01,177
cell01,177
cell01,178
cell01,178
cell01,178
cell01,178
cell01,178
cell01,178
cell01,179
cell01,180
cell01,181
cell01,181
cell01,181
cell01,181
cell01,182
cell01,182
cell01,183
cell01,183
cell01,183
cell01,183
cell01,184
cell01,184
cell01,184
cell01,184
cell01,185
cell01,185
cell01,185
cell01,186
cell01,186
cell01,187
cell01,187
cell01,188
cell01,188
cell01,188
cell01,188
cell01,189
cell01,189
cell01,189
cell01,189
cell01,189
cell01,190
cell01,190
cell01,191
cell01,191
cell01,191
cell01,191
cell01,191
cell01,191
cell01,192
cell01,192
cell01,192
cell01,192
cell01,192
cell01,192
cell01,193
cell01,193
cell01,194
cell01,194
cell01,195
cell01,195
cell01,195
cell01,195
cell01,196
cell01,196
cell01,197
cell01,198
cell01,198
cell01,198
cell01,198
cell01,198
cell01,199
cell01,199
cell01,199
cell01,201
cell01,201
cell01,202
cell01,204
cell01,204
cell01,204
cell01,205
cell01,205
cell01,205
cell01,205
cell01,205
cell01,206
cell01,208
cell01,208
cell01,209
cell01,209
cell01,210
cell01,210
cell01,210
cell01,210
cell01,210
cell01,212
cell01,212
cell01,213
cell01,213
cell01,214
cell01,214
cell01,214
cell01,215
cell01,218
cell01,218
cell01,218
cell01,219
cell01,220
cell01,220
cell01,220
cell01,221
cell01,221
cell01,222
cell01,223
cell01,223
cell01,223
cell01,223
cell01,223
cell01,224
cell01,224
cell01,224
cell01,224
cell01,224
cell01,225
cell01,225
cell01,227
cell01,227
cell01,228
cell01,228
cell01,228
cell01,229
cell01,230
cell01,230
cell01,230
cell01,231
cell01,231
cell01,232
cell01,232
cell01,232
cell01,233
cell01,233
cell01,235
cell01,236
cell01,236
cell01,236
cell01,236
cell01,237
cell01,237
cell01,237
cell01,238
cell01,238
cell01,238
cell01,239
cell01,239
cell01,239
cell01,239
cell01,239
cell01,239
cell01,240
cell01,240
cell01,241
cell01,242
cell01,242
cell01,242
cell01,243
cell01,243
cell01,243
cell01,244
cell01,244
cell01,244
cell01,244
cell01,245
cell01,247
cell01,247
cell01,247
cell01,247
cell01,247
cell01,248
cell01,248
cell01,248
cell01,249
cell01,250
cell01,250
cell01,251
cell01,251
cell01,251
cell01,252
cell01,252
cell01,253
cell01,255
cell01,255
cell01,256
cell01,256
cell01,256
cell01,256
cell01,256
cell01,257
cell01,257
cell01,257
cell01,257
cell01,257
cell01,258
cell01,258
cell01,259
cell01,259
cell01,259
cell01,259
cell01,259
cell01,259
cell01,260
cell01,260
cell01,260
cell01,260
cell01,260
cell01,261
cell01,261
cell01,261
cell01,261
cell01,263
cell01,263
cell01,263
cell01,264
cell01,264
cell01,264
cell01,266
cell01,266
cell01,266
cell01,267
cell01,267
cell01,267
cell01,269
cell01,269
cell01,270
cell01,270
cell01,271
cell01,272
cell01,273
cell01,274
cell01,274
cell01,275
cell01,275
cell01,276
cell01,276
cell01,276
cell01,276
cell01,278
cell01,278
cell01,278
cell01,279
cell01,279
cell01,279
cell01,279
cell01,280
cell01,281
cell01,281
cell01,282
cell01,283
cell01,284
cell01,284
cell01,284
cell01,285
cell01,285
cell01,285
cell01,286
cell01,287
cell01,288
cell01,288
cell01,288
cell01,288
cell01,290
cell01,290
cell01,290
cell01,291
cell01,291
cell01,291
cell01,293
cell01,293
cell01,294
cell01,294
cell01,294
cell01,295
cell01,295
cell01,296
cell01,296
cell01,297
cell01,297
cell01,297
cell01,297
cell01,297
cell01,298
cell01,298
cell01,298
cell01,298
cell01,298
cell01,299
cell01,299
cell01,300
cell01,300
cell01,301
cell01,301
cell01,302
cell01,302
cell01,302
cell01,302
cell01,303
cell01,303
cell01,303
cell01,303
cell01,304
cell01,304
cell01,305
cell01,305
cell01,306
cell01,306
cell01,306
cell01,307
cell01,307
cell01,307
cell01,307
cell01,307
cell01,308
cell01,309
cell01,310
cell01,310
cell01,311
cell01,311
cell01,311
cell01,312
cell01,312
cell01,313
cell01,313
cell01,314
cell01,314
cell01,314
cell01,314
cell01,314
cell01,314
cell01,315
cell01,315
cell01,316
cell01,317
cell01,317
cell01,317
cell01,317
cell01,318
cell01,318
cell01,319
cell01,319
cell01,319
cell01,320
cell01,320
cell01,320
cell01,321
cell01,321
cell01,321
cell01,321
cell01,322
cell01,322
cell01,322
cell01,323
cell01,323
cell01,323
cell01,323
cell01,324
cell01,325
cell01,325
cell01,326
cell01,326
cell01,326
cell01,326
cell01,326
cell01,327
cell01,327
cell01,327
cell01,327
cell01,328
cell01,328
cell01,329
cell01,329
cell01,330
cell01,330
cell01,330
cell01,330
cell01,330
cell01,331
cell01,332
cell01,332
cell01,332
cell01,333
cell01,334
cell01,334
cell01,334
cell01,334
cell01,335
cell01,336
cell01,340
cell01,340
cell01,341
cell01,342
cell01,342
cell01,342
cell01,342
cell01,342
cell01,342
cell01,342
cell01,342
cell01,343
cell01,343
cell01,343
cell01,344
cell01,344
cell01,344
cell01,345
cell01,345
cell01,345
cell01,346
cell01,346
cell01,347
cell01,348
cell01,348
cell01,350
cell01,351
cell01,351
cell01,351
cell01,352
cell01,352
cell01,353
cell01,353
cell01,354
cell01,355
cell01,355
cell01,356
cell01,356
cell01,356
cell01,357
cell01,357
cell01,357
cell01,357
cell01,357
cell01,357
cell01,357
cell01,358
cell01,358
cell01,358
cell01,358
cell01,359
cell01,359
cell01,359
cell01,360
cell01,361
cell01,361
cell01,361
cell01,361
cell01,361
cell01,363
cell01,363
cell01,363
cell01,364
cell01,364
cell01,364
cell01,365
cell01,366
cell01,367
cell01,367
cell01,368
cell01,368
cell01,369
cell01,369
cell01,370
cell01,371
cell01,371
cell01,371
cell01,372
cell01,372
cell01,372
cell01,373
cell01,373
cell01,373
cell01,374
cell01,374
cell01,374
cell01,375
cell01,376
cell01,376
cell01,376
cell01,376
cell01,376
cell01,376
cell01,376
cell01,377
cell01,379
cell01,379
cell01,380
cell01,380
cell01,380
cell01,381
cell01,381
cell01,381
cell01,381
cell01,382
cell01,382
cell01,382
cell01,383
cell01,383
cell01,383
cell01,383
cell01,383
cell01,384
cell01,384
cell01,384
cell01,385
cell01,385
cell01,385
cell01,386
cell01,386
cell01,386
cell01,386
cell01,386
cell01,387
cell01,387
cell01,387
cell01,387
cell01,387
cell01,389
cell01,389
cell01,390
cell01,390
cell01,391
cell01,392
cell01,393
cell01,393
cell01,394
cell01,394
cell01,395
cell01,395
cell01,395
cell01,397
cell01,397
cell01,397
cell01,398
cell01,398
cell01,398
cell01,398
cell01,398
cell01,399
cell01,399
cell01,399
cell01,401
cell01,402
cell01,402
cell01,403
cell01,403
cell01,403
cell01,403
cell01,404
cell01,404
cell01,404
cell01,404
cell01,405
cell01,406
cell01,406
cell01,406
cell01,407
cell01,407
cell01,407
cell01,407
cell01,408
cell01,408
cell01,409
cell01,409
cell01,410
cell01,411
cell01,411
cell01,411
cell01,411
cell01,411
cell01,412
cell01,412
cell01,414
cell01,414
cell01,414
cell01,415
cell01,415
cell01,415
cell01,415
cell01,415
cell01,417
cell01,418
cell01,418
cell01,418
cell01,419
cell01,419
cell01,420
cell01,420
cell01,420
cell01,421
cell01,421
cell01,421
cell01,421
cell01,422
cell01,423
cell01,423
cell01,424
cell01,424
cell01,424
cell01,424
cell01,425
cell01,425
cell01,425
cell01,427
cell01,428
cell01,428
cell01,429
cell01,430
cell01,431
cell01,431
cell01,432
cell01,433
cell01,434
cell01,434
cell01,434
cell01,434
cell01,435
cell01,435
cell01,435
cell01,436
cell01,436
cell01,436
cell01,437
cell01,438
cell01,438
cell01,439
cell01,439
cell01,439
cell01,439
cell01,440
cell01,440
cell01,440
cell01,441
cell01,446
cell01,448
cell01,448
cell01,448
cell01,449
cell01,449
cell01,449
cell01,450
cell01,450
cell01,451
cell01,451
cell01,451
cell01,452
cell01,452
cell01,452
cell01,452
cell01,453
cell01,453
cell01,453
cell01,453
cell01,454
cell01,454
cell01,454
cell01,455
cell01,455
cell01,455
cell01,455
cell01,455
cell01,455
cell01,456
cell01,456
cell01,457
cell01,458
cell01,458
cell01,458
cell01,459
cell01,459
cell01,459
cell01,459
cell01,459
cell01,460
cell01,460
cell01,460
cell01,461
cell01,461
cell01,461
cell01,461
cell01,462
cell01,462
cell01,462
cell01,462
cell01,463
cell01,463
cell01,465
cell01,465
cell01,465
cell01,465
cell01,465
cell01,466
cell01,466
cell01,468
cell01,468
cell01,468
cell01,469
cell01,469
cell01,470
cell01,470
cell01,471
cell01,471
cell01,471
cell01,471
cell01,472
cell01,474
cell01,474
cell01,475
cell01,475
cell01,476
cell01,477
cell01,477
cell01,477
cell01,477
cell01,477
cell01,478
cell01,478
cell01,478
cell01,478
cell01,479
cell01,479
cell01,480
cell01,480
cell01,481
cell01,481
cell01,481
cell01,482
cell01,482
cell01,483
cell01,483
cell01,483
cell01,484
cell01,484
cell01,484
cell01,484
cell01,484
cell01,485
cell01,485
cell01,485
cell01,486
cell01,486
cell01,486
cell01,486
cell01,487
cell01,487
cell01,487
cell01,488
cell01,488
cell01,489
cell01,489
cell01,489
cell01,489
cell01,491
cell01,491
cell01,491
cell01,491
cell01,492
cell01,492
cell01,492
cell01,493
cell01,494
cell01,494
cell01,496
cell01,496
cell01,496
cell01,496
cell01,497
cell01,497
cell01,497
cell01,497
cell01,498
cell01,499
cell01,499
cell01,500
cell01,500
cell01,500
cell01,500
cell01,500
cell01,500
cell01,501
cell01,501
cell01,501
cell01,502
cell01,502
cell01,502
cell01,503
cell01,503
cell01,503
cell01,503
cell01,504
cell01,504
cell01,505
cell01,505
cell01,505
cell01,506
cell01,506
cell01,506
cell01,507
cell01,507
cell01,507
cell01,508
cell01,508
cell01,508
cell01,508
cell01,508
cell01,508
cell01,510
cell01,511
cell01,511
cell01,513
cell01,514
cell01,514
cell01,514
cell01,515
cell01,515
cell01,515
cell01,515
cell01,515
cell01,515
cell01,515
cell01,515
cell01,515
cell01,515
cell01,516
cell01,517
cell01,517
cell01,518
cell01,519
cell01,519
cell01,520
cell01,520
cell01,520
cell01,520
cell01,520
cell01,521
cell01,522
cell01,522
cell01,522
cell01,522
cell01,522
cell01,523
cell01,523
cell01,523
cell01,523
cell01,524
cell01,524
cell01,525
cell01,525
cell01,525
cell01,526
cell01,527
cell01,527
cell01,527
cell01,528
cell01,529
cell01,529
cell01,530
cell01,531
cell01,531
cell01,532
cell01,532
cell01,532
cell01,533
cell01,533
cell01,533
cell01,534
cell01,534
cell01,534
cell01,534
cell01,534
cell01,535
cell01,536
cell01,536
cell01,537
cell01,537
cell01,537
cell01,537
cell01,538
cell01,538
cell01,539
cell01,539
cell01,539
cell01,540
cell01,540
cell01,540
cell01,540
cell01,541
cell01,541
cell01,542
cell01,543
cell01,544
cell01,544
cell01,545
cell01,545
cell01,545
cell01,545
cell01,545
cell01,546
cell01,546
cell01,547
cell01,547
cell01,548
cell01,548
cell01,548
cell01,549
cell01,549
cell01,549
cell01,549
cell01,549
cell01,549
cell01,549
cell01,550
cell01,550
cell01,550
cell01,550
cell01,550
cell01,550
cell01,551
cell01,551
cell01,552
cell01,552
cell01,553
cell01,553
cell01,554
cell01,554
cell01,554
cell01,555
cell01,555
cell01,555
cell01,556
cell01,556
cell01,556
cell01,557
cell01,557
cell01,561
cell01,561
cell01,562
cell01,562
cell01,563
cell01,563
cell01,564
cell01,565
cell01,565
cell01,565
cell01,565
cell01,566
cell01,566
cell01,566
cell01,567
cell01,567
cell01,567
cell01,567
cell01,567
cell01,568
cell01,568
cell01,569
cell01,569
cell01,570
cell01,571
cell01,571
cell01,572
cell01,572
cell01,573
cell01,573
cell01,574
cell01,574
cell01,575
cell01,576
cell01,576
cell01,577
cell01,577
cell01,577
cell01,577
cell01,577
cell01,578
cell01,578
cell01,578
cell01,578
cell01,579
cell01,579
cell01,580
cell01,580
cell01,580
cell01,580
cell01,580
cell01,581
cell01,581
cell01,582
cell01,582
cell01,582
cell01,582
cell01,583
cell01,583
cell01,583
cell01,584
cell01,584
cell01,585
cell01,585
cell01,585
cell01,586
cell01,586
cell01,586
cell01,587
cell01,587
cell01,588
cell01,588
cell01,588
cell01,589
cell01,589
cell01,590
cell01,590
cell01,590
cell01,590
cell01,591
cell01,591
cell01,591
cell01,591
cell01,592
cell01,592
cell01,593
cell01,593
cell01,593
cell01,594
cell01,595
cell01,596
cell01,597
cell01,597
cell01,597
cell01,598
cell01,598
cell01,598
cell01,600
cell01,601
cell01,601
cell01,601
cell01,601
cell01,602
cell01,603
cell01,603
cell01,604
cell01,604
cell01,604
cell01,604
cell01,604
cell01,605
cell01,605
cell01,605
cell01,607
cell01,607
cell01,607
cell01,608
cell01,608
cell01,608
cell01,610
cell01,611
cell01,611
cell01,611
cell01,612
cell01,612
cell01,612
cell01,613
cell01,613
cell01,613
cell01,613
cell01,613
cell01,613
cell01,614
cell01,614
cell01,614
cell01,614
cell01,615
cell01,615
cell01,616
cell01,616
cell01,616
cell01,616
cell01,616
cell01,617
cell01,618
cell01,618
cell01,618
cell01,618
cell01,619
cell01,619
cell01,620
cell01,620
cell01,620
cell01,621
cell01,621
cell01,621
cell01,621
cell01,622
cell01,622
cell01,623
cell01,623
cell01,623
cell01,624
cell01,624
cell01,624
cell01,624
cell01,625
cell01,625
cell01,626
cell01,626
cell01,626
cell01,627
cell01,628
cell01,628
cell01,629
cell01,629
cell01,629
cell01,629
cell01,630
cell01,630
cell01,630
cell01,630
cell01,630
cell01,630
cell01,630
cell01,631
cell01,631
cell01,631
cell01,633
cell01,633
cell01,633
cell01,633
cell01,634
cell01,634
cell01,635
cell01,636
cell01,636
cell01,636
cell01,637
cell01,637
cell01,637
cell01,638
cell01,638
cell01,638
cell01,638
cell01,639
cell01,639
cell01,639
cell01,639
cell01,639
cell01,639
cell01,640
cell01,640
cell01,641
cell01,642
cell01,642
cell01,643
cell01,644
cell01,644
cell01,645
cell01,645
cell01,645
cell01,645
cell01,646
cell01,646
cell01,647
cell01,647
cell01,648
cell01,648
cell01,648
cell01,649
cell01,649
cell01,649
cell01,649
cell01,650
cell01,651
cell01,651
cell01,652
cell01,652
cell01,652
cell01,652
cell01,653
cell01,653
cell01,655
cell01,655
cell01,655
cell01,656
cell01,656
cell01,657
cell01,657
cell01,658
cell01,659
cell01,660
cell01,664
cell01,664
cell01,664
cell01,664
cell01,665
cell01,665
cell01,665
cell01,665
cell01,665
cell01,666
cell01,666
cell01,666
cell01,666
cell01,666
cell01,666
cell01,667
cell01,667
cell01,667
cell01,668
cell01,669
cell01,669
cell01,669
cell01,669
cell01,671
cell01,671
cell01,671
cell01,671
cell01,672
cell01,672
cell01,672
cell01,672
cell01,673
cell01,673
cell01,674
cell01,674
cell01,674
cell01,674
cell01,675
cell01,675
cell01,676
cell01,677
cell01,677
cell01,677
cell01,678
cell01,679
cell01,679
cell01,679
cell01,679
cell01,680
cell01,681
cell01,681
cell01,681
cell01,681
cell01,681
cell01,682
cell01,683
cell01,683
cell01,683
cell01,683
cell01,684
cell01,684
cell01,685
cell01,685
cell01,685
cell01,686
cell01,686
cell01,687
cell01,687
cell01,687
cell01,687
cell01,687
cell01,688
cell01,689
cell01,689
cell01,689
cell01,689
cell01,689
cell01,690
cell01,690
cell01,691
cell01,691
cell01,692
cell01,692
cell01,693
cell01,693
cell01,693
cell01,694
cell01,695
cell01,695
cell01,695
cell01,695
cell01,695
cell01,696
cell01,696
cell01,697
cell01,697
cell01,697
cell01,698
cell01,698
cell01,698
cell01,698
cell01,699
cell01,700
cell01,700
cell01,700
cell01,701
cell01,702
cell01,702
cell01,703
cell01,704
cell01,704
cell01,704
cell01,705
cell01,705
cell01,706
cell01,706
cell01,707
cell01,708
cell01,708
cell01,708
cell01,709
cell01,709
cell01,710
cell01,710
cell01,710
cell01,710
cell01,712
cell01,712
cell01,713
cell01,714
cell01,714
cell01,714
cell01,715
cell01,715
cell01,715
cell01,716
cell01,717
cell01,718
cell01,718
cell01,718
cell01,719
cell01,719
cell01,719
cell01,719
cell01,720
cell01,720
cell01,720
cell01,721
cell01,722
cell01,722
cell01,722
cell01,722
cell01,723
cell01,723
cell01,724
cell01,724
cell01,724
cell01,725
cell01,725
cell01,725
cell01,726
cell01,726
cell01,726
cell01,726
cell01,726
cell01,727
cell01,727
cell01,727
cell01,727
cell01,727
cell01,728
cell01,728
cell01,728
cell01,728
cell01,729
cell01,729
cell01,729
cell01,730
cell01,731
cell01,731
cell01,731
cell01,731
cell01,731
cell01,731
cell01,732
cell01,733
cell01,733
cell01,733
cell01,733
cell01,733
cell01,734
cell01,734
cell01,734
cell01,735
cell01,735
cell01,735
cell01,736
cell01,736
cell01,736
cell01,737
cell01,737
cell01,737
cell01,737
cell01,738
cell01,738
cell01,738
cell01,739
cell01,739
cell01,739
cell01,739
cell01,740
cell01,740
cell01,740
cell01,740
cell01,741
cell01,743
cell01,743
cell01,744
cell01,744
cell01,745
cell01,745
cell01,746
cell01,746
cell01,748
cell01,748
cell01,749
cell01,749
cell01,750
cell01,750
cell01,750
cell01,751
cell01,751
cell01,752
cell01,752
cell01,753
cell01,753
cell01,753
cell01,754
cell01,754
cell01,754
cell01,754
cell01,755
cell01,756
cell01,756
cell01,756
cell01,757
cell01,758
cell01,758
cell01,758
cell01,759
cell01,760
cell01,760
cell01,761
cell01,761
cell01,761
cell01,762
cell01,762
cell01,762
cell01,763
cell01,763
cell01,763
cell01,764
cell01,764
cell01,764
cell01,765
cell01,766
cell01,766
cell01,766
cell01,767
cell01,767
cell01,767
cell01,768
cell01,768
cell01,768
cell01,769
cell01,769
cell01,770
cell01,770
cell01,770
cell02,6
cell02,7
cell02,8
cell02,14
cell02,14
cell02,15
cell02,21
cell02,24
cell02,24
cell02,24
cell02,24
cell02,25
cell02,25
cell02,25
cell02,26
cell02,27
cell02,27
cell02,27
cell02,27
cell02,27
cell02,27
cell02,28
cell02,28
cell02,29
cell02,29
cell02,29
cell02,30
cell02,30
cell02,31
cell02,31
cell02,32
cell02,32
cell02,34
cell02,34
cell02,34
cell02,35
cell02,35
cell02,35
cell02,35
cell02,35
cell02,35
cell02,36
cell02,36
cell02,36
cell02,36
cell02,36
cell02,38
cell02,38
cell02,39
cell02,40
cell02,40
cell02,40
cell02,40
cell02,41
cell02,41
cell02,41
cell02,42
cell02,43
cell02,43
cell02,43
cell02,44
cell02,44
cell02,44
cell02,44
cell02,44
cell02,45
cell02,45
cell02,45
cell02,45
cell02,45
cell02,45
cell02,45
cell02,46
cell02,47
cell02,47
cell02,48
cell02,49
cell02,49
cell02,49
cell02,49
cell02,50
cell02,50
cell02,51
cell02,52
cell02,52
cell02,52
cell02,53
cell02,53
cell02,53
cell02,54
cell02,55
cell02,56
cell02,56
cell02,56
cell02,57
cell02,57
cell02,58
cell02,58
cell02,58
cell02,58
cell02,58
cell02,59
cell02,59
cell02,59
cell02,60
cell02,61
cell02,61
cell02,62
cell02,62
cell02,63
cell02,63
cell02,63
cell02,63
cell02,63
cell02,63
cell02,63
cell02,63
cell02,65
cell02,65
cell02,66
cell02,67
cell02,67
cell02,67
cell02,67
cell02,68
cell02,68
cell02,70
cell02,70
cell02,70
cell02,71
cell02,72
cell02,72
cell02,72
cell02,72
cell02,72
cell02,72
cell02,73
cell02,73
cell02,73
cell02,74
cell02,74
cell02,74
cell02,75
cell02,75
cell02,75
cell02,75
cell02,75
cell02,76
cell02,77
cell02,78
cell02,78
cell02,79
cell02,79
cell02,80
cell02,81
cell02,81
cell02,81
cell02,82
cell02,82
cell02,82
cell02,84
cell02,86
cell02,87
cell02,87
cell02,87
cell02,88
cell02,90
cell02,90
cell02,90
cell02,90
cell02,91
cell02,91
cell02,91
cell02,92
cell02,92
cell02,93
cell02,93
cell02,94
cell02,94
cell02,94
cell02,94
cell02,94
cell02,94
cell02,95
cell02,96
cell02,96
cell02,97
cell02,97
cell02,97
cell02,97
cell02,97
cell02,98
cell02,98
cell02,98
cell02,98
cell02,98
cell02,99
cell02,99
cell02,100
cell02,101
cell02,101
cell02,102
cell02,102
cell02,103
cell02,103
cell02,103
cell02,103
cell02,104
cell02,104
cell02,105
cell02,107
cell02,108
cell02,108
cell02,109
cell02,109
cell02,109
cell02,109
cell02,109
cell02,110
cell02,110
cell02,110
cell02,111
cell02,111
cell02,111
cell02,112
cell02,112
cell02,113
cell02,113
cell02,113
cell02,113
cell02,114
cell02,114
cell02,115
cell02,115
cell02,115
cell02,116
cell02,117
cell02,118
cell02,119
cell02,120
cell02,121
cell02,121
cell02,121
cell02,123
cell02,123
cell02,123
cell02,123
cell02,125
cell02,125
cell02,126
cell02,126
cell02,126
cell02,126
cell02,127
cell02,127
cell02,128
cell02,128
cell02,128
cell02,129
cell02,129
cell02,129
cell02,131
cell02,132
cell02,132
cell02,132
cell02,132
cell02,132
cell02,133
cell02,134
cell02,134
cell02,134
cell02,134
cell02,135
cell02,135
cell02,136
cell02,136
cell02,137
cell02,137
cell02,137
cell02,138
cell02,138
cell02,138
cell02,138
cell02,138
cell02,138
cell02,138
cell02,138
cell02,139
cell02,140
cell02,140
cell02,140
cell02,140
cell02,141
cell02,141
cell02,142
cell02,142
cell02,142
cell02,143
cell02,143
cell02,144
cell02,144
cell02,144
cell02,144
cell02,144
cell02,146
cell02,146
cell02,148
cell02,149
cell02,149
cell02,150
cell02,150
cell02,151
cell02,151
cell02,151
cell02,151
cell02,152
cell02,152
cell02,153
cell02,153
cell02,153
cell02,154
cell02,154
cell02,154
cell02,154
cell02,154
cell02,154
cell02,154
cell02,154
cell02,155
cell02,156
cell02,156
cell02,156
cell02,157
cell02,157
cell02,160
cell02,160
cell02,160
cell02,161
cell02,161
cell02,161
cell02,161
cell02,162
cell02,162
cell02,162
cell02,162
cell02,162
cell02,163
cell02,163
cell02,163
cell02,164
cell02,164
cell02,164
cell02,165
cell02,165
cell02,165
cell02,166
cell02,166
cell02,167
cell02,167
cell02,167
cell02,167
cell02,168
cell02,169
cell02,170
cell02,170
cell02,171
cell02,171
cell02,172
cell02,173
cell02,174
cell02,174
cell02,175
cell02,175
cell02,176
cell02,176
cell02,176
cell02,176
cell02,177
cell02,178
cell02,178
cell02,179
cell02,179
cell02,179
cell02,179
cell02,180
cell02,180
cell02,180
cell02,180
cell02,181
cell02,181
cell02,181
cell02,181
cell02,182
cell02,182
cell02,182
cell02,182
cell02,183
cell02,183
cell02,183
cell02,183
cell02,183
cell02,184
cell02,184
cell02,184
cell02,184
cell02,184
cell02,185
cell02,185
cell02,185
cell02,185
cell02,186
cell02,187
cell02,187
cell02,187
cell02,187
cell02,188
cell02,188
cell02,188
cell02,188
cell02,188
cell02,189
cell02,189
cell02,189
cell02,190
cell02,190
cell02,190
cell02,190
cell02,190
cell02,191
cell02,191
cell02,191
cell02,191
cell02,192
cell02,193
cell02,195
cell02,195
cell02,195
cell02,196
cell02,196
cell02,196
cell02,196
cell02,198
cell02,199
cell02,199
cell02,199
cell02,199
cell02,200
cell02,202
cell02,202
cell02,202
cell02,203
cell02,203
cell02,203
cell02,204
cell02,204
cell02,205
cell02,205
cell02,206
cell02,206
cell02,206
cell02,206
cell02,206
cell02,206
cell02,206
cell02,207
cell02,207
cell02,207
cell02,207
cell02,207
cell02,208
cell02,208
cell02,208
cell02,209
cell02,210
cell02,210
cell02,211
cell02,211
cell02,212
cell02,212
cell02,212
cell02,212
cell02,212
cell02,213
cell02,213
cell02,213
cell02,213
cell02,214
cell02,214
cell02,215
cell02,216
cell02,216
cell02,216
cell02,217
cell02,217
cell02,217
cell02,217
cell02,217
cell02,217
cell02,218
cell02,218
cell02,219
cell02,220
cell02,220
cell02,221
cell02,221
cell02,222
cell02,222
cell02,223
cell02,223
cell02,223
cell02,224
cell02,224
cell02,225
cell02,225
cell02,225
cell02,225
cell02,226
cell02,226
cell02,227
cell02,227
cell02,227
cell02,227
cell02,227
cell02,228
cell02,228
cell02,228
cell02,229
cell02,229
cell02,229
cell02,230
cell02,230
cell02,232
cell02,232
cell02,233
cell02,233
cell02,233
cell02,235
cell02,235
cell02,235
cell02,235
cell02,236
cell02,236
cell02,237
cell02,237
cell02,237
cell02,237
cell02,237
cell02,238
cell02,238
cell02,238
cell02,238
cell02,239
cell02,239
cell02,239
cell02,240
cell02,240
cell02,241
cell02,241
cell02,241
cell02,241
cell02,242
cell02,242
cell02,242
cell02,243
cell02,243
cell02,244
cell02,245
cell02,245
cell02,245
cell02,246
cell02,246
cell02,247
cell02,247
cell02,248
cell02,249
cell02,249
cell02,250
cell02,250
cell02,250
cell02,250
cell02,251
cell02,251
cell02,251
cell02,252
cell02,252
cell02,252
cell02,252
cell02,252
cell02,252
cell02,252
cell02,253
cell02,253
cell02,253
cell02,253
cell02,253
cell02,254
cell02,255
cell02,255
cell02,255
cell02,256
cell02,256
cell02,257
cell02,257
cell02,258
cell02,258
cell02,258
cell02,259
cell02,259
cell02,259
cell02,259
cell02,259
cell02,259
cell02,260
cell02,260
cell02,260
cell02,260
cell02,261
cell02,261
cell02,261
cell02,261
cell02,261
cell02,262
cell02,262
cell02,262
cell02,263
cell02,263
cell02,264
cell02,264
cell02,264
cell02,264
cell02,266
cell02,267
cell02,267
cell02,267
cell02,267
cell02,267
cell02,268
cell02,268
cell02,268
cell02,269
cell02,269
cell02,270
cell02,270
cell02,270
cell02,271
cell02,271
cell02,271
cell02,272
cell02,272
cell02,273
cell02,275
cell02,277
cell02,279
cell02,279
cell02,279
cell02,281
cell02,282
cell02,282
cell02,282
cell02,283
cell02,283
cell02,283
cell02,284
cell02,284
cell02,284
cell02,284
cell02,284
cell02,285
cell02,286
cell02,286
cell02,287
cell02,287
cell02,288
cell02,289
cell02,289
cell02,289
cell02,290
cell02,290
cell02,290
cell02,290
cell02,291
cell02,292
cell02,292
cell02,293
cell02,293
cell02,294
cell02,294
cell02,294
cell02,297
cell02,297
cell02,297
cell02,297
cell02,297
cell02,298
cell02,298
cell02,298
cell02,299
cell02,299
cell02,299
cell02,300
cell02,300
cell02,300
cell02,300
cell02,300
cell02,300
cell02,300
cell02,301
cell02,301
cell02,301
cell02,301
cell02,303
cell02,303
cell02,303
cell02,303
cell02,303
cell02,304
cell02,304
cell02,305
cell02,305
cell02,305
cell02,305
cell02,306
cell02,306
cell02,306
cell02,307
cell02,307
cell02,307
cell02,307
cell02,308
cell02,308
cell02,309
cell02,310
cell02,311
cell02,311
cell02,312
cell02,312
cell02,313
cell02,314
cell02,314
cell02,314
cell02,315
cell02,315
cell02,315
cell02,316
cell02,316
cell02,317
cell02,317
cell02,318
cell02,318
cell02,319
cell02,320
cell02,321
cell02,322
cell02,323
cell02,323
cell02,324
cell02,324
cell02,325
cell02,325
cell02,325
cell02,326
cell02,326
cell02,326
cell02,328
cell02,329
cell02,329
cell02,329
cell02,330
cell02,330
cell02,330
cell02,331
cell02,331
cell02,331
cell02,331
cell02,332
cell02,333
cell02,333
cell02,333
cell02,334
cell02,334
cell02,334
cell02,335
cell02,335
cell02,335
cell02,335
cell02,335
cell02,335
cell02,336
cell02,336
cell02,337
cell02,337
cell02,338
cell02,339
cell02,339
cell02,340
cell02,340
cell02,340
cell02,341
cell02,341
cell02,342
cell02,343
cell02,343
cell02,344
cell02,344
cell02,345
cell02,345
cell02,346
cell02,346
cell02,346
cell02,346
cell02,346
cell02,347
cell02,347
cell02,348
cell02,349
cell02,349
cell02,351
cell02,351
cell02,352
cell02,352
cell02,354
cell02,355
cell02,355
cell02,355
cell02,355
cell02,356
cell02,356
cell02,357
cell02,357
cell02,358
cell02,358
cell02,358
cell02,359
cell02,360
cell02,360
cell02,361
cell02,361
cell02,361
cell02,362
cell02,362
cell02,362
cell02,363
cell02,363
cell02,363
cell02,364
cell02,364
cell02,365
cell02,365
cell02,365
cell02,365
cell02,365
cell02,365
cell02,365
cell02,366
cell02,366
cell02,366
cell02,366
cell02,366
cell02,367
cell02,367
cell02,368
cell02,368
cell02,368
cell02,369
cell02,370
cell02,370
cell02,370
cell02,370
cell02,370
cell02,371
cell02,371
cell02,372
cell02,372
cell02,373
cell02,373
cell02,373
cell02,374
cell02,375
cell02,375
cell02,376
cell02,378
cell02,379
cell02,380
cell02,380
cell02,380
cell02,380
cell02,381
cell02,381
cell02,381
cell02,382
cell02,382
cell02,382
cell02,382
cell02,383
cell02,383
cell02,384
cell02,384
cell02,384
cell02,385
cell02,385
cell02,385
cell02,385
cell02,386
cell02,386
cell02,386
cell02,386
cell02,387
cell02,387
cell02,388
cell02,388
cell02,389
cell02,389
cell02,389
cell02,389
cell02,391
cell02,391
cell02,391
cell02,392
cell02,392
cell02,392
cell02,392
cell02,392
cell02,392
cell02,393
cell02,394
cell02,394
cell02,395
cell02,395
cell02,395
cell02,395
cell02,395
cell02,396
cell02,396
cell02,396
cell02,397
cell02,397
cell02,398
cell02,399
cell02,399
cell02,399
cell02,400
cell02,400
cell02,400
cell02,401
cell02,401
cell02,402
cell02,402
cell02,402
cell02,403
cell02,404
cell02,404
cell02,404
cell02,404
cell02,404
cell02,405
cell02,405
cell02,406
cell02,406
cell02,406
cell02,407
cell02,408
cell02,408
cell02,409
cell02,409
cell02,409
cell02,410
cell02,410
cell02,411
cell02,411
cell02,411
cell02,411
cell02,412
cell02,412
cell02,413
cell02,413
cell02,413
cell02,413
cell02,414
cell02,414
cell02,415
cell02,415
cell02,416
cell02,416
cell02,416
cell02,416
cell02,417
cell02,417
cell02,418
cell02,419
cell02,419
cell02,419
cell02,420
cell02,420
cell02,420
cell02,420
cell02,421
cell02,421
cell02,422
cell02,422
cell02,422
cell02,423
cell02,423
cell02,424
cell02,424
cell02,424
cell02,424
cell02,425
cell02,425
cell02,425
cell02,425
cell02,426
cell02,426
cell02,426
cell02,427
cell02,428
cell02,428
cell02,428
cell02,428
cell02,429
cell02,429
cell02,429
cell02,430
cell02,431
cell02,431
cell02,432
cell02,432
cell02,433
cell02,433
cell02,434
cell02,435
cell02,435
cell02,435
cell02,436
cell02,436
cell02,437
cell02,438
cell02,438
cell02,438
cell02,440
cell02,441
cell02,442
cell02,442
cell02,442
cell02,442
cell02,443
cell02,444
cell02,444
cell02,444
cell02,445
cell02,445
cell02,445
cell02,445
cell02,445
cell02,445
cell02,445
cell02,446
cell02,447
cell02,448
cell02,448
cell02,448
cell02,449
cell02,449
cell02,449
cell02,450
cell02,450
cell02,450
cell02,450
cell02,451
cell02,451
cell02,451
cell02,451
cell02,451
cell02,451
cell02,453
cell02,453
cell02,454
cell02,454
cell02,454
cell02,454
cell02,454
cell02,454
cell02,455
cell02,455
cell02,455
cell02,456
cell02,457
cell02,457
cell02,457
cell02,457
cell02,457
cell02,458
cell02,458
cell02,458
cell02,458
cell02,459
cell02,459
cell02,460
cell02,460
cell02,461
cell02,461
cell02,461
cell02,461
cell02,461
cell02,462
cell02,462
cell02,462
cell02,463
cell02,463
cell02,463
cell02,463
cell02,463
cell02,464
cell02,464
cell02,465
cell02,465
cell02,465
cell02,466
cell02,466
cell02,466
cell02,467
cell02,469
cell02,470
cell02,470
cell02,471
cell02,471
cell02,471
cell02,472
cell02,473
cell02,473
cell02,473
cell02,473
cell02,473
cell02,474
cell02,475
cell02,476
cell02,477
cell02,477
cell02,477
cell02,478
cell02,478
cell02,480
cell02,481
cell02,481
cell02,481
cell02,481
cell02,481
cell02,482
cell02,482
cell02,482
cell02,483
cell02,483
cell02,483
cell02,484
cell02,484
cell02,484
cell02,485
cell02,486
cell02,487
cell02,487
cell02,487
cell02,487
cell02,487
cell02,487
cell02,488
cell02,488
cell02,488
cell02,488
cell02,489
cell02,490
cell02,490
cell02,490
cell02,492
cell02,492
cell02,492
cell02,492
cell02,492
cell02,492
cell02,493
cell02,493
cell02,493
cell02,493
cell02,494
cell02,496
cell02,496
cell02,497
cell02,498
cell02,498
cell02,499
cell02,499
cell02,499
cell02,500
cell02,500
cell02,500
cell02,501
cell02,501
cell02,501
cell02,501
cell02,501
cell02,502
cell02,502
cell02,503
cell02,503
cell02,503
cell02,503
cell02,503
cell02,504
cell02,504
cell02,504
cell02,504
cell02,505
cell02,505
cell02,505
cell02,505
cell02,506
cell02,507
cell02,507
cell02,507
cell02,508
cell02,508
cell02,508
cell02,508
cell02,509
cell02,510
cell02,510
cell02,511
cell02,511
cell02,512
cell02,512
cell02,513
cell02,513
cell02,513
cell02,514
cell02,515
cell02,515
cell02,516
cell02,516
cell02,517
cell02,517
cell02,517
cell02,517
cell02,518
cell02,518
cell02,519
cell02,519
cell02,520
cell02,520
cell02,521
cell02,521
cell02,522
cell02,522
cell02,522
cell02,522
cell02,523
cell02,523
cell02,523
cell02,524
cell02,524
cell02,525
cell02,525
cell02,525
cell02,526
cell02,527
cell02,528
cell02,528
cell02,528
cell02,528
cell02,528
cell02,529
cell02,529
cell02,529
cell02,530
cell02,530
cell02,531
cell02,532
cell02,532
cell02,532
cell02,533
cell02,533
cell02,534
cell02,534
cell02,535
cell02,535
cell02,535
cell02,535
cell02,536
cell02,536
cell02,537
cell02,537
cell02,538
cell02,539
cell02,540
cell02,540
cell02,541
cell02,541
cell02,542
cell02,542
cell02,542
cell02,542
cell02,542
cell02,543
cell02,544
cell02,544
cell02,544
cell02,544
cell02,545
cell02,546
cell02,547
cell02,547
cell02,547
cell02,547
cell02,547
cell02,549
cell02,550
cell02,551
cell02,551
cell02,551
cell02,552
cell02,552
cell02,552
cell02,553
cell02,553
cell02,553
cell02,553
cell02,554
cell02,556
cell02,556
cell02,556
cell02,556
cell02,557
cell02,557
cell02,558
cell02,558
cell02,558
cell02,559
cell02,560
cell02,561
cell02,561
cell02,562
cell02,562
cell02,562
cell02,563
cell02,563
cell02,563
cell02,563
cell02,564
cell02,564
cell02,564
cell02,564
cell02,565
cell02,565
cell02,565
cell02,566
cell02,566
cell02,566
cell02,566
cell02,567
cell02,567
cell02,567
cell02,568
cell02,569
cell02,569
cell02,570
cell02,570
cell02,571
cell02,572
cell02,572
cell02,572
cell02,573
cell02,574
cell02,574
cell02,574
cell02,575
cell02,575
cell02,576
cell02,576
cell02,577
cell02,577
cell02,577
cell02,578
cell02,578
cell02,578
cell02,580
cell02,580
cell02,581
cell02,584
cell02,584
cell02,586
cell02,587
cell02,587
cell02,587
cell02,587
cell02,588
cell02,589
cell02,589
cell02,589
cell02,589
cell02,589
cell02,590
cell02,591
cell02,591
cell02,592
cell02,592
cell02,592
cell02,593
cell02,593
cell02,594
cell02,594
cell02,595
cell02,595
cell02,595
cell02,595
cell02,596
cell02,596
cell02,596
cell02,597
cell02,597
cell02,598
cell02,598
cell02,598
cell02,598
cell02,599
cell02,599
cell02,600
cell02,600
cell02,600
cell02,600
cell02,600
cell02,600
cell02,600
cell02,601
cell02,602
cell02,602
cell02,602
cell02,603
cell02,603
cell02,603
cell02,604
cell02,604
cell02,604
cell02,605
cell02,605
cell02,606
cell02,606
cell02,607
cell02,609
cell02,609
cell02,609
cell02,611
cell02,611
cell02,611
cell02,611
cell02,612
cell02,612
cell02,612
cell02,612
cell02,613
cell02,613
cell02,615
cell02,615
cell02,615
cell02,616
cell02,616
cell02,616
cell02,616
cell02,616
cell02,617
cell02,617
cell02,617
cell02,618
cell02,619
cell02,619
cell02,619
cell02,619
cell02,619
cell02,619
cell02,619
cell02,619
cell02,619
cell02,619
cell02,620
cell02,620
cell02,620
cell02,620
cell02,621
cell02,621
cell02,621
cell02,622
cell02,622
cell02,622
cell02,622
cell02,622
cell02,623
cell02,624
cell02,624
cell02,624
cell02,624
cell02,624
cell02,625
cell02,625
cell02,625
cell02,626
cell02,626
cell02,626
cell02,626
cell02,626
cell02,628
cell02,628
cell02,629
cell02,630
cell02,630
cell02,630
cell02,631
cell02,631
cell02,631
cell02,632
cell02,632
cell02,632
cell02,632
cell02,632
cell02,633
cell02,633
cell02,634
cell02,634
cell02,635
cell02,636
cell02,636
cell02,637
cell02,637
cell02,638
cell02,639
cell02,639
cell02,639
cell02,640
cell02,641
cell02,641
cell02,641
cell02,641
cell02,642
cell02,642
cell02,642
cell02,644
cell02,645
cell02,645
cell02,645
cell02,646
cell02,647
cell02,647
cell02,647
cell02,648
cell02,648
cell02,648
cell02,649
cell02,649
cell02,650
cell02,650
cell02,650
cell02,653
cell02,653
cell02,653
cell02,654
cell02,654
cell02,654
cell02,654
cell02,655
cell02,656
cell02,656
cell02,656
cell02,657
cell02,657
cell02,657
cell02,658
cell02,658
cell02,658
cell02,658
cell02,659
cell02,659
cell02,659
cell02,660
cell02,661
cell02,662
cell02,662
cell02,663
cell02,663
cell02,663
cell02,663
cell02,664
cell02,665
cell02,665
cell02,665
cell02,666
cell02,666
cell02,667
cell02,667
cell02,667
cell02,668
cell02,668
cell02,669
cell02,670
cell02,670
cell02,670
cell02,670
cell02,671
cell02,671
cell02,671
cell02,671
cell02,672
cell02,672
cell02,672
cell02,673
cell02,674
cell02,674
cell02,674
cell02,675
cell02,675
cell02,676
cell02,676
cell02,677
cell02,678
cell02,678
cell02,678
cell02,678
cell02,678
cell02,679
cell02,679
cell02,679
cell02,679
cell02,679
cell02,680
cell02,680
cell02,680
cell02,680
cell02,680
cell02,681
cell02,681
cell02,681
cell02,682
cell02,682
cell02,683
cell02,683
cell02,683
cell02,683
cell02,683
cell02,684
cell02,684
cell02,684
cell02,684
cell02,685
cell02,685
cell02,687
cell02,688
cell02,688
cell02,689
cell02,689
cell02,689
cell02,689
cell02,691
cell02,692
cell02,694
cell02,695
cell02,695
cell02,695
cell02,695
cell02,695
cell02,697
cell02,697
cell02,697
cell02,698
cell02,698
cell02,699
cell02,700
cell02,700
cell02,700
cell02,700
cell02,701
cell02,701
cell02,702
cell02,703
cell02,703
cell02,703
cell02,705
cell02,705
cell02,705
cell02,705
cell02,706
cell02,706
cell02,707
cell02,708
cell02,708
cell02,708
cell02,709
cell02,709
cell02,709
cell02,709
cell02,710
cell02,710
cell02,711
cell02,711
cell02,711
cell02,711
cell02,711
cell02,712
cell02,712
cell02,713
cell02,713
cell02,714
cell02,714
cell02,714
cell02,715
cell02,715
cell02,715
cell02,717
cell02,717
cell02,718
cell02,718
cell02,718
cell02,718
cell02,718
cell02,719
cell02,719
cell02,719
cell02,721
cell02,721
cell02,721
cell02,722
cell02,722
cell02,722
cell02,723
cell02,724
cell02,724
cell02,725
cell02,725
cell02,725
cell02,726
cell02,726
cell02,726
cell02,726
cell02,726
cell02,727
cell02,727
cell02,727
cell02,728
cell02,728
cell02,728
cell02,729
cell02,729
cell02,729
cell02,730
cell02,730
cell02,731
cell02,732
cell02,732
cell02,732
cell02,732
cell02,732
cell02,733
cell02,733
cell02,734
cell02,734
cell02,734
cell02,735
cell02,736
cell02,736
cell02,737
cell02,737
cell02,737
cell02,737
cell02,738
cell02,739
cell02,740
cell02,740
cell02,740
cell02,741
cell02,742
cell02,742
cell02,743
cell02,744
cell02,745
cell02,745
cell02,745
cell02,745
cell02,746
cell02,746
cell02,747
cell02,747
cell02,747
cell02,747
cell02,747
cell02,748
cell02,748
cell02,748
cell02,748
cell02,749
cell02,749
cell02,749
cell02,750
cell02,750
cell02,750
cell02,751
cell02,751
cell02,751
cell02,751
cell02,751
cell02,752
cell02,753
cell02,753
cell02,754
cell02,754
cell02,756
cell02,757
cell02,758
cell02,759
cell02,759
cell02,759
cell02,759
cell02,760
cell02,761
cell02,761
cell02,761
cell02,762
cell02,763
cell02,763
cell02,763
cell02,763
cell02,763
cell02,763
cell02,764
cell02,764
cell02,765
cell02,765
cell02,765
cell02,766
cell02,767
cell02,767
cell02,767
cell02,767
cell02,768
cell02,768
cell02,768
cell02,768
cell02,768
cell02,769
cell02,769
cell02,769
cell02,770
cell02,771
cell02,771
cell02,771
cell02,772
cell02,772
cell02,772
cell02,773
cell02,773
cell02,774
cell02,774
cell02,774
cell02,774
cell02,775
cell02,775
cell02,775
cell02,775
cell02,775
cell02,776
cell02,777
cell02,777
cell02,777
cell02,778
cell02,778
cell02,778
cell02,778
cell02,779
cell02,779
cell02,779
cell02,779
cell02,779
cell02,779
cell02,780
cell02,780
cell02,781
cell02,781
cell02,782
cell02,783
cell02,784
cell02,785
cell02,785
cell02,785
cell02,785
cell02,786
cell02,787
cell02,787
cell02,787
cell02,787
cell02,788
cell02,789
cell02,789
cell02,789
cell02,790
cell02,791
cell02,791
cell02,791
cell02,792
cell02,792
cell02,792
cell02,793
cell02,793
cell02,793
cell02,793
cell02,793
cell02,793
cell02,794
cell02,794
cell02,794
cell02,794
cell02,794
cell02,794
cell02,795
cell02,795
cell02,795
cell02,795
cell02,796
cell02,796
cell02,796
cell02,797
cell02,798
cell02,798
cell02,799
cell02,799
cell02,799
cell02,799
cell02,800
cell02,800
cell02,800
cell02,800
cell02,801
cell02,801
cell02,802
cell02,802
cell02,802
cell02,802
cell02,803
cell02,803
cell02,803
cell02,803
cell02,803
cell02,804
cell02,804
cell02,804
cell02,804
cell02,805
cell03,4
cell03,32
cell03,33
cell03,65
cell03,79
cell03,88
cell03,96
cell03,126
cell03,144
cell03,158
cell03,175
cell03,184
cell03,211
cell03,229
cell03,232
cell03,241
cell03,263
cell03,277
cell03,297
cell03,305
cell03,311
cell03,345
cell03,362
cell03,380
cell03,397
cell03,401
cell03,427
cell03,428
cell03,461
cell03,470
cell03,494
cell03,517
cell03,537
cell03,559
cell03,564
cell03,567
cell03,567
cell03,573
cell03,604
cell04,3
cell04,3
cell04,6
cell04,7
cell04,8
cell04,10
cell04,12
cell04,14
cell04,14
cell04,19
cell04,21
cell04,21
cell04,21
cell04,21
cell04,22
cell04,23
cell04,23
cell04,23
cell04,23
cell04,25
cell04,26
cell04,26
cell04,27
cell04,27
cell04,27
cell04,28
cell04,28
cell04,28
cell04,29
cell04,29
cell04,29
cell04,30
cell04,30
cell04,30
cell04,30
cell04,31
cell04,32
cell04,32
cell04,33
cell04,33
cell04,33
cell04,33
cell04,33
cell04,34
cell04,34
cell04,35
cell04,35
cell04,36
cell04,36
cell04,38
cell04,38
cell04,38
cell04,38
cell04,39
cell04,39
cell04,39
cell04,40
cell04,40
cell04,40
cell04,40
cell04,40
cell04,40
cell04,41
cell04,41
cell04,41
cell04,41
cell04,42
cell04,42
cell04,43
cell04,43
cell04,44
cell04,44
cell04,44
cell04,44
cell04,44
cell04,44
cell04,44
cell04,44
cell04,45
cell04,45
cell04,45
cell04,46
cell04,46
cell04,46
cell04,46
cell04,47
cell04,47
cell04,47
cell04,47
cell04,47
cell04,48
cell04,48
cell04,49
cell04,50
cell04,50
cell04,50
cell04,51
cell04,51
cell04,52
cell04,52
cell04,52
cell04,53
cell04,53
cell04,53
cell04,54
cell04,54
cell04,55
cell04,55
cell04,55
cell04,55
cell04,55
cell04,56
cell04,56
cell04,57
cell04,57
cell04,57
cell04,57
cell04,57
cell04,58
cell04,58
cell04,59
cell04,59
cell04,60
cell04,60
cell04,61
cell04,61
cell04,61
cell04,61
cell04,62
cell04,63
cell04,64
cell04,65
cell04,65
cell04,65
cell04,65
cell04,65
cell04,66
cell04,67
cell04,68
cell04,68
cell04,69
cell04,69
cell04,69
cell04,70
cell04,70
cell04,71
cell04,71
cell04,71
cell04,71
cell04,72
cell04,73
cell04,75
cell04,77
cell04,77
cell04,77
cell04,78
cell04,78
cell04,78
cell04,78
cell04,78
cell04,79
cell04,79
cell04,80
cell04,80
cell04,82
cell04,83
cell04,83
cell04,83
cell04,83
cell04,84
cell04,85
cell04,86
cell04,86
cell04,86
cell04,87
cell04,87
cell04,87
cell04,88
cell04,88
cell04,89
cell04,90
cell04,92
cell04,93
cell04,93
cell04,94
cell04,95
cell04,95
cell04,96
cell04,96
cell04,96
cell04,96
cell04,96
cell04,98
cell04,99
cell04,99
cell04,99
cell04,99
cell04,100
cell04,100
cell04,101
cell04,102
cell04,103
cell04,104
cell04,104
cell04,105
cell04,105
cell04,105
cell04,106
cell04,106
cell04,107
cell04,107
cell04,107
cell04,107
cell04,108
cell04,108
cell04,109
cell04,109
cell04,110
cell04,110
cell04,110
cell04,111
cell04,112
cell04,112
cell04,112
cell04,113
cell04,113
cell04,113
cell04,114
cell04,114
cell04,116
cell04,116
cell04,117
cell04,117
cell04,118
cell04,118
cell04,118
cell04,118
cell04,119
cell04,119
cell04,120
cell04,120
cell04,120
cell04,121
cell04,121
cell04,122
cell04,122
cell04,124
cell04,124
cell04,124
cell04,124
cell04,125
cell04,125
cell04,126
cell04,126
cell04,126
cell04,126
cell04,127
cell04,127
cell04,127
cell04,127
cell04,128
cell04,128
cell04,128
cell04,129
cell04,129
cell04,130
cell04,131
cell04,132
cell04,132
cell04,133
cell04,135
cell04,136
cell04,137
cell04,137
cell04,138
cell04,138
cell04,138
cell04,139
cell04,139
cell04,139
cell04,140
cell04,141
cell04,141
cell04,141
cell04,141
cell04,141
cell04,141
cell04,141
cell04,142
cell04,142
cell04,142
cell04,143
cell04,143
cell04,143
cell04,144
cell04,144
cell04,144
cell04,144
cell04,144
cell04,144
cell04,145
cell04,146
cell04,146
cell04,146
cell04,146
cell04,147
cell04,147
cell04,147
cell04,147
cell04,147
cell04,148
cell04,148
cell04,148
cell04,149
cell04,150
cell04,150
cell04,150
cell04,151
cell04,151
cell04,151
cell04,152
cell04,153
cell04,153
cell04,153
cell04,153
cell04,154
cell04,155
cell04,155
cell04,155
cell04,155
cell04,155
cell04,156
cell04,156
cell04,157
cell04,157
cell04,158
cell04,158
cell04,158
cell04,158
cell04,158
cell04,158
cell04,159
cell04,159
cell04,159
cell04,159
cell04,159
cell04,159
cell04,160
cell04,160
cell04,160
cell04,161
cell04,161
cell04,161
cell04,162
cell04,162
cell04,163
cell04,163
cell04,163
cell04,163
cell04,163
cell04,164
cell04,165
cell04,166
cell04,167
cell04,168
cell04,168
cell04,168
cell04,168
cell04,168
cell04,169
cell04,169
cell04,170
cell04,170
cell04,172
cell04,172
cell04,172
cell04,172
cell04,173
cell04,173
cell04,173
cell04,174
cell04,174
cell04,174
cell04,174
cell04,175
cell04,175
cell04,177
cell04,177
cell04,178
cell04,178
cell04,179
cell04,180
cell04,180
cell04,180
cell04,181
cell04,182
cell04,182
cell04,182
cell04,183
cell04,184
cell04,184
cell04,184
cell04,185
cell04,185
cell04,185
cell04,186
cell04,186
cell04,186
cell04,186
cell04,186
cell04,186
cell04,186
cell04,186
cell04,186
cell04,187
cell04,187
cell04,188
cell04,188
cell04,188
cell04,189
cell04,189
cell04,189
cell04,189
cell04,190
cell04,190
cell04,190
cell04,190
cell04,191
cell04,191
cell04,192
cell04,192
cell04,192
cell04,192
cell04,193
cell04,193
cell04,193
cell04,193
cell04,193
cell04,194
cell04,194
cell04,195
cell04,195
cell04,195
cell04,195
cell04,195
cell04,196
cell04,196
cell04,197
cell04,197
cell04,197
cell04,197
cell04,198
cell04,198
cell04,199
cell04,199
cell04,199
cell04,199
cell04,199
cell04,200
cell04,200
cell04,202
cell04,202
cell04,202
cell04,203
cell04,203
cell04,203
cell04,204
cell04,205
cell04,206
cell04,206
cell04,206
cell04,207
cell04,207
cell04,207
cell04,208
cell04,208
cell04,208
cell04,208
cell04,208
cell04,209
cell04,209
cell04,210
cell04,210
cell04,211
cell04,211
cell04,211
cell04,211
cell04,211
cell04,211
cell04,211
cell04,212
cell04,213
cell04,213
cell04,213
cell04,213
cell04,214
cell04,214
cell04,214
cell04,214
cell04,215
cell04,216
cell04,216
cell04,216
cell04,216
cell04,218
cell04,219
cell04,219
cell04,220
cell04,220
cell04,221
cell04,222
cell04,222
cell04,222
cell04,222
cell04,222
cell04,223
cell04,223
cell04,223
cell04,223
cell04,223
cell04,224
cell04,224
cell04,224
cell04,225
cell04,225
cell04,225
cell04,226
cell04,227
cell04,227
cell04,228
cell04,228
cell04,230
cell04,231
cell04,231
cell04,231
cell04,231
cell04,232
cell04,232
cell04,232
cell04,232
cell04,233
cell04,233
cell04,234
cell04,234
cell04,235
cell04,235
cell04,235
cell04,236
cell04,236
cell04,236
cell04,237
cell04,238
cell04,238
cell04,239
cell04,239
cell04,240
cell04,240
cell04,241
cell04,241
cell04,242
cell04,243
cell04,243
cell04,244
cell04,244
cell04,244
cell04,245
cell04,245
cell04,246
cell04,246
cell04,247
cell04,248
cell04,251
cell04,251
cell04,252
cell04,252
cell04,253
cell04,253
cell04,254
cell04,254
cell04,255
cell04,255
cell04,255
cell04,256
cell04,256
cell04,256
cell04,257
cell04,257
cell04,257
cell04,257
cell04,258
cell04,258
cell04,259
cell04,259
cell04,259
cell04,259
cell04,259
cell04,259
cell04,260
cell04,260
cell04,260
cell04,261
cell04,261
cell04,261
cell04,261
cell04,262
cell04,262
cell04,262
cell04,263
cell04,264
cell04,264
cell04,265
cell04,265
cell04,266
cell04,266
cell04,266
cell04,267
cell04,267
cell04,267
cell04,267
cell04,267
cell04,267
cell04,268
cell04,269
cell04,269
cell04,269
cell04,269
cell04,270
cell04,270
cell04,271
cell04,271
cell04,271
cell04,273
cell04,273
cell04,273
cell04,274
cell04,274
cell04,275
cell04,276
cell04,276
cell04,276
cell04,276
cell04,277
cell04,277
cell04,278
cell04,279
cell04,279
cell04,280
cell04,281
cell04,281
cell04,281
cell04,281
cell04,282
cell04,283
cell04,283
cell04,283
cell04,284
cell04,284
cell04,284
cell04,284
cell04,284
cell04,285
cell04,285
cell04,285
cell04,286
cell04,286
cell04,287
cell04,287
cell04,287
cell04,287
cell04,287
cell04,288
cell04,288
cell04,288
cell04,288
cell04,289
cell04,289
cell04,289
cell04,290
cell04,290
cell04,290
cell04,291
cell04,291
cell04,291
cell04,292
cell04,292
cell04,293
cell04,293
cell04,294
cell04,294
cell04,295
cell04,295
cell04,295
cell04,296
cell04,297
cell04,297
cell04,297
cell04,297
cell04,297
cell04,297
cell04,298
cell04,298
cell04,298
cell04,298
cell04,298
cell04,298
cell04,299
cell04,300
cell04,300
cell04,300
cell04,300
cell04,300
cell04,301
cell04,301
cell04,301
cell04,302
cell04,303
cell04,303
cell04,303
cell04,303
cell04,303
cell04,304
cell04,304
cell04,304
cell04,305
cell04,305
cell04,306
cell04,306
cell04,306
cell04,306
cell04,306
cell04,306
cell04,306
cell04,307
cell04,307
cell04,309
cell04,309
cell04,310
cell04,310
cell04,310
cell04,310
cell04,311
cell04,311
cell04,312
cell04,314
cell04,314
cell04,314
cell04,314
cell04,315
cell04,316
cell04,317
cell04,318
cell04,318
cell04,319
cell04,319
cell04,320
cell04,320
cell04,321
cell04,321
cell04,321
cell04,323
cell04,323
cell04,324
cell04,324
cell04,324
cell04,324
cell04,325
cell04,325
cell04,325
cell04,326
cell04,326
cell04,327
cell04,327
cell04,328
cell04,328
cell04,329
cell04,329
cell04,330
cell04,330
cell04,331
cell04,331
cell04,331
cell04,331
cell04,331
cell04,332
cell04,332
cell04,332
cell04,333
cell04,333
cell04,333
cell04,333
cell04,334
cell04,334
cell04,335
cell04,338
cell04,339
cell04,339
cell04,339
cell04,340
cell04,340
cell04,340
cell04,341
cell04,341
cell04,342
cell04,342
cell04,343
cell04,343
cell04,344
cell04,344
cell04,345
cell04,345
cell04,345
cell04,346
cell04,347
cell04,347
cell04,348
cell04,348
cell04,348
cell04,348
cell04,349
cell04,349
cell04,349
cell04,349
cell04,350
cell04,350
cell04,350
cell04,350
cell04,352
cell04,352
cell04,352
cell04,352
cell04,352
cell04,353
cell04,354
cell04,354
cell04,354
cell04,355
cell04,355
cell04,355
cell04,355
cell04,356
cell04,357
cell04,357
cell04,357
cell04,357
cell04,357
cell04,358
cell04,358
cell04,358
cell04,359
cell04,359
cell04,360
cell04,362
cell04,364
cell04,364
cell04,364
cell04,365
cell04,367
cell04,367
cell04,367
cell04,367
cell04,367
cell04,368
cell04,368
cell04,368
cell04,368
cell04,368
cell04,369
cell04,369
cell04,370
cell04,370
cell04,371
cell04,371
cell04,372
cell04,372
cell04,372
cell04,372
cell04,373
cell04,373
cell04,374
cell04,374
cell04,375
cell04,376
cell04,376
cell04,377
cell04,377
cell04,377
cell04,377
cell04,378
cell04,378
cell04,378
cell04,378
cell04,379
cell04,380
cell04,380
cell04,380
cell04,380
cell04,381
cell04,381
cell04,382
cell04,382
cell04,382
cell04,383
cell04,383
cell04,384
cell04,384
cell04,384
cell04,386
cell04,386
cell04,386
cell04,387
cell04,387
cell04,388
cell04,389
cell04,390
cell04,390
cell04,390
cell04,391
cell04,392
cell04,392
cell04,392
cell04,392
cell04,392
cell04,393
cell04,393
cell04,394
cell04,394
cell04,394
cell04,394
cell04,394
cell04,394
cell04,395
cell04,395
cell04,396
cell04,396
cell04,396
cell04,396
cell04,397
cell04,397
cell04,397
cell04,398
cell04,398
cell04,398
cell04,402
cell04,402
cell04,403
cell04,403
cell04,403
cell04,404
cell04,404
cell04,404
cell04,405
cell04,405
cell04,405
cell04,406
cell04,406
cell04,406
cell04,406
cell04,406
cell04,408
cell04,409
cell04,409
cell04,409
cell04,409
cell04,409
cell04,410
cell04,410
cell04,410
cell04,410
cell04,410
cell04,411
cell04,412
cell04,412
cell04,413
cell04,413
cell04,414
cell04,414
cell04,414
cell04,414
cell04,415
cell04,416
cell04,416
cell04,416
cell04,417
cell04,417
cell04,418
cell04,418
cell04,418
cell04,418
cell04,418
cell04,418
cell04,419
cell04,419
cell04,419
cell04,419
cell04,419
cell04,420
cell04,421
cell04,421
cell04,421
cell04,422
cell04,423
cell04,423
cell04,423
cell04,423
cell04,424
cell04,424
cell04,424
cell04,425
cell04,425
cell04,425
cell04,425
cell04,425
cell04,425
cell04,426
cell04,427
cell04,427
cell04,427
cell04,427
cell04,427
cell04,428
cell04,428
cell04,428
cell04,428
cell04,429
cell04,429
cell04,429
cell04,430
cell04,431
cell04,432
cell04,432
cell04,432
cell04,432
cell04,434
cell04,434
cell04,434
cell04,435
cell04,435
cell04,435
cell04,436
cell04,436
cell04,437
cell04,437
cell04,437
cell04,437
cell04,437
cell04,437
cell04,438
cell04,438
cell04,439
cell04,440
cell04,440
cell04,441
cell04,441
cell04,441
cell04,442
cell04,442
cell04,442
cell04,442
cell04,443
cell04,443
cell04,443
cell04,443
cell04,444
cell04,444
cell04,444
cell04,445
cell04,446
cell04,446
cell04,447
cell04,448
cell04,448
cell04,448
cell04,449
cell04,449
cell04,449
cell04,449
cell04,449
cell04,449
cell04,449
cell04,450
cell04,451
cell04,452
cell04,452
cell04,453
cell04,453
cell04,453
cell04,454
cell04,455
cell04,455
cell04,455
cell04,455
cell04,455
cell04,456
cell04,456
cell04,456
cell04,456
cell04,457
cell04,457
cell04,458
cell04,460
cell04,460
cell04,460
cell04,462
cell04,463
cell04,464
cell04,464
cell04,466
cell04,467
cell04,467
cell04,467
cell04,467
cell04,468
cell04,468
cell04,468
cell04,468
cell04,469
cell04,469
cell04,469
cell04,470
cell04,470
cell04,472
cell04,473
cell04,473
cell04,473
cell04,473
cell04,474
cell04,474
cell04,474
cell04,474
cell04,474
cell04,475
cell04,476
cell04,476
cell04,476
cell04,478
cell04,478
cell04,479
cell04,479
cell04,480
cell04,480
cell04,480
cell04,481
cell04,481
cell04,483
cell04,483
cell04,485
cell04,486
cell04,486
cell04,486
cell04,486
cell04,487
cell04,487
cell04,487
cell04,487
cell04,487
cell04,489
cell04,489
cell04,489
cell04,490
cell04,490
cell04,490
cell04,490
cell04,491
cell04,491
cell04,491
cell04,492
cell04,492
cell04,492
cell04,492
cell04,492
cell04,492
cell04,492
cell04,493
cell04,494
cell04,494
cell04,494
cell04,494
cell04,494
cell04,495
cell04,496
cell04,496
cell04,497
cell04,497
cell04,498
cell04,498
cell04,498
cell04,499
cell04,499
cell04,499
cell04,500
cell04,500
cell04,500
cell04,500
cell04,501
cell04,501
cell04,502
cell04,502
cell04,502
cell04,503
cell04,503
cell04,503
cell04,503
cell04,503
cell04,503
cell04,504
cell04,504
cell04,504
cell04,504
cell04,504
cell04,505
cell04,506
cell04,506
cell04,506
cell04,507
cell04,507
cell04,507
cell04,507
cell04,508
cell04,508
cell04,509
cell04,509
cell04,510
cell04,510
cell04,511
cell04,511
cell04,512
cell04,512
cell04,512
cell04,512
cell04,513
cell04,513
cell04,515
cell04,515
cell04,516
cell04,516
cell04,516
cell04,517
cell04,518
cell04,518
cell04,518
cell04,518
cell04,519
cell04,519
cell04,521
cell04,521
cell04,521
cell04,521
cell04,521
cell04,522
cell04,522
cell04,524
cell04,524
cell04,524
cell04,525
cell04,525
cell04,526
cell04,526
cell04,526
cell04,526
cell04,526
cell04,526
cell04,527
cell04,527
cell04,527
cell04,527
cell04,528
cell04,528
cell04,528
cell04,528
cell04,528
cell04,529
cell04,529
cell04,531
cell04,532
cell04,532
cell04,533
cell04,533
cell04,534
cell04,534
cell04,535
cell04,536
cell04,536
cell04,536
cell04,536
cell04,537
cell04,538
cell04,539
cell04,540
cell04,540
cell04,540
cell04,541
cell04,541
cell04,541
cell04,541
cell04,541
cell04,542
cell04,542
cell04,542
cell04,542
cell04,542
cell04,543
cell04,544
cell04,544
cell04,544
cell04,544
cell04,545
cell04,545
cell04,546
cell04,546
cell04,546
cell04,547
cell04,547
cell04,547
cell04,548
cell04,548
cell04,548
cell04,548
cell04,549
cell04,550
cell04,551
cell04,551
cell04,551
cell04,551
cell04,552
cell04,552
cell04,553
cell04,553
cell04,554
cell04,554
cell04,554
cell04,555
cell04,555
cell04,557
cell04,557
cell04,557
cell04,557
cell04,557
cell04,558
cell04,558
cell04,558
cell04,558
cell04,559
cell04,559
cell04,559
cell04,560
cell04,560
cell04,560
cell04,561
cell04,561
cell04,561
cell04,561
cell04,561
cell04,562
cell04,563
cell04,564
cell04,564
cell04,565
cell04,565
cell04,566
cell04,566
cell04,567
cell04,567
cell04,567
cell04,567
cell04,567
cell04,567
cell04,567
cell04,573
cell04,573
cell04,573
cell04,574
cell04,576
cell04,577
cell04,577
cell04,578
cell04,578
cell04,578
cell04,578
cell04,579
cell04,579
cell04,579
cell04,580
cell04,580
cell04,581
cell04,581
cell04,582
cell04,582
cell04,583
cell04,583
cell04,583
cell04,583
cell04,583
cell04,584
cell04,585
cell04,586
cell04,587
cell04,587
cell04,588
cell04,588
cell04,588
cell04,589
cell04,589
cell04,589
cell04,589
cell04,591
cell04,591
cell04,591
cell04,591
cell04,592
cell04,594
cell04,594
cell04,595
cell04,595
cell04,595
cell04,596
cell04,596
cell04,597
cell04,597
cell04,597
cell04,598
cell04,599
cell04,599
cell04,599
cell04,599
cell04,600
cell04,600
cell04,601
cell04,601
cell04,601
cell04,601
cell04,601
cell04,602
cell04,602
cell04,603
cell04,603
cell04,603
cell04,604
cell04,605
cell04,605
cell04,605
cell04,606
cell04,607
cell04,607
cell04,608
cell04,609
cell04,609
cell04,610
cell04,610
cell04,610
cell04,610
cell04,610
cell04,611
cell04,611
cell04,611
cell04,611
cell04,611
cell04,611
cell04,613
cell04,614
cell04,614
cell04,614
cell04,615
cell04,616
cell04,616
cell04,616
cell04,616
cell04,616
cell04,616
cell04,616
cell04,617
cell04,617
cell04,617
cell04,618
cell04,618
cell04,618
cell04,619
cell04,619
cell04,620
cell04,620
cell04,620
cell04,620
cell04,620
cell04,621
cell04,621
cell04,621
cell04,621
cell04,621
cell04,622
cell04,622
cell04,623
cell04,623
cell04,624
cell04,625
cell04,625
cell04,625
cell04,625
cell04,626
cell04,626
cell04,626
cell04,626
cell04,626
cell04,626
cell04,626
cell04,627
cell04,627
cell04,627
cell04,627
cell04,627
cell04,627
cell04,628
cell04,630
cell04,631
cell04,631
cell04,632
cell04,632
cell04,632
cell04,632
cell04,633
cell04,633
cell04,633
cell04,634
cell04,634
cell04,636
cell04,636
cell04,637
cell04,638
cell04,638
cell04,639
cell04,639
cell04,640
cell04,640
cell04,640
cell04,642
cell04,642
cell04,643
cell04,643
cell04,643
cell04,643
cell04,644
cell04,644
cell04,644
cell04,644
cell04,644
cell04,644
cell04,645
cell04,645
cell04,646
cell04,646
cell04,647
cell04,648
cell04,648
cell04,649
cell04,649
cell04,649
cell04,649
cell04,649
cell04,649
cell04,649
cell04,649
cell04,650
cell04,650
cell04,650
cell04,650
cell04,651
cell04,651
cell04,652
cell04,652
cell04,653
cell04,653
cell04,653
cell04,653
cell04,654
cell04,654
cell04,655
cell04,655
cell04,656
cell04,656
cell04,656
cell04,657
cell04,657
cell04,658
cell04,659
cell04,659
cell04,659
cell04,660
cell04,660
cell04,661
cell04,661
cell04,661
cell04,661
cell04,661
cell04,661
cell04,662
cell04,662
cell04,662
cell04,662
cell04,663
cell04,664
cell04,665
cell04,665
cell04,665
cell04,666
cell04,666
cell04,667
cell04,667
cell04,668
cell04,668
cell04,668
cell04,668
cell04,669
cell04,669
cell04,669
cell04,670
cell04,670
cell04,670
cell04,671
cell04,671
cell04,671
cell04,672
cell04,672
cell04,673
cell04,673
cell04,673
cell04,674
cell04,674
cell04,674
cell04,674
cell04,675
cell04,675
cell04,675
cell04,677
cell04,677
cell04,678
cell04,678
cell04,678
cell04,679
cell04,679
cell04,679
cell04,679
cell04,680
cell04,681
cell04,682
cell04,682
cell04,682
cell04,684
cell04,684
cell04,685
cell04,685
cell04,686
cell04,687
cell04,688
cell04,688
cell04,688
cell04,688
cell04,689
cell04,689
cell04,690
cell04,690
cell04,690
cell04,690
cell04,693
cell04,693
cell04,693
cell04,694
cell04,694
cell04,695
cell04,697
cell04,697
cell04,698
cell04,698
cell04,698
cell04,698
cell04,698
cell04,699
cell04,700
cell04,700
cell04,700
cell04,701
cell04,701
cell04,702
cell04,702
cell04,702
cell04,702
cell04,702
cell04,702
cell04,703
cell04,703
cell04,704
cell04,704
cell04,704
cell04,705
cell04,707
cell04,708
cell04,708
cell04,708
cell04,709
cell04,709
cell04,709
cell04,710
cell04,711
cell04,711
cell04,712
cell04,712
cell04,713
cell04,713
cell04,713
cell04,714
cell04,714
cell04,714
cell04,715
cell04,715
cell04,717
cell04,718
cell04,718
cell04,719
cell04,719
cell04,719
cell04,720
cell04,720
cell04,720
cell04,721
cell04,721
cell04,721
cell04,723
cell04,723
cell04,724
cell04,725
cell04,726
cell04,726
cell04,727
cell04,727
cell04,727
cell04,727
cell04,727
cell04,728
cell04,728
cell04,728
cell04,728
cell04,729
cell04,729
cell04,730
cell04,730
cell04,731
cell04,732
cell04,732
cell04,732
cell04,732
cell04,733
cell04,733
cell04,734
cell04,734
cell04,734
cell04,734
cell04,735
cell04,735
cell04,736
cell04,736
cell04,737
cell04,737
cell04,737
cell04,737
cell04,738
cell04,738
cell04,738
cell04,738
cell04,739
cell04,739
cell04,739
cell04,740
cell04,740
cell04,740
cell04,741
cell04,742
cell04,742
cell04,742
cell04,743
cell04,743
cell04,744
cell04,744
cell04,744
cell04,745
cell04,745
cell04,746
cell04,746
cell04,746
cell04,746
cell04,746
cell04,746
cell04,747
cell04,747
cell04,747
cell04,748
cell04,749
cell04,749
cell04,749
cell04,749
cell04,749
cell04,749
cell04,751
cell04,751
cell04,751
cell04,751
cell04,751
cell04,752
cell04,752
cell04,753
cell04,753
cell04,754
cell04,754
cell04,754
cell04,755
cell04,755
cell04,755
cell04,756
cell04,756
cell04,757
cell04,757
cell04,757
cell04,758
cell04,758
cell04,758
cell04,758
cell04,758
cell04,759
cell04,760
cell04,760
cell04,760
cell04,761
cell04,761
cell04,761
cell04,761
cell04,762
cell04,762
cell04,762
cell04,763
cell04,763
cell04,764
cell04,765
cell04,765
cell04,765
cell04,765
cell04,765
cell04,765
cell04,765
cell04,766
cell04,767
cell04,768
cell04,768
cell04,769
cell04,769
cell04,770
cell04,770
cell04,771
cell04,772
cell04,772
cell04,772
cell04,772
cell04,772
cell04,773
cell04,773
cell04,773
cell04,773
cell04,774
cell04,774
cell04,774
cell04,774
cell04,774
cell04,775
cell04,775
cell04,775
cell04,776
cell04,776
cell04,776
cell04,776
cell04,777
cell04,777
cell04,777
cell04,777
cell04,777
cell04,777
cell04,778
cell04,779
cell04,779
cell04,779
cell04,779
cell04,781
cell04,781
cell04,782
cell04,782
cell04,782
cell04,782
cell04,783
cell04,785
cell04,785
cell04,786
cell04,787
cell04,787
cell04,787
cell04,787
cell04,788
cell04,788
cell04,788
cell04,789
cell04,789
cell04,790
cell05,68
cell05,72
cell05,82
cell05,110
cell05,132
cell05,134
cell05,146
cell05,155
cell05,160
cell05,196
cell05,203
cell05,206
cell05,231
cell05,260
cell05,266
cell05,313
cell05,331
cell05,342
cell05,360
cell05,369
cell05,391
cell05,393
cell05,473
cell05,489
cell05,503
cell05,504
cell05,531
cell05,571
cell05,582
cell05,592
cell05,599
cell05,624
cell05,624
cell05,624
cell05,624
cell05,625
cell05,625
cell05,625
cell05,625
cell05,625
cell05,626
cell05,627
cell05,628
cell05,628
cell05,629
cell05,630
cell05,630
cell05,630
cell05,631
cell05,632
cell05,632
cell05,632
cell05,633
cell05,633
cell05,635
cell05,635
cell05,635
cell05,635
cell05,635
cell05,635
cell05,635
cell05,636
cell05,636
cell05,636
cell05,636
cell05,639
cell05,639
cell05,639
cell05,639
cell05,640
cell05,640
cell05,640
cell05,640
cell05,640
cell05,640
cell05,640
cell05,641
cell05,641
cell05,643
cell05,643
cell05,644
cell05,644
cell05,644
cell05,644
cell05,645
cell05,646
cell05,646
cell05,647
cell05,647
cell05,647
cell05,647
cell05,647
cell05,648
cell05,648
cell05,648
cell05,649
cell05,649
cell05,649
cell05,650
cell05,650
cell05,650
cell05,650
cell05,651
cell05,652
cell05,652
cell05,652
cell05,653
cell05,654
cell05,654
cell05,654
cell05,654
cell05,654
cell05,655
cell05,655
cell05,655
cell05,655
cell05,655
cell05,657
cell05,657
cell05,657
cell05,658
cell05,658
cell05,659
cell05,659
cell05,660
cell05,660
cell05,660
cell05,660
cell05,660
cell05,660
cell05,660
cell05,661
cell05,661
cell05,662
cell05,662
cell05,662
cell05,663
cell05,663
cell05,664
cell05,664
cell05,664
cell05,665
cell05,665
cell05,665
cell05,665
cell05,665
cell05,665
cell05,665
cell05,666
cell05,666
cell05,667
cell05,667
cell05,667
cell05,667
cell05,668
cell05,668
cell05,668
cell05,668
cell05,668
cell05,668
cell05,669
cell05,669
cell05,669
cell05,670
cell05,670
cell05,670
cell05,671
cell05,671
cell05,671
cell05,672
cell05,672
cell05,672
cell05,672
cell05,673
cell05,673
cell05,673
cell05,674
cell05,674
cell05,674
cell05,674
cell05,675
cell05,675
cell05,675
cell05,675
cell05,675
cell05,676
cell05,676
cell05,676
cell05,676
cell05,677
cell05,677
cell05,677
cell05,678
cell05,678
cell05,679
cell05,679
cell05,679
cell05,679
cell05,679
cell05,679
cell05,680
cell05,680
cell05,680
cell05,680
cell05,681
cell05,681
cell05,681
cell05,681
cell05,681
cell05,682
cell05,682
cell05,683
cell05,683
cell05,683
cell05,684
cell05,684
cell05,684
cell05,684
cell05,685
cell05,685
cell05,685
cell05,686
cell05,686
cell05,686
cell05,687
cell05,687
cell05,687
cell05,687
cell05,687
cell05,688
cell05,688
cell05,688
cell05,689
cell05,689
cell05,689
cell05,690
cell05,691
cell05,691
cell05,691
cell05,692
cell05,693
cell05,693
cell05,693
cell05,693
cell05,693
cell05,693
cell05,695
cell05,695
cell05,696
cell05,696
cell05,697
cell05,697
cell05,698
cell05,698
cell05,698
cell05,699
cell05,699
cell05,699
cell05,699
cell05,699
cell05,699
cell05,700
cell05,700
cell05,700
cell05,700
cell05,701
cell05,701
cell05,701
cell05,702
cell05,702
cell05,702
cell05,702
cell05,702
cell05,702
cell05,702
cell05,703
cell05,703
cell05,703
cell05,703
cell05,703
cell05,703
cell05,704
cell05,704
cell05,704
cell05,704
cell05,705
cell05,706
cell05,706
cell05,706
cell05,707
cell05,707
cell05,707
cell05,707
cell05,708
cell05,708
cell05,708
cell05,708
cell05,708
cell05,709
cell05,709
cell05,709
cell05,709
cell05,710
cell05,710
cell05,710
cell05,710
cell05,711
cell05,711
cell05,712
cell05,712
cell05,713
cell05,713
cell05,713
cell05,714
cell05,714
cell05,714
cell05,715
cell05,715
cell05,716
cell05,716
cell05,716
cell05,716
cell05,716
cell05,717
cell05,717
cell05,717
cell05,717
cell05,717
cell05,717
cell05,717
cell05,718
cell05,718
cell05,719
cell05,720
cell05,721
cell05,721
cell05,722
cell05,722
cell05,722
cell05,722
cell05,723
cell05,723
cell05,723
cell05,724
cell05,724
cell05,724
cell05,725
cell05,725
cell05,726
cell05,726
cell05,726
cell05,726
cell05,726
cell05,727
cell05,727
cell05,728
cell05,729
cell05,729
cell05,731
cell05,731
cell05,732
cell05,732
cell05,735
cell05,735
cell05,735
cell05,735
cell05,737
cell05,737
cell05,738
cell05,738
cell05,738
cell05,738
cell05,738
cell05,738
cell05,739
cell05,739
cell05,739
cell05,740
cell05,740
cell05,741
cell05,742
cell05,742
cell05,742
cell05,743
cell05,744
cell05,745
cell05,745
cell05,746
cell05,746
cell05,746
cell05,746
cell05,746
cell05,746
cell05,746
cell05,747
cell05,747
cell05,747
cell05,747
cell05,748
cell05,748
cell05,748
cell05,748
cell05,749
cell05,749
cell05,749
cell05,749
cell05,749
cell05,750
cell05,750
cell05,750
cell05,750
cell05,751
cell05,751
cell05,751
cell05,751
cell05,751
cell05,752
cell05,752
cell05,752
cell05,752
cell05,753
cell05,753
cell05,753
cell05,753
cell05,753
cell05,754
cell05,754
cell05,754
cell05,755
cell05,755
cell05,755
cell05,755
cell05,755
cell05,756
cell05,756
cell05,756
cell06,3
cell06,10
cell06,13
cell06,14
cell06,14
cell06,21
cell06,21
cell06,22
cell06,22
cell06,22
cell06,23
cell06,23
cell06,23
cell06,23
cell06,23
cell06,23
cell06,24
cell06,26
cell06,27
cell06,28
cell06,29
cell06,29
cell06,30
cell06,30
cell06,31
cell06,31
cell06,31
cell06,31
cell06,31
cell06,31
cell06,32
cell06,32
cell06,32
cell06,33
cell06,34
cell06,34
cell06,34
cell06,35
cell06,35
cell06,36
cell06,36
cell06,36
cell06,37
cell06,37
cell06,38
cell06,38
cell06,39
cell06,39
cell06,39
cell06,40
cell06,40
cell06,40
cell06,40
cell06,40
cell06,41
cell06,42
cell06,42
cell06,42
cell06,43
cell06,45
cell06,46
cell06,47
cell06,47
cell06,48
cell06,48
cell06,48
cell06,49
cell06,49
cell06,49
cell06,49
cell06,49
cell06,50
cell06,51
cell06,52
cell06,52
cell06,52
cell06,53
cell06,53
cell06,53
cell06,54
cell06,54
cell06,55
cell06,55
cell06,56
cell06,56
cell06,57
cell06,58
cell06,59
cell06,60
cell06,61
cell06,61
cell06,61
cell06,61
cell06,62
cell06,63
cell06,64
cell06,64
cell06,65
cell06,65
cell06,65
cell06,66
cell06,67
cell06,67
cell06,67
cell06,67
cell06,67
cell06,68
cell06,68
cell06,69
cell06,69
cell06,70
cell06,70
cell06,70
cell06,70
cell06,71
cell06,71
cell06,72
cell06,72
cell06,72
cell06,72
cell06,72
cell06,73
cell06,73
cell06,73
cell06,74
cell06,75
cell06,75
cell06,75
cell06,75
cell06,76
cell06,76
cell06,77
cell06,77
cell06,77
cell06,77
cell06,78
cell06,78
cell06,80
cell06,81
cell06,81
cell06,81
cell06,81
cell06,81
cell06,82
cell06,82
cell06,82
cell06,82
cell06,82
cell06,83
cell06,83
cell06,83
cell06,84
cell06,84
cell06,85
cell06,85
cell06,85
cell06,85
cell06,86
cell06,86
cell06,92
cell06,92
cell06,92
cell06,92
cell06,93
cell06,94
cell06,94
cell06,96
cell06,97
cell06,97
cell06,97
cell06,97
cell06,97
cell06,98
cell06,99
cell06,99
cell06,99
cell06,99
cell06,100
cell06,101
cell06,101
cell06,101
cell06,102
cell06,102
cell06,102
cell06,102
cell06,102
cell06,103
cell06,103
cell06,104
cell06,104
cell06,105
cell06,105
cell06,105
cell06,106
cell06,106
cell06,107
cell06,108
cell06,108
cell06,108
cell06,108
cell06,109
cell06,109
cell06,109
cell06,109
cell06,109
cell06,109
cell06,110
cell06,110
cell06,111
cell06,111
cell06,112
cell06,112
cell06,112
cell06,113
cell06,113
cell06,113
cell06,113
cell06,114
cell06,115
cell06,115
cell06,116
cell06,116
cell06,117
cell06,117
cell06,117
cell06,119
cell06,119
cell06,119
cell06,120
cell06,120
cell06,120
cell06,121
cell06,121
cell06,121
cell06,121
cell06,121
cell06,121
cell06,122
cell06,122
cell06,123
cell06,123
cell06,123
cell06,123
cell06,124
cell06,124
cell06,125
cell06,125
cell06,125
cell06,125
cell06,126
cell06,126
cell06,127
cell06,127
cell06,127
cell06,127
cell06,128
cell06,128
cell06,128
cell06,128
cell06,129
cell06,129
cell06,130
cell06,130
cell06,131
cell06,131
cell06,133
cell06,133
cell06,134
cell06,135
cell06,135
cell06,135
cell06,135
cell06,136
cell06,136
cell06,137
cell06,138
cell06,138
cell06,138
cell06,138
cell06,138
cell06,138
cell06,139
cell06,140
cell06,140
cell06,140
cell06,140
cell06,141
cell06,141
cell06,142
cell06,142
cell06,142
cell06,142
cell06,142
cell06,143
cell06,143
cell06,143
cell06,145
cell06,145
cell06,146
cell06,147
cell06,147
cell06,147
cell06,147
cell06,148
cell06,149
cell06,150
cell06,150
cell06,151
cell06,151
cell06,151
cell06,152
cell06,152
cell06,152
cell06,152
cell06,152
cell06,153
cell06,153
cell06,153
cell06,154
cell06,154
cell06,155
cell06,156
cell06,156
cell06,156
cell06,156
cell06,156
cell06,156
cell06,156
cell06,156
cell06,157
cell06,157
cell06,157
cell06,157
cell06,157
cell06,158
cell06,159
cell06,159
cell06,161
cell06,162
cell06,162
cell06,162
cell06,162
cell06,163
cell06,163
cell06,165
cell06,166
cell06,166
cell06,166
cell06,166
cell06,166
cell06,167
cell06,167
cell06,168
cell06,168
cell06,168
cell06,168
cell06,169
cell06,169
cell06,169
cell06,169
cell06,169
cell06,170
cell06,170
cell06,170
cell06,170
cell06,170
cell06,170
cell06,171
cell06,171
cell06,171
cell06,171
cell06,173
cell06,173
cell06,174
cell06,174
cell06,174
cell06,174
cell06,174
cell06,175
cell06,175
cell06,175
cell06,175
cell06,175
cell06,175
cell06,176
cell06,176
cell06,176
cell06,176
cell06,176
cell06,177
cell06,178
cell06,178
cell06,178
cell06,179
cell06,179
cell06,179
cell06,180
cell06,180
cell06,181
cell06,181
cell06,181
cell06,182
cell06,183
cell06,183
cell06,183
cell06,184
cell06,185
cell06,186
cell06,186
cell06,186
cell06,186
cell06,187
cell06,187
cell06,189
cell06,189
cell06,190
cell06,190
cell06,190
cell06,190
cell06,191
cell06,192
cell06,192
cell06,192
cell06,193
cell06,193
cell06,194
cell06,194
cell06,195
cell06,195
cell06,196
cell06,196
cell06,196
cell06,197
cell06,197
cell06,197
cell06,197
cell06,197
cell06,197
cell06,200
cell06,201
cell06,203
cell06,203
cell06,203
cell06,203
cell06,203
cell06,205
cell06,205
cell06,205
cell06,206
cell06,206
cell06,206
cell06,206
cell06,207
cell06,207
cell06,207
cell06,208
cell06,208
cell06,211
cell06,211
cell06,211
cell06,211
cell06,212
cell06,212
cell06,212
cell06,212
cell06,212
cell06,213
cell06,213
cell06,213
cell06,213
cell06,213
cell06,213
cell06,214
cell06,214
cell06,215
cell06,215
cell06,216
cell06,216
cell06,217
cell06,218
cell06,218
cell06,218
cell06,218
cell06,218
cell06,219
cell06,219
cell06,220
cell06,221
cell06,221
cell06,221
cell06,221
cell06,221
cell06,221
cell06,222
cell06,222
cell06,223
cell06,223
cell06,223
cell06,223
cell06,224
cell06,224
cell06,224
cell06,224
cell06,225
cell06,225
cell06,225
cell06,226
cell06,227
cell06,227
cell06,228
cell06,228
cell06,228
cell06,228
cell06,228
cell06,228
cell06,229
cell06,229
cell06,230
cell06,230
cell06,230
cell06,230
cell06,232
cell06,232
cell06,232
cell06,232
cell06,232
cell06,232
cell06,232
cell06,233
cell06,233
cell06,234
cell06,234
cell06,234
cell06,235
cell06,235
cell06,235
cell06,235
cell06,236
cell06,236
cell06,237
cell06,238
cell06,238
cell06,238
cell06,238
cell06,238
cell06,238
cell06,238
cell06,238
cell06,238
cell06,239
cell06,239
cell06,239
cell06,241
cell06,241
cell06,241
cell06,242
cell06,242
cell06,242
cell06,242
cell06,243
cell06,243
cell06,243
cell06,244
cell06,245
cell06,245
cell06,245
cell06,245
cell06,246
cell06,246
cell06,246
cell06,246
cell06,247
cell06,247
cell06,248
cell06,248
cell06,249
cell06,250
cell06,250
cell06,250
cell06,251
cell06,251
cell06,251
cell06,252
cell06,252
cell06,253
cell06,253
cell06,253
cell06,254
cell06,254
cell06,254
cell06,255
cell06,255
cell06,257
cell06,257
cell06,258
cell06,258
cell06,258
cell06,258
cell06,259
cell06,259
cell06,259
cell06,259
cell06,260
cell06,260
cell06,261
cell06,261
cell06,262
cell06,264
cell06,266
cell06,266
cell06,267
cell06,268
cell06,269
cell06,269
cell06,270
cell06,270
cell06,271
cell06,272
cell06,272
cell06,273
cell06,273
cell06,274
cell06,274
cell06,274
cell06,275
cell06,275
cell06,276
cell06,276
cell06,276
cell06,276
cell06,276
cell06,277
cell06,278
cell06,278
cell06,278
cell06,279
cell06,279
cell06,279
cell06,280
cell06,280
cell06,280
cell06,281
cell06,281
cell06,281
cell06,281
cell06,282
cell06,282
cell06,282
cell06,283
cell06,283
cell06,283
cell06,284
cell06,285
cell06,285
cell06,285
cell06,285
cell06,286
cell06,287
cell06,287
cell06,288
cell06,289
cell06,289
cell06,289
cell06,290
cell06,291
cell06,291
cell06,291
cell06,291
cell06,291
cell06,291
cell06,291
cell06,292
cell06,292
cell06,293
cell06,293
cell06,293
cell06,293
cell06,293
cell06,293
cell06,294
cell06,295
cell06,295
cell06,297
cell06,297
cell06,297
cell06,298
cell06,299
cell06,299
cell06,299
cell06,299
cell06,300
cell06,300
cell06,300
cell06,301
cell06,301
cell06,301
cell06,301
cell06,301
cell06,302
cell06,302
cell06,302
cell06,303
cell06,304
cell06,307
cell06,308
cell06,309
cell06,310
cell06,310
cell06,310
cell06,312
cell06,313
cell06,317
cell06,318
cell06,318
cell06,318
cell06,319
cell06,319
cell06,319
cell06,320
cell06,320
cell06,320
cell06,321
cell06,321
cell06,321
cell06,322
cell06,322
cell06,322
cell06,322
cell06,322
cell06,323
cell06,323
cell06,323
cell06,323
cell06,324
cell06,324
cell06,324
cell06,324
cell06,324
cell06,325
cell06,325
cell06,325
cell06,326
cell06,326
cell06,327
cell06,327
cell06,328
cell06,329
cell06,329
cell06,329
cell06,330
cell06,330
cell06,330
cell06,332
cell06,332
cell06,332
cell06,333
cell06,333
cell06,333
cell06,333
cell06,333
cell06,333
cell06,333
cell06,333
cell06,333
cell06,334
cell06,335
cell06,335
cell06,335
cell06,336
cell06,336
cell06,336
cell06,337
cell06,338
cell06,339
cell06,339
cell06,339
cell06,340
cell06,341
cell06,341
cell06,341
cell06,341
cell06,341
cell06,341
cell06,342
cell06,342
cell06,343
cell06,343
cell06,343
cell06,344
cell06,344
cell06,344
cell06,344
cell06,345
cell06,346
cell06,346
cell06,347
cell06,347
cell06,347
cell06,348
cell06,348
cell06,348
cell06,349
cell06,349
cell06,350
cell06,350
cell06,350
cell06,351
cell06,351
cell06,351
cell06,352
cell06,352
cell06,353
cell06,353
cell06,354
cell06,355
cell06,356
cell06,356
cell06,357
cell06,357
cell06,357
cell06,357
cell06,358
cell06,358
cell06,358
cell06,359
cell06,359
cell06,359
cell06,359
cell06,359
cell06,359
cell06,359
cell06,360
cell06,360
cell06,360
cell06,360
cell06,361
cell06,361
cell06,361
cell06,361
cell06,362
cell06,362
cell06,362
cell06,362
cell06,363
cell06,363
cell06,364
cell06,364
cell06,364
cell06,364
cell06,364
cell06,365
cell06,365
cell06,366
cell06,366
cell06,367
cell06,367
cell06,369
cell06,369
cell06,369
cell06,370
cell06,370
cell06,370
cell06,371
cell06,371
cell06,372
cell06,373
cell06,373
cell06,374
cell06,374
cell06,375
cell06,376
cell06,376
cell06,376
cell06,377
cell06,377
cell06,378
cell06,380
cell06,380
cell06,381
cell06,382
cell06,382
cell06,382
cell06,382
cell06,384
cell06,384
cell06,384
cell06,384
cell06,384
cell06,385
cell06,385
cell06,385
cell06,386
cell06,386
cell06,387
cell06,388
cell06,388
cell06,389
cell06,389
cell06,390
cell06,390
cell06,390
cell06,391
cell06,392
cell06,392
cell06,392
cell06,393
cell06,393
cell06,393
cell06,393
cell06,393
cell06,393
cell06,394
cell06,394
cell06,394
cell06,394
cell06,395
cell06,395
cell06,395
cell06,395
cell06,396
cell06,396
cell06,396
cell06,396
cell06,396
cell06,396
cell06,396
cell06,398
cell06,398
cell06,399
cell06,399
cell06,399
cell06,399
cell06,399
cell06,399
cell06,399
cell06,400
cell06,400
cell06,400
cell06,401
cell06,401
cell06,401
cell06,401
cell06,401
cell06,402
cell06,402
cell06,402
cell06,402
cell06,402
cell06,403
cell06,404
cell06,404
cell06,404
cell06,405
cell06,406
cell06,407
cell06,407
cell06,408
cell06,408
cell06,408
cell06,409
cell06,409
cell06,409
cell06,410
cell06,411
cell06,411
cell06,412
cell06,413
cell06,415
cell06,416
cell06,417
cell06,418
cell06,418
cell06,419
cell06,419
cell06,419
cell06,419
cell06,421
cell06,421
cell06,421
cell06,421
cell06,422
cell06,422
cell06,423
cell06,423
cell06,423
cell06,424
cell06,424
cell06,425
cell06,425
cell06,425
cell06,426
cell06,426
cell06,426
cell06,426
cell06,427
cell06,428
cell06,428
cell06,428
cell06,429
cell06,429
cell06,429
cell06,429
cell06,430
cell06,430
cell06,430
cell06,431
cell06,431
cell06,431
cell06,433
cell06,433
cell06,434
cell06,434
cell06,434
cell06,434
cell06,434
cell06,434
cell06,435
cell06,435
cell06,436
cell06,436
cell06,437
cell06,437
cell06,437
cell06,437
cell06,437
cell06,438
cell06,438
cell06,438
cell06,439
cell06,439
cell06,440
cell06,440
cell06,440
cell06,440
cell06,440
cell06,441
cell06,441
cell06,442
cell06,442
cell06,443
cell06,443
cell06,443
cell06,444
cell06,444
cell06,444
cell06,444
cell06,445
cell06,445
cell06,445
cell06,446
cell06,447
cell06,449
cell06,449
cell06,449
cell06,450
cell06,450
cell06,450
cell06,450
cell06,450
cell06,451
cell06,451
cell06,451
cell06,451
cell06,451
cell06,452
cell06,452
cell06,452
cell06,452
cell06,453
cell06,453
cell06,453
cell06,453
cell06,454
cell06,454
cell06,454
cell06,455
cell06,456
cell06,456
cell06,456
cell06,456
cell06,456
cell06,456
cell06,457
cell06,457
cell06,457
cell06,458
cell06,459
cell06,459
cell06,459
cell06,459
cell06,459
cell06,461
cell06,461
cell06,461
cell06,461
cell06,462
cell06,462
cell06,462
cell06,462
cell06,463
cell06,464
cell06,464
cell06,465
cell06,465
cell06,465
cell06,465
cell06,466
cell06,466
cell06,467
cell06,467
cell06,467
cell06,467
cell06,468
cell06,468
cell06,468
cell06,468
cell06,469
cell06,469
cell06,471
cell06,472
cell06,472
cell06,472
cell06,472
cell06,472
cell06,473
cell06,473
cell06,473
cell06,474
cell06,474
cell06,474
cell06,475
cell06,475
cell06,475
cell06,475
cell06,475
cell06,476
cell06,476
cell06,476
cell06,476
cell06,477
cell06,477
cell06,477
cell06,478
cell06,478
cell06,479
cell06,479
cell06,479
cell06,479
cell06,480
cell06,481
cell06,481
cell06,481
cell06,481
cell06,482
cell06,482
cell06,482
cell06,482
cell06,482
cell06,482
cell06,482
cell06,482
cell06,483
cell06,483
cell06,483
cell06,483
cell06,483
cell06,484
cell06,484
cell06,484
cell06,484
cell06,484
cell06,485
cell06,485
cell06,485
cell06,485
cell06,485
cell06,485
cell06,486
cell06,486
cell06,486
cell06,488
cell06,488
cell06,489
cell06,489
cell06,489
cell06,489
cell06,490
cell06,491
cell06,491
cell06,492
cell06,492
cell06,492
cell06,492
cell06,493
cell06,493
cell06,495
cell06,495
cell06,496
cell06,496
cell06,496
cell06,496
cell06,496
cell06,496
cell06,497
cell06,498
cell06,499
cell06,499
cell06,499
cell06,500
cell06,500
cell06,500
cell06,500
cell06,501
cell06,501
cell06,501
cell06,502
cell06,502
cell06,503
cell06,503
cell06,504
cell06,504
cell06,505
cell06,505
cell06,506
cell06,506
cell06,506
cell06,506
cell06,506
cell06,507
cell06,507
cell06,507
cell06,507
cell06,507
cell06,508
cell06,508
cell06,509
cell06,509
cell06,509
cell06,510
cell06,511
cell06,512
cell06,512
cell06,512
cell06,513
cell06,513
cell06,513
cell06,513
cell06,514
cell06,514
cell06,514
cell06,514
cell06,515
cell06,515
cell06,515
cell06,516
cell06,516
cell06,517
cell06,517
cell06,517
cell06,517
cell06,517
cell06,518
cell06,519
cell06,519
cell06,519
cell06,519
cell06,519
cell06,520
cell06,520
cell06,521
cell06,523
cell06,524
cell06,525
cell06,525
cell06,526
cell06,528
cell06,528
cell06,528
cell06,528
cell06,529
cell06,529
cell06,529
cell06,529
cell06,530
cell06,530
cell06,530
cell06,531
cell06,531
cell06,531
cell06,532
cell06,532
cell06,532
cell06,532
cell06,533
cell06,533
cell06,534
cell06,534
cell06,535
cell06,536
cell06,536
cell06,536
cell06,537
cell06,538
cell06,539
cell06,540
cell06,540
cell06,541
cell06,541
cell06,542
cell06,542
cell06,543
cell06,543
cell06,543
cell06,545
cell06,548
cell06,548
cell06,549
cell06,549
cell06,550
cell06,550
cell06,550
cell06,550
cell06,551
cell06,551
cell06,552
cell06,553
cell06,553
cell06,553
cell06,554
cell06,554
cell06,554
cell06,554
cell06,554
cell06,555
cell06,555
cell06,555
cell06,555
cell06,557
cell06,557
cell06,558
cell06,558
cell06,558
cell06,558
cell06,558
cell06,559
cell06,559
cell06,559
cell06,560
cell06,560
cell06,560
cell06,560
cell06,561
cell06,561
cell06,561
cell06,562
cell06,562
cell06,562
cell06,562
cell06,563
cell06,564
cell06,564
cell06,564
cell06,564
cell06,565
cell06,565
cell06,565
cell06,565
cell06,566
cell06,567
cell06,568
cell06,568
cell06,569
cell06,569
cell06,569
cell06,569
cell06,569
cell06,569
cell06,570
cell06,571
cell06,571
cell06,571
cell06,572
cell06,573
cell06,573
cell06,574
cell06,575
cell06,575
cell06,576
cell06,576
cell06,576
cell06,577
cell06,577
cell06,577
cell06,577
cell06,578
cell06,579
cell06,581
cell06,581
cell06,583
cell06,583
cell06,583
cell06,584
cell06,584
cell06,584
cell06,584
cell06,586
cell06,587
cell06,587
cell06,587
cell06,588
cell06,588
cell06,589
cell06,590
cell06,590
cell06,591
cell06,591
cell06,592
cell06,593
cell06,593
cell06,593
cell06,594
cell06,595
cell06,595
cell06,595
cell06,595
cell06,595
cell06,595
cell06,595
cell06,596
cell06,597
cell06,597
cell06,597
cell06,597
cell06,597
cell06,598
cell06,599
cell06,599
cell06,599
cell06,599
cell06,599
cell06,599
cell06,600
cell06,600
cell06,601
cell06,602
cell06,603
cell06,603
cell06,603
cell06,605
cell06,605
cell06,605
cell06,606
cell06,606
cell06,606
cell06,606
cell06,607
cell06,607
cell06,608
cell06,609
cell06,609
cell06,610
cell06,610
cell06,610
cell06,610
cell06,610
cell06,611
cell06,611
cell06,611
cell06,611
cell06,612
cell06,612
cell06,612
cell06,612
cell06,613
cell06,613
cell06,614
cell06,614
cell06,615
cell06,615
cell06,616
cell06,616
cell06,616
cell06,617
cell06,617
cell06,617
cell06,617
cell06,617
cell06,617
cell06,618
cell06,618
cell06,620
cell06,620
cell06,622
cell06,623
cell06,623
cell06,624
cell06,624
cell06,624
cell07,10
cell07,11
cell07,12
cell07,15
cell07,19
cell07,20
cell07,22
cell07,33
cell07,44
cell07,44
cell07,45
cell07,56
cell07,57
cell07,58
cell07,62
cell07,62
cell07,62
cell07,62
cell07,62
cell07,63
cell07,63
cell07,68
cell07,68
cell07,68
cell07,69
cell07,70
cell07,71
cell07,71
cell07,74
cell07,75
cell07,76
cell07,76
cell07,76
cell07,76
cell07,77
cell07,77
cell07,78
cell07,78
cell07,78
cell07,80
cell07,81
cell07,81
cell07,83
cell07,85
cell07,85
cell07,85
cell07,87
cell07,88
cell07,89
cell07,90
cell07,91
cell07,91
cell07,91
cell07,91
cell07,91
cell07,92
cell07,92
cell07,93
cell07,93
cell07,93
cell07,93
cell07,93
cell07,93
cell07,94
cell07,94
cell07,94
cell07,94
cell07,94
cell07,94
cell07,94
cell07,96
cell07,97
cell07,98
cell07,104
cell07,105
cell07,106
cell07,107
cell07,107
cell07,107
cell07,108
cell07,108
cell07,108
cell07,108
cell07,108
cell07,109
cell07,109
cell07,109
cell07,110
cell07,110
cell07,110
cell07,111
cell07,111
cell07,111
cell07,114
cell07,117
cell07,117
cell07,119
cell07,122
cell07,124
cell07,124
cell07,124
cell07,127
cell07,127
cell07,129
cell07,130
cell07,130
cell07,131
cell07,131
cell07,131
cell07,132
cell07,133
cell07,135
cell07,135
cell07,135
cell07,136
cell07,136
cell07,137
cell07,137
cell07,138
cell07,140
cell07,140
cell07,141
cell07,141
cell07,142
cell07,143
cell07,144
cell07,144
cell07,144
cell07,144
cell07,144
cell07,144
cell07,145
cell07,146
cell07,146
cell07,146
cell07,146
cell07,146
cell07,146
cell07,146
cell07,147
cell07,147
cell07,148
cell07,148
cell07,148
cell07,149
cell07,150
cell07,150
cell07,150
cell07,150
cell07,150
cell07,151
cell07,151
cell07,152
cell07,154
cell07,157
cell07,157
cell07,159
cell07,160
cell07,160
cell07,161
cell07,161
cell07,161
cell07,162
cell07,163
cell07,163
cell07,165
cell07,165
cell07,166
cell07,166
cell07,166
cell07,168
cell07,169
cell07,169
cell07,169
cell07,169
cell07,169
cell07,170
cell07,170
cell07,170
cell07,170
cell07,170
cell07,171
cell07,171
cell07,173
cell07,173
cell07,173
cell07,173
cell07,175
cell07,175
cell07,175
cell07,175
cell07,176
cell07,176
cell07,176
cell07,176
cell07,176
cell07,176
cell07,176
cell07,177
cell07,177
cell07,177
cell07,177
cell07,177
cell07,178
cell07,178
cell07,178
cell07,178
cell07,178
cell07,178
cell07,179
cell07,179
cell07,179
cell07,181
cell07,181
cell07,181
cell07,181
cell07,181
cell07,182
cell07,182
cell07,183
cell07,183
cell07,183
cell07,184
cell07,184
cell07,184
cell07,184
cell07,185
cell07,185
cell07,186
cell07,187
cell07,187
cell07,187
cell07,188
cell07,189
cell08,8
cell08,8
cell08,16
cell08,21
cell08,21
cell08,21
cell08,22
cell08,22
cell08,22
cell08,22
cell08,22
cell08,22
cell08,23
cell08,23
cell08,23
cell08,24
cell08,24
cell08,24
cell08,25
cell08,25
cell08,25
cell08,25
cell08,26
cell08,26
cell08,26
cell08,27
cell08,28
cell08,29
cell08,30
cell08,30
cell08,30
cell08,30
cell08,31
cell08,31
cell08,32
cell08,32
cell08,32
cell08,32
cell08,35
cell08,35
cell08,35
cell08,36
cell08,36
cell08,38
cell08,38
cell08,38
cell08,38
cell08,39
cell08,42
cell08,42
cell08,42
cell08,42
cell08,42
cell08,42
cell08,42
cell08,43
cell08,43
cell08,43
cell08,43
cell08,43
cell08,44
cell08,44
cell08,45
cell08,45
cell08,45
cell08,46
cell08,46
cell08,46
cell08,46
cell08,47
cell08,48
cell08,48
cell08,48
cell08,48
cell08,48
cell08,49
cell08,49
cell08,49
cell08,50
cell08,51
cell08,51
cell08,51
cell08,51
cell08,52
cell08,52
cell08,52
cell08,53
cell08,53
cell08,54
cell08,54
cell08,54
cell08,55
cell08,56
cell08,56
cell08,56
cell08,56
cell08,56
cell08,57
cell08,57
cell08,59
cell08,59
cell08,59
cell08,59
cell08,60
cell08,61
cell08,64
cell08,64
cell08,65
cell08,65
cell08,65
cell08,66
cell08,66
cell08,66
cell08,67
cell08,68
cell08,68
cell08,69
cell08,70
cell08,70
cell08,71
cell08,72
cell08,72
cell08,73
cell08,73
cell08,73
cell08,73
cell08,73
cell08,73
cell08,73
cell08,74
cell08,74
cell08,74
cell08,74
cell08,74
cell08,74
cell08,75
cell08,75
cell08,76
cell08,76
cell08,76
cell08,76
cell08,76
cell08,77
cell08,77
cell08,77
cell08,77
cell08,78
cell08,78
cell08,79
cell08,79
cell08,81
cell08,81
cell08,82
cell08,82
cell08,82
cell08,82
cell08,83
cell08,84
cell08,84
cell08,84
cell08,84
cell08,85
cell08,85
cell08,85
cell08,85
cell08,86
cell08,86
cell08,86
cell08,86
cell08,87
cell08,87
cell08,88
cell08,88
cell08,88
cell08,88
cell08,91
cell08,92
cell08,93
cell08,93
cell08,93
cell08,94
cell08,94
cell08,94
cell08,94
cell08,94
cell08,95
cell08,95
cell08,96
cell08,96
cell08,97
cell08,98
cell08,98
cell08,98
cell08,99
cell08,99
cell08,100
cell08,102
cell08,102
cell08,103
cell08,103
cell08,104
cell08,106
cell08,106
cell08,107
cell08,107
cell08,108
cell08,109
cell08,109
cell08,109
cell08,109
cell08,109
cell08,110
cell08,110
cell08,110
cell08,111
cell08,112
cell08,112
cell08,112
cell08,112
cell08,113
cell08,113
cell08,113
cell08,113
cell08,115
cell08,115
cell08,115
cell08,115
cell08,115
cell08,116
cell08,116
cell08,116
cell08,116
cell08,117
cell08,117
cell08,117
cell08,117
cell08,118
cell08,118
cell08,119
cell08,119
cell08,119
cell08,119
cell08,119
cell08,120
cell08,121
cell08,122
cell08,122
cell08,122
cell08,122
cell08,124
cell08,124
cell08,125
cell08,125
cell08,125
cell08,125
cell08,125
cell08,126
cell08,126
cell08,126
cell08,127
cell08,127
cell08,128
cell08,128
cell08,129
cell08,130
cell08,130
cell08,130
cell08,131
cell08,132
cell08,132
cell08,132
cell08,133
cell08,133
cell08,133
cell08,133
cell08,133
cell08,134
cell08,135
cell08,135
cell08,136
cell08,136
cell08,137
cell08,137
cell08,138
cell08,138
cell08,139
cell08,139
cell08,140
cell08,141
cell08,141
cell08,141
cell08,143
cell08,144
cell08,144
cell08,145
cell08,145
cell08,146
cell08,147
cell08,147
cell08,147
cell08,148
cell08,148
cell08,148
cell08,148
cell08,148
cell08,148
cell08,148
cell08,148
cell08,149
cell08,149
cell08,149
cell08,150
cell08,151
cell08,152
cell08,152
cell08,152
cell08,152
cell08,152
cell08,153
cell08,153
cell08,154
cell08,154
cell08,154
cell08,155
cell08,155
cell08,155
cell08,155
cell08,155
cell08,155
cell08,155
cell08,155
cell08,155
cell08,156
cell08,156
cell08,156
cell08,156
cell08,157
cell08,157
cell08,157
cell08,158
cell08,158
cell08,158
cell08,159
cell08,160
cell08,160
cell08,161
cell08,161
cell08,161
cell08,161
cell08,162
cell08,162
cell08,162
cell08,162
cell08,163
cell08,163
cell08,164
cell08,164
cell08,164
cell08,165
cell08,165
cell08,165
cell08,165
cell08,166
cell08,166
cell08,167
cell08,168
cell08,168
cell08,168
cell08,168
cell08,168
cell08,169
cell08,170
cell08,170
cell08,171
cell08,171
cell08,171
cell08,171
cell08,172
cell08,173
cell08,173
cell08,174
cell08,174
cell08,174
cell08,175
cell08,175
cell08,175
cell08,176
cell08,177
cell08,177
cell08,177
cell08,178
cell08,179
cell08,179
cell08,179
cell08,180
cell08,180
cell08,182
cell08,182
cell08,183
cell08,183
cell08,184
cell08,185
cell08,185
cell08,186
cell08,186
cell08,186
cell08,187
cell08,187
cell08,187
cell08,187
cell08,188
cell08,188
cell08,188
cell08,189
cell08,189
cell08,190
cell08,190
cell08,190
cell08,191
cell08,193
cell08,194
cell08,194
cell08,194
cell08,195
cell08,195
cell08,195
cell08,195
cell08,196
cell08,197
cell08,197
cell08,197
cell08,197
cell08,198
cell08,198
cell08,199
cell08,199
cell08,199
cell08,199
cell08,200
cell08,200
cell08,200
cell08,200
cell08,201
cell08,201
cell08,202
cell08,202
cell08,202
cell08,202
cell08,202
cell08,203
cell08,203
cell08,203
cell08,204
cell08,204
cell08,206
cell08,206
cell08,206
cell08,207
cell08,207
cell08,207
cell08,207
cell08,208
cell08,209
cell08,210
cell08,210
cell08,212
cell08,213
cell08,213
cell08,214
cell08,214
cell08,214
cell08,214
cell08,214
cell08,215
cell08,217
cell08,218
cell08,219
cell08,220
cell08,220
cell08,220
cell08,221
cell08,221
cell08,221
cell08,222
cell08,222
cell08,223
cell08,223
cell08,223
cell08,223
cell08,223
cell08,224
cell08,224
cell08,224
cell08,224
cell08,224
cell08,224
cell08,225
cell08,225
cell08,226
cell08,226
cell08,226
cell08,226
cell08,227
cell08,227
cell08,227
cell08,228
cell08,228
cell08,228
cell08,228
cell08,228
cell08,229
cell08,229
cell08,229
cell08,229
cell08,230
cell08,230
cell08,230
cell08,230
cell08,231
cell08,231
cell08,231
cell08,231
cell08,231
cell08,232
cell08,232
cell08,233
cell08,233
cell08,234
cell08,235
cell08,235
cell08,235
cell08,236
cell08,236
cell08,236
cell08,237
cell08,238
cell08,238
cell08,238
cell08,238
cell08,239
cell08,239
cell08,239
cell08,239
cell08,240
cell08,240
cell08,241
cell08,241
cell08,242
cell08,242
cell08,242
cell08,243
cell08,243
cell08,244
cell08,244
cell08,244
cell08,244
cell08,244
cell08,245
cell08,245
cell08,245
cell08,246
cell08,246
cell08,246
cell08,246
cell08,246
cell08,246
cell08,247
cell08,247
cell08,248
cell08,249
cell08,249
cell08,250
cell08,251
cell08,254
cell08,256
cell08,256
cell08,256
cell08,257
cell08,257
cell08,258
cell08,258
cell08,258
cell08,258
cell08,259
cell08,259
cell08,259
cell08,259
cell08,260
cell08,260
cell08,260
cell08,260
cell08,261
cell08,262
cell08,262
cell08,262
cell08,262
cell08,263
cell08,263
cell08,263
cell08,264
cell08,264
cell08,264
cell08,265
cell08,265
cell08,265
cell08,266
cell08,266
cell08,267
cell08,267
cell08,267
cell08,268
cell08,268
cell08,269
cell08,269
cell08,270
cell08,270
cell08,271
cell08,271
cell08,271
cell08,272
cell08,272
cell08,272
cell08,273
cell08,273
cell08,273
cell08,273
cell08,274
cell08,275
cell08,275
cell08,275
cell08,277
cell08,277
cell08,277
cell08,277
cell08,278
cell08,278
cell08,279
cell08,279
cell08,279
cell08,279
cell08,280
cell08,280
cell08,281
cell08,282
cell08,282
cell08,282
cell08,283
cell08,283
cell08,283
cell08,284
cell08,285
cell08,286
cell08,286
cell08,287
cell08,287
cell08,287
cell08,288
cell08,289
cell08,291
cell08,292
cell08,292
cell08,292
cell08,293
cell08,293
cell08,293
cell08,293
cell08,294
cell08,294
cell08,295
cell08,295
cell08,296
cell08,297
cell08,298
cell08,300
cell08,300
cell08,301
cell08,301
cell08,302
cell08,302
cell08,302
cell08,302
cell08,303
cell08,303
cell08,303
cell08,303
cell08,303
cell08,303
cell08,304
cell08,305
cell08,305
cell08,305
cell08,307
cell08,307
cell08,308
cell08,308
cell08,309
cell08,309
cell08,310
cell08,310
cell08,311
cell08,312
cell08,312
cell08,313
cell08,313
cell08,314
cell08,314
cell08,314
cell08,314
cell08,315
cell08,315
cell08,316
cell08,316
cell08,318
cell08,318
cell08,319
cell08,319
cell08,320
cell08,321
cell08,322
cell08,322
cell08,322
cell08,322
cell08,322
cell08,322
cell08,322
cell08,323
cell08,323
cell08,323
cell08,323
cell08,323
cell08,323
cell08,323
cell08,324
cell08,325
cell08,325
cell08,326
cell08,326
cell08,326
cell08,326
cell08,327
cell08,327
cell08,327
cell08,328
cell08,329
cell08,329
cell08,329
cell08,330
cell08,330
cell08,331
cell08,331
cell08,332
cell08,332
cell08,332
cell08,332
cell08,332
cell08,332
cell08,333
cell08,334
cell08,334
cell08,334
cell08,334
cell08,334
cell08,335
cell08,335
cell08,335
cell08,336
cell08,336
cell08,336
cell08,336
cell08,336
cell08,337
cell08,337
cell08,338
cell08,338
cell08,338
cell08,338
cell08,339
cell08,339
cell08,339
cell08,340
cell08,341
cell08,341
cell08,341
cell08,342
cell08,342
cell08,342
cell08,343
cell08,343
cell08,344
cell08,344
cell08,344
cell08,344
cell08,344
cell08,345
cell08,345
cell08,345
cell08,345
cell08,346
cell08,347
cell08,347
cell08,348
cell08,348
cell08,349
cell08,349
cell08,349
cell08,350
cell08,350
cell08,350
cell08,353
cell08,354
cell08,354
cell08,354
cell08,355
cell08,356
cell08,356
cell08,357
cell08,357
cell08,357
cell08,357
cell08,358
cell08,358
cell08,359
cell08,359
cell08,360
cell08,360
cell08,361
cell08,361
cell08,361
cell08,361
cell08,361
cell08,362
cell08,363
cell08,364
cell08,364
cell08,364
cell08,364
cell08,365
cell08,366
cell08,368
cell08,369
cell08,369
cell08,370
cell08,370
cell08,370
cell08,371
cell08,371
cell08,371
cell08,371
cell08,371
cell08,372
cell08,372
cell08,372
cell08,373
cell08,373
cell08,374
cell08,375
cell08,375
cell08,376
cell08,377
cell08,378
cell08,378
cell08,379
cell08,379
cell08,379
cell08,379
cell08,379
cell08,381
cell08,381
cell08,382
cell08,383
cell08,383
cell08,384
cell08,384
cell08,384
cell08,385
cell08,385
cell08,385
cell08,386
cell08,386
cell08,387
cell08,387
cell08,387
cell08,387
cell08,388
cell08,388
cell08,388
cell08,389
cell08,390
cell08,390
cell08,391
cell08,392
cell08,392
cell08,392
cell08,393
cell08,394
cell08,394
cell08,394
cell08,394
cell08,395
cell08,395
cell08,396
cell08,396
cell08,396
cell08,396
cell08,397
cell08,397
cell08,399
cell08,399
cell08,399
cell08,400
cell08,400
cell08,400
cell08,401
cell08,401
cell08,401
cell08,402
cell08,402
cell08,403
cell08,403
cell08,403
cell08,403
cell08,404
cell08,404
cell08,405
cell08,405
cell08,405
cell08,406
cell08,406
cell08,406
cell08,406
cell08,407
cell08,408
cell08,408
cell08,409
cell08,409
cell08,409
cell08,409
cell08,410
cell08,410
cell08,410
cell08,410
cell08,411
cell08,411
cell08,412
cell08,412
cell08,412
cell08,413
cell08,413
cell08,413
cell08,413
cell08,413
cell08,414
cell08,414
cell08,414
cell08,414
cell08,415
cell08,416
cell08,416
cell08,417
cell08,417
cell08,418
cell08,418
cell08,418
cell08,418
cell08,419
cell08,419
cell08,419
cell08,419
cell08,420
cell08,420
cell08,420
cell08,421
cell08,421
cell08,421
cell08,421
cell08,421
cell08,421
cell08,422
cell08,423
cell08,423
cell08,423
cell08,424
cell08,426
cell08,426
cell08,427
cell08,427
cell08,427
cell08,427
cell08,428
cell08,428
cell08,428
cell08,428
cell08,429
cell08,429
cell08,429
cell08,429
cell08,429
cell08,431
cell08,432
cell08,432
cell08,433
cell08,433
cell08,434
cell08,434
cell08,435
cell08,435
cell08,436
cell08,436
cell08,437
cell08,437
cell08,437
cell08,437
cell08,437
cell08,437
cell08,438
cell08,438
cell08,438
cell08,439
cell08,440
cell08,441
cell08,441
cell08,441
cell08,442
cell08,443
cell08,443
cell08,444
cell08,445
cell08,445
cell08,446
cell08,446
cell08,447
cell08,448
cell08,449
cell08,449
cell08,449
cell08,449
cell08,449
cell08,449
cell08,450
cell08,450
cell08,450
cell08,451
cell08,451
cell08,451
cell08,451
cell08,452
cell08,452
cell08,453
cell08,453
cell08,453
cell08,453
cell08,453
cell08,453
cell08,453
cell08,453
cell08,453
cell08,453
cell08,454
cell08,454
cell08,454
cell08,455
cell08,455
cell08,455
cell08,456
cell08,456
cell08,456
cell08,457
cell08,457
cell08,459
cell08,459
cell08,460
cell08,460
cell08,460
cell08,461
cell08,461
cell08,461
cell08,462
cell08,462
cell08,462
cell08,462
cell08,462
cell08,463
cell08,463
cell08,464
cell08,464
cell08,464
cell08,464
cell08,465
cell08,465
cell08,465
cell08,465
cell08,465
cell08,465
cell08,466
cell08,466
cell08,467
cell08,467
cell08,467
cell08,468
cell08,468
cell08,469
cell08,470
cell08,470
cell08,470
cell08,471
cell08,471
cell08,472
cell08,473
cell08,473
cell08,473
cell08,473
cell08,474
cell08,474
cell08,474
cell08,479
cell08,479
cell08,479
cell08,480
cell08,480
cell08,481
cell08,481
cell08,481
cell08,481
cell08,481
cell08,481
cell08,482
cell08,483
cell08,483
cell08,483
cell08,483
cell08,484
cell08,484
cell08,484
cell08,487
cell08,487
cell08,487
cell08,487
cell08,488
cell08,488
cell08,488
cell08,488
cell08,488
cell08,489
cell08,489
cell08,489
cell08,489
cell08,490
cell08,490
cell08,491
cell08,491
cell08,491
cell08,492
cell08,492
cell08,492
cell08,492
cell08,493
cell08,493
cell08,493
cell08,493
cell08,493
cell08,494
cell08,494
cell08,495
cell08,495
cell08,495
cell08,495
cell08,495
cell08,495
cell08,497
cell08,497
cell08,498
cell08,499
cell08,499
cell08,499
cell08,499
cell08,499
cell08,500
cell08,500
cell08,501
cell08,502
cell08,502
cell08,503
cell08,503
cell08,503
cell08,503
cell08,503
cell08,503
cell08,503
cell08,503
cell08,504
cell08,504
cell08,504
cell08,504
cell08,504
cell08,504
cell08,505
cell08,505
cell08,505
cell08,506
cell08,507
cell08,507
cell08,507
cell08,508
cell08,508
cell08,508
cell08,508
cell08,509
cell08,509
cell08,510
cell08,510
cell08,510
cell08,511
cell08,513
cell08,513
cell08,513
cell08,514
cell08,514
cell08,514
cell08,514
cell08,515
cell08,515
cell08,516
cell08,516
cell08,516
cell08,516
cell08,516
cell08,517
cell08,518
cell08,518
cell08,518
cell08,518
cell08,519
cell08,519
cell08,520
cell08,520
cell08,520
cell08,521
cell08,521
cell08,522
cell08,522
cell08,523
cell08,524
cell08,524
cell08,525
cell08,525
cell08,525
cell08,525
cell08,525
cell08,525
cell08,525
cell08,526
cell08,527
cell08,527
cell08,528
cell08,528
cell08,529
cell08,529
cell08,529
cell08,529
cell08,529
cell08,530
cell08,530
cell08,531
cell08,531
cell08,532
cell08,533
cell08,534
cell08,534
cell08,534
cell08,534
cell08,535
cell08,535
cell08,535
cell08,535
cell08,536
cell08,536
cell08,537
cell08,538
cell08,538
cell08,538
cell08,538
cell08,538
cell08,539
cell08,539
cell08,539
cell08,540
cell08,540
cell08,540
cell08,540
cell08,541
cell08,541
cell08,542
cell08,542
cell08,542
cell08,542
cell08,543
cell08,544
cell08,544
cell08,545
cell08,545
cell08,545
cell08,546
cell08,547
cell08,548
cell08,548
cell08,548
cell08,549
cell08,549
cell08,549
cell08,550
cell08,550
cell08,550
cell08,550
cell08,550
cell08,551
cell08,551
cell08,551
cell08,551
cell08,551
cell08,552
cell08,552
cell08,552
cell08,552
cell08,553
cell08,553
cell08,553
cell08,554
cell08,555
cell08,556
cell08,556
cell08,557
cell08,558
cell08,558
cell08,558
cell08,558
cell08,558
cell08,559
cell08,559
cell08,560
cell08,561
cell08,561
cell08,561
cell08,562
cell08,564
cell08,564
cell08,564
cell08,565
cell08,565
cell08,565
cell08,565
cell08,566
cell08,566
cell08,566
cell08,567
cell08,567
cell08,567
cell08,568
cell08,568
cell08,568
cell08,569
cell08,569
cell08,569
cell08,569
cell08,569
cell08,570
cell08,571
cell08,571
cell08,571
cell08,572
cell08,572
cell08,572
cell08,572
cell08,572
cell08,572
cell08,573
cell08,573
cell08,573
cell08,573
cell08,573
cell08,574
cell08,574
cell08,580
cell08,580
cell08,580
cell08,581
cell08,581
cell08,581
cell08,582
cell08,582
cell08,582
cell08,582
cell08,582
cell08,583
cell08,583
cell08,583
cell08,584
cell08,584
cell08,585
cell08,585
cell08,585
cell08,585
cell08,585
cell08,586
cell08,586
cell08,587
cell08,588
cell08,588
cell08,588
cell08,590
cell08,590
cell08,590
cell08,590
cell08,590
cell08,590
cell08,591
cell08,591
cell08,591
cell08,591
cell08,592
cell08,592
cell08,592
cell08,592
cell08,593
cell08,593
cell08,593
cell08,593
cell08,593
cell08,594
cell08,594
cell08,594
cell08,595
cell08,595
cell08,595
cell08,595
cell08,595
cell08,596
cell08,596
cell08,596
cell08,596
cell08,597
cell08,597
cell08,598
cell08,598
cell08,598
cell08,598
cell08,599
cell08,599
cell08,599
cell08,599
cell08,600
cell08,600
cell08,600
cell08,601
cell08,603
cell08,604
cell08,604
cell08,605
cell08,605
cell08,605
cell08,605
cell08,605
cell08,606
cell08,606
cell08,607
cell08,607
cell08,607
cell08,608
cell08,608
cell08,609
cell08,609
cell08,609
cell08,610
cell08,611
cell08,611
cell08,611
cell08,611
cell08,611
cell08,611
cell08,613
cell08,613
cell08,613
cell08,613
cell08,614
cell08,614
cell08,614
cell08,614
cell08,615
cell08,615
cell08,615
cell08,616
cell08,616
cell08,616
cell08,617
cell08,617
cell08,617
cell08,618
cell08,618
cell08,618
cell08,618
cell08,619
cell08,619
cell08,619
cell08,619
cell08,620
cell08,620
cell08,620
cell08,622
cell08,622
cell08,623
cell08,623
cell08,624
cell08,624
cell08,624
cell08,625
cell08,626
cell08,627
cell08,627
cell08,628
cell08,629
cell08,630
cell08,630
cell08,630
cell08,630
cell08,631
cell08,631
cell08,631
cell08,631
cell08,631
cell08,633
cell08,633
cell08,634
cell08,634
cell08,634
cell08,634
cell08,635
cell08,635
cell08,635
cell08,636
cell08,636
cell08,637
cell08,637
cell08,638
cell08,638
cell08,638
cell08,638
cell08,639
cell08,639
cell08,639
cell08,639
cell08,641
cell08,641
cell08,642
cell08,642
cell08,643
cell08,643
cell08,643
cell08,643
cell08,643
cell08,644
cell08,644
cell08,644
cell08,645
cell08,646
cell08,646
cell08,646
cell08,647
cell08,647
cell08,647
cell08,648
cell08,649
cell08,649
cell08,650
cell08,650
cell08,652
cell08,652
cell08,652
cell08,652
cell08,653
cell08,653
cell08,654
cell08,654
cell08,655
cell08,656
cell08,656
cell08,656
cell08,656
cell08,657
cell08,657
cell08,657
cell08,657
cell08,657
cell08,657
cell08,658
cell08,658
cell08,659
cell08,659
cell08,659
cell08,659
cell08,660
cell08,660
cell08,660
cell08,660
cell08,660
cell08,660
cell08,661
cell08,661
cell08,661
cell08,662
cell08,662
cell08,662
cell08,662
cell08,663
cell08,663
cell08,663
cell08,663
cell08,663
cell08,664
cell08,664
cell08,664
cell08,664
cell08,665
cell08,665
cell08,665
cell08,665
cell08,665
cell08,665
cell08,666
cell08,666
cell08,666
cell08,666
cell08,667
cell08,667
cell08,667
cell08,667
cell08,667
cell08,668
cell08,668
cell08,668
cell08,668
cell08,669
cell08,669
cell08,670
cell08,670
cell08,670
cell08,670
cell08,671
cell08,671
cell08,671
cell08,671
cell08,671
cell08,672
cell08,673
cell08,673
cell08,673
cell08,673
cell08,674
cell08,674
cell08,674
cell08,675
cell08,675
cell08,675
cell08,675
cell08,676
cell08,676
cell08,676
cell08,677
cell08,678
cell08,678
cell08,679
cell08,679
cell08,679
cell08,679
cell08,680
cell08,680
cell08,680
cell08,681
cell08,682
cell08,683
cell08,683
cell08,683
cell08,683
cell08,683
cell08,684
cell08,684
cell08,684
cell08,684
cell08,685
cell08,685
cell08,685
cell08,685
cell08,686
cell08,686
cell08,686
cell08,687
cell08,687
cell08,687
cell08,687
cell08,687
cell08,688
cell08,688
cell08,688
cell08,689
cell08,689
cell08,689
cell08,689
cell08,689
cell08,689
cell08,691
cell08,692
cell08,693
cell08,695
cell08,695
cell08,695
cell08,696
cell08,696
cell08,696
cell08,696
cell08,696
cell08,697
cell08,697
cell08,698
cell08,698
cell08,699
cell08,699
cell08,699
cell08,700
cell08,700
cell08,700
cell08,701
cell08,701
cell08,701
cell08,701
cell08,702
cell08,702
cell08,702
cell08,702
cell08,702
cell08,702
cell08,703
cell08,703
cell08,703
cell08,704
cell08,704
cell08,704
cell08,704
cell08,705
cell08,705
cell08,705
cell08,705
cell08,706
cell08,706
cell08,707
cell08,707
cell08,707
cell08,707
cell08,707
cell08,707
cell08,707
cell08,709
cell08,709
cell08,710
cell08,710
cell08,711
cell08,712
cell08,712
cell08,712
cell08,713
cell08,713
cell08,714
cell08,714
cell08,714
cell08,714
cell08,715
cell08,715
cell08,715
cell08,716
cell08,716
cell08,716
cell08,716
cell08,716
cell08,716
cell08,716
cell08,717
cell08,717
cell08,718
cell08,718
cell08,718
cell08,719
cell08,719
cell08,720
cell08,720
cell08,721
cell08,721
cell08,721
cell08,721
cell08,722
cell08,722
cell08,722
cell08,723
cell08,723
cell08,724
cell08,724
cell08,724
cell08,724
cell08,725
cell08,725
cell08,725
cell08,725
cell08,725
cell08,726
cell08,727
cell08,727
cell08,728
cell08,729
cell08,729
cell08,729
cell08,730
cell08,730
cell08,730
cell08,731
cell08,731
cell08,731
cell08,732
cell08,732
cell08,732
cell08,733
cell08,733
cell08,733
cell08,734
cell08,734
cell08,734
cell08,734
cell08,736
cell08,736
cell08,736
cell08,737
cell08,737
cell08,737
cell08,737
cell08,738
cell08,738
cell08,738
cell08,738
cell08,739
cell08,739
cell08,740
cell08,740
cell08,741
cell08,741
cell08,742
cell08,743
cell08,743
cell08,743
cell08,744
cell08,744
cell08,745
cell08,745
cell08,746
cell08,746
cell08,747
cell08,747
cell08,747
cell08,747
cell08,749
cell08,749
cell08,750
cell08,750
cell08,750
cell08,752
cell08,752
cell08,753
cell08,753
cell08,754
cell08,754
cell08,755
cell08,755
cell08,755
cell08,755
cell08,755
cell08,756
cell08,756
cell08,756
cell08,756
cell08,757
cell08,759
cell08,760
cell08,760
cell08,761
cell08,761
cell08,761
cell08,761
cell08,762
cell08,762
cell08,762
cell08,762
cell08,762
cell08,763
cell08,763
cell08,763
cell08,763
cell08,764
cell08,764
cell08,764
cell08,764
cell08,764
cell08,765
cell08,765
cell08,765
cell08,766
cell08,767
cell08,767
cell08,768
cell08,768
cell08,768
cell08,768
cell08,768
cell08,768
cell08,768
cell08,770
cell08,770
cell08,771
cell08,773
cell08,773
cell08,773
cell08,773
cell08,774
cell08,774
cell08,774
cell08,774
cell08,774
cell08,776
cell08,776
cell08,776
cell08,777
cell08,778
cell08,778
cell08,779
cell08,780
cell08,780
cell08,781
cell08,782
cell08,782
cell08,783
cell08,783
cell08,784
cell08,784
cell08,784
cell08,785
cell08,785
cell08,786
cell08,786
cell08,786
cell08,787
cell08,787
cell08,787
cell08,788
cell08,788
cell08,788
cell08,788
cell08,789
cell08,789
cell08,789
cell08,790
cell08,790
cell08,790
cell08,790
cell08,790
cell08,790
cell08,791
cell08,791
cell08,791
cell08,791
cell08,792
cell08,792
cell08,792
cell08,793
cell08,794
cell08,795
cell08,795
cell08,795
cell08,795
cell09,6
cell09,7
cell09,23
cell09,36
cell09,77
cell09,117
cell09,167
cell09,188
cell09,191
cell09,224
cell09,224
cell09,247
cell09,248
cell09,267
cell09,271
cell09,286
cell09,363
cell09,380
cell09,380
cell09,442
cell09,444
cell09,485
cell09,510
cell09,546
cell09,604
cell09,606
cell09,619
cell09,643
cell10,2
cell10,20
cell10,50
cell10,104
cell10,114
cell10,119
cell10,123
cell10,133
cell10,168
cell10,174
cell10,204
cell10,233
cell10,252
cell10,255
cell10,287
cell10,315
cell10,369
cell10,374
cell10,386
cell10,419
cell10,420
cell10,422
cell10,472
cell10,486
cell10,491
cell10,502
cell10,504
cell10,508
cell10,544
cell10,551
cell10,568
cell10,596
