fragment_id,parent_neuron_id,block_100um,proofread_batch,x_um,y_um,path_length_um,caliber_mean_um,caliber_var,branch_count,tortuosity,pre_synapses,post_synapses,mito_volume_fraction,mean_intensity,label,contains_error
F0001,40366,0-3,B4,37.6,358.7,26.5,0.342,0.0263,5,0.947,0,2,0.33,113.0,smooth_dendrite,1
F0002,40149,1-1,B5,189.5,112.3,10.0,0.306,0.0445,2,0.313,1,6,0.131,128.0,spiny_dendrite,0
F0003,40068,7-0,B5,755.1,7.6,23.1,0.463,0.0223,2,2.47,5,1,0.048,135.8,axon,0
F0004,40513,7-5,B2,788.3,598.7,51.3,0.696,0.0813,2,1.311,0,0,0.026,119.3,glia_process,0
F0005,40121,6-1,B6,651.8,121.4,42.9,0.193,0.2314,15,0.587,1,2,0.118,111.6,merged_object,1
F0006,40085,5-0,B4,558.7,4.6,44.5,1.741,0.0346,14,1.293,1,5,0.177,121.4,spiny_dendrite,0
F0007,40389,4-3,B1,473.9,373.1,6.7,0.594,0.2321,1,2.51,1,11,0.194,104.4,smooth_dendrite,0
F0008,40138,0-1,B3,7.1,146.7,62.1,0.121,0.049,2,0.73,2,2,0.159,144.3,axon,0
F0009,40524,0-1,B4,32.9,163.3,69.0,0.928,0.1024,1,4.216,2,3,0.047,140.7,merged_object,1
F0010,40531,2-6,B3,247.0,691.4,41.3,0.36,0.0554,3,1.372,0,1,0.015,109.3,glia_process,0
F0011,40209,5-5,B3,539.9,572.6,27.7,0.508,0.0411,4,1.349,2,4,0.235,107.3,spiny_dendrite,0
F0012,40161,3-0,B4,324.8,0.7,28.8,0.098,0.0083,1,2.302,4,1,0.068,123.9,axon,0
F0013,40394,5-6,B5,560.5,697.4,50.0,2.099,0.0047,1,2.405,3,1,0.063,133.9,axon,0
F0014,40061,6-2,B6,652.0,286.6,127.3,0.311,0.0505,4,1.211,1,2,0.118,125.1,spiny_dendrite,0
F0015,40388,0-2,B6,21.1,240.3,55.0,0.112,0.0245,2,1.002,0,8,0.072,126.4,smooth_dendrite,0
F0016,40297,3-3,B4,342.9,395.7,11.6,0.639,0.1987,3,1.915,1,3,0.072,105.1,spiny_dendrite,1
F0017,40369,1-5,B2,188.6,502.2,19.9,1.08,0.0176,2,1.493,1,3,0.236,111.3,smooth_dendrite,1
F0018,40205,2-6,B5,293.5,658.1,25.1,0.241,0.1059,10,1.235,0,6,0.103,104.4,spiny_dendrite,1
F0019,40394,5-6,B5,539.8,691.2,35.6,2.013,0.0055,1,2.051,2,2,0.076,134.8,axon,0
F0020,40292,1-0,B1,123.7,39.8,56.8,0.496,0.0187,4,2.093,1,3,0.259,111.5,spiny_dendrite,0
F0021,40376,7-6,B2,712.7,677.1,25.9,0.12,0.0116,2,0.484,3,0,0.069,118.6,axon,0
F0022,40103,1-3,B3,199.9,324.4,28.4,0.32,0.0424,5,1.207,4,2,0.043,156.0,axon,0
F0023,40332,5-4,B2,565.3,412.0,24.3,1.448,0.0437,2,2.819,1,12,0.174,129.8,smooth_dendrite,1
F0024,40322,5-5,B2,591.4,536.9,25.5,0.326,0.0265,4,3.893,2,3,0.058,111.0,axon,0
F0025,40002,5-6,B5,521.7,698.9,12.4,0.227,0.0225,9,1.681,5,2,0.206,128.7,axon,0
F0026,40219,2-5,B6,215.2,525.5,38.1,0.334,0.0038,1,0.39,1,1,0.06,125.8,axon,0
F0027,40588,2-5,B6,272.0,571.8,30.3,0.313,0.1183,11,0.532,1,0,0.021,106.1,glia_process,1
F0028,40247,7-6,B2,708.0,612.5,8.8,0.958,0.0318,3,4.142,1,8,0.146,115.2,spiny_dendrite,0
F0029,40101,2-2,B3,216.9,253.6,25.1,0.42,0.0086,5,1.144,2,2,0.019,112.3,axon,0
F0030,40252,7-2,B3,706.9,231.6,24.9,1.487,0.0235,1,0.746,1,9,0.065,113.1,spiny_dendrite,0
F0031,40553,5-5,B2,572.7,516.9,12.9,0.573,0.2498,2,1.108,1,1,0.019,106.3,glia_process,0
F0032,40096,3-2,B1,379.3,234.3,44.2,0.333,0.0304,1,2.471,11,0,0.074,126.4,axon,0
F0033,40335,1-6,B3,196.3,675.1,34.4,0.432,0.0365,6,0.81,13,1,0.034,126.6,axon,0
F0034,40289,6-4,B1,688.2,403.6,18.7,0.874,0.0095,3,1.553,2,1,0.047,109.3,axon,0
F0035,40440,6-3,B2,687.2,386.9,9.8,0.11,0.0498,6,0.98,1,7,0.356,103.0,smooth_dendrite,0
F0036,40550,6-1,B4,684.8,131.2,81.5,1.785,0.1056,9,0.28,2,12,0.02,106.8,merged_object,1
F0037,40331,0-1,B5,94.1,107.0,77.9,0.294,0.0308,3,0.437,0,9,0.048,137.5,smooth_dendrite,0
F0038,40072,7-5,B1,733.2,562.5,11.9,0.353,0.0303,3,1.283,5,2,0.098,112.0,axon,0
F0039,40536,1-3,B3,122.8,358.3,18.5,0.497,0.0691,4,0.741,0,0,0.058,148.0,glia_process,0
F0040,40017,2-4,B3,279.7,428.1,67.1,1.393,0.0168,2,0.667,0,5,0.076,114.6,spiny_dendrite,0
F0041,40132,1-1,B1,197.5,196.9,25.2,0.24,0.0486,1,3.009,3,1,0.14,135.3,axon,0
F0042,40348,0-3,B5,62.9,314.6,8.7,0.251,0.0569,9,4.63,0,3,0.056,112.6,smooth_dendrite,1
F0043,40200,1-7,B3,167.1,702.6,64.9,0.368,0.0413,4,0.497,5,0,0.085,109.1,axon,0
F0044,40416,6-7,B1,633.0,721.1,34.1,1.852,0.0503,4,0.664,1,1,0.04,134.6,smooth_dendrite,0
F0045,40004,6-1,B5,691.9,194.5,30.1,0.255,0.0183,2,0.504,1,6,0.063,107.1,spiny_dendrite,0
F0046,40189,1-0,B3,197.9,8.0,32.4,1.238,0.0629,4,2.426,0,3,0.194,113.8,spiny_dendrite,0
F0047,40070,5-5,B6,568.5,591.4,77.4,0.372,0.0157,9,0.679,1,25,0.029,115.3,spiny_dendrite,0
F0048,40413,3-0,B4,314.5,66.5,46.8,1.46,0.0653,2,2.329,1,1,0.051,123.1,smooth_dendrite,0
F0049,40147,0-0,B4,18.1,48.7,41.5,0.182,0.0122,4,0.724,1,3,0.022,125.0,axon,0
F0050,40192,5-3,B6,517.5,342.3,75.3,0.267,0.0203,5,3.58,2,0,0.023,115.6,axon,0
F0051,40341,1-4,B1,100.5,486.3,54.2,0.269,0.1582,1,0.332,0,2,0.069,116.7,smooth_dendrite,0
F0052,40360,4-0,B4,498.4,14.8,11.1,1.005,0.0081,2,1.071,6,0,0.211,122.7,axon,0
F0053,40453,4-2,B4,461.3,232.3,23.3,0.144,0.0054,2,0.396,2,1,0.07,134.4,axon,0
F0054,40053,7-3,B4,751.4,373.7,29.0,0.647,0.0484,4,2.173,4,2,0.094,123.9,axon,0
F0055,40463,5-5,B3,555.9,530.3,31.5,0.353,0.0182,1,1.728,1,1,0.091,115.5,axon,0
F0056,40040,2-2,B5,296.6,250.2,16.3,0.224,0.1439,2,1.011,1,3,0.051,108.5,spiny_dendrite,0
F0057,40148,6-7,B4,663.6,715.1,34.2,0.586,0.0213,1,0.754,1,1,0.073,132.7,axon,0
F0058,40565,5-4,B4,584.2,436.9,22.4,0.682,0.1214,3,3.995,0,1,0.022,124.0,glia_process,0
F0059,40433,5-6,B6,578.0,693.6,50.9,0.6,0.0406,2,0.936,0,7,0.213,127.6,smooth_dendrite,0
F0060,40526,0-0,B2,63.0,62.0,16.4,0.335,0.023,2,1.015,0,1,0.049,127.0,glia_process,0
F0061,40370,3-3,B3,316.6,361.2,142.4,1.384,0.0507,14,2.207,0,2,0.457,106.0,smooth_dendrite,0
F0062,40319,0-7,B3,95.9,783.8,37.4,0.593,0.0213,1,0.662,0,8,0.314,124.7,spiny_dendrite,0
F0063,40256,3-0,B3,373.7,10.6,70.9,0.944,0.0511,11,4.581,2,1,0.064,116.3,merged_object,1
F0064,40414,2-4,B1,221.6,422.8,74.1,2.691,0.0804,8,0.952,1,3,0.024,134.2,smooth_dendrite,0
F0065,40234,2-6,B4,271.3,614.5,30.8,0.375,0.0423,1,4.992,4,1,0.069,102.6,axon,0
F0066,40135,2-1,B3,262.2,102.1,35.7,0.955,0.0163,6,4.921,1,6,0.037,123.4,spiny_dendrite,0
F0067,40167,3-5,B2,382.6,598.6,24.3,0.675,0.0412,7,0.809,0,4,0.24,135.3,spiny_dendrite,0
F0068,40081,5-1,B3,588.3,180.2,104.5,0.499,0.0899,2,1.201,0,11,0.114,74.1,spiny_dendrite,0
F0069,40168,3-2,B3,357.5,293.0,51.9,0.728,0.0354,7,0.674,2,1,0.019,124.1,spiny_dendrite,0
F0070,40322,5-5,B2,513.1,505.2,21.3,0.302,0.0248,5,2.835,0,35,0.065,114.2,spiny_dendrite,1
F0071,40508,1-2,B1,147.7,292.2,29.5,0.556,0.1314,5,3.359,1,2,0.064,113.1,glia_process,1
F0072,40440,6-3,B2,615.2,310.3,9.7,0.172,0.1131,5,1.314,1,5,0.498,102.8,smooth_dendrite,0
F0073,40097,7-1,B3,706.7,134.7,40.3,0.354,0.0636,2,1.767,0,2,0.052,99.7,spiny_dendrite,0
F0074,40341,1-4,B1,171.2,460.9,42.5,0.122,0.077,1,0.476,3,1,0.038,117.0,axon,0
F0075,40283,3-0,B6,379.8,35.5,12.9,0.677,0.0613,2,13.692,0,5,0.045,121.8,spiny_dendrite,0
F0076,40549,3-4,B6,380.0,434.9,10.5,0.173,0.1091,3,0.342,0,1,0.04,122.2,glia_process,0
F0077,40133,7-2,B5,760.7,250.9,28.7,0.894,0.1475,17,3.52,0,6,0.206,125.2,spiny_dendrite,0
F0078,40377,7-1,B2,795.6,111.5,19.8,0.952,0.0174,2,0.494,1,6,0.048,94.7,smooth_dendrite,0
F0079,40463,5-5,B3,529.7,554.9,71.8,0.396,0.0431,3,1.414,0,3,0.196,112.4,smooth_dendrite,0
F0080,40021,4-3,B3,445.4,375.9,19.7,0.514,0.0291,2,1.213,5,1,0.037,110.6,axon,1
F0081,40220,5-3,B5,526.1,304.3,41.7,0.598,0.0422,3,0.825,3,1,0.04,119.6,axon,1
F0082,40043,2-1,B2,268.3,171.5,61.8,1.45,0.0457,2,1.571,1,14,0.037,122.6,spiny_dendrite,0
F0083,40375,4-7,B6,404.1,749.1,22.2,0.211,0.0089,3,1.704,4,1,0.073,129.2,axon,0
F0084,40286,5-0,B1,559.9,96.7,37.0,2.238,0.0944,5,4.311,2,2,0.087,123.4,merged_object,1
F0085,40563,2-3,B5,294.5,399.5,14.4,0.336,0.0493,2,0.72,1,0,0.02,132.0,glia_process,1
F0086,40579,7-7,B5,756.6,714.9,28.4,0.576,0.1563,1,0.833,1,0,0.012,123.7,glia_process,0
F0087,40008,7-1,B6,723.2,123.8,46.9,3.036,0.08,4,5.395,1,4,0.06,94.7,spiny_dendrite,0
F0088,40513,7-5,B2,775.8,525.8,38.4,0.719,0.0552,3,1.006,0,0,0.033,118.3,glia_process,0
F0089,40158,2-5,B4,263.4,513.4,22.2,0.28,0.0105,2,1.647,6,1,0.07,112.5,axon,0
F0090,40484,0-1,B2,36.4,115.5,15.6,1.029,0.0367,14,3.446,1,7,0.062,149.0,smooth_dendrite,0
F0091,40204,4-3,B5,422.7,301.5,71.7,1.33,0.0134,3,1.277,0,2,0.067,104.2,spiny_dendrite,0
F0092,40470,5-2,B4,538.0,297.0,25.8,0.86,0.015,2,1.54,1,16,0.185,117.5,smooth_dendrite,0
F0093,40162,1-3,B5,181.7,394.2,42.9,0.181,0.0432,8,0.908,3,6,0.056,140.2,axon,0
F0094,40197,4-2,B1,438.1,295.5,29.4,0.454,0.0123,5,1.08,2,1,0.049,128.6,axon,1
F0095,40293,7-2,B2,712.0,214.2,74.7,0.627,0.0275,2,1.012,0,11,0.199,118.1,spiny_dendrite,0
F0096,40299,3-2,B1,343.9,284.5,71.4,0.379,0.0335,5,1.603,4,1,0.063,117.4,axon,0
F0097,40478,5-2,B2,524.2,214.0,129.4,1.902,0.0394,6,1.866,0,5,0.1,118.6,smooth_dendrite,0
F0098,40544,0-2,B3,4.8,226.6,49.6,0.674,0.0653,8,3.559,0,2,0.043,121.8,glia_process,0
F0099,40406,6-6,B5,670.7,686.2,89.1,0.1,0.025,1,1.685,2,0,0.151,127.3,axon,0
F0100,40443,6-0,B6,614.5,98.9,33.6,0.547,0.0049,9,1.608,4,2,0.029,110.7,axon,0
F0101,40143,2-7,B3,236.8,752.4,62.2,0.29,0.0625,2,1.323,0,2,0.131,128.8,spiny_dendrite,0
F0102,40315,3-4,B4,390.6,493.4,15.9,0.422,0.0089,4,1.619,7,1,0.147,128.0,axon,0
F0103,40314,1-4,B3,130.5,484.7,53.7,0.333,0.0094,2,3.936,7,1,0.02,121.4,axon,1
F0104,40229,5-6,B5,567.3,699.8,19.6,0.45,0.0113,5,0.796,0,5,0.113,133.0,spiny_dendrite,0
F0105,40356,3-3,B1,393.6,320.6,14.6,0.581,0.0352,1,3.488,1,1,0.103,112.1,axon,0
F0106,40390,6-1,B4,698.0,141.4,41.9,0.838,0.0099,2,1.289,5,0,0.127,106.6,axon,0
F0107,40302,5-6,B6,530.4,615.8,60.0,0.543,0.0187,1,1.227,2,2,0.097,130.4,axon,0
F0108,40149,1-1,B5,197.4,147.5,22.9,0.259,0.035,3,0.315,2,11,0.185,128.1,spiny_dendrite,1
F0109,40590,4-4,B1,462.9,437.4,19.0,0.48,0.1236,5,1.676,0,0,0.041,136.1,glia_process,0
F0110,40408,4-2,B2,405.3,211.4,27.8,0.439,0.0253,3,0.735,1,1,0.066,135.2,axon,0
F0111,40448,4-0,B4,470.2,43.3,28.4,0.289,0.0396,10,0.672,2,3,0.055,126.0,axon,0
F0112,40260,4-6,B5,411.8,645.9,40.9,0.611,0.1528,6,1.054,0,5,0.079,155.9,spiny_dendrite,0
F0113,40055,4-0,B6,415.7,74.0,37.1,0.13,0.0184,4,2.363,6,2,0.094,120.5,axon,0
F0114,40233,6-7,B3,658.4,793.4,43.7,1.062,0.0796,2,1.463,1,7,0.157,129.3,spiny_dendrite,0
F0115,40009,0-0,B4,22.1,46.2,25.9,0.065,0.0337,2,0.681,6,3,0.048,132.5,axon,0
F0116,40103,1-3,B3,124.1,320.2,16.1,0.215,0.018,7,1.158,2,2,0.048,156.5,axon,0
F0117,40085,5-0,B4,552.6,89.5,44.7,1.021,0.0085,13,1.326,3,1,0.073,120.4,axon,0
F0118,40427,0-1,B6,67.3,181.0,10.5,0.231,0.0147,3,2.178,11,1,0.13,142.7,axon,0
F0119,40424,4-5,B4,452.2,576.4,71.6,0.402,0.059,2,0.774,0,0,0.086,119.9,smooth_dendrite,0
F0120,40347,5-1,B6,507.3,196.5,53.2,0.404,0.0337,2,2.468,1,1,0.173,81.5,axon,0
F0121,40343,4-4,B4,468.4,470.9,26.8,0.17,0.0191,4,2.392,1,1,0.034,130.8,axon,0
F0122,40498,7-5,B3,706.8,582.8,161.0,0.751,0.0239,5,1.453,2,10,0.057,119.9,smooth_dendrite,0
F0123,40165,2-7,B5,213.9,747.0,88.5,0.188,0.0215,1,1.504,3,1,0.045,130.9,axon,0
F0124,40511,3-2,B4,386.5,228.5,21.5,0.459,0.0433,3,0.856,1,1,0.099,123.8,glia_process,0
F0125,40337,1-0,B3,146.2,71.2,51.3,0.715,0.0586,2,1.195,0,5,0.103,123.2,smooth_dendrite,0
F0126,40128,0-0,B2,77.1,26.3,102.9,0.085,0.0267,2,0.832,5,3,0.198,125.5,axon,0
F0127,40575,5-4,B4,533.7,413.4,35.6,2.608,0.0634,4,1.073,3,3,0.035,131.5,merged_object,1
F0128,40382,6-0,B1,638.8,69.1,69.4,1.717,0.0186,1,1.143,1,3,0.196,111.2,smooth_dendrite,0
F0129,40216,0-7,B2,7.7,780.8,20.6,1.149,0.0576,3,1.575,1,4,0.243,126.7,spiny_dendrite,0
F0130,40195,5-3,B1,597.3,318.8,23.7,1.215,0.0815,7,0.672,0,4,0.078,118.7,spiny_dendrite,0
F0131,40466,3-0,B1,372.1,55.5,59.5,1.215,0.1163,3,1.28,0,1,0.107,125.8,smooth_dendrite,1
F0132,40022,1-2,B5,148.4,250.7,30.7,0.252,0.0177,1,1.562,2,1,0.076,121.4,axon,0
F0133,40216,0-7,B2,54.4,713.0,19.5,0.389,0.0188,2,0.948,4,1,0.15,130.8,axon,0
F0134,40291,3-6,B3,351.3,615.7,42.5,0.508,0.0679,4,1.883,2,1,0.094,141.3,axon,0
F0135,40080,3-2,B4,328.0,245.5,45.6,0.376,0.0211,1,0.822,3,1,0.045,117.9,axon,0
F0136,40418,2-4,B3,292.4,480.3,64.6,0.542,0.0588,2,3.02,6,1,0.096,125.3,axon,0
F0137,40454,6-1,B2,623.0,126.7,6.9,1.653,0.0074,6,1.457,2,1,0.194,118.2,axon,0
F0138,40467,3-7,B2,327.0,757.3,82.9,0.496,0.0252,2,0.902,1,2,0.076,147.1,axon,1
F0139,40332,5-4,B2,508.6,434.7,23.0,1.481,0.0411,2,2.026,1,7,0.137,127.8,smooth_dendrite,0
F0140,40253,3-1,B1,352.9,161.0,20.0,0.682,0.0619,4,1.764,0,4,0.231,130.0,spiny_dendrite,0
F0141,40447,2-2,B6,294.6,282.1,35.8,0.665,0.0361,9,1.162,1,3,0.126,112.0,smooth_dendrite,0
F0142,40384,5-4,B4,526.8,435.4,26.8,0.683,0.0433,4,1.113,3,1,0.032,124.6,axon,0
F0143,40433,5-6,B6,576.4,684.9,64.7,0.325,0.0228,4,1.026,1,1,0.09,125.7,axon,0
F0144,40489,4-6,B5,488.6,680.5,11.2,0.169,0.1113,2,4.875,0,11,0.202,144.5,smooth_dendrite,0
F0145,40045,6-4,B6,635.1,423.4,9.2,0.275,0.068,5,2.272,1,7,0.115,118.9,spiny_dendrite,0
F0146,40318,6-7,B1,642.3,719.7,26.0,0.18,0.0561,5,0.291,5,1,0.04,127.5,axon,0
F0147,40244,4-4,B2,432.8,467.9,12.3,0.067,0.0196,1,1.129,7,3,0.053,130.5,axon,0
F0148,40013,6-0,B5,602.4,31.7,23.4,0.601,0.0182,4,0.757,1,2,0.094,103.9,spiny_dendrite,0
F0149,40346,6-1,B4,621.7,193.7,13.4,0.542,0.1173,4,2.058,1,5,0.056,109.9,smooth_dendrite,0
F0150,40026,3-1,B6,352.8,124.2,143.0,0.342,0.0208,3,1.805,0,5,0.066,131.2,spiny_dendrite,0
F0151,40076,7-5,B6,741.2,520.0,90.8,0.465,0.0796,2,0.793,0,15,0.155,116.5,spiny_dendrite,1
F0152,40303,2-7,B2,270.2,777.0,12.4,0.173,0.0114,2,1.07,5,1,0.15,130.6,axon,1
F0153,40377,7-1,B2,704.5,182.4,16.9,0.942,0.0406,3,0.651,0,7,0.037,96.7,smooth_dendrite,0
F0154,40094,2-3,B5,293.9,356.7,37.4,0.136,0.0062,1,1.069,4,2,0.074,125.6,axon,0
F0155,40178,2-2,B6,238.6,242.9,30.6,0.55,0.0171,2,4.001,4,2,0.042,109.3,axon,0
F0156,40380,1-3,B4,162.9,393.2,25.4,0.589,0.1441,3,3.582,1,4,0.143,145.8,smooth_dendrite,0
F0157,40348,0-3,B5,88.4,382.9,9.3,0.122,0.0382,3,7.972,3,1,0.041,112.1,axon,0
F0158,40114,4-0,B2,499.5,89.4,21.6,1.409,0.0892,2,3.054,2,7,0.101,130.6,spiny_dendrite,0
F0159,40447,2-2,B6,260.1,286.0,42.1,1.124,0.0448,3,0.728,1,2,0.148,110.9,smooth_dendrite,0
F0160,40112,0-6,B4,82.4,616.4,47.1,1.115,0.0357,2,1.651,2,0,0.078,124.2,axon,0
F0161,40269,7-0,B4,766.5,61.7,31.9,0.294,0.0225,1,0.502,1,3,0.133,143.6,spiny_dendrite,0
F0162,40138,0-1,B3,86.0,171.1,50.4,0.101,0.0306,2,1.205,2,2,0.16,140.4,axon,0
F0163,40350,6-4,B5,611.4,493.6,21.6,1.399,0.0054,1,2.073,1,0,0.04,128.6,axon,0
F0164,40091,3-2,B6,367.1,264.6,31.6,0.409,0.0484,1,2.334,1,10,0.046,122.6,spiny_dendrite,0
F0165,40460,2-0,B6,234.7,50.6,36.0,0.512,0.0251,12,6.126,1,7,0.235,127.1,smooth_dendrite,0
F0166,40006,7-6,B4,712.4,618.4,23.9,2.255,0.0256,1,1.076,1,4,0.07,110.5,spiny_dendrite,0
F0167,40274,6-4,B6,665.3,423.5,24.4,0.812,0.031,5,2.536,1,1,0.166,113.1,axon,1
F0168,40084,3-3,B6,385.1,329.8,32.9,0.276,0.0268,2,1.136,4,1,0.446,110.2,axon,0
F0169,40379,4-3,B6,412.7,352.4,49.8,0.616,0.0191,3,1.355,1,10,0.035,113.8,smooth_dendrite,0
F0170,40359,2-4,B1,207.0,477.6,15.6,0.54,0.0221,2,1.379,0,2,0.062,124.9,smooth_dendrite,0
F0171,40312,4-2,B5,411.7,210.8,27.8,0.657,0.0043,3,2.267,4,2,0.108,140.1,axon,0
F0172,40031,3-1,B4,322.2,101.9,22.1,1.008,0.1571,9,0.677,1,8,0.175,129.6,merged_object,1
F0173,40218,1-1,B6,150.0,145.9,26.6,0.853,0.052,3,3.956,1,4,0.136,125.6,spiny_dendrite,0
F0174,40211,7-2,B4,760.8,203.6,64.5,1.245,0.0742,16,0.73,1,4,0.1,118.0,spiny_dendrite,0
F0175,40132,1-1,B1,154.6,123.4,20.0,0.533,0.0772,2,1.446,1,5,0.119,137.8,spiny_dendrite,0
F0176,40475,2-5,B5,225.4,545.6,37.1,0.361,0.0226,4,1.62,1,3,0.077,126.4,smooth_dendrite,0
F0177,40399,4-4,B6,438.8,403.1,16.9,0.222,0.0252,4,1.188,0,2,0.098,133.1,smooth_dendrite,0
F0178,40489,4-6,B5,422.1,658.2,22.7,0.184,0.1026,3,1.35,0,8,0.187,145.2,smooth_dendrite,1
F0179,40275,2-2,B6,219.2,241.4,10.2,0.525,0.0952,2,1.15,0,3,0.099,109.2,spiny_dendrite,0
F0180,40197,4-2,B1,487.6,262.8,33.3,0.619,0.0573,6,1.941,0,3,0.079,126.6,spiny_dendrite,0
F0181,40065,1-3,B5,184.4,339.6,42.5,1.506,0.1889,2,3.168,1,13,0.073,146.8,spiny_dendrite,0
F0182,40017,2-4,B3,265.8,414.5,78.7,0.884,0.007,2,0.709,2,1,0.045,115.5,axon,0
F0183,40081,5-1,B3,533.2,137.4,70.9,0.227,0.0898,1,1.675,0,14,0.12,74.8,spiny_dendrite,0
F0184,40351,1-3,B2,125.8,300.7,41.2,0.36,0.0517,5,0.336,1,3,0.096,146.3,smooth_dendrite,0
F0185,40019,5-0,B5,524.4,71.0,85.4,0.522,0.0081,4,2.79,12,1,0.062,125.7,axon,0
F0186,40473,0-1,B2,40.2,183.9,10.5,0.35,0.0503,5,1.221,1,2,0.091,142.2,smooth_dendrite,0
F0187,40104,0-6,B6,75.4,661.3,41.8,0.357,0.0247,5,3.241,1,8,0.049,121.8,spiny_dendrite,1
F0188,40244,4-4,B2,483.8,451.9,7.9,0.131,0.0138,3,1.549,5,3,0.043,129.5,axon,1
F0189,40235,5-5,B6,571.1,592.7,21.3,1.276,0.0513,2,0.392,1,2,0.154,117.4,spiny_dendrite,1
F0190,40403,4-2,B1,410.1,203.9,66.0,0.746,0.0162,2,0.91,2,1,0.701,132.4,axon,0
F0191,40126,4-3,B6,422.4,392.2,26.8,0.426,0.0343,2,0.92,7,1,0.023,111.3,axon,0
F0192,40178,2-2,B6,233.8,222.3,30.8,0.445,0.02,4,3.553,2,1,0.036,106.8,axon,0
F0193,40366,0-3,B4,77.1,392.4,28.8,0.398,0.0411,3,1.443,0,2,0.366,111.6,smooth_dendrite,0
F0194,40161,3-0,B4,317.4,78.7,46.5,0.13,0.0181,1,1.673,0,2,0.084,121.2,spiny_dendrite,0
F0195,40138,0-1,B3,73.7,104.4,58.4,0.296,0.0898,3,1.587,1,9,0.398,141.9,spiny_dendrite,0
F0196,40458,7-3,B3,723.6,306.4,10.7,0.378,0.0354,1,1.478,2,1,0.147,115.1,axon,0
F0197,40268,1-5,B1,137.7,591.0,59.2,0.114,0.0799,10,0.324,0,5,0.105,105.8,spiny_dendrite,0
F0198,40353,6-0,B4,614.9,25.7,24.8,0.495,0.0058,3,0.807,2,1,0.302,107.6,axon,1
F0199,40476,3-3,B3,350.3,340.0,25.7,0.185,0.0241,3,0.642,10,1,0.094,111.0,axon,0
F0200,40207,5-6,B4,536.9,682.7,21.6,0.084,0.0339,3,0.483,1,1,0.07,132.9,axon,1
F0201,40359,2-4,B1,271.0,444.1,18.5,0.556,0.0181,2,1.631,0,3,0.061,122.3,smooth_dendrite,0
F0202,40185,0-1,B1,37.7,170.9,35.5,1.272,0.0257,4,1.845,1,6,0.084,133.8,spiny_dendrite,1
F0203,40137,7-5,B6,771.1,595.3,36.8,0.286,0.1295,5,2.95,2,1,0.051,117.4,merged_object,1
F0204,40146,7-6,B3,781.2,646.6,14.0,1.546,0.0296,3,0.57,1,6,0.135,109.1,spiny_dendrite,0
F0205,40464,6-6,B6,673.7,646.5,33.5,0.198,0.0504,3,0.535,2,1,0.124,128.4,axon,0
F0206,40255,1-2,B3,148.5,267.6,9.5,0.12,0.069,8,1.575,7,0,0.035,121.2,axon,0
F0207,40229,5-6,B5,513.7,675.8,31.0,0.42,0.0128,4,1.361,1,10,0.115,133.4,spiny_dendrite,1
F0208,40152,6-3,B5,689.3,350.1,13.9,0.319,0.1179,2,0.364,0,3,0.113,101.8,spiny_dendrite,0
F0209,40359,2-4,B1,214.7,477.9,23.2,0.714,0.0401,3,2.413,0,3,0.093,125.0,smooth_dendrite,0
F0210,40142,5-2,B4,591.2,224.2,40.9,0.185,0.0122,3,1.006,6,2,0.117,128.8,axon,1
F0211,40270,2-2,B3,280.1,277.6,14.7,0.388,0.0048,3,0.449,3,2,0.09,108.1,axon,0
F0212,40483,5-0,B6,520.7,97.9,15.5,0.698,0.0069,6,0.461,1,4,0.08,111.6,smooth_dendrite,0
F0213,40520,7-1,B5,785.2,175.2,35.2,0.257,0.1122,8,1.923,0,0,0.03,106.1,glia_process,0
F0214,40004,6-1,B5,666.8,107.9,31.2,0.137,0.0119,3,0.773,5,1,0.028,105.6,axon,0
F0215,40377,7-1,B2,731.2,111.2,17.2,0.747,0.0449,2,0.506,1,6,0.06,93.3,smooth_dendrite,1
F0216,40349,1-6,B3,160.6,611.6,43.6,0.499,0.0115,2,1.083,3,2,0.039,124.7,axon,0
F0217,40279,4-7,B6,495.4,752.9,21.7,0.709,0.0295,1,0.907,0,8,0.209,122.0,spiny_dendrite,0
F0218,40085,5-0,B4,550.4,44.5,64.4,1.368,0.0867,26,1.99,3,3,0.106,118.7,merged_object,1
F0219,40473,0-1,B2,25.2,161.8,9.3,0.388,0.0853,4,1.312,1,2,0.087,143.3,smooth_dendrite,0
F0220,40416,6-7,B1,612.9,781.7,41.4,2.34,0.0796,4,0.522,1,1,0.031,132.4,smooth_dendrite,0
F0221,40110,0-5,B1,7.5,500.4,29.0,0.777,0.1007,4,0.808,1,14,0.084,96.1,spiny_dendrite,0
F0222,40212,7-4,B6,745.8,456.2,9.3,0.522,0.1128,3,0.846,1,8,0.111,129.6,spiny_dendrite,0
F0223,40479,4-7,B3,462.1,777.2,12.9,0.712,0.0364,1,1.222,1,7,0.244,123.8,smooth_dendrite,1
F0224,40189,1-0,B3,187.0,69.4,53.3,0.641,0.0227,4,3.341,2,1,0.102,114.9,axon,0
F0225,40434,1-5,B6,113.7,592.5,15.7,0.416,0.0215,1,1.522,1,8,0.049,111.7,smooth_dendrite,0
F0226,40474,1-4,B4,155.7,451.4,63.1,0.347,0.0779,1,1.315,0,6,0.072,122.3,smooth_dendrite,0
F0227,40210,5-4,B4,505.7,435.9,56.1,0.257,0.0278,2,1.823,7,1,0.069,121.7,axon,0
F0228,40134,2-3,B2,287.8,334.5,48.1,0.679,0.0144,2,2.904,3,2,0.016,123.0,axon,0
F0229,40129,6-1,B4,621.1,111.8,18.5,0.331,0.265,5,1.177,0,2,0.078,111.9,spiny_dendrite,0
F0230,40399,4-4,B6,478.4,439.5,47.4,0.173,0.0206,4,0.65,2,1,0.111,132.4,axon,1
F0231,40566,1-5,B2,104.5,551.1,26.5,0.162,0.0466,12,6.661,0,0,0.039,101.9,glia_process,0
F0232,40155,4-7,B5,471.1,728.4,33.6,0.524,0.1244,1,1.323,0,6,0.044,121.5,spiny_dendrite,1
F0233,40355,5-2,B4,503.0,226.9,7.9,0.448,0.1121,1,0.943,0,6,0.03,123.0,smooth_dendrite,0
F0234,40283,3-0,B6,348.9,40.8,21.2,0.86,0.0327,3,9.619,5,1,0.046,121.1,axon,1
F0235,40265,0-6,B6,32.1,645.9,31.3,0.383,0.0138,1,0.719,7,1,0.091,128.0,axon,1
F0236,40255,1-2,B3,128.4,296.0,9.8,0.171,0.2237,6,2.145,1,1,0.082,120.3,spiny_dendrite,0
F0237,40275,2-2,B6,243.7,242.3,17.2,0.186,0.0279,2,0.817,1,1,0.081,107.5,axon,0
F0238,40183,6-4,B5,679.5,416.2,20.3,0.334,0.0518,8,3.356,0,5,0.24,119.1,spiny_dendrite,0
F0239,40063,6-5,B2,636.0,535.6,13.6,0.294,0.0521,6,0.354,0,17,0.124,132.0,spiny_dendrite,0
F0240,40098,0-6,B5,27.0,615.8,7.2,0.155,0.0405,1,2.654,3,1,0.109,128.3,axon,1
F0241,40438,7-5,B5,736.4,554.9,31.7,0.69,0.021,1,0.994,1,2,0.058,110.7,smooth_dendrite,0
F0242,40458,7-3,B3,751.1,346.2,10.0,0.776,0.0685,1,1.601,0,2,0.068,114.5,smooth_dendrite,0
F0243,40230,1-2,B4,112.6,234.8,28.2,0.336,0.0575,2,0.996,4,1,0.101,112.0,axon,0
F0244,40495,5-2,B6,590.0,220.2,13.4,1.046,0.0723,1,3.744,0,8,0.289,119.8,smooth_dendrite,1
F0245,40268,1-5,B1,107.6,528.4,98.8,0.115,0.1157,3,0.479,0,8,0.062,109.5,spiny_dendrite,0
F0246,40369,1-5,B2,196.5,587.1,15.9,0.733,0.0207,3,1.667,5,1,0.109,113.6,axon,1
F0247,40079,2-4,B1,246.4,472.9,39.3,0.691,0.0856,4,0.861,2,1,0.06,123.2,spiny_dendrite,1
F0248,40197,4-2,B1,459.1,297.3,70.4,0.8,0.1199,8,0.929,1,2,0.045,128.3,merged_object,1
F0249,40567,4-3,B2,440.2,336.3,27.1,0.169,0.0196,1,1.983,0,0,0.026,110.9,glia_process,0
F0250,40240,5-7,B3,515.1,793.7,12.1,0.631,0.0307,2,0.809,4,0,0.32,127.0,axon,0
F0251,40599,5-0,B6,524.2,30.6,59.4,0.313,0.0789,2,1.499,1,0,0.025,125.7,glia_process,0
F0252,40172,3-5,B2,342.9,586.2,30.5,0.609,0.0239,3,1.233,1,2,0.046,126.1,spiny_dendrite,0
F0253,40548,7-6,B2,752.1,641.5,59.8,0.066,0.0805,3,3.808,0,0,0.035,104.6,glia_process,0
F0254,40120,4-5,B3,464.0,503.0,12.6,0.239,0.0209,1,2.529,1,0,0.053,119.4,axon,1
F0255,40411,0-2,B4,80.7,237.1,21.4,0.321,0.0733,3,0.908,1,12,0.064,130.5,smooth_dendrite,0
F0256,40139,0-0,B3,30.8,88.8,34.8,0.663,0.0085,1,5.763,4,2,0.074,120.9,axon,0
F0257,40089,0-5,B2,88.2,517.8,9.2,0.88,0.0438,3,0.746,0,13,0.023,93.9,spiny_dendrite,0
F0258,40595,3-7,B1,366.7,773.0,59.0,0.958,0.0519,8,0.942,0,1,0.068,145.8,glia_process,0
F0259,40056,5-3,B5,511.0,365.3,24.3,0.844,0.0188,1,1.209,2,1,0.143,113.4,axon,0
F0260,40450,3-5,B3,383.4,562.6,71.7,0.37,0.0159,4,0.521,3,1,0.168,124.6,axon,0
F0261,40047,0-7,B2,5.9,772.5,24.4,1.096,0.0231,5,1.249,1,1,0.411,129.6,axon,0
F0262,40187,0-4,B1,65.9,449.4,44.0,0.625,0.0113,4,1.329,2,1,0.212,124.5,axon,0
F0263,40148,6-7,B4,660.2,737.2,20.0,0.993,0.0205,1,1.298,0,6,0.118,132.4,spiny_dendrite,1
F0264,40249,5-1,B2,535.0,132.6,309.5,0.124,0.016,1,1.274,14,1,0.04,82.9,axon,0
F0265,40443,6-0,B6,667.0,50.9,25.0,0.7,0.0066,6,0.798,3,3,0.05,108.7,axon,0
F0266,40102,4-3,B1,485.3,337.0,99.1,0.155,0.0251,2,1.173,1,1,0.065,114.5,axon,0
F0267,40491,7-2,B5,771.3,237.3,46.0,0.708,0.1756,4,0.629,0,6,0.062,126.6,smooth_dendrite,1
F0268,40026,3-1,B6,361.8,166.7,114.7,0.241,0.0166,3,1.179,2,1,0.047,129.2,axon,1
F0269,40300,6-3,B6,666.1,336.7,38.0,0.409,0.0184,3,1.759,2,0,0.114,107.1,axon,0
F0270,40191,5-5,B5,588.8,500.1,21.5,0.68,0.0652,2,2.888,1,3,0.118,118.2,spiny_dendrite,0
F0271,40495,5-2,B6,561.7,209.5,26.1,0.286,0.0395,1,2.144,1,2,0.086,116.8,axon,1
F0272,40522,2-3,B1,242.5,318.4,65.6,0.218,0.0559,2,7.716,0,1,0.057,123.7,glia_process,1
F0273,40436,6-2,B1,636.2,262.1,38.6,0.145,0.0292,6,3.558,1,2,0.175,126.8,smooth_dendrite,0
F0274,40547,0-4,B5,76.0,427.5,30.8,1.191,0.1434,4,1.38,2,6,0.097,125.5,merged_object,1
F0275,40441,6-6,B3,633.8,698.3,7.4,0.308,0.0336,3,0.358,1,2,0.087,121.1,smooth_dendrite,0
F0276,40181,1-6,B4,114.1,685.2,66.2,0.229,0.0164,2,1.436,3,2,0.071,120.9,axon,0
F0277,40427,0-1,B6,63.7,166.3,5.9,0.468,0.0213,3,2.47,2,3,0.186,143.6,smooth_dendrite,0
F0278,40225,3-7,B1,344.4,797.8,13.0,0.822,0.0475,2,0.626,0,4,0.158,143.9,spiny_dendrite,1
F0279,40304,7-4,B3,736.5,472.1,57.1,0.35,0.0079,1,0.79,7,5,0.039,135.1,axon,0
F0280,40121,6-1,B6,647.7,158.6,22.9,0.165,0.0789,8,0.458,0,2,0.156,109.6,spiny_dendrite,0
F0281,40119,7-0,B6,714.5,18.5,14.8,0.43,0.059,2,6.62,1,16,0.041,144.2,spiny_dendrite,0
F0282,40205,2-6,B5,285.8,601.3,34.5,0.204,0.0631,4,1.565,0,7,0.043,105.9,spiny_dendrite,0
F0283,40026,3-1,B6,313.7,108.8,129.1,0.439,0.0385,4,3.627,0,7,0.088,129.2,spiny_dendrite,0
F0284,40452,3-0,B6,358.3,60.3,87.2,0.209,0.0599,9,2.391,2,2,0.065,109.2,merged_object,1
F0285,40021,4-3,B3,492.2,309.9,14.7,0.564,0.0185,1,1.047,5,0,0.067,116.2,axon,0
F0286,40501,2-1,B3,251.2,139.3,21.1,0.174,0.1217,7,3.228,0,0,0.091,124.3,glia_process,1
F0287,40446,3-0,B3,307.2,14.2,36.0,0.235,0.0363,3,1.293,0,13,0.157,114.6,smooth_dendrite,0
F0288,40490,2-4,B1,285.5,414.1,27.8,0.804,0.0397,2,0.764,3,1,0.087,115.6,axon,1
F0289,40443,6-0,B6,691.2,32.9,12.7,0.268,0.004,7,0.623,6,4,0.034,108.6,axon,0
F0290,40460,2-0,B6,223.6,88.0,31.8,0.259,0.0532,6,6.572,1,8,0.111,128.4,smooth_dendrite,0
F0291,40477,1-0,B3,126.0,28.9,13.3,0.471,0.0768,4,1.662,1,5,0.179,117.6,smooth_dendrite,0
F0292,40368,5-0,B4,536.2,64.7,56.5,0.446,0.0184,7,0.252,0,3,0.029,117.5,smooth_dendrite,0
F0293,40155,4-7,B5,429.9,718.4,20.8,0.338,0.0314,2,1.073,3,1,0.05,117.7,axon,0
F0294,40510,6-1,B3,620.7,152.5,16.5,0.373,0.0721,11,0.593,0,1,0.028,116.3,glia_process,0
F0295,40172,3-5,B2,318.5,549.0,65.2,0.368,0.0058,2,0.88,4,1,0.042,126.9,axon,1
F0296,40227,0-7,B2,40.3,729.2,19.2,0.242,0.0156,7,1.451,0,7,0.327,122.0,spiny_dendrite,0
F0297,40168,3-2,B3,338.9,215.1,67.2,0.222,0.0128,3,0.774,16,0,0.014,121.2,axon,0
F0298,40247,7-6,B2,706.1,657.9,18.1,1.55,0.0581,5,1.816,1,4,0.189,115.1,spiny_dendrite,0
F0299,40077,6-4,B5,670.9,459.3,172.5,0.738,0.0594,1,1.676,0,5,0.154,110.4,spiny_dendrite,1
F0300,40469,1-1,B3,153.4,175.7,99.7,1.162,0.0198,3,1.502,0,4,0.119,125.5,smooth_dendrite,0
F0301,40262,7-4,B4,740.0,456.0,32.7,0.228,0.035,1,1.157,1,1,0.059,125.0,axon,1
F0302,40436,6-2,B1,612.8,289.8,45.8,0.131,0.0131,6,5.296,5,1,0.073,123.0,axon,0
F0303,40472,0-3,B6,41.3,331.7,7.4,0.207,0.0346,6,0.67,1,3,0.066,112.3,smooth_dendrite,0
F0304,40178,2-2,B6,282.6,238.9,12.7,0.569,0.0143,3,3.961,2,1,0.053,113.3,axon,0
F0305,40255,1-2,B3,153.2,256.6,6.3,0.394,0.2496,8,1.421,1,2,0.046,118.5,spiny_dendrite,0
F0306,40150,1-4,B4,110.3,462.8,29.9,0.277,0.0076,4,1.37,2,1,0.143,118.4,axon,0
F0307,40593,2-4,B2,245.0,419.9,11.4,0.322,0.0569,6,2.6,1,1,0.054,125.7,glia_process,1
F0308,40107,7-3,B5,729.3,384.5,178.4,0.385,0.0067,2,1.774,5,1,0.218,125.2,axon,0
F0309,40541,4-7,B3,455.2,772.4,8.6,0.282,0.0108,3,0.451,2,1,0.057,123.3,glia_process,0
F0310,40068,7-0,B5,787.2,28.4,20.2,0.989,0.0454,2,1.729,1,3,0.052,134.8,spiny_dendrite,0
F0311,40021,4-3,B3,430.2,362.3,29.6,0.37,0.0184,3,1.309,4,1,0.082,114.6,axon,1
F0312,40277,7-1,B2,709.6,176.4,17.3,0.162,0.0166,5,0.721,2,1,0.065,101.3,axon,0
F0313,40550,6-1,B4,654.2,179.0,40.5,1.844,0.0509,11,0.376,1,11,0.034,111.2,merged_object,1
F0314,40125,7-5,B4,738.4,514.3,71.0,0.933,0.0268,1,0.683,11,1,0.095,122.7,axon,0
F0315,40080,3-2,B4,301.2,204.7,41.6,0.437,0.0656,2,0.872,0,10,0.043,120.0,spiny_dendrite,0
F0316,40443,6-0,B6,677.1,34.4,47.9,0.965,0.0197,26,0.701,4,14,0.042,108.0,merged_object,1
F0317,40364,6-5,B2,696.8,501.4,23.1,0.334,0.0474,3,0.973,0,4,0.066,131.7,smooth_dendrite,0
F0318,40285,6-5,B6,646.5,557.8,14.3,0.152,0.0507,3,1.035,1,0,0.118,132.3,axon,1
F0319,40092,6-2,B6,697.8,230.6,17.8,1.01,0.0242,2,0.444,3,1,0.039,107.2,axon,0
F0320,40309,6-1,B4,663.2,137.8,63.7,0.282,0.0091,1,1.792,4,2,0.063,109.9,axon,0
F0321,40582,5-7,B3,502.9,792.1,22.7,1.949,0.3508,11,0.914,1,0,0.03,129.4,glia_process,0
F0322,40127,1-0,B4,194.2,0.9,135.9,0.422,0.0374,1,1.497,2,0,0.04,117.5,axon,0
F0323,40451,3-2,B4,319.9,221.2,42.6,0.464,0.0127,2,1.65,2,2,0.041,121.6,axon,0
F0324,40250,0-0,B3,80.1,44.6,21.0,0.682,0.0508,1,0.743,0,9,0.06,129.8,spiny_dendrite,0
F0325,40496,1-6,B6,103.1,673.9,70.3,0.213,0.0322,4,4.549,5,1,0.062,127.9,axon,1
F0326,40540,1-0,B2,135.5,10.4,89.4,0.627,0.0733,4,2.283,0,0,0.036,121.5,glia_process,0
F0327,40062,6-0,B5,633.6,70.7,65.8,1.511,0.1333,2,0.428,0,7,0.04,113.0,spiny_dendrite,0
F0328,40222,4-3,B6,431.7,353.3,35.5,1.249,0.0489,4,0.788,0,5,0.022,108.4,spiny_dendrite,1
F0329,40488,5-1,B1,522.8,125.7,24.3,0.739,0.0067,5,3.107,3,1,0.05,86.8,axon,0
F0330,40147,0-0,B4,92.4,50.8,32.0,0.292,0.0116,4,0.777,3,5,0.048,123.9,axon,0
F0331,40467,3-7,B2,338.6,761.1,62.0,0.429,0.0216,2,1.129,1,2,0.044,150.0,axon,0
F0332,40459,3-5,B4,377.0,576.3,92.6,0.193,0.0109,2,2.375,5,1,0.045,130.3,axon,0
F0333,40105,7-7,B1,788.4,755.4,16.5,0.189,0.0148,2,0.971,7,2,0.022,121.5,axon,0
F0334,40293,7-2,B2,796.2,258.4,63.2,0.299,0.0087,3,1.364,4,2,0.197,117.4,axon,1
F0335,40472,0-3,B6,81.1,361.2,7.4,0.392,0.0191,7,0.478,6,1,0.038,111.1,axon,1
F0336,40478,5-2,B2,540.2,234.9,107.9,0.984,0.056,4,2.406,1,3,0.156,120.2,smooth_dendrite,1
F0337,40353,6-0,B4,663.9,40.9,13.8,0.748,0.0075,3,1.279,0,3,0.456,105.5,smooth_dendrite,0
F0338,40115,2-7,B4,200.4,765.5,45.2,0.303,0.0152,3,0.344,4,1,0.151,137.5,axon,0
F0339,40509,5-6,B1,544.1,645.3,81.0,0.436,0.0322,3,1.544,0,0,0.08,128.8,glia_process,0
F0340,40471,3-1,B1,367.3,147.1,18.1,0.201,0.0098,3,1.605,3,1,0.08,122.5,axon,0
F0341,40470,5-2,B4,527.4,227.5,53.4,1.545,0.0149,2,1.435,1,12,0.224,117.3,smooth_dendrite,0
F0342,40496,1-6,B6,140.1,655.1,40.9,0.128,0.0296,3,2.597,4,2,0.043,126.6,axon,0
F0343,40131,3-5,B5,315.5,535.9,37.4,0.337,0.168,1,1.148,1,5,0.123,126.1,spiny_dendrite,0
F0344,40266,5-1,B3,527.5,163.3,62.5,0.522,0.0195,4,0.706,8,1,0.12,75.5,axon,0
F0345,40341,1-4,B1,110.3,441.5,34.6,0.357,0.1905,1,0.281,1,1,0.099,115.0,smooth_dendrite,0
F0346,40445,0-3,B6,49.7,311.1,34.5,0.723,0.0423,3,0.864,3,1,0.038,117.6,axon,0
F0347,40071,5-4,B3,561.2,461.8,79.0,0.293,0.1709,2,2.013,0,2,0.107,135.7,spiny_dendrite,0
F0348,40212,7-4,B6,780.9,497.1,10.0,0.392,0.0335,3,0.713,4,3,0.075,127.0,axon,1
F0349,40011,7-3,B3,726.2,331.8,25.9,0.153,0.0514,4,1.948,6,0,0.171,114.6,axon,0
F0350,40326,7-2,B4,723.7,224.9,27.0,0.211,0.0264,8,0.368,4,2,0.098,122.4,axon,1
F0351,40343,4-4,B4,457.2,491.2,30.5,0.269,0.041,8,2.141,0,3,0.046,129.6,smooth_dendrite,1
F0352,40372,0-4,B5,45.0,413.7,26.4,0.176,0.0163,3,3.049,0,4,0.178,126.0,smooth_dendrite,0
F0353,40554,4-3,B2,472.2,352.4,18.5,0.185,0.024,6,1.324,0,1,0.06,110.0,glia_process,0
F0354,40095,1-7,B1,154.9,772.0,9.3,0.755,0.0295,3,0.939,0,5,0.202,113.3,spiny_dendrite,0
F0355,40361,4-3,B4,469.4,393.4,25.7,0.235,0.0246,1,0.302,2,1,0.036,111.3,axon,1
F0356,40058,3-6,B6,354.3,644.1,36.8,0.098,0.0794,6,1.075,2,2,0.044,142.1,axon,0
F0357,40049,5-5,B6,576.0,532.6,11.4,0.28,0.0563,3,0.618,0,2,0.162,108.6,spiny_dendrite,0
F0358,40563,2-3,B5,253.2,366.3,30.3,0.391,0.0593,1,0.691,0,0,0.027,130.5,glia_process,0
F0359,40415,0-5,B5,2.1,562.4,127.7,0.572,0.021,3,0.939,0,5,0.034,93.0,smooth_dendrite,0
F0360,40292,1-0,B1,130.9,34.5,51.2,0.347,0.0055,3,2.34,8,1,0.146,111.0,axon,1
F0361,40106,1-2,B4,140.0,277.2,29.9,0.365,0.0151,2,1.846,1,1,0.218,120.0,axon,0
F0362,40005,5-0,B2,512.2,30.4,44.7,0.18,0.0315,3,0.625,4,1,0.1,115.3,axon,0
F0363,40191,5-5,B5,580.7,585.5,21.5,0.363,0.1156,2,1.644,1,3,0.094,120.4,spiny_dendrite,0
F0364,40040,2-2,B5,255.7,213.0,91.1,0.274,0.0459,0,1.986,3,1,0.06,108.2,axon,0
F0365,40344,2-2,B2,241.6,203.7,12.6,0.223,0.0477,0,4.447,3,1,0.063,110.8,axon,0
F0366,40069,6-4,B3,609.4,412.5,39.3,0.212,0.0262,2,0.636,1,1,0.09,126.0,axon,0
F0367,40144,6-5,B5,613.0,580.3,39.9,1.003,0.1678,4,0.693,3,4,0.081,130.5,merged_object,1
F0368,40591,1-0,B2,159.0,18.9,34.8,1.097,0.2463,2,2.415,0,0,0.049,120.3,glia_process,1
F0369,40420,5-7,B2,504.9,781.0,35.2,1.645,0.0218,3,0.723,5,1,0.112,126.4,axon,0
F0370,40113,4-7,B1,467.3,748.8,34.8,0.296,0.0513,4,0.859,2,0,0.081,123.7,axon,1
F0371,40200,1-7,B3,165.8,705.0,75.5,0.955,0.046,4,0.637,0,1,0.162,108.2,spiny_dendrite,1
F0372,40151,6-5,B3,634.3,517.0,45.9,0.413,0.0566,3,0.838,0,37,0.036,126.3,spiny_dendrite,0
F0373,40413,3-0,B4,379.2,70.0,51.0,0.71,0.0342,2,2.311,14,0,0.041,123.6,axon,0
F0374,40019,5-0,B5,552.0,54.0,100.1,0.238,0.0108,5,2.921,7,1,0.105,122.0,axon,0
F0375,40557,4-4,B6,430.8,435.0,66.0,0.385,0.1218,5,1.812,2,14,0.057,134.0,merged_object,1
F0376,40271,2-5,B2,226.8,501.4,48.9,0.995,0.0302,4,0.772,0,5,0.083,115.4,spiny_dendrite,0
F0377,40474,1-4,B4,140.8,462.2,52.2,0.444,0.0754,2,0.848,0,6,0.062,122.6,smooth_dendrite,0
F0378,40137,7-5,B6,700.6,597.7,25.6,0.312,0.0172,3,2.503,3,0,0.03,116.8,axon,0
F0379,40027,2-6,B1,258.7,615.8,77.3,0.284,0.0074,16,0.831,2,1,0.051,116.3,axon,0
F0380,40261,6-7,B3,676.4,744.0,47.3,0.207,0.0398,1,0.999,0,10,0.041,137.9,spiny_dendrite,0
F0381,40001,0-3,B1,44.0,378.2,12.2,0.101,0.0086,5,0.673,7,1,0.095,116.2,axon,0
F0382,40381,2-7,B3,281.0,793.2,204.3,0.217,0.0072,6,0.41,8,2,0.119,126.2,axon,0
F0383,40038,7-5,B2,741.6,538.1,31.4,0.613,0.0092,2,3.016,3,1,0.111,116.6,axon,1
F0384,40354,1-7,B1,174.4,778.0,36.0,0.383,0.0703,4,3.955,1,4,0.021,110.5,smooth_dendrite,0
F0385,40271,2-5,B2,200.8,535.4,93.1,0.381,0.0089,1,0.769,3,2,0.049,113.7,axon,1
F0386,40567,4-3,B2,478.3,343.8,42.2,0.095,0.0151,1,1.828,1,0,0.024,111.5,glia_process,1
F0387,40288,7-5,B2,787.1,599.8,37.9,0.754,0.0413,4,1.978,1,1,0.085,122.0,axon,0
F0388,40351,1-3,B2,126.1,306.9,35.6,0.419,0.059,4,0.387,1,2,0.151,144.9,smooth_dendrite,0
F0389,40418,2-4,B3,288.7,476.4,52.4,0.732,0.0435,2,2.894,6,1,0.036,122.7,axon,0
F0390,40128,0-0,B2,65.1,0.6,70.7,0.103,0.0241,1,1.267,5,3,0.112,122.7,axon,1
F0391,40471,3-1,B1,318.6,187.2,48.7,0.394,0.031,2,2.484,0,5,0.072,124.6,smooth_dendrite,0
F0392,40497,7-1,B2,787.0,105.8,23.1,0.303,0.0182,6,1.426,1,6,0.062,99.4,smooth_dendrite,1
F0393,40308,6-2,B2,600.4,223.9,12.6,2.852,0.038,3,0.925,0,2,0.165,119.7,spiny_dendrite,0
F0394,40143,2-7,B3,258.7,789.5,78.8,0.26,0.0289,3,1.098,0,2,0.101,128.4,spiny_dendrite,0
F0395,40346,6-1,B4,639.6,172.3,13.7,0.565,0.0705,3,1.842,1,5,0.041,111.4,smooth_dendrite,0
F0396,40088,4-6,B5,450.4,615.4,8.0,1.023,0.0603,3,0.39,2,2,0.077,142.8,spiny_dendrite,0
F0397,40532,7-6,B6,722.1,691.3,34.3,0.585,0.1805,1,1.154,0,1,0.024,116.3,glia_process,0
F0398,40197,4-2,B1,489.6,298.6,33.0,0.613,0.0488,5,1.39,0,3,0.101,126.6,spiny_dendrite,0
F0399,40060,1-3,B3,183.0,328.2,23.8,0.348,0.0482,12,1.079,0,2,0.172,149.7,spiny_dendrite,0
F0400,40123,6-3,B5,674.6,368.8,19.8,0.567,0.0189,2,1.645,1,1,0.238,102.0,axon,0
F0401,40427,0-1,B6,6.0,104.9,10.0,0.222,0.0135,2,1.819,6,1,0.177,146.8,axon,1
F0402,40481,2-7,B3,266.1,709.0,29.8,0.318,0.0048,6,2.084,2,0,0.096,130.7,axon,0
F0403,40041,2-5,B1,220.6,587.2,27.1,0.6,0.0448,8,1.331,4,1,0.035,118.8,axon,0
F0404,40398,1-7,B1,194.1,721.5,12.7,0.346,0.0793,3,1.061,0,4,0.192,110.6,smooth_dendrite,0
F0405,40223,6-6,B2,678.2,653.9,40.7,0.242,0.0188,4,0.421,4,2,0.172,130.5,axon,0
F0406,40256,3-0,B3,320.1,67.5,38.2,0.491,0.0204,8,3.004,0,2,0.034,112.8,spiny_dendrite,0
F0407,40243,0-4,B6,27.5,425.5,79.1,1.572,0.0306,1,1.149,1,2,0.293,121.0,spiny_dendrite,0
F0408,40466,3-0,B1,357.3,20.9,101.6,0.75,0.051,2,1.276,1,0,0.071,127.0,axon,0
F0409,40414,2-4,B1,226.9,450.1,50.3,0.916,0.0345,9,0.515,3,1,0.026,131.1,axon,0
F0410,40311,0-7,B1,96.9,752.2,49.5,0.795,0.0264,3,0.837,1,4,0.115,114.9,spiny_dendrite,0
F0411,40212,7-4,B6,767.8,410.3,10.7,0.21,0.0256,3,1.512,4,2,0.09,128.2,axon,0
F0412,40054,2-0,B1,220.0,26.9,9.7,1.363,0.0546,6,0.924,1,11,0.072,124.8,spiny_dendrite,0
F0413,40365,3-0,B1,331.8,16.9,15.6,1.421,0.0253,1,0.804,4,1,0.109,121.3,axon,0
F0414,40229,5-6,B5,520.6,666.8,24.1,0.378,0.0201,4,0.971,0,5,0.242,132.0,spiny_dendrite,0
F0415,40250,0-0,B3,62.7,97.1,12.0,1.124,0.0315,2,0.8,0,13,0.067,125.4,spiny_dendrite,0
F0416,40568,4-1,B3,464.4,157.8,25.4,0.374,0.2076,3,1.867,0,1,0.063,110.6,glia_process,1
F0417,40483,5-0,B6,503.5,95.7,11.8,1.281,0.0053,8,0.365,0,6,0.045,113.0,smooth_dendrite,0
F0418,40137,7-5,B6,763.2,508.7,24.0,0.28,0.0093,4,3.063,6,0,0.03,118.9,axon,0
F0419,40440,6-3,B2,654.5,325.6,9.9,0.131,0.1407,6,1.408,1,7,0.373,102.5,smooth_dendrite,0
F0420,40508,1-2,B1,139.1,243.7,29.5,0.499,0.0829,9,3.57,0,1,0.068,110.7,glia_process,0
F0421,40355,5-2,B4,505.6,284.3,12.5,0.305,0.0267,1,0.792,3,1,0.012,125.1,axon,0
F0422,40343,4-4,B4,470.6,490.0,71.6,0.165,0.0234,4,2.409,1,0,0.038,130.6,axon,0
F0423,40252,7-2,B3,715.6,237.5,43.6,1.754,0.0309,1,0.698,0,4,0.039,114.4,spiny_dendrite,0
F0424,40078,5-0,B2,571.4,19.5,78.3,0.696,0.0074,4,0.632,1,1,0.064,115.2,axon,1
F0425,40100,2-6,B3,238.6,699.2,9.9,0.894,0.0397,3,2.398,1,10,0.156,102.9,spiny_dendrite,0
F0426,40378,6-1,B6,681.9,120.9,15.1,0.347,0.0343,3,0.402,4,1,0.221,115.3,axon,0
F0427,40188,5-2,B4,595.0,229.8,40.5,1.8,0.0645,2,1.538,0,3,0.05,118.4,spiny_dendrite,0
F0428,40168,3-2,B3,394.0,238.3,41.3,0.45,0.0131,5,1.577,16,0,0.018,122.3,axon,0
F0429,40023,5-7,B4,515.8,795.8,34.9,0.357,0.01,2,0.994,1,2,0.037,117.7,axon,1
F0430,40513,7-5,B2,750.2,569.1,31.2,0.864,0.1351,1,1.15,0,0,0.024,120.7,glia_process,0
F0431,40157,7-1,B3,719.6,157.6,43.3,0.4,0.0175,2,1.108,10,0,0.062,100.5,axon,0
F0432,40429,6-1,B6,653.9,131.7,95.1,0.313,0.0364,1,0.768,5,1,0.135,117.2,axon,0
F0433,40505,0-6,B1,47.0,629.2,34.6,0.227,0.0441,5,0.893,3,2,0.059,128.2,merged_object,1
F0434,40198,4-2,B3,453.1,254.1,26.2,0.185,0.0196,3,0.665,3,1,0.035,128.6,axon,1
F0435,40467,3-7,B2,366.9,785.1,116.3,0.349,0.0213,1,0.848,1,1,0.038,148.8,axon,0
F0436,40121,6-1,B6,681.2,190.9,31.7,0.096,0.0338,4,0.277,1,0,0.081,112.9,axon,0
F0437,40304,7-4,B3,719.8,473.1,46.4,0.693,0.0322,1,1.77,0,19,0.094,132.6,spiny_dendrite,0
F0438,40564,7-1,B2,741.8,127.4,12.0,0.161,0.066,4,0.318,1,0,0.053,97.0,glia_process,0
F0439,40034,0-6,B2,23.2,655.2,14.3,0.231,0.0202,1,2.117,8,1,0.124,121.9,axon,0
F0440,40117,6-3,B5,639.4,307.2,28.7,1.19,0.0231,3,1.454,2,1,0.124,98.6,axon,0
F0441,40528,0-3,B4,85.5,375.6,16.2,0.194,0.1223,2,1.287,1,0,0.025,113.5,glia_process,0
F0442,40513,7-5,B2,752.3,543.3,50.6,0.581,0.0879,1,1.171,0,0,0.042,119.7,glia_process,0
F0443,40305,5-7,B5,579.7,735.8,27.4,0.431,0.0275,4,1.225,4,1,0.067,132.9,axon,1
F0444,40125,7-5,B4,764.0,526.2,45.1,0.867,0.0278,2,0.827,0,5,0.13,120.1,spiny_dendrite,0
F0445,40505,0-6,B1,79.4,664.3,36.0,0.169,0.0689,6,1.173,2,3,0.07,129.4,merged_object,1
F0446,40381,2-7,B3,212.3,738.1,169.4,0.315,0.0055,4,0.458,9,1,0.118,125.4,axon,0
F0447,40519,1-3,B6,129.6,335.2,50.7,0.602,0.0653,3,2.695,0,0,0.04,150.2,glia_process,0
F0448,40064,2-3,B1,284.2,371.6,34.8,0.834,0.0364,2,4.432,5,2,0.039,121.0,axon,0
F0449,40254,2-6,B1,268.3,649.5,18.5,0.299,0.0231,3,1.94,4,0,0.08,107.8,axon,0
F0450,40352,1-6,B3,154.6,611.3,117.8,1.177,0.086,2,2.251,1,4,0.144,114.4,smooth_dendrite,0
F0451,40053,7-3,B4,764.0,307.3,30.2,0.75,0.1058,3,1.414,4,3,0.065,125.6,axon,0
F0452,40221,2-1,B3,296.0,186.8,40.4,0.707,0.0246,2,1.869,2,1,0.057,125.7,axon,0
F0453,40575,5-4,B4,585.4,444.9,20.7,1.705,0.0301,3,1.14,1,0,0.033,131.9,glia_process,1
F0454,40577,0-2,B4,31.6,292.9,10.1,1.077,0.0422,6,2.235,1,1,0.018,131.5,glia_process,0
F0455,40146,7-6,B3,799.0,605.8,19.5,0.73,0.0143,4,0.42,5,1,0.158,107.9,axon,0
F0456,40463,5-5,B3,581.7,520.9,24.5,0.393,0.0464,2,0.81,0,2,0.134,112.5,smooth_dendrite,0
F0457,40464,6-6,B6,607.2,611.0,20.3,0.28,0.1184,7,0.475,0,3,0.206,128.5,smooth_dendrite,0
F0458,40429,6-1,B6,658.0,158.1,75.3,0.548,0.0544,3,0.593,1,9,0.259,116.6,smooth_dendrite,0
F0459,40291,3-6,B3,375.7,699.3,32.3,0.893,0.1485,3,2.242,1,5,0.106,141.6,spiny_dendrite,0
F0460,40050,5-1,B2,576.9,183.1,9.6,1.072,0.0742,2,0.669,0,1,0.029,80.4,spiny_dendrite,0
F0461,40466,3-0,B1,348.6,4.8,83.5,2.175,0.1146,2,0.937,0,0,0.118,128.2,smooth_dendrite,0
F0462,40555,5-2,B6,556.3,243.2,79.0,0.83,0.1428,5,1.328,5,2,0.087,119.2,merged_object,1
F0463,40344,2-2,B2,239.0,215.5,12.9,0.498,0.0876,1,2.288,0,6,0.065,112.4,smooth_dendrite,0
F0464,40401,3-2,B6,370.5,206.5,31.0,0.117,0.0342,2,0.598,7,1,0.063,120.9,axon,0
F0465,40202,0-7,B4,5.9,752.3,8.4,0.764,0.0977,2,0.845,3,1,0.071,120.7,axon,0
F0466,40037,1-1,B4,138.7,155.6,16.4,0.461,0.0198,2,0.695,2,1,0.067,136.1,axon,0
F0467,40557,4-4,B6,407.2,447.7,48.5,0.283,0.0923,7,1.778,0,1,0.017,133.9,glia_process,0
F0468,40551,6-5,B2,665.7,538.2,45.6,0.221,0.0341,5,2.274,0,0,0.027,129.8,glia_process,0
F0469,40297,3-3,B4,317.4,368.7,13.1,0.789,0.147,5,1.945,1,2,0.058,105.9,spiny_dendrite,0
F0470,40210,5-4,B4,532.2,493.7,77.2,0.384,0.0697,3,1.548,0,3,0.088,123.8,spiny_dendrite,0
F0471,40550,6-1,B4,690.2,150.4,39.1,0.981,0.0418,9,0.329,0,1,0.012,112.5,glia_process,1
F0472,40016,3-3,B5,327.4,353.6,20.5,0.51,0.0572,6,1.144,1,1,0.031,104.5,axon,0
F0473,40289,6-4,B1,614.5,458.7,13.5,1.159,0.0078,5,1.886,2,1,0.054,107.5,axon,1
F0474,40212,7-4,B6,728.9,424.4,9.8,0.553,0.1053,4,1.036,0,17,0.095,125.6,spiny_dendrite,1
F0475,40482,3-1,B3,330.0,124.4,44.9,0.282,0.0412,1,0.994,0,4,0.165,127.8,smooth_dendrite,0
F0476,40256,3-0,B3,311.3,5.5,65.2,1.364,0.0309,10,1.794,0,1,0.048,114.9,spiny_dendrite,0
F0477,40580,0-5,B1,94.6,563.6,19.4,0.168,0.216,6,1.009,1,0,0.064,87.7,glia_process,0
F0478,40096,3-2,B1,303.6,255.4,66.3,0.423,0.1034,2,1.866,1,2,0.114,127.6,spiny_dendrite,0
F0479,40149,1-1,B5,137.6,131.9,25.6,0.316,0.1308,5,0.243,4,6,0.368,127.3,merged_object,1
F0480,40464,6-6,B6,601.1,638.9,47.9,0.124,0.0261,2,0.62,2,1,0.077,127.6,axon,0
F0481,40020,2-1,B3,201.4,134.8,69.6,0.359,0.1258,3,0.853,1,2,0.128,128.0,merged_object,1
F0482,40473,0-1,B2,17.0,140.5,9.5,0.504,0.064,3,1.577,1,1,0.166,139.5,smooth_dendrite,0
F0483,40366,0-3,B4,24.8,325.4,41.0,0.171,0.0206,5,1.151,3,1,0.279,111.3,axon,0
F0484,40070,5-5,B6,545.3,571.5,65.2,0.287,0.0169,10,0.559,1,9,0.054,112.7,spiny_dendrite,0
F0485,40239,5-0,B4,597.4,15.1,22.6,0.259,0.0252,3,1.077,3,1,0.033,123.3,axon,0
F0486,40467,3-7,B2,342.9,722.2,60.2,0.744,0.0286,3,0.866,0,6,0.065,149.1,smooth_dendrite,0
F0487,40575,5-4,B4,586.5,429.4,63.9,3.146,0.0906,7,0.502,3,3,0.049,130.3,merged_object,1
F0488,40117,6-3,B5,640.3,381.8,28.8,0.897,0.0672,2,1.583,1,2,0.096,99.7,axon,1
F0489,40529,5-2,B1,540.5,283.4,27.6,0.548,0.39,2,0.391,0,1,0.095,117.6,glia_process,0
F0490,40198,4-2,B3,435.7,221.8,32.0,0.221,0.0151,2,0.894,3,1,0.031,130.4,axon,0
F0491,40551,6-5,B2,600.6,567.2,87.9,0.777,0.0567,11,2.193,4,1,0.066,129.2,merged_object,1
F0492,40353,6-0,B4,650.6,15.6,34.4,0.298,0.0045,2,0.875,1,1,0.347,104.8,axon,0
F0493,40240,5-7,B3,571.1,726.6,10.8,0.975,0.0846,2,1.245,1,4,0.158,126.9,spiny_dendrite,0
F0494,40361,4-3,B4,441.4,313.4,27.5,0.294,0.0231,3,0.464,2,1,0.05,108.4,axon,0
F0495,40270,2-2,B3,201.2,281.3,8.5,0.673,0.0068,4,0.324,3,2,0.074,106.6,axon,0
F0496,40337,1-0,B3,102.5,84.7,38.9,0.334,0.0282,3,1.085,0,4,0.113,121.1,smooth_dendrite,0
F0497,40180,6-4,B1,650.5,443.4,43.2,0.975,0.0903,4,0.807,1,2,0.09,116.6,spiny_dendrite,0
F0498,40204,4-3,B5,487.6,353.3,58.4,1.945,0.02,2,1.017,0,2,0.111,106.1,spiny_dendrite,1
F0499,40348,0-3,B5,35.1,362.2,8.1,0.304,0.0352,5,7.893,1,2,0.128,114.2,smooth_dendrite,0
F0500,40268,1-5,B1,103.6,548.3,70.7,0.094,0.1491,4,0.871,0,8,0.054,109.6,spiny_dendrite,0
F0501,40054,2-0,B1,243.2,78.7,30.7,0.741,0.0149,2,0.857,5,2,0.067,124.7,axon,0
F0502,40570,0-3,B4,44.0,389.8,18.0,0.346,0.1906,3,1.69,0,0,0.023,112.0,glia_process,0
F0503,40021,4-3,B3,415.4,327.4,23.2,0.588,0.0524,2,1.027,1,2,0.08,115.2,spiny_dendrite,0
F0504,40039,0-6,B1,68.1,664.9,44.4,0.165,0.0356,3,1.576,1,1,0.105,124.8,axon,0
F0505,40249,5-1,B2,587.2,114.6,71.9,0.33,0.0293,1,0.707,1,6,0.046,87.6,spiny_dendrite,0
F0506,40537,0-7,B1,28.9,703.8,37.9,0.566,0.0787,8,0.627,0,1,0.016,117.9,glia_process,1
F0507,40380,1-3,B4,123.6,323.6,83.7,0.149,0.0773,1,5.907,8,2,0.104,146.9,axon,0
F0508,40024,2-0,B1,233.7,15.3,13.8,1.064,0.0693,12,1.462,0,7,0.143,130.3,spiny_dendrite,0
F0509,40018,2-0,B2,230.1,57.6,12.4,0.157,0.0841,2,0.48,2,2,0.031,126.1,axon,0
F0510,40121,6-1,B6,641.1,124.8,44.1,0.224,0.1004,7,0.557,0,2,0.22,111.0,spiny_dendrite,0
F0511,40169,6-7,B3,636.2,760.0,45.4,0.271,0.0554,2,2.881,0,11,0.109,125.0,spiny_dendrite,0
F0512,40248,3-4,B3,393.8,408.3,30.6,0.37,0.0224,4,0.54,2,1,0.058,120.7,axon,0
F0513,40249,5-1,B2,598.3,112.5,77.6,0.182,0.0221,1,1.711,2,5,0.062,83.3,spiny_dendrite,0
F0514,40238,3-7,B6,385.0,727.7,50.0,0.326,0.0401,3,0.688,2,2,0.033,140.1,axon,0
F0515,40320,1-1,B4,116.0,128.3,68.8,0.297,0.0246,9,1.256,1,14,0.141,132.4,spiny_dendrite,1
F0516,40063,6-5,B2,647.4,570.5,10.1,0.428,0.0302,12,0.444,0,26,0.073,133.1,spiny_dendrite,1
F0517,40122,1-0,B4,142.0,29.1,51.4,0.345,0.0257,3,1.693,2,1,0.13,120.9,axon,1
F0518,40155,4-7,B5,418.5,763.3,31.3,0.902,0.1539,3,0.933,1,3,0.069,121.6,spiny_dendrite,0
F0519,40441,6-6,B3,629.4,667.1,10.4,0.378,0.0393,2,0.295,1,2,0.108,120.2,smooth_dendrite,0
F0520,40123,6-3,B5,652.9,327.8,16.7,0.838,0.048,3,2.816,0,3,0.207,101.6,spiny_dendrite,0
F0521,40311,0-7,B1,52.9,753.9,47.3,0.839,0.0227,3,1.044,1,2,0.146,115.4,spiny_dendrite,0
F0522,40036,5-1,B1,542.3,160.8,27.5,2.425,0.0745,2,0.787,1,3,0.161,79.4,spiny_dendrite,0
F0523,40023,5-7,B4,558.6,727.1,42.1,0.303,0.0182,2,1.099,0,8,0.03,119.5,spiny_dendrite,0
F0524,40428,4-3,B2,463.6,319.0,42.1,0.371,0.2806,3,3.368,0,3,0.093,119.6,smooth_dendrite,0
F0525,40182,7-3,B1,701.2,393.3,22.2,0.564,0.0515,1,2.052,1,4,0.069,118.9,spiny_dendrite,0
F0526,40243,0-4,B6,78.7,465.8,79.9,0.57,0.008,1,0.902,3,0,0.164,119.5,axon,0
F0527,40301,0-5,B2,30.6,513.2,13.5,1.023,0.1841,2,0.291,0,8,0.092,98.3,spiny_dendrite,0
F0528,40482,3-1,B3,383.4,112.6,52.6,0.344,0.0444,1,1.243,1,6,0.09,130.4,smooth_dendrite,0
F0529,40055,4-0,B6,495.0,55.6,43.9,0.294,0.0799,5,3.593,1,8,0.071,123.7,spiny_dendrite,0
F0530,40255,1-2,B3,113.1,211.5,9.7,0.123,0.1057,6,1.756,8,1,0.043,120.7,axon,0
F0531,40006,7-6,B4,754.1,633.0,18.4,1.313,0.015,1,1.475,1,3,0.062,108.9,spiny_dendrite,0
F0532,40493,3-3,B5,326.5,383.9,31.1,0.187,0.0993,2,1.775,1,1,0.124,105.9,smooth_dendrite,1
F0533,40411,0-2,B4,8.0,281.5,14.4,0.303,0.0632,4,0.959,2,13,0.059,128.0,smooth_dendrite,0
F0534,40583,5-0,B6,528.6,76.1,156.4,0.253,0.0277,3,1.656,0,1,0.06,119.3,glia_process,0
F0535,40435,5-4,B1,504.1,498.3,73.6,1.024,0.0212,10,0.279,0,2,0.078,130.1,smooth_dendrite,1
F0536,40466,3-0,B1,342.9,4.7,55.3,1.264,0.1119,3,0.747,0,1,0.171,127.7,smooth_dendrite,0
F0537,40370,3-3,B3,312.5,378.8,158.6,0.862,0.016,16,5.166,1,0,0.265,108.3,axon,0
F0538,40366,0-3,B4,91.8,369.0,36.6,0.492,0.0461,6,0.911,0,3,0.576,110.9,smooth_dendrite,0
F0539,40456,0-3,B5,40.9,329.9,17.6,0.881,0.0087,5,0.576,1,5,0.077,119.1,smooth_dendrite,0
F0540,40067,6-1,B5,687.5,112.6,57.7,0.266,0.0657,1,0.468,1,3,0.23,109.1,spiny_dendrite,1
F0541,40237,4-4,B6,465.8,464.1,15.1,0.259,0.0376,3,0.585,6,1,0.038,130.1,axon,1
F0542,40213,1-7,B5,147.4,779.3,32.7,1.022,0.0212,1,0.75,2,2,0.079,119.7,axon,0
F0543,40416,6-7,B1,619.2,760.6,76.5,2.023,0.0337,4,1.005,3,0,0.023,132.1,axon,0
F0544,40586,2-0,B6,203.1,60.4,19.9,0.464,0.262,1,1.39,0,0,0.095,124.7,glia_process,0
F0545,40338,4-2,B4,429.7,280.2,12.7,0.166,0.0904,2,0.668,1,1,0.118,134.6,smooth_dendrite,0
F0546,40172,3-5,B2,306.0,507.0,75.8,0.76,0.0225,2,0.608,1,2,0.06,124.6,spiny_dendrite,0
F0547,40367,7-3,B1,739.8,334.2,71.7,0.498,0.0132,1,0.212,3,1,0.022,128.3,axon,1
F0548,40143,2-7,B3,200.1,754.0,61.3,0.175,0.0735,3,1.443,0,3,0.089,126.5,spiny_dendrite,0
F0549,40168,3-2,B3,345.1,228.1,44.4,0.445,0.0266,4,0.606,2,1,0.023,123.1,spiny_dendrite,0
F0550,40428,4-3,B2,427.1,333.6,40.0,0.188,0.1652,3,4.761,0,3,0.071,119.7,smooth_dendrite,0
F0551,40566,1-5,B2,157.7,566.7,13.5,0.292,0.0444,7,6.513,0,0,0.032,106.2,glia_process,0
F0552,40108,2-1,B5,227.4,197.8,17.9,0.336,0.0985,3,1.617,0,3,0.069,125.1,spiny_dendrite,0
F0553,40497,7-1,B2,760.2,174.1,29.7,0.498,0.0161,5,1.355,1,7,0.106,95.7,smooth_dendrite,0
F0554,40121,6-1,B6,678.7,107.9,55.9,0.134,0.0292,4,0.506,1,0,0.164,113.3,axon,0
F0555,40555,5-2,B6,577.1,230.2,19.5,0.628,0.0594,2,0.758,1,0,0.056,115.7,glia_process,0
F0556,40369,1-5,B2,141.8,551.6,26.2,1.076,0.0192,2,1.493,0,2,0.212,111.4,smooth_dendrite,0
F0557,40321,3-7,B4,391.7,792.9,43.9,1.131,0.1242,2,1.52,2,4,0.072,148.2,merged_object,1
F0558,40255,1-2,B3,182.8,223.5,8.5,0.117,0.1431,5,1.349,5,0,0.059,119.7,axon,0
F0559,40061,6-2,B6,604.4,268.9,172.1,0.355,0.0573,3,1.032,0,1,0.108,123.7,spiny_dendrite,0
F0560,40064,2-3,B1,297.0,397.2,23.6,0.783,0.0155,2,7.519,5,2,0.035,119.1,axon,0
F0561,40391,6-5,B1,619.3,586.8,7.4,0.155,0.0228,2,5.412,2,2,0.065,129.0,axon,0
F0562,40410,7-1,B3,743.9,114.0,8.1,1.031,0.0814,3,0.938,0,6,0.23,99.7,smooth_dendrite,0
F0563,40124,1-4,B3,153.8,443.5,19.4,1.199,0.1032,5,1.107,2,9,0.28,122.0,spiny_dendrite,0
F0564,40445,0-3,B6,60.3,360.2,22.7,0.473,0.0476,2,0.979,1,9,0.065,118.4,smooth_dendrite,0
F0565,40360,4-0,B4,465.7,47.1,19.5,2.076,0.0189,4,0.609,2,2,0.144,118.5,smooth_dendrite,0
F0566,40294,4-5,B1,426.1,588.9,70.7,0.15,0.0172,2,1.581,4,1,0.132,117.6,axon,0
F0567,40537,0-7,B1,62.9,754.7,12.7,0.387,0.0579,12,0.732,0,1,0.034,116.3,glia_process,0
F0568,40500,1-3,B5,116.4,378.5,77.3,0.525,0.0376,3,0.562,0,4,0.101,150.3,smooth_dendrite,1
F0569,40518,2-3,B4,260.9,315.3,14.6,0.299,0.485,3,0.621,0,1,0.022,129.9,glia_process,0
F0570,40020,2-1,B3,294.5,115.6,98.2,0.237,0.0406,1,1.595,3,1,0.052,127.4,axon,1
F0571,40597,7-5,B2,742.9,577.0,37.8,0.262,0.2177,6,0.853,1,0,0.067,118.1,glia_process,0
F0572,40093,3-6,B6,305.2,641.8,22.9,0.741,0.0185,9,0.802,2,1,0.085,135.8,axon,0
F0573,40101,2-2,B3,277.1,200.7,20.6,0.41,0.016,3,0.783,0,9,0.026,113.0,spiny_dendrite,1
F0574,40082,6-5,B6,620.4,540.5,41.0,0.851,0.0178,1,0.946,8,1,0.06,126.0,axon,0
F0575,40030,7-7,B2,701.6,776.4,20.1,0.347,0.0257,4,1.67,2,1,0.028,127.1,axon,1
F0576,40005,5-0,B2,544.8,81.8,49.0,0.257,0.0361,2,1.901,5,1,0.082,118.2,axon,0
F0577,40063,6-5,B2,691.8,559.5,14.5,0.439,0.0187,8,0.667,1,3,0.083,130.3,axon,0
F0578,40264,0-3,B5,88.6,314.1,35.6,0.886,0.0437,2,0.485,5,1,0.065,109.8,axon,0
F0579,40307,3-0,B3,370.6,31.8,58.1,0.438,0.1028,3,0.656,5,0,0.067,123.3,axon,1
F0580,40358,4-6,B6,496.3,612.8,57.6,0.404,0.0172,6,3.062,0,3,0.055,141.0,smooth_dendrite,0
F0581,40452,3-0,B6,357.2,12.0,44.1,0.283,0.0282,3,2.094,0,2,0.059,106.8,smooth_dendrite,0
F0582,40600,1-6,B3,167.6,648.2,5.6,0.483,0.0226,2,1.232,0,0,0.063,120.9,glia_process,0
F0583,40496,1-6,B6,188.7,645.7,81.9,0.167,0.061,8,4.666,1,7,0.084,125.4,smooth_dendrite,0
F0584,40197,4-2,B1,481.3,255.7,31.8,0.884,0.0481,3,1.218,0,2,0.039,128.1,spiny_dendrite,0
F0585,40597,7-5,B2,767.6,571.8,38.7,0.316,0.2577,9,1.267,0,0,0.057,117.8,glia_process,0
F0586,40215,2-3,B2,272.0,371.2,90.8,1.044,0.1934,7,0.629,1,3,0.093,122.1,merged_object,1
F0587,40493,3-3,B5,372.3,370.6,36.9,0.203,0.0912,3,2.829,8,0,0.123,107.1,axon,0
F0588,40023,5-7,B4,510.8,711.8,38.3,0.706,0.0264,1,1.243,0,6,0.03,119.2,spiny_dendrite,0
F0589,40321,3-7,B4,330.8,748.1,29.7,1.727,0.0353,2,0.75,1,7,0.115,146.3,spiny_dendrite,0
F0590,40439,4-6,B6,438.5,667.7,126.9,1.714,0.0552,4,1.502,0,1,0.086,149.1,axon,0
F0591,40115,2-7,B4,203.0,776.0,40.5,0.628,0.0567,5,0.242,1,4,0.376,135.2,spiny_dendrite,1
F0592,40059,2-5,B1,233.0,523.6,27.0,0.562,0.0958,3,1.258,1,3,0.227,119.4,spiny_dendrite,0
F0593,40087,4-1,B1,432.5,144.8,65.4,0.98,0.0569,4,0.96,2,1,0.039,111.4,spiny_dendrite,0
F0594,40089,0-5,B2,99.5,593.1,16.8,0.858,0.0317,2,0.639,4,3,0.026,96.8,axon,0
F0595,40271,2-5,B2,246.7,584.2,65.7,0.928,0.0072,2,0.614,4,1,0.074,115.5,axon,1
F0596,40374,7-0,B4,739.7,20.1,43.7,0.349,0.0829,3,1.074,1,9,0.086,142.8,smooth_dendrite,0
F0597,40025,5-2,B1,526.6,218.6,58.7,0.23,0.0355,1,0.19,1,23,0.087,118.9,spiny_dendrite,0
F0598,40438,7-5,B5,790.8,540.0,30.4,0.92,0.0069,0,0.976,2,0,0.06,112.6,axon,0
F0599,40021,4-3,B3,415.9,359.0,29.3,0.869,0.0557,2,1.385,1,2,0.055,115.3,spiny_dendrite,1
F0600,40311,0-7,B1,93.4,797.9,45.8,0.474,0.0061,1,1.036,13,0,0.049,114.0,axon,0
F0601,40123,6-3,B5,632.3,328.7,19.0,0.323,0.0179,1,1.348,1,1,0.143,101.6,axon,1
F0602,40509,5-6,B1,578.3,661.5,50.7,0.464,0.0217,4,2.115,0,0,0.073,129.8,glia_process,0
F0603,40060,1-3,B3,105.7,302.4,19.3,0.303,0.0324,7,1.824,1,2,0.192,151.6,spiny_dendrite,0
F0604,40454,6-1,B2,634.4,196.0,3.9,4.505,0.0245,2,1.108,0,2,0.234,110.5,smooth_dendrite,0
F0605,40075,2-7,B1,280.7,792.2,52.9,0.221,0.0662,23,0.832,1,4,0.023,129.2,spiny_dendrite,0
F0606,40560,1-2,B3,110.7,295.1,33.7,0.265,0.1443,3,2.02,0,1,0.032,114.8,glia_process,1
F0607,40307,3-0,B3,366.2,71.0,61.6,1.005,0.1546,2,0.739,1,3,0.124,120.8,spiny_dendrite,1
F0608,40370,3-3,B3,318.4,365.7,153.4,0.944,0.0245,8,1.972,1,1,0.232,103.8,axon,0
F0609,40397,0-2,B1,46.3,280.8,16.6,0.809,0.0077,2,3.922,3,0,0.061,129.1,axon,0
F0610,40572,1-3,B6,108.0,332.0,62.2,1.266,0.2696,2,0.874,6,6,0.089,141.8,merged_object,1
F0611,40344,2-2,B2,205.9,236.9,19.9,0.297,0.0276,1,3.46,1,4,0.101,111.6,smooth_dendrite,0
F0612,40303,2-7,B2,297.3,767.7,15.7,0.27,0.0406,3,1.555,1,2,0.117,129.6,spiny_dendrite,0
F0613,40483,5-0,B6,508.8,52.4,16.9,0.471,0.0038,6,0.442,3,1,0.033,112.9,axon,1
F0614,40571,7-0,B3,714.9,39.7,26.7,0.462,0.125,2,2.113,0,0,0.061,145.9,glia_process,0
F0615,40168,3-2,B3,396.5,280.5,37.1,0.436,0.0144,5,0.858,14,0,0.019,124.2,axon,0
F0616,40316,1-4,B5,192.8,494.3,51.7,0.604,0.036,9,0.848,1,3,0.198,121.4,spiny_dendrite,0
F0617,40264,0-3,B5,13.1,369.9,22.5,2.877,0.1653,4,1.158,1,8,0.067,111.5,spiny_dendrite,0
F0618,40006,7-6,B4,796.9,615.7,10.8,2.224,0.0183,2,1.034,0,9,0.041,108.4,spiny_dendrite,0
F0619,40281,0-7,B2,34.9,730.4,22.1,0.491,0.0234,2,0.552,4,0,0.068,128.8,axon,0
F0620,40498,7-5,B3,727.9,520.3,112.8,0.848,0.036,7,3.623,1,5,0.083,121.5,smooth_dendrite,1
F0621,40103,1-3,B3,114.5,395.9,21.7,0.368,0.0465,12,0.886,0,9,0.065,154.8,spiny_dendrite,0
F0622,40120,4-5,B3,491.1,522.7,17.6,0.328,0.027,1,3.275,1,0,0.044,122.5,axon,0
F0623,40432,0-2,B6,35.0,261.6,48.9,0.608,0.0587,2,0.977,1,2,0.046,134.0,smooth_dendrite,0
F0624,40102,4-3,B1,443.7,348.0,114.1,0.229,0.0232,1,0.944,1,1,0.032,114.5,axon,1
F0625,40270,2-2,B3,293.2,297.4,16.4,0.387,0.0051,3,0.693,3,3,0.107,104.4,axon,0
F0626,40211,7-2,B4,709.7,244.2,42.9,0.464,0.022,12,1.094,3,1,0.104,116.6,axon,0
F0627,40466,3-0,B1,368.9,90.3,59.6,0.793,0.0783,2,0.884,1,0,0.042,126.0,axon,0
F0628,40009,0-0,B4,5.4,77.1,21.7,0.059,0.0514,2,0.664,12,2,0.056,131.5,axon,0
F0629,40298,3-0,B2,337.4,34.0,39.4,0.766,0.0479,2,0.924,1,6,0.183,121.5,spiny_dendrite,0
F0630,40083,1-5,B5,189.3,547.2,17.6,0.651,0.0119,2,0.818,1,1,0.132,103.3,axon,0
F0631,40461,0-6,B2,24.4,653.6,39.9,0.618,0.034,2,2.873,1,1,0.188,129.6,axon,0
F0632,40095,1-7,B1,113.5,718.8,10.5,0.191,0.0105,2,0.683,1,1,0.079,115.9,axon,0
F0633,40421,1-0,B4,177.6,3.6,32.2,0.5,0.0649,1,0.794,0,3,0.044,126.7,smooth_dendrite,0
F0634,40004,6-1,B5,644.0,136.2,45.3,0.269,0.025,4,0.775,1,8,0.065,106.7,spiny_dendrite,1
F0635,40367,7-3,B1,768.5,373.2,51.2,0.259,0.0153,2,0.268,2,1,0.033,129.3,axon,0
F0636,40383,7-1,B5,734.9,138.0,37.9,0.193,0.0212,2,1.634,1,8,0.084,99.5,smooth_dendrite,1
F0637,40034,0-6,B2,53.7,680.9,16.3,0.419,0.0264,1,2.087,1,5,0.162,124.6,spiny_dendrite,0
F0638,40356,3-3,B1,317.0,306.8,20.0,0.751,0.074,1,2.637,0,9,0.306,111.5,smooth_dendrite,0
F0639,40306,3-3,B3,334.7,316.0,68.8,0.139,0.0432,4,1.035,11,1,0.06,102.1,axon,1
F0640,40114,4-0,B2,438.3,54.6,23.6,1.118,0.0375,2,3.252,2,5,0.08,126.5,spiny_dendrite,0
F0641,40538,4-7,B1,465.9,787.5,14.6,0.226,0.0657,8,1.591,0,0,0.024,117.6,glia_process,0
F0642,40432,0-2,B6,46.5,287.5,38.5,0.855,0.0331,6,0.981,1,1,0.073,132.4,smooth_dendrite,0
F0643,40063,6-5,B2,623.2,511.7,14.0,0.325,0.0197,8,0.242,1,5,0.035,130.7,axon,0
F0644,40559,1-7,B6,149.9,798.8,6.4,0.105,0.0413,2,0.859,0,0,0.013,109.5,glia_process,0
F0645,40447,2-2,B6,212.3,278.2,39.4,0.878,0.0313,5,1.655,1,5,0.074,112.5,smooth_dendrite,0
F0646,40398,1-7,B1,104.5,721.2,10.1,0.199,0.032,3,1.013,1,1,0.034,107.8,axon,1
F0647,40381,2-7,B3,251.6,730.4,98.1,0.595,0.0076,5,0.3,1,8,0.157,128.0,smooth_dendrite,0
F0648,40231,0-4,B6,62.3,456.2,25.1,0.486,0.0461,3,1.433,0,9,0.07,118.4,spiny_dendrite,0
F0649,40539,0-2,B5,83.4,266.5,13.2,0.282,0.035,4,0.293,0,0,0.045,128.7,glia_process,1
F0650,40572,1-3,B6,132.0,382.9,32.0,1.02,0.1718,3,1.136,1,1,0.039,142.3,glia_process,0
F0651,40419,0-1,B2,16.4,151.9,13.9,0.633,0.1256,1,3.093,0,2,0.104,141.4,smooth_dendrite,0
F0652,40264,0-3,B5,87.9,356.7,35.0,1.107,0.0569,3,0.658,5,1,0.066,111.1,axon,0
F0653,40035,0-6,B4,74.8,673.8,40.8,1.458,0.1,2,0.855,1,3,0.303,129.3,spiny_dendrite,0
F0654,40049,5-5,B6,538.5,548.7,15.5,0.193,0.0342,2,0.924,2,1,0.142,108.5,axon,0
F0655,40372,0-4,B5,78.4,458.8,17.0,0.13,0.0083,1,2.894,1,0,0.143,123.7,axon,1
F0656,40003,3-5,B2,336.4,548.2,57.1,0.397,0.0128,4,1.663,4,1,0.125,127.8,axon,0
F0657,40207,5-6,B4,589.0,666.9,18.2,0.143,0.0474,2,0.834,1,1,0.044,128.5,axon,0
F0658,40276,4-3,B5,491.7,308.3,117.2,0.537,0.0224,5,1.787,1,4,0.079,111.5,axon,0
F0659,40401,3-2,B6,386.5,263.7,30.4,0.298,0.1191,3,0.874,1,3,0.148,120.5,smooth_dendrite,0
F0660,40410,7-1,B3,766.6,151.4,26.6,1.32,0.3123,7,2.713,1,6,0.144,103.5,merged_object,1
F0661,40262,7-4,B4,715.6,461.3,32.1,0.374,0.0647,3,0.675,0,8,0.071,123.8,spiny_dendrite,0
F0662,40386,0-2,B5,30.8,241.1,69.5,0.35,0.049,4,4.34,0,3,0.148,125.9,smooth_dendrite,0
F0663,40354,1-7,B1,163.6,774.3,122.8,0.398,0.0265,4,2.189,3,1,0.027,108.7,axon,1
F0664,40106,1-2,B4,135.9,205.7,20.4,0.432,0.034,1,1.46,0,5,0.218,120.3,spiny_dendrite,0
F0665,40315,3-4,B4,313.7,463.4,12.7,0.937,0.022,4,2.997,1,4,0.167,128.0,spiny_dendrite,0
F0666,40477,1-0,B3,172.7,63.8,19.2,0.546,0.0798,3,0.643,1,4,0.113,116.6,smooth_dendrite,0
F0667,40429,6-1,B6,631.1,106.0,83.5,0.626,0.078,3,0.699,1,9,0.217,116.7,smooth_dendrite,0
F0668,40003,3-5,B2,391.2,507.5,30.7,0.343,0.0265,6,2.173,4,1,0.062,127.8,axon,0
F0669,40365,3-0,B1,317.8,56.8,25.6,1.248,0.0222,4,0.843,1,4,0.101,125.1,smooth_dendrite,0
F0670,40075,2-7,B1,249.2,762.8,58.7,0.079,0.0223,9,0.946,4,1,0.027,131.7,axon,0
F0671,40361,4-3,B4,417.2,391.3,12.8,0.202,0.0349,2,0.499,0,2,0.082,110.8,smooth_dendrite,0
F0672,40147,0-0,B4,30.4,13.1,39.5,0.398,0.0328,4,0.612,0,24,0.027,122.9,spiny_dendrite,0
F0673,40033,2-4,B1,280.1,485.4,20.7,0.601,0.0159,2,1.375,4,1,0.121,126.8,axon,0
F0674,40175,4-2,B3,476.6,274.2,26.1,0.415,0.0201,3,1.059,1,8,0.071,131.0,spiny_dendrite,0
F0675,40330,4-0,B4,422.2,33.5,15.2,0.696,0.037,7,1.775,1,9,0.123,128.6,spiny_dendrite,0
F0676,40490,2-4,B1,256.5,455.9,49.3,0.899,0.0295,3,0.583,0,3,0.23,117.5,smooth_dendrite,0
F0677,40104,0-6,B6,93.5,645.3,20.2,0.135,0.0056,4,1.669,3,2,0.041,121.5,axon,0
F0678,40215,2-3,B2,289.6,349.0,62.6,1.047,0.0766,3,0.4,1,3,0.11,122.2,spiny_dendrite,0
F0679,40263,7-4,B5,757.7,443.0,18.1,0.524,0.083,1,1.796,0,6,0.079,125.8,spiny_dendrite,0
F0680,40390,6-1,B4,605.4,120.3,121.4,0.625,0.0149,3,1.99,5,0,0.077,104.8,axon,0
F0681,40474,1-4,B4,178.6,477.9,29.9,0.299,0.0483,1,0.317,0,5,0.042,124.2,smooth_dendrite,0
F0682,40065,1-3,B5,136.1,382.9,34.5,2.129,0.1684,2,5.043,1,13,0.035,145.6,spiny_dendrite,0
F0683,40334,2-2,B3,294.7,268.6,64.0,0.276,0.0587,1,1.736,0,4,0.176,111.2,smooth_dendrite,0
F0684,40069,6-4,B3,636.3,473.0,22.8,0.173,0.0603,2,0.808,0,2,0.109,123.0,spiny_dendrite,0
F0685,40038,7-5,B2,793.5,574.4,23.1,0.46,0.0104,1,1.809,3,1,0.083,120.2,axon,0
F0686,40455,3-0,B5,346.0,1.1,37.3,0.154,0.0209,4,1.611,2,1,0.116,117.2,axon,0
F0687,40109,5-5,B2,511.3,550.2,15.0,1.312,0.015,2,0.409,2,5,0.074,111.6,spiny_dendrite,0
F0688,40045,6-4,B6,612.1,431.9,16.2,0.186,0.0153,4,1.438,1,1,0.049,118.8,axon,1
F0689,40427,0-1,B6,66.2,140.0,5.6,0.347,0.0153,3,1.564,2,2,0.231,141.5,smooth_dendrite,0
F0690,40269,7-0,B4,783.4,0.9,10.6,0.446,0.0322,2,0.452,1,8,0.22,140.5,spiny_dendrite,0
F0691,40352,1-6,B3,107.1,612.2,144.6,1.435,0.4212,3,3.247,5,5,0.136,115.9,merged_object,1
F0692,40592,1-7,B6,159.4,797.4,37.3,0.435,0.0502,3,0.769,1,0,0.052,117.7,glia_process,0
F0693,40212,7-4,B6,738.0,451.4,14.9,0.559,0.1303,4,1.195,1,8,0.193,128.5,spiny_dendrite,0
F0694,40259,3-4,B6,322.0,474.4,85.8,0.198,0.0172,2,0.502,3,1,0.051,124.3,axon,0
F0695,40315,3-4,B4,339.7,484.9,10.6,0.628,0.0359,2,2.249,1,3,0.159,126.7,spiny_dendrite,0
F0696,40036,5-1,B1,590.9,170.5,20.0,2.482,0.0976,4,0.639,1,3,0.192,78.5,spiny_dendrite,0
F0697,40573,3-0,B5,348.4,10.9,22.1,0.275,0.0514,3,0.7,0,1,0.026,122.4,glia_process,1
F0698,40540,1-0,B2,155.0,96.1,62.5,0.732,0.0638,3,1.686,0,0,0.029,119.9,glia_process,0
F0699,40586,2-0,B6,243.9,42.6,40.5,0.467,0.2138,2,1.315,0,0,0.09,125.0,glia_process,1
F0700,40528,0-3,B4,65.0,313.4,12.8,0.305,0.1261,2,1.024,1,0,0.024,114.8,glia_process,0
F0701,40437,1-1,B4,159.2,117.1,65.6,0.463,0.0471,5,0.788,1,3,0.068,130.2,smooth_dendrite,0
F0702,40531,2-6,B3,255.2,647.0,23.5,0.339,0.0422,4,1.055,0,0,0.015,112.5,glia_process,0
F0703,40129,6-1,B4,615.2,118.3,14.0,0.351,0.0861,8,1.547,2,0,0.053,114.9,axon,0
F0704,40222,4-3,B6,477.2,307.1,41.9,1.544,0.0333,5,0.513,1,3,0.032,106.8,spiny_dendrite,0
F0705,40059,2-5,B1,281.8,514.6,24.8,0.153,0.0299,3,1.249,5,1,0.116,115.5,axon,1
F0706,40139,0-0,B3,44.7,80.2,38.4,0.417,0.0077,1,3.333,4,1,0.058,122.2,axon,0
F0707,40090,0-6,B2,50.4,671.7,43.0,0.302,0.0323,2,0.407,3,6,0.076,124.3,spiny_dendrite,0
F0708,40361,4-3,B4,461.6,313.5,8.2,0.29,0.0512,3,0.268,0,3,0.066,109.8,smooth_dendrite,0
F0709,40012,0-6,B1,2.6,617.7,50.3,0.443,0.0426,6,0.44,0,15,0.084,132.3,spiny_dendrite,0
F0710,40372,0-4,B5,95.2,435.3,28.8,0.188,0.0174,2,3.732,0,4,0.21,127.2,smooth_dendrite,0
F0711,40237,4-4,B6,495.6,405.7,12.6,0.809,0.1069,2,0.901,1,2,0.058,129.4,spiny_dendrite,1
F0712,40227,0-7,B2,67.9,784.6,19.0,0.365,0.036,6,1.586,0,6,0.203,120.1,spiny_dendrite,1
F0713,40252,7-2,B3,791.2,212.8,43.6,0.697,0.0154,1,0.859,2,1,0.042,114.5,axon,0
F0714,40112,0-6,B4,83.4,646.1,19.7,1.584,0.0741,3,3.015,1,1,0.104,122.9,spiny_dendrite,0
F0715,40375,4-7,B6,499.7,722.9,24.8,0.349,0.0192,7,0.843,0,2,0.062,125.0,smooth_dendrite,0
F0716,40200,1-7,B3,126.0,714.2,65.9,0.867,0.1371,11,0.686,2,3,0.132,107.8,merged_object,1
F0717,40221,2-1,B3,221.5,113.4,69.8,1.881,0.0275,2,0.72,0,3,0.087,125.6,spiny_dendrite,0
F0718,40016,3-3,B5,349.1,373.4,17.9,1.268,0.1168,6,1.038,0,4,0.06,108.5,spiny_dendrite,0
F0719,40193,7-7,B3,798.3,738.1,22.2,1.062,0.0273,5,0.992,1,8,0.085,130.1,spiny_dendrite,0
F0720,40519,1-3,B6,111.9,362.2,57.5,0.491,0.0507,2,2.249,0,0,0.022,150.5,glia_process,0
F0721,40503,2-2,B6,213.1,258.1,11.9,0.953,0.1908,2,0.906,0,0,0.027,108.3,glia_process,1
F0722,40392,2-1,B2,207.5,178.8,54.5,0.328,0.024,2,0.421,1,18,0.081,125.9,smooth_dendrite,0
F0723,40012,0-6,B1,14.0,636.8,74.6,0.291,0.0311,6,0.372,1,2,0.062,131.9,axon,0
F0724,40238,3-7,B6,375.3,784.3,32.1,0.544,0.0808,3,0.444,0,8,0.052,137.9,spiny_dendrite,0
F0725,40355,5-2,B4,548.7,278.2,12.3,0.31,0.0876,1,0.762,0,11,0.026,123.6,smooth_dendrite,0
F0726,40564,7-1,B2,721.5,120.1,13.6,0.275,0.1201,5,0.889,1,0,0.025,100.8,glia_process,1
F0727,40596,7-7,B5,797.5,725.6,28.8,0.338,0.0227,3,1.028,0,1,0.024,130.6,glia_process,0
F0728,40400,5-5,B5,531.0,595.9,68.3,0.283,0.021,4,1.11,0,6,0.031,119.2,smooth_dendrite,0
F0729,40038,7-5,B2,742.7,509.2,25.5,0.44,0.0119,1,2.515,2,1,0.099,117.2,axon,0
F0730,40492,0-3,B6,43.0,329.5,19.3,0.465,0.1071,8,1.314,1,4,0.037,118.5,smooth_dendrite,0
F0731,40192,5-3,B6,509.7,367.0,44.2,0.383,0.014,3,2.004,1,0,0.037,112.5,axon,0
F0732,40541,4-7,B3,417.9,745.9,8.0,0.397,0.0243,2,0.501,2,0,0.063,125.2,glia_process,0
F0733,40396,6-2,B4,616.0,292.2,47.4,0.477,0.0253,4,2.184,1,3,0.111,115.5,smooth_dendrite,0
F0734,40584,6-0,B1,678.6,40.6,21.5,0.602,0.0342,3,2.75,0,0,0.073,110.7,glia_process,0
F0735,40589,7-1,B4,726.6,161.0,26.9,0.697,0.028,12,0.538,0,1,0.02,105.9,glia_process,0
F0736,40463,5-5,B3,518.0,562.4,38.2,0.414,0.0138,1,1.766,1,1,0.104,110.4,axon,0
F0737,40199,2-2,B2,267.9,268.6,14.2,0.315,0.0062,5,1.63,7,1,0.124,115.5,axon,1
F0738,40590,4-4,B1,404.1,491.1,20.7,0.45,0.2002,3,1.439,0,0,0.033,137.6,glia_process,0
F0739,40260,4-6,B5,448.9,634.5,49.5,0.313,0.0409,8,1.153,1,5,0.068,155.8,spiny_dendrite,0
F0740,40127,1-0,B4,146.1,59.6,194.2,0.244,0.0698,2,0.687,0,2,0.033,118.8,spiny_dendrite,0
F0741,40569,0-6,B4,36.1,661.3,11.6,0.63,0.1995,2,1.438,0,0,0.025,118.0,glia_process,1
F0742,40573,3-0,B5,322.9,35.1,17.2,0.348,0.0211,2,0.57,0,1,0.026,123.2,glia_process,0
F0743,40284,4-7,B3,467.4,796.9,17.0,0.48,0.0104,1,1.741,3,2,0.361,127.2,axon,0
F0744,40281,0-7,B2,9.1,785.2,31.9,0.457,0.0254,2,0.815,5,0,0.041,126.2,axon,0
F0745,40449,5-1,B1,517.9,129.1,26.9,0.756,0.2871,4,1.21,7,3,0.379,77.0,merged_object,1
F0746,40010,4-7,B6,468.3,725.0,10.1,0.885,0.2139,2,0.818,0,8,0.192,126.7,spiny_dendrite,1
F0747,40023,5-7,B4,516.4,763.0,35.8,0.329,0.0114,1,1.582,1,1,0.037,119.5,axon,0
F0748,40437,1-1,B4,157.5,134.7,55.5,0.749,0.0438,8,0.674,1,2,0.079,132.6,smooth_dendrite,0
F0749,40481,2-7,B3,252.7,707.2,22.6,0.361,0.0231,6,1.33,1,1,0.093,130.8,smooth_dendrite,0
F0750,40387,3-4,B4,340.8,406.7,36.5,0.684,0.0872,3,0.565,1,4,0.141,127.5,smooth_dendrite,0
F0751,40295,4-0,B4,420.4,81.9,48.0,0.408,0.0493,6,2.283,1,6,0.123,122.6,spiny_dendrite,0
F0752,40420,5-7,B2,500.0,712.2,40.7,1.07,0.0326,2,0.546,9,2,0.14,125.1,axon,0
F0753,40367,7-3,B1,771.3,307.8,46.9,0.536,0.0465,2,0.154,0,3,0.043,129.7,smooth_dendrite,0
F0754,40409,6-7,B5,647.9,737.7,17.2,0.239,0.0413,1,0.389,0,1,0.084,128.7,smooth_dendrite,0
F0755,40430,7-7,B2,758.1,733.8,100.8,0.246,0.0244,7,2.417,5,4,0.183,124.4,merged_object,1
F0756,40125,7-5,B4,766.4,554.9,71.0,0.908,0.0473,2,0.58,1,4,0.125,119.0,spiny_dendrite,1
F0757,40449,5-1,B1,538.1,145.0,28.5,0.794,0.0551,2,1.305,1,3,0.348,81.2,smooth_dendrite,0
F0758,40400,5-5,B5,547.5,548.5,67.3,0.221,0.0096,2,1.496,0,1,0.021,120.4,axon,0
F0759,40415,0-5,B5,15.6,543.9,115.3,0.584,0.0271,4,1.258,0,4,0.06,92.8,smooth_dendrite,0
F0760,40314,1-4,B3,130.2,448.6,75.4,0.495,0.0169,2,2.625,4,2,0.025,118.9,axon,0
F0761,40026,3-1,B6,350.2,177.5,91.5,0.257,0.0133,4,1.991,3,1,0.04,129.8,axon,0
F0762,40574,6-0,B2,689.0,95.7,16.5,0.565,0.4045,10,2.459,0,1,0.03,100.9,glia_process,0
F0763,40087,4-1,B1,470.0,176.0,83.9,0.935,0.0345,5,0.55,1,2,0.057,109.5,spiny_dendrite,0
F0764,40336,2-3,B2,268.6,340.1,75.5,0.378,0.0496,2,1.318,3,2,0.114,130.4,axon,0
F0765,40576,2-1,B5,267.1,157.2,91.6,0.965,0.0542,3,1.456,0,0,0.024,116.1,glia_process,0
F0766,40107,7-3,B5,723.0,343.2,71.5,1.544,0.0127,2,1.423,1,7,0.187,122.4,spiny_dendrite,0
F0767,40399,4-4,B6,436.8,451.0,20.1,0.143,0.0134,4,0.61,3,1,0.066,135.9,axon,0
F0768,40457,6-0,B5,608.0,11.4,37.9,0.732,0.0495,2,9.847,0,4,0.045,110.5,smooth_dendrite,1
F0769,40047,0-7,B2,73.7,795.4,21.4,2.058,0.089,5,0.96,0,6,0.329,131.1,spiny_dendrite,0
F0770,40563,2-3,B5,262.2,328.2,11.9,0.406,0.1005,2,0.823,1,0,0.01,130.7,glia_process,0
F0771,40042,0-4,B4,56.7,462.9,16.6,0.524,0.1084,5,1.688,1,4,0.056,117.7,spiny_dendrite,0
F0772,40511,3-2,B4,312.5,225.5,11.1,1.02,0.0308,3,1.848,1,1,0.135,122.6,glia_process,0
F0773,40452,3-0,B6,341.5,60.5,71.9,0.24,0.029,6,2.429,0,3,0.063,107.5,smooth_dendrite,0
F0774,40577,0-2,B4,93.3,263.6,8.1,1.114,0.0429,7,1.961,1,1,0.028,133.5,glia_process,1
F0775,40102,4-3,B1,401.3,375.3,63.1,0.115,0.0307,1,1.272,1,2,0.104,116.0,axon,0
F0776,40375,4-7,B6,474.8,714.2,23.4,0.455,0.022,2,0.678,1,2,0.108,128.5,smooth_dendrite,0
F0777,40259,3-4,B6,371.4,464.0,40.2,0.308,0.0411,1,0.732,6,0,0.056,124.4,axon,0
F0778,40139,0-0,B3,0.0,79.5,34.5,0.863,0.0263,1,2.113,1,8,0.132,121.9,spiny_dendrite,0
F0779,40455,3-0,B5,333.2,81.4,52.4,0.283,0.0562,4,1.518,0,2,0.081,118.6,smooth_dendrite,0
F0780,40434,1-5,B6,133.3,545.4,26.5,0.302,0.0127,1,2.161,3,3,0.041,110.7,axon,0
F0781,40039,0-6,B1,58.7,657.7,44.6,0.309,0.1142,2,0.839,0,7,0.219,122.0,spiny_dendrite,0
F0782,40151,6-5,B3,644.5,509.0,29.4,0.877,0.0698,4,0.617,1,14,0.049,127.3,spiny_dendrite,0
F0783,40164,2-2,B2,208.4,241.0,36.0,0.551,0.0482,4,3.223,0,28,0.046,111.9,spiny_dendrite,0
F0784,40379,4-3,B6,419.2,387.5,79.9,0.432,0.0164,3,1.313,4,2,0.03,114.5,axon,0
F0785,40234,2-6,B4,274.2,628.5,32.7,0.372,0.0185,2,5.415,1,1,0.051,103.6,axon,0
F0786,40280,4-4,B6,428.0,449.5,18.6,0.34,0.0101,1,0.745,5,1,0.019,129.6,axon,1
F0787,40462,0-5,B4,79.5,504.5,27.4,0.349,0.0415,2,0.937,7,4,0.035,96.0,axon,1
F0788,40362,2-5,B6,268.7,505.0,24.3,0.35,0.0075,1,0.652,3,1,0.138,119.7,axon,0
F0789,40054,2-0,B1,241.6,58.8,19.2,0.415,0.0579,3,0.887,1,10,0.066,124.7,spiny_dendrite,0
F0790,40342,5-6,B2,587.4,675.7,31.8,0.416,0.0305,2,2.928,3,1,0.189,136.4,axon,0
F0791,40313,7-6,B1,779.4,666.1,52.8,0.165,0.0582,7,2.608,4,2,0.108,113.0,axon,0
F0792,40089,0-5,B2,87.7,501.5,13.8,1.145,0.0526,2,0.583,1,17,0.019,94.7,spiny_dendrite,0
F0793,40540,1-0,B2,179.5,3.4,67.1,0.734,0.0857,3,2.879,0,0,0.029,119.6,glia_process,0
F0794,40581,3-0,B4,396.2,72.3,23.5,0.317,0.0885,6,2.393,0,1,0.041,122.5,glia_process,1
F0795,40317,1-2,B2,177.1,295.3,62.6,0.478,0.1051,3,1.432,1,2,0.07,116.5,spiny_dendrite,1
F0796,40575,5-4,B4,577.1,405.4,22.3,1.789,0.0766,3,0.895,1,0,0.024,134.0,glia_process,0
F0797,40548,7-6,B2,707.3,621.0,33.9,0.044,0.0518,3,2.9,0,0,0.022,105.0,glia_process,0
F0798,40181,1-6,B4,184.8,610.9,25.8,0.262,0.0141,3,2.953,4,1,0.102,121.2,axon,1
F0799,40153,3-0,B5,302.5,2.3,5.4,0.431,0.041,4,1.75,0,4,0.153,118.5,spiny_dendrite,1
F0800,40456,0-3,B5,21.5,320.3,18.6,0.99,0.0042,4,0.694,5,1,0.066,120.9,axon,0
F0801,40599,5-0,B6,574.5,81.5,27.0,0.16,0.103,2,0.8,0,0,0.051,128.7,glia_process,0
F0802,40483,5-0,B6,589.6,44.6,11.0,0.586,0.0033,11,0.518,3,2,0.053,110.4,axon,0
F0803,40023,5-7,B4,572.4,788.3,61.7,0.544,0.0528,5,1.814,1,5,0.029,120.0,merged_object,1
F0804,40512,0-0,B1,85.8,92.1,8.5,0.49,0.225,9,2.971,0,1,0.043,120.2,glia_process,0
F0805,40476,3-3,B3,310.8,340.8,18.2,0.668,0.0183,3,0.984,4,3,0.301,115.9,smooth_dendrite,0
F0806,40067,6-1,B5,667.1,186.0,43.6,0.285,0.0221,1,0.649,2,0,0.131,111.0,axon,0
F0807,40113,4-7,B1,491.6,728.8,25.5,0.766,0.1241,4,0.984,1,3,0.063,123.7,spiny_dendrite,1
F0808,40395,5-6,B4,575.3,667.0,47.1,0.509,0.0489,3,0.963,0,3,0.144,128.0,smooth_dendrite,0
F0809,40281,0-7,B2,61.1,724.1,34.4,0.678,0.0534,2,1.156,0,2,0.078,130.0,spiny_dendrite,0
F0810,40533,7-4,B6,719.2,433.8,22.1,0.385,0.0194,13,1.505,1,0,0.04,120.8,glia_process,0
F0811,40452,3-0,B6,399.8,2.6,84.8,0.231,0.0244,3,1.278,1,4,0.073,106.3,smooth_dendrite,0
F0812,40456,0-3,B5,23.6,370.7,22.1,0.77,0.0214,5,0.47,1,3,0.25,118.8,smooth_dendrite,0
F0813,40082,6-5,B6,609.7,506.6,47.9,1.773,0.0767,4,0.502,1,3,0.123,127.0,spiny_dendrite,0
F0814,40322,5-5,B2,588.5,592.4,12.8,0.607,0.0266,3,2.583,0,12,0.061,106.4,spiny_dendrite,0
F0815,40260,4-6,B5,438.1,616.6,114.6,0.388,0.1176,10,0.548,2,4,0.066,158.1,merged_object,1
F0816,40558,6-6,B1,678.6,611.2,33.2,0.718,0.0961,7,3.762,1,1,0.065,122.3,glia_process,0
F0817,40416,6-7,B1,659.2,763.4,49.8,3.506,0.0657,6,0.769,0,1,0.052,130.3,smooth_dendrite,0
F0818,40077,6-4,B5,612.8,420.4,129.4,1.319,0.0556,2,1.363,0,3,0.169,112.8,spiny_dendrite,0
F0819,40370,3-3,B3,381.7,325.1,120.2,0.684,0.03,14,1.797,0,2,0.47,104.6,smooth_dendrite,1
F0820,40498,7-5,B3,762.6,529.1,72.7,0.795,0.0185,8,2.803,2,6,0.045,120.6,smooth_dendrite,0
F0821,40457,6-0,B5,666.9,29.7,44.1,0.789,0.0515,2,3.688,0,7,0.037,109.9,smooth_dendrite,0
F0822,40543,1-5,B5,119.3,561.6,18.9,1.036,0.0277,2,0.942,0,1,0.035,105.5,glia_process,0
F0823,40031,3-1,B4,346.7,197.0,10.3,0.279,0.013,7,0.51,1,1,0.236,132.0,axon,0
F0824,40279,4-7,B6,451.8,781.1,8.2,0.662,0.0308,1,1.721,0,8,0.115,123.3,spiny_dendrite,0
F0825,40091,3-2,B6,393.0,247.5,47.4,0.365,0.033,1,1.804,1,12,0.031,122.1,spiny_dendrite,0
F0826,40271,2-5,B2,238.0,575.3,54.8,0.689,0.0163,2,0.855,5,1,0.068,113.9,axon,0
F0827,40217,7-1,B6,722.9,159.0,18.5,0.828,0.0655,2,0.695,0,7,0.134,95.4,spiny_dendrite,0
F0828,40020,2-1,B3,276.9,144.4,52.5,0.34,0.0588,1,0.65,0,3,0.179,129.8,spiny_dendrite,0
F0829,40280,4-4,B6,488.7,429.6,20.3,0.755,0.0245,1,0.529,5,0,0.026,128.5,axon,0
F0830,40368,5-0,B4,519.6,9.2,53.8,0.389,0.0218,6,0.229,1,3,0.055,115.3,smooth_dendrite,0
F0831,40578,2-0,B4,258.5,27.9,39.8,0.262,0.055,3,2.054,0,0,0.144,131.0,glia_process,0
F0832,40146,7-6,B3,766.5,617.2,16.4,1.239,0.0115,4,0.751,8,2,0.081,111.7,axon,0
F0833,40213,1-7,B5,148.2,766.4,70.1,0.707,0.0431,2,0.77,0,5,0.1,118.4,spiny_dendrite,0
F0834,40214,1-5,B6,133.6,520.9,45.6,0.687,0.0113,5,0.514,3,1,0.111,104.9,axon,0
F0835,40214,1-5,B6,148.1,500.9,28.2,0.422,0.0108,4,0.596,5,1,0.365,104.6,axon,0
F0836,40420,5-7,B2,566.7,789.1,34.1,1.304,0.0313,4,0.299,3,2,0.089,124.7,axon,0
F0837,40498,7-5,B3,705.6,579.7,137.0,0.272,0.0171,9,2.096,7,1,0.045,118.5,axon,1
F0838,40142,5-2,B4,512.1,275.1,21.2,0.321,0.0059,1,0.931,11,1,0.085,128.1,axon,0
F0839,40151,6-5,B3,626.8,530.9,44.0,0.352,0.0216,3,1.021,3,8,0.039,127.4,axon,0
F0840,40304,7-4,B3,770.7,457.3,75.6,0.59,0.0117,1,0.994,3,3,0.074,133.4,axon,1
F0841,40596,7-7,B5,714.6,766.3,29.9,0.336,0.0406,2,0.815,0,1,0.017,132.5,glia_process,0
F0842,40600,1-6,B3,171.0,621.8,5.7,0.736,0.0345,4,1.828,0,0,0.052,119.2,glia_process,0
F0843,40448,4-0,B4,496.8,85.7,28.5,0.3,0.0482,7,1.639,0,8,0.086,125.3,smooth_dendrite,0
F0844,40187,0-4,B1,46.5,498.5,56.7,0.661,0.0814,2,1.989,0,7,0.36,123.3,spiny_dendrite,0
F0845,40389,4-3,B1,412.8,337.7,6.8,0.209,0.0655,1,1.845,4,1,0.097,108.2,axon,0
F0846,40330,4-0,B4,460.9,73.7,14.6,0.382,0.0161,7,1.722,9,2,0.096,125.9,axon,0
F0847,40474,1-4,B4,198.4,485.3,102.0,0.349,0.0255,1,0.52,1,1,0.055,122.7,axon,0
F0848,40579,7-7,B5,764.4,711.5,21.4,0.56,0.0774,2,0.545,1,0,0.011,123.7,glia_process,1
F0849,40363,5-7,B3,503.8,783.9,9.7,0.225,0.0399,3,1.491,0,4,0.329,132.2,smooth_dendrite,0
F0850,40047,0-7,B2,71.1,740.8,26.5,0.775,0.0154,4,1.871,2,1,0.321,131.9,axon,0
F0851,40420,5-7,B2,536.8,782.8,53.2,2.402,0.0241,7,0.492,7,2,0.092,124.0,axon,0
F0852,40270,2-2,B3,262.4,298.4,12.8,1.053,0.0145,3,0.51,1,11,0.132,108.4,spiny_dendrite,1
F0853,40116,1-5,B1,122.1,557.0,77.8,0.611,0.0129,3,0.366,2,1,0.129,107.8,axon,0
F0854,40480,7-6,B1,763.2,680.5,32.3,2.715,0.0093,1,1.029,0,2,0.793,106.1,smooth_dendrite,1
F0855,40483,5-0,B6,545.2,50.1,17.9,0.883,0.0045,5,0.65,3,1,0.033,109.8,axon,0
F0856,40350,6-4,B5,604.6,470.8,17.1,1.722,0.0181,2,0.924,0,1,0.061,125.2,smooth_dendrite,0
F0857,40404,3-4,B3,393.5,495.3,33.6,0.326,0.0627,7,0.872,1,1,0.056,125.7,smooth_dendrite,0
F0858,40238,3-7,B6,353.1,754.1,61.0,0.658,0.1679,6,0.618,1,5,0.065,144.0,merged_object,1
F0859,40200,1-7,B3,186.8,771.4,73.3,0.337,0.0338,4,0.88,3,0,0.051,109.0,axon,1
F0860,40209,5-5,B3,599.6,533.5,40.4,0.529,0.0385,5,1.466,2,5,0.235,109.3,spiny_dendrite,0
F0861,40007,3-4,B5,398.9,449.2,25.7,0.395,0.0378,4,1.444,2,2,0.071,114.9,axon,0
F0862,40240,5-7,B3,594.0,791.0,10.4,0.389,0.0285,3,1.069,3,1,0.176,127.8,axon,0
F0863,40283,3-0,B6,347.8,52.4,19.2,1.275,0.031,3,3.058,1,8,0.031,121.9,spiny_dendrite,0
F0864,40580,0-5,B1,31.7,598.5,25.9,0.217,0.2036,4,1.63,0,0,0.048,86.3,glia_process,0
F0865,40034,0-6,B2,13.1,697.2,12.5,0.205,0.0482,2,3.651,1,5,0.325,122.7,spiny_dendrite,0
F0866,40214,1-5,B6,185.5,591.8,32.9,0.849,0.0435,4,0.366,1,7,0.17,106.8,spiny_dendrite,0
F0867,40374,7-0,B4,763.9,15.0,81.9,0.202,0.0283,5,0.76,3,3,0.097,144.3,axon,0
F0868,40077,6-4,B5,662.3,439.2,223.2,0.184,0.0294,1,1.376,1,1,0.076,111.5,axon,0
F0869,40484,0-1,B2,10.2,185.1,32.5,0.549,0.0145,8,4.557,2,3,0.053,151.1,axon,1
F0870,40597,7-5,B2,705.5,524.6,26.6,0.289,0.3331,4,0.774,1,0,0.067,113.9,glia_process,1
F0871,40120,4-5,B3,443.1,554.1,10.3,0.566,0.0824,1,1.832,0,1,0.081,121.1,spiny_dendrite,0
F0872,40249,5-1,B2,501.3,149.5,135.6,0.102,0.0099,1,0.894,10,3,0.06,84.3,axon,0
F0873,40464,6-6,B6,601.9,690.3,16.5,0.214,0.1217,6,0.677,0,4,0.19,126.5,smooth_dendrite,0
F0874,40198,4-2,B3,446.0,250.7,60.3,0.605,0.0165,4,0.719,3,1,0.021,127.6,axon,0
F0875,40067,6-1,B5,682.7,179.8,31.4,0.551,0.0537,1,0.464,1,3,0.143,111.8,spiny_dendrite,0
F0876,40075,2-7,B1,251.0,736.0,98.6,0.206,0.0554,10,0.851,1,2,0.019,128.9,spiny_dendrite,0
F0877,40541,4-7,B3,417.7,791.0,17.9,0.392,0.0392,3,0.615,13,3,0.087,122.5,merged_object,1
F0878,40415,0-5,B5,85.5,537.3,87.1,0.704,0.0381,3,0.941,0,3,0.038,92.6,smooth_dendrite,0
F0879,40535,7-4,B3,723.5,449.1,51.9,0.453,0.104,1,1.505,1,1,0.093,128.1,glia_process,0
F0880,40420,5-7,B2,511.2,775.5,26.4,1.218,0.0506,3,0.41,5,2,0.168,124.7,axon,1
F0881,40368,5-0,B4,554.1,73.9,46.4,0.766,0.0214,6,0.254,0,2,0.055,115.0,smooth_dendrite,0
F0882,40101,2-2,B3,281.7,206.5,25.0,0.184,0.006,3,0.831,2,2,0.028,110.9,axon,0
F0883,40371,6-4,B6,604.0,438.3,179.3,0.722,0.0412,1,0.512,1,8,0.071,124.6,smooth_dendrite,0
F0884,40316,1-4,B5,119.8,442.0,53.6,0.15,0.0182,10,0.685,10,1,0.06,121.9,axon,0
F0885,40062,6-0,B5,652.7,10.7,92.4,0.73,0.0345,1,0.64,3,1,0.042,114.7,axon,0
F0886,40561,0-5,B6,88.4,521.9,38.5,1.793,0.1702,3,1.207,0,1,0.041,92.1,glia_process,0
F0887,40545,6-6,B2,638.2,631.4,18.3,0.424,0.0733,2,1.441,0,0,0.018,124.0,glia_process,1
F0888,40369,1-5,B2,143.8,569.0,12.4,1.274,0.0513,3,1.081,1,2,0.225,112.5,smooth_dendrite,0
F0889,40277,7-1,B2,715.5,164.7,30.9,0.406,0.0323,5,0.465,1,4,0.061,104.6,spiny_dendrite,0
F0890,40096,3-2,B1,311.9,256.1,95.2,0.494,0.0318,2,1.371,10,0,0.09,124.9,axon,0
F0891,40123,6-3,B5,698.2,377.0,14.2,0.424,0.0257,3,1.781,1,1,0.143,101.3,axon,0
F0892,40358,4-6,B6,469.9,666.8,31.7,0.437,0.0163,7,3.413,0,5,0.071,139.5,smooth_dendrite,1
F0893,40243,0-4,B6,94.8,494.6,94.7,0.557,0.0249,1,1.4,0,1,0.285,119.0,spiny_dendrite,1
F0894,40371,6-4,B6,677.4,467.6,188.5,0.907,0.0422,1,0.692,1,11,0.131,122.0,smooth_dendrite,0
F0895,40202,0-7,B4,81.8,752.6,11.7,0.552,0.0565,3,0.366,4,0,0.068,121.0,axon,1
F0896,40075,2-7,B1,245.2,793.7,98.3,0.096,0.0187,12,0.939,4,1,0.021,129.8,axon,0
F0897,40089,0-5,B2,53.3,523.3,14.9,0.534,0.0124,1,0.682,3,5,0.038,95.2,axon,0
F0898,40600,1-6,B3,117.5,606.0,5.8,0.774,0.0337,2,1.261,1,0,0.115,119.9,glia_process,0
F0899,40274,6-4,B6,617.8,446.6,31.7,0.342,0.0714,3,1.047,2,1,0.061,111.6,axon,0
F0900,40358,4-6,B6,485.6,605.8,66.8,0.368,0.0091,4,2.995,2,1,0.028,140.9,axon,0
F0901,40324,5-5,B2,548.8,568.2,23.9,0.266,0.0394,4,1.932,2,1,0.031,115.6,axon,0
F0902,40310,4-2,B1,447.6,211.6,37.9,0.388,0.3949,12,0.477,6,6,0.097,134.7,merged_object,1
F0903,40066,3-0,B4,334.5,20.0,17.0,0.223,0.0052,2,1.819,2,3,0.057,117.9,axon,0
F0904,40151,6-5,B3,627.1,520.9,69.3,0.2,0.0229,2,1.02,4,3,0.052,127.2,axon,1
F0905,40177,6-5,B6,635.8,533.2,20.4,1.63,0.0858,6,1.076,1,15,0.07,128.0,spiny_dendrite,0
F0906,40485,2-0,B3,290.5,38.1,74.3,0.369,0.0813,3,0.99,1,1,0.049,136.0,smooth_dendrite,0
F0907,40356,3-3,B1,394.9,388.9,23.8,0.557,0.0419,1,2.687,1,1,0.138,109.8,axon,0
F0908,40455,3-0,B5,311.6,40.7,24.6,0.271,0.0437,3,1.823,0,1,0.153,118.4,smooth_dendrite,0
F0909,40590,4-4,B1,440.9,485.7,19.3,0.529,0.1334,3,1.285,0,0,0.035,138.5,glia_process,0
F0910,40443,6-0,B6,641.3,96.1,14.2,0.664,0.0146,11,1.314,1,8,0.038,109.3,smooth_dendrite,0
F0911,40040,2-2,B5,257.8,296.8,27.8,0.272,0.0945,1,0.772,1,4,0.044,109.4,spiny_dendrite,0
F0912,40514,5-1,B4,528.8,156.2,17.4,0.216,0.1287,1,0.92,0,0,0.021,79.9,glia_process,0
F0913,40265,0-6,B6,28.9,639.5,34.2,0.592,0.0417,1,0.37,1,2,0.09,128.3,spiny_dendrite,0
F0914,40244,4-4,B2,446.7,407.3,4.7,0.089,0.0151,2,1.004,5,5,0.059,129.7,axon,0
F0915,40294,4-5,B1,447.7,511.8,51.7,0.251,0.041,2,1.543,1,6,0.184,116.5,spiny_dendrite,0
F0916,40105,7-7,B1,767.6,716.8,39.4,0.454,0.0499,8,2.083,5,4,0.054,123.7,merged_object,1
F0917,40289,6-4,B1,626.5,417.1,13.6,1.658,0.0137,10,1.575,0,2,0.071,108.9,spiny_dendrite,0
F0918,40061,6-2,B6,677.8,215.9,198.6,0.273,0.05,1,0.945,3,0,0.179,124.2,axon,1
F0919,40212,7-4,B6,729.9,479.3,6.2,0.284,0.0642,5,1.241,1,9,0.161,126.1,spiny_dendrite,0
F0920,40281,0-7,B2,13.5,708.3,18.0,0.361,0.0454,3,0.65,3,0,0.035,130.6,axon,0
F0921,40237,4-4,B6,439.5,455.7,14.0,0.88,0.0597,2,0.847,1,3,0.071,129.4,spiny_dendrite,1
F0922,40560,1-2,B3,174.1,246.8,46.0,0.356,0.1013,4,1.201,0,1,0.025,109.8,glia_process,0
F0923,40140,4-1,B1,453.1,191.8,10.9,0.278,0.0215,1,0.751,3,0,0.047,106.2,axon,1
F0924,40321,3-7,B4,398.8,700.3,56.5,1.439,0.0185,3,0.995,2,1,0.135,145.2,axon,0
F0925,40398,1-7,B1,126.5,783.2,16.7,0.382,0.0361,2,0.929,1,1,0.082,109.9,axon,0
F0926,40502,4-4,B3,480.8,403.3,10.1,0.313,0.1345,4,1.579,1,1,0.047,131.4,glia_process,1
F0927,40102,4-3,B1,497.3,379.4,79.1,0.165,0.0344,1,0.568,1,1,0.057,113.7,axon,1
F0928,40400,5-5,B5,557.0,588.8,146.6,0.531,0.0443,8,2.413,0,5,0.031,117.7,merged_object,1
F0929,40046,6-6,B1,643.3,604.5,38.5,0.488,0.0092,1,0.685,3,2,0.067,125.0,axon,0
F0930,40586,2-0,B6,226.6,72.0,17.1,0.691,0.2271,1,0.736,0,1,0.093,124.6,glia_process,0
F0931,40071,5-4,B3,563.0,431.9,75.1,0.143,0.0904,3,3.694,0,2,0.083,136.5,spiny_dendrite,0
F0932,40226,7-7,B5,734.9,731.9,67.0,0.201,0.01,2,0.447,1,1,0.026,124.7,axon,0
F0933,40149,1-1,B5,112.8,186.9,17.5,0.376,0.0387,2,0.168,2,12,0.14,128.2,spiny_dendrite,0
F0934,40035,0-6,B4,18.6,697.6,24.6,8.375,0.0592,2,0.708,1,5,0.132,124.4,spiny_dendrite,0
F0935,40032,7-7,B1,732.5,704.1,89.6,1.525,0.1584,3,1.03,0,7,0.224,121.1,spiny_dendrite,0
F0936,40100,2-6,B3,293.4,612.1,11.8,0.266,0.0256,2,1.099,3,1,0.071,104.6,axon,0
F0937,40205,2-6,B5,203.7,656.7,39.3,0.155,0.2007,14,1.165,1,6,0.066,105.9,merged_object,1
F0938,40225,3-7,B1,368.7,709.0,11.1,0.393,0.022,2,1.041,8,1,0.123,143.1,axon,0
F0939,40185,0-1,B1,13.2,103.6,32.6,1.367,0.0241,5,0.863,1,6,0.051,134.5,spiny_dendrite,0
F0940,40148,6-7,B4,692.2,719.1,26.6,0.339,0.014,0,0.601,0,1,0.072,133.2,axon,1
F0941,40319,0-7,B3,99.7,792.3,23.1,0.611,0.0216,2,0.728,0,7,0.125,124.5,spiny_dendrite,0
F0942,40078,5-0,B2,543.7,60.3,113.3,0.907,0.005,3,0.582,1,1,0.08,108.5,axon,0
F0943,40177,6-5,B6,678.6,542.4,14.4,1.435,0.1068,4,2.36,1,11,0.088,130.3,spiny_dendrite,0
F0944,40249,5-1,B2,584.0,190.2,120.2,0.215,0.0417,2,1.283,1,6,0.067,84.0,spiny_dendrite,1
F0945,40394,5-6,B5,569.5,611.3,31.0,3.169,0.0102,2,1.899,0,5,0.156,135.3,smooth_dendrite,0
F0946,40154,2-7,B2,288.1,775.2,24.7,0.25,0.0179,7,0.362,3,1,0.077,129.7,axon,0
F0947,40309,6-1,B4,652.9,121.2,59.1,0.29,0.0061,1,3.802,6,1,0.062,110.2,axon,1
F0948,40088,4-6,B5,461.0,630.0,11.4,0.97,0.0538,3,0.508,1,3,0.067,141.7,spiny_dendrite,0
F0949,40203,6-4,B2,624.4,429.0,14.3,0.979,0.1489,7,0.62,0,4,0.073,126.1,spiny_dendrite,0
F0950,40349,1-6,B3,179.9,686.8,53.2,0.25,0.0081,2,1.2,4,4,0.056,125.2,axon,0
F0951,40533,7-4,B6,732.1,469.2,25.6,0.404,0.0261,16,1.751,0,0,0.031,122.9,glia_process,1
F0952,40202,0-7,B4,24.1,775.9,16.0,0.562,0.1031,2,0.358,0,5,0.096,117.9,spiny_dendrite,0
F0953,40135,2-1,B3,274.3,181.4,44.9,0.446,0.0076,4,4.403,3,1,0.04,120.6,axon,0
F0954,40474,1-4,B4,117.1,442.0,48.7,0.489,0.0607,2,0.459,0,5,0.041,122.0,smooth_dendrite,0
F0955,40055,4-0,B6,460.8,4.6,64.1,0.211,0.0124,4,2.542,9,1,0.096,124.6,axon,0
F0956,40110,0-5,B1,25.9,557.4,19.9,0.391,0.0213,3,0.546,2,3,0.05,94.3,axon,1
F0957,40106,1-2,B4,105.7,245.5,27.9,0.214,0.01,2,2.555,3,2,0.199,120.8,axon,0
F0958,40298,3-0,B2,389.2,72.9,18.9,0.673,0.0332,3,1.06,0,3,0.17,118.1,spiny_dendrite,0
F0959,40394,5-6,B5,588.7,608.1,63.7,3.886,0.0091,2,2.184,0,4,0.128,132.0,smooth_dendrite,0
F0960,40596,7-7,B5,745.9,724.0,40.5,0.323,0.073,2,1.501,0,0,0.021,131.1,glia_process,1
F0961,40174,2-3,B6,252.8,358.8,51.6,0.457,0.0056,1,0.454,8,1,0.058,127.0,axon,1
F0962,40001,0-3,B1,85.2,380.1,11.6,0.131,0.0305,6,0.656,1,11,0.078,117.7,spiny_dendrite,0
F0963,40540,1-0,B2,120.0,28.5,58.4,0.931,0.1498,2,3.497,0,0,0.047,120.2,glia_process,1
F0964,40187,0-4,B1,84.5,434.3,51.3,0.737,0.0253,3,0.747,4,2,0.21,123.6,axon,0
F0965,40041,2-5,B1,216.6,524.8,32.6,1.325,0.0415,6,1.993,3,2,0.06,119.0,axon,0
F0966,40134,2-3,B2,287.1,303.4,35.3,1.033,0.0501,5,2.87,1,11,0.012,122.2,spiny_dendrite,0
F0967,40380,1-3,B4,185.6,396.0,48.5,0.246,0.0336,3,4.154,6,1,0.067,147.4,axon,0
F0968,40338,4-2,B4,405.2,218.2,18.9,0.138,0.0308,2,1.351,5,1,0.061,133.0,axon,0
F0969,40376,7-6,B2,780.3,605.2,21.6,0.105,0.0316,4,0.852,0,2,0.076,114.9,smooth_dendrite,0
F0970,40337,1-0,B3,144.1,53.5,34.4,0.339,0.059,2,1.481,0,5,0.163,121.9,smooth_dendrite,0
F0971,40253,3-1,B1,302.5,159.0,25.8,0.261,0.0142,3,1.295,1,2,0.167,128.7,axon,0
F0972,40054,2-0,B1,201.4,74.9,17.8,0.916,0.0388,3,1.353,1,18,0.088,121.5,spiny_dendrite,1
F0973,40167,3-5,B2,364.2,558.5,34.3,0.818,0.0212,10,1.228,1,0,0.102,133.9,axon,1
F0974,40394,5-6,B5,541.0,623.4,37.1,2.341,0.0116,2,1.482,3,1,0.086,134.3,axon,1
F0975,40301,0-5,B2,56.2,590.9,17.9,0.249,0.0719,1,0.302,1,1,0.067,97.7,axon,1
F0976,40235,5-5,B6,580.7,557.6,16.3,2.921,0.0761,3,0.308,1,4,0.116,113.5,spiny_dendrite,1
F0977,40116,1-5,B1,147.7,550.8,53.6,0.576,0.0147,3,0.334,4,1,0.222,110.4,axon,0
F0978,40307,3-0,B3,345.9,91.4,77.2,0.36,0.0739,3,0.587,6,0,0.086,120.6,axon,0
F0979,40578,2-0,B4,211.4,15.9,24.6,0.214,0.0709,4,2.527,0,0,0.117,134.4,glia_process,1
F0980,40301,0-5,B2,69.6,572.8,17.5,0.638,0.0813,1,0.47,1,2,0.034,99.3,axon,0
F0981,40377,7-1,B2,729.8,147.5,15.3,0.724,0.0201,4,0.403,1,10,0.048,96.0,smooth_dendrite,0
F0982,40423,6-7,B3,664.2,714.7,35.4,0.239,0.0332,1,0.879,4,1,0.085,135.8,axon,0
F0983,40020,2-1,B3,225.8,168.6,60.2,0.304,0.021,2,1.255,3,0,0.086,127.9,axon,0
F0984,40518,2-3,B4,258.6,306.3,14.9,0.25,0.3514,3,0.791,0,0,0.019,130.4,glia_process,0
F0985,40424,4-5,B4,427.9,518.7,68.1,0.309,0.044,1,0.772,1,0,0.044,122.7,axon,0
F0986,40011,7-3,B3,795.6,323.0,48.2,0.237,0.146,6,1.914,1,2,0.146,116.4,spiny_dendrite,0
F0987,40069,6-4,B3,609.9,479.6,34.7,0.403,0.0532,2,0.552,0,3,0.163,124.6,spiny_dendrite,1
F0988,40385,2-3,B1,224.6,346.8,13.9,0.43,0.0319,2,1.132,0,4,0.091,129.0,smooth_dendrite,0
F0989,40155,4-7,B5,432.4,706.4,31.6,0.569,0.081,2,1.87,0,6,0.053,120.3,spiny_dendrite,1
F0990,40115,2-7,B4,239.9,726.0,17.4,0.472,0.0219,3,0.402,7,1,0.131,134.2,axon,1
F0991,40335,1-6,B3,126.0,622.5,34.9,0.359,0.0569,4,1.564,15,0,0.072,123.8,axon,1
F0992,40301,0-5,B2,2.8,537.4,8.6,0.866,0.1817,2,0.424,0,8,0.123,98.8,spiny_dendrite,0
F0993,40182,7-3,B1,706.3,303.2,33.6,0.462,0.019,2,3.519,7,1,0.066,118.0,axon,0
F0994,40383,7-1,B5,766.2,139.3,46.3,0.283,0.007,3,1.817,4,1,0.092,95.6,axon,0
F0995,40189,1-0,B3,152.0,75.5,27.5,2.012,0.0641,5,1.798,0,2,0.107,111.9,spiny_dendrite,1
F0996,40487,0-2,B2,58.2,290.0,28.1,0.695,0.0127,1,1.38,2,1,0.139,128.5,axon,0
F0997,40080,3-2,B4,372.5,289.3,40.1,0.667,0.0576,3,1.288,1,7,0.053,117.0,spiny_dendrite,0
F0998,40307,3-0,B3,310.9,1.5,57.2,0.513,0.1345,4,0.616,1,2,0.088,122.1,spiny_dendrite,0
F0999,40217,7-1,B6,733.6,178.8,32.0,0.97,0.0206,1,0.892,2,2,0.059,95.5,axon,0
F1000,40446,3-0,B3,361.0,39.9,30.4,0.267,0.017,5,1.578,1,11,0.089,113.1,smooth_dendrite,0
F1001,40184,7-0,B5,724.4,25.7,11.0,0.85,0.1125,1,0.843,1,3,0.063,143.8,spiny_dendrite,0
F1002,40437,1-1,B4,143.7,198.8,83.2,0.695,0.0286,6,0.603,1,3,0.056,133.2,smooth_dendrite,0
F1003,40424,4-5,B4,463.0,569.3,47.7,0.606,0.0659,1,0.999,0,2,0.157,121.7,smooth_dendrite,1
F1004,40344,2-2,B2,256.8,277.7,9.5,0.42,0.072,1,4.662,0,3,0.058,109.6,smooth_dendrite,0
F1005,40544,0-2,B3,62.5,230.4,41.6,0.382,0.0403,3,2.665,0,1,0.107,119.8,glia_process,1
F1006,40414,2-4,B1,232.7,406.8,66.6,0.909,0.024,4,0.843,4,1,0.017,132.1,axon,0
F1007,40042,0-4,B4,20.6,453.2,25.5,0.283,0.0891,8,1.564,1,3,0.052,116.0,spiny_dendrite,0
F1008,40081,5-1,B3,524.1,101.7,73.2,1.003,0.1127,3,1.432,1,7,0.109,71.8,spiny_dendrite,0
F1009,40255,1-2,B3,103.3,286.0,8.7,0.277,0.168,8,2.215,1,2,0.044,121.6,spiny_dendrite,0
F1010,40083,1-5,B5,107.8,509.1,13.4,0.414,0.0181,2,0.796,1,2,0.104,103.0,axon,0
F1011,40323,7-5,B6,731.5,583.0,18.1,0.605,0.187,2,1.662,1,5,0.088,122.2,spiny_dendrite,0
F1012,40472,0-3,B6,19.4,334.7,5.3,0.632,0.0361,7,0.578,1,2,0.046,113.1,smooth_dendrite,0
F1013,40391,6-5,B1,605.9,579.1,10.7,0.357,0.0728,2,1.991,0,6,0.097,127.2,smooth_dendrite,1
F1014,40130,4-1,B3,477.1,178.5,54.9,0.737,0.0206,3,0.991,2,2,0.084,111.8,axon,0
F1015,40595,3-7,B1,328.0,732.8,121.2,0.665,0.0468,4,0.749,0,1,0.057,142.3,glia_process,0
F1016,40484,0-1,B2,25.1,164.6,22.8,2.078,0.0358,11,4.29,0,11,0.116,150.9,smooth_dendrite,1
F1017,40309,6-1,B4,681.7,169.8,99.4,0.458,0.0364,1,3.683,1,6,0.057,111.2,spiny_dendrite,0
F1018,40489,4-6,B5,472.5,635.2,11.8,0.146,0.1377,1,2.405,1,7,0.178,143.6,smooth_dendrite,0
F1019,40111,7-0,B6,717.1,4.2,19.1,0.418,0.0223,3,0.744,21,1,0.031,148.1,axon,1
F1020,40395,5-6,B4,531.9,651.0,56.7,0.171,0.0151,2,0.888,3,0,0.217,130.8,axon,0
F1021,40290,5-6,B5,537.5,670.4,90.2,0.523,0.0498,4,0.571,0,5,0.151,133.3,spiny_dendrite,0
F1022,40131,3-5,B5,375.4,507.3,24.0,0.343,0.2454,1,1.383,1,7,0.159,127.5,spiny_dendrite,1
F1023,40518,2-3,B4,257.6,347.5,12.1,0.281,0.6093,7,0.756,1,0,0.01,131.8,glia_process,0
F1024,40137,7-5,B6,761.1,538.9,13.3,0.32,0.0169,4,4.189,0,3,0.081,118.6,spiny_dendrite,1
F1025,40178,2-2,B6,202.8,215.0,32.3,1.273,0.0357,2,5.926,0,13,0.079,109.0,spiny_dendrite,0
F1026,40395,5-6,B4,530.6,625.7,33.6,0.473,0.0409,2,0.793,0,3,0.17,129.2,smooth_dendrite,0
F1027,40272,6-6,B4,649.3,666.2,26.3,0.43,0.0161,2,2.086,2,1,0.05,123.2,axon,1
F1028,40290,5-6,B5,594.4,652.6,61.7,0.226,0.0179,3,0.402,1,1,0.21,132.2,axon,0
F1029,40029,3-3,B2,307.6,321.2,20.1,0.103,0.0276,4,0.192,1,2,0.055,116.3,axon,0
F1030,40094,2-3,B5,270.6,385.3,14.9,0.237,0.011,1,1.529,1,6,0.142,128.8,spiny_dendrite,1
F1031,40436,6-2,B1,639.2,296.5,47.5,0.245,0.0354,10,4.092,1,2,0.154,126.1,smooth_dendrite,1
F1032,40009,0-0,B4,70.7,16.0,17.1,0.07,0.0793,3,1.007,8,3,0.048,131.3,axon,0
F1033,40009,0-0,B4,86.7,0.2,27.3,0.079,0.0429,2,1.096,12,3,0.047,129.8,axon,0
F1034,40410,7-1,B3,793.5,160.0,7.3,0.832,0.1041,3,2.549,0,7,0.169,100.0,smooth_dendrite,0
F1035,40319,0-7,B3,93.9,758.6,21.9,0.402,0.005,1,0.837,2,1,0.115,122.1,axon,0
F1036,40271,2-5,B2,205.7,547.9,66.5,0.625,0.014,1,0.911,2,1,0.051,116.3,axon,0
F1037,40461,0-6,B2,96.5,654.4,33.3,0.691,0.0518,2,2.506,0,4,0.366,128.7,smooth_dendrite,0
F1038,40189,1-0,B3,151.0,20.5,32.8,0.695,0.0298,5,1.443,3,1,0.104,114.6,axon,0
F1039,40212,7-4,B6,756.1,455.3,11.6,0.265,0.0401,6,1.762,5,2,0.134,128.3,axon,0
F1040,40464,6-6,B6,628.7,605.2,20.0,0.345,0.069,10,0.772,1,2,0.225,125.4,smooth_dendrite,1
F1041,40072,7-5,B1,729.2,594.0,10.2,0.47,0.0462,2,2.121,1,13,0.261,108.3,spiny_dendrite,1
F1042,40306,3-3,B3,349.7,342.4,62.6,0.176,0.0865,4,0.989,2,4,0.098,101.5,spiny_dendrite,0
F1043,40458,7-3,B3,704.6,380.9,11.4,0.6,0.07,1,1.835,0,4,0.111,114.4,smooth_dendrite,0
F1044,40466,3-0,B1,361.9,31.0,43.9,1.33,0.0909,1,0.739,0,0,0.126,126.2,smooth_dendrite,1
F1045,40220,5-3,B5,513.2,318.0,30.4,1.141,0.1434,5,1.569,0,3,0.069,116.7,spiny_dendrite,0
F1046,40489,4-6,B5,471.7,647.6,17.5,0.1,0.0551,3,2.154,2,3,0.057,145.9,axon,0
F1047,40543,1-5,B5,177.2,512.1,28.8,0.572,0.0539,2,1.384,0,1,0.042,103.6,glia_process,0
F1048,40364,6-5,B2,605.4,507.4,12.9,0.525,0.0329,1,0.875,0,4,0.081,134.1,smooth_dendrite,0
F1049,40087,4-1,B1,496.1,147.1,95.5,0.518,0.018,5,1.276,4,0,0.027,111.3,axon,0
F1050,40287,1-6,B5,121.2,617.9,92.6,2.153,0.0256,4,3.706,2,2,0.085,120.5,axon,0
F1051,40201,4-3,B4,491.9,331.9,52.8,0.356,0.0071,6,1.465,8,1,0.027,102.8,axon,0
F1052,40287,1-6,B5,166.3,611.9,50.8,2.057,0.0169,3,3.707,2,1,0.142,118.0,axon,0
F1053,40321,3-7,B4,322.8,737.3,36.4,0.93,0.0147,2,1.146,5,1,0.051,144.3,axon,0
F1054,40437,1-1,B4,177.8,195.3,90.9,0.216,0.009,3,0.461,4,1,0.025,134.3,axon,0
F1055,40386,0-2,B5,50.8,245.0,61.8,0.342,0.03,3,1.432,0,4,0.197,126.6,smooth_dendrite,0
F1056,40163,6-2,B2,699.2,275.0,42.7,0.503,0.0067,1,1.504,12,1,0.047,116.0,axon,0
F1057,40305,5-7,B5,505.4,753.2,22.8,0.836,0.0491,9,0.897,1,6,0.19,133.1,spiny_dendrite,0
F1058,40395,5-6,B4,577.2,694.6,34.2,0.201,0.0288,2,0.75,5,1,0.187,127.7,axon,0
F1059,40271,2-5,B2,221.1,578.8,87.8,0.771,0.0121,2,0.522,5,1,0.068,113.5,axon,0
F1060,40035,0-6,B4,82.5,621.0,58.7,1.14,0.0222,1,0.627,2,1,0.178,125.7,axon,1
F1061,40149,1-1,B5,103.2,116.7,19.3,0.199,0.0616,2,0.294,1,9,0.26,127.7,spiny_dendrite,1
F1062,40547,0-4,B5,61.6,440.3,17.5,0.505,0.1439,5,3.084,0,0,0.017,129.9,glia_process,1
F1063,40532,7-6,B6,793.2,672.4,31.0,0.321,0.1605,1,1.129,0,1,0.027,116.6,glia_process,0
F1064,40401,3-2,B6,365.4,256.2,33.9,0.09,0.0454,2,1.194,7,1,0.105,121.2,axon,0
F1065,40005,5-0,B2,581.1,50.2,50.0,0.194,0.0477,1,1.207,4,1,0.127,116.4,axon,0
F1066,40393,1-3,B6,124.3,353.2,48.2,0.392,0.0248,2,1.512,2,3,0.105,154.4,axon,0
F1067,40339,5-2,B2,501.3,272.8,47.6,1.809,0.0512,11,0.564,1,4,0.114,110.5,smooth_dendrite,0
F1068,40333,6-1,B2,686.0,167.2,47.5,0.211,0.0322,1,1.574,2,0,0.032,113.7,axon,0
F1069,40494,3-7,B1,377.5,739.3,85.4,0.466,0.0413,4,2.407,1,1,0.051,142.0,axon,0
F1070,40263,7-4,B5,763.5,407.0,33.1,0.958,0.2746,2,1.609,1,6,0.059,127.0,merged_object,1
F1071,40401,3-2,B6,392.4,234.9,51.4,0.255,0.1073,5,0.968,2,2,0.235,121.3,smooth_dendrite,0
F1072,40080,3-2,B4,394.3,250.1,60.3,0.4,0.0615,2,1.016,0,5,0.032,118.2,spiny_dendrite,0
F1073,40519,1-3,B6,130.1,396.0,53.1,0.984,0.0346,3,2.621,0,0,0.029,149.5,glia_process,1
F1074,40483,5-0,B6,573.4,41.6,18.7,1.393,0.009,5,0.613,0,4,0.04,110.4,smooth_dendrite,0
F1075,40548,7-6,B2,786.1,614.5,63.9,0.046,0.1237,4,2.151,0,1,0.04,105.4,glia_process,0
F1076,40186,7-6,B5,734.3,608.0,14.0,0.138,0.0141,2,2.331,8,1,0.118,109.9,axon,0
F1077,40177,6-5,B6,612.9,524.1,21.3,1.226,0.0916,4,2.578,0,15,0.119,131.6,spiny_dendrite,0
F1078,40137,7-5,B6,736.0,516.9,25.9,0.312,0.0093,3,2.128,5,1,0.052,117.9,axon,0
F1079,40201,4-3,B4,413.6,320.0,54.4,0.528,0.0078,6,1.834,3,1,0.03,104.3,axon,1
F1080,40052,7-2,B1,739.4,290.6,47.0,0.337,0.0351,1,2.251,3,1,0.066,120.5,axon,1
F1081,40365,3-0,B1,376.2,34.0,17.2,1.042,0.0335,2,0.403,1,4,0.084,124.9,smooth_dendrite,0
F1082,40491,7-2,B5,736.2,226.6,118.9,1.359,0.4673,4,0.388,1,4,0.029,125.4,merged_object,1
F1083,40234,2-6,B4,279.9,610.2,22.3,0.387,0.0398,2,4.898,2,1,0.059,107.3,axon,0
F1084,40469,1-1,B3,143.0,164.7,91.3,1.052,0.041,2,2.553,0,4,0.179,128.4,smooth_dendrite,0
F1085,40361,4-3,B4,472.3,393.3,26.4,0.213,0.0137,1,0.419,2,1,0.045,109.8,axon,0
F1086,40094,2-3,B5,228.9,371.4,44.1,0.102,0.0118,1,0.784,3,2,0.085,124.0,axon,0
F1087,40063,6-5,B2,633.4,597.0,20.3,0.58,0.0285,9,0.331,0,27,0.116,128.4,spiny_dendrite,0
F1088,40017,2-4,B3,237.9,428.8,33.9,1.681,0.007,1,0.624,1,1,0.049,114.7,axon,1
F1089,40244,4-4,B2,449.4,444.7,8.6,0.216,0.0482,2,1.054,1,7,0.058,129.5,spiny_dendrite,0
F1090,40105,7-7,B1,729.8,748.0,14.0,0.396,0.0197,3,1.279,1,6,0.047,123.1,spiny_dendrite,0
F1091,40236,1-2,B1,135.5,249.3,62.1,0.53,0.0953,2,0.898,0,2,0.132,113.4,spiny_dendrite,0
F1092,40142,5-2,B4,589.5,225.4,27.9,0.401,0.0241,4,0.539,1,8,0.091,127.7,spiny_dendrite,0
F1093,40272,6-6,B4,602.8,678.2,18.5,0.246,0.0105,1,3.775,1,1,0.059,121.8,axon,0
F1094,40561,0-5,B6,3.5,581.0,28.9,1.991,0.1274,2,1.592,0,1,0.048,92.3,glia_process,0
F1095,40288,7-5,B2,762.8,555.9,34.7,1.419,0.0882,5,1.766,0,4,0.17,119.9,spiny_dendrite,0
F1096,40291,3-6,B3,379.8,681.3,37.6,0.535,0.1387,5,2.123,1,4,0.072,141.0,spiny_dendrite,0
F1097,40488,5-1,B1,597.4,143.2,13.1,0.789,0.0174,5,4.475,0,3,0.175,85.5,smooth_dendrite,0
F1098,40587,5-7,B1,582.8,783.2,13.8,0.418,0.2563,12,0.896,0,0,0.075,125.0,glia_process,1
F1099,40446,3-0,B3,380.9,12.7,50.9,0.311,0.0197,2,1.028,1,11,0.139,114.8,smooth_dendrite,0
F1100,40477,1-0,B3,101.7,45.3,25.3,0.435,0.0194,4,1.325,6,2,0.082,115.4,axon,0
F1101,40440,6-3,B2,692.5,374.7,21.0,0.154,0.1023,8,1.519,1,8,0.188,103.8,smooth_dendrite,0
F1102,40067,6-1,B5,686.8,173.0,35.2,0.43,0.0645,1,0.39,1,3,0.282,111.7,spiny_dendrite,0
F1103,40243,0-4,B6,36.9,403.7,81.8,1.394,0.0241,2,1.72,0,1,0.191,121.3,spiny_dendrite,0
F1104,40460,2-0,B6,280.5,84.7,19.4,0.163,0.0445,5,7.587,0,4,0.184,129.2,smooth_dendrite,0
F1105,40373,5-5,B3,512.8,533.9,18.1,0.45,0.0441,1,1.156,0,1,0.151,110.3,smooth_dendrite,1
F1106,40414,2-4,B1,222.4,469.8,50.7,1.649,0.0889,5,0.581,1,4,0.045,131.4,smooth_dendrite,0
F1107,40115,2-7,B4,231.6,768.3,25.5,0.347,0.0284,3,0.384,6,1,0.078,137.7,axon,0
F1108,40111,7-0,B6,726.5,2.8,24.4,0.439,0.0216,3,0.811,21,1,0.05,150.6,axon,0
F1109,40105,7-7,B1,783.4,759.1,22.4,0.211,0.0176,2,4.596,5,1,0.033,123.3,axon,1
F1110,40446,3-0,B3,373.5,82.9,54.1,0.21,0.011,2,1.171,4,2,0.083,115.7,axon,0
F1111,40144,6-5,B5,674.2,528.7,21.3,0.515,0.0571,2,0.564,1,4,0.113,125.1,spiny_dendrite,0
F1112,40547,0-4,B5,53.6,435.5,20.6,0.427,0.1063,5,2.237,0,1,0.023,129.1,glia_process,1
F1113,40357,6-0,B1,628.7,25.1,67.3,0.257,0.0324,3,2.296,0,2,0.097,109.9,smooth_dendrite,0
F1114,40115,2-7,B4,224.3,725.9,16.2,0.463,0.0596,3,0.835,1,4,0.174,136.1,spiny_dendrite,0
F1115,40590,4-4,B1,466.2,482.9,23.1,0.445,0.0583,3,1.057,0,0,0.06,136.8,glia_process,0
F1116,40504,5-0,B4,593.6,96.2,19.9,0.406,0.0378,9,1.29,1,0,0.064,119.4,glia_process,0
F1117,40363,5-7,B3,597.8,722.2,6.9,0.453,0.0487,3,0.663,1,2,0.416,132.4,smooth_dendrite,0
F1118,40422,3-2,B1,374.7,248.5,47.2,0.297,0.0156,3,1.032,5,1,0.076,113.3,axon,0
F1119,40056,5-3,B5,515.0,368.4,22.7,1.922,0.0406,2,1.271,0,6,0.349,114.9,spiny_dendrite,0
F1120,40396,6-2,B4,631.1,258.4,40.7,0.361,0.0123,5,2.267,1,4,0.108,115.1,smooth_dendrite,0
F1121,40097,7-1,B3,717.0,189.7,71.6,0.3,0.0641,3,2.736,1,2,0.089,99.6,spiny_dendrite,0
F1122,40229,5-6,B5,538.0,624.3,20.8,0.453,0.0073,4,1.091,0,3,0.113,134.3,spiny_dendrite,0
F1123,40343,4-4,B4,402.3,408.7,41.1,0.181,0.0157,3,1.484,2,1,0.028,130.6,axon,0
F1124,40436,6-2,B1,643.9,219.1,68.7,0.175,0.0156,5,2.713,4,1,0.108,125.1,axon,0
F1125,40568,4-1,B3,421.0,130.5,19.3,0.347,0.3544,2,3.059,0,1,0.067,110.6,glia_process,0
F1126,40207,5-6,B4,579.3,619.2,16.9,0.242,0.0697,2,0.445,0,5,0.104,131.7,spiny_dendrite,0
F1127,40058,3-6,B6,357.4,640.8,82.3,0.146,0.1163,6,1.084,2,2,0.101,140.8,axon,0
F1128,40232,4-5,B2,495.8,557.1,34.8,0.426,0.0139,2,0.824,1,1,0.156,127.8,axon,1
F1129,40460,2-0,B6,265.5,22.4,44.6,0.504,0.0261,6,15.745,5,1,0.106,128.2,axon,0
F1130,40326,7-2,B4,789.1,249.2,16.2,0.455,0.0943,14,0.497,1,12,0.151,120.7,spiny_dendrite,0
F1131,40268,1-5,B1,130.2,571.8,36.9,0.147,0.1611,7,1.017,1,5,0.215,107.6,spiny_dendrite,0
F1132,40006,7-6,B4,775.7,662.0,11.9,2.421,0.0288,1,1.07,1,5,0.065,107.6,spiny_dendrite,0
F1133,40318,6-7,B1,648.5,770.9,32.7,0.444,0.1375,7,0.255,1,4,0.09,128.0,spiny_dendrite,0
F1134,40384,5-4,B4,553.0,406.4,28.2,0.627,0.027,3,0.623,6,1,0.034,125.0,axon,1
F1135,40281,0-7,B2,2.6,724.0,38.9,0.782,0.02,1,0.911,4,0,0.028,124.3,axon,0
F1136,40015,4-0,B3,460.7,52.2,49.6,0.406,0.0542,8,0.115,4,0,0.038,124.1,axon,0
F1137,40263,7-4,B5,731.8,444.4,24.1,0.888,0.0897,1,2.278,0,6,0.076,125.9,spiny_dendrite,0
F1138,40082,6-5,B6,637.7,599.2,50.3,0.801,0.0188,2,0.762,5,1,0.144,126.8,axon,0
F1139,40129,6-1,B4,687.2,143.4,23.7,0.191,0.071,5,1.435,3,0,0.036,114.7,axon,1
F1140,40303,2-7,B2,287.6,723.8,30.9,0.249,0.0179,2,1.035,4,0,0.114,129.7,axon,0
F1141,40465,7-5,B1,700.3,551.1,38.2,0.311,0.0477,3,1.379,0,11,0.207,107.9,smooth_dendrite,1
F1142,40506,7-7,B4,763.8,787.9,66.9,0.333,0.0612,5,1.603,0,1,0.055,121.7,glia_process,0
F1143,40199,2-2,B2,216.3,256.7,25.5,0.405,0.0231,8,1.695,1,5,0.097,117.2,spiny_dendrite,1
F1144,40454,6-1,B2,646.4,186.0,4.6,2.911,0.0203,2,1.207,0,2,0.263,112.8,smooth_dendrite,0
F1145,40452,3-0,B6,319.5,6.4,37.6,0.246,0.0201,3,2.345,0,2,0.167,103.2,smooth_dendrite,0
F1146,40573,3-0,B5,354.2,17.6,33.9,0.381,0.036,2,0.945,0,1,0.021,123.3,glia_process,0
F1147,40173,5-2,B6,582.0,275.7,65.3,0.498,0.0197,1,1.365,3,1,0.051,115.2,axon,0
F1148,40289,6-4,B1,658.2,432.1,15.4,1.287,0.0309,7,1.364,0,4,0.055,112.3,spiny_dendrite,0
F1149,40479,4-7,B3,402.0,712.7,14.4,0.442,0.047,1,1.501,1,9,0.228,123.3,smooth_dendrite,1
F1150,40041,2-5,B1,282.5,577.6,28.3,0.835,0.037,4,1.405,3,2,0.053,116.7,axon,0
F1151,40045,6-4,B6,660.8,418.7,12.4,0.209,0.0531,3,1.318,0,3,0.046,121.3,spiny_dendrite,0
F1152,40212,7-4,B6,743.2,458.8,9.8,0.347,0.0549,4,0.763,1,12,0.184,125.9,spiny_dendrite,0
F1153,40032,7-7,B1,784.8,793.0,105.2,0.998,0.0392,2,0.549,3,1,0.141,121.5,axon,0
F1154,40325,5-5,B5,505.0,504.4,69.3,1.052,0.0691,20,1.333,1,7,0.216,117.5,spiny_dendrite,0
F1155,40459,3-5,B4,399.9,556.7,113.2,0.145,0.0121,2,2.494,9,0,0.06,130.5,axon,1
F1156,40454,6-1,B2,664.7,157.4,5.1,3.623,0.0146,4,0.731,0,3,0.144,112.8,smooth_dendrite,0
F1157,40097,7-1,B3,774.3,129.2,48.9,0.378,0.0516,2,4.296,0,2,0.053,97.3,spiny_dendrite,0
F1158,40125,7-5,B4,794.1,538.4,91.0,0.665,0.0172,1,0.417,4,1,0.078,117.0,axon,1
F1159,40487,0-2,B2,62.6,209.0,22.9,1.201,0.0147,1,1.505,2,1,0.135,126.9,axon,1
F1160,40183,6-4,B5,684.3,473.7,27.3,0.263,0.0219,4,3.05,1,2,0.165,119.1,axon,1
F1161,40378,6-1,B6,636.8,121.0,15.0,0.664,0.0603,5,0.301,0,6,0.29,115.7,smooth_dendrite,0
F1162,40386,0-2,B5,81.4,274.8,61.4,0.111,0.0364,2,2.203,6,0,0.141,125.2,axon,0
F1163,40431,0-5,B4,14.8,510.8,13.0,0.171,0.0767,3,0.339,1,6,0.325,87.0,smooth_dendrite,1
F1164,40277,7-1,B2,762.5,182.0,13.2,0.239,0.0269,4,0.632,3,0,0.064,104.8,axon,0
F1165,40141,4-2,B2,477.6,265.1,18.2,0.712,0.0162,2,2.733,3,1,0.041,134.3,axon,0
F1166,40449,5-1,B1,565.0,137.5,24.5,0.799,0.2111,3,1.062,4,3,0.254,79.0,merged_object,1
F1167,40533,7-4,B6,777.1,439.8,18.8,0.316,0.0153,10,1.341,1,0,0.024,118.6,glia_process,0
F1168,40463,5-5,B3,546.2,516.0,25.3,0.412,0.0594,4,1.119,0,3,0.099,114.5,smooth_dendrite,0
F1169,40263,7-4,B5,799.8,463.8,45.2,0.19,0.0448,1,1.356,0,1,0.06,123.2,axon,0
F1170,40350,6-4,B5,656.9,494.1,17.1,1.285,0.0059,2,1.69,2,0,0.032,125.8,axon,0
F1171,40542,5-3,B3,566.4,319.4,59.0,0.622,0.1278,2,0.865,3,2,0.049,114.4,merged_object,1
F1172,40098,0-6,B5,68.8,661.7,11.9,0.522,0.1072,1,4.593,1,2,0.132,131.3,spiny_dendrite,0
F1173,40012,0-6,B1,3.6,661.7,57.5,0.685,0.0394,6,0.651,0,15,0.091,130.5,spiny_dendrite,1
F1174,40007,3-4,B5,388.9,412.7,46.0,0.809,0.0963,7,1.124,0,7,0.129,114.9,spiny_dendrite,0
F1175,40082,6-5,B6,600.0,548.1,72.1,0.999,0.0458,3,0.795,1,4,0.106,127.5,spiny_dendrite,0
F1176,40214,1-5,B6,155.7,536.4,29.7,0.598,0.0248,8,0.446,0,3,0.414,106.0,spiny_dendrite,0
F1177,40134,2-3,B2,225.1,352.8,75.1,0.468,0.0153,2,4.48,4,1,0.034,121.6,axon,1
F1178,40041,2-5,B1,298.3,595.0,47.3,0.965,0.0346,3,1.039,3,1,0.041,118.0,axon,0
F1179,40092,6-2,B6,610.7,278.7,9.8,1.628,0.0789,3,0.371,0,4,0.058,106.6,spiny_dendrite,0
F1180,40006,7-6,B4,758.0,691.9,32.3,0.798,0.01,1,0.871,3,1,0.058,109.2,axon,0
F1181,40257,7-0,B2,794.2,86.4,21.0,1.744,0.043,2,0.24,0,13,0.092,148.5,spiny_dendrite,0
F1182,40347,5-1,B6,594.8,111.7,43.1,0.189,0.0195,2,2.349,1,2,0.158,79.6,axon,0
F1183,40019,5-0,B5,593.9,37.0,89.8,0.818,0.0212,6,1.92,1,6,0.107,122.7,spiny_dendrite,0
F1184,40016,3-3,B5,387.7,381.7,17.4,0.562,0.0505,5,1.559,1,1,0.073,109.6,axon,0
F1185,40392,2-1,B2,261.5,193.6,53.8,0.56,0.018,1,0.461,1,10,0.096,120.3,smooth_dendrite,1
F1186,40235,5-5,B6,582.0,597.2,15.5,0.933,0.029,1,0.467,6,0,0.086,116.6,axon,1
F1187,40124,1-4,B3,124.9,455.1,28.2,0.678,0.2046,3,0.595,1,5,0.173,119.9,spiny_dendrite,1
F1188,40571,7-0,B3,709.7,6.8,39.8,0.32,0.2498,3,7.557,1,3,0.096,147.1,merged_object,1
F1189,40473,0-1,B2,21.0,192.0,10.3,0.242,0.033,5,1.274,4,0,0.071,140.7,axon,1
F1190,40584,6-0,B1,610.9,64.9,14.8,0.486,0.022,4,2.28,0,1,0.084,111.8,glia_process,0
F1191,40093,3-6,B6,312.4,639.2,41.8,1.002,0.013,7,0.43,3,1,0.077,134.9,axon,0
F1192,40478,5-2,B2,545.3,232.6,90.2,0.657,0.0192,4,2.029,5,1,0.045,117.6,axon,0
F1193,40428,4-3,B2,443.4,337.8,24.0,0.264,0.1794,3,4.97,0,2,0.059,119.7,smooth_dendrite,0
F1194,40091,3-2,B6,311.1,239.9,41.0,0.343,0.0108,1,2.855,3,4,0.045,119.3,axon,1
F1195,40019,5-0,B5,561.9,21.5,118.8,0.493,0.0079,6,1.858,10,1,0.153,125.6,axon,0
F1196,40315,3-4,B4,325.6,406.1,13.3,0.735,0.0264,6,3.635,1,4,0.175,128.5,spiny_dendrite,0
F1197,40421,1-0,B4,129.3,42.9,23.4,0.356,0.0387,1,0.637,0,5,0.048,127.5,smooth_dendrite,0
F1198,40360,4-0,B4,437.4,55.1,15.5,0.88,0.0164,3,0.86,2,4,0.282,122.0,smooth_dendrite,0
F1199,40307,3-0,B3,373.1,14.3,67.4,0.324,0.0844,2,0.482,4,0,0.092,120.0,axon,0
F1200,40286,5-0,B1,511.0,76.0,18.3,1.719,0.0118,2,1.854,2,0,0.04,121.8,axon,0
F1201,40320,1-1,B4,119.4,167.3,69.4,0.236,0.0164,7,1.222,6,2,0.051,129.0,axon,1
F1202,40353,6-0,B4,635.4,70.9,31.1,0.748,0.0111,4,0.809,0,3,0.777,108.6,smooth_dendrite,0
F1203,40268,1-5,B1,122.9,513.1,59.7,0.142,0.1268,5,0.848,1,6,0.069,109.9,spiny_dendrite,0
F1204,40382,6-0,B1,662.5,73.5,40.9,0.923,0.0256,3,1.819,0,5,0.127,114.5,smooth_dendrite,0
F1205,40342,5-6,B2,547.8,613.9,32.1,0.338,0.0204,3,2.163,3,2,0.23,133.0,axon,0
F1206,40045,6-4,B6,679.2,453.5,27.1,0.158,0.0225,3,2.499,2,1,0.079,117.3,axon,0
F1207,40083,1-5,B5,182.1,506.5,17.8,1.192,0.041,2,0.71,0,15,0.258,101.1,spiny_dendrite,0
F1208,40053,7-3,B4,711.0,346.2,25.0,0.964,0.2336,3,1.111,0,6,0.073,122.7,spiny_dendrite,0
F1209,40373,5-5,B3,588.6,512.3,20.2,0.147,0.0287,1,0.993,2,1,0.092,108.2,axon,1
F1210,40337,1-0,B3,176.9,29.8,33.5,0.37,0.0219,1,1.657,1,2,0.083,123.3,axon,1
F1211,40404,3-4,B3,324.7,426.2,63.4,0.166,0.0296,3,0.561,6,1,0.038,125.6,axon,1
F1212,40277,7-1,B2,732.7,102.9,8.8,0.184,0.015,4,0.682,3,1,0.045,103.8,axon,0
F1213,40153,3-0,B5,363.9,19.3,6.2,0.367,0.0503,2,4.092,0,5,0.109,116.3,spiny_dendrite,0
F1214,40084,3-3,B6,329.8,320.8,12.3,0.339,0.0185,2,0.507,3,0,0.453,115.0,axon,1
F1215,40114,4-0,B2,483.0,64.4,26.3,1.111,0.0133,1,3.702,5,2,0.108,128.3,axon,0
F1216,40449,5-1,B1,588.9,198.3,18.0,0.481,0.0371,2,1.487,9,1,0.334,78.6,axon,0
F1217,40320,1-1,B4,153.6,155.3,133.5,0.154,0.0133,11,1.653,8,2,0.106,132.1,axon,0
F1218,40082,6-5,B6,681.2,518.0,23.4,1.37,0.0195,3,0.738,1,4,0.181,124.0,spiny_dendrite,0
F1219,40480,7-6,B1,772.8,683.3,26.9,2.124,0.0152,1,0.754,0,3,0.272,111.4,smooth_dendrite,0
F1220,40386,0-2,B5,85.6,205.8,40.9,0.459,0.0468,3,3.573,0,3,0.139,128.5,smooth_dendrite,0
F1221,40288,7-5,B2,750.7,557.7,38.1,1.646,0.0236,4,2.447,2,2,0.124,119.1,axon,0
F1222,40298,3-0,B2,303.9,83.2,22.0,0.728,0.025,2,1.337,1,3,0.112,118.7,spiny_dendrite,0
F1223,40365,3-0,B1,371.6,54.2,19.2,1.224,0.0371,3,0.559,1,4,0.086,125.3,smooth_dendrite,0
F1224,40569,0-6,B4,50.2,655.4,9.6,0.594,0.1848,2,2.04,0,0,0.03,114.5,glia_process,0
F1225,40002,5-6,B5,578.1,638.4,15.7,0.417,0.0331,10,2.019,2,4,0.174,126.4,spiny_dendrite,0
F1226,40457,6-0,B5,600.4,18.5,45.5,0.757,0.0525,4,9.244,0,9,0.04,107.8,smooth_dendrite,0
F1227,40220,5-3,B5,559.2,366.2,30.4,0.76,0.063,3,1.343,4,1,0.094,121.9,axon,0
F1228,40058,3-6,B6,393.7,620.8,61.6,0.381,0.1177,6,1.03,0,17,0.069,143.3,spiny_dendrite,0
F1229,40332,5-4,B2,583.6,431.3,16.1,1.43,0.054,2,1.957,0,8,0.219,128.3,smooth_dendrite,0
F1230,40188,5-2,B4,578.1,281.2,35.2,0.698,0.0228,3,1.076,1,1,0.028,116.5,axon,1
F1231,40059,2-5,B1,271.7,598.4,28.6,0.251,0.0294,4,1.073,6,0,0.239,116.1,axon,0
F1232,40103,1-3,B3,187.8,316.4,31.7,0.245,0.0216,8,0.807,4,1,0.053,156.6,axon,0
F1233,40433,5-6,B6,590.8,627.7,39.6,0.717,0.023,3,1.935,0,6,0.167,126.8,smooth_dendrite,0
F1234,40260,4-6,B5,456.2,676.6,31.7,0.216,0.1029,7,0.577,0,4,0.105,156.1,spiny_dendrite,0
F1235,40188,5-2,B4,518.8,218.6,42.2,1.868,0.1077,3,1.032,0,6,0.066,119.4,spiny_dendrite,0
F1236,40280,4-4,B6,476.9,420.2,10.4,0.37,0.0192,1,0.495,7,1,0.036,130.6,axon,0
F1237,40333,6-1,B2,666.9,107.5,35.0,0.517,0.0444,2,1.39,0,3,0.047,111.3,smooth_dendrite,0
F1238,40282,6-0,B4,615.7,88.2,44.9,0.743,0.2004,5,4.751,1,3,0.099,106.2,spiny_dendrite,0
F1239,40395,5-6,B4,524.7,639.5,25.9,0.429,0.0564,3,1.055,0,2,0.294,129.5,smooth_dendrite,0
F1240,40080,3-2,B4,332.9,246.5,38.9,0.683,0.0755,3,1.046,0,8,0.028,115.8,spiny_dendrite,0
F1241,40317,1-2,B2,127.1,210.7,32.1,0.835,0.1738,3,0.908,1,3,0.051,113.8,spiny_dendrite,0
F1242,40262,7-4,B4,705.4,427.9,34.0,0.445,0.0756,1,0.835,0,6,0.109,125.7,spiny_dendrite,0
F1243,40469,1-1,B3,162.0,169.0,73.8,0.933,0.0337,4,2.215,0,3,0.155,128.2,smooth_dendrite,0
F1244,40531,2-6,B3,201.4,627.4,52.5,0.515,0.0182,6,1.121,0,1,0.016,111.2,glia_process,0
F1245,40449,5-1,B1,553.8,129.7,20.6,0.764,0.0333,2,0.674,10,2,0.367,77.1,axon,1
F1246,40207,5-6,B4,589.7,698.9,19.9,0.141,0.057,4,0.7,2,1,0.058,131.7,axon,0
F1247,40471,3-1,B1,345.2,118.1,40.2,0.29,0.014,2,2.454,1,1,0.036,123.7,axon,0
F1248,40543,1-5,B5,152.6,535.3,26.6,1.317,0.0677,2,1.213,0,0,0.041,108.2,glia_process,0
F1249,40520,7-1,B5,707.8,111.8,42.5,0.544,0.1246,4,1.067,0,0,0.046,107.0,glia_process,0
F1250,40395,5-6,B4,598.0,698.9,38.6,0.189,0.0239,2,0.644,3,1,0.138,130.3,axon,0
F1251,40278,7-6,B4,794.4,614.8,117.8,0.212,0.0297,2,2.262,3,1,0.036,113.7,axon,0
F1252,40142,5-2,B4,593.0,295.4,20.9,0.337,0.0075,2,0.465,6,1,0.124,131.0,axon,0
F1253,40583,5-0,B6,539.7,66.1,102.0,0.135,0.0453,3,1.167,0,1,0.058,118.2,glia_process,0
F1254,40433,5-6,B6,583.4,691.5,78.8,0.494,0.1106,10,2.58,2,4,0.117,125.8,merged_object,1
F1255,40193,7-7,B3,715.1,706.6,27.8,0.68,0.017,8,0.792,1,11,0.116,134.0,spiny_dendrite,0
F1256,40314,1-4,B3,191.6,407.5,41.9,0.254,0.0227,2,3.685,1,8,0.031,119.1,spiny_dendrite,0
F1257,40104,0-6,B6,17.6,629.8,24.3,0.719,0.0267,5,3.424,1,7,0.061,119.3,spiny_dendrite,0
F1258,40146,7-6,B3,791.6,669.7,12.5,2.482,0.0282,3,0.531,0,14,0.091,112.3,spiny_dendrite,0
F1259,40196,2-0,B6,201.5,30.1,30.0,0.419,0.0603,9,1.133,0,8,0.216,129.0,spiny_dendrite,0
F1260,40490,2-4,B1,248.7,465.1,23.5,0.926,0.0902,5,1.111,0,2,0.134,119.1,smooth_dendrite,0
F1261,40113,4-7,B1,491.3,710.3,25.1,0.592,0.1668,5,1.366,0,3,0.063,120.9,spiny_dendrite,0
F1262,40298,3-0,B2,336.8,78.0,41.9,0.517,0.0328,1,1.458,1,5,0.144,120.2,spiny_dendrite,0
F1263,40304,7-4,B3,790.0,440.8,49.6,0.4,0.0076,1,1.333,8,4,0.151,134.4,axon,1
F1264,40510,6-1,B3,667.8,182.9,14.3,0.43,0.0485,13,0.834,0,1,0.025,116.4,glia_process,0
F1265,40019,5-0,B5,571.2,70.9,73.9,0.794,0.0183,4,2.619,1,5,0.123,124.1,spiny_dendrite,0
F1266,40317,1-2,B2,173.6,292.2,91.6,0.833,0.3266,4,0.623,1,4,0.107,117.3,spiny_dendrite,1
F1267,40226,7-7,B5,729.4,740.6,31.5,0.232,0.0091,2,0.388,1,0,0.012,123.7,axon,0
F1268,40342,5-6,B2,599.6,684.7,40.8,0.387,0.0309,3,1.752,3,2,0.171,132.8,axon,0
F1269,40286,5-0,B1,530.2,51.9,32.7,2.715,0.0375,3,2.507,0,3,0.11,120.8,spiny_dendrite,0
F1270,40217,7-1,B6,759.4,181.0,43.6,0.724,0.0259,1,0.645,1,1,0.163,98.5,axon,0
F1271,40197,4-2,B1,489.9,247.6,50.2,1.538,0.0684,4,1.508,0,2,0.052,125.9,spiny_dendrite,1
F1272,40027,2-6,B1,262.1,605.3,46.7,0.388,0.0079,8,0.595,2,1,0.043,115.7,axon,0
F1273,40443,6-0,B6,636.2,95.9,35.5,0.387,0.0043,6,0.795,4,2,0.041,109.9,axon,1
F1274,40087,4-1,B1,413.5,176.2,94.1,1.249,0.0407,7,0.852,1,1,0.057,111.9,spiny_dendrite,0
F1275,40356,3-3,B1,317.3,321.1,17.1,0.82,0.0531,2,2.858,0,5,0.227,111.3,smooth_dendrite,0
F1276,40574,6-0,B2,645.7,97.4,20.0,0.726,0.2228,15,2.023,0,1,0.047,102.0,glia_process,1
F1277,40272,6-6,B4,601.4,692.9,19.0,0.475,0.0502,3,3.21,0,5,0.064,120.1,spiny_dendrite,1
F1278,40587,5-7,B1,591.8,749.4,17.6,0.321,0.4101,11,2.057,0,0,0.05,129.6,glia_process,0
F1279,40143,2-7,B3,279.8,779.9,78.3,0.383,0.1088,3,0.826,0,5,0.115,126.4,spiny_dendrite,1
F1280,40437,1-1,B4,109.1,195.9,73.3,0.32,0.0393,5,0.69,1,3,0.067,134.5,smooth_dendrite,0
F1281,40536,1-3,B3,137.7,314.3,25.8,0.471,0.0439,7,0.834,0,1,0.067,147.2,glia_process,0
F1282,40067,6-1,B5,658.8,171.6,70.5,0.287,0.0187,1,0.65,4,1,0.131,109.8,axon,1
F1283,40594,1-3,B5,183.6,306.9,22.8,0.56,0.3307,4,1.506,1,1,0.057,148.7,glia_process,0
F1284,40487,0-2,B2,87.5,249.5,20.0,1.338,0.0148,1,1.158,1,1,0.224,127.8,axon,0
F1285,40403,4-2,B1,431.6,255.0,43.2,0.862,0.0635,2,0.585,1,2,0.865,132.1,smooth_dendrite,0
F1286,40468,3-7,B1,373.6,744.0,152.7,0.386,0.0116,2,3.394,0,1,0.309,137.3,smooth_dendrite,0
F1287,40240,5-7,B3,510.5,702.6,19.9,1.185,0.0646,3,1.295,0,4,0.277,129.1,spiny_dendrite,0
F1288,40528,0-3,B4,87.1,385.5,25.2,0.312,0.0918,2,0.9,1,0,0.028,113.6,glia_process,0
F1289,40155,4-7,B5,488.6,760.5,27.8,0.834,0.1159,3,1.823,1,7,0.057,122.3,spiny_dendrite,0
F1290,40492,0-3,B6,44.8,341.2,17.5,0.165,0.0342,8,1.349,2,1,0.036,117.1,axon,0
F1291,40136,4-7,B1,456.5,715.5,17.3,0.642,0.0395,7,1.121,5,0,0.162,122.2,axon,0
F1292,40302,5-6,B6,586.0,658.6,52.5,0.445,0.0141,1,0.926,1,2,0.111,130.8,axon,0
F1293,40242,5-2,B5,569.0,216.4,15.2,0.664,0.0549,9,0.632,1,6,0.092,124.2,spiny_dendrite,0
F1294,40490,2-4,B1,263.9,473.4,29.8,1.343,0.0826,2,1.481,0,4,0.164,120.1,smooth_dendrite,0
F1295,40204,4-3,B5,404.3,361.5,93.7,0.785,0.0055,1,0.702,3,1,0.068,106.7,axon,0
F1296,40076,7-5,B6,722.4,541.0,50.3,0.883,0.1005,3,1.447,0,16,0.116,116.6,spiny_dendrite,1
F1297,40519,1-3,B6,134.6,341.6,62.3,1.048,0.0448,2,1.588,0,0,0.028,149.3,glia_process,0
F1298,40599,5-0,B6,507.4,17.6,42.7,0.197,0.0429,2,1.384,1,0,0.039,126.8,glia_process,0
F1299,40073,4-2,B2,425.6,210.4,17.8,0.221,0.0156,3,0.756,2,1,0.086,136.2,axon,0
F1300,40553,5-5,B2,585.0,560.6,11.2,0.894,0.3005,6,1.429,1,2,0.026,106.9,glia_process,1
F1301,40305,5-7,B5,562.1,792.1,14.8,0.529,0.0209,7,1.083,5,1,0.127,134.0,axon,0
F1302,40360,4-0,B4,454.2,95.9,12.5,1.482,0.0202,3,0.913,2,2,0.239,119.0,smooth_dendrite,0
F1303,40462,0-5,B4,65.3,556.6,20.3,0.26,0.0503,2,0.499,9,5,0.035,94.7,axon,0
F1304,40493,3-3,B5,309.2,387.7,34.2,0.206,0.1549,3,1.352,1,1,0.225,108.2,smooth_dendrite,1
F1305,40481,2-7,B3,220.7,732.2,61.2,0.56,0.0192,5,1.959,1,2,0.157,133.8,smooth_dendrite,0
F1306,40405,0-3,B5,80.0,361.4,44.5,0.219,0.0414,4,0.283,3,1,0.211,113.8,axon,0
F1307,40257,7-0,B2,774.7,58.5,43.1,0.836,0.0247,2,0.632,2,3,0.063,148.3,axon,1
F1308,40477,1-0,B3,113.8,41.4,24.8,0.598,0.0174,5,2.117,3,1,0.06,114.5,axon,0
F1309,40178,2-2,B6,242.6,232.7,34.0,0.487,0.0188,5,6.979,1,2,0.04,110.5,axon,0
F1310,40511,3-2,B4,347.2,252.9,22.4,0.941,0.0252,4,0.727,1,0,0.08,124.4,glia_process,0
F1311,40396,6-2,B4,694.5,299.5,42.5,0.287,0.0073,4,2.948,9,1,0.043,115.5,axon,0
F1312,40569,0-6,B4,23.2,646.2,14.3,0.523,0.1492,2,2.156,0,0,0.043,117.5,glia_process,0
F1313,40400,5-5,B5,538.8,544.2,100.2,0.15,0.0094,2,2.058,1,2,0.016,120.6,axon,1
F1314,40043,2-1,B2,247.2,125.3,44.0,1.524,0.0662,2,2.802,1,9,0.05,123.4,spiny_dendrite,0
F1315,40521,7-0,B5,730.1,41.8,10.7,0.269,0.0684,3,1.204,1,2,0.059,148.6,glia_process,1
F1316,40595,3-7,B1,323.8,791.6,77.8,0.785,0.0829,5,0.657,0,1,0.061,144.3,glia_process,0
F1317,40153,3-0,B5,343.7,70.9,7.9,0.481,0.0666,1,1.501,0,6,0.128,119.3,spiny_dendrite,0
F1318,40091,3-2,B6,373.8,289.5,45.6,0.552,0.0482,1,2.525,1,10,0.044,120.5,spiny_dendrite,0
F1319,40321,3-7,B4,329.2,782.7,42.7,1.336,0.0524,3,1.262,0,5,0.066,147.0,spiny_dendrite,0
F1320,40100,2-6,B3,215.7,677.1,14.5,0.418,0.0339,3,1.497,1,21,0.14,105.6,spiny_dendrite,0
F1321,40483,5-0,B6,510.6,93.3,9.5,0.407,0.0056,11,0.473,6,2,0.042,112.5,axon,0
F1322,40276,4-3,B5,468.5,368.8,272.7,0.931,0.0237,4,1.647,1,2,0.064,110.2,axon,0
F1323,40360,4-0,B4,452.9,33.8,26.9,0.721,0.0091,2,0.821,10,0,0.09,121.4,axon,0
F1324,40349,1-6,B3,147.1,663.7,34.2,0.294,0.0166,3,1.187,3,2,0.043,126.5,axon,0
F1325,40177,6-5,B6,668.5,567.9,33.9,1.066,0.0697,4,3.366,0,11,0.077,127.7,spiny_dendrite,0
F1326,40284,4-7,B3,455.7,711.2,13.6,0.339,0.0165,2,1.925,3,3,0.135,130.1,axon,1
F1327,40013,6-0,B5,629.0,43.9,18.4,0.438,0.0086,5,0.828,2,1,0.088,103.9,axon,0
F1328,40018,2-0,B2,283.0,25.0,17.7,0.429,0.2189,2,0.539,0,8,0.04,126.9,spiny_dendrite,0
F1329,40331,0-1,B5,8.1,158.4,73.3,0.174,0.0232,3,0.432,3,3,0.047,140.1,axon,0
F1330,40116,1-5,B1,154.4,593.7,39.2,0.914,0.0133,2,0.315,5,2,0.142,108.7,axon,0
F1331,40085,5-0,B4,593.4,54.3,40.6,0.907,0.0294,17,1.302,1,4,0.089,120.5,spiny_dendrite,0
F1332,40344,2-2,B2,256.4,246.1,9.0,0.228,0.018,0,2.322,4,1,0.051,108.9,axon,0
F1333,40223,6-6,B2,655.0,661.2,19.1,0.28,0.0239,4,0.36,1,10,0.208,128.6,spiny_dendrite,0
F1334,40261,6-7,B3,677.6,792.1,99.3,0.076,0.0232,1,1.751,2,3,0.106,137.5,axon,0
F1335,40395,5-6,B4,575.0,647.7,28.4,0.25,0.0261,4,1.025,1,3,0.22,128.9,smooth_dendrite,0
F1336,40032,7-7,B1,747.9,781.7,82.0,1.121,0.0324,2,0.552,3,1,0.144,118.1,axon,0
F1337,40276,4-3,B5,439.3,324.9,140.3,0.549,0.0267,7,1.234,1,5,0.094,112.9,axon,1
F1338,40490,2-4,B1,274.7,455.7,44.5,1.068,0.0508,6,0.943,1,2,0.204,122.3,smooth_dendrite,0
F1339,40391,6-5,B1,620.1,557.9,8.6,0.503,0.0557,3,2.854,0,5,0.104,129.3,smooth_dendrite,0
F1340,40292,1-0,B1,164.2,96.1,54.2,0.609,0.0093,3,2.38,8,1,0.111,109.2,axon,0
F1341,40321,3-7,B4,333.3,711.9,25.7,0.96,0.0613,2,0.88,0,5,0.099,145.8,spiny_dendrite,0
F1342,40481,2-7,B3,245.7,751.3,31.1,0.282,0.01,6,1.621,2,1,0.101,133.8,axon,0
F1343,40150,1-4,B4,196.8,409.0,37.3,0.603,0.0086,3,1.111,3,1,0.076,119.6,axon,1
F1344,40446,3-0,B3,365.5,65.4,42.3,0.271,0.0291,4,1.524,1,6,0.123,113.6,smooth_dendrite,0
F1345,40572,1-3,B6,198.7,399.1,19.1,1.226,0.0645,4,1.373,1,0,0.071,141.0,glia_process,1
F1346,40571,7-0,B3,770.1,39.7,48.1,0.387,0.2661,2,4.63,0,0,0.023,149.3,glia_process,1
F1347,40380,1-3,B4,195.1,371.7,28.2,0.257,0.0352,2,3.909,8,2,0.072,148.2,axon,0
F1348,40062,6-0,B5,651.5,24.0,89.2,0.74,0.0764,1,0.505,0,3,0.028,115.4,spiny_dendrite,0
F1349,40023,5-7,B4,593.0,755.1,29.3,0.446,0.0139,1,1.05,0,12,0.046,119.5,spiny_dendrite,0
F1350,40056,5-3,B5,520.7,306.5,34.3,1.202,0.0314,2,1.244,4,1,0.192,115.7,axon,1
F1351,40480,7-6,B1,794.4,651.6,25.3,4.635,0.0094,1,0.882,0,2,0.5,113.9,smooth_dendrite,0
F1352,40338,4-2,B4,475.7,205.8,19.4,0.098,0.0451,2,1.749,4,1,0.073,131.2,axon,0
F1353,40578,2-0,B4,221.5,25.2,27.5,0.187,0.077,2,2.069,0,0,0.098,132.5,glia_process,0
F1354,40042,0-4,B4,23.4,409.8,22.9,0.362,0.0365,5,2.022,6,1,0.059,118.7,axon,0
F1355,40183,6-4,B5,625.2,452.6,15.5,0.188,0.0194,7,2.434,2,1,0.161,116.6,axon,0
F1356,40076,7-5,B6,797.3,592.2,158.0,0.672,0.0426,1,0.848,0,13,0.125,119.1,spiny_dendrite,0
F1357,40293,7-2,B2,714.5,264.0,61.6,0.701,0.0445,4,1.451,0,8,0.12,115.9,spiny_dendrite,0
F1358,40059,2-5,B1,273.3,509.5,24.0,0.802,0.1125,3,1.492,1,2,0.257,117.3,spiny_dendrite,0
F1359,40287,1-6,B5,116.7,611.2,105.4,2.947,0.0613,3,2.959,0,11,0.126,117.1,spiny_dendrite,1
F1360,40391,6-5,B1,608.5,523.4,7.1,0.365,0.0534,2,3.307,0,6,0.092,126.0,smooth_dendrite,0
F1361,40078,5-0,B2,598.3,46.1,106.2,0.536,0.0071,3,0.305,1,1,0.083,110.2,axon,0
F1362,40432,0-2,B6,5.6,255.1,34.7,0.605,0.0117,4,2.234,3,0,0.027,134.4,axon,0
F1363,40366,0-3,B4,67.5,370.0,40.0,0.353,0.0394,5,0.713,0,3,0.476,113.0,smooth_dendrite,1
F1364,40342,5-6,B2,589.6,661.1,56.3,1.054,0.0853,2,1.586,0,5,0.153,136.7,smooth_dendrite,0
F1365,40165,2-7,B5,255.1,752.3,58.0,0.211,0.0168,1,1.37,1,2,0.078,129.2,axon,1
F1366,40156,6-1,B2,600.4,191.0,23.8,0.364,0.0743,8,0.835,2,2,0.191,122.7,spiny_dendrite,1
F1367,40587,5-7,B1,545.2,729.5,15.1,0.713,0.3427,10,1.586,0,0,0.028,128.2,glia_process,0
F1368,40037,1-1,B4,196.2,140.3,15.8,0.5,0.0328,2,1.351,0,3,0.111,135.9,spiny_dendrite,0
F1369,40081,5-1,B3,533.7,153.7,45.5,0.455,0.065,3,2.104,1,14,0.174,76.8,spiny_dendrite,0
F1370,40583,5-0,B6,584.9,55.2,77.9,0.098,0.0379,4,1.82,0,0,0.075,119.8,glia_process,0
F1371,40472,0-3,B6,10.4,307.5,5.3,0.201,0.0303,10,1.288,1,4,0.072,111.6,smooth_dendrite,0
F1372,40162,1-3,B5,118.1,345.0,52.2,0.334,0.0575,4,0.899,1,12,0.076,139.7,spiny_dendrite,0
F1373,40368,5-0,B4,516.1,48.3,51.0,0.392,0.0072,6,0.168,2,0,0.037,116.9,axon,0
F1374,40489,4-6,B5,437.3,634.4,21.7,0.208,0.0647,2,2.744,0,8,0.123,147.6,smooth_dendrite,0
F1375,40534,2-7,B4,252.7,749.6,21.8,0.305,0.0961,3,1.257,0,0,0.008,130.5,glia_process,0
F1376,40326,7-2,B4,709.8,229.6,12.9,0.418,0.0593,12,0.325,0,13,0.072,121.5,spiny_dendrite,1
F1377,40207,5-6,B4,589.8,659.3,21.1,0.082,0.0343,2,0.591,1,1,0.049,129.3,axon,0
F1378,40342,5-6,B2,564.5,679.0,36.4,0.448,0.0427,3,2.213,4,1,0.188,135.9,axon,0
F1379,40172,3-5,B2,398.0,535.6,60.1,0.893,0.0212,1,0.744,1,6,0.045,125.0,spiny_dendrite,0
F1380,40264,0-3,B5,43.3,358.6,26.8,3.673,0.1686,4,0.441,1,6,0.069,112.5,spiny_dendrite,0
F1381,40407,4-6,B4,490.5,601.1,40.5,0.359,0.0433,2,0.835,1,2,0.305,148.0,smooth_dendrite,0
F1382,40457,6-0,B5,692.6,0.6,29.6,0.898,0.0476,2,5.177,0,4,0.047,113.7,smooth_dendrite,1
F1383,40034,0-6,B2,61.1,685.4,14.8,0.167,0.0299,1,5.097,7,1,0.165,125.8,axon,0
F1384,40340,3-4,B6,386.0,495.6,19.5,0.236,0.0426,4,1.03,0,4,0.077,123.8,smooth_dendrite,0
F1385,40403,4-2,B1,417.3,234.5,45.2,0.821,0.0462,3,1.001,0,2,0.778,129.7,smooth_dendrite,0
F1386,40282,6-0,B4,626.3,14.9,56.7,0.273,0.0853,7,2.591,4,1,0.06,103.3,axon,0
F1387,40215,2-3,B2,253.0,349.1,35.0,0.702,0.0363,4,0.608,1,3,0.141,122.4,spiny_dendrite,0
F1388,40155,4-7,B5,410.4,708.4,37.8,0.629,0.0621,3,0.744,1,5,0.123,120.4,spiny_dendrite,0
F1389,40487,0-2,B2,71.5,281.6,13.8,1.183,0.0179,2,0.845,0,2,0.215,127.0,smooth_dendrite,1
F1390,40403,4-2,B1,430.5,277.9,38.8,0.743,0.0871,2,1.561,0,2,0.594,130.9,smooth_dendrite,0
F1391,40501,2-1,B3,230.1,112.8,38.8,0.271,0.0571,8,1.878,0,0,0.152,126.4,glia_process,1
F1392,40335,1-6,B3,162.2,625.4,64.4,0.632,0.0446,4,2.67,4,2,0.08,124.2,smooth_dendrite,0
F1393,40319,0-7,B3,76.0,754.5,27.0,0.306,0.009,2,0.685,1,1,0.141,123.8,axon,0
F1394,40518,2-3,B4,231.3,388.7,10.5,0.2,0.3862,2,1.228,1,0,0.012,130.2,glia_process,0
F1395,40208,3-6,B4,384.5,632.3,13.5,0.563,0.0919,5,4.777,1,3,0.185,137.8,spiny_dendrite,0
F1396,40061,6-2,B6,670.0,220.1,155.9,0.407,0.0859,2,1.466,0,2,0.215,122.7,spiny_dendrite,0
F1397,40318,6-7,B1,628.1,777.4,23.0,0.131,0.0206,5,0.227,5,1,0.047,125.5,axon,0
F1398,40521,7-0,B5,736.1,15.6,20.2,0.199,0.0696,1,1.396,1,2,0.022,146.1,glia_process,0
F1399,40376,7-6,B2,750.4,699.8,30.6,0.181,0.0293,2,0.842,1,2,0.063,116.3,smooth_dendrite,1
F1400,40546,7-4,B2,712.8,461.8,12.1,0.382,0.1041,1,1.057,0,0,0.036,121.9,glia_process,0
F1401,40433,5-6,B6,590.3,668.7,33.2,0.333,0.016,4,1.395,2,1,0.059,126.2,axon,0
F1402,40129,6-1,B4,643.6,120.2,11.6,0.158,0.095,3,1.009,3,0,0.04,110.2,axon,0
F1403,40584,6-0,B1,697.6,17.8,15.6,0.52,0.0333,5,2.934,0,2,0.077,112.0,glia_process,0
F1404,40089,0-5,B2,11.0,557.6,9.6,1.23,0.0546,3,1.072,1,24,0.024,95.0,spiny_dendrite,0
F1405,40197,4-2,B1,468.6,259.9,42.9,0.614,0.0282,3,1.702,2,1,0.073,127.4,axon,0
F1406,40549,3-4,B6,348.2,446.9,27.0,0.291,0.1398,7,0.604,0,1,0.06,124.1,glia_process,0
F1407,40471,3-1,B1,389.8,118.1,26.3,0.212,0.0097,2,1.247,3,1,0.062,120.8,axon,0
F1408,40283,3-0,B6,319.0,43.6,8.7,0.851,0.0751,4,7.97,1,6,0.099,117.9,spiny_dendrite,0
F1409,40338,4-2,B4,486.9,263.1,20.7,0.12,0.0972,2,1.264,1,5,0.108,130.3,smooth_dendrite,1
F1410,40507,5-6,B6,599.5,600.2,29.9,0.132,0.2423,5,1.779,0,1,0.076,131.2,glia_process,0
F1411,40210,5-4,B4,590.9,436.7,104.7,0.387,0.0982,3,1.962,0,2,0.111,120.7,spiny_dendrite,0
F1412,40086,4-0,B4,453.1,94.9,50.4,0.477,0.0117,4,1.451,1,1,0.233,117.7,axon,1
F1413,40145,0-7,B5,33.4,754.9,26.8,0.494,0.0404,3,0.382,2,4,0.049,130.3,axon,0
F1414,40189,1-0,B3,123.9,17.3,30.5,0.598,0.0151,2,2.17,1,0,0.083,113.2,axon,0
F1415,40171,2-3,B2,276.3,317.3,12.9,0.196,0.0244,2,0.551,3,1,0.16,130.6,axon,0
F1416,40221,2-1,B3,257.6,151.3,68.2,1.239,0.0444,2,0.833,0,3,0.126,129.4,spiny_dendrite,0
F1417,40312,4-2,B5,486.1,275.7,30.9,0.907,0.005,2,1.6,2,2,0.08,138.4,axon,0
F1418,40041,2-5,B1,293.9,565.1,20.2,0.488,0.0899,4,0.903,2,1,0.044,114.9,axon,0
F1419,40427,0-1,B6,18.8,103.0,4.0,0.332,0.0441,4,2.671,1,4,0.137,144.4,smooth_dendrite,0
F1420,40366,0-3,B4,81.3,395.6,34.9,0.37,0.0492,3,1.07,0,2,0.348,111.9,smooth_dendrite,0
F1421,40446,3-0,B3,358.0,45.9,35.7,0.102,0.0084,4,2.034,3,2,0.056,115.0,axon,0
F1422,40307,3-0,B3,348.4,94.5,94.7,0.465,0.0688,2,0.635,7,0,0.108,122.6,axon,1
F1423,40152,6-3,B5,604.1,383.1,15.6,0.4,0.0872,2,0.385,1,5,0.137,97.8,spiny_dendrite,0
F1424,40358,4-6,B6,465.7,600.3,61.4,0.531,0.0239,7,2.341,0,4,0.044,139.8,smooth_dendrite,0
F1425,40111,7-0,B6,752.8,56.4,23.1,0.689,0.0613,3,0.593,1,3,0.069,146.6,spiny_dendrite,0
F1426,40050,5-1,B2,567.1,103.3,6.9,0.502,0.0255,3,1.22,1,1,0.022,80.6,axon,1
F1427,40355,5-2,B4,531.9,263.6,8.7,0.351,0.0903,1,0.595,0,4,0.023,126.2,smooth_dendrite,0
F1428,40136,4-7,B1,485.0,707.2,16.0,0.747,0.1161,6,0.874,1,3,0.343,119.5,spiny_dendrite,0
F1429,40096,3-2,B1,304.1,280.5,95.4,0.271,0.0516,1,1.838,10,0,0.067,127.2,axon,1
F1430,40132,1-1,B1,162.1,136.2,21.0,0.359,0.0812,4,2.434,1,3,0.164,139.4,spiny_dendrite,0
F1431,40118,2-6,B2,221.8,697.8,87.7,0.705,0.0258,6,0.62,0,4,0.018,107.9,spiny_dendrite,0
F1432,40529,5-2,B1,554.4,212.1,40.2,0.424,0.2466,2,0.267,0,1,0.116,116.0,glia_process,0
F1433,40305,5-7,B5,556.1,730.8,50.1,1.779,0.0731,11,1.141,1,3,0.123,135.3,spiny_dendrite,0
F1434,40184,7-0,B5,727.7,18.3,23.4,0.623,0.1008,1,0.922,3,3,0.047,148.0,merged_object,1
F1435,40586,2-0,B6,212.7,59.2,34.2,0.358,0.2618,1,1.557,0,1,0.286,124.6,glia_process,0
F1436,40396,6-2,B4,605.0,242.8,32.5,0.368,0.0108,4,2.33,1,3,0.122,112.9,smooth_dendrite,0
F1437,40469,1-1,B3,122.5,100.4,86.9,0.935,0.0341,3,3.196,0,3,0.154,127.9,smooth_dendrite,0
F1438,40422,3-2,B1,334.0,212.8,61.1,0.369,0.0409,4,1.66,1,4,0.145,114.1,smooth_dendrite,0
F1439,40027,2-6,B1,242.6,666.3,97.0,0.884,0.0403,13,1.038,0,6,0.093,113.4,spiny_dendrite,0
F1440,40039,0-6,B1,32.2,699.9,40.6,0.126,0.0471,3,1.17,1,1,0.257,127.0,axon,0
F1441,40135,2-1,B3,248.0,166.9,57.9,0.515,0.0138,3,5.425,4,1,0.028,121.7,axon,1
F1442,40263,7-4,B5,728.0,417.4,25.7,0.286,0.1082,1,1.603,0,5,0.035,122.4,spiny_dendrite,1
F1443,40234,2-6,B4,276.6,678.5,49.6,0.417,0.1489,7,3.35,1,3,0.05,104.3,merged_object,1
F1444,40255,1-2,B3,189.2,282.0,11.5,0.287,0.1893,7,2.869,1,2,0.072,122.2,spiny_dendrite,0
F1445,40093,3-6,B6,381.2,625.2,38.6,0.427,0.021,13,0.611,4,1,0.103,131.1,axon,0
F1446,40097,7-1,B3,705.7,167.7,36.2,0.155,0.0396,3,3.57,0,2,0.077,100.1,spiny_dendrite,0
F1447,40101,2-2,B3,213.8,273.4,33.2,0.245,0.0057,3,0.62,2,2,0.017,117.1,axon,0
F1448,40142,5-2,B4,527.5,258.2,31.0,0.512,0.0069,4,0.659,9,1,0.095,130.1,axon,0
F1449,40165,2-7,B5,210.1,754.5,63.4,0.277,0.0694,3,1.343,0,8,0.091,129.1,spiny_dendrite,0
F1450,40140,4-1,B1,403.5,181.1,21.6,0.54,0.0145,1,1.234,6,0,0.035,109.3,axon,0
F1451,40289,6-4,B1,672.1,478.6,18.1,0.917,0.0468,7,2.146,2,3,0.093,110.2,merged_object,1
F1452,40293,7-2,B2,757.6,266.2,74.8,0.648,0.0226,3,0.827,0,13,0.182,116.5,spiny_dendrite,0
F1453,40370,3-3,B3,332.4,318.0,127.4,0.677,0.0576,10,3.521,0,2,0.54,105.2,smooth_dendrite,0
F1454,40558,6-6,B1,616.3,612.1,41.0,0.44,0.1082,6,2.077,1,1,0.034,120.4,glia_process,1
F1455,40493,3-3,B5,311.2,300.8,35.2,0.148,0.1371,4,2.314,7,0,0.078,106.2,axon,0
F1456,40322,5-5,B2,531.2,533.4,23.4,0.523,0.0381,5,2.88,0,15,0.047,112.5,spiny_dendrite,0
F1457,40144,6-5,B5,618.0,526.6,25.0,0.53,0.0323,3,0.78,4,1,0.106,124.7,axon,1
F1458,40435,5-4,B1,505.5,456.7,109.3,0.455,0.0081,5,0.645,7,0,0.049,127.6,axon,0
F1459,40488,5-1,B1,553.5,145.6,11.2,1.006,0.0222,3,1.364,0,3,0.082,82.3,smooth_dendrite,0
F1460,40413,3-0,B4,309.1,72.4,29.2,0.69,0.0802,2,2.006,1,1,0.069,123.8,smooth_dendrite,0
F1461,40180,6-4,B1,682.8,465.3,22.9,0.476,0.046,4,1.255,2,0,0.088,115.7,axon,0
F1462,40228,4-6,B3,475.9,629.9,74.7,1.313,0.0185,6,3.547,4,2,0.182,141.7,axon,1
F1463,40041,2-5,B1,207.6,522.3,56.6,0.955,0.0505,6,1.183,4,1,0.033,116.3,axon,0
F1464,40187,0-4,B1,7.7,406.0,70.0,0.885,0.1116,4,1.007,2,4,0.254,123.0,merged_object,1
F1465,40182,7-3,B1,763.6,307.5,31.7,0.759,0.0239,2,2.086,2,1,0.057,120.9,axon,0
F1466,40449,5-1,B1,560.8,119.8,18.0,1.0,0.0889,3,1.296,1,3,0.568,80.5,smooth_dendrite,0
F1467,40435,5-4,B1,514.2,485.1,166.4,0.649,0.0177,12,0.619,1,2,0.076,128.4,smooth_dendrite,0
F1468,40368,5-0,B4,558.2,21.7,41.7,0.243,0.0101,3,0.183,2,1,0.026,118.9,axon,1
F1469,40145,0-7,B5,76.9,734.5,20.0,0.611,0.0284,2,0.522,0,16,0.076,126.6,spiny_dendrite,0
F1470,40231,0-4,B6,61.7,419.0,15.2,0.274,0.0214,2,1.106,5,2,0.046,115.7,axon,0
F1471,40116,1-5,B1,108.0,592.0,26.5,0.635,0.0231,2,0.528,1,8,0.197,110.6,spiny_dendrite,0
F1472,40480,7-6,B1,717.7,621.1,56.7,2.595,0.0138,1,0.86,0,3,0.427,107.9,smooth_dendrite,1
F1473,40364,6-5,B2,676.8,569.7,41.9,0.218,0.0232,1,0.45,2,1,0.077,133.2,axon,0
F1474,40100,2-6,B3,271.1,667.4,12.8,0.605,0.0499,2,1.406,1,12,0.172,102.7,spiny_dendrite,0
F1475,40500,1-3,B5,120.2,381.4,51.8,0.595,0.0352,3,0.658,1,2,0.137,149.8,smooth_dendrite,0
F1476,40371,6-4,B6,682.0,465.0,111.9,0.707,0.0225,1,0.674,1,16,0.058,121.8,smooth_dendrite,0
F1477,40375,4-7,B6,492.6,736.8,51.3,0.237,0.0102,3,1.375,5,0,0.032,125.8,axon,0
F1478,40572,1-3,B6,128.2,349.4,23.4,1.323,0.1437,6,1.09,1,0,0.038,145.5,glia_process,1
F1479,40453,4-2,B4,469.6,269.7,19.2,0.428,0.0131,2,0.495,0,7,0.079,132.9,smooth_dendrite,0
F1480,40360,4-0,B4,473.5,95.5,19.0,0.985,0.0087,2,0.974,12,0,0.088,120.1,axon,0
F1481,40079,2-4,B1,269.9,405.7,37.4,0.408,0.0171,4,0.734,9,0,0.054,124.0,axon,0
F1482,40263,7-4,B5,757.0,415.6,27.4,0.221,0.029,1,1.494,1,1,0.043,125.1,axon,0
F1483,40504,5-0,B4,552.8,61.2,42.8,0.385,0.0308,7,1.192,1,1,0.125,120.0,glia_process,0
F1484,40480,7-6,B1,753.6,629.8,39.9,2.007,0.0205,1,1.516,0,3,0.423,112.5,smooth_dendrite,1
F1485,40039,0-6,B1,85.1,639.2,28.2,0.289,0.1307,2,1.171,0,5,0.347,121.9,spiny_dendrite,0
F1486,40263,7-4,B5,766.4,459.3,40.5,0.32,0.3662,3,2.065,0,4,0.061,124.9,merged_object,1
F1487,40484,0-1,B2,55.7,134.8,22.0,0.919,0.0344,7,1.964,1,16,0.058,146.9,smooth_dendrite,0
F1488,40141,4-2,B2,474.7,208.8,44.2,0.925,0.0492,6,1.62,2,7,0.06,136.1,merged_object,1
F1489,40445,0-3,B6,88.6,352.0,18.7,0.632,0.088,4,0.752,0,5,0.047,115.5,smooth_dendrite,0
F1490,40582,5-7,B3,547.4,772.1,22.8,1.054,0.5025,13,0.73,0,0,0.034,130.6,glia_process,1
F1491,40567,4-3,B2,400.2,313.6,50.4,0.238,0.0284,2,2.894,0,0,0.035,108.4,glia_process,0
F1492,40242,5-2,B5,530.8,248.3,12.1,0.935,0.0355,5,1.145,1,3,0.104,126.5,spiny_dendrite,0
F1493,40449,5-1,B1,540.2,185.7,13.3,1.491,0.0727,2,0.843,1,4,0.567,75.9,smooth_dendrite,0
F1494,40146,7-6,B3,704.1,684.0,16.3,1.381,0.0235,3,1.0,1,7,0.097,109.8,spiny_dendrite,0
F1495,40405,0-3,B5,61.4,379.9,44.2,0.349,0.1295,2,0.626,1,7,0.372,115.1,smooth_dendrite,0
F1496,40104,0-6,B6,34.4,664.7,48.7,0.541,0.0206,4,2.088,1,8,0.065,122.1,spiny_dendrite,0
F1497,40056,5-3,B5,535.4,380.6,26.0,2.596,0.0184,2,1.009,0,9,0.142,113.8,spiny_dendrite,0
F1498,40559,1-7,B6,123.3,738.3,7.6,0.226,0.0606,1,0.693,0,0,0.015,111.3,glia_process,1
F1499,40261,6-7,B3,691.6,760.3,67.9,0.153,0.0173,2,2.122,5,2,0.058,135.4,axon,0
F1500,40219,2-5,B6,293.5,563.4,27.6,0.734,0.0134,2,0.277,0,5,0.066,129.0,spiny_dendrite,0
F1501,40242,5-2,B5,576.2,277.7,13.6,0.433,0.019,10,1.276,1,5,0.13,126.3,spiny_dendrite,0
F1502,40287,1-6,B5,112.7,658.9,76.7,3.02,0.0827,5,4.455,1,6,0.134,120.7,spiny_dendrite,0
F1503,40285,6-5,B6,615.9,518.5,22.8,0.337,0.0647,3,0.862,1,0,0.067,132.2,axon,1
F1504,40056,5-3,B5,544.3,395.6,25.2,1.724,0.0552,2,1.861,0,4,0.188,112.7,spiny_dendrite,0
F1505,40258,3-5,B2,306.7,544.6,15.8,0.489,0.0087,5,0.746,3,1,0.163,122.7,axon,0
F1506,40445,0-3,B6,96.5,310.0,33.9,0.726,0.0626,3,0.617,2,2,0.043,114.3,axon,1
F1507,40098,0-6,B5,6.3,652.7,10.8,0.481,0.1139,1,2.416,0,2,0.079,128.3,spiny_dendrite,0
F1508,40100,2-6,B3,298.1,635.0,24.5,0.943,0.0476,4,1.841,1,13,0.216,105.4,spiny_dendrite,0
F1509,40279,4-7,B6,458.0,762.1,25.1,0.554,0.0103,1,1.47,1,2,0.054,121.6,axon,1
F1510,40215,2-3,B2,244.6,332.3,56.7,0.47,0.033,4,0.783,3,1,0.077,123.7,axon,0
F1511,40077,6-4,B5,673.6,430.6,181.7,0.376,0.0158,1,2.374,1,1,0.125,110.9,axon,0
F1512,40170,1-0,B3,102.4,81.5,54.7,0.429,0.0494,4,0.736,1,9,0.042,110.7,spiny_dendrite,0
F1513,40408,4-2,B2,430.2,293.9,29.3,0.585,0.0187,3,1.337,2,2,0.075,135.1,axon,1
F1514,40147,0-0,B4,50.0,0.7,26.5,0.231,0.0079,3,1.405,3,4,0.038,125.4,axon,0
F1515,40345,1-4,B1,154.1,429.6,14.5,1.012,0.1634,7,0.777,0,3,0.114,111.1,smooth_dendrite,0
F1516,40403,4-2,B1,400.2,290.3,71.7,0.288,0.053,2,1.23,2,1,0.262,134.5,axon,1
F1517,40560,1-2,B3,121.9,241.3,68.4,0.181,0.1198,3,2.114,0,1,0.05,110.6,glia_process,0
F1518,40331,0-1,B5,81.3,151.0,73.1,0.148,0.0505,2,0.209,0,7,0.055,140.2,smooth_dendrite,1
F1519,40323,7-5,B6,760.8,512.5,47.6,0.266,0.054,2,2.746,3,1,0.04,125.3,axon,0
F1520,40225,3-7,B1,315.2,790.4,14.2,0.569,0.0185,2,0.975,6,1,0.091,141.8,axon,1
F1521,40050,5-1,B2,533.6,130.5,16.5,0.41,0.0311,4,0.803,1,0,0.021,83.2,axon,1
F1522,40173,5-2,B6,520.5,209.8,40.5,1.006,0.0497,1,1.224,1,7,0.099,116.6,spiny_dendrite,0
F1523,40157,7-1,B3,726.0,133.0,72.9,0.424,0.0309,2,1.029,3,0,0.058,98.0,axon,0
F1524,40410,7-1,B3,792.5,115.5,13.5,1.05,0.1102,3,2.146,0,5,0.312,102.5,smooth_dendrite,0
F1525,40254,2-6,B1,275.2,633.0,19.6,0.382,0.0556,2,1.598,1,2,0.054,108.2,spiny_dendrite,1
F1526,40090,0-6,B2,42.0,644.3,25.3,0.337,0.0124,2,0.256,19,1,0.049,125.8,axon,1
F1527,40102,4-3,B1,441.1,367.0,74.5,0.352,0.0577,1,0.947,0,7,0.094,116.0,spiny_dendrite,1
F1528,40455,3-0,B5,359.6,2.5,18.8,0.254,0.0369,5,1.702,0,1,0.155,119.9,smooth_dendrite,0
F1529,40285,6-5,B6,644.4,594.4,27.1,0.261,0.0701,2,1.274,2,0,0.084,134.2,axon,0
F1530,40416,6-7,B1,689.3,732.9,70.8,0.877,0.0656,3,0.728,6,0,0.022,133.9,axon,0
F1531,40011,7-3,B3,725.8,385.0,48.5,0.08,0.0523,6,1.239,5,0,0.147,118.0,axon,0
F1532,40535,7-4,B3,754.4,405.8,51.7,0.55,0.0993,1,0.883,1,1,0.035,125.5,glia_process,1
F1533,40285,6-5,B6,616.3,553.0,18.7,0.229,0.045,3,0.816,1,0,0.097,132.1,axon,0
F1534,40527,5-3,B2,540.8,313.8,26.1,0.568,0.2913,13,0.572,2,2,0.087,115.6,merged_object,1
F1535,40221,2-1,B3,234.4,156.4,60.5,0.9,0.0275,2,1.24,1,2,0.118,129.9,spiny_dendrite,1
F1536,40095,1-7,B1,107.1,781.4,7.0,0.384,0.0251,2,0.554,0,5,0.172,115.3,spiny_dendrite,0
F1537,40356,3-3,B1,344.6,305.5,18.7,0.411,0.0915,1,2.454,0,10,0.155,110.0,smooth_dendrite,0
F1538,40108,2-1,B5,252.4,194.1,22.2,0.511,0.0983,3,0.857,1,2,0.084,122.9,spiny_dendrite,0
F1539,40119,7-0,B6,722.0,91.0,22.1,0.547,0.0428,3,4.254,0,7,0.055,144.8,spiny_dendrite,0
F1540,40128,0-0,B2,41.2,32.5,73.8,0.102,0.0433,2,1.198,3,2,0.286,127.1,axon,0
F1541,40035,0-6,B4,91.1,681.2,57.0,0.889,0.0133,2,0.841,2,1,0.224,123.6,axon,0
F1542,40062,6-0,B5,643.7,20.6,147.1,0.455,0.0344,2,0.329,4,1,0.031,115.1,axon,0
F1543,40467,3-7,B2,316.0,795.0,154.9,0.414,0.0179,2,0.739,1,1,0.051,148.4,axon,1
F1544,40266,5-1,B3,577.3,188.5,63.1,0.621,0.0145,4,0.756,13,1,0.095,74.0,axon,1
F1545,40050,5-1,B2,540.2,191.2,9.4,0.776,0.0458,2,0.882,2,1,0.052,77.7,axon,0
F1546,40280,4-4,B6,442.5,407.6,20.4,0.643,0.0581,2,0.771,1,3,0.057,130.0,spiny_dendrite,0
F1547,40200,1-7,B3,187.0,752.3,109.1,0.373,0.0303,3,0.748,3,0,0.067,106.8,axon,0
F1548,40389,4-3,B1,425.4,377.2,7.0,0.133,0.0981,1,1.493,2,3,0.113,103.8,axon,1
F1549,40108,2-1,B5,258.0,188.3,19.9,0.321,0.0398,2,1.4,2,1,0.071,125.1,axon,0
F1550,40587,5-7,B1,543.4,741.2,25.3,0.447,0.5223,12,2.369,2,3,0.093,127.6,merged_object,1
F1551,40224,4-4,B2,460.0,465.9,33.7,0.601,0.2797,2,1.577,1,14,0.172,136.0,spiny_dendrite,0
F1552,40395,5-6,B4,514.6,654.7,22.0,0.554,0.0304,3,1.46,1,2,0.224,129.7,smooth_dendrite,0
F1553,40530,4-7,B5,405.8,778.8,32.8,0.465,0.0909,4,2.198,0,1,0.013,129.8,glia_process,1
F1554,40203,6-4,B2,654.4,491.0,14.3,0.968,0.1357,9,0.889,0,4,0.065,123.1,spiny_dendrite,0
F1555,40316,1-4,B5,162.2,460.2,61.2,0.454,0.0214,15,1.627,1,3,0.15,121.3,spiny_dendrite,1
F1556,40483,5-0,B6,506.1,36.4,25.2,0.862,0.0044,13,0.492,3,1,0.021,113.8,axon,0
F1557,40333,6-1,B2,660.8,162.7,56.1,0.14,0.0197,2,0.788,2,1,0.013,112.3,axon,1
F1558,40190,2-5,B6,200.8,557.1,22.1,0.444,0.014,1,2.259,2,3,0.021,117.1,axon,0
F1559,40566,1-5,B2,156.5,518.0,13.6,0.337,0.0396,23,5.956,0,0,0.045,106.4,glia_process,1
F1560,40460,2-0,B6,279.2,79.6,36.1,0.568,0.0346,5,7.712,1,4,0.125,129.4,smooth_dendrite,0
F1561,40318,6-7,B1,657.5,722.5,20.8,0.185,0.0232,4,0.334,11,1,0.053,124.8,axon,1
F1562,40203,6-4,B2,637.1,489.7,25.2,0.5,0.0513,7,0.447,2,1,0.06,124.1,axon,0
F1563,40066,3-0,B4,304.3,77.7,11.4,0.555,0.0084,3,2.324,1,16,0.109,116.7,spiny_dendrite,0
F1564,40154,2-7,B2,288.7,776.0,17.9,0.483,0.0173,6,0.656,5,1,0.155,124.9,axon,1
F1565,40462,0-5,B4,4.3,599.3,27.4,0.279,0.0419,2,1.043,7,2,0.043,91.4,axon,0
F1566,40188,5-2,B4,537.6,289.9,36.7,0.874,0.0235,2,0.829,3,1,0.05,119.2,axon,1
F1567,40177,6-5,B6,640.7,571.8,18.7,1.415,0.1545,3,1.775,0,9,0.094,125.6,spiny_dendrite,0
F1568,40372,0-4,B5,14.6,411.2,28.6,0.158,0.0141,2,1.71,0,3,0.13,125.2,smooth_dendrite,0
F1569,40392,2-1,B2,239.2,156.5,66.0,0.524,0.0091,1,0.937,3,2,0.057,124.1,axon,0
F1570,40528,0-3,B4,78.8,358.7,16.9,0.41,0.0921,1,0.68,1,0,0.039,113.8,glia_process,1
F1571,40313,7-6,B1,799.2,606.9,123.1,0.545,0.1404,5,2.174,0,17,0.091,109.2,spiny_dendrite,0
F1572,40110,0-5,B1,71.7,553.3,31.8,0.541,0.0466,3,0.883,0,15,0.068,92.0,spiny_dendrite,0
F1573,40062,6-0,B5,605.8,41.6,83.1,1.568,0.1143,2,0.491,0,7,0.061,117.8,spiny_dendrite,0
F1574,40001,0-3,B1,93.8,306.2,17.3,0.199,0.0454,4,0.729,1,5,0.123,117.0,spiny_dendrite,1
F1575,40265,0-6,B6,44.1,682.8,16.9,0.344,0.0415,1,0.329,1,4,0.112,129.5,spiny_dendrite,0
F1576,40146,7-6,B3,756.8,622.7,16.5,1.439,0.0329,4,0.822,1,10,0.159,109.8,spiny_dendrite,0
F1577,40174,2-3,B6,201.2,379.0,38.9,0.301,0.0053,1,0.321,5,1,0.049,126.5,axon,0
F1578,40383,7-1,B5,707.1,174.2,71.9,0.256,0.0079,3,3.093,4,1,0.091,98.9,axon,0
F1579,40179,5-6,B2,513.3,695.5,53.7,0.772,0.0346,7,0.931,4,1,0.081,125.3,axon,0
F1580,40420,5-7,B2,551.7,724.0,38.5,1.112,0.0239,6,0.42,4,2,0.097,124.3,axon,0
F1581,40146,7-6,B3,755.0,682.7,17.1,1.784,0.0276,2,0.991,1,7,0.111,109.1,spiny_dendrite,1
F1582,40355,5-2,B4,552.0,212.7,5.8,0.368,0.1073,2,0.499,0,5,0.033,122.2,smooth_dendrite,0
F1583,40193,7-7,B3,716.0,763.5,36.0,1.079,0.0327,5,0.593,1,12,0.076,129.2,spiny_dendrite,0
F1584,40049,5-5,B6,541.0,598.5,14.4,0.498,0.0472,3,0.595,0,3,0.112,109.3,spiny_dendrite,0
F1585,40317,1-2,B2,124.4,243.5,89.0,0.584,0.4317,11,0.811,4,1,0.047,119.0,merged_object,1
F1586,40438,7-5,B5,718.8,599.4,34.6,0.467,0.0051,1,0.808,3,0,0.075,114.0,axon,0
F1587,40588,2-5,B6,244.7,541.6,40.0,0.268,0.1222,5,0.628,0,0,0.02,109.1,glia_process,0
F1588,40406,6-6,B5,626.8,672.6,85.6,0.156,0.032,1,1.529,0,2,0.168,127.0,smooth_dendrite,0
F1589,40571,7-0,B3,782.6,96.5,29.2,0.606,0.1164,3,5.031,0,1,0.034,146.2,glia_process,1
F1590,40023,5-7,B4,575.4,754.9,32.3,0.201,0.0089,1,1.845,1,2,0.035,121.5,axon,0
F1591,40394,5-6,B5,549.6,660.7,43.9,1.669,0.0082,3,1.698,2,1,0.126,134.9,axon,0
F1592,40318,6-7,B1,614.5,709.8,15.4,0.438,0.0592,10,0.24,1,2,0.065,127.7,spiny_dendrite,0
F1593,40055,4-0,B6,414.2,25.9,30.6,0.621,0.046,2,2.374,1,4,0.112,124.7,spiny_dendrite,0
F1594,40511,3-2,B4,348.2,245.5,13.8,0.558,0.0167,6,1.666,0,1,0.075,124.4,glia_process,0
F1595,40053,7-3,B4,760.5,385.4,59.6,1.24,0.0759,3,1.243,4,1,0.04,122.2,axon,0
F1596,40370,3-3,B3,340.1,329.0,137.6,0.419,0.025,6,2.513,1,0,0.174,102.6,axon,0
F1597,40197,4-2,B1,427.2,226.8,36.2,0.826,0.0222,3,1.352,2,1,0.032,126.1,axon,0
F1598,40286,5-0,B1,566.9,23.2,16.2,2.075,0.0513,3,1.595,0,3,0.055,121.8,spiny_dendrite,1
F1599,40138,0-1,B3,94.6,130.6,35.7,0.278,0.1101,4,2.341,0,7,0.259,142.6,spiny_dendrite,0
F1600,40406,6-6,B5,600.9,623.6,54.6,0.163,0.0406,1,1.557,0,3,0.221,124.6,smooth_dendrite,0
F1601,40007,3-4,B5,374.7,401.6,18.7,1.394,0.052,5,0.85,0,7,0.1,118.4,spiny_dendrite,0
F1602,40565,5-4,B4,583.5,458.6,13.7,0.43,0.1446,2,2.242,0,1,0.025,125.8,glia_process,1
F1603,40329,2-1,B4,250.6,188.6,12.0,0.412,0.0492,2,0.97,9,2,0.018,124.1,axon,0
F1604,40495,5-2,B6,535.8,234.1,19.7,0.339,0.069,1,1.778,0,8,0.256,118.4,smooth_dendrite,0
F1605,40528,0-3,B4,46.7,375.9,21.5,0.516,0.1102,2,0.722,1,0,0.036,111.6,glia_process,0
F1606,40099,5-2,B4,506.0,292.3,95.2,0.356,0.0394,10,2.122,2,1,0.024,126.5,axon,0
F1607,40281,0-7,B2,84.8,752.8,25.7,0.339,0.0485,2,0.697,3,0,0.056,127.7,axon,0
F1608,40027,2-6,B1,281.9,626.7,37.4,0.426,0.0091,10,0.678,2,1,0.05,114.7,axon,0
F1609,40558,6-6,B1,690.9,621.0,65.2,0.555,0.1421,12,1.726,1,1,0.054,122.3,glia_process,1
F1610,40169,6-7,B3,668.7,789.0,20.7,0.414,0.0604,1,4.448,0,12,0.12,127.1,spiny_dendrite,1
F1611,40405,0-3,B5,50.4,358.8,40.3,0.424,0.0747,4,0.218,2,4,0.307,114.0,smooth_dendrite,0
F1612,40485,2-0,B3,269.1,24.2,65.5,0.515,0.0482,3,1.763,1,1,0.069,136.6,smooth_dendrite,0
F1613,40099,5-2,B4,580.6,287.2,65.3,0.665,0.1029,11,2.465,0,6,0.022,129.9,spiny_dendrite,0
F1614,40089,0-5,B2,66.4,545.8,14.5,0.803,0.0385,2,0.55,3,4,0.01,94.6,axon,0
F1615,40189,1-0,B3,134.1,78.6,14.9,1.425,0.086,7,2.062,0,2,0.131,114.9,spiny_dendrite,1
F1616,40365,3-0,B1,324.0,1.3,44.8,0.974,0.0207,3,0.473,2,1,0.055,125.8,axon,0
F1617,40160,6-4,B2,609.6,488.7,47.3,0.721,0.0272,6,0.592,3,1,0.09,113.3,axon,0
F1618,40358,4-6,B6,490.5,630.3,80.2,0.344,0.0687,6,1.917,2,4,0.055,141.3,merged_object,1
F1619,40285,6-5,B6,666.1,542.9,11.8,0.497,0.1522,5,1.235,0,1,0.129,134.5,spiny_dendrite,0
F1620,40242,5-2,B5,500.9,201.2,14.4,0.821,0.0284,7,1.371,1,2,0.048,124.4,spiny_dendrite,0
F1621,40111,7-0,B6,730.6,65.6,24.0,0.475,0.07,2,0.596,2,7,0.097,149.0,spiny_dendrite,0
F1622,40412,5-6,B4,576.5,660.9,16.6,1.088,0.0754,4,0.601,0,7,0.105,126.8,smooth_dendrite,0
F1623,40213,1-7,B5,181.8,708.8,34.6,1.329,0.162,2,0.864,0,7,0.153,119.4,spiny_dendrite,1
F1624,40144,6-5,B5,655.0,526.9,10.1,0.693,0.0182,1,0.663,6,1,0.076,126.5,axon,0
F1625,40561,0-5,B6,3.5,564.8,61.2,3.771,0.0818,4,0.807,0,1,0.068,92.0,glia_process,0
F1626,40127,1-0,B4,133.9,84.7,92.2,0.366,0.0298,3,1.623,1,0,0.036,120.9,axon,1
F1627,40315,3-4,B4,347.0,450.5,9.4,0.919,0.0469,4,1.985,1,7,0.214,127.1,spiny_dendrite,0
F1628,40442,0-3,B5,49.5,359.6,80.7,0.219,0.0119,4,1.387,4,0,0.176,116.5,axon,0
F1629,40146,7-6,B3,720.9,696.0,11.4,0.94,0.0166,2,0.739,5,2,0.084,112.8,axon,1
F1630,40301,0-5,B2,98.7,563.7,17.7,0.543,0.0416,1,0.576,1,2,0.054,97.5,axon,0
F1631,40079,2-4,B1,205.7,479.8,47.6,0.618,0.1413,9,1.207,5,1,0.093,127.2,merged_object,1
F1632,40094,2-3,B5,252.5,365.3,28.4,0.296,0.0124,2,0.887,1,5,0.064,127.9,spiny_dendrite,1
F1633,40051,3-6,B5,303.3,643.0,7.3,0.666,0.0307,3,0.403,1,2,0.062,137.9,spiny_dendrite,0
F1634,40428,4-3,B2,471.2,315.9,40.2,0.19,0.1478,2,4.386,2,0,0.061,122.0,axon,0
F1635,40254,2-6,B1,290.5,624.8,19.7,0.498,0.0793,3,1.964,1,2,0.126,111.5,spiny_dendrite,0
F1636,40577,0-2,B4,42.2,285.3,8.5,1.418,0.0271,9,2.085,2,0,0.013,128.2,glia_process,0
F1637,40499,6-3,B5,638.2,326.3,20.8,0.341,0.0378,3,7.181,0,9,0.277,97.0,smooth_dendrite,0
F1638,40373,5-5,B3,514.9,515.0,11.3,0.211,0.0396,2,1.091,0,2,0.183,106.9,smooth_dendrite,0
F1639,40256,3-0,B3,382.0,44.4,92.4,1.225,0.055,10,1.765,2,1,0.077,117.5,merged_object,1
F1640,40388,0-2,B6,90.4,201.6,95.0,0.133,0.0198,4,0.588,0,4,0.059,129.6,smooth_dendrite,1
F1641,40490,2-4,B1,294.4,473.0,18.5,0.384,0.0274,3,0.536,2,1,0.064,118.2,axon,0
F1642,40353,6-0,B4,617.5,52.2,19.0,1.235,0.0101,2,0.852,0,4,0.54,108.8,smooth_dendrite,0
F1643,40205,2-6,B5,213.2,614.3,34.4,0.204,0.021,5,1.932,2,2,0.045,106.4,axon,1
F1644,40292,1-0,B1,126.0,26.4,62.4,0.327,0.0065,3,1.878,8,1,0.117,112.4,axon,0
F1645,40448,4-0,B4,444.8,0.5,32.8,1.112,0.0768,17,1.441,0,11,0.074,126.8,smooth_dendrite,1
F1646,40411,0-2,B4,15.7,249.4,20.4,0.181,0.0313,4,1.077,4,3,0.049,126.3,axon,1
F1647,40114,4-0,B2,404.4,10.3,66.5,0.672,0.1321,2,2.252,7,5,0.071,130.1,merged_object,1
F1648,40489,4-6,B5,413.9,668.3,14.5,0.192,0.0973,2,3.655,0,9,0.13,143.7,smooth_dendrite,1
F1649,40007,3-4,B5,344.2,456.8,15.8,0.337,0.0267,4,1.341,2,2,0.055,117.6,axon,0
F1650,40343,4-4,B4,409.2,476.2,29.1,0.491,0.0367,4,3.558,0,4,0.036,133.3,smooth_dendrite,0
F1651,40345,1-4,B1,127.0,492.0,11.7,0.496,0.1282,8,0.931,0,2,0.072,109.9,smooth_dendrite,0
F1652,40078,5-0,B2,518.0,3.1,78.0,0.311,0.0046,3,0.613,1,1,0.093,112.3,axon,0
F1653,40543,1-5,B5,165.1,577.2,18.8,1.392,0.0206,2,1.085,0,1,0.063,103.6,glia_process,1
F1654,40550,6-1,B4,688.7,195.3,32.0,1.08,0.0499,10,0.549,0,1,0.008,112.3,glia_process,1
F1655,40478,5-2,B2,534.2,275.4,125.1,0.857,0.0142,5,1.69,2,1,0.04,118.2,axon,0
F1656,40068,7-0,B5,775.0,60.6,36.9,0.501,0.0256,4,1.454,8,1,0.041,134.8,axon,0
F1657,40141,4-2,B2,498.1,206.6,19.2,1.015,0.0363,3,1.271,0,7,0.047,135.3,spiny_dendrite,0
F1658,40456,0-3,B5,77.0,331.3,14.0,0.997,0.0164,3,0.455,1,5,0.221,119.4,smooth_dendrite,0
F1659,40073,4-2,B2,422.1,243.5,25.8,0.308,0.0424,3,1.372,0,4,0.085,135.9,spiny_dendrite,0
F1660,40342,5-6,B2,590.3,640.1,30.8,0.574,0.046,2,2.206,0,6,0.255,135.6,smooth_dendrite,0
F1661,40120,4-5,B3,413.1,580.6,22.0,0.305,0.012,1,2.014,1,0,0.03,122.2,axon,0
F1662,40041,2-5,B1,255.0,567.4,27.4,0.825,0.0453,5,1.142,4,2,0.059,118.5,axon,1
F1663,40152,6-3,B5,695.9,304.3,19.2,0.349,0.0941,2,0.318,0,5,0.072,100.3,spiny_dendrite,0
F1664,40587,5-7,B1,523.6,763.0,9.8,0.689,0.2973,7,1.256,0,0,0.058,129.8,glia_process,0
F1665,40178,2-2,B6,225.9,266.1,40.6,0.752,0.0204,5,3.283,2,3,0.05,109.8,axon,0
F1666,40597,7-5,B2,792.7,557.3,30.3,0.242,0.3123,5,0.94,1,0,0.04,117.5,glia_process,0
F1667,40353,6-0,B4,628.0,81.6,20.8,0.497,0.0028,4,0.703,1,1,0.449,106.7,axon,1
F1668,40291,3-6,B3,303.0,660.2,34.2,0.344,0.058,7,1.933,4,1,0.103,143.0,axon,0
F1669,40285,6-5,B6,657.4,538.7,19.8,0.581,0.1241,4,1.013,0,1,0.105,132.9,spiny_dendrite,0
F1670,40577,0-2,B4,70.0,250.8,9.1,1.455,0.0495,7,1.422,1,0,0.013,132.1,glia_process,0
F1671,40247,7-6,B2,764.7,647.0,16.3,1.007,0.0631,2,2.866,0,10,0.2,112.3,spiny_dendrite,0
F1672,40155,4-7,B5,429.2,757.3,42.7,0.325,0.0394,1,1.154,3,2,0.043,121.3,axon,0
F1673,40522,2-3,B1,255.8,351.2,64.9,0.312,0.0659,3,3.448,0,1,0.051,122.3,glia_process,1
F1674,40258,3-5,B2,347.6,593.9,40.0,0.499,0.0111,6,1.099,1,6,0.178,123.2,spiny_dendrite,0
F1675,40223,6-6,B2,614.2,626.0,16.7,0.232,0.0124,4,0.287,5,2,0.227,130.9,axon,0
F1676,40531,2-6,B3,269.5,671.9,20.2,0.769,0.0309,5,2.105,0,1,0.017,114.6,glia_process,1
F1677,40545,6-6,B2,635.2,639.2,22.2,0.518,0.0969,5,2.25,0,0,0.03,123.4,glia_process,0
F1678,40037,1-1,B4,197.4,179.1,22.3,0.402,0.0155,1,1.039,2,0,0.07,137.0,axon,0
F1679,40480,7-6,B1,799.3,641.2,40.5,2.715,0.0096,2,0.81,0,3,0.817,110.2,smooth_dendrite,0
F1680,40352,1-6,B3,111.8,683.4,79.5,0.872,0.031,1,4.191,5,1,0.159,113.6,axon,0
F1681,40216,0-7,B2,85.9,762.9,45.7,0.565,0.0617,4,0.46,3,2,0.131,127.3,merged_object,1
F1682,40207,5-6,B4,572.1,665.9,21.4,0.106,0.0396,2,0.636,1,1,0.075,129.4,axon,0
F1683,40553,5-5,B2,565.4,573.0,19.9,0.704,0.2425,5,1.436,1,1,0.019,108.2,glia_process,0
F1684,40198,4-2,B3,483.8,273.0,28.2,0.574,0.0288,2,0.864,0,4,0.05,129.9,spiny_dendrite,0
F1685,40521,7-0,B5,783.1,15.5,9.7,0.373,0.0754,2,2.739,0,1,0.038,145.1,glia_process,0
F1686,40058,3-6,B6,302.2,642.8,71.9,0.3,0.6359,19,1.151,2,10,0.109,141.8,merged_object,1
F1687,40094,2-3,B5,223.7,386.5,20.4,0.131,0.0055,1,0.878,3,1,0.059,127.7,axon,0
F1688,40216,0-7,B2,23.4,756.2,33.1,0.435,0.0224,3,0.545,3,1,0.145,125.6,axon,0
F1689,40199,2-2,B2,210.8,234.0,29.5,0.371,0.0545,17,1.364,2,4,0.108,116.6,merged_object,1
F1690,40053,7-3,B4,702.8,333.7,43.5,0.768,0.0757,4,0.955,3,2,0.051,122.7,axon,1
F1691,40183,6-4,B5,614.4,467.1,37.8,0.267,0.0527,10,2.28,0,6,0.108,120.1,spiny_dendrite,0
F1692,40352,1-6,B3,165.0,661.3,93.8,1.673,0.0536,2,3.319,8,1,0.161,117.0,axon,0
F1693,40167,3-5,B2,352.0,561.8,43.2,0.854,0.1269,14,0.797,1,4,0.295,134.2,merged_object,1
F1694,40337,1-0,B3,145.8,59.1,25.9,0.452,0.0295,1,1.84,1,1,0.109,123.5,axon,0
F1695,40071,5-4,B3,586.7,431.2,80.8,0.171,0.125,1,1.684,0,2,0.07,136.2,spiny_dendrite,0
F1696,40168,3-2,B3,353.8,228.2,166.1,0.438,0.0878,6,0.613,11,1,0.02,122.1,merged_object,1
F1697,40456,0-3,B5,57.1,341.5,15.9,0.802,0.0149,6,0.492,1,4,0.084,121.5,smooth_dendrite,0
F1698,40475,2-5,B5,246.8,513.5,15.8,0.401,0.025,5,1.954,1,3,0.052,124.8,smooth_dendrite,0
F1699,40358,4-6,B6,430.4,659.5,123.0,0.402,0.0711,5,3.485,1,4,0.043,139.2,merged_object,1
F1700,40489,4-6,B5,472.0,610.7,12.2,0.169,0.0306,2,1.603,2,3,0.107,145.8,axon,0
F1701,40457,6-0,B5,646.8,75.0,39.3,0.366,0.0452,2,8.609,0,4,0.049,110.5,smooth_dendrite,0
F1702,40507,5-6,B6,559.1,628.7,53.5,0.185,0.2514,5,1.584,0,0,0.067,128.1,glia_process,0
F1703,40205,2-6,B5,218.8,624.5,33.8,0.138,0.0187,6,2.819,2,2,0.082,105.4,axon,0
F1704,40555,5-2,B6,581.4,210.9,37.1,0.391,0.085,2,0.555,1,0,0.089,115.1,glia_process,0
F1705,40292,1-0,B1,132.0,4.5,28.9,0.451,0.0058,3,1.234,12,1,0.12,111.1,axon,1
F1706,40454,6-1,B2,658.7,106.4,6.6,1.578,0.0066,4,1.149,2,1,0.091,114.5,axon,0
F1707,40304,7-4,B3,797.0,400.5,50.9,0.57,0.0182,1,0.501,1,18,0.137,131.2,spiny_dendrite,0
F1708,40433,5-6,B6,558.1,632.9,96.8,0.746,0.0405,4,1.597,0,8,0.123,126.5,smooth_dendrite,1
F1709,40552,7-2,B4,759.3,220.8,23.5,1.051,0.0516,6,1.962,1,2,0.046,120.5,glia_process,0
F1710,40195,5-3,B1,564.0,392.2,14.5,0.801,0.0394,4,0.875,1,2,0.066,118.1,axon,0
F1711,40332,5-4,B2,587.7,465.5,11.9,1.048,0.0233,1,3.812,1,6,0.139,129.6,smooth_dendrite,0
F1712,40155,4-7,B5,450.3,759.0,34.2,0.745,0.061,3,1.248,0,5,0.072,120.0,spiny_dendrite,0
F1713,40546,7-4,B2,758.0,460.0,10.9,0.408,0.0508,1,1.747,0,0,0.041,121.1,glia_process,0
F1714,40061,6-2,B6,652.9,220.5,86.2,0.351,0.1156,4,0.601,1,1,0.23,124.4,spiny_dendrite,0
F1715,40036,5-1,B1,549.7,135.1,30.2,1.46,0.0219,2,0.858,4,1,0.121,80.7,axon,0
F1716,40169,6-7,B3,689.8,736.0,32.3,0.369,0.0687,2,3.701,0,17,0.069,128.3,spiny_dendrite,0
F1717,40307,3-0,B3,335.9,54.6,44.6,0.569,0.1342,4,0.785,1,1,0.103,118.7,spiny_dendrite,1
F1718,40416,6-7,B1,620.3,717.8,47.9,1.004,0.0221,5,0.819,5,0,0.046,131.4,axon,0
F1719,40561,0-5,B6,75.9,523.6,30.3,3.139,0.2024,5,0.958,0,1,0.047,90.4,glia_process,0
F1720,40484,0-1,B2,87.0,168.6,28.2,0.907,0.1047,21,3.047,2,8,0.052,147.2,merged_object,1
F1721,40233,6-7,B3,641.7,778.5,35.8,0.914,0.0836,2,1.626,1,5,0.086,131.0,spiny_dendrite,0
F1722,40162,1-3,B5,193.1,324.7,35.4,0.495,0.0268,5,0.816,0,11,0.076,140.6,spiny_dendrite,0
F1723,40344,2-2,B2,236.0,234.9,13.4,0.425,0.0261,0,4.716,4,1,0.06,110.4,axon,0
F1724,40171,2-3,B2,235.3,315.2,24.3,0.45,0.0461,1,0.355,0,4,0.11,131.2,spiny_dendrite,0
F1725,40220,5-3,B5,554.5,329.8,26.9,0.597,0.0627,4,1.352,2,1,0.055,122.6,axon,0
F1726,40527,5-3,B2,556.6,338.5,30.0,0.519,0.1213,4,0.598,1,0,0.045,115.4,glia_process,0
F1727,40528,0-3,B4,81.2,352.9,15.8,0.426,0.0862,1,0.535,1,0,0.04,114.8,glia_process,0
F1728,40469,1-1,B3,127.9,116.6,141.7,0.58,0.018,1,2.143,1,0,0.1,128.7,axon,1
F1729,40130,4-1,B3,412.7,162.9,61.9,1.562,0.0862,4,0.888,2,5,0.078,110.3,merged_object,1
F1730,40379,4-3,B6,485.9,334.8,58.8,0.34,0.0147,2,1.818,4,2,0.031,112.2,axon,1
F1731,40227,0-7,B2,95.3,772.1,22.7,0.123,0.0069,4,1.928,1,1,0.226,120.1,axon,0
F1732,40543,1-5,B5,168.0,551.3,24.4,1.204,0.0232,3,2.505,0,1,0.05,104.7,glia_process,1
F1733,40260,4-6,B5,485.7,671.4,69.5,0.439,0.1789,14,1.024,2,4,0.096,155.3,merged_object,1
F1734,40071,5-4,B3,567.0,451.2,82.7,0.166,0.0859,2,3.058,0,1,0.067,133.1,spiny_dendrite,0
F1735,40471,3-1,B1,337.7,120.0,28.6,0.175,0.0091,2,1.347,3,1,0.045,123.3,axon,0
F1736,40429,6-1,B6,676.4,100.2,99.7,0.295,0.0254,3,0.945,3,1,0.267,114.7,axon,0
F1737,40542,5-3,B3,566.4,342.0,48.7,0.397,0.0639,1,0.978,0,0,0.015,109.6,glia_process,0
F1738,40134,2-3,B2,203.5,301.2,38.9,0.838,0.0272,5,2.778,1,11,0.033,125.7,spiny_dendrite,1
F1739,40047,0-7,B2,82.5,797.5,23.9,0.91,0.019,5,1.069,3,2,0.331,130.4,axon,0
F1740,40194,1-2,B3,192.2,204.4,39.6,0.296,0.0837,2,0.931,3,3,0.055,122.7,axon,0
F1741,40277,7-1,B2,781.8,186.6,22.5,0.129,0.0196,5,0.556,3,1,0.068,103.9,axon,0
F1742,40032,7-7,B1,714.9,733.4,50.4,0.725,0.0928,3,0.476,0,5,0.173,121.5,spiny_dendrite,0
F1743,40422,3-2,B1,355.2,294.4,44.4,0.301,0.0138,5,1.815,3,0,0.043,115.9,axon,0
F1744,40253,3-1,B1,350.8,175.6,14.5,0.296,0.0119,3,2.128,1,2,0.167,129.6,axon,1
F1745,40039,0-6,B1,52.3,636.2,31.0,0.23,0.1478,2,1.291,0,4,0.22,122.3,spiny_dendrite,0
F1746,40111,7-0,B6,763.6,31.9,40.4,0.499,0.0342,3,0.605,11,1,0.053,150.6,axon,0
F1747,40313,7-6,B1,723.5,613.8,97.8,0.709,0.1069,12,3.553,1,24,0.116,110.9,spiny_dendrite,0
F1748,40074,1-0,B1,102.8,85.5,20.3,2.287,0.0468,2,0.615,0,1,0.281,114.4,spiny_dendrite,0
F1749,40168,3-2,B3,383.8,291.0,104.7,0.298,0.0263,5,0.873,2,2,0.017,122.2,spiny_dendrite,0
F1750,40414,2-4,B1,224.3,492.3,69.6,1.083,0.0434,7,0.561,1,7,0.029,132.2,smooth_dendrite,0
F1751,40426,0-4,B6,92.0,487.6,16.6,0.24,0.0774,2,1.993,0,4,0.018,126.3,smooth_dendrite,0
F1752,40556,7-5,B6,763.1,516.8,13.7,0.605,0.0931,3,5.206,1,0,0.061,113.2,glia_process,1
F1753,40140,4-1,B1,446.6,116.8,15.4,0.586,0.0367,1,0.766,1,3,0.067,105.1,spiny_dendrite,0
F1754,40253,3-1,B1,318.5,193.5,28.6,0.48,0.0386,2,2.253,0,10,0.128,127.1,spiny_dendrite,0
F1755,40258,3-5,B2,375.5,552.1,33.1,0.2,0.009,4,1.339,3,1,0.111,124.6,axon,1
F1756,40158,2-5,B4,205.2,521.5,15.9,0.345,0.0214,5,1.257,1,4,0.096,113.4,spiny_dendrite,1
F1757,40193,7-7,B3,770.4,700.0,20.8,0.489,0.0126,5,0.736,5,2,0.112,132.1,axon,0
F1758,40575,5-4,B4,577.4,458.4,17.2,3.586,0.0403,3,0.627,1,0,0.033,131.5,glia_process,1
F1759,40492,0-3,B6,20.6,307.7,14.5,0.399,0.0601,6,2.172,0,4,0.04,116.7,smooth_dendrite,0
F1760,40441,6-6,B3,616.5,690.2,12.1,0.381,0.0155,3,0.281,7,1,0.083,120.2,axon,0
F1761,40379,4-3,B6,402.1,382.2,53.8,0.688,0.0136,2,1.146,5,2,0.028,114.6,axon,0
F1762,40275,2-2,B6,223.0,283.4,26.5,0.208,0.0323,3,0.697,1,1,0.077,105.5,axon,1
F1763,40345,1-4,B1,159.0,416.8,16.5,0.333,0.0888,7,1.309,1,1,0.04,111.2,axon,0
F1764,40403,4-2,B1,459.8,264.3,50.6,1.393,0.0275,2,0.616,1,0,0.687,131.4,axon,0
F1765,40595,3-7,B1,395.0,726.0,95.2,0.584,0.0308,10,1.204,1,1,0.097,142.8,glia_process,1
F1766,40507,5-6,B6,551.7,659.6,61.2,0.285,0.1372,4,1.511,0,0,0.045,131.8,glia_process,0
F1767,40144,6-5,B5,668.4,509.3,8.0,0.603,0.071,2,0.666,1,4,0.114,125.1,spiny_dendrite,0
F1768,40453,4-2,B4,464.0,250.9,23.2,0.149,0.0049,2,0.42,1,1,0.109,132.0,axon,0
F1769,40461,0-6,B2,61.7,646.2,84.8,0.611,0.09,3,2.378,0,5,0.248,130.5,smooth_dendrite,0
F1770,40084,3-3,B6,327.1,389.0,23.7,0.701,0.0575,1,0.648,0,2,0.593,111.1,spiny_dendrite,0
F1771,40009,0-0,B4,40.5,23.3,15.9,0.054,0.0386,2,0.686,6,4,0.061,130.5,axon,0
F1772,40530,4-7,B5,449.8,761.2,46.7,0.381,0.089,7,2.552,0,1,0.009,130.2,glia_process,1
F1773,40149,1-1,B5,147.6,199.9,25.2,0.143,0.0318,2,0.486,7,2,0.142,127.6,axon,1
F1774,40270,2-2,B3,272.3,256.4,13.0,0.81,0.0118,5,0.4,0,14,0.183,105.6,spiny_dendrite,0
F1775,40258,3-5,B2,351.5,538.0,29.4,0.474,0.0051,6,1.36,3,0,0.136,123.4,axon,1
F1776,40044,5-0,B5,592.2,65.4,48.0,0.278,0.0049,3,0.595,1,2,0.064,123.7,axon,0
F1777,40335,1-6,B3,146.6,688.8,45.7,0.51,0.0359,3,1.757,19,1,0.037,121.4,axon,0
F1778,40393,1-3,B6,103.5,361.2,41.2,0.328,0.0155,2,2.332,3,2,0.046,149.1,axon,0
F1779,40119,7-0,B6,700.1,48.8,40.0,0.555,0.017,4,2.759,3,1,0.044,144.6,axon,0
F1780,40400,5-5,B5,530.6,511.0,78.3,0.266,0.0119,4,1.743,1,1,0.021,118.7,axon,0
F1781,40552,7-2,B4,742.8,221.2,44.0,0.895,0.0493,5,2.399,1,2,0.04,120.1,glia_process,1
F1782,40416,6-7,B1,641.4,726.3,41.6,1.085,0.0428,3,0.759,5,0,0.025,130.1,axon,0
F1783,40480,7-6,B1,752.5,665.1,30.9,1.514,0.0094,1,1.311,0,0,0.316,112.3,axon,0
F1784,40125,7-5,B4,712.2,527.0,64.0,0.827,0.0283,1,0.632,4,1,0.091,117.0,axon,0
F1785,40047,0-7,B2,25.0,731.6,19.0,1.412,0.0299,9,0.562,1,6,0.361,129.5,spiny_dendrite,0
F1786,40281,0-7,B2,33.1,756.6,25.8,0.783,0.0781,3,1.508,1,1,0.083,127.3,spiny_dendrite,0
F1787,40429,6-1,B6,666.3,123.5,58.1,0.208,0.06,2,0.96,1,8,0.194,113.7,smooth_dendrite,1
F1788,40428,4-3,B2,492.4,315.5,33.5,0.142,0.1146,2,7.84,1,0,0.106,116.1,axon,0
F1789,40073,4-2,B2,428.0,281.0,13.4,0.254,0.0416,6,0.818,0,4,0.101,138.8,spiny_dendrite,0
F1790,40434,1-5,B6,132.5,508.9,14.3,0.532,0.0195,1,2.324,0,9,0.106,114.7,smooth_dendrite,0
F1791,40294,4-5,B1,401.9,592.7,41.3,0.204,0.0209,1,1.105,2,1,0.195,116.9,axon,0
F1792,40279,4-7,B6,462.4,739.7,16.5,0.508,0.0164,2,1.287,0,15,0.086,122.1,spiny_dendrite,0
F1793,40352,1-6,B3,152.7,681.3,156.2,0.959,0.0376,2,3.398,10,1,0.129,114.6,axon,0
F1794,40439,4-6,B6,495.7,621.7,69.2,3.529,0.0704,6,1.761,0,3,0.067,146.7,smooth_dendrite,0
F1795,40032,7-7,B1,710.9,717.1,174.4,0.89,0.0514,2,0.534,3,1,0.116,119.7,axon,0
F1796,40135,2-1,B3,284.0,128.2,75.3,0.696,0.0143,7,2.902,1,6,0.063,125.3,spiny_dendrite,1
F1797,40430,7-7,B2,740.4,731.9,33.6,0.371,0.0141,3,2.11,2,4,0.255,124.7,smooth_dendrite,1
F1798,40595,3-7,B1,373.6,727.1,59.3,1.026,0.0394,3,1.08,0,1,0.073,141.5,glia_process,1
F1799,40065,1-3,B5,196.8,375.5,29.6,1.801,0.1206,2,2.577,1,28,0.045,145.1,spiny_dendrite,0
F1800,40047,0-7,B2,88.2,754.5,18.8,1.436,0.0429,10,0.998,0,5,0.445,130.7,spiny_dendrite,0
F1801,40411,0-2,B4,7.7,295.6,32.0,0.115,0.0206,3,1.117,6,4,0.069,128.6,axon,0
F1802,40446,3-0,B3,340.0,94.4,82.9,0.394,0.0395,3,0.997,1,11,0.085,113.5,smooth_dendrite,0
F1803,40423,6-7,B3,699.6,743.8,28.0,0.696,0.0493,2,0.987,1,3,0.071,137.7,smooth_dendrite,0
F1804,40471,3-1,B1,351.5,140.3,34.2,0.203,0.0529,3,1.091,0,4,0.084,119.7,smooth_dendrite,0
F1805,40443,6-0,B6,622.2,92.7,20.4,0.624,0.0047,10,1.448,4,4,0.024,110.7,axon,0
F1806,40181,1-6,B4,155.0,694.4,28.9,0.379,0.0589,3,1.313,1,8,0.098,123.3,spiny_dendrite,1
F1807,40185,0-1,B1,54.4,129.4,42.9,0.697,0.0079,3,1.656,3,1,0.092,136.9,axon,0
F1808,40439,4-6,B6,432.2,651.8,80.2,3.146,0.0409,3,2.593,1,0,0.087,149.0,axon,0
F1809,40359,2-4,B1,202.7,457.5,17.4,0.623,0.0303,5,1.771,1,3,0.056,121.4,smooth_dendrite,0
F1810,40598,2-3,B4,255.2,393.2,11.9,0.107,0.0323,3,0.469,1,1,0.015,121.5,glia_process,1
F1811,40235,5-5,B6,549.9,560.1,17.0,1.781,0.0684,1,0.313,1,2,0.116,115.3,spiny_dendrite,0
F1812,40068,7-0,B5,774.7,11.8,21.5,0.556,0.0353,5,3.038,1,5,0.066,138.6,spiny_dendrite,0
F1813,40259,3-4,B6,350.2,417.3,61.3,0.577,0.0533,1,0.382,0,1,0.061,122.3,spiny_dendrite,1
F1814,40090,0-6,B2,39.9,610.3,48.5,0.303,0.0246,2,0.32,14,1,0.048,126.5,axon,0
F1815,40476,3-3,B3,365.5,370.1,17.3,0.219,0.0286,2,1.133,2,2,0.233,113.8,smooth_dendrite,0
F1816,40347,5-1,B6,533.5,120.2,30.7,0.327,0.0178,1,3.812,3,2,0.258,80.7,axon,0
F1817,40329,2-1,B4,251.0,160.0,21.3,0.401,0.0401,5,0.629,12,2,0.019,121.8,axon,0
F1818,40311,0-7,B1,8.9,759.6,35.2,0.7,0.0154,2,0.831,1,2,0.087,117.1,spiny_dendrite,0
F1819,40486,6-5,B5,695.1,511.1,26.0,0.741,0.0275,2,2.36,1,5,0.155,128.1,smooth_dendrite,1
F1820,40306,3-3,B3,396.0,375.8,78.9,0.185,0.38,5,1.006,5,7,0.071,101.7,merged_object,1
F1821,40301,0-5,B2,94.3,547.9,17.8,0.718,0.1041,2,0.283,0,5,0.111,100.0,spiny_dendrite,0
F1822,40468,3-7,B1,376.2,790.5,121.3,0.287,0.0243,2,3.046,0,3,0.268,135.9,smooth_dendrite,0
F1823,40381,2-7,B3,244.3,707.1,160.4,0.531,0.0041,4,0.494,7,1,0.205,126.6,axon,0
F1824,40007,3-4,B5,362.9,437.1,24.4,0.442,0.086,4,0.594,0,12,0.141,119.8,spiny_dendrite,0
F1825,40205,2-6,B5,213.1,654.7,31.8,0.323,0.0526,7,1.904,1,7,0.049,105.2,spiny_dendrite,0
F1826,40418,2-4,B3,285.1,498.8,73.5,0.67,0.1231,2,1.616,1,4,0.084,122.1,smooth_dendrite,0
F1827,40400,5-5,B5,583.0,539.9,81.3,0.188,0.0105,4,1.317,0,2,0.033,118.4,axon,1
F1828,40493,3-3,B5,312.6,330.8,28.9,0.241,0.1908,4,2.817,1,1,0.113,109.3,smooth_dendrite,0
F1829,40524,0-1,B4,62.0,188.9,66.9,0.906,0.0872,2,3.311,5,3,0.045,142.9,merged_object,1
F1830,40301,0-5,B2,22.5,559.8,18.8,0.592,0.1902,1,0.353,0,6,0.059,98.0,spiny_dendrite,0
F1831,40391,6-5,B1,631.8,515.3,6.8,0.339,0.0585,2,2.005,0,4,0.082,127.4,smooth_dendrite,0
F1832,40548,7-6,B2,765.0,672.1,69.7,0.041,0.0924,3,3.184,0,1,0.018,104.4,glia_process,0
F1833,40187,0-4,B1,41.4,408.4,70.7,0.43,0.0191,1,1.677,4,1,0.23,122.3,axon,0
F1834,40335,1-6,B3,144.9,600.7,31.6,0.784,0.0654,4,1.419,2,2,0.084,125.3,smooth_dendrite,0
F1835,40233,6-7,B3,635.7,746.2,77.0,0.677,0.0192,1,1.553,5,2,0.11,126.1,axon,0
F1836,40544,0-2,B3,85.6,201.4,48.3,0.525,0.028,3,2.585,0,2,0.101,121.9,glia_process,1
F1837,40290,5-6,B5,571.3,649.8,73.5,0.481,0.0865,4,0.396,0,3,0.348,134.6,spiny_dendrite,1
F1838,40585,5-6,B4,564.2,663.3,44.7,0.238,0.0807,6,0.873,0,0,0.081,127.0,glia_process,0
F1839,40451,3-2,B4,399.0,239.4,26.8,0.677,0.0106,1,0.838,3,1,0.036,124.9,axon,0
F1840,40401,3-2,B6,351.0,233.5,31.0,0.208,0.0695,2,1.292,10,1,0.043,122.0,axon,0
F1841,40111,7-0,B6,799.3,91.8,12.8,0.366,0.0205,3,0.447,11,1,0.047,146.1,axon,0
F1842,40467,3-7,B2,390.0,768.3,45.2,0.586,0.0722,2,0.709,0,7,0.063,149.6,smooth_dendrite,0
F1843,40389,4-3,B1,498.7,333.0,12.8,0.211,0.0698,1,2.251,5,4,0.076,108.3,axon,1
F1844,40230,1-2,B4,111.3,299.2,17.9,0.199,0.0619,1,0.894,2,2,0.095,113.8,axon,0
F1845,40095,1-7,B1,197.6,792.1,6.7,0.342,0.0076,2,0.643,1,1,0.171,113.6,axon,0
F1846,40525,0-2,B4,97.0,225.8,45.5,0.713,0.0586,12,0.713,0,0,0.025,129.8,glia_process,0
F1847,40364,6-5,B2,660.3,555.8,30.6,0.451,0.0324,3,0.496,0,4,0.052,133.0,smooth_dendrite,0
F1848,40467,3-7,B2,393.6,788.4,78.5,0.479,0.0284,2,0.595,1,1,0.044,149.5,axon,0
F1849,40204,4-3,B5,459.6,386.4,84.8,0.543,0.0085,1,1.853,3,1,0.107,107.6,axon,1
F1850,40467,3-7,B2,360.2,766.0,56.6,1.094,0.0501,2,0.972,0,3,0.064,148.5,smooth_dendrite,0
F1851,40302,5-6,B6,506.0,659.5,35.8,0.312,0.0267,1,1.485,1,1,0.076,127.4,axon,0
F1852,40286,5-0,B1,566.8,6.4,18.3,2.631,0.0497,3,1.994,0,3,0.108,121.2,spiny_dendrite,1
F1853,40466,3-0,B1,312.2,7.1,75.0,1.305,0.1173,3,0.659,0,0,0.09,125.8,smooth_dendrite,0
F1854,40274,6-4,B6,629.2,421.6,32.9,1.027,0.0964,3,1.748,0,5,0.126,110.6,spiny_dendrite,1
F1855,40074,1-0,B1,145.5,14.0,42.1,1.464,0.0098,1,0.571,2,1,0.115,113.3,axon,0
F1856,40099,5-2,B4,593.1,236.6,48.7,0.258,0.0199,9,2.431,2,1,0.028,128.1,axon,0
F1857,40063,6-5,B2,653.8,564.5,20.0,0.446,0.0404,7,0.457,0,14,0.127,129.8,spiny_dendrite,0
F1858,40320,1-1,B4,167.9,196.5,91.1,0.165,0.0766,11,1.148,1,12,0.055,128.5,spiny_dendrite,0
F1859,40529,5-2,B1,533.0,203.0,22.1,0.428,0.1734,4,0.458,0,1,0.105,118.3,glia_process,0
F1860,40351,1-3,B2,149.1,317.5,41.3,0.321,0.0664,2,0.911,1,3,0.161,144.9,smooth_dendrite,0
F1861,40426,0-4,B6,42.7,407.3,26.9,0.232,0.1318,2,2.721,2,5,0.023,128.5,merged_object,1
F1862,40045,6-4,B6,654.1,416.4,13.1,0.231,0.0523,5,1.265,0,4,0.07,119.1,spiny_dendrite,0
F1863,40016,3-3,B5,309.7,300.5,19.5,1.056,0.0885,6,1.59,1,1,0.079,106.6,axon,0
F1864,40396,6-2,B4,695.5,271.0,44.3,0.187,0.0146,6,2.302,2,5,0.093,115.2,smooth_dendrite,1
F1865,40516,5-0,B5,541.3,26.4,6.5,0.645,0.1607,1,0.662,0,1,0.047,117.0,glia_process,1
F1866,40471,3-1,B1,356.4,146.7,28.4,0.251,0.0213,2,1.461,0,10,0.078,120.2,smooth_dendrite,0
F1867,40455,3-0,B5,388.8,27.1,47.5,0.432,0.0545,3,1.639,0,1,0.17,116.4,smooth_dendrite,0
F1868,40302,5-6,B6,500.5,663.5,36.3,1.104,0.0484,3,0.915,0,21,0.086,130.6,spiny_dendrite,1
F1869,40006,7-6,B4,752.5,650.8,31.3,1.572,0.0145,1,0.852,0,11,0.065,107.1,spiny_dendrite,0
F1870,40008,7-1,B6,796.4,120.2,53.6,1.119,0.0444,2,3.224,4,1,0.079,95.1,axon,0
F1871,40046,6-6,B1,695.3,674.2,51.6,0.229,0.011,1,0.543,4,3,0.03,124.2,axon,1
F1872,40240,5-7,B3,562.6,708.1,12.7,0.531,0.0303,3,1.512,2,0,0.142,128.5,axon,1
F1873,40476,3-3,B3,343.1,385.4,22.3,0.47,0.0241,4,0.974,2,2,0.145,114.5,smooth_dendrite,0
F1874,40113,4-7,B1,452.6,726.7,25.3,0.34,0.0698,5,1.248,4,0,0.055,125.6,axon,0
F1875,40026,3-1,B6,314.5,103.8,137.0,0.115,0.0274,2,1.952,3,1,0.029,128.7,axon,0
F1876,40402,5-4,B6,546.8,430.3,95.0,0.33,0.0344,2,2.332,0,3,0.075,126.7,smooth_dendrite,0
F1877,40099,5-2,B4,589.0,281.9,49.9,0.185,0.0528,15,2.176,2,1,0.034,123.6,axon,0
F1878,40393,1-3,B6,148.7,317.9,28.2,0.517,0.0434,3,1.806,0,6,0.149,151.9,smooth_dendrite,0
F1879,40421,1-0,B4,130.1,10.6,53.8,0.455,0.0254,1,0.87,2,1,0.048,125.6,axon,0
F1880,40558,6-6,B1,676.1,620.1,70.1,1.056,0.1325,20,2.121,4,5,0.137,119.6,merged_object,1
F1881,40460,2-0,B6,297.0,28.9,29.1,0.488,0.0303,7,8.495,0,4,0.248,128.4,smooth_dendrite,0
F1882,40454,6-1,B2,606.8,184.5,5.9,1.961,0.006,3,0.95,3,1,0.221,117.8,axon,0
F1883,40529,5-2,B1,521.7,290.8,23.1,0.407,0.2107,2,0.78,0,1,0.046,116.8,glia_process,0
F1884,40052,7-2,B1,751.3,285.2,28.3,0.532,0.0583,1,2.391,1,7,0.141,120.0,spiny_dendrite,0
F1885,40036,5-1,B1,523.0,165.8,38.1,1.704,0.0283,2,1.196,3,1,0.124,80.1,axon,1
F1886,40341,1-4,B1,180.8,466.7,46.4,0.244,0.1447,1,0.245,0,1,0.058,119.2,smooth_dendrite,0
F1887,40314,1-4,B3,132.6,430.8,49.5,0.256,0.0282,2,2.47,1,9,0.028,119.3,spiny_dendrite,0
F1888,40497,7-1,B2,708.7,157.5,29.8,0.23,0.0172,4,0.813,7,1,0.031,98.5,axon,0
F1889,40496,1-6,B6,111.4,643.5,78.9,0.173,0.0688,8,5.903,1,5,0.084,126.3,smooth_dendrite,1
F1890,40286,5-0,B1,575.3,95.2,43.4,0.939,0.0084,3,2.137,2,0,0.053,121.6,axon,1
F1891,40283,3-0,B6,333.2,41.8,13.9,0.805,0.0258,2,7.755,5,1,0.029,121.1,axon,0
F1892,40479,4-7,B3,430.1,744.5,19.5,0.868,0.037,2,2.44,1,5,0.185,124.5,smooth_dendrite,0
F1893,40215,2-3,B2,212.1,322.6,45.4,0.745,0.0465,4,0.471,0,3,0.135,127.1,spiny_dendrite,0
F1894,40478,5-2,B2,585.8,254.9,64.6,1.773,0.0457,6,1.156,0,3,0.078,116.7,smooth_dendrite,0
F1895,40457,6-0,B5,656.4,67.5,43.5,0.748,0.046,3,5.486,0,3,0.033,110.7,smooth_dendrite,0
F1896,40463,5-5,B3,511.1,531.5,40.6,0.45,0.03,2,0.846,0,4,0.116,112.4,smooth_dendrite,0
F1897,40469,1-1,B3,153.8,167.8,79.3,0.897,0.0353,3,1.559,0,3,0.112,127.4,smooth_dendrite,0
F1898,40272,6-6,B4,688.0,675.3,18.0,0.239,0.0268,2,3.08,2,1,0.043,122.6,axon,0
F1899,40403,4-2,B1,417.4,224.1,31.5,0.841,0.0837,1,0.768,0,2,0.483,130.3,smooth_dendrite,0
F1900,40138,0-1,B3,26.0,147.6,44.0,0.112,0.0416,2,1.68,3,1,0.183,141.6,axon,0
F1901,40011,7-3,B3,796.3,341.8,27.5,0.172,0.2031,5,1.911,1,2,0.142,116.9,spiny_dendrite,0
F1902,40407,4-6,B4,464.8,635.1,60.7,0.517,0.0473,2,0.751,1,2,0.179,147.4,smooth_dendrite,1
F1903,40378,6-1,B6,638.7,143.6,16.8,0.411,0.0575,5,0.208,6,1,0.17,114.6,axon,1
F1904,40054,2-0,B1,267.0,29.4,20.4,0.709,0.0364,3,1.934,1,11,0.069,123.0,spiny_dendrite,0
F1905,40046,6-6,B1,657.6,674.7,45.5,0.14,0.009,1,0.469,3,2,0.081,124.0,axon,0
F1906,40208,3-6,B4,381.8,601.8,21.4,0.219,0.0238,5,3.839,7,1,0.057,140.1,axon,0
F1907,40373,5-5,B3,512.5,592.6,28.2,0.304,0.0565,1,0.8,0,1,0.13,108.3,smooth_dendrite,1
F1908,40422,3-2,B1,304.2,275.2,32.3,0.39,0.0421,2,0.932,1,3,0.265,119.0,smooth_dendrite,0
F1909,40080,3-2,B4,327.6,211.6,31.9,0.268,0.0259,1,0.713,3,1,0.036,119.2,axon,0
F1910,40159,5-2,B2,537.7,264.7,25.8,0.299,0.0622,13,1.151,2,10,0.29,121.0,merged_object,1
F1911,40544,0-2,B3,86.8,207.1,49.2,0.574,0.0433,5,2.442,0,2,0.083,122.7,glia_process,0
F1912,40076,7-5,B6,732.2,524.6,77.0,0.489,0.1007,3,1.025,0,11,0.134,113.5,spiny_dendrite,0
F1913,40157,7-1,B3,791.7,127.0,57.0,0.465,0.025,2,0.524,8,0,0.061,99.9,axon,1
F1914,40358,4-6,B6,474.7,675.3,70.9,0.793,0.0188,5,4.697,0,5,0.056,141.9,smooth_dendrite,0
F1915,40360,4-0,B4,473.3,0.7,15.1,1.331,0.0166,2,0.541,2,2,0.274,122.9,smooth_dendrite,0
F1916,40497,7-1,B2,709.9,135.8,32.4,0.446,0.0212,7,1.582,1,8,0.078,99.1,smooth_dendrite,0
F1917,40259,3-4,B6,372.1,424.6,59.3,0.796,0.0497,3,0.476,1,2,0.097,121.8,spiny_dendrite,0
F1918,40399,4-4,B6,422.8,499.7,13.6,0.103,0.0187,4,1.001,2,0,0.059,136.0,axon,1
F1919,40276,4-3,B5,410.0,310.0,257.8,1.34,0.0127,5,1.368,2,4,0.239,113.3,axon,1
F1920,40451,3-2,B4,334.2,255.8,47.6,0.855,0.0109,3,1.238,2,2,0.02,125.6,axon,0
F1921,40393,1-3,B6,153.0,338.3,20.6,0.638,0.0365,2,2.27,0,10,0.126,149.8,smooth_dendrite,0
F1922,40280,4-4,B6,492.5,472.5,39.4,0.444,0.0333,1,0.661,6,1,0.018,130.1,axon,1
F1923,40510,6-1,B3,668.9,154.0,15.5,0.396,0.0686,6,1.014,0,1,0.037,115.1,glia_process,0
F1924,40246,4-2,B1,455.9,234.6,48.6,0.644,0.0243,2,0.573,5,0,0.021,131.9,axon,0
F1925,40113,4-7,B1,498.6,798.0,20.6,0.577,0.1178,6,0.759,0,2,0.055,123.2,spiny_dendrite,1
F1926,40338,4-2,B4,471.7,200.7,18.2,0.105,0.0456,2,1.098,4,1,0.143,132.4,axon,0
F1927,40495,5-2,B6,537.4,242.9,16.0,0.436,0.0563,2,1.463,0,7,0.29,122.8,smooth_dendrite,0
F1928,40339,5-2,B2,514.2,261.7,120.3,1.054,0.0446,9,0.651,1,3,0.157,109.1,smooth_dendrite,0
F1929,40135,2-1,B3,259.1,116.6,56.7,0.676,0.0098,6,3.193,3,1,0.051,123.8,axon,1
F1930,40477,1-0,B3,146.2,95.2,10.3,0.491,0.1421,3,1.676,1,3,0.184,118.0,smooth_dendrite,0
F1931,40364,6-5,B2,683.7,510.8,36.4,0.822,0.0207,2,0.889,0,7,0.072,135.2,smooth_dendrite,0
F1932,40344,2-2,B2,273.2,273.9,20.2,0.345,0.0701,1,3.583,1,2,0.06,109.9,smooth_dendrite,1
F1933,40035,0-6,B4,30.1,673.3,27.1,3.853,0.0806,3,0.43,0,5,0.113,127.5,spiny_dendrite,0
F1934,40143,2-7,B3,217.9,708.1,93.9,0.261,0.0662,2,0.609,0,4,0.063,128.6,spiny_dendrite,0
F1935,40421,1-0,B4,120.4,95.4,52.8,0.235,0.0186,1,1.208,3,1,0.041,125.6,axon,1
F1936,40032,7-7,B1,733.0,745.2,130.1,1.782,0.1064,2,0.504,0,4,0.242,120.2,spiny_dendrite,0
F1937,40019,5-0,B5,591.0,84.1,161.4,0.414,0.006,4,1.409,7,2,0.098,123.6,axon,0
F1938,40463,5-5,B3,586.6,536.9,31.9,0.232,0.0165,2,1.813,1,1,0.106,113.3,axon,0
F1939,40431,0-5,B4,22.4,512.3,12.7,0.122,0.0474,3,0.182,4,1,0.149,89.1,axon,0
F1940,40339,5-2,B2,575.7,286.3,69.1,1.721,0.0525,7,0.482,1,4,0.128,110.3,smooth_dendrite,1
F1941,40333,6-1,B2,646.7,140.2,42.8,0.437,0.1075,5,0.971,1,3,0.041,110.7,smooth_dendrite,0
F1942,40566,1-5,B2,198.8,584.4,9.6,0.243,0.0671,7,4.954,0,0,0.023,104.4,glia_process,1
F1943,40278,7-6,B4,769.9,692.5,201.7,0.338,0.1468,4,1.681,2,4,0.056,117.1,merged_object,1
F1944,40588,2-5,B6,280.5,564.3,95.7,0.435,0.0781,6,0.413,1,0,0.026,109.1,glia_process,0
F1945,40459,3-5,B4,371.4,530.7,190.6,0.11,0.0586,4,1.648,4,2,0.071,131.7,merged_object,1
F1946,40527,5-3,B2,551.7,384.6,30.1,0.816,0.1612,8,0.837,0,0,0.04,116.9,glia_process,0
F1947,40585,5-6,B4,565.3,612.6,69.9,0.227,0.1563,5,0.483,2,1,0.144,129.9,merged_object,1
F1948,40505,0-6,B1,39.5,645.6,20.6,0.219,0.0406,3,0.619,1,0,0.031,133.8,glia_process,0
F1949,40198,4-2,B3,494.2,296.3,37.5,0.377,0.035,4,0.629,0,5,0.054,130.2,spiny_dendrite,0
F1950,40003,3-5,B2,333.8,571.4,95.6,0.877,0.0668,5,1.633,1,2,0.145,126.8,spiny_dendrite,0
F1951,40373,5-5,B3,532.1,561.7,12.7,0.118,0.024,2,0.724,1,0,0.095,110.4,axon,0
F1952,40130,4-1,B3,428.7,126.7,22.1,0.92,0.0822,2,1.024,0,9,0.113,109.7,spiny_dendrite,0
F1953,40196,2-0,B6,280.3,98.3,21.8,0.609,0.1269,7,1.8,4,3,0.079,130.1,merged_object,1
F1954,40258,3-5,B2,360.6,527.5,51.6,0.494,0.0069,4,0.77,3,1,0.172,124.9,axon,0
F1955,40211,7-2,B4,701.4,257.1,59.4,0.542,0.0319,11,0.732,5,1,0.079,116.9,axon,0
F1956,40335,1-6,B3,140.9,645.8,20.7,0.657,0.0746,6,1.498,3,2,0.054,128.0,smooth_dendrite,0
F1957,40445,0-3,B6,72.2,392.5,19.0,0.541,0.0662,4,0.726,1,12,0.056,114.3,smooth_dendrite,0
F1958,40355,5-2,B4,580.0,286.3,8.1,0.448,0.1106,2,0.402,1,7,0.021,122.2,smooth_dendrite,0
F1959,40375,4-7,B6,400.3,707.4,24.4,0.128,0.0086,2,1.009,3,1,0.037,128.4,axon,0
F1960,40564,7-1,B2,700.7,189.5,18.9,0.097,0.0685,7,0.53,1,0,0.038,99.3,glia_process,0
F1961,40264,0-3,B5,32.2,332.3,35.4,2.783,0.1328,4,0.621,1,8,0.065,110.9,spiny_dendrite,0
F1962,40401,3-2,B6,310.1,266.5,21.6,0.234,0.067,3,1.402,5,1,0.079,122.9,axon,0
F1963,40452,3-0,B6,313.0,32.5,51.1,0.202,0.0145,4,1.906,3,1,0.072,103.0,axon,0
F1964,40378,6-1,B6,679.8,129.1,15.4,0.564,0.1615,6,0.549,1,5,0.555,115.6,smooth_dendrite,1
F1965,40373,5-5,B3,522.0,556.5,26.3,0.206,0.0239,1,1.384,2,0,0.117,105.4,axon,0
F1966,40152,6-3,B5,656.9,335.1,23.1,0.276,0.0901,2,0.334,0,5,0.103,97.3,spiny_dendrite,0
F1967,40033,2-4,B1,220.6,430.2,34.4,1.851,0.0623,2,0.932,1,2,0.067,129.3,spiny_dendrite,0
F1968,40066,3-0,B4,300.8,65.4,30.5,0.173,0.0064,2,2.281,3,3,0.096,116.6,axon,1
F1969,40461,0-6,B2,0.8,669.2,47.6,0.293,0.0698,2,4.308,0,3,0.292,130.3,smooth_dendrite,0
F1970,40504,5-0,B4,595.7,0.8,34.1,0.428,0.0485,8,1.047,1,1,0.182,119.4,glia_process,0
F1971,40306,3-3,B3,399.9,327.3,49.6,0.1,0.0478,3,0.808,7,1,0.051,99.2,axon,0
F1972,40255,1-2,B3,127.1,204.5,8.1,0.228,0.3175,5,2.254,1,2,0.049,121.7,spiny_dendrite,0
F1973,40417,7-6,B2,732.5,677.4,9.8,0.7,0.0446,4,0.504,0,3,0.146,110.8,smooth_dendrite,0
F1974,40322,5-5,B2,551.3,591.7,49.4,0.471,0.0656,12,1.978,1,16,0.062,107.6,merged_object,1
F1975,40194,1-2,B3,190.9,208.9,43.9,0.134,0.0888,2,1.137,2,5,0.063,125.7,axon,0
F1976,40496,1-6,B6,191.7,686.1,53.7,0.284,0.0727,6,1.614,1,5,0.105,125.3,smooth_dendrite,1
F1977,40447,2-2,B6,228.5,230.1,91.3,0.706,0.0458,3,0.794,1,5,0.123,112.1,smooth_dendrite,0
F1978,40582,5-7,B3,539.2,707.6,20.0,1.578,0.3081,12,0.894,0,0,0.035,132.7,glia_process,0
F1979,40257,7-0,B2,752.4,69.4,35.8,1.965,0.057,1,0.542,0,7,0.041,149.0,spiny_dendrite,0
F1980,40182,7-3,B1,709.3,354.2,22.2,0.344,0.0211,1,2.73,3,1,0.056,118.6,axon,0
F1981,40290,5-6,B5,571.0,678.8,96.5,0.357,0.0307,3,0.59,1,0,0.258,131.0,axon,1
F1982,40272,6-6,B4,617.6,614.0,15.5,0.496,0.0447,3,2.657,0,4,0.089,122.4,spiny_dendrite,0
F1983,40573,3-0,B5,306.8,24.9,20.9,0.341,0.0265,5,1.324,0,1,0.03,124.3,glia_process,0
F1984,40274,6-4,B6,673.8,445.5,33.0,0.817,0.1279,4,1.664,0,6,0.091,115.1,spiny_dendrite,0
F1985,40274,6-4,B6,698.2,427.2,26.4,0.345,0.0449,3,1.852,2,1,0.08,113.4,axon,0
F1986,40468,3-7,B1,381.0,748.5,165.4,0.418,0.0392,3,1.485,0,2,0.26,135.6,smooth_dendrite,0
F1987,40263,7-4,B5,712.9,426.9,33.1,0.454,0.0946,1,1.938,0,7,0.038,126.1,spiny_dendrite,0
F1988,40094,2-3,B5,284.5,344.0,56.8,0.219,0.0168,1,0.712,1,8,0.07,123.8,spiny_dendrite,0
F1989,40019,5-0,B5,582.6,47.5,129.7,0.325,0.0087,2,3.212,10,1,0.056,124.1,axon,1
F1990,40022,1-2,B5,179.7,236.8,20.4,0.347,0.0601,3,1.928,0,5,0.094,117.2,spiny_dendrite,1
F1991,40547,0-4,B5,13.7,429.1,58.9,0.703,0.1351,4,1.376,3,4,0.045,128.1,merged_object,1
F1992,40338,4-2,B4,481.0,294.0,15.6,0.147,0.0482,1,1.123,7,1,0.102,128.9,axon,0
F1993,40122,1-0,B4,164.3,31.0,39.4,0.231,0.0309,6,2.28,2,1,0.105,123.2,axon,0
F1994,40130,4-1,B3,495.0,112.6,43.9,1.988,0.0368,2,0.795,1,7,0.082,111.7,spiny_dendrite,0
F1995,40094,2-3,B5,272.2,384.4,25.5,0.181,0.0162,1,0.755,1,4,0.07,126.6,spiny_dendrite,0
F1996,40140,4-1,B1,410.9,174.7,14.9,0.535,0.0351,1,0.685,0,2,0.052,105.5,spiny_dendrite,1
F1997,40543,1-5,B5,142.5,540.0,23.0,0.502,0.0527,2,0.969,0,0,0.036,104.0,glia_process,1
F1998,40472,0-3,B6,55.6,355.7,11.9,0.353,0.0365,6,0.712,1,3,0.076,107.0,smooth_dendrite,1
F1999,40508,1-2,B1,154.4,284.0,19.7,0.484,0.1365,6,2.507,1,1,0.051,111.4,glia_process,0
F2000,40051,3-6,B5,386.9,680.7,11.8,0.333,0.0177,3,0.547,5,1,0.089,138.1,axon,0
F2001,40195,5-3,B1,598.9,315.5,31.3,1.449,0.091,9,0.923,0,6,0.07,120.4,spiny_dendrite,0
F2002,40221,2-1,B3,294.7,109.1,78.5,0.615,0.0214,2,0.816,2,1,0.114,129.2,axon,0
F2003,40388,0-2,B6,61.9,211.1,51.5,0.17,0.0147,4,0.553,1,6,0.049,128.7,smooth_dendrite,0
F2004,40175,4-2,B3,491.5,230.2,28.3,0.25,0.0077,1,1.587,4,2,0.085,132.2,axon,0
F2005,40447,2-2,B6,263.7,282.2,41.6,0.816,0.0243,3,0.887,1,9,0.102,113.8,smooth_dendrite,0
F2006,40174,2-3,B6,235.8,314.1,28.5,0.568,0.0083,1,1.082,8,1,0.047,127.2,axon,0
F2007,40269,7-0,B4,702.6,71.6,14.7,0.294,0.0204,1,0.347,1,3,0.134,139.6,spiny_dendrite,0
F2008,40288,7-5,B2,748.4,562.5,47.2,0.657,0.0214,4,2.265,1,2,0.145,118.4,axon,0
F2009,40023,5-7,B4,520.9,766.8,49.7,0.409,0.0095,1,1.717,1,3,0.028,118.7,axon,0
F2010,40553,5-5,B2,503.4,523.5,10.8,0.72,0.264,4,1.62,1,3,0.022,107.0,glia_process,0
F2011,40348,0-3,B5,90.6,394.0,6.1,0.178,0.0395,6,3.877,1,4,0.104,112.4,smooth_dendrite,0
F2012,40048,3-2,B4,355.5,279.8,46.2,0.783,0.2537,6,1.482,2,3,0.139,114.6,merged_object,1
F2013,40462,0-5,B4,90.9,554.3,9.8,0.262,0.0722,3,0.872,1,18,0.06,93.4,smooth_dendrite,0
F2014,40238,3-7,B6,311.9,703.2,51.0,0.439,0.0632,2,0.869,3,2,0.034,138.2,axon,0
F2015,40256,3-0,B3,323.1,45.3,61.7,0.425,0.0097,9,2.83,2,0,0.081,113.9,axon,0
F2016,40289,6-4,B1,601.0,442.9,11.2,1.491,0.0392,4,1.422,0,2,0.09,108.7,spiny_dendrite,0
F2017,40380,1-3,B4,182.5,307.5,34.3,0.274,0.0436,3,2.013,11,1,0.075,145.5,axon,0
F2018,40276,4-3,B5,433.9,319.1,83.5,0.999,0.0177,4,2.159,3,3,0.1,114.2,axon,1
F2019,40352,1-6,B3,111.0,646.6,173.6,0.899,0.06,3,3.967,6,1,0.125,117.4,axon,0
F2020,40015,4-0,B3,423.7,44.8,31.0,0.412,0.0353,3,0.103,1,2,0.059,123.6,spiny_dendrite,0
F2021,40386,0-2,B5,91.8,299.9,49.9,0.2,0.0375,2,3.045,0,5,0.183,126.4,smooth_dendrite,0
F2022,40577,0-2,B4,75.9,268.9,7.8,1.176,0.0426,2,1.971,1,0,0.017,135.8,glia_process,0
F2023,40020,2-1,B3,248.2,191.4,83.0,0.189,0.0162,3,1.748,2,1,0.097,128.2,axon,1
F2024,40378,6-1,B6,694.4,190.4,14.7,0.515,0.0824,6,0.449,1,5,0.204,113.9,smooth_dendrite,1
F2025,40388,0-2,B6,21.2,253.3,74.8,0.154,0.0124,2,1.093,1,4,0.076,128.7,smooth_dendrite,0
F2026,40178,2-2,B6,237.6,266.6,41.1,1.226,0.031,5,2.513,0,24,0.115,108.4,spiny_dendrite,0
F2027,40387,3-4,B4,361.4,466.4,25.6,0.498,0.0519,3,0.634,3,1,0.127,126.8,axon,0
F2028,40153,3-0,B5,352.6,52.0,13.5,0.158,0.0196,2,2.212,3,2,0.133,117.2,axon,0
F2029,40468,3-7,B1,348.2,751.7,235.7,0.315,0.0176,1,3.857,0,3,0.243,133.0,smooth_dendrite,1
F2030,40414,2-4,B1,291.9,405.1,53.9,1.66,0.074,9,0.398,1,5,0.03,128.9,smooth_dendrite,1
F2031,40351,1-3,B2,145.2,338.0,32.9,0.204,0.0188,1,0.813,3,1,0.07,147.6,axon,1
F2032,40002,5-6,B5,581.5,657.2,24.1,0.351,0.0778,11,1.495,2,4,0.16,124.7,spiny_dendrite,0
F2033,40208,3-6,B4,379.9,660.8,33.4,0.568,0.143,5,3.909,4,3,0.107,138.2,merged_object,1
F2034,40062,6-0,B5,673.2,85.6,80.1,0.571,0.025,2,0.509,2,1,0.018,116.4,axon,0
F2035,40084,3-3,B6,311.4,339.8,46.1,0.324,0.0339,2,0.587,5,1,0.408,112.8,axon,1
F2036,40548,7-6,B2,774.6,602.7,70.3,0.07,0.1125,4,2.75,0,0,0.012,103.1,glia_process,1
F2037,40059,2-5,B1,228.5,523.4,27.5,0.336,0.1611,3,0.934,1,2,0.166,118.6,spiny_dendrite,0
F2038,40155,4-7,B5,464.7,784.3,36.8,0.485,0.0368,3,1.672,3,1,0.041,121.1,axon,0
F2039,40346,6-1,B4,689.0,136.2,30.8,0.389,0.0579,3,1.405,4,2,0.019,112.4,axon,1
F2040,40347,5-1,B6,533.1,134.0,29.0,0.598,0.0675,1,1.305,1,6,0.245,79.8,smooth_dendrite,0
F2041,40093,3-6,B6,315.5,601.4,32.0,1.042,0.0112,14,0.545,2,1,0.106,135.2,axon,0
F2042,40335,1-6,B3,173.5,603.5,25.5,0.852,0.068,4,1.006,2,2,0.075,125.7,smooth_dendrite,1
F2043,40284,4-7,B3,447.4,792.6,18.7,0.517,0.0418,2,1.048,0,9,0.494,128.5,spiny_dendrite,0
F2044,40580,0-5,B1,29.9,573.4,24.9,0.182,0.4124,4,1.418,0,0,0.057,85.6,glia_process,1
F2045,40413,3-0,B4,356.6,30.3,48.8,1.21,0.0774,1,2.337,2,1,0.044,121.3,smooth_dendrite,0
F2046,40093,3-6,B6,398.5,657.0,23.3,0.816,0.0198,12,0.694,4,1,0.092,134.6,axon,0
F2047,40026,3-1,B6,320.8,131.0,87.3,0.243,0.0389,3,1.472,0,10,0.053,130.0,spiny_dendrite,0
F2048,40156,6-1,B2,631.1,119.5,17.4,0.199,0.0347,13,0.734,13,0,0.074,120.6,axon,0
F2049,40430,7-7,B2,707.3,714.3,34.5,0.319,0.0124,2,2.37,2,3,0.228,125.0,smooth_dendrite,1
F2050,40490,2-4,B1,254.4,405.7,19.5,1.264,0.068,3,0.757,0,5,0.078,118.2,smooth_dendrite,1
F2051,40568,4-1,B3,416.5,150.9,16.0,0.644,0.1437,5,1.696,1,0,0.024,109.3,glia_process,0
F2052,40135,2-1,B3,276.3,131.5,45.6,0.274,0.0063,4,3.089,2,1,0.046,123.9,axon,0
F2053,40122,1-0,B4,197.9,70.1,32.3,0.344,0.0528,6,1.336,0,5,0.106,125.9,spiny_dendrite,1
F2054,40099,5-2,B4,572.1,205.3,61.6,0.506,0.0739,18,2.083,0,5,0.059,126.8,spiny_dendrite,1
F2055,40266,5-1,B3,536.8,122.9,42.8,0.751,0.0223,5,0.487,4,1,0.245,74.1,axon,0
F2056,40159,5-2,B2,565.5,251.2,25.7,0.26,0.0324,12,1.222,1,10,0.177,121.0,spiny_dendrite,0
F2057,40252,7-2,B3,759.3,212.7,48.9,2.101,0.022,1,0.87,1,5,0.067,114.6,spiny_dendrite,0
F2058,40130,4-1,B3,463.6,153.2,46.6,0.676,0.0301,1,0.933,3,3,0.079,112.2,axon,0
F2059,40488,5-1,B1,502.7,100.1,23.5,0.837,0.0062,8,2.178,2,1,0.07,85.6,axon,1
F2060,40586,2-0,B6,238.1,68.0,45.2,0.733,0.1758,1,0.918,1,0,0.175,126.1,glia_process,0
F2061,40396,6-2,B4,638.5,267.9,29.3,0.151,0.0066,3,2.796,8,1,0.043,114.9,axon,0
F2062,40579,7-7,B5,760.2,768.4,20.1,0.53,0.1588,2,1.056,0,0,0.008,123.0,glia_process,0
F2063,40136,4-7,B1,498.6,772.9,37.9,0.78,0.092,10,1.112,1,1,0.543,120.4,spiny_dendrite,0
F2064,40375,4-7,B6,481.7,771.2,25.6,0.611,0.022,2,1.186,1,8,0.093,130.8,smooth_dendrite,0
F2065,40317,1-2,B2,103.1,203.5,61.8,0.349,0.1918,3,0.745,1,2,0.048,115.8,spiny_dendrite,0
F2066,40515,6-2,B4,624.9,236.7,16.4,0.706,0.0424,2,2.525,1,1,0.018,125.8,glia_process,0
F2067,40373,5-5,B3,560.4,578.8,10.5,0.303,0.0571,1,0.779,0,1,0.099,109.3,smooth_dendrite,0
F2068,40454,6-1,B2,644.8,156.6,3.7,2.201,0.0081,2,0.868,2,1,0.174,115.1,axon,0
F2069,40340,3-4,B6,361.1,496.2,42.5,0.345,0.0205,2,1.353,2,1,0.063,124.5,axon,0
F2070,40218,1-1,B6,149.6,188.6,15.9,0.755,0.0388,3,2.472,1,6,0.177,128.8,spiny_dendrite,0
F2071,40400,5-5,B5,505.3,576.2,102.4,0.644,0.0242,3,2.836,0,7,0.07,120.7,smooth_dendrite,1
F2072,40069,6-4,B3,693.3,438.6,31.1,0.206,0.0329,2,0.399,2,1,0.17,123.2,axon,0
F2073,40571,7-0,B3,754.0,37.7,37.3,0.661,0.1631,2,3.241,0,0,0.035,144.4,glia_process,0
F2074,40534,2-7,B4,289.8,781.7,17.7,0.411,0.057,5,1.57,0,0,0.007,129.5,glia_process,0
F2075,40167,3-5,B2,386.7,540.6,17.6,0.621,0.0399,11,0.491,0,3,0.164,132.9,spiny_dendrite,0
F2076,40069,6-4,B3,641.5,428.4,21.5,0.349,0.0492,2,0.704,0,4,0.144,122.8,spiny_dendrite,0
F2077,40069,6-4,B3,633.2,460.1,25.9,0.116,0.0265,2,0.473,2,0,0.211,124.6,axon,1
F2078,40396,6-2,B4,610.3,211.6,19.0,0.286,0.0098,3,2.358,6,1,0.053,114.7,axon,0
F2079,40039,0-6,B1,48.6,692.9,26.2,0.287,0.1047,3,1.379,0,5,0.172,123.9,spiny_dendrite,0
F2080,40527,5-3,B2,562.2,326.3,17.5,0.406,0.1863,5,0.943,0,0,0.051,116.3,glia_process,0
F2081,40273,6-4,B6,613.3,410.0,13.7,0.244,0.0569,4,1.043,6,1,0.037,115.7,axon,0
F2082,40274,6-4,B6,688.1,427.9,23.8,0.395,0.0549,2,1.762,3,1,0.109,112.4,axon,0
F2083,40170,1-0,B3,122.5,81.5,137.3,0.284,0.0191,4,2.948,6,1,0.035,110.6,axon,0
F2084,40136,4-7,B1,434.0,751.5,33.0,0.388,0.0146,5,1.264,3,0,0.123,119.4,axon,0
F2085,40287,1-6,B5,171.7,674.7,100.0,2.06,0.0142,4,3.595,2,1,0.121,117.0,axon,0
F2086,40300,6-3,B6,653.5,345.0,28.5,0.298,0.0634,2,1.388,1,3,0.167,109.4,spiny_dendrite,0
F2087,40009,0-0,B4,48.4,61.9,35.2,0.051,0.042,2,0.662,10,2,0.051,133.2,axon,0
F2088,40031,3-1,B4,313.9,151.2,25.0,0.392,0.0314,6,0.829,1,1,0.1,131.4,axon,1
F2089,40184,7-0,B5,766.8,80.6,9.1,1.032,0.0505,2,0.731,1,4,0.072,145.8,spiny_dendrite,0
F2090,40522,2-3,B1,288.4,329.2,31.1,0.31,0.0413,2,3.524,1,1,0.03,123.5,glia_process,0
F2091,40580,0-5,B1,92.8,558.8,32.7,0.181,0.1832,8,2.119,0,0,0.045,86.4,glia_process,0
F2092,40338,4-2,B4,406.7,212.0,16.0,0.114,0.0373,2,0.818,3,1,0.086,131.8,axon,1
F2093,40075,2-7,B1,285.4,770.2,49.5,0.184,0.0169,9,0.817,3,1,0.033,128.6,axon,0
F2094,40581,3-0,B4,379.7,47.5,14.9,0.546,0.099,12,2.294,0,1,0.029,124.4,glia_process,1
F2095,40315,3-4,B4,372.9,497.6,15.4,0.416,0.0289,3,1.972,1,4,0.088,124.1,spiny_dendrite,0
F2096,40175,4-2,B3,428.6,265.1,25.4,0.456,0.0268,1,0.95,1,8,0.056,131.8,spiny_dendrite,0
F2097,40105,7-7,B1,777.4,768.5,14.3,0.445,0.0279,3,2.151,1,3,0.044,121.1,spiny_dendrite,0
F2098,40351,1-3,B2,176.0,363.8,20.9,0.153,0.0159,3,0.981,5,0,0.08,143.8,axon,0
F2099,40190,2-5,B6,209.7,562.9,14.4,0.388,0.0193,2,1.646,3,2,0.041,117.4,axon,1
F2100,40426,0-4,B6,2.7,449.1,23.3,0.376,0.0321,1,2.534,0,5,0.013,129.1,smooth_dendrite,0
F2101,40346,6-1,B4,651.3,117.8,14.5,0.477,0.023,3,1.343,4,1,0.046,113.5,axon,0
F2102,40355,5-2,B4,580.1,216.0,6.4,0.781,0.1261,1,0.526,0,6,0.019,125.3,smooth_dendrite,0
F2103,40594,1-3,B5,197.7,370.9,34.0,0.468,0.486,6,1.854,1,1,0.041,148.3,glia_process,0
F2104,40255,1-2,B3,101.3,297.6,10.4,0.204,0.0671,8,1.431,4,0,0.03,118.1,axon,1
F2105,40468,3-7,B1,385.2,779.2,162.6,0.172,0.0128,1,2.63,1,1,0.169,134.3,axon,0
F2106,40123,6-3,B5,675.5,358.0,11.5,0.421,0.0219,2,1.381,1,1,0.124,100.4,axon,1
F2107,40280,4-4,B6,475.6,402.4,29.3,0.664,0.0252,1,0.591,1,3,0.022,129.4,spiny_dendrite,0
F2108,40114,4-0,B2,429.5,16.3,44.3,0.589,0.0401,1,4.31,12,2,0.066,130.1,axon,0
F2109,40586,2-0,B6,263.2,24.9,50.7,0.326,0.1291,2,1.025,1,0,0.107,123.4,glia_process,0
F2110,40048,3-2,B4,331.4,221.1,30.4,0.557,0.0265,3,2.342,6,0,0.149,117.4,axon,1
F2111,40249,5-1,B2,500.9,197.1,123.3,0.435,0.0298,1,1.435,2,4,0.062,82.7,spiny_dendrite,1
F2112,40436,6-2,B1,645.1,202.2,35.5,0.154,0.0121,5,2.623,10,1,0.189,128.0,axon,0
F2113,40465,7-5,B1,749.0,536.9,33.2,0.32,0.0366,2,2.994,0,9,0.145,110.6,smooth_dendrite,1
F2114,40274,6-4,B6,619.4,408.8,38.0,0.848,0.0509,4,1.499,3,1,0.061,115.3,axon,1
F2115,40064,2-3,B1,203.2,318.1,29.3,1.273,0.0629,2,4.163,1,5,0.034,118.0,spiny_dendrite,0
F2116,40113,4-7,B1,453.6,782.6,60.4,0.392,0.1573,6,1.03,0,2,0.064,120.1,spiny_dendrite,0
F2117,40232,4-5,B2,429.4,580.4,26.4,0.405,0.015,4,0.78,1,1,0.154,126.0,axon,1
F2118,40371,6-4,B6,615.9,475.0,301.9,0.895,0.0157,2,0.617,1,14,0.161,122.3,smooth_dendrite,0
F2119,40196,2-0,B6,258.1,27.2,27.5,0.473,0.0822,10,0.801,0,3,0.09,133.1,spiny_dendrite,1
F2120,40228,4-6,B3,494.6,696.8,106.1,1.426,0.1341,17,1.4,3,7,0.312,144.5,merged_object,1
F2121,40351,1-3,B2,140.7,399.4,26.1,0.187,0.0606,3,0.924,1,2,0.176,146.6,smooth_dendrite,0
F2122,40402,5-4,B6,546.1,489.6,124.2,0.447,0.0405,2,1.636,0,4,0.043,128.6,smooth_dendrite,0
F2123,40436,6-2,B1,638.2,219.6,53.8,0.19,0.0342,7,3.348,1,4,0.275,126.4,smooth_dendrite,0
F2124,40386,0-2,B5,12.0,236.1,50.5,0.323,0.0164,2,3.519,2,1,0.037,126.6,axon,1
F2125,40070,5-5,B6,567.0,520.6,81.5,0.34,0.0148,7,0.337,0,13,0.047,113.8,spiny_dendrite,0
F2126,40180,6-4,B1,656.6,424.1,37.0,0.569,0.0361,5,0.629,3,0,0.163,117.5,axon,0
F2127,40230,1-2,B4,192.0,230.4,36.5,0.193,0.0313,1,1.098,3,1,0.218,112.0,axon,0
F2128,40032,7-7,B1,762.3,730.4,154.7,1.037,0.0546,2,0.679,3,1,0.131,122.3,axon,0
F2129,40030,7-7,B2,768.3,716.2,18.1,0.938,0.0684,2,1.309,1,9,0.021,125.9,spiny_dendrite,0
F2130,40501,2-1,B3,220.7,140.0,20.2,0.174,0.081,9,2.821,0,0,0.122,126.2,glia_process,0
F2131,40399,4-4,B6,498.3,412.6,26.2,0.203,0.02,2,0.733,1,1,0.036,133.3,axon,0
F2132,40008,7-1,B6,739.2,190.5,38.2,1.194,0.031,1,10.102,3,1,0.071,95.5,axon,1
F2133,40592,1-7,B6,193.5,779.3,74.1,0.295,0.0923,2,1.725,1,1,0.032,117.6,glia_process,0
F2134,40559,1-7,B6,162.3,719.8,12.5,0.192,0.0524,1,0.647,1,0,0.012,111.1,glia_process,0
F2135,40488,5-1,B1,532.4,112.1,17.6,1.267,0.0235,6,1.645,0,5,0.107,86.4,smooth_dendrite,0
F2136,40238,3-7,B6,341.9,773.3,53.7,0.371,0.1194,2,0.821,0,6,0.051,139.7,spiny_dendrite,0
F2137,40257,7-0,B2,752.2,58.9,48.6,0.818,0.0167,1,0.973,2,1,0.035,147.4,axon,0
F2138,40159,5-2,B2,510.7,238.6,44.0,0.112,0.0152,6,0.864,2,3,0.102,121.2,axon,1
F2139,40246,4-2,B1,497.6,245.9,43.8,0.83,0.0753,1,0.806,1,1,0.012,130.5,spiny_dendrite,0
F2140,40460,2-0,B6,203.2,42.0,26.8,0.433,0.0596,6,4.642,0,4,0.203,126.3,smooth_dendrite,0
F2141,40544,0-2,B3,88.6,234.5,32.1,0.859,0.0496,8,2.373,0,1,0.124,125.9,glia_process,1
F2142,40235,5-5,B6,548.9,539.4,15.6,2.431,0.0572,1,0.181,1,2,0.11,114.6,spiny_dendrite,0
F2143,40379,4-3,B6,494.0,374.2,56.6,1.244,0.0283,2,1.751,1,7,0.046,115.2,smooth_dendrite,1
F2144,40403,4-2,B1,442.1,253.3,45.0,1.072,0.0435,2,0.982,0,2,0.428,133.0,smooth_dendrite,0
F2145,40133,7-2,B5,789.4,249.1,33.8,1.171,0.0626,8,2.375,2,2,0.114,126.0,axon,0
F2146,40316,1-4,B5,182.6,456.5,72.1,0.23,0.0157,7,0.69,8,0,0.071,123.8,axon,0
F2147,40417,7-6,B2,765.2,642.2,10.1,0.298,0.0281,3,0.666,1,1,0.071,110.2,axon,1
F2148,40166,6-7,B6,618.9,799.9,34.3,1.183,0.0668,6,1.396,2,4,0.086,131.6,merged_object,1
F2149,40134,2-3,B2,218.8,303.3,14.1,0.791,0.0914,5,1.864,1,6,0.032,121.0,spiny_dendrite,0
F2150,40484,0-1,B2,32.0,189.2,28.7,0.666,0.0091,13,3.845,4,4,0.037,146.9,axon,0
F2151,40085,5-0,B4,512.8,4.3,31.0,0.694,0.0132,14,1.424,4,1,0.088,120.7,axon,1
F2152,40038,7-5,B2,731.4,577.8,19.0,0.462,0.0065,1,2.63,3,1,0.127,116.5,axon,1
F2153,40133,7-2,B5,770.8,245.4,48.9,0.776,0.0529,15,2.316,2,2,0.146,125.0,axon,0
F2154,40482,3-1,B3,335.3,103.4,46.7,0.511,0.1033,1,0.682,1,7,0.071,130.4,smooth_dendrite,1
F2155,40139,0-0,B3,24.5,99.6,25.8,0.41,0.012,1,3.709,4,1,0.085,121.1,axon,0
F2156,40153,3-0,B5,303.8,87.2,8.6,0.125,0.0146,2,3.699,5,1,0.118,117.8,axon,0
F2157,40062,6-0,B5,693.5,26.4,88.2,0.886,0.0816,2,0.987,1,5,0.036,115.2,spiny_dendrite,0
F2158,40117,6-3,B5,692.4,319.5,34.3,1.432,0.1365,4,1.524,0,19,0.131,98.9,spiny_dendrite,0
F2159,40371,6-4,B6,608.6,498.5,71.1,0.558,0.0181,1,0.987,1,8,0.087,120.0,smooth_dendrite,0
F2160,40372,0-4,B5,65.4,414.4,38.7,0.138,0.0102,2,1.995,1,0,0.098,125.8,axon,1
F2161,40360,4-0,B4,430.3,44.5,11.8,0.694,0.0092,3,0.817,9,1,0.102,123.7,axon,0
F2162,40569,0-6,B4,40.3,654.4,11.5,0.571,0.2385,2,1.329,0,0,0.067,120.8,glia_process,0
F2163,40424,4-5,B4,439.0,529.4,88.3,0.264,0.0144,1,1.219,1,0,0.053,121.9,axon,0
F2164,40240,5-7,B3,546.5,762.1,9.1,0.462,0.069,3,2.521,1,4,0.203,127.5,spiny_dendrite,0
F2165,40444,4-4,B2,414.6,497.1,24.7,0.534,0.303,6,3.69,3,6,0.07,135.8,merged_object,1
F2166,40582,5-7,B3,532.6,773.1,39.2,1.475,0.8739,25,1.4,3,2,0.093,131.8,merged_object,1
F2167,40175,4-2,B3,499.3,216.4,31.6,0.37,0.0371,2,1.628,0,14,0.12,131.3,spiny_dendrite,1
F2168,40377,7-1,B2,762.4,136.1,28.3,0.492,0.0119,1,0.51,3,2,0.052,96.0,axon,0
F2169,40330,4-0,B4,440.8,32.2,22.7,0.755,0.0453,7,1.776,1,5,0.067,131.5,spiny_dendrite,1
F2170,40096,3-2,B1,399.1,262.2,34.6,0.685,0.0866,1,1.987,1,1,0.145,128.2,spiny_dendrite,0
F2171,40009,0-0,B4,65.7,7.4,25.9,0.168,0.0831,3,0.603,2,12,0.058,130.1,spiny_dendrite,0
F2172,40296,3-4,B1,351.0,407.8,10.7,1.087,0.046,3,1.87,1,5,0.079,127.4,spiny_dendrite,0
F2173,40272,6-6,B4,625.3,623.8,16.4,0.38,0.0664,3,5.983,0,5,0.06,123.9,spiny_dendrite,0
F2174,40047,0-7,B2,59.6,737.9,27.7,0.993,0.0145,5,1.292,2,1,0.327,130.7,axon,0
F2175,40079,2-4,B1,298.8,470.1,26.8,0.506,0.0494,4,0.492,2,1,0.067,123.0,spiny_dendrite,0
F2176,40366,0-3,B4,51.6,348.4,29.2,0.351,0.0417,7,0.928,0,3,0.291,112.3,smooth_dendrite,0
F2177,40225,3-7,B1,325.9,757.3,18.6,0.547,0.0143,2,1.147,4,1,0.088,142.8,axon,0
F2178,40468,3-7,B1,351.2,747.2,179.0,0.194,0.0118,1,2.892,3,1,0.177,134.5,axon,1
F2179,40449,5-1,B1,595.2,141.2,27.8,1.172,0.0529,3,0.727,1,4,0.56,76.5,smooth_dendrite,0
F2180,40090,0-6,B2,87.9,663.3,46.9,0.211,0.0176,1,0.687,14,1,0.073,126.9,axon,0
F2181,40283,3-0,B6,360.0,45.0,30.3,0.585,0.013,3,7.476,4,1,0.03,120.1,axon,0
F2182,40187,0-4,B1,17.9,497.6,32.1,0.824,0.0567,4,1.291,0,8,0.229,120.1,spiny_dendrite,0
F2183,40274,6-4,B6,699.5,495.8,27.8,0.858,0.0914,3,0.551,0,4,0.14,113.1,spiny_dendrite,0
F2184,40279,4-7,B6,449.5,795.2,22.1,0.368,0.0119,1,1.865,1,3,0.075,122.4,axon,0
F2185,40242,5-2,B5,539.2,257.1,11.6,0.811,0.033,10,0.941,0,4,0.076,127.6,spiny_dendrite,1
F2186,40043,2-1,B2,253.6,187.4,40.4,0.889,0.0686,3,1.885,1,12,0.054,122.3,spiny_dendrite,0
F2187,40259,3-4,B6,377.6,498.0,42.2,0.476,0.1036,2,0.509,1,1,0.106,127.1,spiny_dendrite,0
F2188,40305,5-7,B5,569.4,735.3,17.8,1.538,0.0442,5,1.667,1,5,0.065,133.5,spiny_dendrite,0
F2189,40117,6-3,B5,627.4,361.2,30.3,1.161,0.1215,2,2.227,0,11,0.199,96.5,spiny_dendrite,0
F2190,40149,1-1,B5,198.0,167.3,25.8,0.279,0.0337,3,0.469,2,13,0.254,130.1,spiny_dendrite,0
F2191,40497,7-1,B2,765.9,192.4,18.3,0.237,0.0372,5,1.022,1,7,0.086,100.2,smooth_dendrite,0
F2192,40037,1-1,B4,113.0,108.5,22.5,0.455,0.0578,1,1.035,0,2,0.083,138.5,spiny_dendrite,0
F2193,40279,4-7,B6,444.5,788.3,21.6,0.594,0.0266,1,1.405,0,12,0.154,120.6,spiny_dendrite,0
F2194,40081,5-1,B3,592.7,164.1,80.7,0.689,0.1058,3,1.208,0,15,0.25,74.7,spiny_dendrite,0
F2195,40410,7-1,B3,729.8,170.7,8.3,0.445,0.0334,2,2.667,1,1,0.229,98.2,axon,0
F2196,40559,1-7,B6,132.8,746.5,11.0,0.176,0.0631,2,0.877,0,0,0.02,111.8,glia_process,0
F2197,40594,1-3,B5,165.6,376.1,54.6,0.969,0.2336,8,1.941,1,1,0.067,147.7,glia_process,1
F2198,40238,3-7,B6,354.5,712.7,40.6,0.334,0.0336,4,0.643,2,1,0.04,136.7,axon,1
F2199,40289,6-4,B1,617.6,434.3,16.4,1.284,0.0298,4,1.614,0,5,0.082,111.1,spiny_dendrite,0
F2200,40074,1-0,B1,173.8,13.1,45.3,0.781,0.0133,2,0.618,2,0,0.079,116.7,axon,0
F2201,40558,6-6,B1,691.0,651.6,42.4,0.498,0.1541,12,2.308,0,1,0.048,119.8,glia_process,0
F2202,40142,5-2,B4,505.6,264.2,48.8,0.191,0.0084,3,0.54,4,1,0.184,129.4,axon,0
F2203,40462,0-5,B4,48.3,538.0,13.0,0.431,0.1115,3,1.758,1,15,0.042,94.1,smooth_dendrite,0
F2204,40351,1-3,B2,131.3,398.1,22.2,0.28,0.0296,2,0.327,5,0,0.122,146.7,axon,0
F2205,40413,3-0,B4,311.6,39.4,32.4,0.652,0.0314,1,2.812,7,0,0.058,125.0,axon,0
F2206,40127,1-0,B4,127.2,66.0,118.7,0.286,0.0262,1,1.664,2,0,0.032,119.1,axon,0
F2207,40543,1-5,B5,109.8,543.1,24.9,0.555,0.0541,2,1.475,0,1,0.052,106.6,glia_process,0
F2208,40130,4-1,B3,400.4,148.6,39.5,1.151,0.0673,3,0.567,0,9,0.053,113.2,spiny_dendrite,0
F2209,40226,7-7,B5,738.2,780.5,79.3,0.21,0.0171,3,0.5,0,1,0.036,125.3,spiny_dendrite,0
F2210,40199,2-2,B2,209.2,286.4,20.6,0.35,0.0102,6,1.212,5,1,0.057,114.0,axon,0
F2211,40200,1-7,B3,142.0,776.5,55.7,0.369,0.0211,3,0.767,5,0,0.086,107.2,axon,0
F2212,40440,6-3,B2,643.7,320.9,9.1,0.185,0.0718,6,1.025,1,11,0.182,102.5,smooth_dendrite,0
F2213,40115,2-7,B4,256.9,760.7,26.8,0.999,0.0711,3,0.387,1,5,0.131,136.1,spiny_dendrite,0
F2214,40558,6-6,B1,631.5,628.1,32.4,0.622,0.1104,6,1.979,1,1,0.073,122.8,glia_process,0
F2215,40513,7-5,B2,749.3,518.8,34.6,0.592,0.0462,1,1.558,0,0,0.032,118.6,glia_process,1
F2216,40518,2-3,B4,263.3,302.6,21.8,0.308,0.4381,4,0.785,1,0,0.017,130.6,glia_process,0
F2217,40206,6-1,B4,669.6,111.1,28.9,1.737,0.0218,6,2.202,7,1,0.084,121.0,axon,0
F2218,40260,4-6,B5,473.4,690.7,61.8,0.509,0.0889,6,0.707,1,3,0.102,157.0,spiny_dendrite,0
F2219,40109,5-5,B2,598.4,501.9,16.1,1.236,0.0124,1,0.698,1,5,0.073,112.2,spiny_dendrite,0
F2220,40583,5-0,B6,519.7,17.3,98.7,0.136,0.0198,3,1.32,0,1,0.098,118.3,glia_process,1
F2221,40297,3-3,B4,322.7,338.2,15.3,0.545,0.114,4,1.293,1,4,0.059,105.1,spiny_dendrite,0
F2222,40375,4-7,B6,434.0,765.0,28.8,0.24,0.0222,2,1.432,1,3,0.112,126.0,smooth_dendrite,0
F2223,40026,3-1,B6,378.1,187.4,113.4,0.182,0.014,3,1.825,3,1,0.056,130.7,axon,0
F2224,40357,6-0,B1,636.8,92.3,56.3,0.289,0.0542,5,2.779,0,1,0.096,110.0,smooth_dendrite,0
F2225,40312,4-2,B5,465.0,229.9,36.8,1.132,0.0159,2,1.521,1,11,0.139,138.6,spiny_dendrite,0
F2226,40135,2-1,B3,239.7,186.7,39.6,0.533,0.0052,4,2.813,3,1,0.044,121.7,axon,1
F2227,40186,7-6,B5,755.3,642.0,10.2,0.172,0.0182,2,3.182,5,1,0.156,109.9,axon,0
F2228,40321,3-7,B4,307.5,765.8,18.4,2.697,0.0689,2,0.977,0,4,0.097,146.8,spiny_dendrite,0
F2229,40056,5-3,B5,524.3,319.2,31.3,1.536,0.0543,2,1.472,0,7,0.168,113.1,spiny_dendrite,0
F2230,40447,2-2,B6,286.6,204.1,71.6,0.919,0.0403,6,1.028,1,5,0.044,114.7,smooth_dendrite,0
F2231,40330,4-0,B4,466.5,54.8,20.1,0.352,0.0124,8,1.231,7,2,0.099,126.7,axon,1
F2232,40394,5-6,B5,564.6,620.8,68.3,3.437,0.0102,1,2.992,5,1,0.115,136.0,axon,0
F2233,40411,0-2,B4,71.7,236.2,20.1,0.264,0.0246,7,1.222,7,2,0.043,126.6,axon,0
F2234,40171,2-3,B2,237.0,385.9,12.2,0.297,0.0192,1,0.541,3,1,0.147,131.1,axon,1
F2235,40462,0-5,B4,27.0,561.7,14.6,0.631,0.1271,2,0.785,2,15,0.077,95.4,smooth_dendrite,0
F2236,40064,2-3,B1,209.7,317.5,21.9,0.607,0.0242,2,3.174,5,1,0.019,119.8,axon,1
F2237,40199,2-2,B2,298.5,239.2,24.5,0.215,0.01,3,1.14,6,1,0.084,116.7,axon,0
F2238,40577,0-2,B4,91.8,209.5,15.9,1.225,0.0305,5,0.96,1,0,0.02,129.3,glia_process,0
F2239,40274,6-4,B6,681.2,438.5,32.6,0.776,0.1201,6,1.373,0,7,0.056,115.9,spiny_dendrite,0
F2240,40306,3-3,B3,314.4,350.1,76.4,0.137,0.0722,3,0.431,1,6,0.067,99.8,spiny_dendrite,0
F2241,40489,4-6,B5,427.6,688.8,14.6,0.16,0.047,2,2.856,2,2,0.051,146.4,axon,1
F2242,40206,6-1,B4,699.2,190.0,14.2,1.222,0.049,8,1.766,0,5,0.048,123.8,spiny_dendrite,0
F2243,40314,1-4,B3,142.1,415.7,69.6,0.396,0.026,1,4.46,1,5,0.039,119.5,spiny_dendrite,0
F2244,40576,2-1,B5,234.5,100.7,40.0,0.772,0.0676,5,1.365,0,0,0.043,118.7,glia_process,1
F2245,40100,2-6,B3,211.2,667.1,9.3,0.522,0.0386,3,1.192,1,4,0.131,105.6,spiny_dendrite,0
F2246,40221,2-1,B3,291.8,196.5,69.6,0.807,0.0141,1,0.803,4,1,0.053,128.2,axon,0
F2247,40442,0-3,B5,18.6,333.9,35.9,0.302,0.0496,5,1.291,1,2,0.247,114.1,smooth_dendrite,0
F2248,40393,1-3,B6,148.6,351.7,24.6,0.713,0.0422,2,1.732,0,12,0.141,150.5,smooth_dendrite,0
F2249,40399,4-4,B6,471.1,438.6,17.1,0.236,0.019,5,0.373,1,2,0.069,135.8,smooth_dendrite,0
F2250,40010,4-7,B6,491.0,773.1,5.5,0.73,0.0956,2,1.277,1,4,0.141,125.2,spiny_dendrite,0
F2251,40007,3-4,B5,399.9,450.5,23.4,0.607,0.0582,5,1.467,2,2,0.162,118.6,axon,0
F2252,40062,6-0,B5,658.2,66.8,42.1,0.467,0.051,1,0.434,4,1,0.02,116.0,axon,0
F2253,40345,1-4,B1,188.1,423.9,15.2,0.286,0.0833,4,1.029,1,1,0.073,110.7,axon,0
F2254,40116,1-5,B1,169.8,518.9,29.9,1.087,0.0266,5,0.284,1,6,0.28,109.1,spiny_dendrite,0
F2255,40087,4-1,B1,470.5,158.5,55.8,0.683,0.0165,4,0.967,7,0,0.041,112.3,axon,1
F2256,40447,2-2,B6,264.1,252.8,51.8,0.69,0.0451,5,0.934,1,4,0.115,110.8,smooth_dendrite,0
F2257,40465,7-5,B1,730.5,598.8,81.1,0.215,0.0126,4,1.586,2,2,0.119,115.0,axon,1
F2258,40372,0-4,B5,36.1,428.1,46.4,0.09,0.0098,1,2.078,1,0,0.069,126.2,axon,1
F2259,40051,3-6,B5,389.1,688.4,11.8,0.448,0.0213,3,0.732,8,0,0.067,140.8,axon,0
F2260,40349,1-6,B3,152.7,659.3,60.3,0.315,0.0115,3,3.573,5,4,0.036,124.4,axon,1
F2261,40037,1-1,B4,164.4,179.4,19.1,0.64,0.0418,1,0.823,0,6,0.065,136.8,spiny_dendrite,1
F2262,40502,4-4,B3,489.5,463.8,6.4,0.438,0.0895,4,3.056,0,2,0.105,131.9,glia_process,0
F2263,40003,3-5,B2,310.4,559.6,63.1,0.384,0.0155,2,2.011,4,1,0.076,126.7,axon,0
F2264,40350,6-4,B5,645.1,450.1,13.1,1.405,0.0069,1,2.039,0,1,0.08,126.2,smooth_dendrite,0
F2265,40235,5-5,B6,582.6,530.8,13.5,1.57,0.0191,1,0.342,5,0,0.128,117.3,axon,0
F2266,40348,0-3,B5,41.1,366.0,8.4,0.136,0.0603,5,6.332,1,3,0.104,114.8,smooth_dendrite,1
F2267,40055,4-0,B6,437.0,4.4,42.1,0.15,0.0105,3,3.657,6,1,0.061,121.0,axon,0
F2268,40575,5-4,B4,511.9,472.4,12.8,3.78,0.0605,3,0.553,1,0,0.027,132.2,glia_process,0
F2269,40420,5-7,B2,584.7,700.6,50.6,1.415,0.0821,6,0.369,1,4,0.168,123.9,smooth_dendrite,0
F2270,40122,1-0,B4,151.8,64.9,50.1,0.257,0.0217,4,4.819,3,1,0.14,118.9,axon,0
F2271,40318,6-7,B1,601.5,750.9,16.8,0.219,0.1102,8,0.287,1,3,0.125,125.4,spiny_dendrite,0
F2272,40084,3-3,B6,371.7,338.3,32.3,0.418,0.0248,2,0.757,1,1,0.26,110.1,axon,0
F2273,40340,3-4,B6,327.8,499.7,48.9,0.187,0.0307,2,1.2,3,2,0.078,124.6,axon,0
F2274,40460,2-0,B6,265.0,86.6,38.1,0.358,0.0443,6,12.303,1,4,0.254,129.5,smooth_dendrite,0
F2275,40310,4-2,B1,455.2,247.4,36.1,0.168,0.0389,7,0.396,7,1,0.051,137.3,axon,0
F2276,40564,7-1,B2,720.5,133.0,8.1,0.229,0.0645,4,0.392,1,0,0.042,103.4,glia_process,0
F2277,40097,7-1,B3,724.1,196.9,61.9,0.191,0.0398,3,1.455,1,3,0.048,96.3,spiny_dendrite,0
F2278,40552,7-2,B4,765.4,207.1,53.0,1.223,0.0699,4,2.119,0,3,0.05,120.2,glia_process,0
F2279,40211,7-2,B4,736.8,212.9,69.4,0.984,0.1635,15,0.816,4,4,0.083,118.0,merged_object,1
F2280,40383,7-1,B5,787.7,143.2,30.5,0.13,0.0096,2,2.313,4,1,0.067,99.7,axon,0
F2281,40016,3-3,B5,362.7,333.4,13.1,0.953,0.0846,4,1.613,1,1,0.065,108.6,axon,0
F2282,40217,7-1,B6,794.0,116.2,18.8,0.955,0.0507,2,0.519,0,6,0.09,96.3,spiny_dendrite,0
F2283,40317,1-2,B2,153.4,284.4,65.1,0.781,0.164,2,0.898,1,2,0.057,113.9,spiny_dendrite,0
F2284,40062,6-0,B5,629.8,35.7,114.7,0.901,0.1079,3,0.386,1,3,0.059,114.4,spiny_dendrite,0
F2285,40473,0-1,B2,50.3,173.8,14.6,0.667,0.2166,8,1.053,3,3,0.123,142.6,merged_object,1
F2286,40555,5-2,B6,577.7,215.0,47.2,0.979,0.0886,2,0.553,1,0,0.076,116.0,glia_process,0
F2287,40592,1-7,B6,161.9,735.7,22.5,0.659,0.0669,2,1.136,1,1,0.037,117.8,glia_process,0
F2288,40237,4-4,B6,472.4,450.3,28.6,0.488,0.0167,2,0.895,5,1,0.034,128.6,axon,0
F2289,40068,7-0,B5,792.6,54.8,28.7,0.17,0.031,2,2.249,5,1,0.038,138.1,axon,0
F2290,40167,3-5,B2,378.6,559.2,53.3,0.683,0.085,9,0.981,2,1,0.157,134.0,merged_object,1
F2291,40356,3-3,B1,370.3,393.4,18.8,1.166,0.0527,1,2.596,0,5,0.125,111.3,smooth_dendrite,0
F2292,40330,4-0,B4,426.0,52.8,32.7,0.586,0.0845,13,1.587,5,12,0.08,126.8,merged_object,1
F2293,40023,5-7,B4,506.3,741.0,48.6,0.255,0.0058,1,1.474,2,4,0.024,119.8,axon,0
F2294,40107,7-3,B5,767.4,318.5,62.1,0.629,0.0152,2,1.849,1,3,0.272,123.5,spiny_dendrite,0
F2295,40174,2-3,B6,262.4,368.3,41.9,0.274,0.007,1,0.738,6,0,0.05,127.5,axon,0
F2296,40280,4-4,B6,471.9,475.9,32.7,0.595,0.058,2,0.735,4,3,0.023,132.4,merged_object,1
F2297,40517,7-7,B2,750.6,776.9,64.5,0.518,0.0502,6,1.022,0,0,0.059,132.9,glia_process,0
F2298,40237,4-4,B6,485.4,430.5,27.2,0.701,0.0524,3,0.315,1,4,0.032,131.5,spiny_dendrite,0
F2299,40247,7-6,B2,736.1,615.9,10.0,1.116,0.0189,2,2.091,3,1,0.093,113.5,axon,0
F2300,40270,2-2,B3,266.9,294.2,7.4,0.895,0.0173,4,0.813,1,9,0.125,106.8,spiny_dendrite,0
F2301,40244,4-4,B2,430.0,452.2,7.5,0.28,0.032,3,1.026,1,17,0.094,129.3,spiny_dendrite,0
F2302,40430,7-7,B2,769.8,753.4,54.9,0.203,0.0058,1,2.289,18,1,0.095,127.1,axon,0
F2303,40138,0-1,B3,48.0,117.6,54.7,0.29,0.0346,4,1.293,2,1,0.261,141.5,axon,0
F2304,40554,4-3,B2,469.8,344.9,23.5,0.217,0.013,6,1.518,0,1,0.043,114.1,glia_process,1
F2305,40046,6-6,B1,682.3,636.8,44.5,0.447,0.0079,1,0.904,4,2,0.027,127.0,axon,0
F2306,40439,4-6,B6,458.1,651.4,62.3,1.129,0.0537,4,2.056,0,1,0.05,149.8,axon,0
F2307,40443,6-0,B6,658.6,45.3,26.7,0.477,0.0049,9,1.069,7,3,0.064,110.0,axon,0
F2308,40076,7-5,B6,729.5,539.8,160.2,0.506,0.0148,3,0.572,2,1,0.046,114.1,axon,0
F2309,40383,7-1,B5,780.9,178.2,54.0,0.283,0.028,5,2.01,1,5,0.199,100.5,smooth_dendrite,0
F2310,40305,5-7,B5,517.3,714.6,30.0,0.559,0.0535,7,1.359,1,6,0.075,136.1,spiny_dendrite,0
F2311,40029,3-3,B2,359.5,300.3,29.0,0.112,0.029,2,0.219,2,2,0.06,116.2,axon,0
F2312,40474,1-4,B4,168.2,403.3,93.7,0.493,0.0828,3,0.501,0,9,0.067,123.9,smooth_dendrite,0
F2313,40366,0-3,B4,18.7,327.4,41.1,0.453,0.0573,4,1.262,0,1,0.409,107.2,smooth_dendrite,0
F2314,40443,6-0,B6,699.0,41.7,20.6,0.398,0.003,5,1.028,5,2,0.045,111.6,axon,1
F2315,40384,5-4,B4,562.6,407.0,30.7,0.671,0.0472,5,0.342,5,0,0.041,123.8,axon,0
F2316,40341,1-4,B1,166.3,446.0,40.4,0.211,0.0832,1,0.314,4,0,0.071,118.4,axon,1
F2317,40175,4-2,B3,444.7,233.7,33.0,0.216,0.0218,2,0.947,0,7,0.102,130.4,spiny_dendrite,0
F2318,40279,4-7,B6,436.4,780.5,15.5,0.525,0.0056,1,1.589,1,2,0.071,123.8,axon,0
F2319,40044,5-0,B5,559.3,33.0,42.7,0.125,0.0046,4,0.384,3,2,0.082,120.5,axon,0
F2320,40461,0-6,B2,76.8,661.6,40.4,0.506,0.0557,3,3.13,0,3,0.329,128.9,smooth_dendrite,0
F2321,40045,6-4,B6,698.2,461.8,14.6,0.213,0.0597,2,1.571,0,10,0.079,119.2,spiny_dendrite,0
F2322,40372,0-4,B5,96.3,493.0,42.8,0.092,0.0107,1,2.278,1,1,0.057,125.6,axon,0
F2323,40184,7-0,B5,704.4,58.6,29.7,0.794,0.0701,1,0.374,1,8,0.151,145.9,spiny_dendrite,1
F2324,40371,6-4,B6,677.6,409.1,197.8,0.763,0.0147,2,0.843,1,11,0.055,122.3,smooth_dendrite,0
F2325,40023,5-7,B4,563.5,774.1,31.1,0.334,0.0183,1,0.658,0,10,0.022,116.7,spiny_dendrite,0
F2326,40202,0-7,B4,73.5,771.0,7.8,0.654,0.101,2,0.637,2,1,0.099,119.7,axon,0
F2327,40595,3-7,B1,370.9,796.4,99.1,0.704,0.0369,6,1.413,0,1,0.09,141.7,glia_process,0
F2328,40047,0-7,B2,77.1,705.4,17.2,1.287,0.0188,8,1.74,2,1,0.207,129.4,axon,0
F2329,40449,5-1,B1,595.7,134.3,20.7,0.559,0.0561,3,1.507,1,6,0.904,81.3,smooth_dendrite,0
F2330,40194,1-2,B3,140.7,298.0,49.5,0.125,0.101,3,0.935,3,4,0.042,124.6,axon,0
F2331,40355,5-2,B4,549.5,282.3,11.5,0.24,0.062,1,0.527,0,6,0.026,125.9,smooth_dendrite,1
F2332,40361,4-3,B4,401.7,332.3,13.0,0.247,0.0355,4,0.373,0,3,0.114,111.7,smooth_dendrite,0
F2333,40271,2-5,B2,296.5,534.9,89.5,0.409,0.0134,1,0.479,5,2,0.063,114.7,axon,0
F2334,40194,1-2,B3,172.2,213.4,52.7,0.189,0.2705,2,1.505,0,21,0.045,127.0,spiny_dendrite,0
F2335,40531,2-6,B3,208.1,632.5,29.5,0.501,0.0268,8,1.476,0,1,0.012,114.6,glia_process,1
F2336,40308,6-2,B2,649.7,219.6,28.1,1.015,0.02,2,1.45,2,0,0.085,122.6,axon,1
F2337,40334,2-2,B3,230.7,226.5,52.7,0.272,0.0222,1,3.63,1,1,0.12,110.6,axon,0
F2338,40495,5-2,B6,552.1,242.1,26.4,0.438,0.0626,2,1.956,0,10,0.402,120.3,smooth_dendrite,1
F2339,40328,1-5,B6,145.4,564.3,13.0,0.293,0.0293,3,1.152,0,4,0.105,106.7,spiny_dendrite,1
F2340,40371,6-4,B6,641.3,443.8,203.9,0.523,0.0146,3,0.622,1,15,0.067,120.7,smooth_dendrite,0
F2341,40561,0-5,B6,91.0,542.2,31.2,4.431,0.1778,4,1.226,0,1,0.051,92.0,glia_process,1
F2342,40330,4-0,B4,451.6,89.1,15.7,0.42,0.0242,5,1.722,2,8,0.253,127.8,spiny_dendrite,0
F2343,40242,5-2,B5,504.7,220.5,19.4,0.965,0.0337,18,1.27,0,7,0.073,123.8,spiny_dendrite,1
F2344,40197,4-2,B1,465.0,240.0,35.9,0.908,0.0446,5,0.913,0,3,0.079,127.0,spiny_dendrite,0
F2345,40456,0-3,B5,97.1,378.2,20.5,0.841,0.0099,3,0.299,0,3,0.151,116.6,smooth_dendrite,1
F2346,40126,4-3,B6,485.8,353.0,20.8,0.627,0.085,1,1.881,1,6,0.032,110.6,spiny_dendrite,0
F2347,40518,2-3,B4,219.4,352.1,14.6,0.163,0.3076,4,0.854,1,0,0.023,133.0,glia_process,0
F2348,40161,3-0,B4,380.2,89.0,27.6,0.225,0.0419,1,0.944,0,2,0.039,122.6,spiny_dendrite,0
F2349,40196,2-0,B6,240.7,65.3,12.2,0.255,0.0225,4,1.479,4,1,0.07,131.7,axon,0
F2350,40481,2-7,B3,264.3,732.8,23.1,0.592,0.0108,6,2.072,0,1,0.161,130.9,smooth_dendrite,0
F2351,40555,5-2,B6,585.8,250.2,27.9,0.429,0.0881,4,0.396,0,0,0.043,116.3,glia_process,0
F2352,40481,2-7,B3,221.0,772.0,25.4,0.856,0.0173,10,1.309,0,1,0.246,131.9,smooth_dendrite,1
F2353,40285,6-5,B6,656.0,564.2,20.9,0.35,0.0527,2,0.906,1,0,0.146,133.6,axon,0
F2354,40578,2-0,B4,212.5,59.9,44.0,0.197,0.0762,5,1.705,0,0,0.172,133.4,glia_process,1
F2355,40329,2-1,B4,223.1,117.6,15.2,0.67,0.0392,3,0.654,9,2,0.022,125.4,axon,0
F2356,40449,5-1,B1,512.9,193.5,20.3,0.667,0.197,4,0.714,5,2,0.45,77.5,merged_object,1
F2357,40495,5-2,B6,527.5,275.2,14.0,0.417,0.023,2,1.436,1,2,0.114,119.7,axon,0
F2358,40191,5-5,B5,525.8,599.0,38.1,0.465,0.0446,2,3.263,6,1,0.113,120.0,axon,0
F2359,40587,5-7,B1,584.7,786.7,22.7,0.414,0.2124,8,1.968,0,0,0.043,128.2,glia_process,1
F2360,40160,6-4,B2,693.4,404.3,37.2,0.829,0.0282,5,1.12,1,1,0.119,112.5,axon,0
F2361,40493,3-3,B5,379.8,321.2,31.5,0.576,0.1585,6,2.18,1,3,0.161,106.6,smooth_dendrite,0
F2362,40019,5-0,B5,567.8,91.0,121.0,0.794,0.0058,4,2.681,10,1,0.144,124.4,axon,1
F2363,40120,4-5,B3,451.3,516.1,17.2,0.606,0.0653,0,1.551,0,3,0.068,121.8,spiny_dendrite,0
F2364,40189,1-0,B3,179.0,55.4,27.9,1.337,0.0692,5,1.095,0,4,0.126,113.9,spiny_dendrite,0
F2365,40268,1-5,B1,178.8,537.4,52.9,0.137,0.095,3,0.694,0,8,0.12,108.9,spiny_dendrite,0
F2366,40171,2-3,B2,207.0,390.7,25.2,0.63,0.0459,1,0.391,0,4,0.237,130.2,spiny_dendrite,0
F2367,40220,5-3,B5,575.6,372.8,18.3,1.614,0.223,5,0.707,0,4,0.045,119.4,spiny_dendrite,1
F2368,40015,4-0,B3,407.6,33.6,28.6,0.983,0.0618,3,0.07,1,2,0.052,124.5,spiny_dendrite,0
F2369,40567,4-3,B2,454.7,332.2,44.6,0.189,0.0175,1,2.129,0,0,0.015,108.5,glia_process,0
F2370,40550,6-1,B4,621.0,161.2,38.0,2.22,0.0619,3,0.289,0,1,0.009,110.9,glia_process,0
F2371,40058,3-6,B6,350.4,681.6,69.3,0.271,0.3519,10,1.81,2,11,0.086,141.5,merged_object,1
F2372,40406,6-6,B5,695.9,629.0,60.7,0.202,0.0463,1,1.888,0,4,0.336,126.5,smooth_dendrite,0
F2373,40106,1-2,B4,136.6,297.3,30.1,0.552,0.0265,2,1.914,0,7,0.297,121.5,spiny_dendrite,0
F2374,40563,2-3,B5,240.8,325.0,25.2,0.348,0.0512,2,1.171,1,0,0.019,133.5,glia_process,0
F2375,40197,4-2,B1,451.3,220.0,25.2,0.752,0.0957,5,0.848,0,2,0.076,127.7,spiny_dendrite,0
F2376,40475,2-5,B5,208.2,506.3,37.6,0.315,0.021,2,1.768,5,0,0.041,127.3,axon,0
F2377,40448,4-0,B4,400.8,17.6,16.5,0.615,0.0668,8,1.183,0,8,0.085,124.7,smooth_dendrite,0
F2378,40277,7-1,B2,774.1,189.7,13.5,0.168,0.0165,5,0.541,3,0,0.083,105.3,axon,0
F2379,40449,5-1,B1,535.3,189.4,11.9,1.1,0.0787,3,1.071,1,3,0.56,77.5,smooth_dendrite,0
F2380,40393,1-3,B6,186.1,313.2,32.4,0.835,0.0374,2,1.632,1,12,0.096,151.8,smooth_dendrite,0
F2381,40409,6-7,B5,620.0,751.0,58.7,0.262,0.0186,1,0.393,5,0,0.072,133.7,axon,0
F2382,40585,5-6,B4,594.2,616.7,47.0,0.21,0.1304,8,1.361,0,0,0.116,128.2,glia_process,0
F2383,40382,6-0,B1,664.2,91.3,35.1,1.396,0.0182,2,1.912,1,3,0.174,111.5,smooth_dendrite,0
F2384,40352,1-6,B3,106.5,664.7,108.7,1.637,0.1522,3,1.956,1,4,0.195,117.5,smooth_dendrite,0
F2385,40567,4-3,B2,478.6,390.7,47.3,0.145,0.0177,1,5.166,1,1,0.019,112.4,glia_process,1
F2386,40268,1-5,B1,102.0,525.1,60.8,0.037,0.028,7,0.634,2,1,0.085,108.5,axon,0
F2387,40460,2-0,B6,248.8,23.8,40.4,0.356,0.0429,7,9.715,1,8,0.29,127.1,smooth_dendrite,0
F2388,40209,5-5,B3,566.7,574.5,42.6,0.444,0.0318,3,0.791,1,3,0.187,107.3,spiny_dendrite,0
F2389,40378,6-1,B6,672.4,199.8,26.0,0.579,0.0796,5,0.243,1,2,0.16,116.8,smooth_dendrite,0
F2390,40244,4-4,B2,417.8,451.4,6.8,0.222,0.0375,3,0.799,1,11,0.084,129.3,spiny_dendrite,0
F2391,40024,2-0,B1,200.7,16.7,15.4,0.618,0.0224,6,1.354,1,1,0.151,132.4,axon,0
F2392,40434,1-5,B6,138.6,585.7,16.7,0.313,0.0368,1,2.393,1,5,0.035,112.1,smooth_dendrite,0
F2393,40329,2-1,B4,235.0,161.8,9.6,0.722,0.0351,4,0.395,10,3,0.025,123.9,axon,0
F2394,40416,6-7,B1,657.9,716.2,31.9,2.937,0.0549,3,1.059,1,1,0.037,134.7,smooth_dendrite,0
F2395,40378,6-1,B6,638.6,109.0,12.8,0.83,0.0529,6,0.324,1,5,0.485,114.5,smooth_dendrite,0
F2396,40275,2-2,B6,241.6,283.9,13.6,0.562,0.0813,2,1.102,0,3,0.104,105.8,spiny_dendrite,0
F2397,40123,6-3,B5,653.0,392.2,7.1,0.628,0.034,3,1.666,1,1,0.178,99.3,axon,0
F2398,40380,1-3,B4,173.6,331.9,31.6,0.238,0.0677,2,2.294,6,1,0.06,149.1,axon,0
F2399,40048,3-2,B4,311.2,213.7,27.5,0.667,0.0208,2,1.027,6,1,0.084,118.2,axon,0
F2400,40210,5-4,B4,526.7,403.6,37.0,0.53,0.0431,3,2.36,1,2,0.11,124.0,spiny_dendrite,0
F2401,40186,7-6,B5,783.7,639.7,14.4,0.283,0.0134,1,3.335,6,1,0.137,110.2,axon,1
F2402,40431,0-5,B4,47.5,529.1,9.2,0.132,0.0575,3,0.225,4,1,0.099,89.5,axon,0
F2403,40179,5-6,B2,557.4,657.5,61.8,1.828,0.154,8,0.88,1,6,0.128,124.2,spiny_dendrite,0
F2404,40244,4-4,B2,403.9,434.3,8.8,0.141,0.018,3,1.237,7,3,0.073,129.8,axon,0
F2405,40008,7-1,B6,764.3,173.8,35.2,1.743,0.0378,3,5.292,2,1,0.047,96.9,axon,0
F2406,40233,6-7,B3,658.4,751.4,40.3,1.232,0.0766,1,1.306,1,8,0.218,126.9,spiny_dendrite,0
F2407,40582,5-7,B3,577.2,790.6,20.4,1.179,0.4093,11,0.663,1,0,0.027,132.2,glia_process,1
F2408,40400,5-5,B5,590.3,530.8,73.4,0.089,0.0134,2,2.24,0,2,0.035,118.5,axon,0
F2409,40140,4-1,B1,463.5,137.8,15.7,0.396,0.0106,1,0.676,2,0,0.038,104.4,axon,0
F2410,40580,0-5,B1,12.7,532.2,31.4,0.227,0.2231,7,2.025,0,0,0.05,88.3,glia_process,1
F2411,40405,0-3,B5,8.3,363.1,48.3,0.406,0.0677,7,0.267,1,4,0.304,113.6,smooth_dendrite,0
F2412,40344,2-2,B2,252.5,277.8,12.8,0.353,0.0216,0,3.343,2,1,0.042,111.9,axon,0
F2413,40410,7-1,B3,703.1,115.7,7.7,0.843,0.0661,3,1.927,0,4,0.264,98.7,smooth_dendrite,0
F2414,40550,6-1,B4,690.9,172.4,33.8,1.125,0.0557,6,0.42,0,0,0.013,107.2,glia_process,0
F2415,40331,0-1,B5,92.2,151.7,107.9,0.343,0.0621,4,0.452,0,10,0.094,138.2,smooth_dendrite,0
F2416,40047,0-7,B2,43.6,703.7,20.2,1.323,0.0351,7,1.097,0,4,0.492,129.5,spiny_dendrite,0
F2417,40117,6-3,B5,682.3,395.5,33.0,1.603,0.0464,3,0.562,2,2,0.096,96.2,axon,0
F2418,40535,7-4,B3,785.8,408.9,76.8,0.444,0.1468,2,1.296,3,6,0.135,124.3,merged_object,1
F2419,40105,7-7,B1,730.6,793.9,18.7,0.414,0.0098,8,1.039,1,4,0.039,120.6,spiny_dendrite,0
F2420,40431,0-5,B4,65.4,580.4,15.6,0.127,0.0328,2,0.401,5,2,0.126,87.5,axon,1
F2421,40223,6-6,B2,657.5,655.4,31.7,0.291,0.0127,5,0.259,5,2,0.19,128.6,axon,0
F2422,40263,7-4,B5,779.9,417.0,35.2,0.543,0.1225,1,1.285,0,4,0.045,125.5,spiny_dendrite,0
F2423,40050,5-1,B2,543.4,109.3,6.6,1.139,0.0926,5,0.984,0,2,0.018,79.7,spiny_dendrite,0
F2424,40070,5-5,B6,537.3,571.7,68.7,0.191,0.0054,4,0.805,5,3,0.021,113.4,axon,0
F2425,40063,6-5,B2,660.1,595.2,19.8,0.333,0.0189,6,0.307,2,5,0.075,129.4,axon,0
F2426,40469,1-1,B3,175.1,107.9,55.8,0.844,0.0319,2,1.665,0,2,0.14,128.0,smooth_dendrite,0
F2427,40243,0-4,B6,30.0,499.3,75.0,0.587,0.0233,2,0.822,1,2,0.233,119.7,spiny_dendrite,0
F2428,40511,3-2,B4,380.9,264.1,26.3,0.56,0.0194,3,0.704,1,0,0.088,122.2,glia_process,0
F2429,40374,7-0,B4,794.7,26.8,49.6,0.159,0.0325,3,1.501,3,2,0.046,145.3,axon,0
F2430,40323,7-5,B6,776.6,556.8,47.7,0.458,0.1896,7,2.025,1,6,0.066,124.1,spiny_dendrite,0
F2431,40409,6-7,B5,604.0,739.1,17.7,0.346,0.0266,1,0.387,1,1,0.06,132.5,smooth_dendrite,0
F2432,40503,2-2,B6,206.0,234.9,20.5,0.871,0.0773,3,1.191,0,0,0.034,108.6,glia_process,0
F2433,40081,5-1,B3,577.5,175.5,53.8,0.404,0.0378,2,1.323,3,2,0.138,73.5,axon,0
F2434,40034,0-6,B2,7.2,681.8,14.1,0.187,0.0197,1,4.654,8,1,0.089,125.7,axon,0
F2435,40491,7-2,B5,756.2,257.8,23.5,2.231,0.1215,3,0.63,0,7,0.064,124.8,smooth_dendrite,0
F2436,40588,2-5,B6,242.1,500.9,61.2,0.152,0.1205,10,0.493,0,0,0.039,107.6,glia_process,0
F2437,40263,7-4,B5,778.4,466.4,31.6,0.209,0.097,1,1.396,0,9,0.065,128.6,spiny_dendrite,0
F2438,40266,5-1,B3,534.3,151.4,46.0,0.937,0.0633,3,0.696,2,6,0.195,75.3,spiny_dendrite,0
F2439,40171,2-3,B2,255.7,338.5,27.4,0.638,0.0629,2,0.279,1,5,0.158,131.8,spiny_dendrite,0
F2440,40545,6-6,B2,650.2,647.7,22.7,0.546,0.1057,2,1.974,0,0,0.029,123.8,glia_process,1
F2441,40382,6-0,B1,664.9,47.5,39.4,0.484,0.0234,3,1.056,1,5,0.259,115.0,smooth_dendrite,0
F2442,40014,7-7,B4,741.8,718.6,38.9,0.633,0.0479,1,3.412,1,1,0.043,127.8,axon,0
F2443,40199,2-2,B2,275.1,233.3,28.6,0.811,0.0235,3,1.23,1,4,0.088,115.7,spiny_dendrite,1
F2444,40594,1-3,B5,185.4,397.5,44.6,0.47,0.2543,7,2.645,1,1,0.048,148.6,glia_process,1
F2445,40283,3-0,B6,334.4,82.7,12.0,0.384,0.0345,3,9.594,2,1,0.033,118.7,axon,0
F2446,40187,0-4,B1,46.1,427.2,42.7,0.647,0.0367,3,1.527,2,1,0.286,122.9,axon,0
F2447,40130,4-1,B3,416.6,114.2,29.3,0.804,0.0273,3,0.83,3,2,0.106,113.5,axon,1
F2448,40205,2-6,B5,247.1,615.9,17.0,0.207,0.0433,6,1.252,5,1,0.035,107.7,axon,1
F2449,40529,5-2,B1,520.1,200.5,35.9,0.38,0.1178,2,0.547,0,0,0.082,116.6,glia_process,0
F2450,40382,6-0,B1,696.6,2.5,19.4,0.619,0.0186,2,1.323,0,4,0.126,114.2,smooth_dendrite,0
F2451,40242,5-2,B5,562.7,243.3,11.5,0.649,0.0287,9,1.149,1,6,0.125,125.9,spiny_dendrite,0
F2452,40239,5-0,B4,532.6,88.3,8.0,0.629,0.0878,5,0.475,0,4,0.058,124.6,spiny_dendrite,0
F2453,40446,3-0,B3,315.8,1.1,64.9,0.223,0.0137,2,0.853,1,8,0.144,116.2,smooth_dendrite,0
F2454,40352,1-6,B3,186.0,624.9,127.2,1.419,0.1006,2,1.84,1,5,0.263,115.9,smooth_dendrite,0
F2455,40250,0-0,B3,40.4,43.0,16.9,0.285,0.0173,2,0.574,2,2,0.06,124.1,axon,0
F2456,40315,3-4,B4,335.1,451.5,10.2,0.327,0.0091,2,3.423,7,1,0.127,127.6,axon,0
F2457,40377,7-1,B2,726.3,134.0,13.8,0.653,0.036,1,0.518,1,13,0.068,94.5,smooth_dendrite,0
F2458,40494,3-7,B1,311.4,784.2,154.9,0.553,0.0436,1,2.973,2,1,0.05,141.7,axon,1
F2459,40220,5-3,B5,598.0,387.3,35.2,1.112,0.0903,4,0.815,1,7,0.055,120.9,spiny_dendrite,0
F2460,40387,3-4,B4,365.8,481.5,27.9,0.401,0.0619,2,0.966,1,2,0.194,124.4,smooth_dendrite,0
F2461,40598,2-3,B4,213.6,336.8,14.7,0.057,0.0535,2,0.634,0,0,0.022,124.6,glia_process,1
F2462,40073,4-2,B2,432.9,299.4,25.1,0.191,0.0132,4,1.094,2,1,0.141,137.0,axon,0
F2463,40480,7-6,B1,719.7,668.4,31.9,1.98,0.0173,1,0.898,0,2,0.494,109.9,smooth_dendrite,1
F2464,40477,1-0,B3,165.7,72.4,25.9,0.454,0.546,11,2.063,4,4,0.056,115.0,merged_object,1
F2465,40067,6-1,B5,627.3,171.0,86.2,0.319,0.0674,2,0.776,1,2,0.183,110.5,spiny_dendrite,0
F2466,40504,5-0,B4,590.7,9.0,35.7,0.332,0.0335,4,1.908,1,0,0.108,120.1,glia_process,1
F2467,40592,1-7,B6,196.3,736.8,36.6,0.923,0.163,2,1.051,1,0,0.025,116.8,glia_process,0
F2468,40086,4-0,B4,490.5,71.0,94.4,1.126,0.1038,5,1.923,1,4,0.269,116.3,merged_object,1
F2469,40420,5-7,B2,555.7,759.1,45.8,1.793,0.0551,5,0.448,1,11,0.186,123.6,smooth_dendrite,1
F2470,40161,3-0,B4,325.9,3.3,60.1,0.162,0.0264,1,2.219,1,2,0.063,120.6,spiny_dendrite,0
F2471,40311,0-7,B1,36.4,752.7,30.1,1.057,0.0364,3,0.981,2,3,0.131,116.4,spiny_dendrite,0
F2472,40219,2-5,B6,208.6,506.6,39.6,1.066,0.0166,1,0.295,0,5,0.053,126.2,spiny_dendrite,0
F2473,40322,5-5,B2,552.7,519.0,36.5,0.383,0.0142,5,1.677,2,5,0.065,108.8,axon,0
F2474,40091,3-2,B6,386.3,262.3,39.1,0.558,0.1495,1,1.25,1,13,0.051,120.4,spiny_dendrite,0
F2475,40423,6-7,B3,675.8,734.4,21.9,0.304,0.0224,3,1.125,3,1,0.042,134.7,axon,0
F2476,40559,1-7,B6,113.8,723.0,15.3,0.163,0.0566,1,1.218,0,0,0.006,113.8,glia_process,1
F2477,40420,5-7,B2,527.8,730.5,40.6,1.269,0.0263,4,0.516,6,2,0.109,122.4,axon,1
F2478,40180,6-4,B1,619.3,491.5,46.0,1.0,0.0269,3,1.121,2,0,0.136,114.8,axon,0
F2479,40471,3-1,B1,361.5,177.5,35.2,0.211,0.0197,2,1.328,0,5,0.077,123.5,smooth_dendrite,0
F2480,40172,3-5,B2,368.0,557.4,66.9,1.025,0.0201,3,0.969,1,3,0.038,123.3,spiny_dendrite,1
F2481,40192,5-3,B6,540.0,304.5,28.9,0.682,0.027,4,1.083,0,2,0.04,116.2,spiny_dendrite,0
F2482,40345,1-4,B1,182.7,434.0,14.4,0.385,0.1103,10,1.607,0,2,0.063,111.4,smooth_dendrite,1
F2483,40375,4-7,B6,454.8,746.3,22.5,0.209,0.0259,3,1.304,1,3,0.058,127.5,smooth_dendrite,0
F2484,40110,0-5,B1,37.5,573.2,20.1,0.184,0.0415,2,0.792,1,3,0.069,92.0,axon,0
F2485,40373,5-5,B3,538.4,595.5,13.0,0.331,0.0536,2,0.779,0,1,0.159,106.7,smooth_dendrite,0
F2486,40395,5-6,B4,574.5,695.4,35.4,0.384,0.0647,2,1.278,1,3,0.254,129.2,smooth_dendrite,0
F2487,40541,4-7,B3,409.0,762.0,13.2,0.283,0.0247,2,0.446,2,1,0.088,124.0,glia_process,0
F2488,40461,0-6,B2,31.8,637.7,29.6,0.533,0.0842,3,4.466,0,3,0.37,129.3,smooth_dendrite,0
F2489,40449,5-1,B1,518.7,111.8,22.6,0.959,0.0248,3,0.657,7,1,0.475,79.8,axon,0
F2490,40365,3-0,B1,341.6,82.9,35.5,0.808,0.0112,2,0.587,3,1,0.063,124.2,axon,0
F2491,40095,1-7,B1,145.2,741.7,26.1,0.407,0.0915,4,0.99,1,3,0.218,112.3,merged_object,1
F2492,40095,1-7,B1,192.3,783.4,25.6,0.61,0.023,3,0.722,0,4,0.196,112.4,spiny_dendrite,0
F2493,40471,3-1,B1,309.5,179.3,18.2,0.39,0.0254,1,1.358,0,6,0.083,122.2,smooth_dendrite,0
F2494,40154,2-7,B2,271.0,729.9,12.7,0.432,0.0247,5,0.72,2,1,0.214,127.9,axon,0
F2495,40419,0-1,B2,59.8,171.9,19.7,0.363,0.0314,2,1.939,1,0,0.198,137.9,axon,0
F2496,40484,0-1,B2,65.4,123.4,32.8,1.337,0.031,13,2.143,1,10,0.086,146.1,smooth_dendrite,0
F2497,40141,4-2,B2,403.8,232.1,42.4,0.402,0.0136,2,4.091,2,1,0.035,136.9,axon,0
F2498,40415,0-5,B5,55.3,528.1,104.1,0.945,0.0348,4,1.102,0,5,0.071,90.8,smooth_dendrite,0
F2499,40495,5-2,B6,526.8,285.6,17.8,0.814,0.0873,2,1.619,0,10,0.334,119.2,smooth_dendrite,0
F2500,40573,3-0,B5,353.5,26.5,21.7,0.451,0.0361,5,0.659,0,0,0.017,122.3,glia_process,1
F2501,40077,6-4,B5,615.7,487.8,160.0,0.558,0.036,1,2.289,0,6,0.162,112.1,spiny_dendrite,0
F2502,40222,4-3,B6,408.6,351.3,49.7,0.736,0.0165,2,0.462,3,1,0.039,106.9,axon,1
F2503,40458,7-3,B3,720.3,308.2,10.8,0.631,0.0629,1,1.599,0,2,0.142,117.4,smooth_dendrite,0
F2504,40280,4-4,B6,456.4,488.0,22.8,0.557,0.0345,1,0.99,1,3,0.025,132.6,spiny_dendrite,1
F2505,40276,4-3,B5,440.0,340.1,111.1,0.998,0.0155,3,1.417,2,4,0.12,111.2,axon,0
F2506,40429,6-1,B6,696.3,193.9,66.7,0.591,0.0889,1,1.087,1,6,0.252,114.4,smooth_dendrite,0
F2507,40133,7-2,B5,759.5,244.9,39.0,0.632,0.0601,11,1.874,1,2,0.174,123.3,axon,0
F2508,40301,0-5,B2,1.3,549.3,31.6,0.497,0.0655,2,0.437,2,3,0.04,98.5,axon,0
F2509,40172,3-5,B2,373.3,557.3,89.9,0.787,0.0337,3,1.847,1,4,0.06,127.3,spiny_dendrite,0
F2510,40029,3-3,B2,391.9,363.7,35.4,0.127,0.0513,3,0.345,0,7,0.049,113.5,spiny_dendrite,0
F2511,40555,5-2,B6,519.0,261.9,28.2,0.846,0.1012,2,0.403,1,0,0.093,117.1,glia_process,0
F2512,40379,4-3,B6,450.2,339.2,39.7,0.775,0.0153,3,1.73,1,7,0.046,112.9,smooth_dendrite,1
F2513,40014,7-7,B4,759.1,786.7,46.3,0.871,0.1229,2,3.522,0,4,0.115,125.9,spiny_dendrite,0
F2514,40066,3-0,B4,355.6,61.6,26.3,0.242,0.0042,3,4.338,2,4,0.101,117.6,axon,0
F2515,40094,2-3,B5,219.9,378.7,21.2,0.174,0.0113,1,0.918,6,1,0.088,126.2,axon,1
F2516,40071,5-4,B3,580.0,451.7,94.2,0.178,0.0704,3,6.23,0,2,0.109,134.6,spiny_dendrite,0
F2517,40455,3-0,B5,306.4,13.7,18.2,0.23,0.0602,6,1.494,0,1,0.167,120.0,smooth_dendrite,1
F2518,40284,4-7,B3,498.5,703.9,11.7,0.332,0.0352,2,1.837,0,17,0.363,125.2,spiny_dendrite,0
F2519,40196,2-0,B6,213.8,82.5,17.7,0.534,0.0467,6,0.757,2,1,0.086,131.8,axon,0
F2520,40048,3-2,B4,325.6,228.4,42.2,1.984,0.192,7,1.394,2,3,0.204,116.9,merged_object,1
F2521,40510,6-1,B3,605.0,121.7,26.4,0.582,0.096,9,1.103,0,1,0.042,118.3,glia_process,0
F2522,40571,7-0,B3,765.0,63.6,50.3,1.327,0.2921,6,5.383,2,3,0.094,146.2,merged_object,1
F2523,40255,1-2,B3,119.8,259.6,9.6,0.188,0.216,4,1.609,1,2,0.079,121.5,spiny_dendrite,0
F2524,40286,5-0,B1,524.2,92.7,22.4,1.723,0.0211,2,3.36,3,0,0.063,121.3,axon,1
F2525,40271,2-5,B2,210.4,568.9,66.2,1.123,0.0315,2,0.398,0,4,0.095,114.8,spiny_dendrite,0
F2526,40483,5-0,B6,529.9,25.2,15.7,1.162,0.0097,5,0.419,1,5,0.067,114.0,smooth_dendrite,0
F2527,40005,5-0,B2,503.3,49.7,99.6,0.214,0.0425,1,1.739,3,2,0.076,115.7,axon,0
F2528,40290,5-6,B5,540.3,616.0,55.0,0.591,0.062,3,0.728,0,6,0.509,133.8,spiny_dendrite,0
F2529,40339,5-2,B2,501.8,283.9,86.1,0.636,0.0165,9,1.278,2,1,0.108,109.5,axon,0
F2530,40072,7-5,B1,784.8,531.4,9.9,0.337,0.0408,1,1.103,5,2,0.114,110.9,axon,1
F2531,40067,6-1,B5,616.9,147.9,42.8,0.327,0.0214,0,0.654,4,1,0.146,111.4,axon,0
F2532,40299,3-2,B1,338.0,221.7,94.1,0.522,0.0464,8,1.6,4,1,0.112,119.7,axon,0
F2533,40006,7-6,B4,735.1,666.2,21.5,2.021,0.0189,1,1.184,1,4,0.034,108.7,spiny_dendrite,0
F2534,40285,6-5,B6,615.9,524.5,12.7,0.317,0.1476,3,0.849,0,1,0.097,136.6,spiny_dendrite,0
F2535,40313,7-6,B1,762.1,684.3,58.7,0.271,0.072,10,2.221,3,6,0.119,111.7,axon,0
F2536,40372,0-4,B5,47.7,443.6,27.6,0.131,0.0087,1,1.411,1,0,0.091,123.8,axon,0
F2537,40347,5-1,B6,584.4,179.2,21.8,0.546,0.0267,2,2.112,1,8,0.274,82.4,smooth_dendrite,0
F2538,40326,7-2,B4,791.0,245.4,29.4,0.315,0.0659,11,0.426,1,13,0.191,122.1,spiny_dendrite,0
F2539,40064,2-3,B1,205.2,308.8,38.0,1.24,0.0706,2,3.049,1,9,0.044,119.7,spiny_dendrite,0
F2540,40412,5-6,B4,542.3,611.1,23.1,0.422,0.0346,2,0.658,2,2,0.075,126.1,axon,1
F2541,40223,6-6,B2,618.3,689.1,34.9,0.845,0.0389,7,0.29,1,6,0.321,128.5,spiny_dendrite,0
F2542,40120,4-5,B3,421.9,503.0,11.5,0.809,0.0305,1,3.122,1,0,0.049,119.9,axon,0
F2543,40143,2-7,B3,262.7,730.4,47.7,0.283,0.0776,4,1.393,0,3,0.132,128.5,spiny_dendrite,0
F2544,40416,6-7,B1,655.3,728.5,45.1,1.663,0.0423,4,1.135,2,0,0.04,132.2,axon,0
F2545,40389,4-3,B1,475.4,357.5,14.3,0.293,0.0723,0,1.172,2,3,0.065,105.4,axon,0
F2546,40457,6-0,B5,610.5,74.1,33.1,0.445,0.0742,3,9.296,0,4,0.034,112.1,smooth_dendrite,0
F2547,40443,6-0,B6,634.7,94.3,24.5,0.445,0.0048,5,0.486,4,2,0.025,110.0,axon,0
F2548,40115,2-7,B4,288.5,749.0,24.8,0.449,0.0682,4,0.318,1,5,0.178,135.2,spiny_dendrite,1
F2549,40367,7-3,B1,746.7,338.9,92.7,0.647,0.0184,1,0.329,2,1,0.04,130.0,axon,0
F2550,40558,6-6,B1,661.0,645.6,44.3,0.524,0.0912,10,2.546,1,2,0.091,120.6,glia_process,0
F2551,40085,5-0,B4,544.9,43.4,54.9,1.004,0.0123,19,2.395,4,1,0.057,120.3,axon,0
F2552,40489,4-6,B5,447.5,600.9,9.8,0.106,0.0442,2,2.747,3,2,0.088,147.5,axon,1
F2553,40432,0-2,B6,15.8,270.0,35.6,0.513,0.0185,3,1.38,4,0,0.055,134.8,axon,0
F2554,40220,5-3,B5,591.0,312.6,34.4,0.758,0.0643,2,1.128,2,1,0.039,117.8,axon,0
F2555,40015,4-0,B3,487.4,80.3,51.5,0.278,0.0666,6,0.084,2,1,0.056,125.7,spiny_dendrite,1
F2556,40291,3-6,B3,385.9,657.8,37.7,0.468,0.0665,4,2.157,4,1,0.086,141.2,axon,0
F2557,40031,3-1,B4,364.5,151.2,12.5,1.387,0.076,4,0.689,0,10,0.21,130.1,spiny_dendrite,1
F2558,40486,6-5,B5,619.2,562.1,24.7,0.43,0.0145,1,2.124,4,1,0.14,126.1,axon,0
F2559,40300,6-3,B6,692.8,388.2,42.6,0.287,0.0117,3,1.013,3,1,0.105,110.5,axon,0
F2560,40029,3-3,B2,392.7,315.6,61.5,0.187,0.1032,9,0.462,1,5,0.082,112.1,merged_object,1
F2561,40056,5-3,B5,547.4,319.7,37.6,1.115,0.018,1,1.426,3,2,0.241,114.0,axon,1
F2562,40169,6-7,B3,697.0,750.5,43.3,0.541,0.0567,2,9.337,0,15,0.089,124.9,spiny_dendrite,0
F2563,40350,6-4,B5,657.0,494.1,20.1,2.243,0.0161,3,1.825,0,1,0.068,126.3,smooth_dendrite,0
F2564,40227,0-7,B2,61.4,787.3,60.5,0.165,0.0612,8,2.421,2,5,0.176,121.7,merged_object,1
F2565,40449,5-1,B1,525.3,101.1,18.8,1.179,0.0449,3,0.734,1,3,0.404,78.4,smooth_dendrite,1
F2566,40377,7-1,B2,731.6,141.7,24.0,1.017,0.0233,2,0.566,0,7,0.104,95.7,smooth_dendrite,0
F2567,40404,3-4,B3,301.6,441.1,21.3,0.374,0.0305,5,1.042,1,1,0.051,124.2,smooth_dendrite,0
F2568,40455,3-0,B5,337.5,20.6,43.9,0.112,0.0202,4,2.197,2,0,0.082,116.7,axon,0
F2569,40152,6-3,B5,664.9,386.9,14.8,0.422,0.1411,2,0.531,0,5,0.048,99.4,spiny_dendrite,1
F2570,40161,3-0,B4,300.3,3.2,40.4,0.136,0.0251,1,2.38,0,2,0.059,122.2,spiny_dendrite,0
F2571,40319,0-7,B3,8.1,767.4,51.1,0.681,0.0338,4,0.888,0,8,0.114,120.8,spiny_dendrite,0
F2572,40183,6-4,B5,692.3,440.7,26.3,0.518,0.0594,6,3.87,0,5,0.128,120.1,spiny_dendrite,0
F2573,40269,7-0,B4,710.6,76.2,13.2,0.127,0.0083,0,0.484,3,1,0.126,141.4,axon,0
F2574,40004,6-1,B5,630.4,198.8,49.2,0.258,0.0206,3,0.319,1,7,0.039,104.8,spiny_dendrite,0
F2575,40221,2-1,B3,265.0,157.9,54.7,1.394,0.0632,2,1.031,0,3,0.131,130.7,spiny_dendrite,1
F2576,40556,7-5,B6,778.6,510.1,20.2,0.52,0.0795,4,3.869,1,0,0.054,112.9,glia_process,0
F2577,40371,6-4,B6,697.6,447.8,122.5,0.521,0.0193,1,0.473,1,14,0.108,120.8,smooth_dendrite,0
F2578,40466,3-0,B1,389.2,11.6,69.1,1.625,0.1474,2,1.139,0,0,0.121,124.5,smooth_dendrite,0
F2579,40102,4-3,B1,498.2,323.9,129.4,0.139,0.0203,2,1.336,1,1,0.049,112.2,axon,0
F2580,40600,1-6,B3,175.9,628.0,9.3,1.735,0.039,3,2.346,0,0,0.08,119.6,glia_process,1
F2581,40274,6-4,B6,685.6,411.8,33.3,0.498,0.04,4,1.832,2,1,0.086,113.9,axon,1
F2582,40332,5-4,B2,599.9,418.3,18.0,0.639,0.022,2,2.879,2,4,0.128,128.0,axon,0
F2583,40255,1-2,B3,134.5,281.7,6.2,0.146,0.1152,6,1.462,6,0,0.068,120.1,axon,0
F2584,40543,1-5,B5,104.6,541.8,18.9,1.24,0.0592,3,1.267,0,1,0.052,107.7,glia_process,0
F2585,40199,2-2,B2,279.9,221.2,16.5,0.233,0.0133,8,1.049,4,1,0.077,116.6,axon,1
F2586,40391,6-5,B1,605.4,517.5,11.6,0.55,0.0435,1,1.394,0,6,0.114,126.2,smooth_dendrite,0
F2587,40392,2-1,B2,251.4,121.6,36.4,0.38,0.0105,2,0.604,2,6,0.053,123.9,axon,0
F2588,40280,4-4,B6,493.5,466.5,40.0,0.474,0.0138,1,1.061,4,1,0.05,128.9,axon,0
F2589,40544,0-2,B3,82.7,278.7,27.7,0.394,0.0497,3,1.924,0,2,0.084,120.9,glia_process,1
F2590,40018,2-0,B2,237.3,78.5,18.7,0.204,0.2301,2,0.585,0,8,0.022,127.6,spiny_dendrite,0
F2591,40285,6-5,B6,650.4,579.6,33.6,0.539,0.1304,3,1.234,0,1,0.09,132.9,spiny_dendrite,0
F2592,40411,0-2,B4,85.2,230.9,18.4,0.177,0.0703,4,1.358,4,5,0.043,128.1,axon,0
F2593,40271,2-5,B2,277.1,535.4,75.9,0.451,0.0166,1,0.822,5,1,0.069,113.1,axon,0
F2594,40003,3-5,B2,340.0,567.4,70.5,0.382,0.0183,4,1.689,3,1,0.073,125.7,axon,1
F2595,40362,2-5,B6,291.3,532.9,22.7,0.217,0.0095,1,0.995,2,1,0.109,117.7,axon,1
F2596,40190,2-5,B6,288.2,596.7,17.4,0.63,0.0453,2,2.23,1,8,0.028,118.3,spiny_dendrite,0
F2597,40240,5-7,B3,528.6,704.7,7.3,1.34,0.1455,4,1.03,0,3,0.18,127.4,spiny_dendrite,0
F2598,40101,2-2,B3,224.7,231.8,36.4,0.394,0.0106,6,0.932,0,13,0.033,113.2,spiny_dendrite,0
F2599,40008,7-1,B6,754.9,162.1,20.1,1.455,0.043,2,5.798,3,2,0.046,95.5,axon,0
F2600,40375,4-7,B6,461.3,743.8,12.5,0.301,0.026,1,1.18,0,2,0.082,130.4,smooth_dendrite,0
F2601,40361,4-3,B4,450.9,312.2,15.4,0.202,0.0474,3,0.254,0,2,0.109,107.9,smooth_dendrite,0
F2602,40464,6-6,B6,647.6,690.7,47.8,0.16,0.4658,10,1.312,1,5,0.102,128.7,merged_object,1
F2603,40270,2-2,B3,217.4,249.6,12.2,0.488,0.0058,4,0.205,4,2,0.118,104.8,axon,0
F2604,40492,0-3,B6,14.6,326.3,15.1,0.287,0.0689,7,1.125,0,4,0.043,113.6,smooth_dendrite,0
F2605,40126,4-3,B6,418.6,349.9,36.7,0.317,0.0367,3,0.681,5,1,0.03,109.1,axon,0
F2606,40192,5-3,B6,541.9,355.4,46.3,0.572,0.0351,2,1.439,0,2,0.025,115.0,spiny_dendrite,0
F2607,40039,0-6,B1,57.8,643.5,35.2,0.071,0.0514,1,1.179,2,1,0.132,124.7,axon,1
F2608,40074,1-0,B1,119.4,44.1,20.8,2.939,0.0303,2,0.38,0,2,0.306,115.8,spiny_dendrite,0
F2609,40397,0-2,B1,68.9,273.9,33.4,3.056,0.0184,3,3.711,0,4,0.183,127.6,smooth_dendrite,0
F2610,40140,4-1,B1,413.0,131.7,18.4,0.397,0.0124,0,0.99,5,0,0.049,105.8,axon,0
F2611,40430,7-7,B2,726.3,773.3,26.4,0.249,0.0132,3,1.416,1,5,0.249,124.6,smooth_dendrite,0
F2612,40026,3-1,B6,331.0,100.4,120.4,0.38,0.0481,6,1.237,0,5,0.115,131.1,spiny_dendrite,0
F2613,40407,4-6,B4,448.8,657.9,54.5,0.292,0.0259,1,1.192,0,2,0.185,143.7,smooth_dendrite,0
F2614,40571,7-0,B3,788.0,84.7,25.9,0.339,0.1296,5,6.168,0,0,0.031,147.6,glia_process,1
F2615,40138,0-1,B3,57.6,146.3,26.0,0.218,0.0985,3,1.996,1,8,0.198,140.9,spiny_dendrite,0
F2616,40083,1-5,B5,117.4,580.1,12.6,0.701,0.0137,2,1.053,1,3,0.144,101.5,axon,0
F2617,40558,6-6,B1,616.1,664.3,35.0,0.944,0.0681,12,1.841,1,1,0.101,123.9,glia_process,1
F2618,40577,0-2,B4,32.7,233.7,12.8,1.006,0.0389,6,1.813,1,0,0.027,132.3,glia_process,1
F2619,40376,7-6,B2,753.4,611.6,42.9,0.102,0.0172,3,1.149,5,0,0.06,118.0,axon,0
F2620,40128,0-0,B2,97.4,79.8,82.3,0.139,0.037,3,1.879,4,4,0.164,125.5,axon,0
F2621,40410,7-1,B3,716.5,195.4,6.9,1.146,0.0839,3,1.263,0,12,0.353,101.3,smooth_dendrite,0
F2622,40198,4-2,B3,403.4,293.0,27.3,0.393,0.0358,5,0.951,0,5,0.041,131.1,spiny_dendrite,0
F2623,40187,0-4,B1,8.7,462.0,28.7,0.466,0.0273,3,1.29,1,1,0.191,121.1,axon,0
F2624,40164,2-2,B2,255.6,271.8,36.9,0.383,0.0928,6,3.478,0,36,0.057,112.8,spiny_dendrite,0
F2625,40544,0-2,B3,6.2,243.5,24.3,0.419,0.0538,3,1.517,1,1,0.077,123.9,glia_process,0
F2626,40090,0-6,B2,8.1,682.0,48.7,0.554,0.0847,3,0.391,9,3,0.09,123.9,merged_object,1
F2627,40439,4-6,B6,488.6,698.7,60.8,2.028,0.1051,6,1.494,0,2,0.135,148.4,smooth_dendrite,0
F2628,40157,7-1,B3,789.6,187.6,76.1,0.97,0.0916,2,0.645,1,3,0.051,95.9,spiny_dendrite,0
F2629,40336,2-3,B2,233.8,317.5,51.4,0.363,0.1064,3,0.885,1,7,0.092,130.0,smooth_dendrite,0
F2630,40496,1-6,B6,169.8,698.2,60.4,0.423,0.0934,5,3.596,1,9,0.096,127.9,smooth_dendrite,0
F2631,40181,1-6,B4,139.0,628.9,43.3,0.489,0.0347,3,2.617,1,9,0.08,120.9,spiny_dendrite,0
F2632,40079,2-4,B1,296.6,443.4,28.0,0.814,0.0447,3,0.905,1,1,0.059,126.6,spiny_dendrite,0
F2633,40234,2-6,B4,239.9,651.8,31.9,0.37,0.0902,2,3.229,0,4,0.145,102.8,spiny_dendrite,0
F2634,40331,0-1,B5,5.1,110.8,109.3,0.136,0.0222,4,0.539,2,3,0.028,140.6,axon,0
F2635,40339,5-2,B2,555.9,276.7,79.8,0.559,0.0114,10,0.731,2,2,0.09,112.4,axon,0
F2636,40216,0-7,B2,77.0,717.9,25.1,0.363,0.021,2,0.854,3,1,0.114,124.5,axon,0
F2637,40324,5-5,B2,550.9,552.8,39.3,0.144,0.0402,3,1.251,2,1,0.019,118.8,axon,0
F2638,40422,3-2,B1,315.0,271.8,40.6,1.006,0.0234,7,1.473,0,2,0.126,115.7,smooth_dendrite,0
F2639,40178,2-2,B6,222.4,232.0,36.3,0.467,0.0134,7,4.497,2,3,0.045,108.2,axon,1
F2640,40383,7-1,B5,785.2,128.9,26.4,0.149,0.0153,2,2.496,4,1,0.091,97.8,axon,0
F2641,40260,4-6,B5,474.1,609.1,57.5,0.161,0.0197,6,0.731,2,1,0.083,157.4,axon,0
F2642,40198,4-2,B3,442.9,231.5,25.7,0.626,0.0432,4,0.783,0,7,0.042,127.4,spiny_dendrite,0
F2643,40201,4-3,B4,412.7,388.8,42.5,1.326,0.025,5,1.822,1,3,0.04,105.0,spiny_dendrite,0
F2644,40437,1-1,B4,188.0,111.0,47.3,0.529,0.0192,6,0.593,1,3,0.043,136.5,smooth_dendrite,0
F2645,40136,4-7,B1,495.5,719.3,36.2,0.501,0.0476,3,1.513,4,0,0.093,119.5,axon,0
F2646,40020,2-1,B3,205.4,142.2,46.3,0.263,0.0569,2,1.547,0,3,0.18,128.0,spiny_dendrite,0
F2647,40111,7-0,B6,780.5,14.6,29.0,0.368,0.0304,5,0.455,22,1,0.056,148.2,axon,0
F2648,40124,1-4,B3,193.8,438.0,26.6,0.547,0.2811,7,0.493,4,6,0.236,124.7,merged_object,1
F2649,40539,0-2,B5,15.1,269.6,8.0,0.203,0.034,4,0.266,0,0,0.05,124.4,glia_process,0
F2650,40292,1-0,B1,158.3,45.3,37.4,0.869,0.0209,3,2.124,1,4,0.217,108.9,spiny_dendrite,0
F2651,40419,0-1,B2,19.4,158.6,14.9,0.257,0.0422,2,2.13,2,0,0.103,138.7,axon,0
F2652,40424,4-5,B4,408.2,519.4,37.8,0.375,0.0441,1,0.422,0,1,0.077,120.2,smooth_dendrite,1
F2653,40166,6-7,B6,685.3,788.6,30.5,0.7,0.0118,2,1.469,2,1,0.109,136.8,axon,1
F2654,40022,1-2,B5,185.9,266.0,29.0,0.34,0.012,2,1.812,1,1,0.09,122.8,axon,0
F2655,40129,6-1,B4,606.4,134.5,13.8,0.151,0.0656,3,0.785,2,0,0.043,115.7,axon,0
F2656,40051,3-6,B5,379.2,645.6,14.1,0.652,0.0395,2,0.717,1,1,0.059,137.0,spiny_dendrite,1
F2657,40198,4-2,B3,449.9,230.2,29.5,0.454,0.0398,4,0.889,1,6,0.031,130.5,spiny_dendrite,0
F2658,40495,5-2,B6,544.3,255.1,16.5,0.574,0.0397,1,2.342,1,3,0.204,118.6,axon,0
F2659,40202,0-7,B4,78.9,734.6,15.1,1.004,0.1915,3,0.672,0,4,0.145,120.0,spiny_dendrite,0
F2660,40412,5-6,B4,538.5,616.6,24.1,0.609,0.0615,5,0.548,0,5,0.179,125.0,smooth_dendrite,0
F2661,40405,0-3,B5,17.7,394.8,44.6,0.26,0.084,3,0.16,1,4,0.397,112.7,smooth_dendrite,0
F2662,40462,0-5,B4,48.8,537.5,16.1,0.324,0.0563,2,1.417,2,12,0.033,93.1,smooth_dendrite,1
F2663,40037,1-1,B4,131.6,147.1,17.4,0.771,0.0606,3,0.971,0,4,0.076,135.0,spiny_dendrite,0
F2664,40516,5-0,B5,595.8,73.7,5.3,0.604,0.1215,1,0.651,0,1,0.078,117.5,glia_process,0
F2665,40581,3-0,B4,390.9,89.7,14.4,0.479,0.1278,10,2.904,0,1,0.03,126.3,glia_process,0
F2666,40347,5-1,B6,581.4,160.4,36.3,0.319,0.0402,1,3.316,4,2,0.189,80.4,axon,1
F2667,40102,4-3,B1,436.4,321.0,75.0,0.351,0.0597,1,0.907,0,7,0.056,114.0,spiny_dendrite,0
F2668,40250,0-0,B3,59.9,5.7,19.5,0.78,0.0364,3,0.932,0,6,0.045,128.3,spiny_dendrite,0
F2669,40491,7-2,B5,702.1,251.4,28.8,1.026,0.1312,4,0.456,0,8,0.089,124.5,smooth_dendrite,1
F2670,40579,7-7,B5,791.7,749.9,34.0,0.613,0.1416,1,0.552,1,1,0.013,124.1,glia_process,1
F2671,40526,0-0,B2,38.4,39.6,12.5,0.38,0.0647,1,0.658,0,0,0.031,128.7,glia_process,0
F2672,40452,3-0,B6,359.4,37.9,38.1,0.212,0.0216,4,1.749,1,3,0.085,107.1,smooth_dendrite,0
F2673,40317,1-2,B2,123.2,283.4,73.1,0.323,0.1785,3,0.837,5,0,0.058,116.5,axon,0
F2674,40025,5-2,B1,517.0,297.9,48.9,0.254,0.0628,3,0.338,1,29,0.131,121.8,spiny_dendrite,0
F2675,40053,7-3,B4,748.7,398.4,41.1,0.657,0.0864,3,1.318,3,2,0.033,122.0,axon,0
F2676,40181,1-6,B4,168.6,639.5,15.0,0.403,0.0375,4,2.243,1,9,0.096,118.9,spiny_dendrite,0
F2677,40171,2-3,B2,286.9,345.3,16.3,0.427,0.0218,1,0.334,2,1,0.122,133.7,axon,0
F2678,40074,1-0,B1,108.6,0.2,26.9,2.521,0.0373,1,0.504,0,2,0.239,115.0,spiny_dendrite,1
F2679,40117,6-3,B5,646.7,352.0,23.6,1.613,0.0947,4,0.93,0,7,0.091,98.7,spiny_dendrite,1
F2680,40431,0-5,B4,17.4,589.4,11.6,0.068,0.0268,2,0.259,6,1,0.194,88.9,axon,1
F2681,40329,2-1,B4,279.0,184.7,13.7,0.461,0.0446,2,0.714,10,2,0.039,123.8,axon,0
F2682,40507,5-6,B6,582.2,658.8,22.5,0.216,0.1543,4,1.925,0,0,0.04,130.8,glia_process,0
F2683,40323,7-5,B6,765.9,599.8,25.8,0.166,0.056,2,1.534,3,1,0.054,126.2,axon,0
F2684,40392,2-1,B2,222.9,106.9,50.8,0.688,0.0175,2,0.393,1,20,0.085,124.8,smooth_dendrite,0
F2685,40307,3-0,B3,300.6,50.1,40.6,0.26,0.0467,3,0.4,10,0,0.113,121.6,axon,0
F2686,40346,6-1,B4,642.1,127.2,30.4,0.428,0.0539,5,1.038,1,5,0.047,110.6,smooth_dendrite,0
F2687,40169,6-7,B3,672.7,738.4,16.3,0.353,0.0262,1,3.93,0,13,0.12,125.6,spiny_dendrite,0
F2688,40026,3-1,B6,398.6,120.2,108.6,0.346,0.0514,4,1.739,1,7,0.077,127.0,spiny_dendrite,1
F2689,40412,5-6,B4,539.8,669.3,33.6,0.498,0.0431,4,0.696,1,1,0.072,125.2,axon,0
F2690,40202,0-7,B4,17.0,754.2,6.5,0.811,0.2182,2,0.272,0,3,0.078,119.2,spiny_dendrite,0
F2691,40313,7-6,B1,749.8,623.6,78.9,0.807,0.0676,7,3.085,1,13,0.164,113.9,spiny_dendrite,0
F2692,40003,3-5,B2,354.0,562.8,89.9,0.869,0.0428,6,1.427,0,3,0.105,128.9,spiny_dendrite,0
F2693,40021,4-3,B3,475.0,376.3,20.9,0.798,0.0819,2,1.734,1,3,0.054,113.2,spiny_dendrite,0
F2694,40021,4-3,B3,419.0,325.5,27.5,0.841,0.0388,4,2.011,2,4,0.084,113.5,spiny_dendrite,0
F2695,40548,7-6,B2,715.3,627.8,38.5,0.055,0.097,3,4.374,0,0,0.023,103.2,glia_process,1
F2696,40265,0-6,B6,40.3,603.8,27.1,0.224,0.0167,1,0.628,4,1,0.16,127.0,axon,0
F2697,40351,1-3,B2,159.7,349.2,26.7,0.113,0.038,4,0.85,4,1,0.115,147.0,axon,0
F2698,40267,0-4,B5,86.9,437.5,56.9,0.659,0.055,2,6.145,1,3,0.057,127.5,spiny_dendrite,0
F2699,40436,6-2,B1,669.7,252.5,39.3,0.164,0.03,5,2.733,1,3,0.086,124.4,smooth_dendrite,0
F2700,40027,2-6,B1,268.1,608.1,72.6,0.4,0.0206,9,0.59,3,1,0.072,116.7,axon,0
F2701,40417,7-6,B2,788.3,609.7,8.0,0.433,0.0478,2,0.552,0,3,0.141,109.3,smooth_dendrite,0
F2702,40035,0-6,B4,36.1,689.0,18.0,1.562,0.0223,2,0.837,3,1,0.137,126.0,axon,0
F2703,40253,3-1,B1,382.7,116.4,12.8,0.543,0.0219,4,1.94,0,8,0.219,128.2,spiny_dendrite,0
F2704,40019,5-0,B5,504.4,67.6,157.9,0.403,0.028,4,2.396,2,5,0.225,123.3,spiny_dendrite,0
F2705,40459,3-5,B4,321.8,511.0,73.6,0.242,0.017,2,3.537,7,1,0.047,134.8,axon,0
F2706,40506,7-7,B4,756.7,708.7,58.2,0.213,0.0447,10,2.013,0,1,0.084,122.4,glia_process,0
F2707,40423,6-7,B3,669.4,777.1,31.1,0.721,0.0667,3,0.886,1,4,0.069,135.7,smooth_dendrite,0
F2708,40272,6-6,B4,617.5,695.5,26.5,0.232,0.0247,3,4.571,2,1,0.04,121.5,axon,1
F2709,40327,2-2,B6,216.9,203.5,56.8,1.93,0.0183,2,0.762,4,1,0.04,109.8,axon,0
F2710,40205,2-6,B5,206.1,619.7,17.7,0.191,0.0176,5,1.344,3,2,0.064,106.9,axon,0
F2711,40551,6-5,B2,688.6,570.4,137.8,0.629,0.0688,9,1.622,3,2,0.07,128.8,merged_object,1
F2712,40329,2-1,B4,269.2,122.0,7.5,0.864,0.0457,4,1.001,1,11,0.039,123.7,spiny_dendrite,0
F2713,40308,6-2,B2,677.8,206.8,12.0,0.388,0.0274,2,0.682,2,0,0.101,120.5,axon,1
F2714,40220,5-3,B5,559.6,302.9,40.1,1.461,0.1235,3,1.35,1,6,0.07,121.9,spiny_dendrite,0
F2715,40300,6-3,B6,689.8,308.5,45.9,0.319,0.0272,3,1.624,3,0,0.127,108.7,axon,0
F2716,40060,1-3,B3,181.5,392.3,23.0,0.493,0.0186,8,1.253,2,0,0.142,150.1,axon,0
F2717,40229,5-6,B5,555.1,687.7,20.3,0.632,0.0116,4,0.853,1,5,0.114,135.9,spiny_dendrite,0
F2718,40198,4-2,B3,422.3,279.5,50.9,0.984,0.0314,2,0.998,0,4,0.036,129.6,spiny_dendrite,0
F2719,40316,1-4,B5,171.5,432.0,85.9,0.138,0.0073,10,0.847,6,1,0.098,122.7,axon,1
F2720,40241,1-1,B4,146.4,146.9,42.6,0.735,0.0452,14,1.08,0,9,0.037,133.4,spiny_dendrite,0
F2721,40243,0-4,B6,57.6,445.0,83.7,0.386,0.0068,1,1.26,2,0,0.176,121.1,axon,0
F2722,40088,4-6,B5,494.7,678.1,13.7,0.341,0.0204,4,0.525,6,1,0.058,140.9,axon,0
F2723,40513,7-5,B2,770.2,536.0,29.5,0.577,0.1222,1,1.298,0,0,0.028,120.8,glia_process,0
F2724,40473,0-1,B2,44.6,104.6,6.8,0.307,0.0267,3,1.903,4,0,0.09,141.1,axon,0
F2725,40045,6-4,B6,686.5,485.3,21.8,0.188,0.0201,2,2.826,4,1,0.047,119.6,axon,0
F2726,40234,2-6,B4,259.5,611.8,33.2,0.352,0.0398,2,3.453,2,0,0.105,103.2,axon,0
F2727,40201,4-3,B4,442.4,320.5,38.2,1.183,0.0218,8,1.58,1,2,0.054,104.0,spiny_dendrite,0
F2728,40369,1-5,B2,184.1,592.6,23.9,0.384,0.0168,2,1.625,4,0,0.133,111.2,axon,0
F2729,40309,6-1,B4,612.7,185.4,74.2,0.229,0.0055,1,2.077,3,2,0.048,108.0,axon,0
F2730,40241,1-1,B4,107.3,159.0,26.6,0.298,0.022,5,1.1,1,1,0.016,132.9,axon,0
F2731,40462,0-5,B4,17.0,575.9,16.9,0.738,0.0757,2,0.802,1,6,0.032,94.9,smooth_dendrite,0
F2732,40198,4-2,B3,413.3,206.3,25.6,0.524,0.0453,2,1.072,0,4,0.038,130.8,spiny_dendrite,0
F2733,40343,4-4,B4,417.2,446.6,27.2,0.479,0.0295,3,2.987,0,2,0.055,129.4,smooth_dendrite,0
F2734,40373,5-5,B3,583.8,596.6,19.0,0.314,0.0569,2,1.035,0,1,0.151,107.9,smooth_dendrite,0
F2735,40130,4-1,B3,461.3,191.4,32.1,1.178,0.0471,3,1.107,1,12,0.115,109.6,spiny_dendrite,1
F2736,40521,7-0,B5,780.3,81.6,16.8,0.248,0.049,1,2.426,1,2,0.027,148.5,glia_process,0
F2737,40050,5-1,B2,589.7,140.9,12.0,0.456,0.1396,6,0.639,0,2,0.04,80.5,spiny_dendrite,0
F2738,40268,1-5,B1,111.3,534.0,75.9,0.085,0.0445,5,0.638,2,2,0.094,107.9,axon,0
F2739,40365,3-0,B1,309.9,57.9,31.5,1.21,0.0242,3,0.527,3,1,0.08,121.3,axon,0
F2740,40316,1-4,B5,195.1,486.8,41.8,0.331,0.0452,7,1.162,2,3,0.111,122.6,spiny_dendrite,0
F2741,40105,7-7,B1,707.6,750.1,20.2,0.289,0.0215,5,1.22,1,3,0.081,122.0,spiny_dendrite,0
F2742,40197,4-2,B1,418.9,293.1,26.2,0.716,0.0278,3,0.74,1,0,0.022,125.8,axon,1
F2743,40381,2-7,B3,293.9,700.1,98.7,0.388,0.0127,12,0.415,1,5,0.165,126.6,smooth_dendrite,0
F2744,40021,4-3,B3,464.9,329.7,27.9,0.373,0.0352,2,1.515,1,6,0.068,113.8,spiny_dendrite,1
F2745,40008,7-1,B6,769.9,196.2,18.8,2.22,0.09,3,3.944,0,5,0.067,97.1,spiny_dendrite,0
F2746,40205,2-6,B5,245.4,603.1,29.6,0.297,0.0621,8,1.002,0,7,0.091,105.5,spiny_dendrite,0
F2747,40018,2-0,B2,216.9,80.1,22.0,0.121,0.0899,1,0.754,2,2,0.034,129.9,axon,0
F2748,40336,2-3,B2,204.7,383.6,74.3,0.324,0.0366,3,1.68,3,4,0.101,129.2,axon,0
F2749,40147,0-0,B4,16.5,54.2,33.7,0.273,0.0278,5,1.165,1,17,0.044,126.7,spiny_dendrite,1
F2750,40048,3-2,B4,345.7,292.9,21.9,1.028,0.0224,2,1.096,5,1,0.061,117.7,axon,0
F2751,40481,2-7,B3,253.2,739.9,34.9,0.238,0.0104,6,1.915,3,0,0.084,132.6,axon,0
F2752,40330,4-0,B4,429.9,5.8,11.5,0.578,0.0287,11,1.747,2,9,0.117,128.0,spiny_dendrite,0
F2753,40094,2-3,B5,248.7,368.8,42.9,0.147,0.0054,1,0.672,4,2,0.039,126.4,axon,1
F2754,40170,1-0,B3,142.5,47.0,71.2,0.279,0.0425,4,0.919,1,9,0.046,111.4,spiny_dendrite,0
F2755,40397,0-2,B1,89.1,237.3,39.5,1.48,0.0073,2,2.693,3,1,0.092,129.6,axon,0
F2756,40320,1-1,B4,156.2,143.0,97.5,0.245,0.0712,6,1.864,1,14,0.155,130.4,spiny_dendrite,0
F2757,40298,3-0,B2,315.1,69.6,27.1,0.679,0.0158,2,1.153,4,1,0.143,119.7,axon,0
F2758,40284,4-7,B3,414.6,772.6,18.9,0.588,0.0189,2,1.362,3,2,0.281,129.4,axon,0
F2759,40471,3-1,B1,393.7,107.6,29.4,0.204,0.0131,3,1.493,3,1,0.047,122.9,axon,0
F2760,40426,0-4,B6,95.8,407.8,28.2,0.161,0.0517,1,1.844,0,8,0.032,126.0,smooth_dendrite,0
F2761,40251,5-2,B1,543.8,236.8,22.4,0.916,0.0184,1,2.838,1,1,0.163,122.7,axon,0
F2762,40152,6-3,B5,607.4,325.3,10.7,0.506,0.1253,1,0.454,0,2,0.058,99.6,spiny_dendrite,0
F2763,40433,5-6,B6,500.2,614.6,60.3,0.57,0.0207,2,1.759,1,3,0.098,127.2,axon,0
F2764,40295,4-0,B4,482.6,48.2,33.6,0.236,0.0581,5,1.509,0,5,0.327,126.5,spiny_dendrite,0
F2765,40095,1-7,B1,115.8,732.8,11.3,0.351,0.008,3,0.693,2,1,0.117,116.2,axon,0
F2766,40334,2-2,B3,219.7,256.2,60.7,0.448,0.0533,1,1.731,0,3,0.078,110.2,smooth_dendrite,0
F2767,40359,2-4,B1,220.5,412.3,16.9,0.596,0.0261,3,2.237,1,2,0.08,121.6,smooth_dendrite,0
F2768,40384,5-4,B4,564.9,491.8,17.6,0.804,0.04,2,0.713,3,1,0.051,122.7,axon,1
F2769,40593,2-4,B2,281.5,408.9,6.9,0.263,0.0424,5,1.905,1,1,0.064,126.4,glia_process,0
F2770,40386,0-2,B5,80.2,259.6,76.9,0.315,0.0308,2,2.246,0,4,0.152,128.6,smooth_dendrite,0
F2771,40213,1-7,B5,108.5,738.5,50.0,0.35,0.0383,1,0.924,3,1,0.117,118.6,axon,0
F2772,40569,0-6,B4,53.5,618.8,12.9,0.737,0.1494,2,1.766,0,0,0.026,117.9,glia_process,0
F2773,40033,2-4,B1,224.8,459.8,15.9,1.123,0.0361,3,0.87,1,3,0.156,127.7,spiny_dendrite,0
F2774,40306,3-3,B3,383.6,390.0,38.3,0.125,0.0585,3,0.555,9,1,0.044,100.5,axon,1
F2775,40268,1-5,B1,153.4,512.5,139.2,0.086,0.1075,6,0.832,1,7,0.103,108.4,merged_object,1
F2776,40228,4-6,B3,422.0,652.5,68.8,1.047,0.0173,11,2.997,2,1,0.228,146.2,axon,1
F2777,40027,2-6,B1,212.8,649.0,47.3,1.056,0.0313,9,0.721,0,4,0.105,115.4,spiny_dendrite,0
F2778,40549,3-4,B6,337.3,463.4,15.8,0.476,0.1489,4,0.367,0,1,0.097,122.5,glia_process,1
F2779,40031,3-1,B4,375.4,117.7,16.2,0.584,0.0494,5,0.606,0,6,0.207,130.9,spiny_dendrite,0
F2780,40377,7-1,B2,781.5,186.1,39.6,0.85,0.0219,1,0.468,1,8,0.07,94.4,smooth_dendrite,1
F2781,40161,3-0,B4,385.2,21.5,49.6,0.132,0.0227,1,0.996,0,4,0.048,121.6,spiny_dendrite,0
F2782,40083,1-5,B5,129.9,504.8,13.2,0.493,0.0123,2,1.044,1,3,0.145,104.2,axon,0
F2783,40074,1-0,B1,104.4,47.3,41.3,3.367,0.0212,2,0.461,0,1,0.193,115.3,spiny_dendrite,0
F2784,40459,3-5,B4,329.7,574.9,90.1,0.131,0.0202,4,3.199,7,0,0.048,130.8,axon,0
F2785,40261,6-7,B3,664.7,755.6,128.1,0.184,0.0583,2,0.64,1,7,0.057,135.5,spiny_dendrite,0
F2786,40014,7-7,B4,711.0,798.1,48.6,1.328,0.1535,2,4.058,0,6,0.048,124.9,spiny_dendrite,0
F2787,40599,5-0,B6,580.2,5.5,43.0,0.268,0.073,2,1.893,0,1,0.062,127.0,glia_process,0
F2788,40095,1-7,B1,181.4,714.4,8.1,0.452,0.007,2,0.642,1,1,0.078,115.0,axon,0
F2789,40217,7-1,B6,762.6,188.9,18.7,1.438,0.0483,2,0.614,0,6,0.155,97.7,spiny_dendrite,0
F2790,40422,3-2,B1,328.7,273.4,77.1,0.568,0.0175,4,1.047,0,1,0.165,119.7,smooth_dendrite,0
F2791,40440,6-3,B2,696.5,303.0,14.2,0.096,0.1206,6,1.643,2,7,0.672,102.3,smooth_dendrite,0
F2792,40172,3-5,B2,302.4,515.3,103.4,0.624,0.0103,1,1.028,4,0,0.048,123.3,axon,0
F2793,40209,5-5,B3,538.6,564.2,33.7,0.308,0.0215,3,1.089,13,1,0.12,108.0,axon,0
F2794,40520,7-1,B5,715.7,105.6,35.7,0.396,0.0871,6,1.047,0,0,0.024,106.5,glia_process,0
F2795,40477,1-0,B3,148.4,91.6,20.5,0.511,0.0818,4,0.855,1,4,0.168,116.5,smooth_dendrite,0
F2796,40538,4-7,B1,462.2,728.3,15.4,0.199,0.0702,9,2.772,0,0,0.026,117.5,glia_process,0
F2797,40354,1-7,B1,122.2,702.1,135.5,0.274,0.0284,3,2.61,3,1,0.019,110.1,axon,0
F2798,40548,7-6,B2,730.5,693.0,46.8,0.083,0.1043,3,2.2,0,1,0.023,105.1,glia_process,1
F2799,40521,7-0,B5,744.5,11.1,20.5,0.332,0.1002,4,1.973,4,10,0.198,146.9,merged_object,1
F2800,40238,3-7,B6,356.5,715.1,31.3,0.414,0.0926,2,0.636,0,5,0.064,135.2,spiny_dendrite,0
F2801,40463,5-5,B3,576.8,531.3,44.1,0.37,0.0287,3,1.587,0,3,0.143,113.4,smooth_dendrite,0
F2802,40214,1-5,B6,104.0,594.7,41.3,0.736,0.0351,5,0.57,1,2,0.292,105.7,spiny_dendrite,0
F2803,40486,6-5,B5,623.7,518.1,23.4,0.167,0.0128,1,1.409,4,1,0.129,126.8,axon,0
F2804,40510,6-1,B3,617.1,166.8,16.5,0.851,0.1075,10,0.728,0,1,0.029,113.5,glia_process,0
F2805,40229,5-6,B5,505.4,688.6,28.9,0.186,0.0045,2,0.988,4,1,0.121,134.0,axon,0
F2806,40113,4-7,B1,486.5,753.6,28.3,0.503,0.178,9,1.457,2,1,0.044,120.5,merged_object,1
F2807,40400,5-5,B5,581.9,590.1,61.6,0.315,0.0089,3,1.998,0,2,0.03,122.9,axon,0
F2808,40230,1-2,B4,175.9,286.6,28.6,0.256,0.3592,4,0.484,3,5,0.132,112.3,merged_object,1
F2809,40142,5-2,B4,574.2,207.5,50.7,0.191,0.0088,3,1.052,8,1,0.152,129.3,axon,0
F2810,40371,6-4,B6,683.0,440.6,157.6,0.702,0.0252,2,0.792,1,7,0.054,126.0,smooth_dendrite,0
F2811,40244,4-4,B2,404.8,451.7,7.2,0.077,0.0154,3,0.815,5,2,0.038,130.7,axon,0
F2812,40546,7-4,B2,749.6,432.2,10.0,0.292,0.1106,0,1.224,0,0,0.022,119.5,glia_process,1
F2813,40220,5-3,B5,581.9,375.1,22.6,1.385,0.0749,3,0.773,0,6,0.039,118.9,spiny_dendrite,0
F2814,40259,3-4,B6,336.3,462.9,52.3,0.506,0.192,2,0.621,3,2,0.093,125.0,merged_object,1
F2815,40590,4-4,B1,428.2,476.6,25.7,0.538,0.0789,4,1.032,0,0,0.032,137.2,glia_process,1
F2816,40319,0-7,B3,59.6,703.4,40.4,0.576,0.022,1,0.684,1,9,0.244,123.6,spiny_dendrite,0
F2817,40128,0-0,B2,16.7,40.6,50.2,0.332,0.0876,2,1.307,1,13,0.343,124.3,spiny_dendrite,0
F2818,40278,7-6,B4,721.7,606.3,121.3,0.447,0.0707,2,1.239,0,6,0.056,113.4,spiny_dendrite,0
F2819,40061,6-2,B6,688.4,275.9,197.0,0.172,0.0869,5,0.934,0,1,0.258,122.4,spiny_dendrite,1
F2820,40372,0-4,B5,44.7,478.5,32.1,0.288,0.0116,2,1.754,0,4,0.162,125.8,smooth_dendrite,1
F2821,40376,7-6,B2,758.3,617.9,28.3,0.227,0.0304,2,0.779,0,1,0.113,115.0,smooth_dendrite,0
F2822,40582,5-7,B3,591.7,767.3,19.1,1.924,0.3173,10,0.858,1,0,0.037,133.4,glia_process,0
F2823,40304,7-4,B3,769.3,460.6,75.8,0.495,0.0102,1,1.239,8,2,0.081,134.5,axon,0
F2824,40114,4-0,B2,417.3,92.9,17.0,0.792,0.0661,3,1.985,2,7,0.172,131.1,spiny_dendrite,0
F2825,40223,6-6,B2,625.5,663.6,29.0,0.425,0.0155,4,0.382,5,3,0.138,128.4,axon,0
F2826,40283,3-0,B6,388.7,22.3,19.9,0.633,0.0232,2,6.038,5,1,0.048,120.2,axon,0
F2827,40514,5-1,B4,519.6,196.8,44.3,0.193,0.1755,1,1.139,0,0,0.023,80.3,glia_process,0
F2828,40415,0-5,B5,59.1,593.6,120.8,1.09,0.0276,2,1.12,0,6,0.04,95.2,smooth_dendrite,0
F2829,40368,5-0,B4,561.8,47.2,27.4,0.473,0.0237,5,0.237,1,2,0.044,115.9,smooth_dendrite,0
F2830,40145,0-7,B5,42.2,728.1,33.0,0.659,0.0451,3,0.362,0,14,0.06,129.4,spiny_dendrite,0
F2831,40366,0-3,B4,49.2,352.6,48.2,0.247,0.0206,4,1.261,2,1,0.302,109.7,axon,0
F2832,40298,3-0,B2,313.6,10.6,25.3,0.495,0.0081,3,1.052,3,0,0.07,120.2,axon,1
F2833,40317,1-2,B2,135.6,289.8,80.0,0.612,0.0987,3,0.758,1,2,0.093,117.1,spiny_dendrite,0
F2834,40106,1-2,B4,112.4,223.2,19.3,0.227,0.0118,1,2.198,3,2,0.382,121.0,axon,0
F2835,40158,2-5,B4,294.1,512.1,22.0,0.697,0.026,4,2.257,1,4,0.106,110.6,spiny_dendrite,0
F2836,40402,5-4,B6,581.5,417.2,69.2,0.232,0.0258,1,2.001,0,4,0.056,127.2,smooth_dendrite,0
F2837,40121,6-1,B6,633.2,152.8,48.9,0.069,0.0255,6,0.545,2,1,0.151,112.5,axon,0
F2838,40176,7-0,B4,713.1,0.1,24.9,3.345,0.0981,2,0.788,1,3,0.174,149.6,spiny_dendrite,0
F2839,40218,1-1,B6,102.2,190.6,21.2,0.777,0.0303,3,1.95,0,7,0.067,125.8,spiny_dendrite,0
F2840,40544,0-2,B3,37.5,216.1,54.4,0.554,0.0285,2,1.462,0,1,0.053,124.3,glia_process,0
F2841,40433,5-6,B6,575.4,635.7,28.0,0.493,0.0101,3,1.055,1,1,0.096,127.4,axon,1
F2842,40297,3-3,B4,358.8,345.3,9.8,0.378,0.0301,2,1.439,4,1,0.08,102.3,axon,1
F2843,40323,7-5,B6,712.3,510.1,26.5,0.519,0.0892,3,1.723,0,2,0.108,126.3,spiny_dendrite,0
F2844,40402,5-4,B6,589.3,438.4,78.1,0.435,0.0521,2,0.996,0,4,0.07,124.9,smooth_dendrite,0
F2845,40156,6-1,B2,616.9,164.8,29.2,0.366,0.0604,9,0.527,1,1,0.127,120.0,spiny_dendrite,0
F2846,40128,0-0,B2,5.6,48.6,53.8,0.135,0.0453,2,0.765,3,2,0.195,122.9,axon,0
F2847,40587,5-7,B1,580.4,711.0,14.1,0.404,0.4477,12,1.386,0,0,0.058,126.5,glia_process,1
F2848,40447,2-2,B6,285.2,202.9,57.0,0.413,0.0304,2,0.597,5,1,0.06,114.5,axon,1
F2849,40227,0-7,B2,84.7,746.2,34.9,0.139,0.0084,4,2.511,2,1,0.168,118.1,axon,0
F2850,40187,0-4,B1,17.7,417.4,38.0,1.239,0.0534,2,0.76,1,5,0.299,121.3,spiny_dendrite,0
F2851,40021,4-3,B3,496.6,306.2,11.0,0.316,0.0153,2,3.08,4,1,0.055,113.4,axon,0
F2852,40486,6-5,B5,627.7,507.3,24.1,0.849,0.0295,1,1.811,1,5,0.15,131.1,smooth_dendrite,0
F2853,40346,6-1,B4,667.6,107.0,24.0,0.496,0.0594,5,1.557,1,5,0.025,111.4,smooth_dendrite,1
F2854,40398,1-7,B1,188.1,790.6,13.0,0.329,0.0633,3,1.306,0,3,0.078,112.2,smooth_dendrite,0
F2855,40099,5-2,B4,579.9,295.0,59.7,0.166,0.0443,10,3.789,1,1,0.022,125.3,axon,1
F2856,40055,4-0,B6,470.2,13.5,29.8,0.335,0.0461,8,1.401,1,5,0.115,122.4,spiny_dendrite,0
F2857,40224,4-4,B2,432.3,451.0,25.7,0.577,0.3551,1,1.531,1,14,0.149,134.6,spiny_dendrite,0
F2858,40054,2-0,B1,224.1,81.5,14.9,0.592,0.0144,2,1.58,4,3,0.041,123.7,axon,0
F2859,40059,2-5,B1,293.7,527.7,10.0,0.56,0.0469,3,1.505,1,3,0.32,114.8,spiny_dendrite,0
F2860,40489,4-6,B5,464.6,684.0,13.5,0.208,0.1247,2,2.47,0,10,0.292,144.1,smooth_dendrite,0
F2861,40347,5-1,B6,563.1,109.7,47.4,0.283,0.0225,1,3.128,2,2,0.17,81.7,axon,0
F2862,40200,1-7,B3,125.3,771.5,74.9,0.489,0.0341,6,0.665,4,0,0.062,109.5,axon,0
F2863,40445,0-3,B6,36.8,312.1,28.1,0.445,0.041,2,0.389,2,1,0.034,118.0,axon,0
F2864,40600,1-6,B3,190.4,629.3,8.6,0.875,0.0549,2,1.953,0,0,0.098,122.7,glia_process,1
F2865,40250,0-0,B3,76.2,56.9,13.2,0.239,0.0142,2,0.895,3,1,0.038,128.9,axon,0
F2866,40251,5-2,B1,526.9,285.9,24.1,1.469,0.0309,3,1.299,0,6,0.165,124.0,spiny_dendrite,0
F2867,40274,6-4,B6,676.7,406.7,61.8,0.636,0.0445,3,2.192,1,1,0.105,113.6,axon,1
F2868,40307,3-0,B3,379.8,25.6,51.1,0.294,0.061,2,0.311,3,0,0.139,120.4,axon,0
F2869,40547,0-4,B5,24.5,411.2,11.1,0.416,0.0454,3,3.229,0,1,0.028,130.0,glia_process,0
F2870,40191,5-5,B5,575.0,566.9,24.6,0.563,0.0835,2,1.645,1,3,0.118,115.9,spiny_dendrite,0
F2871,40355,5-2,B4,533.9,217.1,7.0,0.293,0.0699,1,0.711,0,5,0.017,125.2,smooth_dendrite,0
F2872,40232,4-5,B2,444.7,534.8,41.1,0.5,0.0121,5,1.062,2,1,0.171,126.7,axon,0
F2873,40013,6-0,B5,662.3,66.9,31.5,0.277,0.0074,5,0.876,2,1,0.053,104.0,axon,0
F2874,40146,7-6,B3,746.9,673.0,23.8,1.057,0.0121,2,0.889,4,1,0.069,109.8,axon,0
F2875,40022,1-2,B5,143.0,295.2,28.8,0.29,0.0632,7,2.837,1,2,0.098,122.0,merged_object,1
F2876,40064,2-3,B1,291.7,367.7,26.2,0.596,0.0288,2,2.944,5,1,0.046,118.3,axon,1
F2877,40527,5-3,B2,550.4,314.3,26.9,0.433,0.1825,6,0.818,0,0,0.047,117.4,glia_process,1
F2878,40338,4-2,B4,435.5,230.8,27.2,0.18,0.0805,2,0.725,1,4,0.108,132.7,smooth_dendrite,0
F2879,40474,1-4,B4,153.6,485.0,96.3,0.282,0.1989,4,0.806,1,7,0.04,124.5,merged_object,1
F2880,40295,4-0,B4,497.6,11.8,31.1,0.16,0.033,4,1.738,1,1,0.29,124.6,axon,0
F2881,40051,3-6,B5,361.2,627.7,12.2,0.586,0.0559,2,0.962,1,2,0.101,139.2,spiny_dendrite,0
F2882,40171,2-3,B2,268.6,324.4,21.8,0.152,0.0226,1,0.6,2,1,0.168,133.9,axon,0
F2883,40560,1-2,B3,199.5,255.5,36.7,0.26,0.1387,3,1.608,0,1,0.026,110.9,glia_process,1
F2884,40549,3-4,B6,394.9,422.5,19.2,0.309,0.191,4,0.479,0,1,0.066,125.1,glia_process,0
F2885,40343,4-4,B4,449.5,434.4,43.8,0.248,0.0196,5,3.127,1,0,0.025,130.1,axon,0
F2886,40473,0-1,B2,53.2,109.6,9.5,0.427,0.0254,3,0.841,3,0,0.118,136.5,axon,1
F2887,40278,7-6,B4,767.2,639.8,56.8,0.364,0.0632,4,1.218,0,4,0.046,115.8,spiny_dendrite,0
F2888,40238,3-7,B6,397.6,744.0,35.4,0.682,0.0918,3,0.381,0,10,0.059,139.7,spiny_dendrite,0
F2889,40196,2-0,B6,272.7,81.6,23.0,0.259,0.0285,8,0.829,8,1,0.075,130.9,axon,0
F2890,40018,2-0,B2,256.0,99.9,26.2,0.149,0.0632,1,1.07,2,2,0.022,129.3,axon,0
F2891,40394,5-6,B5,514.3,693.7,40.8,2.067,0.0075,1,1.522,2,1,0.073,132.5,axon,0
F2892,40411,0-2,B4,67.6,279.7,22.2,0.308,0.0397,5,1.496,1,10,0.048,128.0,smooth_dendrite,1
F2893,40070,5-5,B6,536.8,510.4,126.9,0.336,0.0348,18,0.65,3,15,0.058,114.5,merged_object,1
F2894,40320,1-1,B4,191.1,101.5,80.1,0.311,0.0522,9,1.123,1,12,0.149,130.0,spiny_dendrite,0
F2895,40117,6-3,B5,685.4,306.8,58.2,2.292,0.0799,2,1.395,3,2,0.075,96.8,axon,1
F2896,40099,5-2,B4,588.6,243.2,60.3,0.705,0.0502,11,3.401,0,4,0.051,125.9,spiny_dendrite,0
F2897,40509,5-6,B1,547.2,624.2,41.1,0.301,0.0267,3,1.168,1,0,0.098,127.5,glia_process,1
F2898,40489,4-6,B5,448.7,644.8,11.3,0.211,0.1165,3,1.861,0,7,0.112,144.6,smooth_dendrite,0
F2899,40183,6-4,B5,657.7,456.4,32.8,0.236,0.0179,7,1.782,1,1,0.154,118.9,axon,1
F2900,40487,0-2,B2,93.8,293.2,19.3,1.043,0.011,2,2.256,2,1,0.093,128.2,axon,0
F2901,40336,2-3,B2,240.6,346.8,49.4,1.045,0.0515,6,1.145,1,6,0.117,129.2,smooth_dendrite,0
F2902,40049,5-5,B6,593.1,523.7,10.0,0.478,0.114,3,1.153,0,4,0.071,111.8,spiny_dendrite,1
F2903,40133,7-2,B5,758.0,239.1,38.0,0.734,0.0802,14,1.837,3,2,0.175,124.2,axon,0
F2904,40535,7-4,B3,702.4,411.2,59.2,0.571,0.1626,1,1.85,1,1,0.111,129.7,glia_process,0
F2905,40157,7-1,B3,742.9,140.5,56.9,1.077,0.0331,5,1.02,1,2,0.068,98.9,spiny_dendrite,0
F2906,40247,7-6,B2,711.7,602.7,10.2,0.721,0.02,3,3.026,3,1,0.176,114.0,axon,0
F2907,40002,5-6,B5,567.5,654.6,15.5,0.309,0.0535,8,1.744,1,3,0.127,129.0,spiny_dendrite,0
F2908,40400,5-5,B5,584.9,530.2,111.8,0.646,0.0168,2,2.449,0,5,0.066,118.7,smooth_dendrite,0
F2909,40393,1-3,B6,182.4,314.0,44.6,0.374,0.0335,2,2.35,0,11,0.11,154.1,smooth_dendrite,0
F2910,40390,6-1,B4,601.3,191.3,52.8,1.81,0.0117,2,1.737,7,0,0.127,106.4,axon,0
F2911,40210,5-4,B4,558.0,410.8,69.7,0.348,0.0673,5,1.914,1,3,0.099,122.6,spiny_dendrite,0
F2912,40085,5-0,B4,568.9,86.4,33.2,0.777,0.0467,11,1.86,1,5,0.13,122.1,spiny_dendrite,0
F2913,40243,0-4,B6,61.4,453.5,52.6,0.514,0.0079,1,1.085,2,0,0.189,120.5,axon,0
F2914,40299,3-2,B1,367.2,206.3,29.9,0.565,0.0202,6,2.196,3,1,0.084,120.2,axon,0
F2915,40533,7-4,B6,708.3,457.5,39.4,0.27,0.0116,20,1.113,1,1,0.03,120.5,glia_process,0
F2916,40071,5-4,B3,550.8,489.1,51.7,0.179,0.1304,2,4.713,0,4,0.089,135.2,spiny_dendrite,0
F2917,40138,0-1,B3,31.3,187.9,55.5,0.325,0.0759,2,1.887,0,7,0.28,141.0,spiny_dendrite,0
F2918,40358,4-6,B6,444.4,685.0,53.5,0.407,0.036,7,4.578,0,8,0.05,140.5,smooth_dendrite,0
F2919,40521,7-0,B5,766.9,92.7,7.5,0.283,0.0485,1,1.732,1,1,0.039,146.6,glia_process,0
F2920,40034,0-6,B2,14.3,683.2,11.2,0.219,0.0211,1,2.991,12,1,0.096,124.2,axon,0
F2921,40200,1-7,B3,153.7,702.3,62.1,0.699,0.0384,2,0.637,1,3,0.096,106.7,spiny_dendrite,0
F2922,40006,7-6,B4,713.3,605.3,24.4,0.789,0.0077,1,0.711,3,1,0.046,109.7,axon,1
F2923,40497,7-1,B2,747.8,127.0,14.5,0.32,0.024,10,1.428,1,3,0.094,97.7,smooth_dendrite,0
F2924,40059,2-5,B1,206.8,599.8,21.0,0.417,0.0382,1,2.069,6,0,0.222,117.4,axon,0
F2925,40266,5-1,B3,534.5,191.2,45.0,0.638,0.0227,5,1.058,5,1,0.143,75.4,axon,1
F2926,40125,7-5,B4,732.8,501.9,79.0,0.9,0.0859,2,0.726,1,6,0.137,119.4,spiny_dendrite,0
F2927,40116,1-5,B1,150.1,524.2,31.2,0.525,0.006,3,0.528,2,1,0.169,107.6,axon,0
F2928,40065,1-3,B5,116.6,335.1,43.5,0.566,0.1052,2,2.557,3,3,0.033,147.4,axon,1
F2929,40521,7-0,B5,703.6,87.2,11.7,0.505,0.0578,1,1.168,1,2,0.032,144.3,glia_process,1
F2930,40014,7-7,B4,721.6,778.2,80.4,1.238,0.1321,2,2.166,0,4,0.138,123.2,spiny_dendrite,0
F2931,40004,6-1,B5,604.0,100.7,27.6,0.188,0.0375,2,0.607,1,6,0.032,105.4,spiny_dendrite,0
F2932,40443,6-0,B6,673.7,89.1,25.5,0.561,0.0083,10,1.044,1,13,0.06,109.0,smooth_dendrite,0
F2933,40283,3-0,B6,315.3,39.8,10.3,1.853,0.0293,2,8.7,1,3,0.064,117.2,spiny_dendrite,1
F2934,40072,7-5,B1,756.9,500.3,6.5,0.461,0.0521,2,1.6,1,11,0.264,111.6,spiny_dendrite,0
F2935,40337,1-0,B3,142.3,13.5,30.7,0.257,0.0587,2,0.994,0,11,0.116,120.0,smooth_dendrite,0
F2936,40077,6-4,B5,664.4,494.4,162.6,0.379,0.0141,1,2.755,1,1,0.104,111.1,axon,0
F2937,40303,2-7,B2,200.0,710.0,25.5,0.323,0.0258,3,1.14,1,4,0.104,130.6,spiny_dendrite,0
F2938,40354,1-7,B1,162.4,736.0,70.7,0.624,0.0391,3,2.815,1,3,0.036,110.8,smooth_dendrite,1
F2939,40164,2-2,B2,293.6,204.1,29.3,0.31,0.0194,3,2.926,1,8,0.029,112.7,axon,0
F2940,40371,6-4,B6,694.0,402.5,167.8,0.747,0.0143,2,0.624,1,13,0.148,122.8,smooth_dendrite,0
F2941,40397,0-2,B1,34.8,236.0,12.9,1.836,0.008,4,2.983,0,3,0.143,127.2,smooth_dendrite,0
F2942,40090,0-6,B2,46.1,677.9,30.1,0.338,0.0235,2,0.635,10,1,0.058,126.8,axon,0
F2943,40037,1-1,B4,173.3,172.9,23.4,0.34,0.0547,2,0.905,0,2,0.097,136.5,spiny_dendrite,0
F2944,40130,4-1,B3,465.4,152.1,44.8,1.145,0.056,1,0.542,0,10,0.096,112.5,spiny_dendrite,0
F2945,40039,0-6,B1,75.3,658.7,31.7,0.128,0.0408,2,1.289,1,1,0.194,125.0,axon,0
F2946,40268,1-5,B1,167.5,510.9,46.9,0.103,0.0418,5,1.385,0,6,0.113,107.1,spiny_dendrite,1
F2947,40524,0-1,B4,74.3,153.3,39.6,0.488,0.0521,1,5.286,1,0,0.017,138.3,glia_process,0
F2948,40169,6-7,B3,625.4,740.3,28.7,0.313,0.0638,1,4.583,1,15,0.127,125.0,spiny_dendrite,1
F2949,40464,6-6,B6,663.9,633.7,20.1,0.299,0.1184,6,0.547,0,2,0.306,130.0,smooth_dendrite,0
F2950,40161,3-0,B4,345.4,5.8,24.3,0.175,0.0259,1,2.41,0,3,0.054,123.5,spiny_dendrite,0
F2951,40396,6-2,B4,605.1,204.7,53.5,0.373,0.0335,5,1.783,1,5,0.096,114.6,smooth_dendrite,0
F2952,40210,5-4,B4,551.8,439.7,56.8,0.58,0.0729,1,1.37,1,2,0.106,122.4,spiny_dendrite,1
F2953,40236,1-2,B1,145.7,203.3,26.3,0.234,0.0507,3,1.028,3,1,0.08,112.8,axon,1
F2954,40051,3-6,B5,343.1,681.7,9.3,0.288,0.0189,3,0.436,7,0,0.09,138.6,axon,0
F2955,40109,5-5,B2,513.2,506.2,14.7,0.828,0.0052,2,0.74,8,1,0.037,109.7,axon,0
F2956,40438,7-5,B5,747.1,576.0,21.7,1.248,0.0204,1,0.898,1,2,0.059,111.4,smooth_dendrite,0
F2957,40448,4-0,B4,478.2,29.7,23.8,0.299,0.0198,7,1.394,2,3,0.034,130.1,axon,0
F2958,40301,0-5,B2,23.2,501.9,16.2,0.532,0.1378,2,0.149,0,10,0.102,99.8,spiny_dendrite,0
F2959,40093,3-6,B6,386.2,608.2,49.7,0.671,0.0115,7,0.411,3,1,0.211,133.9,axon,0
F2960,40457,6-0,B5,643.5,17.9,37.5,0.248,0.0584,1,8.553,1,2,0.03,110.8,axon,0
F2961,40327,2-2,B6,299.1,274.6,40.6,0.815,0.0178,4,0.455,3,1,0.039,109.6,axon,0
F2962,40396,6-2,B4,641.5,247.1,30.6,0.199,0.0259,3,1.776,2,3,0.076,117.6,smooth_dendrite,0
F2963,40367,7-3,B1,733.5,376.2,41.9,0.951,0.0307,2,0.211,0,3,0.055,130.7,smooth_dendrite,1
F2964,40147,0-0,B4,11.9,55.5,23.3,0.274,0.0633,4,0.588,0,22,0.033,124.9,spiny_dendrite,0
F2965,40387,3-4,B4,307.9,464.2,39.8,0.346,0.0283,3,0.466,4,1,0.098,128.6,axon,0
F2966,40488,5-1,B1,560.8,165.0,13.4,1.66,0.0189,5,2.818,0,4,0.11,82.4,smooth_dendrite,1
F2967,40343,4-4,B4,470.7,431.5,30.3,0.507,0.0551,5,1.996,0,3,0.058,132.0,smooth_dendrite,0
F2968,40007,3-4,B5,395.6,423.0,17.6,0.496,0.0443,2,1.366,2,2,0.095,116.6,axon,0
F2969,40327,2-2,B6,258.6,252.9,75.3,2.417,0.024,4,0.287,0,4,0.123,112.1,spiny_dendrite,0
F2970,40514,5-1,B4,511.1,145.4,38.4,0.268,0.1648,1,0.639,1,4,0.046,81.9,merged_object,1
F2971,40457,6-0,B5,602.6,86.6,52.2,0.288,0.0228,1,8.463,3,2,0.017,111.3,axon,0
F2972,40521,7-0,B5,771.5,24.7,11.5,0.392,0.056,2,1.645,1,2,0.034,145.8,glia_process,1
F2973,40320,1-1,B4,151.1,132.2,119.9,0.309,0.0609,7,1.538,1,16,0.077,131.6,spiny_dendrite,0
F2974,40592,1-7,B6,169.0,710.6,31.2,0.322,0.0894,3,1.05,0,0,0.033,118.5,glia_process,0
F2975,40595,3-7,B1,351.4,710.1,158.5,0.679,0.0539,3,0.557,0,1,0.074,143.0,glia_process,0
F2976,40580,0-5,B1,82.1,560.8,49.7,0.108,0.2209,4,2.002,0,0,0.042,87.7,glia_process,0
F2977,40236,1-2,B1,113.6,249.8,66.7,0.26,0.0522,1,0.854,5,1,0.118,113.4,axon,1
F2978,40364,6-5,B2,663.6,524.6,25.8,0.611,0.0274,2,0.485,0,6,0.091,133.0,smooth_dendrite,1
F2979,40580,0-5,B1,68.3,500.9,68.6,0.415,0.2626,7,1.804,2,2,0.074,88.3,merged_object,1
F2980,40041,2-5,B1,239.5,538.0,12.5,1.585,0.119,6,1.219,0,7,0.069,118.4,spiny_dendrite,0
F2981,40215,2-3,B2,201.4,325.8,40.6,0.736,0.0519,4,0.755,0,3,0.184,124.4,spiny_dendrite,0
F2982,40498,7-5,B3,785.9,524.7,90.8,0.502,0.0159,5,2.488,11,1,0.056,123.2,axon,0
F2983,40020,2-1,B3,230.0,163.6,70.7,0.134,0.0313,1,0.766,2,1,0.091,130.8,axon,1
F2984,40039,0-6,B1,30.5,660.8,49.6,0.11,0.038,2,0.966,1,1,0.205,125.9,axon,1
F2985,40272,6-6,B4,666.4,604.1,16.9,0.463,0.0699,3,2.419,0,3,0.052,122.1,spiny_dendrite,1
F2986,40526,0-0,B2,15.8,72.9,11.4,0.319,0.0674,3,1.278,0,0,0.037,124.9,glia_process,0
F2987,40007,3-4,B5,356.7,478.4,19.8,0.495,0.0862,7,1.283,0,7,0.23,116.5,spiny_dendrite,0
F2988,40022,1-2,B5,187.2,216.9,25.6,0.4,0.0498,3,1.897,0,9,0.05,121.0,spiny_dendrite,0
F2989,40597,7-5,B2,718.4,501.4,28.8,0.32,0.1673,6,0.457,1,0,0.131,115.4,glia_process,1
F2990,40095,1-7,B1,183.7,703.3,15.9,0.254,0.0142,2,0.858,2,1,0.095,116.1,axon,0
F2991,40501,2-1,B3,288.0,158.2,30.9,0.295,0.1253,6,3.782,0,1,0.063,125.8,glia_process,1
F2992,40151,6-5,B3,601.2,550.0,34.9,0.773,0.0953,3,1.346,1,20,0.056,129.7,spiny_dendrite,0
F2993,40478,5-2,B2,585.4,287.9,89.2,1.493,0.0146,9,1.73,4,1,0.119,122.1,axon,0
F2994,40495,5-2,B6,594.4,217.6,18.6,0.214,0.0409,1,1.427,1,4,0.204,121.3,axon,0
F2995,40379,4-3,B6,469.6,397.4,59.2,0.493,0.0225,2,1.811,1,10,0.085,117.0,smooth_dendrite,0
F2996,40141,4-2,B2,406.4,201.9,19.8,1.106,0.0151,2,1.06,0,4,0.023,137.5,spiny_dendrite,0
F2997,40418,2-4,B3,236.1,460.8,37.6,0.595,0.0373,4,4.374,5,1,0.072,123.3,axon,1
F2998,40480,7-6,B1,778.2,607.2,16.6,2.177,0.0079,1,0.847,0,2,0.54,108.8,smooth_dendrite,0
F2999,40378,6-1,B6,636.0,183.8,13.8,0.393,0.0694,5,0.164,1,7,0.252,116.5,smooth_dendrite,1
F3000,40034,0-6,B2,3.4,673.6,9.3,0.26,0.0442,1,3.15,1,3,0.219,129.4,spiny_dendrite,1
F3001,40285,6-5,B6,686.3,506.3,17.1,0.426,0.1317,2,0.654,0,1,0.092,131.2,spiny_dendrite,0
F3002,40550,6-1,B4,655.2,117.1,25.9,1.569,0.0393,9,0.342,0,1,0.008,108.1,glia_process,0
F3003,40344,2-2,B2,228.3,287.0,17.3,0.293,0.0307,0,3.78,2,2,0.039,110.7,axon,1
F3004,40580,0-5,B1,63.9,521.0,20.9,0.257,0.3806,6,2.525,1,0,0.076,89.5,glia_process,1
F3005,40038,7-5,B2,795.9,575.4,25.9,0.788,0.0223,1,6.209,1,5,0.134,117.9,spiny_dendrite,1
F3006,40403,4-2,B1,474.5,285.4,19.2,0.928,0.0738,1,0.601,0,3,0.546,131.3,smooth_dendrite,0
F3007,40360,4-0,B4,483.1,2.7,13.6,1.099,0.0089,3,0.663,1,2,0.221,120.7,smooth_dendrite,0
F3008,40005,5-0,B2,586.8,20.6,30.6,0.194,0.0282,2,0.527,4,2,0.091,118.0,axon,1
F3009,40296,3-4,B1,307.3,457.6,16.1,0.386,0.0088,2,1.335,2,1,0.07,131.2,axon,0
F3010,40136,4-7,B1,441.8,758.1,19.9,0.748,0.0909,5,1.174,1,2,0.174,117.4,spiny_dendrite,0
F3011,40130,4-1,B3,406.7,192.0,36.6,1.726,0.0565,1,0.938,0,9,0.107,111.3,spiny_dendrite,0
F3012,40545,6-6,B2,666.4,649.4,11.1,0.326,0.0664,3,1.943,0,0,0.017,123.3,glia_process,0
F3013,40408,4-2,B2,496.8,211.7,24.8,0.82,0.0535,4,0.993,0,10,0.112,134.6,smooth_dendrite,0
F3014,40502,4-4,B3,409.5,406.6,12.0,0.425,0.1144,5,2.63,1,1,0.066,130.8,glia_process,1
F3015,40345,1-4,B1,102.1,472.1,15.3,0.304,0.0975,5,1.086,1,1,0.044,109.7,axon,0
F3016,40596,7-7,B5,798.3,794.9,56.4,0.471,0.0583,4,1.204,0,1,0.025,131.3,glia_process,1
F3017,40452,3-0,B6,372.6,93.1,40.2,0.259,0.0158,5,0.966,0,2,0.122,104.8,smooth_dendrite,0
F3018,40174,2-3,B6,219.4,343.0,21.1,0.388,0.005,2,0.748,6,1,0.044,128.4,axon,1
F3019,40291,3-6,B3,395.5,656.0,19.9,0.874,0.2137,7,3.359,0,5,0.066,141.1,spiny_dendrite,0
F3020,40119,7-0,B6,751.8,16.0,36.4,0.597,0.1626,9,3.871,3,9,0.039,143.7,merged_object,1
F3021,40384,5-4,B4,546.9,463.3,26.9,0.941,0.0537,7,0.625,0,2,0.069,123.9,smooth_dendrite,0
F3022,40372,0-4,B5,84.9,425.9,33.7,0.228,0.0174,1,2.43,0,2,0.127,128.1,smooth_dendrite,0
F3023,40411,0-2,B4,72.3,274.2,16.4,0.252,0.0703,2,0.783,1,11,0.112,128.3,smooth_dendrite,0
F3024,40428,4-3,B2,474.5,355.9,41.4,0.26,0.0786,3,5.265,2,1,0.081,120.4,axon,0
F3025,40098,0-6,B5,57.1,617.2,13.7,0.559,0.0916,1,2.714,0,4,0.074,129.0,spiny_dendrite,0
F3026,40127,1-0,B4,164.4,29.0,72.5,0.403,0.0938,2,1.205,0,2,0.075,119.5,spiny_dendrite,0
F3027,40248,3-4,B3,349.1,484.2,45.1,0.237,0.024,3,0.617,1,0,0.118,121.5,axon,1
F3028,40598,2-3,B4,238.2,349.6,11.0,0.077,0.0459,4,0.983,0,0,0.029,120.7,glia_process,0
F3029,40258,3-5,B2,336.0,570.4,26.8,1.336,0.0272,9,0.646,1,2,0.135,125.3,spiny_dendrite,0
F3030,40237,4-4,B6,470.3,427.9,16.1,0.591,0.0932,5,0.92,1,4,0.054,131.1,spiny_dendrite,0
F3031,40472,0-3,B6,63.0,372.8,6.7,0.509,0.0289,5,0.491,1,2,0.049,111.7,smooth_dendrite,0
F3032,40266,5-1,B3,564.0,172.6,46.5,0.743,0.026,3,0.709,5,1,0.161,77.8,axon,1
F3033,40387,3-4,B4,395.6,454.6,27.9,0.58,0.0504,5,0.471,0,5,0.181,125.1,smooth_dendrite,1
F3034,40134,2-3,B2,255.8,358.7,23.3,0.417,0.0207,3,2.228,4,2,0.016,126.1,axon,0
F3035,40463,5-5,B3,578.1,515.4,45.5,0.158,0.0215,2,2.182,1,1,0.123,113.3,axon,0
F3036,40439,4-6,B6,477.6,634.5,62.1,4.236,0.0632,3,4.179,0,2,0.124,149.9,smooth_dendrite,0
F3037,40015,4-0,B3,479.8,12.8,35.4,0.278,0.0325,3,0.117,5,0,0.028,124.2,axon,1
F3038,40163,6-2,B2,645.5,276.6,39.4,0.552,0.0432,2,1.115,4,2,0.07,119.7,merged_object,1
F3039,40452,3-0,B6,353.2,25.3,55.7,0.176,0.0121,8,2.389,1,2,0.083,107.0,smooth_dendrite,1
F3040,40436,6-2,B1,627.2,211.5,55.4,0.316,0.0474,7,4.691,1,2,0.136,126.5,smooth_dendrite,0
F3041,40479,4-7,B3,420.9,726.3,17.9,0.42,0.0195,1,4.27,8,3,0.111,124.3,axon,0
F3042,40367,7-3,B1,790.0,373.2,45.1,0.602,0.0476,2,0.355,0,4,0.035,130.6,smooth_dendrite,0
F3043,40240,5-7,B3,503.3,703.2,9.1,0.532,0.0481,2,1.204,1,4,0.21,129.2,spiny_dendrite,0
F3044,40411,0-2,B4,44.7,237.1,26.1,0.211,0.0279,3,1.518,7,2,0.06,131.4,axon,0
F3045,40193,7-7,B3,707.3,758.2,29.8,1.619,0.0426,5,0.743,1,9,0.083,130.8,spiny_dendrite,0
F3046,40364,6-5,B2,682.1,532.9,24.9,0.459,0.0427,2,0.49,0,4,0.048,134.1,smooth_dendrite,0
F3047,40448,4-0,B4,454.6,69.4,38.1,0.508,0.0563,8,0.533,0,9,0.066,129.2,smooth_dendrite,0
F3048,40424,4-5,B4,467.9,576.1,56.2,0.337,0.04,1,0.681,1,0,0.032,121.5,axon,0
F3049,40097,7-1,B3,778.4,101.7,90.7,0.156,0.0301,4,1.613,3,0,0.067,97.6,axon,0
F3050,40274,6-4,B6,655.2,466.9,33.0,0.725,0.2128,6,1.334,0,3,0.098,113.1,spiny_dendrite,0
F3051,40185,0-1,B1,88.2,112.0,31.3,0.694,0.0063,3,1.341,3,1,0.042,135.9,axon,0
F3052,40545,6-6,B2,692.0,612.1,18.9,0.336,0.077,2,1.297,0,0,0.029,127.5,glia_process,1
F3053,40185,0-1,B1,39.9,111.2,50.9,1.665,0.0192,9,1.25,0,5,0.069,136.3,spiny_dendrite,0
F3054,40487,0-2,B2,75.2,223.9,14.4,1.517,0.0201,2,0.937,0,3,0.409,127.4,smooth_dendrite,0
F3055,40488,5-1,B1,550.3,190.7,17.8,0.999,0.0262,4,2.141,0,4,0.138,85.0,smooth_dendrite,1
F3056,40529,5-2,B1,540.3,266.4,19.1,0.649,0.1288,3,0.577,0,1,0.137,117.1,glia_process,0
F3057,40322,5-5,B2,540.8,557.6,32.3,0.338,0.0175,3,1.28,2,3,0.053,111.9,axon,0
F3058,40477,1-0,B3,116.0,75.4,19.2,0.249,0.0702,4,1.758,1,4,0.112,118.1,smooth_dendrite,0
F3059,40107,7-3,B5,717.8,372.8,81.4,0.495,0.0151,2,1.156,1,9,0.457,122.5,spiny_dendrite,0
F3060,40596,7-7,B5,730.9,759.4,23.4,0.457,0.0617,3,0.823,0,1,0.029,131.1,glia_process,0
F3061,40273,6-4,B6,675.9,420.6,14.9,0.526,0.1164,5,1.272,2,2,0.09,119.1,spiny_dendrite,0
F3062,40016,3-3,B5,356.0,396.7,16.2,1.389,0.1613,5,1.801,0,4,0.065,107.0,spiny_dendrite,0
F3063,40245,6-3,B6,614.8,305.6,110.2,1.182,0.0598,5,1.653,1,6,0.086,91.1,spiny_dendrite,0
F3064,40566,1-5,B2,109.5,595.2,10.9,0.221,0.0692,12,5.325,0,1,0.031,103.8,glia_process,0
F3065,40282,6-0,B4,698.8,77.0,110.8,0.282,0.0686,4,6.243,3,1,0.05,103.3,axon,1
F3066,40096,3-2,B1,327.9,217.0,33.5,0.435,0.1312,1,2.52,1,1,0.107,128.3,spiny_dendrite,0
F3067,40232,4-5,B2,475.4,533.0,37.8,0.619,0.0234,4,0.915,1,1,0.438,128.0,axon,0
F3068,40575,5-4,B4,560.9,403.8,28.6,3.247,0.0346,4,0.728,1,0,0.026,130.4,glia_process,1
F3069,40546,7-4,B2,777.7,465.8,10.0,0.505,0.1054,1,3.073,0,0,0.031,119.9,glia_process,0
F3070,40256,3-0,B3,342.6,81.7,81.0,0.451,0.0088,10,2.69,2,0,0.033,112.5,axon,0
F3071,40318,6-7,B1,623.9,707.3,15.5,0.436,0.0674,10,0.304,1,9,0.069,126.4,spiny_dendrite,0
F3072,40193,7-7,B3,786.5,761.1,53.8,1.379,0.0273,3,0.576,1,10,0.127,128.2,spiny_dendrite,0
F3073,40504,5-0,B4,599.5,22.8,21.8,0.229,0.0259,7,1.222,1,0,0.063,116.6,glia_process,0
F3074,40063,6-5,B2,632.0,596.3,14.0,0.31,0.0517,16,0.51,0,34,0.071,131.9,spiny_dendrite,0
F3075,40121,6-1,B6,655.4,136.2,40.9,0.094,0.1368,6,0.728,0,3,0.192,111.6,spiny_dendrite,0
F3076,40224,4-4,B2,414.7,410.3,32.8,0.749,0.2232,2,1.035,1,16,0.148,132.1,spiny_dendrite,0
F3077,40130,4-1,B3,471.4,139.0,50.1,1.233,0.049,2,0.759,0,12,0.076,108.8,spiny_dendrite,0
F3078,40124,1-4,B3,155.7,465.5,32.4,0.5,0.0414,7,0.979,15,2,0.11,123.0,axon,0
F3079,40133,7-2,B5,722.0,238.4,52.6,0.777,0.0498,6,1.521,3,1,0.093,125.4,axon,1
F3080,40275,2-2,B6,261.8,257.3,12.9,0.269,0.0779,2,0.631,0,4,0.089,108.5,spiny_dendrite,0
F3081,40468,3-7,B1,326.8,785.6,220.2,0.303,0.0173,2,2.874,0,4,0.215,132.2,smooth_dendrite,0
F3082,40449,5-1,B1,544.2,133.7,25.6,0.484,0.0421,2,0.696,6,1,0.25,77.5,axon,0
F3083,40292,1-0,B1,191.2,39.6,53.4,0.287,0.0126,4,1.338,8,1,0.117,109.5,axon,0
F3084,40428,4-3,B2,492.6,367.8,51.2,0.231,0.5436,6,3.955,1,3,0.089,120.1,merged_object,1
F3085,40355,5-2,B4,597.6,272.3,4.2,0.315,0.0647,1,0.466,5,2,0.013,123.9,axon,1
F3086,40139,0-0,B3,9.3,39.6,63.6,0.712,0.0618,2,5.204,4,3,0.101,122.9,merged_object,1
F3087,40457,6-0,B5,618.9,95.8,16.9,0.656,0.063,1,6.309,0,6,0.036,112.7,smooth_dendrite,0
F3088,40001,0-3,B1,49.4,372.8,14.6,0.124,0.0105,7,0.667,9,1,0.101,115.7,axon,0
F3089,40202,0-7,B4,10.4,737.5,10.5,0.89,0.2317,3,0.405,0,2,0.168,123.5,spiny_dendrite,0
F3090,40505,0-6,B1,8.0,686.9,15.6,0.155,0.0746,3,0.707,0,0,0.03,129.3,glia_process,0
F3091,40312,4-2,B5,443.2,271.5,21.6,2.222,0.0161,2,1.643,0,9,0.14,141.4,spiny_dendrite,0
F3092,40388,0-2,B6,18.9,276.2,84.5,0.181,0.0107,1,1.684,4,2,0.05,129.5,axon,0
F3093,40350,6-4,B5,692.4,470.5,18.9,1.439,0.0053,2,1.891,2,0,0.049,128.2,axon,0
F3094,40389,4-3,B1,404.7,386.8,5.8,0.73,0.1518,1,1.012,0,10,0.224,106.4,smooth_dendrite,1
F3095,40170,1-0,B3,168.8,88.6,55.1,0.288,0.0255,4,1.072,4,1,0.027,110.8,axon,1
F3096,40036,5-1,B1,517.7,182.6,66.3,0.793,0.0365,2,0.897,2,0,0.15,80.6,axon,0
F3097,40305,5-7,B5,555.2,702.1,39.8,0.529,0.0189,7,3.068,5,0,0.08,133.4,axon,0
F3098,40301,0-5,B2,20.9,511.8,14.0,0.721,0.1798,1,0.385,0,8,0.091,99.6,spiny_dendrite,0
F3099,40491,7-2,B5,760.5,269.8,68.7,0.977,0.1268,3,0.526,0,4,0.091,125.6,smooth_dendrite,0
F3100,40242,5-2,B5,550.7,264.2,7.3,0.884,0.0311,7,1.204,1,3,0.158,126.4,spiny_dendrite,0
F3101,40327,2-2,B6,250.4,244.6,47.6,1.324,0.0161,5,0.696,4,1,0.084,109.4,axon,1
F3102,40390,6-1,B4,630.0,132.4,44.2,1.079,0.0202,2,1.93,1,4,0.108,104.7,smooth_dendrite,0
F3103,40493,3-3,B5,382.2,346.9,45.9,0.224,0.1376,4,0.987,7,0,0.101,109.9,axon,0
F3104,40302,5-6,B6,580.4,622.4,24.9,0.799,0.0381,1,1.009,0,7,0.091,132.9,spiny_dendrite,1
F3105,40085,5-0,B4,573.8,8.0,34.7,2.153,0.0283,13,0.848,1,5,0.116,120.4,spiny_dendrite,0
F3106,40382,6-0,B1,671.5,100.0,27.2,0.512,0.0339,3,1.398,1,4,0.338,113.1,smooth_dendrite,0
F3107,40346,6-1,B4,686.0,157.5,13.2,0.449,0.0528,4,1.99,1,5,0.059,108.9,smooth_dendrite,0
F3108,40179,5-6,B2,543.7,628.1,95.8,1.117,0.0399,7,0.541,10,2,0.099,123.0,axon,0
F3109,40457,6-0,B5,604.5,32.6,67.4,0.387,0.0389,1,7.092,2,2,0.015,111.9,axon,0
F3110,40427,0-1,B6,2.3,100.8,6.8,0.293,0.0097,2,2.492,5,1,0.22,142.6,axon,0
F3111,40465,7-5,B1,746.8,543.8,43.1,0.217,0.0324,4,2.378,0,17,0.103,109.0,smooth_dendrite,1
F3112,40520,7-1,B5,736.1,189.7,32.8,0.356,0.147,5,2.425,0,0,0.034,104.8,glia_process,1
F3113,40087,4-1,B1,436.3,103.1,63.5,0.649,0.0603,4,0.545,1,2,0.079,112.1,spiny_dendrite,0
F3114,40292,1-0,B1,111.0,72.5,31.8,0.402,0.0073,3,2.022,7,1,0.097,110.2,axon,0
F3115,40239,5-0,B4,581.4,31.6,12.1,0.529,0.0953,7,0.964,0,5,0.068,124.0,spiny_dendrite,0
F3116,40037,1-1,B4,199.4,169.3,21.2,0.389,0.0183,2,0.705,1,0,0.104,137.7,axon,0
F3117,40008,7-1,B6,779.7,117.8,37.7,1.461,0.0815,2,6.028,1,7,0.053,94.2,spiny_dendrite,0
F3118,40600,1-6,B3,155.0,659.9,5.6,0.876,0.0253,2,1.098,0,0,0.06,119.9,glia_process,0
F3119,40457,6-0,B5,604.7,49.4,57.1,0.444,0.031,1,4.696,1,2,0.035,111.2,axon,0
F3120,40302,5-6,B6,561.7,623.1,36.2,0.534,0.0109,2,1.18,2,2,0.138,130.7,axon,0
F3121,40453,4-2,B4,410.0,218.7,19.0,0.227,0.0083,2,0.454,0,6,0.099,134.0,smooth_dendrite,0
F3122,40014,7-7,B4,723.2,779.3,57.7,0.389,0.0499,1,2.745,2,1,0.105,127.8,axon,0
F3123,40103,1-3,B3,150.8,383.1,25.8,0.37,0.0625,6,1.801,0,6,0.099,159.8,spiny_dendrite,0
F3124,40505,0-6,B1,93.7,613.4,19.4,0.288,0.0378,4,0.709,0,0,0.043,131.8,glia_process,0
F3125,40241,1-1,B4,182.0,103.6,20.1,0.323,0.0169,6,1.393,2,2,0.026,133.3,axon,0
F3126,40059,2-5,B1,212.2,517.9,29.1,0.662,0.0988,2,1.365,1,2,0.218,113.1,spiny_dendrite,0
F3127,40413,3-0,B4,304.4,24.4,38.2,1.281,0.0619,2,3.091,1,1,0.052,120.6,smooth_dendrite,0
F3128,40352,1-6,B3,123.5,603.5,72.6,0.676,0.0486,2,4.156,9,1,0.073,114.3,axon,0
F3129,40203,6-4,B2,610.4,458.8,21.0,0.772,0.0694,5,0.513,2,1,0.047,123.7,axon,0
F3130,40031,3-1,B4,348.0,194.6,18.1,1.206,0.0373,12,0.729,0,3,0.138,129.7,spiny_dendrite,0
F3131,40332,5-4,B2,554.7,403.5,11.9,1.202,0.0324,3,2.63,1,9,0.147,128.5,smooth_dendrite,1
F3132,40227,0-7,B2,46.7,732.6,36.2,0.243,0.079,8,2.157,1,4,0.318,121.2,merged_object,1
F3133,40303,2-7,B2,220.7,771.0,18.4,0.356,0.014,2,0.702,4,1,0.112,130.0,axon,0
F3134,40484,0-1,B2,86.7,113.1,25.6,1.199,0.0201,13,4.075,0,14,0.078,148.0,smooth_dendrite,1
F3135,40220,5-3,B5,599.4,351.7,19.8,0.751,0.1441,10,1.345,0,5,0.047,119.1,spiny_dendrite,0
F3136,40465,7-5,B1,747.4,519.6,40.0,0.224,0.0682,3,1.684,0,6,0.131,109.1,smooth_dendrite,0
F3137,40386,0-2,B5,99.5,298.2,36.9,0.609,0.0206,2,1.564,0,2,0.146,126.5,smooth_dendrite,0
F3138,40242,5-2,B5,571.6,287.3,16.9,0.486,0.1101,15,1.082,3,2,0.097,127.4,merged_object,1
F3139,40445,0-3,B6,55.9,373.2,25.9,0.596,0.0767,3,0.572,1,6,0.062,113.2,smooth_dendrite,0
F3140,40384,5-4,B4,583.8,471.9,27.3,0.56,0.0574,4,0.475,1,1,0.088,126.6,smooth_dendrite,0
F3141,40134,2-3,B2,293.8,371.5,33.5,0.7,0.0113,3,2.497,4,2,0.021,123.9,axon,0
F3142,40418,2-4,B3,284.1,455.6,53.5,0.735,0.0667,2,3.433,4,1,0.067,125.0,axon,0
F3143,40248,3-4,B3,325.0,400.2,31.0,0.368,0.0366,2,0.464,0,2,0.064,120.9,spiny_dendrite,0
F3144,40160,6-4,B2,673.3,433.8,23.5,1.677,0.0757,8,0.95,0,4,0.078,113.2,spiny_dendrite,0
F3145,40351,1-3,B2,103.2,354.7,26.7,0.157,0.0259,3,0.587,5,1,0.041,146.5,axon,0
F3146,40013,6-0,B5,677.0,2.7,14.9,0.892,0.0148,5,0.615,0,2,0.128,107.3,spiny_dendrite,0
F3147,40137,7-5,B6,773.1,567.4,31.8,0.634,0.0228,5,3.206,1,3,0.075,117.3,spiny_dendrite,0
F3148,40383,7-1,B5,777.2,128.6,53.9,0.248,0.0296,3,2.055,1,4,0.131,97.2,smooth_dendrite,0
F3149,40505,0-6,B1,37.0,678.7,21.2,0.194,0.0404,3,0.71,0,0,0.081,130.1,glia_process,1
F3150,40549,3-4,B6,369.3,460.8,26.5,0.532,0.1824,5,0.369,1,3,0.115,121.7,merged_object,1
F3151,40169,6-7,B3,627.9,757.0,35.0,0.431,0.0516,2,4.631,0,6,0.085,126.9,spiny_dendrite,0
F3152,40286,5-0,B1,503.2,30.4,27.4,2.818,0.0297,5,1.273,0,1,0.069,120.8,spiny_dendrite,1
F3153,40445,0-3,B6,79.1,374.4,23.7,0.656,0.0695,1,0.543,1,5,0.055,117.3,smooth_dendrite,1
F3154,40491,7-2,B5,744.0,254.3,43.2,0.742,0.1375,6,0.802,1,9,0.061,129.1,smooth_dendrite,0
F3155,40584,6-0,B1,689.6,37.1,16.5,0.242,0.0207,4,1.152,0,1,0.054,108.1,glia_process,0
F3156,40024,2-0,B1,280.1,88.6,10.7,1.477,0.0368,13,1.312,0,4,0.072,128.9,spiny_dendrite,0
F3157,40044,5-0,B5,543.3,86.1,36.9,0.619,0.02,3,0.534,0,11,0.112,121.1,spiny_dendrite,0
F3158,40178,2-2,B6,231.1,218.2,25.5,1.076,0.0567,7,3.253,0,9,0.086,110.2,spiny_dendrite,1
F3159,40189,1-0,B3,148.6,49.3,43.0,0.592,0.0163,3,1.493,2,1,0.099,114.9,axon,0
F3160,40029,3-3,B2,374.4,340.4,43.4,0.12,0.0127,3,0.218,2,2,0.031,114.5,axon,0
F3161,40581,3-0,B4,374.0,12.9,32.6,0.668,0.1222,16,3.168,2,4,0.064,123.8,merged_object,1
F3162,40192,5-3,B6,506.5,345.9,52.1,0.961,0.0225,4,2.444,0,1,0.039,116.2,spiny_dendrite,0
F3163,40474,1-4,B4,137.0,465.7,48.2,0.295,0.0675,1,0.833,0,8,0.04,121.5,smooth_dendrite,0
F3164,40545,6-6,B2,622.5,632.4,11.5,0.374,0.0977,3,1.518,0,0,0.022,124.5,glia_process,1
F3165,40280,4-4,B6,470.8,454.8,33.7,0.291,0.0148,1,0.745,4,1,0.027,129.2,axon,1
F3166,40087,4-1,B1,464.8,130.4,46.9,0.623,0.0171,5,1.164,3,0,0.027,111.4,axon,0
F3167,40169,6-7,B3,697.2,705.3,34.4,0.287,0.0202,1,4.122,1,3,0.058,126.6,axon,0
F3168,40567,4-3,B2,430.4,328.4,62.0,0.272,0.0294,2,1.891,1,0,0.018,111.2,glia_process,1
F3169,40418,2-4,B3,267.5,493.6,45.1,0.987,0.1893,2,3.454,1,5,0.084,122.4,smooth_dendrite,0
F3170,40095,1-7,B1,157.2,777.5,8.0,0.47,0.0263,3,1.074,0,4,0.333,115.0,spiny_dendrite,0
F3171,40151,6-5,B3,629.3,500.5,24.2,0.362,0.0828,3,1.349,1,24,0.026,128.1,spiny_dendrite,0
F3172,40405,0-3,B5,67.4,346.2,46.4,0.417,0.0437,2,0.341,1,6,0.255,114.6,smooth_dendrite,1
F3173,40129,6-1,B4,647.2,181.3,11.9,0.594,0.1529,5,1.553,1,2,0.044,113.3,spiny_dendrite,0
F3174,40356,3-3,B1,311.4,339.0,11.3,0.633,0.0909,1,2.975,0,7,0.223,110.8,smooth_dendrite,0
F3175,40590,4-4,B1,493.5,421.4,18.2,0.289,0.0945,4,0.959,0,0,0.037,140.7,glia_process,0
F3176,40545,6-6,B2,632.1,660.7,10.6,0.357,0.0737,2,1.126,0,0,0.028,125.4,glia_process,0
F3177,40457,6-0,B5,666.4,66.9,47.9,0.386,0.0366,3,7.178,3,1,0.017,115.2,axon,0
F3178,40390,6-1,B4,621.5,137.8,64.2,0.702,0.0073,3,1.465,7,0,0.091,106.1,axon,0
F3179,40486,6-5,B5,656.8,585.2,22.5,0.494,0.0261,2,1.208,1,4,0.276,129.6,smooth_dendrite,0
F3180,40122,1-0,B4,180.7,76.2,66.6,0.272,0.015,4,2.294,4,1,0.144,121.0,axon,0
F3181,40573,3-0,B5,342.0,60.4,49.7,0.662,0.0551,3,1.408,2,6,0.071,121.0,merged_object,1
F3182,40448,4-0,B4,453.7,68.1,61.2,0.301,0.2771,15,0.869,2,11,0.04,125.9,merged_object,1
F3183,40256,3-0,B3,337.4,4.0,39.1,0.622,0.02,14,2.895,0,3,0.061,118.8,spiny_dendrite,0
F3184,40340,3-4,B6,349.7,478.0,65.2,0.384,0.0557,5,2.132,0,5,0.086,125.1,smooth_dendrite,0
F3185,40023,5-7,B4,552.1,753.4,32.5,0.38,0.0038,1,1.689,2,2,0.028,117.8,axon,0
F3186,40107,7-3,B5,791.8,385.6,170.3,0.263,0.0089,1,1.425,3,1,0.165,120.9,axon,0
F3187,40172,3-5,B2,322.9,569.4,65.6,1.053,0.0219,1,1.028,1,2,0.041,125.3,spiny_dendrite,0
F3188,40103,1-3,B3,175.5,305.1,16.7,0.357,0.0549,8,0.584,0,9,0.079,155.1,spiny_dendrite,1
F3189,40128,0-0,B2,51.2,56.2,68.9,0.108,0.0432,3,0.976,3,3,0.143,124.5,axon,0
F3190,40056,5-3,B5,505.2,309.2,28.1,0.879,0.0148,1,1.12,2,1,0.223,116.2,axon,0
F3191,40335,1-6,B3,159.1,610.0,72.0,0.429,0.0327,5,1.45,15,0,0.055,124.9,axon,0
F3192,40499,6-3,B5,665.1,346.6,41.7,0.374,0.0364,2,4.583,0,5,0.195,97.5,smooth_dendrite,0
F3193,40452,3-0,B6,336.0,7.3,26.0,0.386,0.0107,5,2.974,1,2,0.094,104.5,smooth_dendrite,0
F3194,40535,7-4,B3,741.3,497.6,25.9,0.531,0.1329,1,0.917,1,1,0.061,130.1,glia_process,0
F3195,40024,2-0,B1,201.6,57.7,11.7,0.456,0.0234,7,1.907,1,1,0.082,131.0,axon,0
F3196,40537,0-7,B1,24.8,725.7,11.7,0.459,0.0603,8,1.78,0,0,0.043,115.0,glia_process,0
F3197,40286,5-0,B1,510.8,22.9,27.0,3.366,0.057,3,1.044,0,2,0.071,119.4,spiny_dendrite,0
F3198,40170,1-0,B3,193.4,57.9,71.3,0.373,0.0773,9,0.759,2,7,0.059,111.1,merged_object,1
F3199,40229,5-6,B5,554.4,688.1,59.9,0.324,0.0272,3,1.109,2,3,0.077,133.7,merged_object,1
F3200,40322,5-5,B2,570.6,547.4,29.0,0.372,0.016,3,4.768,3,4,0.053,108.2,axon,0
F3201,40353,6-0,B4,677.2,44.4,33.5,0.626,0.0071,3,0.71,1,1,0.292,107.5,axon,0
F3202,40511,3-2,B4,373.3,272.5,27.9,0.551,0.0219,3,1.011,0,1,0.075,123.3,glia_process,0
F3203,40253,3-1,B1,375.7,152.1,17.9,0.512,0.0398,2,0.954,0,9,0.151,130.5,spiny_dendrite,0
F3204,40006,7-6,B4,771.2,643.7,18.2,0.737,0.0143,1,1.168,4,1,0.042,108.7,axon,0
F3205,40449,5-1,B1,595.5,173.3,12.6,0.998,0.026,1,0.756,9,1,0.413,79.1,axon,1
F3206,40197,4-2,B1,448.9,251.4,22.6,0.503,0.0124,5,1.27,2,0,0.028,128.9,axon,0
F3207,40580,0-5,B1,98.6,572.0,32.2,0.347,0.4925,7,1.503,0,0,0.047,88.4,glia_process,0
F3208,40452,3-0,B6,377.3,54.5,48.1,0.188,0.0072,2,3.111,4,0,0.056,107.2,axon,0
F3209,40336,2-3,B2,232.5,316.2,41.0,0.479,0.0447,3,0.482,4,4,0.138,130.1,axon,0
F3210,40556,7-5,B6,706.8,560.3,14.5,0.552,0.127,5,5.562,1,0,0.065,114.5,glia_process,0
F3211,40037,1-1,B4,154.7,189.5,20.2,0.461,0.041,1,0.667,0,5,0.125,136.7,spiny_dendrite,0
F3212,40326,7-2,B4,727.4,240.8,56.1,0.368,0.0192,10,0.324,5,2,0.09,121.6,axon,0
F3213,40231,0-4,B6,36.5,433.6,35.6,0.268,0.0115,2,1.001,3,1,0.022,119.0,axon,0
F3214,40004,6-1,B5,658.2,149.9,28.0,0.238,0.0165,3,0.899,1,9,0.039,108.0,spiny_dendrite,0
F3215,40413,3-0,B4,358.6,59.7,31.5,0.585,0.0502,1,3.793,6,0,0.036,121.9,axon,0
F3216,40281,0-7,B2,1.9,780.6,31.6,0.723,0.0917,2,0.574,1,1,0.036,128.0,spiny_dendrite,0
F3217,40378,6-1,B6,644.7,170.9,12.2,0.415,0.0715,7,0.396,1,4,0.29,117.4,smooth_dendrite,0
F3218,40441,6-6,B3,604.7,648.2,11.4,0.446,0.0299,2,0.391,1,2,0.081,122.8,smooth_dendrite,0
F3219,40510,6-1,B3,679.9,165.0,31.4,0.692,0.1149,10,1.05,0,1,0.032,114.8,glia_process,1
F3220,40261,6-7,B3,664.3,705.0,80.3,0.198,0.0356,2,1.12,1,18,0.08,132.9,spiny_dendrite,0
F3221,40327,2-2,B6,236.7,219.8,48.4,1.813,0.0718,6,0.556,1,4,0.064,110.7,spiny_dendrite,0
F3222,40237,4-4,B6,413.5,480.5,17.1,0.745,0.0633,2,0.595,1,2,0.031,132.1,spiny_dendrite,0
F3223,40474,1-4,B4,146.0,479.8,42.4,0.339,0.0325,2,0.442,1,1,0.037,118.8,axon,0
F3224,40228,4-6,B3,444.1,647.5,49.6,1.422,0.0307,9,2.428,1,9,0.491,144.4,spiny_dendrite,1
F3225,40289,6-4,B1,658.4,448.7,19.8,2.22,0.0227,4,1.091,1,7,0.057,110.5,spiny_dendrite,0
F3226,40242,5-2,B5,592.5,279.2,15.5,0.443,0.0143,6,1.208,2,1,0.094,126.8,axon,0
F3227,40179,5-6,B2,521.2,680.1,68.9,1.358,0.1442,11,1.034,1,6,0.092,126.1,spiny_dendrite,0
F3228,40419,0-1,B2,63.2,173.8,13.2,0.612,0.1133,2,2.634,0,1,0.143,138.4,smooth_dendrite,1
F3229,40561,0-5,B6,21.7,527.4,70.8,2.879,0.2119,5,1.033,2,5,0.069,93.6,merged_object,1
F3230,40350,6-4,B5,647.1,441.3,33.9,2.195,0.0222,4,1.298,1,1,0.048,125.7,merged_object,1
F3231,40103,1-3,B3,170.6,357.0,23.9,0.431,0.0455,12,1.138,0,11,0.095,155.5,spiny_dendrite,0
F3232,40453,4-2,B4,426.2,281.9,23.5,0.122,0.0099,5,0.624,0,5,0.212,137.4,smooth_dendrite,1
F3233,40511,3-2,B4,331.0,209.3,19.6,0.455,0.0289,3,1.59,1,0,0.082,125.4,glia_process,1
F3234,40368,5-0,B4,592.6,99.3,32.1,0.229,0.0174,6,0.347,3,1,0.024,117.1,axon,1
F3235,40382,6-0,B1,665.5,93.7,45.6,1.08,0.0195,2,2.34,0,6,0.221,111.0,smooth_dendrite,0
F3236,40490,2-4,B1,277.6,412.6,33.9,1.257,0.0662,6,0.641,0,3,0.136,116.3,smooth_dendrite,1
F3237,40470,5-2,B4,546.8,243.3,23.5,0.977,0.0197,1,1.015,1,9,0.146,117.8,smooth_dendrite,0
F3238,40157,7-1,B3,743.6,116.4,72.6,1.241,0.0723,2,1.062,1,1,0.088,98.6,spiny_dendrite,0
F3239,40316,1-4,B5,134.7,494.1,27.1,0.834,0.069,11,1.425,1,2,0.114,122.5,spiny_dendrite,1
F3240,40417,7-6,B2,712.3,635.6,9.8,0.569,0.0601,4,1.068,0,2,0.106,109.1,smooth_dendrite,1
F3241,40447,2-2,B6,220.9,289.5,57.2,0.693,0.0304,4,1.071,1,4,0.102,111.8,smooth_dendrite,0
F3242,40069,6-4,B3,647.2,492.8,29.1,0.293,0.0463,2,0.709,0,4,0.228,123.9,spiny_dendrite,0
F3243,40085,5-0,B4,508.4,72.1,33.0,1.68,0.0234,11,1.315,1,4,0.1,121.4,spiny_dendrite,0
F3244,40105,7-7,B1,724.7,776.1,29.7,0.3,0.0758,6,1.468,6,4,0.035,123.9,merged_object,1
F3245,40476,3-3,B3,347.9,370.8,15.6,0.424,0.023,4,0.89,2,5,0.129,112.5,smooth_dendrite,0
F3246,40465,7-5,B1,739.8,555.0,36.8,0.424,0.0266,3,1.708,0,8,0.141,112.7,smooth_dendrite,0
F3247,40335,1-6,B3,153.0,627.8,36.0,1.096,0.0608,6,1.135,4,3,0.069,125.9,smooth_dendrite,0
F3248,40211,7-2,B4,758.9,218.8,53.8,0.845,0.1013,5,0.48,1,5,0.142,117.4,spiny_dendrite,0
F3249,40590,4-4,B1,444.6,457.4,16.9,0.35,0.1557,5,1.716,0,0,0.045,138.8,glia_process,1
F3250,40006,7-6,B4,718.0,629.0,14.6,1.248,0.021,1,0.783,1,9,0.041,105.3,spiny_dendrite,0
F3251,40464,6-6,B6,613.8,655.1,23.0,0.189,0.0494,5,0.922,1,1,0.075,130.4,axon,0
F3252,40529,5-2,B1,562.1,207.2,48.9,0.977,0.2416,2,0.743,0,0,0.128,118.6,glia_process,1
F3253,40253,3-1,B1,338.5,108.7,31.2,0.505,0.0253,3,2.783,0,6,0.151,131.8,spiny_dendrite,0
F3254,40138,0-1,B3,1.9,184.0,83.7,0.169,0.0515,1,1.388,3,2,0.206,142.9,axon,1
F3255,40428,4-3,B2,418.1,350.4,40.9,0.303,0.1596,2,5.708,0,2,0.095,117.6,smooth_dendrite,1
F3256,40058,3-6,B6,395.4,694.4,65.3,0.166,0.2216,6,0.7,0,15,0.086,142.2,spiny_dendrite,0
F3257,40038,7-5,B2,776.6,555.5,11.7,0.505,0.0097,1,2.213,1,1,0.085,119.7,axon,0
F3258,40576,2-1,B5,228.7,185.7,74.2,0.888,0.0593,3,1.798,0,0,0.02,116.4,glia_process,0
F3259,40347,5-1,B6,589.2,119.1,25.3,0.314,0.0615,2,1.781,0,6,0.437,82.4,smooth_dendrite,0
F3260,40202,0-7,B4,9.1,733.0,13.0,0.655,0.3186,4,0.592,0,4,0.201,117.5,spiny_dendrite,0
F3261,40138,0-1,B3,92.0,112.3,66.4,0.318,0.1069,3,1.749,0,6,0.192,142.6,spiny_dendrite,0
F3262,40325,5-5,B5,553.1,506.7,72.9,0.494,0.027,22,2.157,2,2,0.198,117.4,axon,0
F3263,40474,1-4,B4,164.6,410.6,45.9,0.752,0.0581,3,0.247,0,9,0.034,124.3,smooth_dendrite,0
F3264,40577,0-2,B4,66.2,250.4,15.5,1.47,0.0345,7,2.26,1,0,0.016,132.2,glia_process,1
F3265,40488,5-1,B1,551.2,188.9,20.0,1.067,0.0087,4,2.104,0,5,0.175,85.3,smooth_dendrite,0
F3266,40082,6-5,B6,697.1,560.7,22.0,2.031,0.0693,3,1.335,1,5,0.083,127.2,spiny_dendrite,0
F3267,40224,4-4,B2,474.2,434.4,32.2,0.85,0.7193,3,1.557,4,12,0.163,137.0,merged_object,1
F3268,40245,6-3,B6,685.9,342.9,105.9,0.474,0.0266,2,1.019,4,1,0.09,93.4,axon,0
F3269,40066,3-0,B4,303.0,64.2,21.2,0.226,0.0049,2,3.45,1,2,0.077,116.4,axon,0
F3270,40113,4-7,B1,454.0,779.8,26.4,0.566,0.1725,4,0.733,1,2,0.066,124.1,spiny_dendrite,0
F3271,40122,1-0,B4,169.7,48.4,70.8,0.219,0.0113,4,2.107,3,1,0.088,122.3,axon,0
F3272,40240,5-7,B3,598.9,793.2,20.4,0.252,0.0284,2,0.931,3,1,0.217,128.0,axon,0
F3273,40478,5-2,B2,599.2,289.9,95.1,0.634,0.0196,7,2.27,2,1,0.037,119.2,axon,0
F3274,40282,6-0,B4,603.3,13.5,29.5,0.574,0.2147,6,2.345,0,2,0.071,109.7,spiny_dendrite,0
F3275,40400,5-5,B5,514.3,599.6,103.9,0.21,0.0071,3,1.101,0,2,0.032,117.0,axon,1
F3276,40286,5-0,B1,506.1,65.0,27.5,1.483,0.0217,3,2.773,2,0,0.134,120.1,axon,0
F3277,40266,5-1,B3,598.5,174.6,56.2,0.848,0.0342,5,0.7,1,11,0.174,74.9,spiny_dendrite,0
F3278,40499,6-3,B5,698.8,381.7,32.6,0.299,0.0333,4,4.49,0,6,0.199,97.6,smooth_dendrite,0
F3279,40387,3-4,B4,310.3,498.2,37.7,0.262,0.0261,4,0.472,3,1,0.113,127.9,axon,0
F3280,40027,2-6,B1,299.6,668.1,73.7,0.286,0.0073,8,1.207,2,1,0.069,115.5,axon,0
F3281,40462,0-5,B4,44.9,532.4,27.3,0.478,0.112,6,1.033,1,12,0.056,94.2,smooth_dendrite,1
F3282,40230,1-2,B4,189.4,257.7,32.0,0.096,0.0186,2,0.985,4,1,0.119,111.7,axon,0
F3283,40402,5-4,B6,513.4,453.7,172.9,0.219,0.08,5,1.154,1,3,0.069,125.3,merged_object,1
F3284,40190,2-5,B6,295.5,513.0,14.9,0.27,0.014,2,1.531,4,2,0.018,116.3,axon,0
F3285,40459,3-5,B4,332.5,511.2,95.3,0.097,0.0079,2,3.542,5,0,0.054,132.0,axon,1
F3286,40314,1-4,B3,188.1,416.3,65.4,0.387,0.0139,2,3.582,1,6,0.023,118.2,spiny_dendrite,0
F3287,40117,6-3,B5,678.2,397.6,41.1,0.837,0.0492,1,1.788,2,1,0.099,96.3,axon,1
F3288,40079,2-4,B1,243.0,452.1,58.9,0.747,0.106,2,0.937,1,1,0.053,122.4,spiny_dendrite,0
F3289,40008,7-1,B6,733.3,165.1,29.1,2.831,0.1343,2,11.708,1,3,0.062,96.6,spiny_dendrite,0
F3290,40117,6-3,B5,671.2,302.3,21.8,0.986,0.0393,4,1.535,2,2,0.089,97.4,axon,0
F3291,40092,6-2,B6,618.6,214.7,11.8,1.668,0.0264,3,1.013,3,1,0.071,108.0,axon,0
F3292,40280,4-4,B6,427.1,461.2,22.7,0.481,0.0165,1,0.754,4,1,0.016,129.5,axon,0
F3293,40512,0-0,B1,2.4,68.1,12.4,0.207,0.1625,4,3.97,0,1,0.042,123.4,glia_process,1
F3294,40161,3-0,B4,362.8,34.5,34.4,0.048,0.0138,1,1.357,3,0,0.05,122.0,axon,0
F3295,40415,0-5,B5,26.1,586.9,77.7,0.455,0.0149,2,1.193,2,1,0.019,93.8,axon,0
F3296,40242,5-2,B5,551.0,227.4,11.4,0.416,0.0113,8,1.309,2,1,0.077,125.7,axon,0
F3297,40421,1-0,B4,122.7,73.3,55.3,0.238,0.0195,1,1.231,3,1,0.064,128.0,axon,1
F3298,40138,0-1,B3,15.6,133.5,22.2,0.188,0.0975,1,2.037,0,6,0.309,140.4,spiny_dendrite,0
F3299,40333,6-1,B2,651.0,142.5,54.3,0.232,0.0984,3,1.286,0,2,0.035,112.9,smooth_dendrite,1
F3300,40589,7-1,B4,790.2,171.3,35.2,0.469,0.0202,12,0.423,0,2,0.022,108.5,glia_process,1
F3301,40506,7-7,B4,706.8,789.8,74.4,0.357,0.0331,5,1.664,0,1,0.051,124.3,glia_process,0
F3302,40115,2-7,B4,295.9,795.5,21.2,0.572,0.0505,3,0.305,1,9,0.123,137.5,spiny_dendrite,0
F3303,40392,2-1,B2,209.3,100.8,80.7,0.373,0.0155,1,0.708,4,3,0.061,125.7,axon,0
F3304,40483,5-0,B6,539.4,55.1,11.9,0.657,0.0027,9,0.41,3,2,0.044,112.2,axon,1
F3305,40360,4-0,B4,427.9,13.7,8.9,1.299,0.0143,2,0.72,1,1,0.201,123.4,smooth_dendrite,0
F3306,40490,2-4,B1,287.0,406.3,32.6,1.355,0.0677,4,0.566,0,1,0.167,118.8,smooth_dendrite,1
F3307,40217,7-1,B6,707.7,188.4,32.4,0.657,0.0176,2,0.5,2,1,0.1,98.9,axon,0
F3308,40244,4-4,B2,495.5,440.6,9.2,0.23,0.0353,3,1.254,1,16,0.08,130.1,spiny_dendrite,0
F3309,40349,1-6,B3,131.6,658.8,70.5,0.363,0.0149,2,2.476,2,3,0.069,126.0,axon,0
F3310,40444,4-4,B2,448.3,431.4,30.7,0.727,0.0426,1,3.47,4,1,0.037,136.9,axon,0
F3311,40055,4-0,B6,416.1,90.6,63.1,0.142,0.0117,4,3.644,10,1,0.097,120.8,axon,1
F3312,40147,0-0,B4,17.5,11.9,51.8,0.243,0.0162,4,1.391,2,3,0.058,123.3,axon,0
F3313,40058,3-6,B6,379.2,663.6,43.0,0.162,0.1853,7,0.979,0,14,0.171,143.3,spiny_dendrite,0
F3314,40167,3-5,B2,333.2,592.2,18.3,1.006,0.0594,7,0.73,0,4,0.188,136.2,spiny_dendrite,0
F3315,40025,5-2,B1,506.4,282.1,54.3,0.149,0.0702,2,0.179,1,22,0.043,118.5,spiny_dendrite,0
F3316,40153,3-0,B5,338.9,67.2,6.8,0.49,0.0508,3,1.733,1,5,0.144,113.1,spiny_dendrite,0
F3317,40198,4-2,B3,423.5,230.3,38.2,0.319,0.0156,2,0.623,3,1,0.039,130.1,axon,0
F3318,40148,6-7,B4,654.3,714.1,23.9,0.597,0.0226,1,0.837,0,7,0.079,132.3,spiny_dendrite,0
F3319,40219,2-5,B6,266.1,540.1,33.2,0.496,0.0164,1,0.528,0,5,0.053,127.8,spiny_dendrite,1
F3320,40234,2-6,B4,297.7,622.1,30.1,0.781,0.0296,2,2.02,2,1,0.051,104.3,axon,1
F3321,40441,6-6,B3,696.1,679.2,13.2,0.402,0.0109,2,0.809,1,1,0.082,121.4,smooth_dendrite,1
F3322,40379,4-3,B6,425.9,347.0,51.5,0.451,0.0199,3,1.183,0,11,0.047,112.9,smooth_dendrite,0
F3323,40419,0-1,B2,71.2,109.9,10.6,0.725,0.0601,1,4.259,0,2,0.176,138.3,smooth_dendrite,0
F3324,40268,1-5,B1,194.7,554.5,63.3,0.156,0.0642,3,0.804,0,6,0.105,105.5,spiny_dendrite,0
F3325,40003,3-5,B2,334.9,504.9,74.3,0.36,0.0161,2,2.821,4,1,0.088,128.6,axon,1
F3326,40346,6-1,B4,613.1,103.6,9.5,0.309,0.0529,2,1.398,1,7,0.044,107.6,smooth_dendrite,0
F3327,40169,6-7,B3,682.2,748.4,21.6,0.534,0.081,2,4.788,0,7,0.08,125.2,spiny_dendrite,0
F3328,40413,3-0,B4,300.1,17.7,40.8,0.842,0.1118,1,3.224,1,1,0.069,122.1,smooth_dendrite,0
F3329,40021,4-3,B3,407.3,363.9,18.5,0.979,0.034,3,1.482,1,2,0.078,113.6,spiny_dendrite,0
F3330,40367,7-3,B1,743.0,307.8,48.9,0.351,0.0212,1,0.197,3,1,0.029,128.6,axon,0
F3331,40195,5-3,B1,597.9,392.5,18.6,0.976,0.0399,6,0.894,2,1,0.071,119.0,axon,0
F3332,40139,0-0,B3,53.7,99.8,23.3,0.418,0.0201,1,3.766,1,4,0.135,124.2,spiny_dendrite,0
F3333,40095,1-7,B1,125.0,704.3,16.7,0.526,0.0256,2,0.881,0,4,0.186,115.8,spiny_dendrite,0
F3334,40473,0-1,B2,10.7,136.6,13.2,0.394,0.0324,4,2.128,4,1,0.062,140.2,axon,0
F3335,40211,7-2,B4,741.0,298.9,55.0,1.318,0.0453,13,0.735,1,8,0.068,116.9,spiny_dendrite,1
F3336,40081,5-1,B3,570.5,115.1,49.1,0.683,0.0989,3,1.825,0,8,0.162,74.7,spiny_dendrite,0
F3337,40265,0-6,B6,73.6,665.6,36.5,0.223,0.0235,1,0.988,5,0,0.185,130.4,axon,1
F3338,40546,7-4,B2,744.5,419.0,10.1,0.3,0.0805,1,1.899,0,0,0.036,122.5,glia_process,0
F3339,40173,5-2,B6,591.6,297.1,32.9,0.742,0.0265,1,0.512,6,2,0.058,114.8,axon,1
F3340,40022,1-2,B5,113.6,251.2,18.6,0.308,0.0615,3,2.735,0,6,0.121,122.5,spiny_dendrite,1
F3341,40074,1-0,B1,155.0,43.8,32.3,1.139,0.0176,2,0.655,2,0,0.143,118.7,axon,0
F3342,40062,6-0,B5,611.3,50.1,89.7,1.061,0.1543,1,0.545,1,6,0.048,117.8,spiny_dendrite,0
F3343,40149,1-1,B5,154.0,114.3,14.0,0.401,0.0438,4,0.404,1,9,0.184,132.0,spiny_dendrite,0
F3344,40003,3-5,B2,395.3,561.8,133.6,0.747,0.0814,5,2.035,2,2,0.113,126.5,merged_object,1
F3345,40313,7-6,B1,789.3,695.5,73.1,0.37,0.0644,7,2.505,0,19,0.104,115.1,spiny_dendrite,0
F3346,40370,3-3,B3,316.3,391.2,226.1,0.734,0.0326,8,2.105,1,1,0.221,103.2,axon,0
F3347,40015,4-0,B3,445.3,52.8,30.6,0.258,0.0219,4,0.138,9,0,0.058,123.6,axon,0
F3348,40424,4-5,B4,464.8,597.7,68.9,0.429,0.0587,1,1.241,0,1,0.092,121.1,smooth_dendrite,0
F3349,40343,4-4,B4,429.6,442.6,32.0,0.304,0.0492,3,2.361,0,3,0.056,131.7,smooth_dendrite,0
F3350,40024,2-0,B1,207.1,61.0,10.6,0.896,0.0482,6,1.379,0,5,0.13,130.9,spiny_dendrite,0
F3351,40468,3-7,B1,371.1,715.3,160.4,0.318,0.0164,2,1.679,0,4,0.246,133.2,smooth_dendrite,1
F3352,40111,7-0,B6,771.8,93.9,15.3,0.768,0.0562,3,0.674,3,5,0.058,148.3,spiny_dendrite,0
F3353,40570,0-3,B4,97.6,314.3,42.9,0.291,0.1001,6,1.649,0,1,0.01,114.0,glia_process,0
F3354,40459,3-5,B4,358.8,593.1,70.5,0.118,0.0143,3,2.231,5,1,0.046,128.5,axon,0
F3355,40227,0-7,B2,45.3,718.2,16.1,0.138,0.0099,4,1.188,3,1,0.309,118.4,axon,0
F3356,40574,6-0,B2,683.3,86.4,29.7,1.115,0.2763,18,1.852,0,1,0.044,100.4,glia_process,0
F3357,40144,6-5,B5,650.8,559.2,21.5,0.835,0.0428,3,0.842,1,3,0.186,126.4,spiny_dendrite,0
F3358,40112,0-6,B4,53.4,606.1,22.9,1.127,0.0296,1,1.776,2,0,0.058,129.1,axon,0
F3359,40175,4-2,B3,487.2,283.6,32.2,0.212,0.0183,2,0.782,3,2,0.078,132.8,axon,0
F3360,40248,3-4,B3,326.5,411.6,59.1,0.521,0.0576,4,0.345,0,4,0.076,119.0,spiny_dendrite,0
F3361,40353,6-0,B4,637.1,88.3,29.0,0.491,0.0124,4,0.997,2,1,0.415,109.1,axon,1
F3362,40530,4-7,B5,459.0,744.1,59.4,0.655,0.0516,9,1.651,0,1,0.009,129.8,glia_process,0
F3363,40285,6-5,B6,661.0,567.9,23.3,0.517,0.1007,4,1.272,0,1,0.087,133.0,spiny_dendrite,0
F3364,40192,5-3,B6,548.7,310.1,76.9,0.517,0.0089,2,3.346,2,0,0.045,114.8,axon,1
F3365,40065,1-3,B5,115.3,314.5,51.3,0.506,0.1168,2,3.507,5,4,0.052,144.6,axon,0
F3366,40209,5-5,B3,595.7,583.8,101.2,0.692,0.0476,2,1.409,1,6,0.209,107.3,spiny_dendrite,0
F3367,40314,1-4,B3,193.7,456.3,40.7,0.371,0.021,1,2.163,1,5,0.043,117.2,spiny_dendrite,0
F3368,40329,2-1,B4,244.3,183.4,7.4,1.291,0.1117,5,0.789,2,7,0.028,122.6,spiny_dendrite,0
F3369,40516,5-0,B5,529.4,77.0,5.3,0.86,0.1299,1,0.734,0,1,0.041,117.8,glia_process,0
F3370,40337,1-0,B3,179.1,43.7,29.7,0.496,0.0182,2,1.444,1,3,0.066,120.3,axon,1
F3371,40275,2-2,B6,221.2,225.9,15.5,0.245,0.0246,2,1.114,2,1,0.075,111.3,axon,0
F3372,40169,6-7,B3,636.2,737.4,30.4,0.443,0.0591,1,3.611,0,11,0.098,122.3,spiny_dendrite,0
F3373,40261,6-7,B3,690.4,777.3,70.8,0.25,0.0328,1,0.681,0,4,0.083,136.5,spiny_dendrite,0
F3374,40271,2-5,B2,251.1,557.8,101.1,0.685,0.0214,2,0.614,2,2,0.049,117.4,axon,0
F3375,40391,6-5,B1,623.9,507.5,8.8,0.148,0.0234,2,2.066,1,2,0.054,128.6,axon,0
F3376,40443,6-0,B6,656.5,45.0,23.0,0.596,0.0071,9,0.94,5,1,0.05,109.4,axon,1
F3377,40453,4-2,B4,452.2,227.2,13.8,0.217,0.0086,2,0.725,0,5,0.123,136.6,smooth_dendrite,0
F3378,40184,7-0,B5,799.0,82.4,14.0,0.49,0.1,1,0.952,1,5,0.107,149.6,spiny_dendrite,0
F3379,40400,5-5,B5,546.7,524.7,119.0,0.201,0.0154,3,3.078,0,2,0.041,119.6,axon,0
F3380,40176,7-0,B4,798.2,57.2,8.3,0.924,0.0582,3,0.422,4,1,0.068,148.1,axon,1
F3381,40398,1-7,B1,105.4,747.3,10.1,0.445,0.0672,2,1.589,0,3,0.11,109.8,smooth_dendrite,0
F3382,40287,1-6,B5,122.0,662.3,61.1,2.066,0.0516,3,3.733,0,5,0.065,118.1,spiny_dendrite,0
F3383,40415,0-5,B5,65.9,517.3,76.1,0.746,0.0324,3,1.221,0,4,0.075,93.4,smooth_dendrite,0
F3384,40045,6-4,B6,694.1,452.5,18.1,0.341,0.047,3,1.904,0,3,0.096,119.2,spiny_dendrite,0
F3385,40129,6-1,B4,693.9,195.2,9.1,0.219,0.0808,2,1.431,2,0,0.048,114.7,axon,0
F3386,40142,5-2,B4,522.2,282.1,28.7,0.311,0.0161,2,0.767,1,3,0.128,131.0,spiny_dendrite,0
F3387,40306,3-3,B3,313.1,380.2,46.7,0.255,0.1295,5,0.577,2,6,0.093,100.9,spiny_dendrite,0
F3388,40057,0-1,B6,49.1,143.2,104.9,0.223,0.0155,2,2.841,1,2,0.151,139.5,axon,0
F3389,40588,2-5,B6,280.4,524.6,103.2,0.184,0.0807,11,0.934,1,0,0.026,109.8,glia_process,0
F3390,40061,6-2,B6,691.1,274.9,378.8,0.278,0.2266,5,1.082,2,1,0.121,122.1,merged_object,1
F3391,40012,0-6,B1,18.5,671.0,25.6,0.881,0.0637,6,0.554,0,7,0.143,131.6,spiny_dendrite,0
F3392,40112,0-6,B4,87.5,683.9,31.6,1.182,0.0804,4,2.202,0,2,0.076,131.2,spiny_dendrite,0
F3393,40202,0-7,B4,56.6,795.1,12.7,0.384,0.084,3,0.525,2,1,0.065,119.7,axon,0
F3394,40118,2-6,B2,215.1,665.0,55.4,0.588,0.03,4,0.952,1,5,0.025,109.1,spiny_dendrite,0
F3395,40570,0-3,B4,74.2,378.0,14.1,0.199,0.0916,3,0.881,0,1,0.023,110.8,glia_process,0
F3396,40320,1-1,B4,118.6,172.7,46.2,0.311,0.0465,5,1.786,1,23,0.078,131.9,spiny_dendrite,1
F3397,40353,6-0,B4,662.4,19.7,25.8,0.688,0.0104,2,1.102,0,4,0.499,109.5,smooth_dendrite,0
F3398,40263,7-4,B5,758.2,400.1,17.8,0.222,0.0289,1,2.172,0,1,0.067,126.3,axon,0
F3399,40154,2-7,B2,207.2,763.8,24.0,0.569,0.0477,3,0.668,0,4,0.129,129.3,spiny_dendrite,0
F3400,40341,1-4,B1,176.3,468.4,55.1,0.388,0.1935,1,0.301,0,2,0.112,118.3,smooth_dendrite,0
F3401,40421,1-0,B4,111.9,55.9,35.8,0.23,0.0663,1,0.608,0,5,0.057,127.8,smooth_dendrite,1
F3402,40458,7-3,B3,793.2,323.1,16.3,0.444,0.0771,2,2.888,0,2,0.236,115.5,smooth_dendrite,0
F3403,40558,6-6,B1,645.7,646.0,39.2,0.628,0.1024,13,0.979,1,1,0.057,121.5,glia_process,1
F3404,40100,2-6,B3,225.6,672.6,17.6,0.802,0.0346,3,1.752,1,22,0.235,103.4,spiny_dendrite,0
F3405,40065,1-3,B5,153.0,324.3,24.4,1.38,0.1843,1,2.566,0,13,0.056,145.7,spiny_dendrite,0
F3406,40317,1-2,B2,166.1,214.8,60.0,0.469,0.0749,2,0.63,4,1,0.059,115.9,axon,0
F3407,40584,6-0,B1,677.9,46.5,15.2,0.355,0.0293,5,2.575,0,1,0.099,108.6,glia_process,1
F3408,40445,0-3,B6,2.4,323.7,24.8,0.293,0.0317,2,1.077,3,1,0.023,117.6,axon,0
F3409,40422,3-2,B1,369.7,246.5,30.5,0.908,0.0336,5,1.151,1,2,0.185,114.8,smooth_dendrite,0
F3410,40491,7-2,B5,741.6,217.9,46.7,0.714,0.0958,3,0.667,1,1,0.026,126.1,axon,0
F3411,40094,2-3,B5,272.1,342.8,26.2,0.224,0.019,1,0.829,1,8,0.077,127.5,spiny_dendrite,0
F3412,40109,5-5,B2,538.4,554.0,24.9,0.807,0.0046,1,0.81,12,1,0.092,114.7,axon,1
F3413,40338,4-2,B4,495.5,263.6,27.5,0.173,0.0674,2,0.931,1,4,0.193,132.2,smooth_dendrite,0
F3414,40021,4-3,B3,432.0,340.5,23.0,0.49,0.0356,3,1.089,1,4,0.094,111.9,spiny_dendrite,0
F3415,40057,0-1,B6,96.8,191.2,58.6,0.404,0.0547,2,2.275,0,5,0.125,140.6,spiny_dendrite,0
F3416,40284,4-7,B3,498.0,720.6,11.0,0.669,0.0495,2,1.731,1,14,0.413,127.0,spiny_dendrite,0
F3417,40325,5-5,B5,569.5,527.1,38.5,1.194,0.0771,14,2.012,0,3,0.136,117.6,spiny_dendrite,0
F3418,40066,3-0,B4,310.0,87.8,17.5,0.309,0.0088,2,1.667,0,13,0.096,115.5,spiny_dendrite,0
F3419,40018,2-0,B2,281.6,98.2,25.1,0.291,0.1453,3,0.511,0,6,0.043,129.5,spiny_dendrite,1
F3420,40070,5-5,B6,520.0,544.3,97.5,0.378,0.0178,5,1.161,1,18,0.039,112.1,spiny_dendrite,0
F3421,40500,1-3,B5,136.4,335.2,77.4,0.633,0.0504,3,0.382,1,2,0.134,149.1,smooth_dendrite,1
F3422,40422,3-2,B1,351.6,289.1,70.8,0.402,0.0924,6,2.645,3,2,0.112,117.2,merged_object,1
F3423,40190,2-5,B6,218.1,536.2,14.5,0.291,0.0193,2,2.423,2,1,0.031,118.3,axon,0
F3424,40335,1-6,B3,132.8,669.7,31.0,0.535,0.0465,4,0.956,1,4,0.115,123.8,smooth_dendrite,0
F3425,40542,5-3,B3,563.6,324.7,38.3,0.705,0.0852,1,2.517,0,0,0.021,110.6,glia_process,0
F3426,40370,3-3,B3,338.0,353.9,226.7,1.493,0.0254,9,2.404,0,2,0.293,105.8,smooth_dendrite,0
F3427,40397,0-2,B1,7.7,285.0,23.7,1.829,0.021,3,2.141,0,2,0.118,128.9,smooth_dendrite,1
F3428,40180,6-4,B1,670.5,479.7,31.1,0.475,0.0267,4,1.273,3,0,0.099,116.2,axon,0
F3429,40234,2-6,B4,276.4,627.3,46.5,0.651,0.0505,2,2.223,2,1,0.047,103.1,axon,0
F3430,40192,5-3,B6,559.7,350.7,35.9,0.43,0.0187,4,2.225,0,2,0.022,115.9,spiny_dendrite,0
F3431,40042,0-4,B4,5.5,421.4,28.7,0.234,0.0328,9,1.17,6,1,0.032,116.9,axon,0
F3432,40068,7-0,B5,714.6,46.7,20.7,1.129,0.0552,5,3.413,1,3,0.064,135.5,spiny_dendrite,0
F3433,40296,3-4,B1,382.0,429.3,16.2,0.757,0.0443,5,0.92,1,4,0.096,132.3,spiny_dendrite,0
F3434,40417,7-6,B2,716.7,675.0,6.1,0.644,0.043,6,0.714,0,4,0.104,108.6,smooth_dendrite,0
F3435,40549,3-4,B6,304.6,440.2,12.7,0.293,0.1387,4,0.436,0,1,0.058,123.8,glia_process,0
F3436,40169,6-7,B3,642.3,709.1,25.3,0.683,0.0634,2,4.513,0,12,0.13,126.2,spiny_dendrite,0
F3437,40301,0-5,B2,34.7,541.6,15.9,0.644,0.1219,2,0.423,0,9,0.056,96.6,spiny_dendrite,0
F3438,40477,1-0,B3,150.1,18.1,9.7,0.548,0.0554,4,1.195,1,5,0.217,117.0,smooth_dendrite,1
F3439,40201,4-3,B4,491.6,310.1,35.0,0.619,0.018,6,1.864,1,2,0.035,105.7,spiny_dendrite,1
F3440,40083,1-5,B5,186.4,573.9,18.6,0.653,0.0201,2,0.765,1,1,0.121,101.9,axon,0
F3441,40062,6-0,B5,624.3,33.4,85.0,0.673,0.0369,1,0.691,4,1,0.026,117.6,axon,0
F3442,40189,1-0,B3,122.2,1.5,55.9,0.917,0.0298,3,1.748,3,1,0.102,117.9,axon,0
F3443,40527,5-3,B2,543.6,395.1,23.8,0.488,0.1397,3,0.667,0,0,0.061,117.9,glia_process,0
F3444,40226,7-7,B5,785.5,796.7,75.1,0.14,0.016,2,0.414,1,1,0.02,121.4,axon,0
F3445,40442,0-3,B5,34.0,371.6,34.7,0.323,0.0625,6,1.914,1,1,0.181,118.7,smooth_dendrite,0
F3446,40217,7-1,B6,713.6,186.9,28.7,0.982,0.0281,2,0.621,3,3,0.056,98.5,axon,0
F3447,40345,1-4,B1,189.0,441.8,15.7,0.509,0.1319,6,1.243,1,0,0.062,115.3,axon,0
F3448,40312,4-2,B5,475.3,229.9,53.8,0.73,0.0071,2,1.48,2,2,0.154,136.3,axon,0
F3449,40460,2-0,B6,246.6,93.0,13.5,0.454,0.0459,6,12.276,0,9,0.181,125.3,smooth_dendrite,0
F3450,40130,4-1,B3,419.8,154.4,47.7,1.596,0.0611,2,0.546,1,8,0.097,113.9,spiny_dendrite,0
F3451,40298,3-0,B2,322.0,50.6,29.2,0.63,0.0503,2,1.402,1,7,0.139,118.7,spiny_dendrite,0
F3452,40472,0-3,B6,58.3,376.2,5.5,0.43,0.0285,4,0.69,5,1,0.033,112.3,axon,0
F3453,40231,0-4,B6,28.8,452.2,17.0,0.273,0.0164,2,1.631,3,1,0.052,118.7,axon,0
F3454,40218,1-1,B6,164.6,171.9,42.8,0.96,0.0192,3,2.74,3,1,0.089,124.2,axon,1
F3455,40524,0-1,B4,7.9,131.4,31.7,0.833,0.0627,2,5.692,0,0,0.026,140.6,glia_process,0
F3456,40163,6-2,B2,644.8,287.8,20.7,0.317,0.0077,1,0.951,6,1,0.066,116.1,axon,0
F3457,40346,6-1,B4,683.8,117.2,19.1,0.868,0.065,3,1.305,1,7,0.06,110.9,smooth_dendrite,0
F3458,40332,5-4,B2,515.2,480.9,16.2,1.141,0.0604,2,4.469,0,4,0.101,129.8,smooth_dendrite,1
F3459,40094,2-3,B5,286.2,346.1,26.3,0.235,0.0109,1,0.972,1,8,0.044,125.8,spiny_dendrite,0
F3460,40367,7-3,B1,770.6,353.9,76.4,0.688,0.0578,3,0.218,1,6,0.04,129.6,smooth_dendrite,0
F3461,40165,2-7,B5,203.2,730.7,52.9,0.429,0.1762,2,1.269,1,8,0.077,132.7,merged_object,1
F3462,40248,3-4,B3,322.0,477.7,48.7,0.454,0.05,8,0.636,1,3,0.165,120.3,spiny_dendrite,0
F3463,40178,2-2,B6,258.0,275.8,29.1,0.387,0.0109,3,3.318,4,2,0.036,108.3,axon,1
F3464,40357,6-0,B1,694.7,56.8,58.1,0.202,0.0184,2,1.291,1,0,0.036,109.0,axon,0
F3465,40153,3-0,B5,331.5,53.0,8.3,0.293,0.0206,2,2.022,2,1,0.127,115.8,axon,1
F3466,40105,7-7,B1,717.3,756.6,24.7,0.596,0.0271,3,1.843,1,4,0.031,125.7,spiny_dendrite,0
F3467,40030,7-7,B2,717.0,739.4,8.7,0.399,0.0317,3,1.563,2,2,0.02,124.5,axon,1
F3468,40267,0-4,B5,72.6,492.7,35.4,0.398,0.0293,3,4.229,1,4,0.042,127.3,spiny_dendrite,0
F3469,40419,0-1,B2,84.7,163.7,15.4,0.684,0.0336,2,2.322,1,0,0.118,137.9,axon,0
F3470,40150,1-4,B4,111.0,401.1,34.5,0.997,0.0253,5,1.167,1,4,0.126,121.4,spiny_dendrite,0
F3471,40253,3-1,B1,347.4,135.1,17.1,0.918,0.0264,2,1.351,0,9,0.167,128.9,spiny_dendrite,0
F3472,40486,6-5,B5,692.0,545.5,24.9,0.495,0.025,2,4.429,1,3,0.138,130.7,smooth_dendrite,1
F3473,40169,6-7,B3,602.9,729.8,46.5,0.149,0.0428,1,6.557,1,3,0.105,125.5,axon,0
F3474,40518,2-3,B4,283.6,314.8,17.6,0.213,0.4096,3,0.728,1,0,0.023,129.8,glia_process,1
F3475,40481,2-7,B3,261.6,741.3,67.3,0.414,0.0211,5,2.039,0,2,0.185,130.2,smooth_dendrite,0
F3476,40175,4-2,B3,479.0,224.4,30.8,0.287,0.0265,1,0.818,0,8,0.078,132.5,spiny_dendrite,1
F3477,40003,3-5,B2,397.8,586.1,62.0,0.724,0.0344,8,1.682,1,4,0.15,124.2,spiny_dendrite,0
F3478,40395,5-6,B4,543.2,672.6,45.9,0.494,0.0566,2,0.791,0,4,0.312,129.6,smooth_dendrite,0
F3479,40420,5-7,B2,531.3,792.9,35.6,3.08,0.0744,5,0.594,1,8,0.176,124.3,smooth_dendrite,0
F3480,40059,2-5,B1,279.9,519.7,15.7,0.21,0.0239,3,1.481,2,0,0.122,116.5,axon,1
F3481,40122,1-0,B4,116.2,97.6,32.1,0.538,0.0741,4,1.947,0,4,0.157,120.8,spiny_dendrite,0
F3482,40356,3-3,B1,347.1,329.9,12.0,1.109,0.0686,1,2.969,0,9,0.171,115.2,smooth_dendrite,0
F3483,40482,3-1,B3,318.3,119.8,94.5,0.394,0.0331,1,1.347,1,6,0.091,129.2,smooth_dendrite,0
F3484,40292,1-0,B1,177.8,59.7,38.9,0.831,0.0215,5,1.044,1,3,0.132,111.7,spiny_dendrite,0
F3485,40543,1-5,B5,105.9,597.2,27.8,0.769,0.045,1,1.081,0,1,0.035,105.3,glia_process,1
F3486,40538,4-7,B1,463.9,750.3,27.1,0.143,0.0644,4,1.141,0,0,0.014,119.5,glia_process,0
F3487,40047,0-7,B2,80.6,755.6,32.0,1.989,0.0151,7,1.219,1,1,0.401,126.2,axon,1
F3488,40071,5-4,B3,537.8,497.7,107.5,0.14,0.159,2,3.775,1,3,0.063,131.0,spiny_dendrite,0
F3489,40427,0-1,B6,88.6,198.4,9.1,0.373,0.0329,5,2.048,1,5,0.158,144.3,smooth_dendrite,1
F3490,40040,2-2,B5,206.3,279.9,66.9,0.36,0.0804,1,1.188,1,3,0.082,109.6,spiny_dendrite,1
F3491,40182,7-3,B1,743.9,375.4,20.6,0.25,0.0219,2,1.799,2,1,0.033,120.7,axon,1
F3492,40415,0-5,B5,88.2,521.1,91.8,0.37,0.016,2,0.962,1,1,0.024,90.6,axon,0
F3493,40439,4-6,B6,460.4,610.7,73.4,3.901,0.1683,4,1.823,0,2,0.158,148.7,smooth_dendrite,0
F3494,40429,6-1,B6,602.7,159.2,88.1,0.347,0.0449,1,0.845,4,1,0.147,114.2,axon,0
F3495,40430,7-7,B2,780.7,740.8,44.7,0.314,0.0059,3,2.255,11,1,0.241,125.7,axon,0
F3496,40138,0-1,B3,46.7,125.3,57.8,0.139,0.0447,3,2.833,3,3,0.256,140.3,axon,0
F3497,40599,5-0,B6,598.7,87.8,42.0,0.301,0.0692,2,2.429,1,1,0.037,126.8,glia_process,0
F3498,40380,1-3,B4,139.8,328.9,39.7,0.25,0.0779,2,4.478,1,5,0.134,151.3,smooth_dendrite,0
F3499,40342,5-6,B2,519.4,645.3,26.1,0.424,0.0242,2,2.541,3,2,0.194,131.3,axon,0
F3500,40212,7-4,B6,757.2,453.4,20.9,0.29,0.0359,4,0.886,5,1,0.112,129.7,axon,0
F3501,40396,6-2,B4,696.9,262.3,36.4,0.275,0.0161,3,3.005,2,3,0.135,115.1,smooth_dendrite,1
F3502,40234,2-6,B4,214.4,649.3,24.4,0.459,0.0558,2,4.898,2,1,0.126,104.4,axon,0
F3503,40163,6-2,B2,605.3,224.5,37.3,0.273,0.0061,2,0.777,6,1,0.041,118.4,axon,1
F3504,40497,7-1,B2,705.8,132.7,20.4,0.21,0.0272,7,1.098,1,4,0.036,101.6,smooth_dendrite,0
F3505,40172,3-5,B2,384.1,509.9,110.6,0.546,0.0077,3,0.834,4,0,0.062,124.2,axon,0
F3506,40137,7-5,B6,728.3,543.0,15.8,0.204,0.0144,2,1.818,5,1,0.037,116.0,axon,0
F3507,40104,0-6,B6,5.4,665.3,28.1,0.383,0.0349,4,3.176,1,6,0.05,119.6,spiny_dendrite,0
F3508,40127,1-0,B4,155.7,58.1,95.7,0.708,0.0787,2,1.707,0,2,0.073,120.9,spiny_dendrite,0
F3509,40389,4-3,B1,468.9,327.5,6.5,0.226,0.073,1,1.024,3,3,0.093,108.5,axon,0
F3510,40306,3-3,B3,325.3,306.6,63.6,0.203,0.0401,3,0.637,8,1,0.077,102.0,axon,0
F3511,40126,4-3,B6,467.4,320.3,26.4,0.265,0.0179,2,0.759,3,1,0.03,113.6,axon,1
F3512,40176,7-0,B4,759.3,35.6,17.9,2.101,0.175,3,0.781,0,5,0.131,144.7,spiny_dendrite,0
F3513,40093,3-6,B6,347.4,691.3,32.1,0.717,0.0155,10,0.781,3,1,0.204,132.1,axon,0
F3514,40422,3-2,B1,309.3,275.4,37.1,0.637,0.0213,4,1.094,1,3,0.105,118.3,smooth_dendrite,0
F3515,40596,7-7,B5,742.5,780.9,38.9,0.419,0.0443,4,0.957,0,1,0.02,131.8,glia_process,0
F3516,40043,2-1,B2,243.6,114.5,41.3,1.919,0.0384,2,1.22,1,7,0.054,124.6,spiny_dendrite,0
F3517,40359,2-4,B1,254.3,458.3,15.6,0.364,0.0396,2,1.23,0,1,0.064,122.5,smooth_dendrite,0
F3518,40158,2-5,B4,296.9,533.5,11.8,0.349,0.0265,3,2.313,1,8,0.11,108.7,spiny_dendrite,0
F3519,40241,1-1,B4,106.9,186.5,31.1,0.249,0.0217,6,1.395,3,2,0.028,132.6,axon,0
F3520,40223,6-6,B2,610.6,656.9,44.5,0.278,0.0162,4,0.202,4,1,0.159,131.2,axon,0
F3521,40588,2-5,B6,297.1,506.0,65.9,0.328,0.1342,7,0.642,1,0,0.024,107.2,glia_process,0
F3522,40010,4-7,B6,460.2,790.7,7.7,0.669,0.1046,3,0.936,0,10,0.187,124.2,spiny_dendrite,0
F3523,40277,7-1,B2,786.8,112.7,23.8,0.134,0.0186,3,0.399,3,1,0.043,100.7,axon,0
F3524,40312,4-2,B5,406.2,261.8,10.3,1.476,0.0132,2,3.934,0,8,0.119,138.3,spiny_dendrite,0
F3525,40569,0-6,B4,92.8,665.3,12.3,0.924,0.3159,2,1.164,0,0,0.025,119.0,glia_process,1
F3526,40499,6-3,B5,674.8,390.1,56.1,0.186,0.0299,2,3.923,1,1,0.151,97.6,axon,0
F3527,40526,0-0,B2,63.2,87.9,13.5,0.179,0.0451,2,0.99,1,0,0.047,125.7,glia_process,0
F3528,40445,0-3,B6,18.2,320.0,16.3,1.165,0.0737,4,0.572,0,5,0.058,118.2,smooth_dendrite,0
F3529,40162,1-3,B5,135.8,349.8,40.7,0.493,0.0703,7,1.116,1,21,0.052,141.4,spiny_dendrite,0
F3530,40412,5-6,B4,526.2,673.9,35.9,0.481,0.0242,4,1.138,2,2,0.074,124.3,axon,0
F3531,40406,6-6,B5,649.7,655.2,64.1,0.18,0.0512,1,1.493,0,2,0.238,128.0,smooth_dendrite,0
F3532,40291,3-6,B3,378.5,664.3,16.1,0.522,0.0499,7,1.384,5,1,0.066,141.1,axon,0
F3533,40457,6-0,B5,676.7,9.2,60.5,0.388,0.0255,1,6.602,2,2,0.027,112.7,axon,0
F3534,40375,4-7,B6,495.2,729.2,29.5,0.285,0.0167,2,1.012,2,1,0.081,126.4,axon,0
F3535,40469,1-1,B3,168.5,181.7,155.6,0.414,0.0174,2,1.818,1,1,0.103,129.1,axon,0
F3536,40474,1-4,B4,169.8,467.9,41.2,0.533,0.0513,4,0.571,0,4,0.05,124.8,smooth_dendrite,1
F3537,40261,6-7,B3,628.5,792.2,74.2,0.115,0.0296,2,1.144,3,2,0.07,136.0,axon,0
F3538,40561,0-5,B6,37.5,538.1,32.2,4.074,0.1616,5,0.99,0,0,0.04,93.1,glia_process,0
F3539,40160,6-4,B2,629.6,493.9,18.5,1.739,0.1207,5,1.003,0,6,0.117,114.0,spiny_dendrite,0
F3540,40075,2-7,B1,231.4,728.1,127.9,0.146,0.0767,16,0.733,1,6,0.023,127.9,spiny_dendrite,0
F3541,40315,3-4,B4,395.6,455.3,14.5,0.422,0.0126,3,2.565,9,1,0.106,124.5,axon,0
F3542,40355,5-2,B4,524.5,268.5,8.2,0.252,0.0567,1,0.6,2,3,0.012,125.7,axon,1
F3543,40161,3-0,B4,301.7,64.5,66.2,0.095,0.0086,1,2.055,3,1,0.075,122.8,axon,0
F3544,40464,6-6,B6,635.1,620.5,22.1,0.24,0.1607,6,0.414,0,3,0.171,126.1,smooth_dendrite,0
F3545,40196,2-0,B6,295.5,26.6,18.5,0.332,0.0313,4,1.007,3,1,0.124,129.2,axon,0
F3546,40581,3-0,B4,360.7,10.1,25.9,0.3,0.1386,6,3.512,0,1,0.045,124.1,glia_process,0
F3547,40507,5-6,B6,514.3,672.1,35.8,0.133,0.1926,2,1.558,0,1,0.099,128.6,glia_process,1
F3548,40081,5-1,B3,565.8,182.3,67.6,0.485,0.0366,1,1.371,2,1,0.171,70.2,axon,1
F3549,40258,3-5,B2,384.7,552.5,46.9,0.522,0.0304,12,0.848,1,4,0.195,126.9,spiny_dendrite,1
F3550,40414,2-4,B1,210.4,452.8,89.7,1.364,0.0136,7,0.796,4,1,0.018,133.4,axon,1
F3551,40423,6-7,B3,681.4,797.2,42.0,0.44,0.0547,2,0.772,0,4,0.067,138.0,smooth_dendrite,1
F3552,40220,5-3,B5,521.8,354.0,23.4,0.41,0.0549,3,1.415,2,1,0.047,119.7,axon,1
F3553,40213,1-7,B5,191.9,724.4,39.8,0.831,0.0929,1,0.649,1,5,0.073,116.6,spiny_dendrite,0
F3554,40089,0-5,B2,52.1,584.5,13.4,0.881,0.0491,6,0.699,0,15,0.02,95.7,spiny_dendrite,0
F3555,40445,0-3,B6,39.6,354.6,36.0,0.337,0.042,1,0.605,2,2,0.06,115.8,axon,1
F3556,40243,0-4,B6,53.0,456.5,89.1,1.41,0.0305,2,1.363,0,2,0.186,118.2,spiny_dendrite,0
F3557,40368,5-0,B4,516.4,68.6,42.7,0.19,0.0095,4,0.159,3,1,0.037,114.4,axon,1
F3558,40214,1-5,B6,119.2,550.9,44.8,1.03,0.0262,4,0.421,0,4,0.242,105.2,spiny_dendrite,0
F3559,40297,3-3,B4,356.7,379.8,25.7,0.341,0.0364,2,1.388,4,1,0.066,103.8,axon,0
F3560,40361,4-3,B4,464.5,335.6,16.9,0.355,0.0264,5,0.261,0,2,0.036,110.9,smooth_dendrite,0
F3561,40364,6-5,B2,675.4,544.8,64.9,0.371,0.0279,2,0.526,0,4,0.101,135.2,smooth_dendrite,0
F3562,40568,4-1,B3,441.8,150.1,21.6,0.471,0.214,2,1.888,0,1,0.088,110.4,glia_process,1
F3563,40573,3-0,B5,353.2,38.0,28.2,0.468,0.04,7,0.969,0,1,0.023,124.2,glia_process,1
F3564,40500,1-3,B5,195.3,388.4,63.0,0.427,0.0329,5,0.322,1,3,0.121,151.3,smooth_dendrite,0
F3565,40098,0-6,B5,43.9,637.5,6.2,0.231,0.0339,1,3.38,4,0,0.082,128.5,axon,0
F3566,40083,1-5,B5,123.9,524.2,16.6,0.833,0.0192,2,1.19,2,2,0.082,100.1,axon,1
F3567,40217,7-1,B6,737.6,164.5,33.4,0.686,0.014,2,0.887,1,1,0.058,97.2,axon,0
F3568,40453,4-2,B4,446.4,297.2,32.3,0.196,0.0094,3,0.811,0,4,0.165,134.5,smooth_dendrite,0
F3569,40454,6-1,B2,691.7,155.8,5.0,3.63,0.0162,4,1.09,0,2,0.353,111.5,smooth_dendrite,0
F3570,40195,5-3,B1,512.6,393.2,23.0,1.127,0.0233,5,1.108,2,1,0.069,117.2,axon,0
F3571,40068,7-0,B5,761.3,52.8,20.0,0.481,0.0145,3,1.625,7,2,0.04,135.1,axon,0
F3572,40334,2-2,B3,228.7,263.4,146.6,0.189,0.0299,1,2.035,1,1,0.097,108.1,axon,0
F3573,40321,3-7,B4,341.5,738.5,37.3,2.232,0.0282,1,0.91,2,1,0.121,145.7,axon,0
F3574,40353,6-0,B4,670.3,36.7,38.6,0.403,0.0065,4,0.652,1,1,0.499,105.4,axon,0
F3575,40140,4-1,B1,490.2,180.7,19.9,0.373,0.01,1,0.587,5,0,0.061,104.8,axon,0
F3576,40038,7-5,B2,799.5,508.2,28.7,0.754,0.0138,1,2.685,2,1,0.068,116.5,axon,1
F3577,40046,6-6,B1,640.1,641.3,36.0,0.245,0.0246,2,0.899,1,13,0.102,124.1,spiny_dendrite,1
F3578,40497,7-1,B2,791.6,132.0,17.5,0.363,0.0351,5,1.695,1,6,0.068,98.2,smooth_dendrite,0
F3579,40165,2-7,B5,218.3,706.9,79.4,0.387,0.0365,3,2.239,0,8,0.08,130.9,spiny_dendrite,0
F3580,40567,4-3,B2,489.9,337.3,38.4,0.202,0.0297,2,3.523,0,0,0.025,111.7,glia_process,0
F3581,40294,4-5,B1,406.8,595.0,34.3,0.197,0.0264,3,1.147,1,6,0.199,118.6,spiny_dendrite,0
F3582,40482,3-1,B3,352.2,121.6,58.4,0.526,0.0343,2,2.158,0,12,0.109,131.6,smooth_dendrite,0
F3583,40138,0-1,B3,53.4,193.6,56.6,0.244,0.0469,1,1.578,3,1,0.327,142.8,axon,1
F3584,40451,3-2,B4,365.5,290.5,38.0,0.516,0.0084,2,1.33,3,2,0.032,128.2,axon,0
F3585,40213,1-7,B5,102.6,726.7,36.3,1.501,0.0569,2,0.757,1,6,0.112,117.8,spiny_dendrite,0
F3586,40079,2-4,B1,244.4,497.1,36.9,0.31,0.026,3,1.117,7,0,0.054,125.9,axon,1
F3587,40375,4-7,B6,440.1,710.5,29.6,0.212,0.0198,3,1.99,0,3,0.105,127.6,smooth_dendrite,0
F3588,40380,1-3,B4,126.9,300.2,46.8,0.249,0.0726,2,3.534,7,1,0.099,148.5,axon,0
F3589,40300,6-3,B6,660.1,369.4,35.4,0.301,0.0266,2,1.305,3,1,0.171,108.9,axon,0
F3590,40049,5-5,B6,568.9,575.9,11.8,0.463,0.0388,3,0.848,0,2,0.103,110.7,spiny_dendrite,1
F3591,40157,7-1,B3,772.0,130.5,36.6,0.763,0.0375,3,0.79,1,2,0.071,99.3,spiny_dendrite,0
F3592,40325,5-5,B5,591.5,564.5,100.7,1.12,0.0607,25,2.273,0,11,0.131,116.9,spiny_dendrite,0
F3593,40479,4-7,B3,489.7,726.2,11.0,0.473,0.0095,1,2.412,4,1,0.062,123.2,axon,0
F3594,40298,3-0,B2,340.2,82.2,33.4,0.457,0.0382,1,1.266,1,4,0.254,118.3,spiny_dendrite,0
F3595,40092,6-2,B6,633.8,285.1,20.5,2.393,0.0433,2,0.481,1,3,0.075,108.6,spiny_dendrite,1
F3596,40430,7-7,B2,713.9,713.8,48.6,0.572,0.0179,4,3.258,2,6,0.186,124.9,smooth_dendrite,0
F3597,40357,6-0,B1,695.9,25.9,71.6,0.565,0.0483,5,1.979,0,2,0.148,112.3,smooth_dendrite,0
F3598,40241,1-1,B4,125.4,136.0,35.5,0.621,0.0772,5,0.835,0,4,0.028,136.0,spiny_dendrite,0
F3599,40371,6-4,B6,624.2,458.6,301.2,0.391,0.0091,1,0.601,6,4,0.063,121.6,axon,0
F3600,40311,0-7,B1,84.9,792.5,52.8,0.848,0.0246,2,0.721,1,2,0.142,118.0,spiny_dendrite,0
F3601,40272,6-6,B4,654.7,650.8,15.8,0.491,0.0669,3,2.809,0,5,0.098,123.4,spiny_dendrite,0
F3602,40090,0-6,B2,65.9,692.8,44.0,0.442,0.0127,2,0.411,12,1,0.053,126.2,axon,0
F3603,40600,1-6,B3,158.2,677.8,11.8,0.612,0.0552,2,1.977,0,0,0.083,122.4,glia_process,1
F3604,40517,7-7,B2,776.7,795.2,114.0,0.692,0.0425,4,1.512,1,0,0.043,131.4,glia_process,0
F3605,40405,0-3,B5,63.1,392.3,33.5,0.502,0.0701,3,0.137,1,3,0.283,115.3,smooth_dendrite,0
F3606,40388,0-2,B6,5.2,252.8,98.8,0.161,0.0167,3,0.71,0,3,0.092,127.6,smooth_dendrite,0
F3607,40011,7-3,B3,702.7,364.8,20.5,0.21,0.1103,6,0.998,1,1,0.108,115.3,spiny_dendrite,0
F3608,40348,0-3,B5,4.8,369.1,10.8,0.111,0.0238,6,7.653,2,1,0.066,113.6,axon,0
F3609,40149,1-1,B5,111.2,164.3,16.0,0.195,0.0217,1,0.173,6,1,0.283,128.9,axon,0
F3610,40065,1-3,B5,122.3,308.4,42.1,0.811,0.0679,2,2.25,3,3,0.027,146.7,axon,0
F3611,40309,6-1,B4,647.6,104.5,98.7,1.055,0.0614,2,2.624,2,5,0.098,111.2,merged_object,1
F3612,40094,2-3,B5,258.3,355.6,23.7,0.271,0.0126,1,0.689,1,5,0.056,126.8,spiny_dendrite,1
F3613,40248,3-4,B3,342.4,440.6,28.2,0.472,0.0257,3,0.305,0,3,0.095,120.2,spiny_dendrite,0
F3614,40420,5-7,B2,509.3,752.0,41.5,0.828,0.0382,3,0.427,4,2,0.172,126.9,axon,0
F3615,40399,4-4,B6,415.0,492.6,30.0,0.171,0.0101,3,0.867,3,1,0.05,133.1,axon,0
F3616,40062,6-0,B5,613.6,15.7,121.6,0.637,0.0667,2,0.323,0,4,0.051,116.1,spiny_dendrite,0
F3617,40333,6-1,B2,631.7,110.3,55.3,0.429,0.0901,3,0.592,0,3,0.03,113.2,smooth_dendrite,0
F3618,40312,4-2,B5,455.6,245.4,44.7,1.276,0.0235,5,2.333,1,8,0.1,138.8,merged_object,1
F3619,40478,5-2,B2,597.8,200.9,70.5,0.593,0.0443,7,2.012,0,2,0.078,121.1,smooth_dendrite,0
F3620,40528,0-3,B4,19.2,387.7,22.1,0.542,0.1256,2,0.849,1,0,0.017,111.7,glia_process,0
F3621,40514,5-1,B4,522.5,117.1,27.9,0.35,0.105,1,1.078,0,1,0.016,81.7,glia_process,0
F3622,40092,6-2,B6,684.6,290.5,8.4,3.767,0.0621,2,0.776,0,4,0.042,108.1,spiny_dendrite,0
F3623,40349,1-6,B3,107.9,673.2,46.1,0.623,0.0411,2,2.726,0,18,0.074,125.8,smooth_dendrite,0
F3624,40545,6-6,B2,698.5,694.3,25.7,0.443,0.0942,1,1.391,0,1,0.054,121.1,glia_process,1
F3625,40104,0-6,B6,18.1,655.6,17.6,0.345,0.0219,4,3.363,0,5,0.079,122.9,spiny_dendrite,0
F3626,40410,7-1,B3,718.7,113.6,11.5,0.746,0.0346,4,1.231,2,1,0.279,97.6,axon,1
F3627,40174,2-3,B6,237.8,388.3,32.1,0.636,0.0057,1,0.785,3,1,0.034,128.9,axon,0
F3628,40586,2-0,B6,279.2,55.3,18.7,0.727,0.2554,1,0.643,0,0,0.09,125.0,glia_process,1
F3629,40398,1-7,B1,197.4,729.2,7.9,0.32,0.0646,3,0.934,0,2,0.07,110.8,smooth_dendrite,0
F3630,40136,4-7,B1,434.3,753.5,25.3,0.354,0.023,5,0.943,7,0,0.179,120.0,axon,1
F3631,40001,0-3,B1,32.3,334.1,18.8,0.081,0.0144,7,1.175,7,1,0.067,116.2,axon,0
F3632,40061,6-2,B6,661.4,204.9,159.5,0.196,0.0411,2,1.123,2,0,0.169,121.3,axon,0
F3633,40178,2-2,B6,283.4,208.2,39.9,0.958,0.0388,5,6.993,1,10,0.056,107.1,spiny_dendrite,0
F3634,40019,5-0,B5,557.3,60.1,85.3,0.703,0.0133,6,3.592,1,4,0.138,123.0,spiny_dendrite,0
F3635,40138,0-1,B3,29.0,174.0,53.4,0.109,0.0433,1,1.209,2,2,0.28,143.2,axon,0
F3636,40537,0-7,B1,19.8,721.4,10.6,0.272,0.0622,11,0.426,0,1,0.035,119.4,glia_process,0
F3637,40362,2-5,B6,228.2,526.0,21.5,0.248,0.0075,0,0.511,2,1,0.138,117.5,axon,0
F3638,40431,0-5,B4,50.8,593.4,14.1,0.167,0.0419,4,0.361,5,1,0.163,83.5,axon,0
F3639,40582,5-7,B3,507.9,795.0,24.4,1.652,0.4262,25,1.284,1,0,0.053,129.8,glia_process,1
F3640,40512,0-0,B1,65.8,13.5,9.4,0.352,0.1306,5,2.566,0,1,0.023,119.1,glia_process,1
F3641,40387,3-4,B4,391.3,495.7,21.3,0.665,0.0566,4,0.616,1,2,0.116,125.0,smooth_dendrite,0
F3642,40394,5-6,B5,517.4,675.4,36.1,3.094,0.0075,2,2.708,0,4,0.152,134.2,smooth_dendrite,0
F3643,40017,2-4,B3,236.3,414.5,58.1,0.726,0.0093,1,0.611,1,2,0.099,115.7,axon,0
F3644,40015,4-0,B3,478.1,24.1,19.5,0.637,0.0641,6,0.118,1,1,0.058,125.1,spiny_dendrite,0
F3645,40231,0-4,B6,64.2,449.1,20.9,0.346,0.0678,3,2.379,0,10,0.051,120.5,spiny_dendrite,0
F3646,40553,5-5,B2,592.7,563.5,10.6,0.86,0.2354,3,0.963,1,2,0.033,107.2,glia_process,1
F3647,40362,2-5,B6,214.2,501.1,23.8,0.288,0.018,1,0.651,0,3,0.259,120.0,smooth_dendrite,0
F3648,40497,7-1,B2,782.5,153.3,13.0,0.274,0.0334,10,1.288,1,3,0.057,97.3,smooth_dendrite,0
F3649,40081,5-1,B3,508.3,106.2,92.3,0.536,0.0409,2,1.946,2,2,0.095,74.3,axon,0
F3650,40409,6-7,B5,695.1,777.8,21.5,0.209,0.0416,1,0.572,1,2,0.108,130.1,smooth_dendrite,1
F3651,40551,6-5,B2,683.9,571.4,39.5,0.695,0.0418,6,1.083,1,0,0.031,126.9,glia_process,1
F3652,40088,4-6,B5,480.0,674.4,10.2,0.737,0.056,4,0.409,1,3,0.089,143.0,spiny_dendrite,0
F3653,40568,4-1,B3,495.7,160.6,26.2,0.534,0.1571,2,2.564,0,1,0.091,111.2,glia_process,1
F3654,40183,6-4,B5,683.1,466.1,40.8,0.129,0.0454,3,3.679,2,2,0.08,120.7,axon,0
F3655,40073,4-2,B2,486.4,221.4,18.0,0.257,0.0565,5,2.65,0,5,0.09,139.6,spiny_dendrite,0
F3656,40401,3-2,B6,323.5,226.2,49.0,0.222,0.1201,2,0.767,1,3,0.086,121.5,smooth_dendrite,0
F3657,40213,1-7,B5,134.5,733.2,44.0,1.373,0.0427,2,0.516,1,8,0.159,119.1,spiny_dendrite,0
F3658,40097,7-1,B3,768.3,140.5,100.4,0.295,0.0248,3,2.738,2,0,0.053,99.8,axon,1
F3659,40466,3-0,B1,373.6,23.2,50.7,1.485,0.1577,2,0.719,0,0,0.064,126.2,smooth_dendrite,0
F3660,40143,2-7,B3,297.5,701.6,128.6,0.304,0.0706,3,0.636,0,4,0.096,128.9,spiny_dendrite,0
F3661,40066,3-0,B4,358.5,35.4,14.5,0.44,0.0116,2,2.379,0,10,0.118,118.9,spiny_dendrite,1
F3662,40559,1-7,B6,153.7,731.7,22.5,0.267,0.0891,2,1.12,3,4,0.02,110.3,merged_object,1
F3663,40340,3-4,B6,361.1,419.9,67.7,0.198,0.0317,3,1.082,2,1,0.046,124.0,axon,0
F3664,40381,2-7,B3,217.7,796.9,91.1,0.203,0.0095,3,0.46,5,1,0.122,127.3,axon,0
F3665,40245,6-3,B6,674.7,345.1,80.3,0.664,0.0666,4,0.821,1,5,0.103,94.1,spiny_dendrite,0
F3666,40413,3-0,B4,382.8,93.8,35.7,1.21,0.0923,2,3.188,1,1,0.034,121.7,smooth_dendrite,0
F3667,40480,7-6,B1,778.0,604.8,29.3,2.836,0.0109,1,0.977,0,2,0.437,112.4,smooth_dendrite,0
F3668,40401,3-2,B6,301.8,229.5,27.7,0.31,0.0732,3,0.695,1,2,0.062,120.5,smooth_dendrite,0
F3669,40428,4-3,B2,401.5,354.9,45.3,0.161,0.1305,2,3.942,2,1,0.051,118.1,axon,0
F3670,40097,7-1,B3,776.3,162.5,123.1,0.163,0.0262,2,1.81,3,0,0.073,99.4,axon,0
F3671,40282,6-0,B4,615.3,90.5,28.2,0.43,0.1008,3,2.576,2,1,0.043,104.0,axon,0
F3672,40078,5-0,B2,500.6,59.5,83.2,1.023,0.0154,2,0.608,0,4,0.079,111.6,spiny_dendrite,0
F3673,40020,2-1,B3,286.0,193.2,63.3,0.212,0.0229,1,1.618,2,1,0.087,130.5,axon,0
F3674,40381,2-7,B3,218.7,731.0,95.4,0.709,0.0032,6,0.314,2,5,0.218,128.2,smooth_dendrite,0
F3675,40424,4-5,B4,477.8,535.7,52.2,0.554,0.0775,2,1.435,0,1,0.105,122.9,smooth_dendrite,0
F3676,40390,6-1,B4,602.1,167.4,62.6,0.724,0.0147,3,2.169,6,1,0.102,105.2,axon,0
F3677,40311,0-7,B1,66.7,774.5,55.2,1.078,0.0329,2,0.946,1,2,0.16,117.6,spiny_dendrite,1
F3678,40564,7-1,B2,730.8,109.2,11.0,0.13,0.0921,5,0.541,1,0,0.044,98.6,glia_process,0
F3679,40148,6-7,B4,615.3,782.6,20.9,0.619,0.0301,1,0.659,0,6,0.14,133.7,spiny_dendrite,0
F3680,40531,2-6,B3,227.7,614.0,31.3,0.346,0.0337,4,2.346,0,1,0.016,110.2,glia_process,1
F3681,40419,0-1,B2,56.6,170.4,17.0,0.714,0.1096,1,3.558,0,2,0.132,141.3,smooth_dendrite,1
F3682,40148,6-7,B4,650.2,772.1,34.3,0.557,0.0641,1,1.23,0,6,0.058,131.6,merged_object,1
F3683,40346,6-1,B4,603.7,196.5,15.4,0.373,0.0884,4,1.37,1,5,0.061,114.2,smooth_dendrite,0
F3684,40569,0-6,B4,47.0,662.7,7.7,0.828,0.137,2,1.276,0,0,0.029,117.9,glia_process,1
F3685,40328,1-5,B6,171.6,538.4,18.7,0.167,0.0119,1,0.365,1,2,0.071,105.7,axon,0
F3686,40491,7-2,B5,789.7,218.8,39.4,1.373,0.3034,3,0.499,0,11,0.046,124.7,smooth_dendrite,1
F3687,40515,6-2,B4,667.9,244.1,19.2,0.743,0.0284,4,2.104,1,1,0.036,126.1,glia_process,0
F3688,40450,3-5,B3,309.6,569.4,51.4,0.413,0.0184,6,0.901,1,3,0.147,126.4,smooth_dendrite,1
F3689,40263,7-4,B5,797.8,457.6,29.3,0.387,0.0404,1,1.682,1,1,0.067,122.2,axon,0
F3690,40365,3-0,B1,364.9,77.5,22.3,0.758,0.0171,1,0.638,5,2,0.067,124.8,axon,0
F3691,40256,3-0,B3,348.5,26.5,81.6,0.818,0.03,14,3.027,1,2,0.069,113.8,spiny_dendrite,0
F3692,40397,0-2,B1,87.9,254.5,35.2,3.416,0.0447,4,1.875,2,2,0.091,129.3,merged_object,1
F3693,40232,4-5,B2,421.5,520.0,20.7,0.543,0.0175,5,1.296,0,5,0.199,127.6,spiny_dendrite,0
F3694,40494,3-7,B1,379.7,720.7,130.4,0.526,0.0906,2,1.257,0,3,0.036,147.2,smooth_dendrite,0
F3695,40520,7-1,B5,789.7,135.6,44.3,0.292,0.086,5,1.494,0,0,0.015,104.1,glia_process,0
F3696,40086,4-0,B4,466.8,40.7,61.2,0.254,0.0133,3,2.179,2,1,0.325,121.0,axon,0
F3697,40466,3-0,B1,319.7,99.5,94.8,0.977,0.0586,3,1.09,3,0,0.049,125.1,axon,0
F3698,40060,1-3,B3,118.7,342.7,24.8,0.416,0.0145,6,1.534,1,1,0.1,151.0,axon,0
F3699,40213,1-7,B5,198.8,789.3,45.2,0.633,0.0352,2,1.684,0,5,0.045,118.0,spiny_dendrite,0
F3700,40264,0-3,B5,30.4,324.5,53.0,1.199,0.0816,5,0.405,7,1,0.069,110.9,axon,0
F3701,40326,7-2,B4,745.8,231.8,32.4,0.281,0.0637,14,0.38,1,11,0.118,124.1,spiny_dendrite,0
F3702,40369,1-5,B2,170.8,561.4,24.1,0.924,0.0456,3,2.268,0,2,0.277,111.6,smooth_dendrite,0
F3703,40322,5-5,B2,530.6,538.0,33.8,0.686,0.0307,3,2.474,0,13,0.067,109.7,spiny_dendrite,0
F3704,40231,0-4,B6,55.8,476.7,38.1,0.197,0.0174,1,1.486,2,1,0.045,119.9,axon,0
F3705,40191,5-5,B5,574.6,591.1,41.6,0.949,0.0877,2,1.995,1,3,0.112,117.9,spiny_dendrite,0
F3706,40590,4-4,B1,448.1,417.3,26.4,0.477,0.0848,2,1.431,0,0,0.04,138.3,glia_process,0
F3707,40066,3-0,B4,350.2,80.3,28.4,0.607,0.012,2,1.504,0,12,0.088,118.6,spiny_dendrite,0
F3708,40147,0-0,B4,43.8,38.8,20.4,0.214,0.0319,5,0.998,0,20,0.039,127.3,spiny_dendrite,0
F3709,40168,3-2,B3,394.7,212.8,74.6,0.455,0.0161,5,0.763,7,0,0.016,122.8,axon,0
F3710,40169,6-7,B3,692.5,761.0,35.2,0.377,0.044,1,4.557,0,13,0.083,126.5,spiny_dendrite,0
F3711,40254,2-6,B1,210.1,680.3,25.2,0.422,0.0499,2,0.968,1,2,0.084,111.7,spiny_dendrite,0
F3712,40446,3-0,B3,328.1,0.6,37.8,0.367,0.0198,3,1.148,1,8,0.109,112.0,smooth_dendrite,0
F3713,40349,1-6,B3,141.8,619.0,49.9,0.352,0.0343,3,1.152,0,8,0.09,125.3,smooth_dendrite,1
F3714,40373,5-5,B3,551.2,554.2,13.6,0.112,0.0269,1,0.589,2,0,0.054,108.4,axon,1
F3715,40349,1-6,B3,101.1,606.2,54.2,0.507,0.0387,3,2.731,0,11,0.08,125.0,smooth_dendrite,0
F3716,40228,4-6,B3,448.4,678.3,105.6,2.076,0.0393,9,2.256,0,7,0.193,147.9,spiny_dendrite,0
F3717,40462,0-5,B4,34.1,551.1,33.5,0.311,0.0477,2,1.678,8,4,0.019,94.4,axon,0
F3718,40114,4-0,B2,422.6,68.3,49.0,1.405,0.0697,1,1.156,1,14,0.2,131.0,spiny_dendrite,0
F3719,40304,7-4,B3,708.8,454.7,77.1,0.307,0.0132,1,0.621,6,4,0.066,135.7,axon,1
F3720,40409,6-7,B5,669.8,757.6,36.1,0.187,0.026,2,0.292,8,0,0.04,131.9,axon,1
F3721,40523,4-6,B4,496.7,683.5,34.4,0.195,0.0778,0,1.695,1,1,0.037,142.7,glia_process,0
F3722,40134,2-3,B2,289.6,308.4,46.3,1.047,0.0867,4,2.979,3,10,0.031,119.3,merged_object,1
F3723,40177,6-5,B6,615.1,534.5,39.0,1.147,0.1681,5,1.722,0,9,0.22,129.5,spiny_dendrite,0
F3724,40584,6-0,B1,697.1,44.2,10.5,0.411,0.0187,3,1.742,0,1,0.108,110.4,glia_process,0
F3725,40015,4-0,B3,420.8,23.1,36.5,0.752,0.0592,3,0.135,1,2,0.052,123.3,spiny_dendrite,1
F3726,40485,2-0,B3,237.2,94.6,148.5,0.075,0.0196,2,1.226,7,0,0.036,135.9,axon,0
F3727,40567,4-3,B2,411.6,386.8,58.8,0.266,0.0159,1,2.636,1,0,0.026,109.8,glia_process,1
F3728,40237,4-4,B6,496.6,448.7,12.0,0.43,0.0402,3,0.752,5,1,0.043,131.2,axon,0
F3729,40223,6-6,B2,629.4,604.9,36.8,0.282,0.0206,7,0.379,5,2,0.131,131.3,axon,0
F3730,40417,7-6,B2,738.6,673.6,9.3,0.217,0.0527,4,0.443,0,5,0.14,108.3,smooth_dendrite,0
F3731,40249,5-1,B2,529.2,192.6,59.5,0.188,0.0258,1,0.987,1,8,0.109,85.3,spiny_dendrite,0
F3732,40448,4-0,B4,427.8,42.8,16.3,0.366,0.0733,11,1.111,0,9,0.068,127.4,smooth_dendrite,0
F3733,40019,5-0,B5,500.3,71.5,60.4,0.622,0.0062,4,2.262,7,1,0.142,122.8,axon,1
F3734,40149,1-1,B5,189.7,182.7,23.1,0.243,0.0289,2,0.248,2,5,0.208,129.4,spiny_dendrite,0
F3735,40022,1-2,B5,112.5,243.0,20.3,0.477,0.0298,2,2.179,0,4,0.07,120.5,spiny_dendrite,0
F3736,40258,3-5,B2,345.3,551.3,26.5,0.859,0.0219,9,0.817,0,3,0.414,124.3,spiny_dendrite,0
F3737,40355,5-2,B4,547.1,295.2,7.8,0.354,0.1166,2,0.464,0,7,0.017,124.0,smooth_dendrite,0
F3738,40206,6-1,B4,608.1,184.6,24.1,1.074,0.0129,3,1.623,3,1,0.039,124.3,axon,0
F3739,40456,0-3,B5,44.4,373.9,7.6,0.93,0.0121,2,0.435,6,1,0.078,118.2,axon,0
F3740,40479,4-7,B3,416.2,745.5,11.7,0.421,0.0129,1,1.875,5,2,0.061,124.1,axon,0
F3741,40048,3-2,B4,347.2,248.4,33.6,1.066,0.0599,3,1.068,1,3,0.152,118.6,spiny_dendrite,0
F3742,40251,5-2,B1,520.8,239.7,24.2,0.924,0.0459,2,2.762,0,7,0.352,123.5,spiny_dendrite,0
F3743,40306,3-3,B3,313.8,335.7,47.7,0.161,0.0382,3,0.373,7,1,0.032,101.5,axon,0
F3744,40420,5-7,B2,580.6,768.5,16.7,1.483,0.0818,4,0.468,1,7,0.133,126.2,smooth_dendrite,0
F3745,40326,7-2,B4,785.4,283.9,40.5,0.356,0.0988,19,0.402,3,15,0.097,121.4,merged_object,1
F3746,40408,4-2,B2,460.4,206.7,18.1,0.607,0.1141,4,0.843,0,8,0.053,135.9,smooth_dendrite,0
F3747,40056,5-3,B5,598.5,352.4,30.7,0.616,0.0252,1,0.604,1,2,0.094,115.2,axon,0
F3748,40319,0-7,B3,83.3,796.4,37.4,0.594,0.0047,2,1.221,2,1,0.117,122.4,axon,0
F3749,40238,3-7,B6,301.8,799.3,36.7,0.516,0.0415,3,0.595,2,2,0.039,139.5,axon,0
F3750,40324,5-5,B2,565.1,584.4,34.2,0.188,0.0368,3,1.604,2,1,0.038,115.9,axon,0
F3751,40418,2-4,B3,217.5,452.8,27.0,0.675,0.0678,3,4.053,1,2,0.106,123.1,smooth_dendrite,0
F3752,40448,4-0,B4,487.8,17.5,54.7,0.655,0.0511,7,1.311,0,6,0.093,128.4,smooth_dendrite,1
F3753,40031,3-1,B4,331.5,127.6,7.0,0.341,0.0162,5,0.554,1,2,0.256,128.9,axon,0
F3754,40447,2-2,B6,206.1,251.1,51.6,0.413,0.0185,3,1.02,5,1,0.051,112.5,axon,1
F3755,40393,1-3,B6,119.0,305.2,40.9,0.555,0.0206,3,2.194,2,4,0.065,150.2,axon,0
F3756,40453,4-2,B4,444.1,214.3,18.8,0.31,0.0083,4,1.33,0,7,0.149,131.2,smooth_dendrite,0
F3757,40308,6-2,B2,680.4,204.5,17.5,1.337,0.0466,5,1.1,0,1,0.111,121.6,spiny_dendrite,0
F3758,40522,2-3,B1,227.6,350.6,63.1,0.393,0.0664,2,4.537,0,1,0.07,121.2,glia_process,0
F3759,40085,5-0,B4,575.7,50.5,53.0,0.778,0.0105,17,2.04,5,1,0.111,122.7,axon,0
F3760,40023,5-7,B4,585.2,763.3,24.4,0.201,0.0065,1,1.769,1,2,0.019,119.5,axon,0
F3761,40425,6-3,B2,647.1,311.0,35.4,0.603,0.0961,2,1.34,0,1,0.044,98.8,smooth_dendrite,0
F3762,40270,2-2,B3,247.4,215.4,14.5,0.88,0.0104,5,0.291,1,13,0.128,105.2,spiny_dendrite,0
F3763,40220,5-3,B5,546.6,305.2,22.1,1.086,0.1176,3,0.911,0,3,0.084,121.2,spiny_dendrite,1
F3764,40159,5-2,B2,588.2,236.3,25.1,0.14,0.0296,13,1.178,1,15,0.198,125.7,spiny_dendrite,0
F3765,40444,4-4,B2,442.8,416.6,23.7,0.467,0.0776,1,4.126,1,5,0.087,133.6,smooth_dendrite,0
F3766,40016,3-3,B5,385.1,368.0,19.4,1.306,0.0589,5,1.242,1,0,0.047,106.8,axon,0
F3767,40278,7-6,B4,724.9,625.2,81.6,0.449,0.0262,2,2.113,4,1,0.05,114.2,axon,0
F3768,40402,5-4,B6,555.1,463.1,55.2,0.264,0.0162,1,1.427,2,1,0.034,125.7,axon,1
F3769,40059,2-5,B1,247.0,561.1,9.3,1.001,0.1298,3,1.592,1,2,0.249,116.4,spiny_dendrite,0
F3770,40593,2-4,B2,276.0,447.6,12.5,0.39,0.0691,10,4.401,0,1,0.067,126.7,glia_process,0
F3771,40411,0-2,B4,5.7,277.6,22.8,0.293,0.0318,4,0.915,1,8,0.056,129.3,smooth_dendrite,0
F3772,40299,3-2,B1,390.5,213.5,38.9,0.89,0.0609,8,1.506,1,6,0.086,119.9,spiny_dendrite,0
F3773,40458,7-3,B3,718.3,389.5,18.9,1.22,0.064,1,2.112,1,2,0.256,114.4,smooth_dendrite,0
F3774,40210,5-4,B4,510.9,416.7,59.9,0.328,0.0208,1,2.175,3,0,0.047,121.2,axon,0
F3775,40271,2-5,B2,292.9,595.3,46.2,1.19,0.0305,2,0.861,0,6,0.065,115.6,spiny_dendrite,0
F3776,40482,3-1,B3,355.4,176.5,66.5,0.377,0.0378,1,0.993,0,9,0.079,129.5,smooth_dendrite,0
F3777,40494,3-7,B1,312.1,736.2,105.3,0.43,0.0678,4,1.618,0,2,0.115,142.3,smooth_dendrite,1
F3778,40212,7-4,B6,720.3,404.8,15.4,0.199,0.0347,6,0.706,6,3,0.128,125.1,axon,0
F3779,40534,2-7,B4,262.0,721.1,18.7,0.26,0.0577,5,1.198,0,0,0.005,128.9,glia_process,0
F3780,40130,4-1,B3,496.4,189.0,106.1,1.826,0.1632,2,0.821,2,4,0.048,113.3,merged_object,1
F3781,40442,0-3,B5,97.2,399.9,40.0,0.715,0.1148,13,2.397,3,2,0.133,116.7,merged_object,1
F3782,40412,5-6,B4,525.4,694.7,27.7,0.641,0.0538,3,0.719,0,15,0.279,125.5,smooth_dendrite,0
F3783,40435,5-4,B1,525.0,436.5,134.6,0.731,0.0117,8,0.616,1,3,0.154,128.3,smooth_dendrite,0
F3784,40384,5-4,B4,595.6,423.8,39.9,0.477,0.0308,3,0.453,4,1,0.074,124.1,axon,0
F3785,40419,0-1,B2,57.1,117.0,15.5,0.673,0.0993,1,2.75,0,2,0.183,140.0,smooth_dendrite,0
F3786,40161,3-0,B4,389.2,67.1,57.2,0.181,0.0438,1,1.84,0,5,0.049,124.1,spiny_dendrite,0
F3787,40369,1-5,B2,177.4,554.2,36.2,0.907,0.0184,1,2.328,3,1,0.132,110.6,axon,0
F3788,40357,6-0,B1,672.2,60.2,48.2,0.211,0.0268,3,2.125,2,0,0.034,111.8,axon,1
F3789,40136,4-7,B1,476.6,773.0,30.7,0.785,0.036,6,0.717,4,0,0.158,118.6,axon,0
F3790,40231,0-4,B6,9.3,466.6,21.2,0.236,0.0185,1,1.944,3,1,0.042,121.0,axon,0
F3791,40405,0-3,B5,45.9,337.1,96.1,0.26,0.0286,5,0.287,5,1,0.299,111.9,axon,0
F3792,40029,3-3,B2,341.0,352.0,51.4,0.275,0.0494,3,0.286,0,9,0.117,115.5,spiny_dendrite,0
F3793,40301,0-5,B2,12.7,573.8,15.9,0.253,0.0727,2,0.532,1,2,0.102,100.4,axon,1
F3794,40456,0-3,B5,25.2,359.9,29.0,0.702,0.005,4,0.56,3,1,0.15,119.5,axon,0
F3795,40342,5-6,B2,520.3,614.1,39.7,0.517,0.0495,3,1.779,2,1,0.214,135.8,axon,0
F3796,40125,7-5,B4,737.6,521.6,47.7,0.757,0.0655,1,0.689,1,6,0.155,118.3,spiny_dendrite,0
F3797,40503,2-2,B6,252.6,286.2,27.4,1.341,0.126,1,1.552,0,0,0.061,106.9,glia_process,0
F3798,40339,5-2,B2,525.0,249.3,139.0,0.817,0.0439,9,0.377,0,4,0.139,109.3,smooth_dendrite,0
F3799,40551,6-5,B2,620.1,570.6,29.6,0.561,0.0271,8,1.847,1,0,0.035,128.5,glia_process,1
F3800,40281,0-7,B2,97.9,747.2,25.7,0.371,0.0269,3,0.76,4,0,0.038,128.1,axon,0
F3801,40122,1-0,B4,172.9,23.4,58.1,0.2,0.0229,4,2.275,3,2,0.09,123.5,axon,0
F3802,40381,2-7,B3,211.4,737.7,125.9,0.451,0.0062,4,0.267,6,1,0.105,129.9,axon,0
F3803,40106,1-2,B4,112.5,264.1,19.7,0.421,0.0227,2,2.668,3,1,0.221,120.3,axon,1
F3804,40081,5-1,B3,593.1,166.8,69.8,0.285,0.0506,1,1.265,2,2,0.118,74.4,axon,0
F3805,40421,1-0,B4,133.5,80.8,35.2,0.248,0.0188,1,0.854,2,2,0.048,125.6,axon,0
F3806,40373,5-5,B3,568.0,518.8,32.8,0.26,0.024,1,1.025,1,0,0.085,106.6,axon,0
F3807,40356,3-3,B1,335.6,352.2,24.0,0.431,0.0214,1,2.475,1,2,0.091,111.8,axon,0
F3808,40258,3-5,B2,334.7,552.1,25.9,1.226,0.021,8,1.043,1,4,0.195,126.4,spiny_dendrite,0
F3809,40481,2-7,B3,243.0,709.3,63.5,0.115,0.0102,6,2.079,2,0,0.114,133.9,axon,0
F3810,40036,5-1,B1,508.2,199.2,51.1,1.305,0.0181,1,1.238,3,1,0.183,79.9,axon,0
F3811,40319,0-7,B3,94.3,706.6,47.5,0.821,0.0167,2,0.535,0,4,0.233,120.5,spiny_dendrite,0
F3812,40562,4-4,B1,406.9,492.2,28.9,0.735,0.0485,6,1.594,0,1,0.013,138.5,glia_process,0
F3813,40509,5-6,B1,535.1,685.4,33.3,0.778,0.0528,3,2.944,0,0,0.051,126.7,glia_process,0
F3814,40520,7-1,B5,762.6,143.1,26.7,0.239,0.1561,4,1.025,0,0,0.028,105.2,glia_process,1
F3815,40479,4-7,B3,490.0,773.1,19.1,0.425,0.0588,2,3.689,0,6,0.156,125.9,smooth_dendrite,0
F3816,40135,2-1,B3,220.4,129.9,76.8,0.837,0.0152,6,3.525,1,4,0.062,122.0,spiny_dendrite,0
F3817,40598,2-3,B4,290.2,380.3,11.5,0.056,0.0237,3,0.667,0,0,0.022,120.0,glia_process,1
F3818,40598,2-3,B4,228.7,321.0,21.5,0.117,0.038,3,0.402,0,1,0.027,119.0,glia_process,0
F3819,40237,4-4,B6,479.5,479.0,34.0,0.245,0.0267,3,1.068,6,0,0.043,130.3,axon,1
F3820,40169,6-7,B3,600.5,736.8,34.6,0.405,0.0388,3,2.964,0,11,0.113,124.8,spiny_dendrite,0
F3821,40232,4-5,B2,414.0,555.4,56.4,1.197,0.0226,5,0.899,0,7,0.237,130.5,spiny_dendrite,1
F3822,40545,6-6,B2,613.8,629.4,12.5,0.26,0.0737,3,1.573,0,0,0.013,122.1,glia_process,0
F3823,40232,4-5,B2,426.2,575.7,48.8,0.703,0.0319,5,0.91,0,3,0.254,124.8,spiny_dendrite,0
F3824,40582,5-7,B3,525.1,728.0,36.7,1.302,0.8684,14,0.945,5,3,0.078,129.7,merged_object,1
F3825,40114,4-0,B2,462.8,33.6,27.1,1.203,0.0562,2,2.826,1,7,0.063,130.1,spiny_dendrite,0
F3826,40397,0-2,B1,8.9,295.9,19.8,1.642,0.0196,3,3.589,0,2,0.213,129.3,smooth_dendrite,0
F3827,40258,3-5,B2,349.9,533.7,25.3,0.945,0.0301,7,0.819,0,4,0.521,125.0,spiny_dendrite,0
F3828,40108,2-1,B5,214.4,145.6,14.7,0.376,0.1348,2,2.059,0,2,0.048,125.6,spiny_dendrite,0
F3829,40592,1-7,B6,197.3,729.5,22.8,0.655,0.1605,2,0.737,1,1,0.032,116.9,glia_process,0
F3830,40359,2-4,B1,252.4,478.1,20.9,0.266,0.0091,2,1.369,3,1,0.071,122.0,axon,0
F3831,40183,6-4,B5,601.4,400.8,41.6,0.272,0.0396,6,3.219,0,4,0.351,121.4,spiny_dendrite,1
F3832,40349,1-6,B3,103.4,625.1,67.9,0.355,0.0137,2,1.773,3,5,0.039,127.4,axon,0
F3833,40214,1-5,B6,199.0,581.2,37.9,0.56,0.0133,6,0.577,3,1,0.298,105.9,axon,0
F3834,40588,2-5,B6,249.8,544.0,51.7,0.222,0.0768,10,0.394,1,0,0.03,106.9,glia_process,1
F3835,40584,6-0,B1,694.6,73.2,24.1,0.78,0.0412,4,2.078,0,1,0.05,112.1,glia_process,1
F3836,40253,3-1,B1,320.6,155.2,20.8,0.369,0.0585,5,2.57,1,5,0.11,128.8,merged_object,1
F3837,40535,7-4,B3,721.0,492.2,54.6,0.473,0.1012,1,1.755,1,1,0.098,126.9,glia_process,0
F3838,40240,5-7,B3,574.6,748.0,9.3,0.763,0.0602,2,1.718,0,3,0.214,128.6,spiny_dendrite,0
F3839,40464,6-6,B6,600.3,683.2,28.8,0.121,0.0711,6,0.489,2,1,0.101,129.7,axon,1
F3840,40097,7-1,B3,753.9,111.5,57.8,0.502,0.0824,3,2.911,1,2,0.067,98.1,spiny_dendrite,0
F3841,40592,1-7,B6,150.1,795.8,25.3,0.661,0.0519,2,1.283,1,1,0.047,118.0,glia_process,0
F3842,40183,6-4,B5,667.4,406.8,26.2,0.329,0.033,8,4.167,0,8,0.15,117.1,spiny_dendrite,0
F3843,40477,1-0,B3,156.3,7.1,15.9,0.409,0.0585,5,1.59,1,3,0.104,114.8,smooth_dendrite,1
F3844,40492,0-3,B6,66.8,347.6,29.0,0.522,0.0751,8,1.211,0,4,0.075,117.7,smooth_dendrite,0
F3845,40172,3-5,B2,372.1,552.9,114.2,0.468,0.0232,3,0.974,1,3,0.035,124.9,spiny_dendrite,0
F3846,40186,7-6,B5,757.6,602.7,29.7,0.183,0.0206,1,3.511,8,1,0.057,110.0,axon,0
F3847,40137,7-5,B6,735.4,512.5,16.5,0.352,0.0087,4,3.921,4,0,0.056,115.8,axon,0
F3848,40153,3-0,B5,348.7,11.3,6.8,0.378,0.0378,2,0.96,0,4,0.183,115.2,spiny_dendrite,0
F3849,40564,7-1,B2,742.6,192.8,6.7,0.137,0.1011,2,0.459,1,0,0.031,100.2,glia_process,0
F3850,40233,6-7,B3,683.1,726.2,38.1,0.609,0.0276,2,1.944,9,2,0.114,128.2,axon,0
F3851,40359,2-4,B1,282.7,423.4,25.8,0.219,0.0111,2,1.545,2,1,0.067,122.5,axon,0
F3852,40067,6-1,B5,625.6,147.0,60.8,0.445,0.0803,1,0.456,1,5,0.224,111.3,spiny_dendrite,0
F3853,40274,6-4,B6,686.3,400.2,20.2,0.709,0.1128,4,0.737,0,7,0.189,115.5,spiny_dendrite,0
F3854,40579,7-7,B5,782.8,718.4,24.7,0.765,0.3021,1,0.631,0,0,0.017,125.1,glia_process,0
F3855,40289,6-4,B1,628.8,449.4,20.5,0.942,0.0105,3,1.106,2,1,0.074,108.5,axon,0
F3856,40086,4-0,B4,458.3,26.0,45.3,0.941,0.0205,3,2.297,0,4,0.152,118.4,spiny_dendrite,0
F3857,40113,4-7,B1,444.5,797.3,27.0,0.611,0.154,5,1.124,0,3,0.05,121.3,spiny_dendrite,0
F3858,40229,5-6,B5,550.2,654.4,27.4,0.902,0.0124,4,0.598,0,6,0.094,134.2,spiny_dendrite,0
F3859,40477,1-0,B3,124.1,56.1,14.3,0.805,0.0762,5,1.965,1,4,0.11,116.5,smooth_dendrite,0
F3860,40159,5-2,B2,544.1,285.4,24.9,0.135,0.0209,13,1.429,4,1,0.116,123.7,axon,0
F3861,40417,7-6,B2,774.4,608.0,15.1,0.34,0.0809,6,0.282,0,3,0.184,108.0,smooth_dendrite,0
F3862,40041,2-5,B1,263.8,551.4,36.8,1.397,0.3189,19,1.835,2,6,0.075,116.6,merged_object,1
F3863,40482,3-1,B3,368.7,134.9,35.3,0.5,0.0312,1,1.19,0,8,0.079,129.4,smooth_dendrite,1
F3864,40436,6-2,B1,604.1,275.3,42.3,0.174,0.0311,8,3.405,1,3,0.137,127.8,smooth_dendrite,0
F3865,40343,4-4,B4,426.0,470.2,22.5,0.281,0.0545,3,2.154,0,3,0.047,131.0,smooth_dendrite,0
F3866,40124,1-4,B3,188.0,486.7,26.9,0.508,0.0501,3,0.57,10,1,0.251,123.8,axon,1
F3867,40463,5-5,B3,516.7,513.4,43.5,0.472,0.0389,4,1.673,0,2,0.174,113.8,smooth_dendrite,1
F3868,40534,2-7,B4,270.6,717.3,18.7,0.337,0.0688,8,2.03,0,0,0.007,129.6,glia_process,0
F3869,40317,1-2,B2,194.8,273.7,58.3,0.607,0.1386,5,0.838,1,4,0.063,116.7,spiny_dendrite,0
F3870,40014,7-7,B4,728.3,798.9,50.9,1.012,0.1012,1,4.093,0,3,0.131,128.3,spiny_dendrite,1
F3871,40092,6-2,B6,637.4,261.3,20.4,1.129,0.0225,2,1.075,2,1,0.06,107.8,axon,0
F3872,40536,1-3,B3,172.0,317.4,26.8,0.346,0.0304,8,0.842,0,1,0.1,148.8,glia_process,0
F3873,40307,3-0,B3,303.1,3.6,100.1,0.227,0.0618,2,0.413,6,0,0.055,121.2,axon,0
F3874,40134,2-3,B2,239.4,353.5,37.6,1.385,0.0547,3,1.229,1,10,0.024,122.2,spiny_dendrite,0
F3875,40185,0-1,B1,14.0,160.2,38.6,0.872,0.008,7,1.303,3,1,0.049,135.1,axon,0
F3876,40143,2-7,B3,291.2,749.8,69.7,0.322,0.0714,3,1.394,0,3,0.151,128.6,spiny_dendrite,0
F3877,40480,7-6,B1,794.5,672.2,49.7,2.706,0.0329,3,1.025,0,3,0.511,112.9,merged_object,1
F3878,40137,7-5,B6,796.4,519.5,27.9,0.191,0.0119,3,2.246,2,1,0.05,118.4,axon,0
F3879,40192,5-3,B6,582.1,375.0,39.5,0.353,0.0101,5,1.705,2,0,0.017,115.9,axon,0
F3880,40023,5-7,B4,543.9,748.6,37.3,0.511,0.0159,2,2.656,0,10,0.029,119.7,spiny_dendrite,0
F3881,40052,7-2,B1,787.3,283.9,18.4,0.186,0.0183,1,1.878,2,1,0.099,118.3,axon,0
F3882,40079,2-4,B1,230.5,422.3,53.7,1.106,0.0431,4,0.924,2,1,0.062,124.5,spiny_dendrite,0
F3883,40404,3-4,B3,376.9,446.3,53.5,0.172,0.0151,3,0.884,6,1,0.051,122.9,axon,1
F3884,40076,7-5,B6,766.0,579.6,75.4,0.503,0.0617,4,0.589,0,13,0.168,117.0,spiny_dendrite,0
F3885,40455,3-0,B5,373.4,47.1,28.0,0.182,0.0405,4,1.017,0,1,0.145,118.7,smooth_dendrite,0
F3886,40243,0-4,B6,14.6,484.2,92.5,0.393,0.0107,1,1.149,3,0,0.254,119.8,axon,0
F3887,40341,1-4,B1,195.9,409.8,30.2,0.295,0.1508,1,0.296,0,1,0.125,115.6,smooth_dendrite,0
F3888,40540,1-0,B2,195.6,79.8,69.4,0.797,0.0573,4,2.408,0,0,0.027,120.1,glia_process,0
F3889,40260,4-6,B5,400.2,678.5,50.3,0.397,0.0793,6,0.785,1,6,0.082,154.8,spiny_dendrite,1
F3890,40125,7-5,B4,742.1,510.7,48.1,0.368,0.0376,2,0.784,7,1,0.08,120.5,axon,1
F3891,40379,4-3,B6,419.3,378.7,41.2,1.121,0.0205,5,1.276,0,7,0.076,116.1,smooth_dendrite,0
F3892,40059,2-5,B1,275.7,520.7,22.8,0.52,0.0234,2,1.133,7,1,0.163,114.5,axon,0
F3893,40204,4-3,B5,453.6,398.7,68.1,1.509,0.0198,1,1.246,0,2,0.075,105.8,spiny_dendrite,0
F3894,40527,5-3,B2,583.8,319.7,15.3,0.372,0.1907,3,0.433,0,0,0.063,115.8,glia_process,0
F3895,40189,1-0,B3,188.5,16.0,25.8,1.143,0.0395,4,1.676,3,1,0.073,116.0,axon,0
F3896,40561,0-5,B6,64.4,589.6,65.2,2.444,0.1454,5,1.198,0,0,0.041,89.2,glia_process,0
F3897,40179,5-6,B2,563.1,689.6,55.1,0.933,0.0364,9,1.138,9,1,0.061,123.6,axon,0
F3898,40350,6-4,B5,689.5,424.3,14.4,1.852,0.0127,1,1.876,0,1,0.078,125.4,smooth_dendrite,0
F3899,40011,7-3,B3,713.2,317.8,32.3,0.068,0.0781,4,0.95,5,0,0.126,114.2,axon,1
F3900,40595,3-7,B1,301.8,744.3,175.8,1.452,0.0537,11,1.129,2,5,0.172,143.0,merged_object,1
F3901,40014,7-7,B4,773.3,700.7,55.2,0.715,0.0315,1,2.328,1,1,0.077,125.4,axon,0
F3902,40351,1-3,B2,119.9,331.3,19.8,0.245,0.0367,2,0.696,1,1,0.205,144.6,smooth_dendrite,0
F3903,40442,0-3,B5,63.5,362.1,42.6,0.251,0.023,3,1.703,5,0,0.116,114.5,axon,0
F3904,40385,2-3,B1,256.3,326.9,9.2,0.397,0.0343,2,1.507,0,6,0.1,128.7,smooth_dendrite,0
F3905,40521,7-0,B5,785.9,19.2,20.2,0.463,0.1173,3,1.568,5,9,0.081,147.2,merged_object,1
F3906,40016,3-3,B5,329.2,344.4,31.3,0.818,0.0482,6,1.664,1,0,0.05,107.2,axon,0
F3907,40459,3-5,B4,331.5,537.3,61.9,0.162,0.0101,3,2.262,5,1,0.04,130.9,axon,1
F3908,40351,1-3,B2,143.5,399.8,26.3,0.226,0.0399,6,0.818,1,3,0.185,145.5,smooth_dendrite,0
F3909,40586,2-0,B6,287.1,86.8,20.0,0.372,0.144,2,0.639,1,0,0.141,127.0,glia_process,1
F3910,40114,4-0,B2,482.3,84.1,37.6,0.944,0.0255,2,2.155,11,1,0.083,132.2,axon,0
F3911,40163,6-2,B2,652.5,225.7,52.0,0.5,0.0161,1,1.061,1,4,0.039,117.7,spiny_dendrite,0
F3912,40417,7-6,B2,780.6,608.7,11.5,0.437,0.0293,3,0.663,2,1,0.081,110.0,axon,0
F3913,40265,0-6,B6,87.1,622.9,33.7,0.476,0.1512,5,0.899,3,1,0.19,128.6,merged_object,1
F3914,40413,3-0,B4,361.7,56.3,47.3,0.985,0.0349,2,2.672,5,0,0.028,122.8,axon,1
F3915,40211,7-2,B4,706.9,233.5,34.0,0.352,0.0295,13,0.528,5,1,0.093,117.0,axon,0
F3916,40303,2-7,B2,237.8,758.2,13.3,0.164,0.0207,2,2.391,2,1,0.22,130.1,axon,0
F3917,40117,6-3,B5,677.7,395.6,44.1,0.661,0.03,2,2.37,3,2,0.106,96.5,axon,1
F3918,40530,4-7,B5,461.2,754.4,30.5,0.263,0.075,4,1.239,0,1,0.011,128.2,glia_process,1
F3919,40307,3-0,B3,324.0,43.6,64.6,0.803,0.2482,4,0.389,1,2,0.086,122.1,spiny_dendrite,0
F3920,40524,0-1,B4,84.2,158.9,24.5,0.282,0.0892,2,4.691,0,0,0.024,139.8,glia_process,0
F3921,40088,4-6,B5,424.5,651.6,9.8,0.812,0.0817,3,0.392,1,3,0.09,141.9,spiny_dendrite,1
F3922,40190,2-5,B6,245.1,555.1,22.5,0.343,0.0262,1,2.988,2,2,0.029,116.7,axon,1
F3923,40264,0-3,B5,65.4,323.5,23.5,3.479,0.1581,3,0.359,1,5,0.102,112.0,spiny_dendrite,0
F3924,40308,6-2,B2,666.4,240.2,12.9,1.376,0.0528,3,1.076,0,2,0.084,118.9,spiny_dendrite,0
F3925,40222,4-3,B6,409.8,396.0,37.3,1.587,0.0419,4,0.457,0,2,0.046,108.7,spiny_dendrite,1
F3926,40266,5-1,B3,515.4,151.9,73.4,1.229,0.0764,8,0.639,5,5,0.291,73.0,merged_object,1
F3927,40515,6-2,B4,615.1,255.4,17.6,0.511,0.0546,3,1.644,1,1,0.021,128.5,glia_process,0
F3928,40508,1-2,B1,159.0,241.5,21.0,0.272,0.0891,5,2.393,0,1,0.09,113.2,glia_process,0
F3929,40074,1-0,B1,127.5,60.8,33.1,0.649,0.019,2,0.604,3,1,0.146,113.2,axon,0
F3930,40215,2-3,B2,215.2,312.0,72.1,1.028,0.0715,4,0.372,0,5,0.172,124.7,spiny_dendrite,1
F3931,40468,3-7,B1,360.6,742.3,157.4,0.28,0.0231,2,1.977,0,3,0.351,135.9,smooth_dendrite,0
F3932,40331,0-1,B5,7.9,153.8,79.7,0.379,0.0518,4,0.424,0,9,0.045,140.0,smooth_dendrite,1
F3933,40409,6-7,B5,651.7,762.0,40.6,0.28,0.0557,2,0.472,1,2,0.073,133.3,smooth_dendrite,0
F3934,40338,4-2,B4,422.3,226.1,14.5,0.085,0.0449,2,0.558,5,1,0.089,133.3,axon,1
F3935,40266,5-1,B3,576.4,166.4,43.8,0.632,0.0437,4,0.617,10,2,0.16,73.7,axon,0
F3936,40547,0-4,B5,92.6,455.6,22.8,0.569,0.1267,4,2.288,0,1,0.022,129.2,glia_process,1
F3937,40434,1-5,B6,125.4,534.3,19.4,0.24,0.0121,1,2.1,3,2,0.044,108.8,axon,1
F3938,40272,6-6,B4,610.9,647.8,16.4,0.167,0.0125,3,3.544,2,1,0.053,124.2,axon,0
F3939,40284,4-7,B3,458.0,715.4,15.4,0.43,0.0424,1,2.274,1,11,0.27,129.9,spiny_dendrite,0
F3940,40490,2-4,B1,247.0,442.6,24.4,1.687,0.052,3,1.187,0,3,0.128,116.4,smooth_dendrite,0
F3941,40107,7-3,B5,761.5,300.2,46.6,0.603,0.011,2,1.208,1,5,0.321,121.6,spiny_dendrite,0
F3942,40440,6-3,B2,639.9,398.3,8.9,0.145,0.0969,6,1.29,1,5,0.531,102.6,smooth_dendrite,0
F3943,40124,1-4,B3,127.1,406.3,38.5,0.378,0.0466,3,0.734,7,1,0.249,121.9,axon,1
F3944,40305,5-7,B5,504.4,787.6,18.7,0.578,0.012,5,0.976,4,1,0.139,134.5,axon,0
F3945,40342,5-6,B2,515.4,646.0,23.4,0.723,0.0347,2,2.794,2,3,0.126,136.9,axon,1
F3946,40416,6-7,B1,652.6,784.4,83.3,3.093,0.0635,4,0.681,0,1,0.052,132.9,smooth_dendrite,0
F3947,40057,0-1,B6,79.9,134.4,70.1,0.45,0.0424,3,3.606,0,5,0.225,141.0,spiny_dendrite,0
F3948,40167,3-5,B2,381.0,581.3,23.7,0.792,0.0401,9,0.895,0,4,0.205,133.8,spiny_dendrite,1
F3949,40016,3-3,B5,302.2,383.5,13.9,0.925,0.1044,7,1.372,0,4,0.08,107.9,spiny_dendrite,0
F3950,40468,3-7,B1,398.5,700.1,159.0,0.283,0.0118,2,2.445,1,1,0.195,135.0,axon,0
F3951,40449,5-1,B1,520.8,123.2,28.1,0.71,0.0265,2,0.904,5,1,0.42,79.2,axon,0
F3952,40479,4-7,B3,428.5,733.6,44.9,0.394,0.0198,1,5.743,4,2,0.109,124.1,axon,1
F3953,40278,7-6,B4,758.4,691.3,74.0,0.282,0.042,1,2.13,2,1,0.042,113.1,axon,0
F3954,40579,7-7,B5,770.7,722.8,34.8,0.709,0.1288,2,0.955,1,0,0.015,125.8,glia_process,0
F3955,40257,7-0,B2,782.9,97.5,27.9,0.861,0.0264,1,0.872,2,2,0.047,148.5,axon,0
F3956,40350,6-4,B5,646.4,407.5,19.1,1.335,0.0059,1,1.667,1,0,0.07,125.9,axon,1
F3957,40119,7-0,B6,712.0,64.3,31.2,0.63,0.0816,4,3.559,1,6,0.098,146.3,spiny_dendrite,0
F3958,40039,0-6,B1,65.2,610.5,51.5,0.411,0.1707,3,1.729,0,4,0.1,123.0,merged_object,1
F3959,40422,3-2,B1,342.9,299.8,39.1,0.393,0.0526,3,0.865,1,2,0.27,117.1,smooth_dendrite,1
F3960,40156,6-1,B2,669.8,169.6,27.8,0.218,0.0584,10,0.527,2,4,0.139,120.6,spiny_dendrite,1
F3961,40406,6-6,B5,659.3,667.4,63.6,0.117,0.0394,0,0.945,2,1,0.096,122.9,axon,0
F3962,40416,6-7,B1,687.3,749.1,51.7,1.16,0.0514,4,0.603,1,1,0.039,130.9,smooth_dendrite,0
F3963,40282,6-0,B4,698.2,26.4,98.8,0.386,0.0825,6,3.167,1,7,0.061,106.9,spiny_dendrite,0
F3964,40101,2-2,B3,207.2,231.5,24.8,0.283,0.0078,3,0.74,1,2,0.026,115.1,axon,0
F3965,40204,4-3,B5,434.7,358.8,102.2,0.455,0.0064,2,1.349,5,0,0.041,106.6,axon,0
F3966,40438,7-5,B5,759.4,571.0,23.2,0.771,0.0168,1,0.683,0,1,0.048,111.5,smooth_dendrite,0
F3967,40600,1-6,B3,129.6,626.0,6.2,0.638,0.0473,2,1.995,0,0,0.057,122.7,glia_process,1
F3968,40433,5-6,B6,557.2,650.4,57.0,0.75,0.0383,3,1.636,0,3,0.199,125.5,smooth_dendrite,0
F3969,40487,0-2,B2,27.8,266.1,14.1,2.082,0.0481,1,1.014,0,3,0.391,128.2,smooth_dendrite,0
F3970,40136,4-7,B1,426.6,792.2,28.9,0.617,0.0227,4,1.481,5,1,0.183,119.3,axon,0
F3971,40382,6-0,B1,699.5,36.8,41.3,0.649,0.0269,2,2.012,1,5,0.284,111.4,smooth_dendrite,0
F3972,40256,3-0,B3,365.4,69.9,82.8,0.362,0.007,8,2.31,2,0,0.037,112.3,axon,0
F3973,40074,1-0,B1,127.6,93.7,42.5,1.539,0.0208,2,0.566,0,2,0.119,117.8,spiny_dendrite,0
F3974,40128,0-0,B2,56.6,76.9,70.9,0.262,0.1041,3,0.83,1,9,0.425,125.1,spiny_dendrite,0
F3975,40276,4-3,B5,454.4,321.9,130.4,0.598,0.0151,7,1.782,2,3,0.155,113.7,axon,1
F3976,40238,3-7,B6,300.7,757.2,27.6,0.369,0.0561,5,0.496,0,14,0.07,138.2,spiny_dendrite,0
F3977,40168,3-2,B3,381.0,292.5,64.4,0.662,0.0232,4,0.765,2,1,0.025,123.3,spiny_dendrite,0
F3978,40025,5-2,B1,522.9,224.4,43.5,0.102,0.0227,2,0.679,6,3,0.044,118.9,axon,0
F3979,40539,0-2,B5,20.8,230.9,9.7,0.155,0.0618,4,0.401,0,0,0.06,124.7,glia_process,0
F3980,40155,4-7,B5,452.0,759.5,36.5,0.391,0.0679,2,2.361,1,3,0.037,118.3,spiny_dendrite,0
F3981,40497,7-1,B2,707.5,138.1,31.0,0.33,0.0747,14,1.488,2,5,0.075,98.5,merged_object,1
F3982,40448,4-0,B4,442.9,6.0,27.7,0.29,0.0352,13,2.02,2,1,0.06,128.0,axon,0
F3983,40305,5-7,B5,513.3,736.9,25.2,0.563,0.0128,3,1.587,3,1,0.058,134.5,axon,0
F3984,40041,2-5,B1,250.0,555.0,26.4,1.447,0.1752,6,1.859,0,5,0.071,118.2,spiny_dendrite,0
F3985,40228,4-6,B3,476.6,690.3,76.4,1.26,0.018,9,2.943,4,1,0.184,144.4,axon,1
F3986,40163,6-2,B2,610.8,277.2,22.7,0.229,0.0084,1,2.751,7,1,0.043,119.8,axon,0
F3987,40534,2-7,B4,245.1,724.3,8.2,0.295,0.0924,4,1.121,0,0,0.007,130.2,glia_process,0
F3988,40086,4-0,B4,455.5,75.4,41.1,1.199,0.0518,4,2.047,0,5,0.369,119.1,spiny_dendrite,0
F3989,40121,6-1,B6,655.7,166.8,17.9,0.185,0.1041,10,0.654,0,3,0.095,109.9,spiny_dendrite,0
F3990,40519,1-3,B6,132.0,393.4,46.2,0.419,0.056,4,2.418,0,0,0.04,151.2,glia_process,1
F3991,40191,5-5,B5,541.8,566.0,47.8,0.549,0.0636,1,4.92,7,1,0.118,118.7,axon,0
F3992,40274,6-4,B6,602.9,490.7,23.4,1.209,0.1357,5,1.818,0,6,0.142,109.8,spiny_dendrite,0
F3993,40387,3-4,B4,390.7,483.3,43.7,0.607,0.0828,3,0.607,0,3,0.172,124.6,smooth_dendrite,1
F3994,40043,2-1,B2,255.5,138.7,45.5,0.768,0.0283,1,2.182,8,3,0.07,122.5,axon,1
F3995,40416,6-7,B1,602.9,748.9,41.4,1.896,0.0631,5,0.95,1,1,0.032,133.2,smooth_dendrite,0
F3996,40117,6-3,B5,654.3,363.8,13.9,1.622,0.099,3,1.399,0,14,0.102,94.9,spiny_dendrite,0
F3997,40476,3-3,B3,375.7,346.9,20.3,0.25,0.0164,2,0.648,8,1,0.108,112.4,axon,0
F3998,40291,3-6,B3,308.1,641.4,46.2,0.35,0.0893,9,1.377,4,1,0.079,141.9,axon,0
F3999,40170,1-0,B3,143.6,42.3,69.8,0.263,0.0178,5,0.558,4,1,0.039,110.8,axon,0
F4000,40316,1-4,B5,175.5,416.1,42.4,0.427,0.0343,8,0.755,1,4,0.096,118.5,spiny_dendrite,0
